group,subject,speed_bin,mean_speed,model_index,diagonal_dominance,self_gain,cross_gain,fore_hind_coupling,left_right_coupling
Cntnap_het,OFT-0366-00,slow,3.5569772413601464,1,1.8022790218606486,0.7920882238947718,0.4394925615219283,0.47853853359631116,0.41279740422567973
Cntnap_het,OFT-0366-00,fast,5.913322054027955,2,2.323000920625316,0.7894469198510747,0.33983926258564195,0.3746708600123581,0.3423655859716351
Cntnap_het,OFT-0366-00,medium,4.720387524680251,3,2.2012754987436103,0.940148663325328,0.4270926850646013,0.45376567209587265,0.4204008410673664
Cntnap_het,OFT-0371-00,fast,5.098992039646725,4,1.8723803682174465,0.8702569259407353,0.46478639741840594,0.4996661560642841,0.4567398216051967
Cntnap_het,OFT-0371-00,medium,4.024962798169464,5,1.6932823322629111,0.9595780184048881,0.5666970003298287,0.5954483884363391,0.5530849419030706
Cntnap_het,OFT-0371-00,slow,3.1711303647870133,6,1.8402374484810942,0.848178047308813,0.46090685091148814,0.5135588775925155,0.4539245263609576
Cntnap_het,OFT-0376-00,fast,5.204279806465986,7,1.9506150978673402,0.8469149334918535,0.43417839553164966,0.46263837837875166,0.430645282322322
Cntnap_het,OFT-0376-00,slow,3.339187654518954,8,1.6026626954774963,0.8298474783450598,0.5177929708395786,0.5301647477510966,0.4932357841645651
Cntnap_het,OFT-0376-00,medium,4.039729611148411,9,1.8664735891259352,0.821555219322418,0.44016439563291665,0.4733340532744579,0.39555787537306686
Cntnap_het,OFT-0385-00,medium,4.235110503765973,10,2.0289960934693028,0.9236773769715869,0.4552386177305183,0.4770353124772251,0.41528035645764116
Cntnap_het,OFT-0385-00,fast,5.631290101739387,11,2.2939869161506916,0.8156790119100815,0.35557265220971285,0.3934575262786967,0.3350149442379198
Cntnap_het,OFT-0385-00,slow,3.3243946429041,12,1.8467939004709324,0.8162239926688641,0.44196810075056403,0.49760002871199593,0.4272193000731973
Cntnap_het,OFT-0391-00,slow,3.93755107980959,13,1.6479832688537905,0.893942402188036,0.542446285155427,0.5799263675002373,0.527785155947446
Cntnap_het,OFT-0391-00,fast,6.38312149685913,14,2.178910758284785,0.8840731385419536,0.40574086624726496,0.4412349268585647,0.3986630522550698
Cntnap_het,OFT-0391-00,medium,5.093760309029038,15,1.948331739906708,0.9087382789351295,0.46641865978051694,0.4946904996068396,0.46429164891028774
Cntnap_het,OFT-0403-00,medium,5.295256598957239,16,2.5180696615578806,0.8893503638436862,0.35318735514785654,0.36865435445792527,0.3397207943856776
Cntnap_het,OFT-0403-00,fast,6.9048632913996855,17,2.4989519398877307,0.9166376216897212,0.36680882375469076,0.3892165739240251,0.37547669249675714
Cntnap_het,OFT-0403-00,slow,3.8337888979884895,18,1.947801090964761,0.7809492949663998,0.4009389349810814,0.42491856595793126,0.38799427302832856
Cntnap_het,OFT-0407-00,fast,6.431405795170391,19,2.1331602977008597,0.8453240203431032,0.39627777680571,0.39685463041778474,0.39965185681541604
Cntnap_het,OFT-0407-00,medium,4.931123002230912,20,2.198557117439374,0.7626858624928535,0.3469029102965231,0.37132138329579,0.3257221218131662
Cntnap_het,OFT-0407-00,slow,3.6194524640806165,21,1.8148689171995045,0.8913506658679349,0.49113776616074506,0.5327705936377349,0.4581739985635913
Cntnap_het,OFT-0419-00,fast,6.15438378537604,22,2.263119041013061,0.8430434745088639,0.37251397705154937,0.3869482440399672,0.3700227675882348
Cntnap_het,OFT-0419-00,slow,3.610904247392094,23,1.9387505995581364,0.8349739123370571,0.4306762883928223,0.4603116052442188,0.3965454313396257
Cntnap_het,OFT-0419-00,medium,4.798318318768427,24,1.7747729705085418,0.9558819304097119,0.5385939195004837,0.5580627617047771,0.5393553411441836
Cntnap_het,OFT-0420-00,medium,5.1145163691582605,25,1.8666568253648104,0.8225354539906593,0.44064631635218054,0.4731733191569162,0.42617577453003636
Cntnap_het,OFT-0420-00,fast,6.260797074478718,26,2.1805213933821754,0.819711107019858,0.3759243589664653,0.39794210546769226,0.3722114580656024
Cntnap_het,OFT-0420-00,slow,3.826474227591128,27,2.0454556684701974,0.8622749981115403,0.4215564342963436,0.4647310662632238,0.37464566708766545
Cntnap_het,OFT-0421-00,slow,3.93695947028603,28,1.8144773162813777,0.8441299373466047,0.46521933879921945,0.5133084804816579,0.4548168311299315
Cntnap_het,OFT-0421-00,fast,6.956761347020027,29,2.0673318404235674,0.7991061153391501,0.38653983831421296,0.3796553039304793,0.38515883223603486
Cntnap_het,OFT-0421-00,medium,5.170442210426303,30,1.8633488617728702,0.8740217554962927,0.4690596449366496,0.49840919731599026,0.4637814096499144
Cntnap_het,OFT-0423-00,slow,4.097935889076577,31,1.957032152653842,0.9006157592784907,0.46019466673411924,0.49513748774271327,0.4592424951467232
Cntnap_het,OFT-0423-00,fast,6.3643241607321075,32,2.079303587926662,0.8737187071941851,0.42019775864735415,0.4532331742090347,0.43291791781312083
Cntnap_het,OFT-0423-00,medium,5.221947514559912,33,1.9256048003845978,0.8774206336104512,0.4556597664459527,0.4936363565967564,0.44566782603289234
Cntnap_het,OFT-0425-00,slow,3.782798184798144,34,1.6372282986648623,0.7461656253892167,0.4557492843225986,0.47178002830157784,0.46923492320700755
Cntnap_het,OFT-0425-00,medium,5.125755498798034,35,2.129299643825481,0.7731831999914629,0.3631162021904859,0.41154268569829655,0.33476342230403155
Cntnap_het,OFT-0425-00,fast,6.519962144661278,36,2.150757455041557,0.9113387666829676,0.42372921435037353,0.47190283250704956,0.37883567657651873
Cntnap_het,OFT-0428-00,slow,4.430128398957388,37,1.9464793693009783,0.908070739164239,0.4665195806777784,0.4977803345154612,0.42135355266499774
Cntnap_het,OFT-0428-00,medium,5.944877764522171,38,2.2326396592191102,0.8525575232182009,0.38186078066730755,0.40985636724679164,0.3604519113648176
Cntnap_het,OFT-0428-00,fast,7.437161332343741,39,2.0783047714523883,0.8091480950051502,0.38933081717350365,0.40266858182095555,0.36715695511514923
Cntnap_het,OFT-0430-00,fast,6.632092121799728,40,2.3782492762031846,0.8807109907494788,0.3703190408011022,0.4024150712556729,0.3382589630717127
Cntnap_het,OFT-0430-00,medium,5.026986921337118,41,2.197094883396912,0.882298095321559,0.40157487143087994,0.4482733531664256,0.3745350283343869
Cntnap_het,OFT-0430-00,slow,3.9111070815308797,42,1.944612885922826,0.9522885154444461,0.48970595759090263,0.5350369174168315,0.4395133101077088
Cntnap_het,OFT-0431-00,medium,4.424980265263586,43,1.8269711891301255,0.9168706697002761,0.5018528344373209,0.5574663614038227,0.48937603280763686
Cntnap_het,OFT-0431-00,slow,3.524328694159909,44,1.8104202076413103,0.829167705478906,0.45799737650916944,0.4806353875487548,0.423764444853997
Cntnap_het,OFT-0431-00,fast,5.743615736948633,45,2.278809891228579,0.8965982168178692,0.3934502041038994,0.4281603709655242,0.39742028213875713
Cntnap_het,OFT-0432-00,fast,5.6210405467231155,46,2.5093570300632977,0.9402812814021546,0.3747100433047729,0.3913147283831633,0.3669351579077992
Cntnap_het,OFT-0432-00,slow,3.572182468493087,47,1.7441330069161152,0.8408619843890838,0.4821088650090121,0.5065251156021575,0.4557809385965858
Cntnap_het,OFT-0432-00,medium,4.513786940438647,48,1.9071778723841109,0.905479154390505,0.4747743603267535,0.5118314190354258,0.4649899841381955
Cntnap_het,OFT-0434-00,medium,4.953600231532177,49,1.9310496296829593,0.8736843729446188,0.4524401442173502,0.48323979068568457,0.42108900937557026
Cntnap_het,OFT-0434-00,fast,6.306725025082445,50,2.3703145522667772,0.9049234488331626,0.3817735700807165,0.4209299234143723,0.37972675923180504
Cntnap_het,OFT-0434-00,slow,3.853572247081635,51,1.9511184683204057,0.904653781098369,0.4636590733914421,0.507270719541183,0.42478972733527676
Cntnap_het,OFT-0436-00,fast,6.004958978671024,52,2.059265281248334,0.7898659800137325,0.3835668901944061,0.41355162923179656,0.36216445004892966
Cntnap_het,OFT-0436-00,slow,3.848251277016427,53,1.6362577992880276,0.6790633446843488,0.41500999718982207,0.4474356556709158,0.3899301421135888
Cntnap_het,OFT-0436-00,medium,4.947163929699946,54,1.8786934763473573,0.8109953580210182,0.43168051000943103,0.46419506657605925,0.3891847641569033
Cntnap_het,OFT-0439-00,fast,5.974850456375612,55,1.6490369767203314,0.7884280368775562,0.4781142254587962,0.47425409975246036,0.47664618725893065
Cntnap_het,OFT-0439-00,slow,3.4915501818672725,56,1.3000209617910363,0.7548491485794386,0.5806438286498738,0.5990511955338871,0.530534385804867
Cntnap_het,OFT-0439-00,medium,4.655769030794689,57,1.559380102218508,0.9591503750929508,0.6150844003513839,0.6483120248754628,0.5910896631095044
Cntnap_het,OFT-0442-00,fast,5.9532459112192875,58,2.307022479067055,0.9195577951727969,0.3985907391525115,0.43654523447992133,0.3678837934032156
Cntnap_het,OFT-0442-00,medium,4.780366457350533,59,1.6844301043417051,0.8840404740860053,0.5248306069853214,0.5803864713311092,0.4786743181596562
Cntnap_het,OFT-0442-00,slow,3.84071768984217,60,1.85868905539614,0.8221389475715078,0.4423219393177556,0.4770606329527819,0.4132029532551869
Cntnap_het,OFT-0443-00,fast,5.469728380248349,61,1.7100639449547952,0.8618532740328713,0.5039889160727578,0.5366231750760345,0.4969891990819686
Cntnap_het,OFT-0443-00,slow,3.316955961436398,62,1.5495105469300088,0.9332282037864802,0.602272895551084,0.6533664145294358,0.5533038738214227
Cntnap_het,OFT-0443-00,medium,4.1812180444374185,63,1.9768003614850298,0.8641479246360096,0.4371447625529756,0.47042686472332473,0.40549424380345933
Cntnap_het,OFT-0444-00,fast,5.906841188241731,64,2.079409271678548,0.9537128978297915,0.4586460735841252,0.48773992578201086,0.455452079070933
Cntnap_het,OFT-0444-00,medium,4.394346820493563,65,1.61244626105654,0.8264506344515602,0.5125446065470959,0.5521977640948159,0.49781725318703984
Cntnap_het,OFT-0444-00,slow,3.5048198949107467,66,1.5207433841230882,0.8122049353758686,0.534084148486507,0.552526629218555,0.5171868168820881
Cntnap_het,OFT-0446-00,fast,6.296518682232021,67,2.2679644022092917,0.9545637985420223,0.42089011521175257,0.45455699894436374,0.4302694009963131
Cntnap_het,OFT-0446-00,medium,4.855388597204951,68,2.235403607799018,0.9535760644609548,0.4265789234364918,0.47040616558219717,0.39495425853590216
Cntnap_het,OFT-0446-00,slow,3.775955744729649,69,1.7397292559953925,0.9054562587243081,0.5204581434748868,0.5598621891175182,0.4940582952651673
Cntnap_het,OFT-0447-00,fast,5.68079539705648,70,1.8745632719754608,0.8116158419760904,0.4329626287411412,0.4631087324258444,0.4362450404944438
Cntnap_het,OFT-0447-00,medium,4.188865910182956,71,1.9136600091083753,0.8341269771980793,0.43588044544376564,0.4592483358912093,0.4050338346653122
Cntnap_het,OFT-0447-00,slow,3.4198335140017027,72,1.5421384835187355,0.7788569030814816,0.5050499105011274,0.5534049369837624,0.43443788252749316
Cntnap_het,OFT-0448-00,fast,5.652551281838583,73,2.119046625568542,0.8274483170870988,0.39048141135879616,0.39705090940092047,0.3788746471146154
Cntnap_het,OFT-0448-00,slow,3.404352953209256,74,1.62819637072923,0.8239166973938199,0.5060302996651488,0.5493525754220729,0.4637237537522017
Cntnap_het,OFT-0448-00,medium,4.4547029833433385,75,1.8564401577983085,0.877569882677424,0.4727164939796389,0.4806818154882325,0.48322079607286905
Cntnap_het,OFT-0450-00,fast,6.257038414365995,76,2.035367182121931,0.6772272359926924,0.3327297609695479,0.34601623144436566,0.325581344547206
Cntnap_het,OFT-0450-00,slow,3.9275720755549632,77,2.2145188807679146,0.9267704315092847,0.4184974170045976,0.44607306977187033,0.4180001346019159
Cntnap_het,OFT-0450-00,medium,4.965929161233841,78,1.8186175067256223,0.8604454243351507,0.47313160747273475,0.5364509896473988,0.4679828629485063
Cntnap_het,OFT-0452-00,fast,6.643743213856514,79,2.0804455261868657,0.9013625264202175,0.4332545673869555,0.4756580390415971,0.3900539998799549
Cntnap_het,OFT-0452-00,slow,3.8218494859733245,80,1.854192078292304,0.7545563929520069,0.40694618523391995,0.43688009376112985,0.38904464885732604
Cntnap_het,OFT-0452-00,medium,4.952767544399643,81,2.3579820233658397,0.9463182059382682,0.4013254539521345,0.4116334793479685,0.3900777293508959
Cntnap_het,OFT-0454-00,medium,4.617704872705976,82,1.9414016062070532,0.6607110956850564,0.34032685126695555,0.3814695500839451,0.29472827278419195
Cntnap_het,OFT-0454-00,slow,3.636402004512568,83,1.7718207473163177,0.8918631684458196,0.5033597048666899,0.5238556827255549,0.4760365801023823
Cntnap_het,OFT-0454-00,fast,5.874069008379256,84,1.7788823716801496,0.7577886016247042,0.4259914054401331,0.4416465137055835,0.3952568753228358
Cntnap_het,OFT-0492-00,slow,3.7307265992224954,85,1.9449726353862362,0.8767513419768983,0.45077824028243535,0.48592320371689035,0.44588293033083826
Cntnap_het,OFT-0492-00,medium,4.6657738375345845,86,1.8531282076025983,0.7216898268647608,0.3894440891374778,0.4340964157862469,0.3711297537092385
Cntnap_het,OFT-0492-00,fast,5.621725455223562,87,2.347617558313957,0.8393973044258618,0.35755283114712744,0.39285839074636175,0.328169625003789
Cntnap_het,OFT-0493-00,slow,4.013606677161986,88,2.0919121587953273,0.8125426001978964,0.38842099405637404,0.4215430839059276,0.3657960429204561
Cntnap_het,OFT-0493-00,fast,6.320744339012983,89,2.4647285608179117,0.8319810947009898,0.33755485611157915,0.3668877687423813,0.3295279910594502
Cntnap_het,OFT-0493-00,medium,5.220266689496695,90,2.0036822380820647,0.8284678245330268,0.4134726598794631,0.43324998552930133,0.4074622355673058
Cntnap_het,OFT-0494-00,slow,3.7115423871588327,91,2.401306113169266,0.8770212871845788,0.3652267748683978,0.37235131180836484,0.37196812565184684
Cntnap_het,OFT-0494-00,medium,4.708198260195809,92,2.0599142040453127,0.8507277465928599,0.41299183476776785,0.45071574134930514,0.4006585432272979
Cntnap_het,OFT-0494-00,fast,5.616294328578502,93,2.3596513357851263,0.8910850016824897,0.3776341818678051,0.38071655005824334,0.372243191707457
Cntnap_het,OFT-0496-00,medium,4.661665949047134,94,2.4770168899671803,0.8283883152800834,0.334429821062326,0.37662790318636263,0.3138520402157359
Cntnap_het,OFT-0496-00,slow,3.5691931826014827,95,2.188582185858506,0.7558668375929121,0.34536826740020793,0.37296813104268756,0.3109367762544296
Cntnap_het,OFT-0496-00,fast,6.266650372470847,96,2.0022632476075315,0.8048726016713226,0.4019814091044474,0.4457033322091303,0.3812750005064298
Cntnap_het,OFT-0498-00,fast,5.559916103383492,97,1.6409497162761737,0.8875881005949585,0.5408990243827657,0.5740599242815767,0.5332976266870735
Cntnap_het,OFT-0498-00,medium,4.471084028509528,98,1.8079125454873053,0.8804785888051535,0.48701392719625664,0.5331556298550597,0.4733907912607841
Cntnap_het,OFT-0498-00,slow,3.570964865331027,99,2.1203044897785475,0.8602609839106037,0.40572520977892784,0.432337245904853,0.39807085178217505
Cntnap_het,OFT-0499-00,fast,6.068400402273875,100,2.1637298907006937,0.8449300324156919,0.3904970005946875,0.41245051827301554,0.3753204051037299
Cntnap_het,OFT-0499-00,medium,4.808631681826403,101,1.8404503628827462,0.8907518157623542,0.48398578615678933,0.5236033896876287,0.4773596769009857
Cntnap_het,OFT-0499-00,slow,3.7874141002322834,102,1.8221377847673614,0.8717659326015061,0.47843030306997747,0.5192295698455699,0.461220897690631
Cntnap_het,OFT-0500-00,fast,6.307146706782342,103,2.282754554590419,0.9157903863516645,0.4011777720517917,0.4467799865559431,0.4056764233661767
Cntnap_het,OFT-0500-00,medium,5.005946983881319,104,1.6103987364813592,0.8491059243121448,0.5272644004722699,0.6075674180006367,0.5000183847358886
Cntnap_het,OFT-0500-00,slow,3.768779938024842,105,1.876059022024407,0.892376903687835,0.47566568706612117,0.5319906025250092,0.425563983060685
Cntnap_het,OFT-0501-00,slow,3.3393931148090323,106,1.7353854493113727,0.895385597987201,0.5159577650846984,0.55459865012799,0.45303185689056064
Cntnap_het,OFT-0501-00,medium,4.114741140817095,107,1.9560002058773476,0.8956759234027013,0.4579119780823097,0.5051672345254334,0.43704556177670917
Cntnap_het,OFT-0501-00,fast,5.485846537917355,108,2.0131512516308185,0.9319760939209796,0.46294390109337397,0.4948949285937282,0.4307986735685258
Cntnap_het,OFT-0502-00,fast,6.2717767159466975,109,2.2842721594303335,0.8456530486842109,0.3702067834574954,0.3810036986990866,0.3593841246354404
Cntnap_het,OFT-0502-00,medium,4.776501720964965,110,2.155617549693506,0.9508144415600006,0.4410867974679418,0.47295930642418843,0.42642324081401217
Cntnap_het,OFT-0502-00,slow,3.6020639699264065,111,2.173087475361438,0.8991154150694787,0.41375021726630384,0.4265687499893793,0.4107326000007665
Cntnap_het,OFT-0503-00,fast,5.520668796664592,112,1.5845509404792073,0.7751224089446758,0.48917481233532295,0.521898036934564,0.4760338267143777
Cntnap_het,OFT-0503-00,slow,3.551612552429299,113,1.9156007913283213,0.6918359636974306,0.36115873768129725,0.38302845002114616,0.3672302244160408
Cntnap_het,OFT-0503-00,medium,4.422941741943769,114,1.988244222939013,0.7637946016089665,0.38415532297130434,0.4269578489186738,0.3578954912487812
Cntnap_het,OFT-0505-00,slow,3.188355484793028,115,1.7670913282946459,0.8731695326740039,0.4941281294819478,0.5245743351909239,0.46249963275366573
Cntnap_het,OFT-0505-00,fast,4.618256062807893,116,1.8446169730657491,0.8517812717188404,0.4617659298142432,0.5043987992385496,0.4483200403297679
Cntnap_het,OFT-0505-00,medium,3.8581821975389805,117,1.7618315333961516,0.8179597025444945,0.4642666946525667,0.5042764466658628,0.4305446411356403
Cntnap_het,OFT-0506-00,medium,4.934429217623476,118,2.232681290644392,0.8892199597460724,0.39827447091180107,0.4373834560963757,0.3881234375444023
Cntnap_het,OFT-0506-00,fast,6.495686099863259,119,2.190701067496559,0.9101854712868985,0.41547680091607403,0.4497602947962086,0.4135261911963113
Cntnap_het,OFT-0506-00,slow,3.710126292841683,120,1.6706702297422031,0.9108221015613016,0.5451836546473018,0.5883442042342112,0.5353455188831275
Cntnap_het,OFT-0507-00,fast,6.664447540033315,121,2.395171268456664,0.9555650985118183,0.39895481007817013,0.42685271052889107,0.3969724150172763
Cntnap_het,OFT-0507-00,slow,3.721413962535689,122,1.7164067745667564,0.88852090740247,0.5176633654494543,0.5957804169143355,0.48471519038213096
Cntnap_het,OFT-0507-00,medium,4.943520289014876,123,2.161234631426938,0.7894690142144583,0.3652861205972891,0.3925558212391088,0.3428209611593035
Cntnap_het,OFT-0508-00,fast,5.200018132908229,124,1.7144069083938247,0.8935539838749367,0.521202976667937,0.574264090181545,0.5076156818765639
Cntnap_het,OFT-0508-00,slow,3.330505507781454,125,1.4258640258672601,0.9259466165596633,0.6493933501102745,0.6820047902694177,0.6399116059196507
Cntnap_het,OFT-0508-00,medium,4.080625279889274,126,1.8747915173412861,0.7473049780186618,0.39860697635246595,0.4269438767252687,0.36209194890050567
Cntnap_het,OFT-0510-00,fast,6.153368899365165,127,1.8118418713830893,0.8489189621161772,0.4685392116852591,0.5217892189990082,0.4597658856883345
Cntnap_het,OFT-0510-00,slow,3.674101590066963,128,2.5576405677411636,0.8048004117334088,0.31466517300520686,0.3303516140581658,0.290333444426973
Cntnap_het,OFT-0510-00,medium,4.483415993659106,129,1.4683183244838638,0.7882273098542719,0.5368231784012815,0.5777533004438483,0.5033813010772346
Cntnap_het,OFT-0511-00,fast,6.098033671111405,130,2.0707878583594366,0.9031045067426873,0.4361163810657862,0.47454322816672556,0.41146978565128906
Cntnap_het,OFT-0511-00,slow,3.739903218590148,131,1.940742083300237,0.8376804919565367,0.4316289625317234,0.4619183911690001,0.4239590702974135
Cntnap_het,OFT-0511-00,medium,4.657266869105758,132,1.7866906932443523,0.9111651667574799,0.5099736458037657,0.5414300189852201,0.49334012201601374
Cntnap_het,OFT-0516-00,slow,3.497914483802131,133,1.8055334005769696,0.8358391988875015,0.4629320059215763,0.5181630534746305,0.424914325915678
Cntnap_het,OFT-0516-00,fast,5.343249350299991,134,2.2908414478911423,0.9354977836488774,0.4083642648032493,0.46083781927611395,0.38710342749571786
Cntnap_het,OFT-0516-00,medium,4.384117119130238,135,1.9355048068863956,0.8805542368006316,0.4549481012228329,0.49702124718215873,0.42771009651003905
Cntnap_het,OFT-0519-00,slow,4.213928534272663,136,2.2039356330217164,0.8814651334833202,0.39995048869679706,0.43599556647709276,0.3850952160089674
Cntnap_het,OFT-0519-00,fast,6.592469722376679,137,2.857877093469058,0.9679391097762762,0.33869165052207867,0.3693737712098588,0.3118754583764156
Cntnap_het,OFT-0519-00,medium,5.445610449479626,138,2.3523996213990626,0.8679006195806179,0.3689426795029171,0.41679390925993587,0.329888136336266
Cntnap_het,OFT-0520-00,medium,4.348777204526172,139,1.7093232608569862,0.8004857072075373,0.46830563038509515,0.5101946579969079,0.44857544012255923
Cntnap_het,OFT-0520-00,fast,5.794946980215848,140,2.0665271080705527,0.9511814763483991,0.4602801834215886,0.5024833881615437,0.444103763762558
Cntnap_het,OFT-0520-00,slow,3.3230365313988277,141,2.288666579669591,0.9108512117647556,0.39798335845680627,0.43270109676008156,0.39485402990554685
Cntnap_het,OFT-0523-00,slow,3.2684838753765337,142,1.5952729895767521,0.8316324507749308,0.5213104316368914,0.5826171677524357,0.492952540176982
Cntnap_het,OFT-0523-00,fast,5.495373611582605,143,1.8605126508665237,0.8877891516001188,0.477174477253157,0.4814046758093984,0.46426019973171695
Cntnap_het,OFT-0523-00,medium,4.250991345883666,144,2.0957488026771554,0.8924981350846515,0.42586121673769056,0.46896034952873367,0.39243086809567546
Cntnap_het,OFT-0529-00,medium,3.9202344515109186,145,1.8040427826560852,0.9393652111383742,0.520700074393663,0.5676617283866182,0.46962031745033617
Cntnap_het,OFT-0529-00,fast,5.030647285185744,146,1.7463572628655406,0.9517589659345109,0.5449967118256208,0.5831888328949257,0.5174010080455582
Cntnap_het,OFT-0529-00,slow,3.2021053640194252,147,1.6336158345862941,0.8346216211072751,0.5109044632385308,0.5556705498297472,0.4725890381670756
Cntnap_het,OFT-0534-00,fast,5.421176026336157,148,1.8549026793981893,0.8852428421228156,0.47724489912863066,0.5262696022365252,0.44303218252794563
Cntnap_het,OFT-0534-00,medium,4.241780263243309,149,1.5460990849958565,0.9173288968384019,0.5933183104114316,0.6635831318996244,0.5646216105949136
Cntnap_het,OFT-0534-00,slow,3.4872993293270405,150,1.9215848976408547,0.918102839917339,0.4777841671447883,0.531275924429875,0.4510688545284217
Cntnap_het,OFT-0539-00,fast,5.240793387343748,151,1.9262456406294872,0.8645895145255708,0.44884696753578496,0.4753312979383847,0.42511789989393683
Cntnap_het,OFT-0539-00,slow,3.4606868028053115,152,1.5962351127725503,0.896482120368053,0.5616228544245749,0.5996277540542158,0.5485235131035517
Cntnap_het,OFT-0539-00,medium,4.189732106207151,153,1.6313737767963676,0.8447675813881614,0.5178258921429307,0.5775440733887051,0.5034164173989679
Cntnap_het,OFT-0542-00,fast,5.058744907581356,154,1.4757730186480953,0.7503989457497512,0.5084785642965378,0.55737023773871,0.47779687037799584
Cntnap_het,OFT-0542-00,medium,4.127352692289413,155,1.7701074294461534,0.88690469254957,0.5010456867169201,0.5536511177570446,0.4707744648774618
Cntnap_het,OFT-0542-00,slow,3.3751329326470105,156,1.793955400163313,0.8572306631637028,0.4778439102140804,0.5479142167158138,0.3988250468548677
Cntnap_het,OFT-0586-00,slow,3.5325692422807613,157,1.8265710037602214,0.7605325379512442,0.41637173500816244,0.4679196098238054,0.3829236702677637
Cntnap_het,OFT-0586-00,medium,4.949845965328068,158,1.9486841673099193,0.9071017868072848,0.4654945126687731,0.5102366507500564,0.41376926903221944
Cntnap_het,OFT-0586-00,fast,6.6235158665691545,159,2.1480527075048776,0.8184719629933062,0.3810297392301989,0.4058190255370314,0.34942965025439315
Cntnap_het,OFT-0597-00,medium,4.0797225043419125,160,2.002515903770328,0.8811926000425949,0.44004274741763066,0.4950789497096526,0.39665844033968956
Cntnap_het,OFT-0597-00,fast,5.255615729223243,161,2.3579015236500553,0.845680603533555,0.35865815219646363,0.3836212295792124,0.3386549788368063
Cntnap_het,OFT-0597-00,slow,3.2378363023821954,162,1.4665423052359097,0.7861258455244129,0.5360403465469452,0.5481558439280265,0.5443939289738675
Cntnap_het,OFT-0607-00,medium,4.355719767295829,163,1.6802516698451584,0.9201584819344792,0.5476313450230199,0.5815795811930058,0.5220821071557553
Cntnap_het,OFT-0607-00,fast,5.654462654761365,164,1.6784838373366435,0.892023954805665,0.5314462582023404,0.5450086400908676,0.5099362399757503
Cntnap_het,OFT-0607-00,slow,3.2493671102879844,165,1.788126250382789,0.8105948338839162,0.4533208064645267,0.47656493835491986,0.45022267904720087
Cntnap_het,OFT-0611-00,fast,5.271000058413488,166,1.7291752790760955,0.789410346915284,0.4565241918893663,0.4673084514607728,0.4659708169508247
Cntnap_het,OFT-0611-00,medium,4.096942181657776,167,1.8755643482436555,0.7660395871373369,0.4084315144157455,0.44938009828018405,0.38468880904307157
Cntnap_het,OFT-0611-00,slow,3.2795803800924395,168,1.755912706896671,0.7992015298204808,0.4551487819875495,0.47501329046949403,0.44414750105995654
Cntnap_het,OFT-0641-00,slow,3.837879210691641,169,1.7774960700832876,0.911874077772689,0.5130104606813345,0.5609212299896836,0.48217430308409087
Cntnap_het,OFT-0641-00,medium,4.865063782559751,170,1.9834368666294135,0.9006599891834048,0.454090575977826,0.512032344789681,0.4427674352012456
Cntnap_het,OFT-0641-00,fast,6.089704764418397,171,2.0922377915056063,0.9266184068178154,0.4428838875675822,0.4769365242509852,0.4303127586748975
Cntnap_het,OFT-0643-00,slow,4.029540622245125,172,1.737805890911423,0.9246340786806373,0.5320698263922311,0.5719636634886656,0.5238054960198204
Cntnap_het,OFT-0643-00,medium,5.24904110830916,173,2.185499555939515,0.9070862205496912,0.4150475428304299,0.4501967882860235,0.42506903116438954
Cntnap_het,OFT-0643-00,fast,6.586755385923659,174,2.0555644453707114,0.8400363508650741,0.40866456547100743,0.45913630514251025,0.4156922422341552
Cntnap_het,OFT-0644-00,medium,4.4671027109708925,175,2.228616573465414,0.9602399394742703,0.4308681676817712,0.44929306184427303,0.4146747852624739
Cntnap_het,OFT-0644-00,fast,5.895080781309668,176,2.2572417612396185,0.9120452117062579,0.40405295851224476,0.4229951628232181,0.39698577449908057
Cntnap_het,OFT-0644-00,slow,3.4598743853701923,177,1.5210195371113624,0.8106154958772481,0.5329421983735495,0.5703587761381318,0.4966967142793946
Cntnap_het,OFT-0645-00,slow,3.8326943944875316,178,1.729307308563245,0.8563451902144215,0.4951954958924542,0.5070814505759976,0.4782268287997318
Cntnap_het,OFT-0645-00,fast,6.587440011863791,179,2.4216948358788293,0.8290013753097693,0.3423228075757638,0.36105730089328875,0.3297147441794327
Cntnap_het,OFT-0645-00,medium,5.092577714582918,180,2.277495047998088,0.8940279366118299,0.3925487949568443,0.4371643036637799,0.37794880936276914
Cntnap_het,OFT-0652-00,medium,5.116839170399714,181,1.9868769204327494,0.9531467370533386,0.47972107746147635,0.5296099001887429,0.4709882750342153
Cntnap_het,OFT-0652-00,fast,6.668288228979727,182,2.2962362853924554,0.8963076946990456,0.39033774546675426,0.38221463190189564,0.3995298199451041
Cntnap_het,OFT-0652-00,slow,3.6787194880873684,183,1.944340012394888,0.9229590568893933,0.4746901524453861,0.5361887367247926,0.4544377281256171
Cntnap_het,OFT-0653-00,slow,3.4235508478810135,184,1.6494726450038075,0.9097836660927893,0.551560323748618,0.59089077236234,0.5309580806048025
Cntnap_het,OFT-0653-00,fast,5.481282876558583,185,2.197838221775333,0.922865429874925,0.4198968881019223,0.45437405313306534,0.39622472039912837
Cntnap_het,OFT-0653-00,medium,4.141832121838266,186,1.7205031434732672,0.9170969508877099,0.533039974013834,0.5735120049219762,0.5185612498795887
Cntnap_het,OFT-0654-00,medium,5.489056774503818,187,2.1518412092911765,0.9528938151679651,0.4428271988906893,0.45498113970799137,0.4551554277742237
Cntnap_het,OFT-0654-00,fast,6.974995249744867,188,2.440123260954598,0.8903441329324625,0.36487670404984046,0.4004987873462418,0.36248949006328623
Cntnap_het,OFT-0654-00,slow,4.063325824204763,189,1.9846231217793302,0.9078658070693286,0.4574499798507709,0.5126989199272292,0.42405377101112995
Cntnap_het,OFT-0656-00,fast,5.631810502005017,190,1.9229736740839236,0.8961023191890901,0.4659982251790213,0.501243827887391,0.46703169894476204
Cntnap_het,OFT-0656-00,slow,3.3905258304812143,191,1.6275167524564487,0.7949514752023684,0.4884444193907865,0.5161573975413677,0.44864443511869734
Cntnap_het,OFT-0656-00,medium,4.249246217161565,192,1.8879459462257921,0.8870991303193678,0.4698752801121106,0.5301998321472048,0.4454409633004301
Cntnap_het,OFT-0662-00,fast,5.147955841021436,193,1.6679669482765482,0.8199489826127596,0.4915858695281607,0.5240288200424021,0.46098797888699805
Cntnap_het,OFT-0662-00,slow,3.2948865530285145,194,2.0991286341678137,0.8098366676297888,0.3857965893313839,0.43665212897961714,0.3530410889306318
Cntnap_het,OFT-0662-00,medium,4.110598717117364,195,2.131390018880174,0.9765819463054691,0.4581901658798995,0.5096792378015514,0.4364798030740513
Cntnap_het,OFT-0664-00,fast,6.425056862113871,196,2.252163861688737,0.9483181907413812,0.4210698017462659,0.4533339711643564,0.42580525786840717
Cntnap_het,OFT-0664-00,medium,4.863530438190435,197,2.2211482909441695,0.8325444417813689,0.37482614068395653,0.4135620344064677,0.35732506190183255
Cntnap_het,OFT-0664-00,slow,3.6106424014270853,198,1.8229307318211625,0.9035999147635039,0.4956852715192203,0.5257586721364931,0.5019692114733864
Cntnap_het,OFT-0665-00,fast,5.50608316040577,199,2.3191356740147815,0.844215506695394,0.36402161208357714,0.38496431583274826,0.3435291974313825
Cntnap_het,OFT-0665-00,medium,4.38590879810166,200,1.391667258476836,0.8837988502854779,0.6350647720582187,0.7008154246332204,0.6071234905018652
Cntnap_het,OFT-0665-00,slow,3.5052936209943937,201,1.6643140003645245,0.8047419648698627,0.483527726554968,0.5445067347913264,0.44679532941428834
Cntnap_het,OFT-0666-00,medium,4.902110789967549,202,2.344005332357637,0.941015942155467,0.40145639993445686,0.4442523943152946,0.3812381425871014
Cntnap_het,OFT-0666-00,fast,6.647337121343969,203,2.321417804596086,0.8652707013903187,0.3727337231915782,0.39218134911206104,0.34889183466040385
Cntnap_het,OFT-0666-00,slow,3.637251003678244,204,1.4110321356852331,0.899454923732089,0.6374446768324599,0.6788090076265374,0.6312579170531984
Cntnap_het,OFT-0675-00,fast,5.795962610450931,205,2.1933951696041976,0.9119389560033457,0.41576591789791667,0.4484878270740672,0.380859771076724
Cntnap_het,OFT-0675-00,medium,4.311264439131575,206,1.7620863300326552,0.9782670485131633,0.5551754371166558,0.5962134882768058,0.5344950407252151
Cntnap_het,OFT-0675-00,slow,3.46554842543222,207,1.6171585485046573,0.9184369167436368,0.5679325119932678,0.6110844340648076,0.5450965075805678
Cntnap_het,OFT-0676-00,fast,6.639638600491862,208,2.667210369575274,0.811731310836264,0.3043371906826847,0.3267823274158955,0.32357582492906284
Cntnap_het,OFT-0676-00,medium,5.006848137982752,209,1.9657722702704168,0.8285895802760367,0.42150842842139274,0.4425245568760244,0.41349546916370883
Cntnap_het,OFT-0676-00,slow,3.762694621370041,210,1.8720573731472578,0.9286665919589805,0.4960673776774953,0.5368538227627254,0.5019049154951839
Cntnap_het,OFT-0685-00,fast,6.00391176829709,211,1.9099080614893633,0.9131548118801651,0.4781145387532837,0.5121589636988347,0.46629544037315485
Cntnap_het,OFT-0685-00,medium,4.883038920757674,212,2.0998251425964596,0.923389234606298,0.439745774957488,0.4904208551087873,0.42998282793172987
Cntnap_het,OFT-0685-00,slow,3.76098593657764,213,1.8762465791488618,0.9291830103931883,0.49523501906380646,0.540471372360363,0.4603037194105801
Cntnap_het,OFT-0687-00,fast,6.148148599519588,214,2.0829850235730145,0.9120174819652069,0.4378415935035349,0.451483465036082,0.4209608080068323
Cntnap_het,OFT-0687-00,slow,3.5489871275479956,215,1.6367457833442214,0.8596679177920298,0.525229957235964,0.5596573626522758,0.5063153633651718
Cntnap_het,OFT-0687-00,medium,4.692751492738361,216,1.9039642968970674,0.9048489941010716,0.4752447278427037,0.5141588414464098,0.44858048329756917
Cntnap_hom,OFT-0364-00,fast,6.558940799652446,217,2.0187393109787903,0.8405333094771017,0.4163654538780281,0.42449387744895134,0.40885916687986645
Cntnap_hom,OFT-0364-00,medium,5.553670282065117,218,2.1872999884853557,0.8788311010021698,0.401788097484852,0.40211710120989363,0.4031569999140869
Cntnap_hom,OFT-0364-00,slow,4.291570735322011,219,2.2749744762908266,0.8882428896934811,0.3904408154687053,0.39313163086565206,0.37804518181980085
Cntnap_hom,OFT-0367-00,fast,5.645779802462665,220,1.9538179645865126,0.6866706347598898,0.351450671048165,0.34321420800004215,0.335830778441337
Cntnap_hom,OFT-0367-00,slow,3.497691164704145,221,1.850992388205878,0.7944984159076842,0.4292283539197977,0.44591236503032156,0.3962810395494276
Cntnap_hom,OFT-0367-00,medium,4.292339589550407,222,2.1144837693766583,0.8183960762545275,0.3870429691194969,0.3970726487342481,0.36016831376979547
Cntnap_hom,OFT-0374-00,fast,5.979191616915897,223,1.4954586547969382,0.8297083706148534,0.5548186624574492,0.5570395154412539,0.5557346542590651
Cntnap_hom,OFT-0374-00,slow,3.4071413758183606,224,1.9269593886044114,0.8735225427021915,0.4533165295895701,0.442190769673466,0.42926797717515297
Cntnap_hom,OFT-0374-00,medium,4.519236271046042,225,2.176063859519235,0.8162555173350581,0.3751064169207774,0.3926179236163533,0.3627007856742543
Cntnap_hom,OFT-0383-00,fast,6.1052968514727795,226,2.177947706130934,0.9192993322598161,0.4220943090929061,0.4045996399987253,0.42948769732076963
Cntnap_hom,OFT-0383-00,medium,4.904065732913251,227,2.1220503391052623,0.9538270318966343,0.4494836971204012,0.4873079587991618,0.4212932026054004
Cntnap_hom,OFT-0383-00,slow,3.7387636089199194,228,1.715907351860419,0.8865503664241913,0.5166656378405143,0.5688579019492177,0.498497660175484
Cntnap_hom,OFT-0388-00,slow,4.110191686636192,229,2.6617680585930383,0.8422625464822816,0.3164297293910297,0.3231437542248739,0.29361404487177156
Cntnap_hom,OFT-0388-00,medium,5.229514829964569,230,2.3601474568995786,0.9177868193092321,0.3888684228717167,0.3945618768639818,0.3881966686675052
Cntnap_hom,OFT-0388-00,fast,6.60481377807067,231,2.622018352898598,0.8918288571763163,0.34013066925729724,0.3562407197894175,0.3432964549523491
Cntnap_hom,OFT-0389-00,slow,4.256402025573622,232,2.31541263619172,0.8909934622375488,0.38480979515729524,0.4182966264050554,0.3593551440564438
Cntnap_hom,OFT-0389-00,medium,5.698887526147802,233,2.79729639634843,0.9410831709937842,0.3364259762470174,0.3425434848762891,0.33485170004988324
Cntnap_hom,OFT-0389-00,fast,7.033465413174348,234,2.852832647127662,0.8864223525628349,0.310716562170346,0.31476848798424917,0.3083398622907744
Cntnap_hom,OFT-0390-00,slow,4.3366301729744,235,2.2983387560285453,0.943409874790708,0.4104746840804659,0.42569186916351653,0.37629510959255524
Cntnap_hom,OFT-0390-00,medium,5.743879783338556,236,2.262254111740776,0.8593713170791981,0.37987391098956724,0.404578132343941,0.3796234305819661
Cntnap_hom,OFT-0390-00,fast,7.290554808483692,237,2.435646795065667,0.8145112150905052,0.3344126975802111,0.3544828410332269,0.3386651306625401
Cntnap_hom,OFT-0400-00,fast,6.811990503099896,238,2.884560813193701,0.9404784096569514,0.3260386833778281,0.3190540534314795,0.32605833703830556
Cntnap_hom,OFT-0400-00,medium,5.242190893835786,239,2.756740369470539,0.8639592982305528,0.31339886330916444,0.3435895221926216,0.2996213037347392
Cntnap_hom,OFT-0400-00,slow,3.99429703298538,240,2.5544116734982025,0.9589003061082886,0.37538988568553583,0.3962998719417187,0.37170243666539876
Cntnap_hom,OFT-0401-00,fast,5.790406504319124,241,2.3267540303491177,0.7431314819206367,0.3193854925048238,0.33197576865499306,0.3157662224472957
Cntnap_hom,OFT-0401-00,slow,3.4768771700728047,242,2.0351298158828257,0.8359340067989814,0.41075217918536505,0.4460724652678827,0.3829496474034196
Cntnap_hom,OFT-0401-00,medium,4.414502434964955,243,2.2721667443085085,0.8545840533757851,0.3761097443734755,0.4187735315193941,0.36858015891206675
Cntnap_hom,OFT-0402-00,fast,6.775826799316585,244,2.0277226849248446,0.8989780712051498,0.4433436967927739,0.4460823470105656,0.4547133742323827
Cntnap_hom,OFT-0402-00,slow,3.782350530901741,245,1.9642996744293892,0.8179352594955553,0.4164004454835324,0.4172443762979032,0.4514319802684177
Cntnap_hom,OFT-0402-00,medium,5.1661669333415166,246,2.4775020046158804,0.7699378292864356,0.3107718289841744,0.3459630476738695,0.28139078180616106
Cntnap_hom,OFT-0404-00,fast,5.702386158635985,247,2.18620176196442,0.9147788713351478,0.4184329585907797,0.42058781494364006,0.4286664655152102
Cntnap_hom,OFT-0404-00,slow,3.5167968247795938,248,1.4781653742848857,0.8656501491953777,0.585624696840275,0.5931954517907158,0.5737191418777368
Cntnap_hom,OFT-0404-00,medium,4.550857716426858,249,1.9631499932513568,0.855164898323909,0.4356085379434458,0.4525917178579209,0.42008215389355774
Cntnap_hom,OFT-0405-00,fast,5.361493852684893,250,2.1302042556262375,0.8010617590096537,0.37604927175124697,0.3722077810323026,0.365347271559285
Cntnap_hom,OFT-0405-00,slow,3.4364875783618003,251,2.10886938837171,0.8935801618864672,0.42372475356400047,0.4583809758880993,0.40393793395712285
Cntnap_hom,OFT-0405-00,medium,4.2645610461559835,252,2.332019669154569,0.906403557539568,0.3886774925308276,0.4226695475168256,0.36844887892250605
Cntnap_hom,OFT-0406-00,fast,5.901332577134477,253,1.6906301664323384,0.8109126064121102,0.47965109254103927,0.48952508577593845,0.4695863042598508
Cntnap_hom,OFT-0406-00,medium,4.520701177200946,254,2.014261176742168,0.8732832330016137,0.4335501488511273,0.4641224430429653,0.42929119390203957
Cntnap_hom,OFT-0406-00,slow,3.7461388148385617,255,1.4115603515829047,0.6531736198172622,0.46273162821894376,0.49938056822230714,0.433103435072018
Cntnap_hom,OFT-0416-00,fast,5.908154400316023,256,2.1970746654612774,0.8793481110793784,0.4002358795097019,0.4049374207974641,0.4006660584520748
Cntnap_hom,OFT-0416-00,medium,4.726257417982592,257,2.396068593205318,0.8833527081785787,0.36866753760036647,0.3773747244028782,0.3745453691263317
Cntnap_hom,OFT-0416-00,slow,3.62543764809709,258,1.8182872387922848,0.8119769287322425,0.446561418575187,0.47543859603456606,0.417237593867839
Cntnap_hom,OFT-0417-00,fast,5.612328341922701,259,2.371540898839066,0.8886794289806648,0.3747265878550514,0.4091529570209208,0.34723627986323174
Cntnap_hom,OFT-0417-00,medium,4.373913299980736,260,2.12749972053458,0.8280966725097093,0.3892346798060365,0.41862106998837467,0.38310164127018254
Cntnap_hom,OFT-0417-00,slow,3.4209484594675494,261,2.177819690683467,0.92323419553049,0.4239259106160211,0.4723254196375597,0.4031084167480764
Cntnap_hom,OFT-0418-00,fast,5.6447210108296355,262,2.0466843166489204,0.780609320118343,0.38140191614721086,0.38087115952956735,0.37433281730219803
Cntnap_hom,OFT-0418-00,slow,3.8300224046756886,263,1.686947758075128,0.8054749393813154,0.47747473834067816,0.4488921947108185,0.47899302599471244
Cntnap_hom,OFT-0418-00,medium,4.691575429741383,264,1.802467137332013,0.8798703536291058,0.48814779221521776,0.5021604243707298,0.4826110254169482
Cntnap_hom,OFT-0422-00,slow,4.31092131446768,265,2.0884247854393925,0.8752528649908792,0.4190971449358331,0.44568138506256605,0.39612413455528683
Cntnap_hom,OFT-0422-00,medium,5.6025015688305,266,1.9823364262520615,0.8691426106940514,0.43844354529534163,0.45891836394669583,0.41485700015513904
Cntnap_hom,OFT-0422-00,fast,6.741062934965528,267,2.820065889279728,0.9030781013786764,0.3202329792405422,0.31704940545892263,0.34316214518306165
Cntnap_hom,OFT-0433-00,medium,4.85166233232642,268,2.0394201916969847,0.9702705757751975,0.47575805109973107,0.5068658513260214,0.49543371529228597
Cntnap_hom,OFT-0433-00,slow,3.752725409475862,269,2.0727318712668943,0.8883995428191411,0.42861286360021755,0.49565912639790954,0.38123965287503775
Cntnap_hom,OFT-0433-00,fast,6.267928915201285,270,2.414440217542076,0.8712016197610881,0.3608296504636508,0.35771022614324055,0.367062274027845
Cntnap_hom,OFT-0445-00,fast,5.866197881094069,271,2.3800553524798658,0.8833636405354839,0.3711525614793267,0.3980708142526277,0.36866441629202273
Cntnap_hom,OFT-0445-00,medium,4.4586961691838,272,2.1807901064188058,0.757950592864899,0.3475577913867057,0.38859114850771165,0.3485202512519038
Cntnap_hom,OFT-0445-00,slow,3.4375664744776997,273,1.5384366685172246,0.8752942621033303,0.5689504677153568,0.6237661569731681,0.5384158045874304
Cntnap_hom,OFT-0449-00,fast,5.493761108819254,274,1.9342805529776292,0.8811647522363907,0.45555167831260396,0.4643529604369723,0.4470710812214518
Cntnap_hom,OFT-0449-00,medium,4.297975374703842,275,2.042130149307363,0.8918268091094608,0.43671399171690645,0.44770042242070773,0.4181178203666807
Cntnap_hom,OFT-0449-00,slow,3.484760294827861,276,2.1441826731422253,0.8694405688629274,0.40548810497978344,0.4279512976612808,0.38310697534259935
Cntnap_hom,OFT-0517-00,fast,6.49232180134798,277,2.371721993995189,0.8964046515608447,0.3779551961951672,0.4003735710003996,0.37757066240218096
Cntnap_hom,OFT-0517-00,medium,5.214542545345634,278,2.5605550681791063,0.9342166226423839,0.36484926032336246,0.39575346584853877,0.34602573254353075
Cntnap_hom,OFT-0517-00,slow,4.0051833223671185,279,2.252452591178556,0.9278623610303045,0.4119342465471458,0.44173222304702153,0.4088381667779722
Cntnap_hom,OFT-0518-00,slow,4.143823316552378,280,1.787398148770197,0.7723442174863551,0.4321053023456242,0.46063078213926467,0.41451651406140044
Cntnap_hom,OFT-0518-00,medium,5.358514744246365,281,2.0021484155923495,0.9550759437138319,0.47702554729503704,0.525085237840871,0.48233930933254565
Cntnap_hom,OFT-0518-00,fast,6.586669302408414,282,2.4776105633539043,0.8930600236052826,0.3604521375612641,0.3883864367996116,0.34557393275300446
Cntnap_hom,OFT-0521-00,slow,4.041527710281774,283,2.1032072228492957,0.8752063513644609,0.416129396027266,0.4511075607294144,0.39569750191960673
Cntnap_hom,OFT-0521-00,medium,5.503366695297294,284,2.3237430083849113,0.8534551718005275,0.367276057946576,0.3759355112198502,0.35989653228793395
Cntnap_hom,OFT-0521-00,fast,7.167125180291678,285,2.6168040817459026,0.8882360467744574,0.33943544072349363,0.35172172901817433,0.3215463464174063
Cntnap_hom,OFT-0522-00,fast,6.882982797361693,286,2.354762165174446,0.8705639896903862,0.36970357455437236,0.40291542286031035,0.3646988485590622
Cntnap_hom,OFT-0522-00,medium,5.029857669525892,287,2.372871256569459,0.916231759454003,0.3861278849062509,0.41869326330166057,0.36656196339017955
Cntnap_hom,OFT-0522-00,slow,3.7527233903396757,288,2.1224016655574003,0.8588691410842444,0.40466852011194687,0.42620179365296634,0.3923187916051343
Cntnap_hom,OFT-0533-00,fast,6.75787728492555,289,2.4459890830053808,0.8946872099621639,0.3657772702987145,0.40403992729322613,0.3574002631977885
Cntnap_hom,OFT-0533-00,medium,4.870605071321753,290,2.1334029248597988,0.891573570886239,0.41791147865086514,0.4339350248016153,0.4283512964099918
Cntnap_hom,OFT-0533-00,slow,3.687560742451866,291,2.272613162127494,0.9019271606035197,0.3968678768713923,0.42960278122555906,0.38586565179373333
Cntnap_hom,OFT-0535-00,fast,5.649208310497758,292,1.8619122602507014,0.8700346672332495,0.4672801644885789,0.48502961967672603,0.43865527535964816
Cntnap_hom,OFT-0535-00,slow,3.6006657357068366,293,1.6027839450503312,0.7705295578308546,0.48074449473391634,0.5027695949142753,0.44949588002634205
Cntnap_hom,OFT-0535-00,medium,4.48435916327151,294,1.8469586618190896,0.9885378709853282,0.5352246866270989,0.5673748884027876,0.4879570360404274
Cntnap_hom,OFT-0540-00,fast,5.472745842846463,295,1.9407721425506979,0.9610665713530695,0.49519804529447176,0.510781197857733,0.4715069088325937
Cntnap_hom,OFT-0540-00,medium,4.4072929244988,296,1.7686778101709923,0.8940981760718665,0.5055178342433249,0.5740610974747669,0.4576578534047312
Cntnap_hom,OFT-0540-00,slow,3.4865678442023564,297,1.5646008214916143,0.7673781175369043,0.490462555685816,0.4892273316252129,0.4862291155749654
Cntnap_hom,OFT-0541-00,medium,4.633590658544524,298,2.111635511159798,0.8164119887523972,0.3866254305905235,0.386222166754828,0.37356379805762424
Cntnap_hom,OFT-0541-00,fast,6.086351115703484,299,2.3612937097141136,0.9062318529809461,0.3837861631752135,0.40814077526528386,0.3870995532856658
Cntnap_hom,OFT-0541-00,slow,3.589865698793129,300,1.9078415802102469,0.8331462567984104,0.4366957222447141,0.4568149695026791,0.42541702988107255
Cntnap_hom,OFT-0546-00,slow,3.630768998549823,301,2.1658415850986663,0.8117056027711647,0.3747760724310716,0.40435027652303035,0.362137713318024
Cntnap_hom,OFT-0546-00,fast,5.957535303641907,302,2.478746203539192,0.8630931048406463,0.348197449020117,0.3763048938386279,0.33841120918813145
Cntnap_hom,OFT-0546-00,medium,4.739172709014369,303,2.6701943812224327,0.9034520333765255,0.3383469157638326,0.37073775551729626,0.3171267330340205
Cntnap_hom,OFT-0548-00,slow,4.330277967816983,304,2.4991629069035124,0.9501074252795987,0.38017026527365966,0.4207308448991364,0.37483285039358893
Cntnap_hom,OFT-0548-00,medium,5.6074655190603515,305,2.66106741615224,0.9052284775150864,0.340174950856374,0.3436065496766093,0.3320331850962921
Cntnap_hom,OFT-0548-00,fast,7.029341067940121,306,2.4613439272064035,0.888196018411721,0.3608581509451274,0.3853955730950661,0.34604057193006454
Cntnap_hom,OFT-0580-00,fast,5.734409401503162,307,1.9990541401467843,0.6987509401688096,0.34954077837907005,0.3844516221955825,0.3188177913184437
Cntnap_hom,OFT-0580-00,slow,3.5290572018743362,308,1.8990677361124066,0.7774042015270218,0.4093609652483754,0.443890868930764,0.40396286165434064
Cntnap_hom,OFT-0580-00,medium,4.475038161694499,309,2.0748845367078674,0.8037065221924979,0.38734999850531704,0.4283812769060519,0.3785799152122752
Cntnap_hom,OFT-0581-00,fast,5.215325186517192,310,2.510170011256546,0.8814999409106619,0.35117140948927156,0.3772583324950055,0.31840882297301953
Cntnap_hom,OFT-0581-00,medium,4.210956861546267,311,2.29148540039666,0.8624722430127378,0.3763812952347165,0.413951773724602,0.3427982397659415
Cntnap_hom,OFT-0581-00,slow,3.3953046876755573,312,2.130117152328645,0.7795400938740189,0.36596113646698974,0.4124389635032995,0.3243631375052106
Cntnap_hom,OFT-0583-00,fast,6.396227838079184,313,2.9598949840172275,0.8828306759704886,0.29826418867479326,0.30263570243187,0.295401243483026
Cntnap_hom,OFT-0583-00,medium,4.685656253466641,314,2.34657597522547,0.9195559822535033,0.39187138706009644,0.3866055048042154,0.40592553236220985
Cntnap_hom,OFT-0583-00,slow,3.783493998334401,315,2.773964876328597,0.9272563426733347,0.3342711187823613,0.3548586834769071,0.32890685189422453
Cntnap_hom,OFT-0584-00,slow,3.9283359676675684,316,2.1300513243885417,0.9112132859332057,0.42778935676340146,0.4527248199253378,0.41035704543085
Cntnap_hom,OFT-0584-00,medium,5.37613917170456,317,2.148781864213373,0.9241737646464161,0.43009194187551375,0.45326625555696887,0.4123084595912436
Cntnap_hom,OFT-0584-00,fast,7.0680910887883295,318,2.253690420753704,0.9079234514755957,0.40286076699565415,0.4235544861116145,0.394251708459994
Cntnap_hom,OFT-0599-00,medium,5.005230237298651,319,2.4331785698746824,0.8889930911637586,0.3653628641031246,0.3726217012698678,0.3613417601602599
Cntnap_hom,OFT-0599-00,fast,6.797733873063763,320,2.6557180899230968,0.9083031430084768,0.34201790711708374,0.37463592612790264,0.33506170970075577
Cntnap_hom,OFT-0599-00,slow,3.6870270258245283,321,2.151555026189523,0.8510036510186979,0.3955295777518896,0.4234264311258979,0.3909706982770371
Cntnap_hom,OFT-0605-00,fast,5.880437502527345,322,2.097785078727736,0.8880889063113475,0.4233459925503691,0.44171696398045746,0.4097500861893846
Cntnap_hom,OFT-0605-00,medium,4.309585604795141,323,2.451880933229155,0.8950320399178893,0.3650389493991953,0.3939558322796831,0.33880511286570175
Cntnap_hom,OFT-0605-00,slow,3.1850536064181103,324,1.684069297798737,0.8608695394592797,0.5111841541108376,0.5284250034184503,0.5111957703193464
Cntnap_hom,OFT-0613-00,fast,6.226219995808894,325,2.495515715442922,0.8961583649765714,0.3591074820450549,0.37098927662068903,0.3475748475559016
Cntnap_hom,OFT-0613-00,slow,3.5694715644569253,326,1.7597320270567267,0.855596741690497,0.4862085411501782,0.5109334069857356,0.47310219072797555
Cntnap_hom,OFT-0613-00,medium,4.698563484007206,327,2.2714645884126448,0.9038024445821471,0.3978941380784397,0.40785598855013505,0.38079785668735194
Cntnap_neg,OFT-0365-00,slow,3.5486563325655895,328,1.7232952647154594,0.8757357785578833,0.508175120357265,0.5343634402110315,0.5046089552899349
Cntnap_neg,OFT-0365-00,medium,4.599196781198974,329,2.280602282273212,0.9168909875813798,0.40203896782364873,0.4597789843489086,0.3704444889493364
Cntnap_neg,OFT-0365-00,fast,5.783468253563591,330,1.862843109421333,0.9177100710409518,0.4926394855259851,0.5201046878632366,0.4387637853039901
Cntnap_neg,OFT-0370-00,slow,3.6458557372453764,331,2.1059273148821647,0.8833470949323957,0.41945754190562967,0.4616798705629924,0.4287664318737422
Cntnap_neg,OFT-0370-00,medium,4.653177450859753,332,2.110939793352611,0.9225659888503854,0.4370404081421759,0.48413599999604373,0.41826997372391195
Cntnap_neg,OFT-0370-00,fast,5.657136331492739,333,1.972697815462009,0.9621590172055823,0.4877376604080859,0.5167681647624492,0.47696608518395034
Cntnap_neg,OFT-0375-00,fast,5.289233643659973,334,1.458861112310256,0.8733601537436655,0.5986588760054138,0.625413306765651,0.5960232141019517
Cntnap_neg,OFT-0375-00,medium,4.156534156370047,335,2.0477731081779327,0.9046060419218787,0.4417511091972386,0.5087065487135567,0.41738466411915653
Cntnap_neg,OFT-0375-00,slow,3.3770329405014476,336,1.8895166461138422,0.8131533522105276,0.4303499277886413,0.47043322969194756,0.4191032036684313
Cntnap_neg,OFT-0384-00,fast,6.802042930063223,337,2.13117948937749,0.8660287850580317,0.40636126115824983,0.4303028726961938,0.38927540886827916
Cntnap_neg,OFT-0384-00,medium,4.946531157984853,338,1.9034328398890552,0.7855282113464668,0.41269026933057046,0.4346435132074127,0.4150352261362785
Cntnap_neg,OFT-0384-00,slow,3.6359526601478165,339,1.7406776699164546,0.9147344207651591,0.5255047712590365,0.5361582009438906,0.541389434145516
Cntnap_neg,OFT-0426-00,slow,3.768483213283367,340,2.049395061202338,0.9085540417011038,0.4433279160768904,0.47529773639446904,0.4244851846332801
Cntnap_neg,OFT-0426-00,fast,5.398446149736708,341,2.1768099301171953,0.8983892474785837,0.41270909097250225,0.4513773523768876,0.3862211354577489
Cntnap_neg,OFT-0426-00,medium,4.644484707645999,342,2.1139948280655063,0.925922142296934,0.43799640850788424,0.4583155703019065,0.41548136579530004
Cntnap_neg,OFT-0427-00,medium,5.154198217173152,343,2.1349638023316055,0.8908059568011192,0.41724639819572823,0.4523400928205775,0.41569597354200727
Cntnap_neg,OFT-0427-00,slow,3.884995153332113,344,1.918298147856353,0.7618540012538648,0.3971509862036912,0.4278967994719597,0.390417011498604
Cntnap_neg,OFT-0427-00,fast,6.159988702688991,345,2.081808626131029,0.8877677095392228,0.4264405951612897,0.45689880784035064,0.4403179070305586
Cntnap_neg,OFT-0429-00,fast,6.101952829419583,346,2.0993512094339524,0.8919762470194298,0.4248818601723783,0.43194110772556193,0.40617438587848653
Cntnap_neg,OFT-0429-00,medium,4.671165330809269,347,1.8611545555344933,0.9314696640030915,0.500479479919167,0.5471448853935437,0.45967207172159963
Cntnap_neg,OFT-0429-00,slow,3.531629594144018,348,2.1367433857557145,0.8135196920402286,0.3807287751367047,0.41908990697089493,0.3361773891948545
Cntnap_neg,OFT-0435-00,slow,3.4817203628420565,349,1.6569967966822194,0.7942901968446119,0.47935530016413286,0.49509283715468866,0.47778651311529524
Cntnap_neg,OFT-0435-00,medium,3.965127527195972,350,1.2274041655351893,0.7504196862329158,0.6113875993778363,0.6345326885635203,0.6317955783300611
Cntnap_neg,OFT-0435-00,fast,4.744038696168232,351,1.2700284415910772,0.6673941411011682,0.5254954292716976,0.5380415030959176,0.5372147447728909
Cntnap_neg,OFT-0437-00,slow,3.531818782315962,352,1.7206196541773695,0.8259878159108754,0.48005252869541426,0.4868881144783307,0.4716471369574057
Cntnap_neg,OFT-0437-00,fast,5.390249528177539,353,1.8595112093078627,0.8623483067692517,0.46374999110127996,0.48662237643718353,0.4337577421976089
Cntnap_neg,OFT-0437-00,medium,4.424237565663325,354,2.078923113278132,0.8131558181324859,0.3911428051084911,0.451051684044089,0.3651979721566836
Cntnap_neg,OFT-0440-00,medium,4.262513234484486,355,1.6849914578105405,0.9127771437325876,0.5417102499253261,0.6225974096981616,0.501301793850034
Cntnap_neg,OFT-0440-00,fast,5.312063415884677,356,1.8217387154400506,0.8129859122333964,0.446269218161187,0.48387789919966123,0.42576471309546
Cntnap_neg,OFT-0440-00,slow,3.462003160763625,357,1.6585957796257904,0.8006234553873892,0.4827116198064995,0.5520102334033556,0.43619855677939035
Cntnap_neg,OFT-0441-00,slow,3.70503288144008,358,1.7106971256049266,0.7891306149045918,0.46129183424303943,0.49097728979300126,0.42770760047262546
Cntnap_neg,OFT-0441-00,fast,6.139448007023413,359,2.1654320210373275,0.8178022975838246,0.37766242008006556,0.3966743078941505,0.35497686417651725
Cntnap_neg,OFT-0441-00,medium,4.835190408722478,360,1.8560457222941231,0.8838462923940272,0.4761985557670256,0.5146668060712971,0.4506428430266914
Cntnap_neg,OFT-0451-00,fast,5.897495011313239,361,1.7622660170406161,0.9085404955442441,0.5155524119281161,0.5559326997136687,0.5177288922451628
Cntnap_neg,OFT-0451-00,medium,4.809765482786067,362,1.8782542273159013,0.8701372027809238,0.4632691305182812,0.506640267767983,0.40502205003281117
Cntnap_neg,OFT-0451-00,slow,3.9297478353456565,363,1.93892948333736,0.8090320446002341,0.4172570748719015,0.43842425831645804,0.39056142769417324
Cntnap_neg,OFT-0453-00,fast,5.189966774657013,364,1.4591560662018395,0.8352406074322946,0.572413483916366,0.5803549386166845,0.5705311315664454
Cntnap_neg,OFT-0455-00,fast,5.428936108065653,365,1.7664760394929495,0.9575693635693312,0.5420788859633741,0.5756767418035017,0.5113731384289346
Cntnap_neg,OFT-0455-00,medium,4.214892422770928,366,1.8141709796510037,0.9002972123487484,0.4962581931069919,0.5352249194047731,0.45537835485737754
Cntnap_neg,OFT-0455-00,slow,3.455063330562489,367,1.9682206898031036,0.8023604656134845,0.40765777423757843,0.4158251974665491,0.38689331502299423
Cntnap_neg,OFT-0495-00,medium,4.874799376706746,368,2.050426985257866,0.8948013284583988,0.43639755762669435,0.4665164833151335,0.4200759433702195
Cntnap_neg,OFT-0495-00,slow,3.8173744386915307,369,2.127104683072612,0.9900199751705984,0.46543077218959916,0.4995393108472531,0.41782487568327586
Cntnap_neg,OFT-0495-00,fast,5.964597873180632,370,2.167616159805089,0.853566640348979,0.393781268186214,0.42663393610824285,0.3866384288936512
Cntnap_neg,OFT-0497-00,fast,6.1419423487672224,371,2.3361170870366466,0.8528573318059715,0.3650747372803205,0.3805258081300369,0.37525077087878617
Cntnap_neg,OFT-0497-00,medium,4.734683345833588,372,2.438249417398933,0.9036811349787087,0.37062702795300345,0.39327269933215636,0.3487438915273861
Cntnap_neg,OFT-0497-00,slow,3.55205921605821,373,2.40799051582012,0.905547681480595,0.37605948841213815,0.40833583888550884,0.3851703950322962
Cntnap_neg,OFT-0504-00,fast,5.784659685706958,374,1.940795951574446,0.7834882907659644,0.4036943142479092,0.42310802970729394,0.3849633948296226
Cntnap_neg,OFT-0504-00,medium,4.527069524706072,375,2.0617242705338983,0.9310111127258712,0.4515691676291802,0.46501128230709676,0.4545011615357283
Cntnap_neg,OFT-0504-00,slow,3.6348928888779466,376,2.0943430411633903,0.9342477208590896,0.44608151697064996,0.4592936409654,0.4473569362187279
Cntnap_neg,OFT-0509-00,fast,5.7259250135585775,377,2.26348979465164,0.9575358415668378,0.423035192749436,0.4536087842738537,0.4001631149679783
Cntnap_neg,OFT-0509-00,medium,4.474773825912342,378,1.9626573389498296,0.7503998003877693,0.3823386719096315,0.4017025910822588,0.37144839066681434
Cntnap_neg,OFT-0509-00,slow,3.594061271936992,379,1.7986314242210093,0.8721992299526591,0.48492382497454156,0.5244606601991901,0.4768528499225659
Cntnap_neg,OFT-0515-00,slow,3.8647369538676095,380,2.2986140081784225,0.7875283928901443,0.34261010769452116,0.3808150683030774,0.32944759654457045
Cntnap_neg,OFT-0515-00,medium,5.167192179235507,381,2.3922165116452474,0.8696721519768871,0.36354240836619334,0.4063575872769757,0.371124641129604
Cntnap_neg,OFT-0515-00,fast,6.51343854460747,382,2.5872334971394255,0.8124998637933809,0.31404195434688104,0.3347709159212102,0.29068085412396105
Cntnap_neg,OFT-0524-00,slow,3.6293660722849834,383,2.0153206302024755,0.8675403133007703,0.43047260088515554,0.4777453452632518,0.4015582260157801
Cntnap_neg,OFT-0524-00,medium,4.63701103042364,384,2.0969671462401545,0.9044887176724441,0.4313318495686426,0.46892774997643416,0.4148880574234656
Cntnap_neg,OFT-0524-00,fast,5.900298472033148,385,2.5064192942988006,0.9558086164694978,0.38134426216859146,0.39924930837564476,0.36809485188387236
Cntnap_neg,OFT-0528-00,fast,5.738219548039129,386,1.4937863120312795,0.8471680659111498,0.567128014956272,0.6348419804525942,0.525841729648189
Cntnap_neg,OFT-0528-00,medium,4.234112226444528,387,1.6783585818831432,0.8690019588191071,0.5177689489001057,0.5703014260313906,0.48508492858092267
Cntnap_neg,OFT-0528-00,slow,3.4060163124519414,388,1.8339014225184898,0.868745610103478,0.47371445347942037,0.541021286353883,0.4260605726159859
Cntnap_neg,OFT-0543-00,medium,4.764679545487697,389,2.1077261118613633,0.8752571678677179,0.4152613391949515,0.44847236661328665,0.41859058953570194
Cntnap_neg,OFT-0543-00,fast,6.241099541735392,390,2.4736696587609157,0.8829192192880977,0.3569268904443612,0.3711136955512747,0.36265857455980177
Cntnap_neg,OFT-0543-00,slow,3.7239063174700795,391,2.2096756810835716,0.9065817610786787,0.41027820002712473,0.44042927226295114,0.40869415537517106
Cntnap_neg,OFT-0547-00,slow,3.812718593559203,392,1.8506587650650892,0.7848998531956745,0.42411916665148636,0.4647042219811598,0.4059936759343399
Cntnap_neg,OFT-0547-00,medium,4.9318676879152035,393,2.297141009299419,0.9427917218978651,0.4104196120661297,0.46268630000833505,0.37980666513911787
Cntnap_neg,OFT-0547-00,fast,6.159439846496256,394,2.152955403155103,0.874051674369233,0.40597760319992315,0.4351161365894818,0.38906279177520564
Cntnap_neg,OFT-0549-00,slow,4.183207940237719,395,2.4321760918549633,0.903274562016434,0.3713853470730928,0.3937687045791408,0.3637279701267388
Cntnap_neg,OFT-0549-00,fast,6.357824850343845,396,2.031430489135331,0.9017192977859528,0.44388390476986755,0.4801994699368309,0.41722926174543284
Cntnap_neg,OFT-0549-00,medium,5.243873709304475,397,2.672080872396448,0.9356950538779134,0.3501746760526518,0.4128780466637144,0.3089340728673181
Cntnap_neg,OFT-0582-00,slow,3.7207500421426363,398,1.7058038318200688,0.7633642801800407,0.4475100043394449,0.5115575586227415,0.4126422888064442
Cntnap_neg,OFT-0582-00,medium,4.58400759509535,399,1.8055828994821492,0.7781441255149437,0.43096560436971326,0.47663712218139886,0.40838768658002766
Cntnap_neg,OFT-0582-00,fast,5.59395265942977,400,2.0686374585532192,0.9164725812347937,0.44303199550285816,0.4658509201088249,0.43162633258444805
Cntnap_neg,OFT-0585-00,slow,4.066638758996012,401,2.254353947529611,0.8733580480212801,0.3874094611355649,0.42380799222397814,0.39429456183384304
Cntnap_neg,OFT-0585-00,medium,5.3983618366219135,402,2.7899061273110046,0.8280798792557744,0.2968128107069691,0.32283286702880143,0.3133704699619074
Cntnap_neg,OFT-0585-00,fast,6.719991686676775,403,2.715293185922052,0.9563068534378714,0.3521928528366749,0.3816151988935015,0.36539598435085446
Cntnap_neg,OFT-0598-00,fast,6.244767511523303,404,2.77250423960925,0.8822342486283967,0.31820843987338204,0.359552752370061,0.3320244167338197
Cntnap_neg,OFT-0598-00,slow,3.599549636963405,405,1.8538035929985848,0.8879884023709694,0.4790088905452064,0.5327283715435613,0.46136746664845546
Cntnap_neg,OFT-0598-00,medium,4.770641964300239,406,2.234098185004505,0.8347366402286193,0.37363471571279044,0.41435914149388425,0.35583890461441026
Cntnap_neg,OFT-0606-00,fast,5.389648625707183,407,2.264172931917226,0.8408214591087281,0.37135920461550104,0.40448231740704155,0.3663460953627816
Cntnap_neg,OFT-0606-00,slow,3.4464795281601615,408,1.8625060077699123,0.8678586066281406,0.46596284951976,0.5239123513403025,0.4517866000829138
Cntnap_neg,OFT-0606-00,medium,4.264305435075143,409,1.8535460134126618,0.9341383730845447,0.5039736625500076,0.5699324161354993,0.4936722617241596
Cntnap_neg,OFT-0612-00,fast,6.576676243672583,410,2.372580762103701,0.8269646115055731,0.34855066883890884,0.3588203866749559,0.34300642116987146
Cntnap_neg,OFT-0612-00,slow,3.884127101189324,411,1.8415454037612624,0.8924721203457118,0.4846321565153284,0.5244077503278214,0.4786180296963322
Cntnap_neg,OFT-0612-00,medium,5.0378490808814655,412,1.8807368502357906,0.7854736721812312,0.417641453711483,0.44912136485220855,0.39618413253853324
Cntnap_neg,OFT-0642-00,slow,4.234130129646491,413,2.0419738756266606,0.8843193990428485,0.4330708681429434,0.4720348860169392,0.40275844311678805
Cntnap_neg,OFT-0642-00,medium,5.349592041674349,414,2.3636597957894945,0.8938116788439163,0.37814734609274475,0.40733643599751024,0.38159745869356093
Cntnap_neg,OFT-0642-00,fast,6.487350667383042,415,2.0040472955710493,0.7818926278977184,0.39015677405703125,0.3900895978144824,0.3942672254942363
Cntnap_neg,OFT-0646-00,slow,4.043378163752198,416,2.300675316749351,0.9034503084005223,0.39268918209502807,0.41730432269241746,0.38386116730489855
Cntnap_neg,OFT-0646-00,medium,5.088286164975166,417,2.1960415281055297,0.8692910268473023,0.3958445301338258,0.43706675951506635,0.3699243206133521
Cntnap_neg,OFT-0646-00,fast,6.139646800478712,418,2.079995094609186,0.8936382029405973,0.42963476464760825,0.44161012555061196,0.41468628483178743
Cntnap_neg,OFT-0651-00,slow,3.5772142728414025,419,2.2685757033386182,0.7746754148997709,0.3414809625967942,0.38367087643629505,0.32919388683951956
Cntnap_neg,OFT-0651-00,medium,4.512567009882379,420,2.29123638645698,0.8582364780477539,0.3745735198343614,0.41847330405612715,0.36199962906477556
Cntnap_neg,OFT-0651-00,fast,5.7078214647103245,421,2.031511821790542,0.8917161548844605,0.43894214413112115,0.47014936196480933,0.4182184121874874
Cntnap_neg,OFT-0655-00,slow,4.040731954524272,422,1.696135950688931,0.9282862884642259,0.5472947425512545,0.5837196142272343,0.5419040266854521
Cntnap_neg,OFT-0655-00,medium,5.274789030558295,423,2.2186875323708715,0.9295067577070922,0.41894441833088086,0.45482445564720636,0.4027612480500967
Cntnap_neg,OFT-0655-00,fast,6.5485679044399605,424,2.0637896913283864,0.9074600001195146,0.4397056560232237,0.4584053694982534,0.44868292705118756
Cntnap_neg,OFT-0663-00,fast,5.786828558362915,425,1.6646352908724373,0.9345363301114741,0.5614060540682653,0.5835298577557377,0.5497133142546924
Cntnap_neg,OFT-0663-00,medium,4.533797903819588,426,2.0755600900054505,0.8573372583698281,0.4130630871629338,0.452563059420955,0.38656917209057884
Cntnap_neg,OFT-0663-00,slow,3.462781279433098,427,1.8956974301020806,0.8513481428737292,0.4490949501513463,0.5142350656524479,0.4156288341544536
Cntnap_neg,OFT-0667-00,medium,4.811703835524566,428,2.023360099905432,0.8384934330276586,0.4144064287255877,0.4593591340544172,0.3947650391680337
Cntnap_neg,OFT-0667-00,fast,6.070678259137377,429,2.232711214702792,0.8767442260667745,0.39268142708885106,0.41715035328672,0.38466579482482155
Cntnap_neg,OFT-0667-00,slow,3.7605706459796915,430,1.7721513346552666,0.9148707747095851,0.5162486729089383,0.5875282491410403,0.4844579522534517
Cntnap_neg,OFT-0677-00,fast,5.950185945002851,431,2.3939476286035988,0.7441084281930741,0.3108290337274906,0.32410441258937517,0.30740240238542194
Cntnap_neg,OFT-0677-00,medium,4.837735545302123,432,2.4901783301559037,0.8592627353836104,0.3450607231530338,0.37820366406116124,0.333099588949601
Cntnap_neg,OFT-0677-00,slow,3.804187200011299,433,2.0958913895499585,0.8104408520510172,0.3866807488650639,0.4102138253537482,0.3426952475926883
Cntnap_neg,OFT-0686-00,fast,6.1699482844063285,434,1.9554845178445666,0.8142950742234888,0.4164160169987159,0.4003633611856222,0.4271379265225004
Cntnap_neg,OFT-0686-00,medium,4.888533947217388,435,2.11322557718628,0.9140139409643331,0.432520763912637,0.471627166046288,0.4122459525874527
Cntnap_neg,OFT-0686-00,slow,3.8114611717392313,436,1.7673467876915352,0.920735150368853,0.5209702797329858,0.5780410066886444,0.514146566167173
Cntnap_neg,OFT-0688-00,slow,3.65183377210282,437,2.5559650993779157,0.9099185456537024,0.35599803216216186,0.3909278040520352,0.32912425953268876
Cntnap_neg,OFT-0688-00,medium,4.63916092706437,438,2.177821361947506,0.8497249861778842,0.39017203202471196,0.4418358248612704,0.37442438878829465
Cntnap_neg,OFT-0688-00,fast,5.936649374713917,439,2.0977564751628215,0.8899547577941123,0.42424121595193104,0.4380709944216108,0.4218461378327287
Cntnap_neg,OFT-0689-00,medium,4.965833423801458,440,2.035412123608622,0.923659667115669,0.4537949127855713,0.4966357160180541,0.4188450400398054
Cntnap_neg,OFT-0689-00,slow,4.0139161751769965,441,2.2800735914418118,0.8887835615127292,0.3898047698323211,0.4271479527778636,0.37556362644824626
Cntnap_neg,OFT-0689-00,fast,5.877512355231846,442,1.9698818991086782,0.8301191421973504,0.4214055383589028,0.4469623964905843,0.4196491770285359
Cntnap_neg,OFT-0690-00,slow,3.8638712995501705,443,2.0100211100045313,0.8322884619648058,0.41406951291319,0.4505163485436826,0.39168165538636085
Cntnap_neg,OFT-0690-00,medium,4.722415168161894,444,2.028644624362566,0.959006117232287,0.47273243707414886,0.5262765306853593,0.44192089910534926
Cntnap_neg,OFT-0690-00,fast,5.63932534096193,445,2.0030266906406102,0.8909967014882516,0.4448251766446966,0.4835489073265675,0.42084757694934977
Cntnap_neg,OFT-0691-00,slow,4.0368370580694855,446,2.118208997009854,0.9261362952372552,0.4372261172266878,0.4697225976137088,0.42752435511284514
Cntnap_neg,OFT-0691-00,fast,6.274096964455187,447,2.3816404035798078,0.8780827782257378,0.3686882272008422,0.39150835682799984,0.3404267786772114
Cntnap_neg,OFT-0691-00,medium,5.114679092755673,448,2.0136791654601445,0.8460432530864377,0.42014798960941174,0.45790851865784,0.38556905482012566
Cntnap_neg,OFT-0692-00,slow,3.9036555997826574,449,2.1512107151337894,0.7925079338097945,0.36840088617748745,0.41076717426436204,0.3498401026295235
Cntnap_neg,OFT-0692-00,fast,7.167711328778728,450,1.916281476907327,0.8678365759245128,0.45287531418667576,0.473367506163588,0.4389182989916218
Cntnap_neg,OFT-0692-00,medium,4.90583128670109,451,1.9383037981307514,0.9195130725375593,0.4743905849146626,0.5331039404993578,0.45957298297537175
Cntnap_neg,OFT-0695-00,medium,4.965534407398143,452,1.6152894812761718,0.9087019299066472,0.5625628968924631,0.6528848626484745,0.5208768386579289
Cntnap_neg,OFT-0695-00,fast,6.439862932363941,453,2.4589369954726408,0.8417287923754746,0.3423140950440184,0.37435395125517634,0.3259389024684694
Cntnap_neg,OFT-0695-00,slow,3.828743157990039,454,2.2168865414756667,0.8912816768089901,0.40204208024814386,0.46082564501834067,0.38196537072017145
Cntnap_neg,OFT-0696-00,fast,5.408233549828984,455,2.3228257847736016,0.8945963000141666,0.38513275764301885,0.41903065324678035,0.3652725684696524
Cntnap_neg,OFT-0696-00,slow,3.368518781833052,456,1.842337231339988,0.7895940394224716,0.4285827947189537,0.4581776398084592,0.4149253447328186
Cntnap_neg,OFT-0696-00,medium,4.176403148849725,457,2.11842391117399,0.9184778990926294,0.43356662198154033,0.4745828262939712,0.4283925658234898
Cntnap_neg,OFT-0697-00,medium,4.785475306960225,458,1.9811778180921922,0.8217149725106208,0.4147608382279914,0.4569021228068144,0.408828745524645
Cntnap_neg,OFT-0697-00,fast,5.917531453997583,459,1.8423200220433122,0.8459560097675312,0.45917972971345317,0.4647903334446895,0.46462457908685195
Cntnap_neg,OFT-0697-00,slow,3.8937192361573043,460,1.8029855213293668,0.8748123088878016,0.48520207097547297,0.5152820235243624,0.4909897323035544
Cntnap_neg,OFT-0698-00,fast,6.348781063777389,461,2.063067829356541,0.8689126171310293,0.4211750116824991,0.4446598226971435,0.4008444273344671
Cntnap_neg,OFT-0698-00,medium,4.5976274905860155,462,1.9829930071030402,0.8940257799660808,0.45084666298050413,0.51412705109283,0.39580870664019296
Cntnap_neg,OFT-0698-00,slow,3.5450560703821585,463,1.8439342778038559,0.8612782601199365,0.46708728748495715,0.5124013771826659,0.4495027364002715
Cntnap_neg,OFT-0699-00,fast,6.502333134835981,464,2.462984362447819,0.8026574565482602,0.32588816591208275,0.34065414658439486,0.31284592536480116
Cntnap_neg,OFT-0699-00,medium,4.814440045966204,465,2.2579173902010092,0.9097260752456289,0.4029049420469016,0.45181936888731067,0.3812598968763121
Cntnap_neg,OFT-0699-00,slow,3.8390915461919404,466,2.124383750108972,0.8774983288595704,0.4130601774818501,0.46651278589107925,0.41062185741292634
Cntnap_neg,OFT-0700-00,fast,5.6696028775149205,467,2.126942079088375,0.9240014231825988,0.43442716765405925,0.43946730983968624,0.4246487788633659
Cntnap_neg,OFT-0700-00,slow,3.346868026075389,468,1.7874588565202074,0.8432585655685955,0.4717639024208009,0.5173563287020234,0.4513761203539416
Cntnap_neg,OFT-0700-00,medium,4.274661005277629,469,1.9765631854130687,0.835130695277165,0.4225165688809673,0.46676825258125304,0.3782377264417235
Cntnap_neg,OFT-0701-00,fast,6.115607431163736,470,2.3719395522524955,0.8896734092568706,0.37508266532846446,0.3972953351554219,0.38463737816411303
Cntnap_neg,OFT-0701-00,medium,4.867667772513428,471,2.1321219136295713,0.8910341294606878,0.41790955937592483,0.46033642181567946,0.3959583361738115
Cntnap_neg,OFT-0701-00,slow,3.698913598733187,472,1.8096042762374895,0.7845340062731836,0.4335389878191372,0.4633050812001426,0.42554471435050745
Cntnap_neg,OFT-0703-00,fast,6.27139383083509,473,2.2513053573610855,0.8806871521783273,0.39118956000293226,0.41783147421568917,0.37413071524695124
Cntnap_neg,OFT-0703-00,slow,3.725405333675922,474,2.05812487511523,0.8972154423621836,0.43593829179677474,0.4763199849774468,0.3929981638834161
Cntnap_neg,OFT-0703-00,medium,4.937976936845882,475,2.1050099993222844,0.8593704778275997,0.4082500691703494,0.4659144112639307,0.37743699946949855
Cntnap_neg,OFT-0704-00,fast,5.892844422027875,476,2.1197426157340318,0.9218239880693997,0.4348754330960069,0.4583184389877905,0.4131319356102107
Cntnap_neg,OFT-0704-00,slow,3.361044649937702,477,1.8705964075888852,0.8912182082573723,0.47643532546184697,0.49668844874906953,0.4493408743661945
Cntnap_neg,OFT-0704-00,medium,4.3103325952829765,478,2.1994217609482343,0.8039691321780147,0.36553659077711426,0.39859755190287816,0.3683603180594256
Cntnap_neg,OFT-0705-00,fast,6.244479647494012,479,2.0465251216451823,0.8489286600065684,0.41481467831878976,0.42469619050343554,0.4156722062282857
Cntnap_neg,OFT-0705-00,medium,4.9571154556770605,480,2.105811356402449,0.6645613430498587,0.31558446155651376,0.3577908095159212,0.2806533670415885
Cntnap_neg,OFT-0705-00,slow,3.727524030032942,481,1.6035498861663888,0.9313257029089056,0.5807899778755424,0.6107143340707402,0.5600518369802173
Cntnap_neg,OFT-0706-00,fast,5.201702426023587,482,1.7905991788921916,0.8847089487998209,0.49408542080711376,0.5171017289098075,0.4838028953411237
Cntnap_neg,OFT-0706-00,medium,4.146110397793115,483,1.9083284841794084,0.8247428360753812,0.43218075028106345,0.47918491606994273,0.4057541592332785
Cntnap_neg,OFT-0706-00,slow,3.372057009507776,484,1.9264645615329594,0.7887795823965029,0.4094441175543046,0.45128345789819957,0.38218915813357857
Cntnap_neg,OFT-0707-00,fast,6.876719463289083,485,2.2793864853755843,0.8700171705402728,0.3816891852795716,0.4068672340152922,0.38854483825675434
Cntnap_neg,OFT-0707-00,slow,3.8838770191093936,486,2.2095285705513894,0.9685417933244506,0.43834771192062494,0.48350371273318316,0.4263772980768227
Cntnap_neg,OFT-0707-00,medium,5.143082991574786,487,1.9827560285524362,0.8170383184469079,0.41207203845619295,0.4383489623229233,0.42109968014384586
Cntnap_neg,OFT-0709-00,fast,6.454265398061236,488,2.4928311216533334,0.8827063883460731,0.3540979493872136,0.39097635699222455,0.3296722984967686
Cntnap_neg,OFT-0709-00,slow,3.696931819014133,489,2.0388059743901414,0.8455130041152672,0.41470989134617464,0.4710196943617536,0.39994184314296555
Cntnap_neg,OFT-0709-00,medium,4.977523315695119,490,2.070689967297325,0.9111155083311577,0.4400057578490855,0.4777038799866635,0.41161927302743484
Cntnap_neg,OFT-0710-00,fast,6.135802921326049,491,2.3989756883195654,0.7657111584248046,0.31918254201282464,0.3311493695284129,0.3068552334525608
Cntnap_neg,OFT-0710-00,medium,4.507330903387227,492,1.7275997179831157,0.9055434480455249,0.5241627667679296,0.5609049008362044,0.5025929909236473
Cntnap_neg,OFT-0710-00,slow,3.4904000334883705,493,1.8723150671230226,0.8403247126694366,0.4488158683467039,0.4688191183825848,0.40599210775599276
Cntnap_neg,OFT-0711-00,fast,6.616313700238676,494,2.415873234443831,0.8651550164886267,0.35811275366350004,0.37738984564326683,0.3609402105969425
Cntnap_neg,OFT-0711-00,medium,5.139954179396362,495,1.7924119198440784,0.8872621078709771,0.495010158127134,0.5173152801916727,0.4769599989538983
Cntnap_neg,OFT-0711-00,slow,3.8744944654610993,496,2.3778896862891505,0.8746170750368926,0.3678123001583764,0.4242368601070804,0.3538455402649303
TSC_het,OFT-0361-00,slow,3.419626891953628,497,1.872384111534598,0.9128890909353382,0.48755438871308204,0.5460618560834892,0.44348781768719814
TSC_het,OFT-0361-00,fast,5.118090242377209,498,2.247964488543855,0.8923277308680237,0.39694921134899214,0.4305159411180267,0.3970341746946096
TSC_het,OFT-0361-00,medium,4.187573076382086,499,1.82878568336589,0.8986102663897235,0.49136991532863844,0.5429359002134686,0.4583834752264595
TSC_het,OFT-0373-00,fast,4.815349727651607,500,1.7020825029647402,0.8722971186712076,0.512488153278007,0.5455797222310289,0.4812115673873786
TSC_het,OFT-0373-00,medium,3.9491578992332546,501,1.7184030910996437,0.8626048438365104,0.5019805005614315,0.5369176296264055,0.46298545151518483
TSC_het,OFT-0373-00,slow,3.243045822443131,502,1.252285324071908,0.6935066025147227,0.5537928051889399,0.6040751664824209,0.49664856422746656
TSC_het,OFT-0378-00,fast,4.879893136600591,503,1.9028868352029276,0.943245546905906,0.49569187691884814,0.5354705162901838,0.4753480584607762
TSC_het,OFT-0378-00,slow,3.241132876983076,504,1.270906954624331,0.829790418670489,0.6529120134650359,0.6874924884300117,0.6388069464799211
TSC_het,OFT-0378-00,medium,4.020306750414915,505,1.7036963926302733,0.8248403964165386,0.48414752768425967,0.5393674150644232,0.45434590619126536
TSC_het,OFT-0387-00,fast,5.933890611763947,506,1.8557982432810234,0.8507571603206759,0.4584319245914093,0.48385639721577967,0.41815828982948533
TSC_het,OFT-0387-00,medium,4.645958662225913,507,1.8111761520107157,0.8627277612187574,0.4763356453545293,0.5353868337026433,0.43348785644233345
TSC_het,OFT-0387-00,slow,3.5662141756815373,508,1.6189436755570932,0.7050138599554494,0.43547769486967963,0.46080742351892723,0.4211225235489044
TSC_het,OFT-0392-00,fast,4.437565651605549,509,1.801219810134202,0.8038210130190242,0.44626480815749775,0.4844014848097213,0.43351109002078436
TSC_het,OFT-0392-00,slow,3.0405277229795646,510,1.325031180703919,0.777521938104664,0.5867952010696138,0.6111097017709823,0.573937061607094
TSC_het,OFT-0392-00,medium,3.6098206860536055,511,1.0792877712424935,0.8522819257530201,0.7896706962331829,0.8052923560900246,0.7523292687194623
TSC_het,OFT-0393-00,slow,4.21206983165804,512,2.086154216510975,0.9521951430558907,0.4564356438846626,0.5138136798839715,0.45114880650469447
TSC_het,OFT-0393-00,fast,6.274401346043543,513,2.24312560974528,0.8754891527078936,0.39029876387854645,0.41464905749342373,0.36386663980892553
TSC_het,OFT-0393-00,medium,5.285607897765083,514,1.8168196146649747,0.8728090300374762,0.48040489159867644,0.5391571359617859,0.43731118416927034
TSC_het,OFT-0396-00,fast,4.134170868281322,515,1.5256904497125512,0.7483624206087963,0.4905073770041571,0.5231649101976247,0.4927464304626551
TSC_het,OFT-0396-00,slow,2.9221365192339483,516,1.0560986546363946,0.609113194390991,0.5767578546918074,0.5720750789685461,0.5925795559288104
TSC_het,OFT-0396-00,medium,3.505749107755291,517,1.4636954817468544,0.8050948010513029,0.5500425539952195,0.6130808589149441,0.5043755571460863
TSC_het,OFT-0397-00,medium,4.07481020871557,518,1.7624545085486152,0.7850049089471778,0.4454043523617701,0.4958309888126879,0.44171868627404753
TSC_het,OFT-0397-00,fast,4.846362924895332,519,2.0529627557149417,0.8912818273131322,0.43414417764376073,0.46465731163211044,0.4409855836031039
TSC_het,OFT-0397-00,slow,3.0640706501330524,520,1.594436449753294,0.6353476057845895,0.39847784832245675,0.45490959395015274,0.3436554319493438
TSC_het,OFT-0408-00,slow,2.8074135073542275,521,1.3168445284314005,0.6357354764644476,0.4827718555520926,0.52668692841497,0.4726917353626374
TSC_het,OFT-0408-00,fast,4.139571536590126,522,1.2395859198777217,0.7530242265974523,0.6074804614364561,0.6312866760281519,0.5916802712690477
TSC_het,OFT-0408-00,medium,3.3498253722765177,523,1.24278270974075,0.7108617158281925,0.5719919582534918,0.590006887527353,0.5671264274021083
TSC_het,OFT-0409-00,fast,5.302853773996912,524,1.7242101921191895,0.7913045339267701,0.45893739495542296,0.4639473347953678,0.47733458907578674
TSC_het,OFT-0409-00,slow,3.5005225894615983,525,1.5542468634384823,0.8266543909858973,0.5318681416908754,0.5720276868735041,0.4759048701618748
TSC_het,OFT-0409-00,medium,4.267083575546266,526,1.864374540561676,0.8513507225670436,0.4566414655665481,0.5189525888772356,0.424305429323917
TSC_het,OFT-0413-00,fast,5.3406544296555625,527,1.7478202375848721,0.8542240557344669,0.48873679189962277,0.5174009616330184,0.4714762110834617
TSC_het,OFT-0413-00,medium,4.197026629814942,528,1.7277090135469277,0.7472516863657833,0.4325101510188345,0.48984587479043395,0.3654304422498231
TSC_het,OFT-0413-00,slow,3.402293158043908,529,1.5253653067442836,0.8137810294312218,0.5334991072847616,0.5931277793882076,0.45265229656794537
TSC_het,OFT-0459-00,slow,3.2960308145308645,530,1.9670271330819677,0.8856212802577574,0.4502333828360327,0.48508288388210147,0.40784798022467994
TSC_het,OFT-0459-00,fast,4.765729932380107,531,1.8132652186233944,0.8869518749578931,0.48914624614663627,0.5217172987942634,0.4542221942934826
TSC_het,OFT-0459-00,medium,3.964677377806075,532,1.9236972205991931,0.8751962214504736,0.45495528718280703,0.48599275114394497,0.4187174261082516
TSC_het,OFT-0462-00,slow,3.4480126053628526,533,1.5193014135628873,0.8148410682549333,0.5363261437005207,0.5667209704795761,0.4892378493952281
TSC_het,OFT-0462-00,fast,5.235411257322123,534,2.01524557426421,0.8703337420708468,0.43187478150826153,0.46206508975347127,0.4161777210233288
TSC_het,OFT-0462-00,medium,4.215208677523861,535,1.91905063486463,0.9506863169017561,0.495394076440728,0.5425717757740949,0.47101154869651246
TSC_het,OFT-0467-00,slow,3.0629231313780947,536,1.8164267043130518,0.8243176683507694,0.453812788808627,0.4943680940798981,0.41153514376195555
TSC_het,OFT-0467-00,fast,4.774832708579599,537,1.6191954106573665,0.8359349403472441,0.516265630970303,0.5498280056435492,0.49428425830500256
TSC_het,OFT-0467-00,medium,3.81363962150172,538,1.5205473378115315,0.8908921665526202,0.5859022895234876,0.6135851224591484,0.5756561845066822
TSC_het,OFT-0470-00,medium,3.9841189940505752,539,1.6176381850359207,0.8669122341871267,0.5359123209420754,0.5579596490717726,0.5117000292957197
TSC_het,OFT-0470-00,fast,4.959452478403523,540,1.780044962229083,0.9090710893785201,0.5107011950080883,0.5353188698677533,0.48177398221052226
TSC_het,OFT-0470-00,slow,3.2586587032652945,541,1.6398897853918823,0.7444355934640885,0.45395464993776496,0.48811781848184094,0.40706300322483063
TSC_het,OFT-0475-00,slow,3.00321683317995,542,1.3905216021815414,0.7733125355361129,0.5561312634934182,0.588034197024428,0.5700505562992885
TSC_het,OFT-0475-00,fast,4.346519400390236,543,1.1948079290756943,0.8170280269535771,0.6838153707145479,0.7189823071623195,0.6609306227779006
TSC_het,OFT-0475-00,medium,3.537839775933996,544,1.1979166281861906,0.9422671421524699,0.7865882482816781,0.8183864227374114,0.7628631894871758
TSC_het,OFT-0480-00,fast,4.942616544683189,545,1.9966635901508651,0.93815152802735,0.469859586089044,0.4817991937891727,0.4330590358662459
TSC_het,OFT-0480-00,slow,3.147947195323722,546,1.6276031277557008,0.9190821288626505,0.5646844204151729,0.6025722275465604,0.5522705380972928
TSC_het,OFT-0480-00,medium,3.9305116481609623,547,1.6960646297271382,0.9750685745247029,0.5749006007404159,0.6254623548533511,0.5373971642349578
TSC_het,OFT-0485-00,fast,4.602552081524757,548,1.374959639874428,0.9598525498757738,0.698095072785871,0.7511702480707606,0.66566459619841
TSC_het,OFT-0485-00,medium,3.8271392356465626,549,1.7123586352697802,0.84447965585569,0.4931675166999366,0.5200584811555645,0.4603633584147668
TSC_het,OFT-0485-00,slow,3.113407969145154,550,1.5390873890007146,0.8438599686896892,0.548285935366921,0.6145568605374317,0.5247233603478101
TSC_het,OFT-0489-00,medium,3.933588033947638,551,1.5277872460579653,0.8711902033665482,0.5702300537031022,0.6059471986544089,0.5459182687797466
TSC_het,OFT-0489-00,fast,4.847693272093236,552,1.3356597216230899,0.7549810085318004,0.5652495140112106,0.5777116683590223,0.53869786479397
TSC_het,OFT-0489-00,slow,3.2481572132971808,553,1.6333406886357784,0.7988910707298107,0.48911477947510856,0.5347732616742451,0.4581581499918739
TSC_het,OFT-0513-00,slow,3.0370197524981504,554,1.3963973283956177,0.8261912863025831,0.5916591714278275,0.6249818519283759,0.5497314685564761
TSC_het,OFT-0513-00,fast,4.4749657241234315,555,1.7309824821130706,0.8573866141904798,0.4953179035895488,0.5278297456828306,0.4822417332938116
TSC_het,OFT-0513-00,medium,3.661723614498213,556,1.8522762535653834,0.8053932057618689,0.4348126820778461,0.49085115754552544,0.39209590909224434
TSC_het,OFT-0514-00,slow,3.423675869620811,557,1.6848762316661923,0.7798584753946871,0.4628580193237557,0.5088218987501552,0.423205337416489
TSC_het,OFT-0514-00,medium,4.240947024902,558,1.9319901913145399,0.8536533221875982,0.4418517889093248,0.4799329718703311,0.4099668075571073
TSC_het,OFT-0514-00,fast,5.242410591116326,559,2.0030517598986957,0.8797242984786404,0.4391919949802658,0.48287860216828143,0.41252018098256765
TSC_het,OFT-0525-00,slow,3.4445964113107994,560,1.6076326143231159,0.8792403772215481,0.5469162353313832,0.5924015456174002,0.5091345221495471
TSC_het,OFT-0525-00,medium,4.5491740512797705,561,1.9431395930950732,0.8914105459106297,0.4587475594024475,0.4972251743597699,0.44439795433834217
TSC_het,OFT-0525-00,fast,5.7575463184741125,562,1.9749912899808895,0.8619370419551385,0.4364257434084577,0.46328323312534386,0.40618216002246377
TSC_het,OFT-0526-00,medium,3.7827008062466962,563,1.5821830779477095,0.9179544039975827,0.5801821652575662,0.6340900249848662,0.5256959984953553
TSC_het,OFT-0526-00,fast,4.54378922686998,564,1.7412277913959018,0.8692285560576197,0.499204389197567,0.5479905179445199,0.47692015139494814
TSC_het,OFT-0526-00,slow,3.0748923598629636,565,1.7289315321861964,0.8656176904762168,0.5006662637366918,0.5678091385346093,0.43441004996269644
TSC_het,OFT-0531-00,medium,4.169105149091265,566,2.3151264320961706,0.8763720783175919,0.37854177904405145,0.40859979707174554,0.3625650586951058
TSC_het,OFT-0531-00,fast,5.267694181565763,567,1.6646703191103276,0.9131724078024794,0.5485605151478393,0.5830347338110259,0.5225139877921521
TSC_het,OFT-0531-00,slow,3.405130559504288,568,1.66190512746348,0.8361420959026671,0.5031226404475012,0.5662687389311873,0.4422179661408317
TSC_het,OFT-0532-00,medium,3.598450416898007,569,1.9088960591279087,0.9121365244698698,0.4778345683664857,0.505314693882913,0.4272470305030247
TSC_het,OFT-0532-00,slow,2.959640703142746,570,1.3178978331096962,0.7488692773358819,0.5682301454042601,0.5951752396770076,0.5318630336479127
TSC_het,OFT-0532-00,fast,4.3421238682530925,571,1.822003347718021,0.8878810470645732,0.4873103269412787,0.5033116468028559,0.4943265758132188
TSC_het,OFT-0536-00,medium,4.140733878079817,572,1.5993853363884418,0.8505291403565476,0.5317850057804832,0.5751452262663301,0.4986082902119698
TSC_het,OFT-0536-00,fast,5.250774305660139,573,1.6312379904065506,0.8383813788863939,0.5139540544157174,0.5339328666548708,0.4972661951229692
TSC_het,OFT-0536-00,slow,3.3220375824962285,574,1.4508938511477614,0.8546709952836895,0.589065143950802,0.63770668082908,0.5451996228995304
TSC_het,OFT-0537-00,medium,3.984304277650441,575,1.8104665164109481,0.8508829825886548,0.46997996089728145,0.4913026690570569,0.4502160716479542
TSC_het,OFT-0537-00,fast,4.772200724887549,576,1.8977348189655736,0.8355535947649257,0.44028996381084123,0.4901288876825115,0.40326792534447664
TSC_het,OFT-0537-00,slow,3.2264977531199066,577,1.4164561003437486,0.7064668940196104,0.49875664614537896,0.539084139223434,0.4323605754538856
TSC_het,OFT-0544-00,medium,4.17626279223367,578,1.7715570612532674,0.8428787060273397,0.4757841135701579,0.5306169483102327,0.4473360711540402
TSC_het,OFT-0544-00,fast,5.112103156141091,579,1.764815094525275,0.898121863028149,0.5089042278787504,0.545067908361947,0.4721712513018156
TSC_het,OFT-0544-00,slow,3.4096558945317392,580,1.5017218978506632,0.8918735264328262,0.5939005935182264,0.653445496879896,0.5662224613632743
TSC_het,OFT-0588-00,slow,3.2751089797361885,581,1.501672263477779,0.796703160097172,0.5305439671983135,0.579798816146877,0.47235280609993446
TSC_het,OFT-0588-00,medium,4.086668893842042,582,1.6048521665326592,0.8490006657691085,0.5290211045441058,0.5696370173152422,0.5000447329856392
TSC_het,OFT-0588-00,fast,5.031387084227271,583,1.5571317532964244,0.9443382562960404,0.6064600855366866,0.6458875404942501,0.5680013660547445
TSC_het,OFT-0589-00,slow,3.3225275363309135,584,1.8528955222991204,0.9007938759431122,0.4861547049481689,0.5183274093879354,0.4601641057561305
TSC_het,OFT-0589-00,medium,4.021713796513256,585,2.180560237565609,0.9321776376560751,0.4274945592407775,0.4703851034961276,0.3843175907489634
TSC_het,OFT-0589-00,fast,4.892822606499282,586,1.8530867446255115,0.8535177552750505,0.4605924454160062,0.4656300329387951,0.511618740311357
TSC_het,OFT-0591-00,slow,3.290860541171443,587,1.67376180966997,0.7295398514803104,0.43586838178854137,0.4780303955465398,0.41839518167220513
TSC_het,OFT-0591-00,fast,4.749665310871011,588,1.768317469190125,0.8858619125299814,0.5009631629866208,0.5314210568034292,0.4907247852672113
TSC_het,OFT-0591-00,medium,4.005766349865509,589,1.7842268506392227,0.6112665282974943,0.3425946247129394,0.366900224165421,0.337072353986853
TSC_het,OFT-0592-00,fast,4.68085535017843,590,1.477906264499753,0.7969435554656661,0.5392382281669389,0.546258093084875,0.5286439849117248
TSC_het,OFT-0592-00,medium,3.778605257456572,591,1.5636250821481954,0.9642095896776992,0.6166501168892828,0.7047826481666407,0.5347326025412422
TSC_het,OFT-0592-00,slow,3.135520727059829,592,1.3990043357794146,0.6805755919858876,0.48647139582074606,0.5077852892286617,0.47229960309998886
TSC_het,OFT-0594-00,medium,3.770236669281564,593,1.4896550904434398,0.9216047682363486,0.6186699016092415,0.6523685545972095,0.590275206397777
TSC_het,OFT-0594-00,slow,2.9868614215034555,594,1.2893039410251999,0.8134615019257563,0.6309307495631528,0.65738887371222,0.597182740794779
TSC_het,OFT-0594-00,fast,4.581509709528583,595,1.3974381187844793,0.6248715230043054,0.4471550579626607,0.4653804279785867,0.43382761462538555
TSC_het,OFT-0595-00,fast,4.576833452162426,596,1.7922498499297526,0.8555156666410937,0.47734174265637447,0.5189422103461896,0.413639228006091
TSC_het,OFT-0595-00,medium,3.744264129730356,597,1.872765328762804,0.7165669596992686,0.3826250671634608,0.41012339300374334,0.3662916333542911
TSC_het,OFT-0595-00,slow,2.919864967677507,598,1.3702692698776442,0.7243878756276494,0.5286463701344863,0.5630869398088585,0.4991036165526588
TSC_het,OFT-0601-00,medium,4.411932492079069,599,2.025063802172918,0.8125946259393301,0.4012686538900187,0.4574791608072424,0.34323695744038424
TSC_het,OFT-0601-00,fast,5.674193182867084,600,1.9507197662309153,0.684744598063961,0.351021510069071,0.37480475536666547,0.34446800894634805
TSC_het,OFT-0601-00,slow,3.546844955979985,601,1.9188135493192684,0.8811222705828659,0.4592016097110941,0.48760594123142975,0.41313828218753207
TSC_het,OFT-0602-00,fast,5.601183804357186,602,1.586112850844799,0.8956704200018987,0.5646952671273325,0.5706299676095739,0.5767119501212368
TSC_het,OFT-0602-00,medium,4.386958326674186,603,2.1153787828924324,0.9029931113793115,0.4268706477922677,0.4557313668188345,0.41470584028487767
TSC_het,OFT-0602-00,slow,3.351393495018428,604,1.5444138571966444,0.8252327816614069,0.5343339661296066,0.5828681181964803,0.49401871702634126
TSC_het,OFT-0604-00,medium,4.077361282809722,605,1.6175436357093875,0.7752888135082906,0.47930009206105967,0.4867668368783735,0.47489421323533665
TSC_het,OFT-0604-00,slow,3.2369881439642003,606,1.366590970215657,0.716933097192753,0.5246142502168124,0.518028851539915,0.5303909732140183
TSC_het,OFT-0604-00,fast,5.25408961737121,607,1.2801049184420268,0.6854337651438029,0.5354512394015497,0.5506309310318167,0.5440630588000583
TSC_het,OFT-0610-00,fast,5.32406526866639,608,1.5212049407186288,0.8910343219682185,0.5857424585718787,0.5953369434267224,0.5745980689910634
TSC_het,OFT-0610-00,slow,3.3228636325889513,609,1.4862967898613533,0.8578612500903309,0.577180315494293,0.5779336950105425,0.5909506457545464
TSC_het,OFT-0610-00,medium,4.091862422093883,610,1.328022000381006,0.6906021426513959,0.5200231189342225,0.544905897702014,0.5009658283590931
TSC_het,OFT-0614-00,fast,5.00223156375755,611,2.0607492961313527,0.9046134163487837,0.438973056085481,0.4618497735077285,0.43262659387832225
TSC_het,OFT-0614-00,slow,3.236930864681304,612,1.4781673547445524,0.8309018216789041,0.5621162035624142,0.6268574543978283,0.5221194761656788
TSC_het,OFT-0614-00,medium,4.109349585836475,613,1.6563920803047127,0.997986333410586,0.6025061006250372,0.6611549585970751,0.5563652657280682
TSC_het,OFT-0617-00,slow,3.5903810054460044,614,1.8837894314573398,0.8939380480467123,0.4745424478547704,0.525441526354137,0.4483156173219164
TSC_het,OFT-0617-00,medium,4.308088575821897,615,1.7398906613947178,0.9300541010192558,0.5345474412016862,0.5894577811493594,0.4867164853980716
TSC_het,OFT-0617-00,fast,5.2513217154614,616,2.1346381541280004,0.8396442322505482,0.393342651833909,0.42867128493706086,0.3673460279537915
TSC_het,OFT-0620-00,slow,3.0509696397164423,617,1.5938682555401664,0.8507591461079633,0.533770054802703,0.60057431244502,0.47466354946498235
TSC_het,OFT-0620-00,fast,4.404956139717635,618,1.6345099125901947,0.8770812698967075,0.5366019888535297,0.6072796461138263,0.48817589949991047
TSC_het,OFT-0620-00,medium,3.6539329159567644,619,1.7039595342050147,0.9253013778236698,0.543030136132529,0.6163065258556059,0.4941330941797448
TSC_het,OFT-0621-00,slow,2.9679841802273645,620,1.3861518698611117,0.7611432386656352,0.5491052280886793,0.5926017722061083,0.48190372566344153
TSC_het,OFT-0621-00,medium,3.6210815971248764,621,1.5515612230689935,0.912011022887885,0.5878021500717349,0.6520887817163168,0.520890905529175
TSC_het,OFT-0621-00,fast,4.555951220546944,622,1.5653232183284127,0.8641751389398324,0.5520745676172064,0.6050783270381261,0.4926842013871073
TSC_het,OFT-0624-00,slow,2.9820569955346206,623,1.4983543802070163,0.9476759433538351,0.6324778409383379,0.6853187021624516,0.6247280596592497
TSC_het,OFT-0624-00,medium,3.5942801589391187,624,1.7497018171458214,0.8076783099307059,0.4616091164883287,0.4818793570323131,0.4409099047468032
TSC_het,OFT-0624-00,fast,4.482360186800396,625,1.6261643128461079,0.8515324641855473,0.5236447863593795,0.5537618336882245,0.5120347284714593
TSC_het,OFT-0628-00,fast,4.437266841828403,626,1.694610535822094,0.9278296160976388,0.5475179083833134,0.586229286594393,0.5157702168629497
TSC_het,OFT-0628-00,medium,3.6002656703958937,627,1.6616559289191506,0.8662201100772375,0.5212993225623331,0.5920263281762179,0.46460303745095377
TSC_het,OFT-0628-00,slow,2.92626962399541,628,1.4437299223478142,0.7834766710564517,0.5426753708770895,0.6031591730176943,0.46470157577054605
TSC_het,OFT-0630-00,medium,4.0107034450908285,629,1.6604831899281194,0.8991391339936836,0.541492464029465,0.5947477744969742,0.49521737814920136
TSC_het,OFT-0630-00,slow,3.3756859977536635,630,1.615746789634938,0.8321460602310117,0.5150225676258511,0.5694118301095925,0.4941818253072776
TSC_het,OFT-0630-00,fast,4.949014597612415,631,1.4785982447480173,0.7366136193409172,0.4981837506958835,0.5303873257130332,0.46741260177807037
TSC_het,OFT-0632-00,medium,3.325985845058851,632,1.3980654195695683,0.8358178035320984,0.5978388363181368,0.6610856322945919,0.5885511398352101
TSC_het,OFT-0632-00,fast,3.7592507380281908,633,1.5691692664609305,0.7034942493100624,0.4483227299606165,0.4907467629083584,0.42271527307471135
TSC_het,OFT-0632-00,slow,2.7488949761350217,634,1.2466236220173226,0.8629366849396966,0.6922191026215815,0.7209777180990451,0.6547971421412995
TSC_het,OFT-0634-00,medium,3.9955973311181747,635,1.4619154412657291,0.904411754011863,0.6186484720544586,0.6650641867336382,0.6137764009913229
TSC_het,OFT-0634-00,slow,3.192181584183549,636,1.6683813685658977,0.8882321734524683,0.5323915683714283,0.5654073170777362,0.48893063971350154
TSC_het,OFT-0634-00,fast,4.935630373348878,637,1.7431211261423163,0.9261070193401222,0.5312924073094566,0.5755732199210462,0.5241353905889083
TSC_het,OFT-0636-00,medium,4.409732611642123,638,1.8084741794165404,0.9250393944888384,0.5115026827683432,0.5774615204646221,0.4514292996171094
TSC_het,OFT-0636-00,slow,3.459523931204233,639,1.7272552524781493,0.8131914902234666,0.47079983636278094,0.5102132615033748,0.41194283034847395
TSC_het,OFT-0636-00,fast,5.43660862681581,640,1.814137736187134,0.8154748504709478,0.4495109903754458,0.5249537881030643,0.39451003711135363
TSC_het,OFT-0640-00,slow,2.926225068160577,641,1.3491128747137047,0.9074761700111319,0.6726465865235386,0.7091073878658365,0.6469937250490448
TSC_het,OFT-0640-00,fast,4.4507298595260405,642,1.6576778577197964,0.8098706260329237,0.48855730458204577,0.5353661651224915,0.45542392464932374
TSC_het,OFT-0640-00,medium,3.630683294153806,643,1.3749321685642348,0.7715822881096891,0.5611784390174023,0.606603777642866,0.5168527441821863
TSC_het,OFT-0647-00,slow,3.8380772906101113,644,2.3832990101118057,0.8789614233686281,0.3688003140350376,0.40191624185950436,0.33921236929259296
TSC_het,OFT-0647-00,fast,5.715284831935742,645,1.6494548974696392,0.8956718155790635,0.5430107952348844,0.636411533495354,0.5341041524973598
TSC_het,OFT-0647-00,medium,4.811456557638372,646,2.277756942063727,0.89036929007982,0.3908974103589448,0.44529821825745264,0.36245262626358876
TSC_het,OFT-0650-00,slow,3.3994000308037746,647,1.758803167776496,0.9132036043538708,0.5192187625567879,0.5771624734729868,0.4931644703493611
TSC_het,OFT-0650-00,fast,5.529337350161906,648,1.953993443242774,0.8731119814952326,0.44683465265177597,0.49841472836987,0.4393511401426615
TSC_het,OFT-0650-00,medium,4.391905756659091,649,1.8182066508911146,0.8806856406950828,0.484370486854975,0.5587773314994708,0.42556640502874216
TSC_het,OFT-0657-00,slow,2.973970746946235,650,1.5959356457110472,0.7475080881939297,0.4683823500043999,0.5171395667604581,0.41783498380925876
TSC_het,OFT-0657-00,medium,3.5880472042015277,651,1.4973436358759227,0.7851032998067003,0.5243307421194783,0.5824920701678522,0.45960785373867064
TSC_het,OFT-0657-00,fast,4.4036968912874555,652,1.5471375968712486,0.892315182762131,0.576752309921655,0.6720652396342842,0.5260869665421191
TSC_het,OFT-0661-00,medium,3.661372132875363,653,1.639835906806313,0.7767149762128258,0.4736540851368041,0.5326632192638459,0.4300187686928566
TSC_het,OFT-0661-00,fast,4.477672347077052,654,1.360336379350486,0.7799608507639944,0.5733588122787682,0.5759236279062443,0.5551974230285212
TSC_het,OFT-0661-00,slow,3.0202780086584164,655,1.157809565206519,0.8279206359306472,0.7150749663939515,0.7372520671704372,0.7130190780956778
TSC_het,OFT-0668-00,fast,5.9356814302407,656,2.054573101830656,0.8867552582115632,0.4316007337103025,0.4693372908526266,0.4193908677509828
TSC_het,OFT-0668-00,slow,3.5745264128007737,657,1.9506493955898865,0.8643998308822831,0.44313439044277053,0.49046014079107125,0.38269490188505484
TSC_het,OFT-0668-00,medium,4.709985933979223,658,1.9803784646509266,0.9041469301508424,0.45655259653119523,0.5169811236810437,0.40247029603339857
TSC_het,OFT-0670-00,medium,3.6179667701916807,659,1.3300659778524226,0.9157304721420908,0.6884849980304478,0.7273542651083406,0.6538591069418366
TSC_het,OFT-0670-00,slow,3.0011316057451705,660,1.352420978446914,0.692608627739536,0.5121250252527954,0.5281740799271057,0.4712193063544407
TSC_het,OFT-0670-00,fast,4.4087851454880225,661,1.3326633443769345,0.7549646556184413,0.5665081573706922,0.5959372743491508,0.5403232097547452
TSC_het,OFT-0674-00,slow,2.9076134952358,662,1.2398046913720895,0.7058632201025797,0.5693342064397274,0.5897909643742647,0.5530057610337512
TSC_het,OFT-0674-00,fast,4.342793971653286,663,1.3428879004392418,0.8987345579578034,0.6692550864922073,0.721651481267602,0.6336575078260678
TSC_het,OFT-0674-00,medium,3.663163925002434,664,1.536633224062238,0.9253902040756938,0.602219312705823,0.6633452763772928,0.5940247478653201
TSC_het,OFT-0678-00,medium,3.9836309360264703,665,1.1806706032029088,0.8316336902660684,0.7043740125400112,0.7116999211933739,0.706945844217975
TSC_het,OFT-0678-00,fast,4.957454383954987,666,1.175581504430834,0.7198891296792078,0.612368540136013,0.6179463420448332,0.5927583852376658
TSC_het,OFT-0678-00,slow,3.312993853930357,667,1.368499964522729,0.7898923072319212,0.5771957089581657,0.5904737213794577,0.5674064011983035
TSC_het,OFT-0682-00,slow,2.789309260449303,668,1.028940413912251,0.6129806491954105,0.5957396958145781,0.5882075723907851,0.5873961630108422
TSC_het,OFT-0682-00,fast,3.803719768779206,669,1.2483116368725984,0.7474987730481711,0.5988078224768325,0.6274632434599401,0.5869872133980848
TSC_het,OFT-0682-00,medium,3.311268513595471,670,1.3107686925791096,0.6007716295816734,0.458335351601644,0.4765945050353595,0.44747250337667444
TSC_het,OFT-0683-00,medium,4.94869888064107,671,2.2199349886145128,0.8887926392187783,0.40036876925548354,0.42646752410438427,0.385354345314773
TSC_het,OFT-0683-00,fast,6.079743293890903,672,1.6839832459335229,0.9229745842113137,0.5480901228917269,0.6044258871822648,0.5608940514045696
TSC_het,OFT-0683-00,slow,3.7480415792144566,673,1.9719008986053537,0.7559406572032785,0.3833563125499486,0.4244334747682156,0.3496531645803207
TSC_het,OFT-0693-00,slow,3.6591178306034053,674,1.532382306284344,0.8173396778257462,0.5333784359645845,0.5914417790165869,0.48959621856971697
TSC_het,OFT-0693-00,medium,4.6560061739038865,675,1.6149025745368002,0.8677781209411157,0.5373563301117524,0.6274586147045476,0.502396038521763
TSC_het,OFT-0693-00,fast,5.778566101522839,676,2.148028599347787,0.898192872055711,0.4181475387843682,0.4488242998464087,0.3917513878871485
TSC_het,OFT-0694-00,slow,3.4338227679377273,677,1.2834727977263944,0.9358840501515413,0.7291810561232084,0.8246924805923314,0.6704073495126406
TSC_het,OFT-0694-00,medium,4.589604585184848,678,1.9157604966608432,0.8726551812374708,0.4555137151843889,0.502556514515345,0.42284087812482607
TSC_het,OFT-0694-00,fast,5.858378299405327,679,1.9857602301671504,0.8990919324187804,0.45276963389638425,0.4770129127830694,0.4362184242552141
TSC_het,OFT-0702-00,fast,6.216057809575509,680,2.167882736595437,0.8085370949745017,0.372961637327429,0.36479218073148484,0.38212414586916754
TSC_het,OFT-0702-00,medium,4.692115501064347,681,1.8178384761453192,0.955708653962029,0.5257390392509378,0.5927809916428877,0.5031583965374458
TSC_het,OFT-0702-00,slow,3.5809827782314247,682,1.6318182861513166,0.9316158135089381,0.5709065901609528,0.5847172079528171,0.5261792010548805
TSC_het,OFT-0708-00,fast,5.447812547576632,683,1.8826304906126206,0.90780012212728,0.4821977157248079,0.5168506154765755,0.4588347615157517
TSC_het,OFT-0708-00,medium,4.38009585957625,684,1.7188400172588925,0.9795358003398699,0.56988189156893,0.6159635061673778,0.5360216143464285
TSC_het,OFT-0708-00,slow,3.4253146263577543,685,1.3381514759359707,0.8939970182464352,0.6680835722436643,0.6943495410282015,0.6377728808141916
TSC_hom,OFT-0637-00,fast,3.995573745118839,686,1.582924614676016,0.8723287851565839,0.5510867523752084,0.6076091483801209,0.5412705960065307
TSC_hom,OFT-0637-00,slow,2.967610196420612,687,1.6713103490049979,0.8923998784353603,0.5339522243529718,0.5935410301601779,0.49394172483636156
TSC_hom,OFT-0637-00,medium,3.4568167844108495,688,1.6617998476815463,0.8800570853186159,0.5295806751615871,0.6203419757294779,0.4606734142586758
TSC_hom,OFT-0639-00,medium,3.5749929105919187,689,1.662892158989611,0.8284873625226626,0.4982207403191193,0.554476548392171,0.4606176489585089
TSC_hom,OFT-0639-00,slow,2.9929936405774606,690,1.6777182269289856,0.770252817922557,0.4591073790337739,0.49853095425569005,0.3967755904364977
TSC_hom,OFT-0639-00,fast,4.372821504891833,691,1.9244887973584133,0.744140315844073,0.3866690816103959,0.41663809692856946,0.34828220941703175
TSC_hom,OFT-0648-00,medium,2.9902662877787733,692,1.5436385439275653,0.88735129521944,0.5748439611786985,0.6171300001763964,0.5113977917816892
TSC_hom,OFT-0648-00,slow,2.688196075158726,693,1.4658058802001006,0.9040569613950195,0.616764452651537,0.6346929684430873,0.6294581570323686
TSC_hom,OFT-0648-00,fast,3.412464355154506,694,1.533434781068814,0.7098197665080868,0.4628953088003767,0.5027468721958656,0.45778281142875843
TSC_hom,OFT-0649-00,slow,2.7310411774425147,695,1.47106258357345,0.6773632518439027,0.4604584872238931,0.4951429366389497,0.4395701125107507
TSC_hom,OFT-0649-00,medium,2.99545771741325,696,1.2542702337555596,0.8777510330074973,0.69981014408619,0.7518979149348386,0.6343180178543497
TSC_hom,OFT-0649-00,fast,3.4075802380840625,697,1.6812159363688484,0.8913898040647357,0.5302054214344363,0.6155546139808612,0.49328504101892734
TSC_hom,OFT-0658-00,slow,2.991580413308975,698,1.4850928441798348,0.7979664516542962,0.537317552085429,0.5899101106898814,0.48487557358344613
TSC_hom,OFT-0658-00,fast,4.385394116350379,699,1.9165422031656631,0.9018469937404112,0.4705594232419086,0.5140248902078329,0.43416800399047983
TSC_hom,OFT-0658-00,medium,3.5631218549113406,700,1.9373534833887853,0.881911864047435,0.45521474093865927,0.5052048312379189,0.4211611539847217
TSC_hom,OFT-0660-00,slow,2.9066166289208835,701,1.3912997485459924,0.8721636659460648,0.6268697071623409,0.6789728713280367,0.5978109119825248
TSC_hom,OFT-0660-00,medium,3.321347277838194,702,1.5707277423409565,0.8932898651084558,0.5687108217603188,0.6421506776328245,0.5173492138997272
TSC_hom,OFT-0660-00,fast,3.9738201942794054,703,1.6681251987494894,0.8500575226604783,0.5095885628355259,0.5485335639718867,0.4953733354347981
TSC_hom,OFT-0669-00,fast,3.353488068225797,704,1.6562710187490275,0.898114072682076,0.5422506718498381,0.6315488466142245,0.47086640365463284
TSC_hom,OFT-0669-00,medium,2.9466937199196437,705,1.210937618526303,0.8344546081291011,0.6890979315223708,0.7561708839524741,0.6404964463522513
TSC_hom,OFT-0669-00,slow,2.6444781541271247,706,1.1969867333264692,0.6682558591810424,0.5582817591669836,0.6115698464845195,0.4940653412030668
TSC_hom,OFT-0673-00,slow,2.9282402640121483,707,1.3871220068040109,0.8497315265932912,0.612586003556464,0.6700546557722972,0.5580942411608361
TSC_hom,OFT-0673-00,medium,3.466711329202725,708,1.5381202468575563,0.948305099618786,0.616535086613815,0.6951912518521461,0.5206575276892952
TSC_hom,OFT-0673-00,fast,5.194862140036054,709,1.615522024467705,0.9004605816435255,0.5573805667800885,0.5905525614168494,0.5378588595501882
TSC_hom,OFT-0679-00,slow,2.7966359294182905,710,1.259579110995624,0.8622759414280405,0.6845746598214554,0.7228062122619223,0.650345926746748
TSC_hom,OFT-0679-00,medium,3.2348003994619323,711,1.5425623077150301,0.776688888449957,0.5035056830867677,0.5558737861961416,0.45216969449426675
TSC_hom,OFT-0679-00,fast,3.811643496460311,712,1.599156937913427,0.875377500873521,0.5473993703305379,0.6085841937200643,0.4678790120901255
TSC_hom,OFT-0681-00,medium,3.3332522998533665,713,1.31376156488253,0.8913339115219998,0.6784594216696379,0.7547285925752061,0.6406750175184237
TSC_hom,OFT-0681-00,slow,2.8860924864699395,714,1.261600714231772,0.8899025405326291,0.7053757424943425,0.7929607441627877,0.6507680264399567
TSC_hom,OFT-0681-00,fast,4.001181672736962,715,1.6048040160936092,0.9421730196797803,0.587095377523546,0.6511487764267934,0.5393895361789047
TSC_hom,OFT-0684-00,slow,2.667998558856151,716,1.488765695069587,0.7454223847969672,0.5006982544436753,0.5395807720062844,0.4825654537283881
TSC_hom,OFT-0684-00,medium,2.9033055743390657,717,1.3129353675701365,0.7430370851225432,0.5659357676514495,0.6291187299003493,0.5353844726067343
TSC_hom,OFT-0684-00,fast,3.2067077279549308,718,1.2599643225486579,0.5661840063044257,0.449365109925611,0.48732103542485306,0.43274796047296216
TSC_hom,OFT-0712-00,medium,3.2103904874208182,719,1.4962306314063623,0.8641866473720232,0.5775758290416381,0.6412419292641874,0.5362160046854996
TSC_hom,OFT-0712-00,fast,3.7623960182912635,720,1.5482418462463898,0.8948796713686502,0.5779973416544882,0.6246922340953329,0.5317083580648596
TSC_hom,OFT-0712-00,slow,2.809885392714895,721,1.6966506810453754,0.8652054844811128,0.5099490980359166,0.5939100133415991,0.4638638115542562
TSC_hom,OFT-0713-00,slow,3.167325042475115,722,1.4227128839736116,0.8193714605594486,0.5759218671521121,0.6369303277273419,0.524752210346759
TSC_hom,OFT-0713-00,fast,4.717101867130854,723,1.9063692882052905,0.8067746519738416,0.4231995642005762,0.4731177178981193,0.38002635390001915
TSC_hom,OFT-0713-00,medium,3.876950826188551,724,1.7292843883753737,0.9367739868546069,0.5417119319134583,0.6248346119437589,0.4782202949796241
TSC_hom,OFT-0714-00,slow,3.1283397926681857,725,1.717200589761206,0.9571469257310916,0.5573879553955852,0.5973543416109428,0.49365902870194417
TSC_hom,OFT-0714-00,medium,3.7114633580231575,726,1.8878295769197517,0.9444966227080991,0.5003082027399807,0.5655543349839965,0.4372555690792191
TSC_hom,OFT-0714-00,fast,4.357826561113283,727,1.910939943465853,0.8849831285907829,0.46311404584787613,0.508551372821721,0.43346195769570184
TSC_hom,OFT-0715-00,slow,2.8484033385125898,728,1.2576752703810379,0.8811325506363745,0.7006041793041043,0.7772214865183547,0.6300400106982229
TSC_hom,OFT-0715-00,fast,4.078942388797436,729,1.5867140596894793,0.8481245735204052,0.5345163284721782,0.5768595041614726,0.4956751166509906
TSC_hom,OFT-0715-00,medium,3.463417968663075,730,1.49676257048659,0.9190949608151104,0.6140552810031302,0.6925932867425899,0.5625388219529236
TSC_hom,OFT-0716-00,medium,3.8185134949873865,731,1.7782766646111055,0.9025209521116946,0.507525611774852,0.5770334265545186,0.4235968003398739
TSC_hom,OFT-0716-00,fast,4.785099536011468,732,1.7610841269189033,0.8498279499211592,0.48255954212021196,0.5165350232656776,0.45375104219855944
TSC_hom,OFT-0716-00,slow,3.07056527225727,733,1.4827638424342766,0.8981376197283153,0.6057185871580391,0.6921886849620894,0.553301791841502
TSC_hom,OFT-0717-00,slow,2.6845717498642787,734,1.3746188962691879,0.9283875829791689,0.675378161539084,0.7127002407367983,0.6530506290405207
TSC_hom,OFT-0717-00,fast,3.5823692141306167,735,1.593922521767089,0.8793048962027955,0.5516610024607479,0.6132184579664597,0.49582046699986054
TSC_hom,OFT-0717-00,medium,3.1103685237802763,736,1.5246970539517264,0.7792131399692491,0.5110609599131027,0.5543075607558455,0.4614441730491098
TSC_hom,OFT-0718-00,fast,5.255692417876883,737,1.44501447905988,0.8644283471229517,0.5982143152540208,0.6544409746100784,0.5698991000269398
TSC_hom,OFT-0718-00,medium,3.990182309141318,738,1.5984288781750355,0.868557049786914,0.5433817304267965,0.5923216517437844,0.5060160007644338
TSC_hom,OFT-0718-00,slow,3.1435864232550634,739,1.5911147883335592,0.9393726042800221,0.5903864455083508,0.6399781272003334,0.5430981274057602
TSC_hom,OFT-0719-00,medium,2.88750675756911,740,1.3661565650625511,0.8776513297168821,0.6424236812686969,0.6924773703969572,0.5822952494567217
TSC_hom,OFT-0719-00,slow,2.595881704369141,741,1.4236709596115278,0.6830954922262772,0.47981275983368454,0.5174719401784635,0.4761470383004491
TSC_hom,OFT-0719-00,fast,3.3379141895752733,742,1.3296885638774678,0.7566662720254665,0.5690552604430718,0.6424054556269563,0.5059167696545457
TSC_hom,OFT-0720-00,fast,5.082900659375898,743,2.0320575335331807,0.9348685872521866,0.46006009762268446,0.4870125860917763,0.4450383604532051
TSC_hom,OFT-0720-00,medium,4.256137559730572,744,1.6555695792381664,0.8471462493703573,0.5116947423980716,0.5523804890950124,0.4926154582142171
TSC_hom,OFT-0720-00,slow,3.4547023037242206,745,1.5503751225285187,0.8869289309282689,0.5720737633365592,0.6207663616814607,0.5401278517609689
TSC_hom,OFT-0721-00,slow,2.8585042490982913,746,1.5849996355564104,0.7873679264002319,0.49676221289718353,0.5591230671884386,0.41411800285091493
TSC_hom,OFT-0721-00,medium,3.3118869648597045,747,1.5760941991737378,0.8001067323589639,0.5076515939075325,0.5869211123006703,0.4509591084936686
TSC_hom,OFT-0721-00,fast,3.835656444819171,748,1.7241312317935198,0.8893822362910241,0.5158437013903218,0.5911433026275383,0.4485232525971782
TSC_hom,OFT-0722-00,medium,4.308057643322427,749,1.5821790355180776,0.9333431850054346,0.5899099685010144,0.6311976081552766,0.5401921851009568
TSC_hom,OFT-0722-00,fast,5.128242743897884,750,1.6457247822719447,0.908426934940034,0.5519920127142636,0.5880067572998564,0.527913081044562
TSC_hom,OFT-0722-00,slow,3.3428699809281195,751,1.716702700125527,0.786931355091031,0.45839699269622497,0.5253222500681336,0.3886308310054817
TSC_hom,OFT-0723-00,medium,4.0254148868273285,752,2.0110380121440485,0.9305398626189253,0.46271619780415757,0.5157850171654323,0.42108563671058585
TSC_hom,OFT-0723-00,fast,4.992726421178792,753,2.0463983327486686,0.8079667281289977,0.39482378146964087,0.4288615689670316,0.36460443855443125
TSC_hom,OFT-0723-00,slow,3.384117017654193,754,1.917804486641277,0.8535082899752799,0.4450444745126554,0.5006905393400232,0.38755354644556184
TSC_hom,OFT-0724,slow,3.065711406012332,755,1.6896354507502365,0.8499304312666918,0.5030259224789012,0.5624867867636676,0.4358776156678824
TSC_hom,OFT-0724,medium,3.6863283972804446,756,1.790577403953087,0.8989505306346025,0.5020450546566569,0.5452788345662043,0.44287398266832645
TSC_hom,OFT-0724,fast,4.41055062447756,757,1.7866232509791977,0.8873902599567268,0.49668572233702507,0.5383547775335333,0.4668223803021522
TSC_hom,OFT-0725,slow,3.0837150756447644,758,1.6100884484696456,0.9612277809424381,0.5970030912625107,0.6443044301383434,0.560504898435104
TSC_hom,OFT-0725,fast,4.136851983524088,759,1.6992206149183604,0.6527420625772039,0.38414203361613825,0.4157857709767806,0.3413150307297613
TSC_hom,OFT-0725,medium,3.565946104355208,760,1.6697254978822027,0.9559768760394219,0.5725353522192335,0.6574230920132802,0.5317044027130832
TSC_hom,OFT-0726,slow,2.980377201188851,761,1.4770303551356654,0.8325275821173937,0.5636496089756571,0.6396622443697715,0.5091072043457532
TSC_hom,OFT-0726,fast,4.149505144288518,762,1.5481141565097685,0.9118245784645166,0.5889905305951274,0.6762597469835127,0.5276527798683669
TSC_hom,OFT-0726,medium,3.4715602731473068,763,1.6403840555189193,0.8920215423958309,0.5437882301981097,0.6110996174820146,0.48710130231015514
TSC_hom,OFT-0727,slow,3.0248335516788356,764,1.571932361230259,0.8373678185691695,0.5326996499479221,0.5700998833002078,0.514684774080203
TSC_hom,OFT-0727,fast,4.341971855805435,765,1.7161805983337501,0.8903958385641026,0.5188240907912566,0.5840218417419445,0.4916658217123384
TSC_hom,OFT-0727,medium,3.589332796501169,766,1.7398893800002642,0.8023193640495222,0.46113239914677817,0.5152176460565008,0.4200169332447065
TSC_hom,OFT-0728,medium,3.3835449753524682,767,1.5714491404837096,0.8575421833821472,0.5457015192475055,0.6088467396839685,0.5032827009292241
TSC_hom,OFT-0728,slow,2.915690156789295,768,1.6689687307259085,0.891469713770177,0.5341440479729284,0.5659566056933568,0.5115135467502718
TSC_hom,OFT-0728,fast,3.9764309497437162,769,1.6374862871508387,0.8764498507903218,0.5352410323480081,0.624090199883186,0.47835075462568877
TSC_hom,OFT-0729,slow,3.0082087300901876,770,1.5853254756557094,0.9337673758755071,0.5890067309296786,0.6355386044546065,0.5312460781624978
TSC_hom,OFT-0729,medium,3.446831864658791,771,1.738624395644622,0.8650984268175532,0.4975763764644546,0.554918442132426,0.44746184905835434
TSC_hom,OFT-0729,fast,4.137825658563703,772,1.787039211621352,0.8366295424473098,0.46816518462862894,0.5203911594022106,0.4365838801782241
TSC_hom,OFT-0730,medium,3.5797770816533316,773,1.4458312576502634,0.8448586905416104,0.5843411435955937,0.6680018899797843,0.5397669130140923
TSC_hom,OFT-0730,slow,2.9944038850653736,774,1.5246586098999744,0.8065570583703321,0.5290082993879177,0.5901544998477413,0.49580614110815957
TSC_hom,OFT-0730,fast,4.382972036588866,775,1.783599333016606,0.8256384053479389,0.46290576031531394,0.514409490890958,0.42138855140623555
TSC_hom,OFT-0731,slow,3.1481539502570777,776,1.7924603265354786,0.5592337237978018,0.3119922463660357,0.35474429445599626,0.2780247582726856
TSC_hom,OFT-0731,medium,3.7823175029485383,777,2.1294451609334266,0.7449376518047222,0.34982711246632164,0.39008699570220257,0.315704332184867
TSC_hom,OFT-0731,fast,4.675455093942191,778,1.9909883778084898,0.9496018820576619,0.4769499875749665,0.5302272352112456,0.4265314578877518
TSC_hom,OFT-0732,fast,4.305200219222195,779,1.7907495286470574,0.9338805893416583,0.5215026302685789,0.5971212697970618,0.4931049523587414
TSC_hom,OFT-0732,medium,3.5834820888453383,780,2.0978053896178688,0.9135308862137805,0.4354697965478042,0.49649888307210843,0.3680151229195635
TSC_hom,OFT-0732,slow,2.927658471446697,781,1.3658376772477179,0.80164784776107,0.5869276130795135,0.6014811338547168,0.5663722156247153
TSC_hom,OFT-0733,medium,3.741464235608284,782,1.9010030772521687,0.8601845733907361,0.452489837435772,0.505015717662984,0.41203152363400886
TSC_hom,OFT-0733,fast,4.5522112650786735,783,1.8371305260186586,0.8314164675437846,0.45256254564861575,0.5067328045032264,0.4049221848939498
TSC_hom,OFT-0733,slow,3.1336342840997715,784,1.8191079422382257,0.8324260469859207,0.45760123830898447,0.5018539081124769,0.4341251643885564
TSC_hom,OFT-0734,fast,4.204939273376223,785,1.7129547539468153,0.8139985647929147,0.4752014394527248,0.5269040318091109,0.44560696514540177
TSC_hom,OFT-0734,slow,2.992791691884763,786,1.5992624168870426,0.8896069599944049,0.5562607803452425,0.5940685411968042,0.5479618085416393
TSC_hom,OFT-0734,medium,3.5015979383785703,787,1.6022338888862744,0.8136667034901399,0.5078326635917845,0.526086847704141,0.49018238119668256
TSC_hom,OFT-0735,slow,2.979826012679649,788,1.580141802772936,0.8157783569135318,0.5162690813457063,0.5774475662593449,0.4817072044307308
TSC_hom,OFT-0735,fast,4.612672006915676,789,1.7918789765775827,0.9068864096149427,0.5061091856477158,0.5653122790002267,0.453606951466461
TSC_hom,OFT-0735,medium,3.7630483078248167,790,1.7932558582133586,0.869304678656007,0.48476332848682574,0.5489818490711669,0.46343921028803925
TSC_neg,OFT-0360-00,fast,5.292389145384897,791,1.7115484310353781,0.8301817699086886,0.48504719752889575,0.5056520668825989,0.46484217571180986
TSC_neg,OFT-0360-00,slow,3.2550054284804313,792,1.7723990808205954,0.8138056774509431,0.45915487446211195,0.50691280160562,0.42273732226921495
TSC_neg,OFT-0360-00,medium,4.015907072646766,793,2.1058655921499465,0.9177961440882934,0.43582845339682175,0.4860292694851585,0.3829224827989007
TSC_neg,OFT-0362-00,slow,3.572439937210766,794,1.364734975351682,0.9181728469381476,0.6727847263543175,0.7418882877613128,0.6129081879612344
TSC_neg,OFT-0362-00,fast,5.647275044736459,795,2.1164326968493463,0.9370425631826271,0.4427462137480522,0.5115305860647195,0.39588328151131147
TSC_neg,OFT-0362-00,medium,4.464034199179567,796,1.8762824327626493,0.8845885360339373,0.4714580921228708,0.5217861540643968,0.4215401570639691
TSC_neg,OFT-0363-00,medium,4.075839591481486,797,1.8910831377719783,0.8802469651424432,0.4654723780042403,0.522327503917458,0.4105358028458542
TSC_neg,OFT-0363-00,fast,4.799552654429162,798,1.805177427440615,0.9015735359544528,0.4994376299246695,0.5555708740135878,0.48800735173896576
TSC_neg,OFT-0363-00,slow,3.29845876531816,799,1.7079280329836588,0.9058461828642698,0.5303772555813169,0.5850723802186747,0.4892186778080154
TSC_neg,OFT-0368-00,fast,5.7589718520324915,800,1.726722873020752,0.8715619897507214,0.5047492005627975,0.5316546499921767,0.4745840320103861
TSC_neg,OFT-0368-00,medium,4.267471045433864,801,1.532882706303824,0.7752465654268653,0.5057442178966093,0.542785118623913,0.4922739744692183
TSC_neg,OFT-0368-00,slow,3.2089948860013635,802,1.2522759575586113,0.8232156623005533,0.6573756026630605,0.6729285399102927,0.6369853765446727
TSC_neg,OFT-0369-00,slow,3.207053752213547,803,1.889875077252646,0.7645282564460646,0.40453904369037796,0.42555752844728656,0.37611574006722825
TSC_neg,OFT-0369-00,medium,3.807242194187006,804,1.5119587091053144,0.8743191337665587,0.5782691871816578,0.6329979863613497,0.5499617955833719
TSC_neg,OFT-0369-00,fast,4.553191821971601,805,1.7861140090588332,0.9271706775465781,0.5190993815871459,0.5422247386975271,0.5046942648672559
TSC_neg,OFT-0372-00,fast,5.117011004225357,806,1.8438565852749902,0.6959521342966978,0.37744374473294756,0.4061462750698055,0.3582638403706605
TSC_neg,OFT-0372-00,medium,3.8448288491562446,807,1.695328769755297,0.8627729606957077,0.5089118854629241,0.550154889906751,0.49102130720004233
TSC_neg,OFT-0372-00,slow,3.1257477933358464,808,1.5355886601515523,0.8685959296371918,0.5656436207020877,0.6431851063684604,0.5220890038119275
TSC_neg,OFT-0377-00,fast,5.3239584065685115,809,1.5726103747943923,0.7977342004740285,0.5072675427175194,0.5615956158590794,0.49062519925827075
TSC_neg,OFT-0377-00,medium,4.110412198061071,810,1.636545752369234,0.7798448449130366,0.4765188164058671,0.5260171628911724,0.42579457571649537
TSC_neg,OFT-0377-00,slow,3.3151766009433374,811,1.3512264660093578,0.6408688282081025,0.4742867641579071,0.5017539682058232,0.43858675178283635
TSC_neg,OFT-0379-00,fast,5.88909563961493,812,1.659112300540541,0.8891357449333221,0.5359105255525142,0.6350186065505825,0.49113580498031817
TSC_neg,OFT-0379-00,slow,3.5203971009346966,813,1.3095170096601538,0.8734350230797737,0.6669902083260818,0.695799261560645,0.6579070729296881
TSC_neg,OFT-0379-00,medium,4.445707427526321,814,2.0724670337244686,0.8239549696365147,0.39757205119724875,0.4263796875830088,0.38558718180161333
TSC_neg,OFT-0380-00,medium,4.203221058439559,815,1.8663684305065598,0.7772213063478373,0.41643509054473665,0.46597404669365056,0.3540208315223802
TSC_neg,OFT-0380-00,fast,4.897276177642335,816,1.7394382585341979,0.9203530608102855,0.5291093583199987,0.5681530484417217,0.5181571368816137
TSC_neg,OFT-0380-00,slow,3.3933407107599183,817,1.767064663330047,0.8838723570609959,0.5001924238558036,0.5440021454592293,0.4617712673940534
TSC_neg,OFT-0381-00,fast,5.58113913816552,818,1.662577323765946,0.8963628861286619,0.5391405700748327,0.6010397098141047,0.5013932940163459
TSC_neg,OFT-0381-00,medium,4.466638169342249,819,1.3904349007865082,0.8864103919118645,0.6375058561968352,0.6678253170616942,0.578236530626878
TSC_neg,OFT-0381-00,slow,3.4733296585127857,820,1.2096252408082109,0.8438280377655369,0.6975946014500601,0.7236047589910919,0.7094506883572351
TSC_neg,OFT-0382-00,fast,5.530742402022784,821,1.66686675118075,0.9471891522168652,0.5682452730825122,0.5994020503721545,0.5685766955879424
TSC_neg,OFT-0382-00,medium,4.400068710932146,822,1.9721331167977578,0.7410025143030943,0.37573656057573523,0.411182059877519,0.360925061673401
TSC_neg,OFT-0382-00,slow,3.341611452645359,823,1.8181694140318305,0.8328484060202689,0.458069748392373,0.5092365527940952,0.41150490861485894
TSC_neg,OFT-0386-00,fast,5.987798502940138,824,1.9629579511263353,0.7425253760375393,0.37826861019181895,0.38903465032480294,0.3695923397411965
TSC_neg,OFT-0386-00,slow,3.4309704692470584,825,1.98400164897402,0.7861830039062792,0.396261265363784,0.448944636416908,0.3700833376684721
TSC_neg,OFT-0386-00,medium,4.434719805294308,826,2.0581055701256004,0.8670450511383359,0.4212830788293443,0.46923720804340174,0.4220565954202897
TSC_neg,OFT-0394-00,medium,4.1199230043184025,827,1.7197348892991815,0.9093853312158762,0.528793907057654,0.5590252294250154,0.5186229886975892
TSC_neg,OFT-0394-00,slow,3.3161313809928594,828,1.6930830321646402,0.9060808815619388,0.5351662407268334,0.5916152052868022,0.4616271358465268
TSC_neg,OFT-0394-00,fast,5.154262993049224,829,1.9427577811737935,0.8819045792191252,0.4539446902569027,0.4852987408679461,0.41103053132848105
TSC_neg,OFT-0395-00,medium,3.894922019419566,830,1.530899366636594,0.8374668685147957,0.5470424031559444,0.5771739914474043,0.5227784927776826
TSC_neg,OFT-0395-00,fast,4.443931378709387,831,2.094292284621403,0.8995413920849413,0.4295204631609271,0.4515610839979185,0.4176973908149222
TSC_neg,OFT-0395-00,slow,3.32992610983369,832,1.777179657913319,0.8513273313325229,0.4790327908277498,0.5186023205763695,0.47494577519141645
TSC_neg,OFT-0398-00,medium,3.5304946367665915,833,1.4297007981721395,0.784994373853022,0.5490619959481248,0.5901995021068249,0.5100548354744264
TSC_neg,OFT-0398-00,slow,3.066720636624053,834,1.4927772412118254,0.8585538565992604,0.5751386294597396,0.6327626842411138,0.5503941456262862
TSC_neg,OFT-0398-00,fast,4.272592610040495,835,1.553492711587043,0.9230911146801934,0.5942036984114117,0.6176098917917137,0.5706139198961361
TSC_neg,OFT-0399-00,fast,4.398380285719922,836,1.4807040433496177,0.8679553715658046,0.5861774845987009,0.5907196533911192,0.5768775566002209
TSC_neg,OFT-0399-00,slow,2.981342146349008,837,1.5451697939573765,0.792186891123021,0.5126859806740912,0.5473449289922292,0.479817797662504
TSC_neg,OFT-0399-00,medium,3.5664122290966658,838,1.2195910223041033,0.7426172967830666,0.6089068246665857,0.635240795788069,0.5761710420959295
TSC_neg,OFT-0410-00,fast,4.775356231335905,839,1.4971326599954704,0.7654175231872192,0.5112556446330782,0.5601645959028424,0.49637678004292735
TSC_neg,OFT-0410-00,slow,3.1513510820634645,840,1.621718028111909,0.8008811080039027,0.4938473237152894,0.5388090148783846,0.40728426744562085
TSC_neg,OFT-0410-00,medium,3.8689132987126467,841,1.5822678025787684,0.8616023564948638,0.5445363642555519,0.6244983220934118,0.4658730233629613
TSC_neg,OFT-0411-00,fast,5.234575233957493,842,1.8337633514112621,0.7083974895503169,0.38630802006438564,0.40303569840309394,0.3636971530889721
TSC_neg,OFT-0411-00,slow,3.3773192221952923,843,1.3851605068935833,0.6688255015028695,0.4828505419944469,0.5104081578651446,0.4638478375375548
TSC_neg,OFT-0411-00,medium,4.197338249787901,844,1.6224666212751417,0.6521860676183436,0.40197194756818627,0.41915917878805037,0.3681448033472084
TSC_neg,OFT-0414-00,fast,4.6232418107798505,845,1.5897219625683836,0.8567163912820858,0.5389095775578009,0.5964339523203687,0.49918110134624905
TSC_neg,OFT-0414-00,medium,3.809890061021069,846,1.7630654151163825,0.891716350603322,0.505776100510972,0.5571643995687762,0.46233325952678905
TSC_neg,OFT-0414-00,slow,3.1237533997425335,847,1.5613005802622821,0.8716974724145429,0.5583149608950423,0.5960573030417007,0.49842643557015753
TSC_neg,OFT-0415-00,medium,3.582875619892324,848,1.2522468171634757,0.797186654110531,0.6366050551569991,0.7165672571869749,0.6067000324559382
TSC_neg,OFT-0415-00,fast,4.5051278496598375,849,1.431029734783038,0.6383240367996239,0.44605924061836616,0.4929904602819792,0.41326509522223
TSC_neg,OFT-0415-00,slow,2.9307367107446116,850,1.3508106854868525,0.7182217680426491,0.5316968363955392,0.5748329605055226,0.49669148658777845
TSC_neg,OFT-0456-00,medium,4.3294631196098186,851,2.100524487172845,0.8815805495371232,0.4196954403153221,0.476558430292568,0.3619292058881528
TSC_neg,OFT-0456-00,fast,5.291547509690633,852,2.324818565327906,0.9390518827436851,0.4039248037453778,0.45706317444992944,0.3969028604938664
TSC_neg,OFT-0456-00,slow,3.462168271388515,853,1.5776946684250244,0.8392852130815875,0.5319693536895997,0.5618485813535568,0.48811646959044885
TSC_neg,OFT-0457-00,slow,2.944152802946568,854,1.6949805073057334,0.8114899575582366,0.47876064300476556,0.5293934875593154,0.43209103890801903
TSC_neg,OFT-0457-00,medium,3.4637735466217614,855,1.754813217946668,0.9034072089483796,0.5148167336039725,0.5766052227052557,0.47370076894233926
TSC_neg,OFT-0457-00,fast,4.205988422465641,856,1.2982969354063483,0.8810575984596292,0.6786256475171227,0.738385165412111,0.6583157896272385
TSC_neg,OFT-0458-00,fast,5.540207422901653,857,2.058762364803259,0.8252868565119929,0.400865525143238,0.4275913095361177,0.38290567362403644
TSC_neg,OFT-0458-00,slow,3.6214012299178093,858,1.7718900025578865,0.8136462796820436,0.45919683417563745,0.5172892702824687,0.4326471602127052
TSC_neg,OFT-0458-00,medium,4.531546002334141,859,1.8376785112624565,0.7618864949540372,0.4145918289214978,0.4354738341883977,0.3888095587808645
TSC_neg,OFT-0460-00,slow,4.402456531361906,860,2.288671367570063,0.9278727195201061,0.40541981372592195,0.4382094712407009,0.39811744151988304
TSC_neg,OFT-0460-00,medium,5.5846757379995715,861,2.530246584137191,0.9467374107164467,0.3741680422184157,0.41545647010168946,0.3377820925269407
TSC_neg,OFT-0460-00,fast,6.868417803484875,862,2.623645714249391,0.9026486285029991,0.3440436426307816,0.3622039416913652,0.3236894741522557
TSC_neg,OFT-0469-00,slow,3.729002243544718,863,1.9687824748318408,0.8034439438357386,0.40809177961844817,0.4065353879601428,0.42153189924459267
TSC_neg,OFT-0469-00,fast,6.103642288691297,864,2.075033183649401,0.8765456232623887,0.42242487019932423,0.43753095617712595,0.4100231998271133
TSC_neg,OFT-0469-00,medium,5.039160728622737,865,1.9301428895262425,0.9342233674431973,0.484017723512949,0.4956031182921168,0.4911582166390004
TSC_neg,OFT-0471-00,medium,4.516511160335459,866,1.7666937470832929,0.8164864072034956,0.4621550331241431,0.48302585055147473,0.4379214427248242
TSC_neg,OFT-0471-00,fast,5.7806468923992265,867,2.1096522374419626,0.8095793680840336,0.3837501526155234,0.4049687200960408,0.38421002820931943
TSC_neg,OFT-0471-00,slow,3.504379499491263,868,1.6553908449702885,0.8603791774572136,0.5197438297253939,0.580929149521856,0.5036288218444084
TSC_neg,OFT-0472-00,medium,3.5204300006400673,869,1.5720403000865826,0.8679890825495855,0.5521417501203879,0.6000550123843061,0.5020247400800916
TSC_neg,OFT-0472-00,fast,4.248770326281009,870,1.8809065909204428,0.9208655165678945,0.48958599061384467,0.4673309742808802,0.49094058025016213
TSC_neg,OFT-0472-00,slow,2.9677075666835457,871,1.640209779587545,0.8419017712438963,0.5132890815073697,0.5637893573553321,0.48016246935295825
TSC_neg,OFT-0473-00,slow,3.7242757602036303,872,1.7478302434612045,0.8776464853049377,0.5021348546795633,0.5563441233739406,0.45501443979650713
TSC_neg,OFT-0473-00,medium,4.541407674844176,873,1.7972299621689842,0.890397921588973,0.495427930944573,0.5451445766155738,0.4437828647068922
TSC_neg,OFT-0473-00,fast,5.44107387862427,874,1.8790154198435667,0.9140376822705047,0.4864450140311254,0.5121005472790849,0.4660543010790888
TSC_neg,OFT-0474-00,medium,4.190497733434202,875,1.9178970582125556,0.9595365779557858,0.5003066112683108,0.552595241973084,0.4657890905847466
TSC_neg,OFT-0474-00,fast,5.514851916960114,876,1.9764682628809687,0.947477517865274,0.4793790700611595,0.48491491004743875,0.4682583837049372
TSC_neg,OFT-0474-00,slow,3.2918501664045037,877,1.4607945459562248,0.7607298842580885,0.5207644609325404,0.546685097643161,0.5072914003783394
TSC_neg,OFT-0476-00,fast,6.287125021979442,878,2.1370707654088554,0.9151489618624015,0.42822585787762574,0.44037575106291704,0.41651570889107203
TSC_neg,OFT-0476-00,slow,3.490212214640186,879,2.093948596667184,0.9374348582754813,0.44768761743604496,0.4833597699001686,0.45607688115134665
TSC_neg,OFT-0476-00,medium,4.7081620403302065,880,1.544344320723026,0.8387406096414957,0.5431046680372528,0.5915326275107013,0.5234609231529972
TSC_neg,OFT-0481-00,medium,4.131217011058583,881,1.6609788791079194,0.8640345804304074,0.5201960068838829,0.5538240428181551,0.4900619885008948
TSC_neg,OFT-0481-00,slow,3.2815259377760864,882,1.6645639620039931,0.88480968259209,0.5315564332696802,0.5996700192689979,0.4679882872677201
TSC_neg,OFT-0481-00,fast,4.93060278645116,883,1.8721241307484942,0.810020027721429,0.43267431599077505,0.4809644450496001,0.3844018941799692
TSC_neg,OFT-0482-00,fast,4.645543896386767,884,1.7755605674133732,0.7867856199344717,0.4431195614355508,0.46362319230055304,0.43784479470097715
TSC_neg,OFT-0482-00,medium,3.7081136610119327,885,1.4891445246130026,0.9008056635285232,0.6049148679928321,0.6481984688824027,0.5653701282126911
TSC_neg,OFT-0482-00,slow,3.016006842844685,886,1.478125787726236,0.6861085589529555,0.4641746762353556,0.5356589638865252,0.40242213281100137
TSC_neg,OFT-0483-00,fast,6.5717471833480685,887,2.2417812461638604,0.8757450056441352,0.3906469496712542,0.4050532321421425,0.40292442230158865
TSC_neg,OFT-0483-00,medium,4.862003997854379,888,2.482567823063168,0.8583319113334063,0.34574358990697607,0.3732575120277061,0.3369405737448852
TSC_neg,OFT-0483-00,slow,3.6907281035057484,889,1.8476521273348083,0.8650489902237557,0.46818823599200304,0.46094128849571014,0.47980875506055143
TSC_neg,OFT-0488-00,fast,5.238223611958909,890,2.1040334066558977,0.9174018704054101,0.43602058194670373,0.48906640837582216,0.38787554595744567
TSC_neg,OFT-0488-00,medium,4.135761326406918,891,1.6378808538033156,0.8330663863580815,0.5086245342105452,0.5606999532471655,0.4722966399988106
TSC_neg,OFT-0488-00,slow,3.1040828564911385,892,1.944314621629018,0.8259241234536994,0.4247893392694388,0.4764034203932085,0.3799661460575547
TSC_neg,OFT-0490-00,fast,4.972094392646608,893,1.4752682652444946,0.8026593805843892,0.5440768973982948,0.5684952847779015,0.5000638612110732
TSC_neg,OFT-0490-00,medium,4.228368239386963,894,1.2238468754832639,0.6208177318452133,0.5072674893254675,0.5248853331420553,0.49515275676483056
TSC_neg,OFT-0490-00,slow,3.4923516597896005,895,1.5251986914643358,0.8198482379071337,0.5375353667003224,0.5620389800574253,0.5020980986908105
TSC_neg,OFT-0491-00,slow,3.065463764833642,896,1.8895839234684209,0.8690349164693896,0.45990808117918086,0.49488391749211247,0.42491817754474953
TSC_neg,OFT-0491-00,fast,4.637248476798364,897,1.6680325254287467,0.9058278264121743,0.5430516567291412,0.5731645733359543,0.5071201673363429
TSC_neg,OFT-0491-00,medium,3.7580304057396594,898,1.6528636494404476,0.9524939705275166,0.5762689323163283,0.6159286350763069,0.5417156274118167
TSC_neg,OFT-0512-00,slow,3.4376679684968283,899,1.770751415440802,0.8070617538036512,0.45577360366121483,0.49606225630178646,0.411685697269927
TSC_neg,OFT-0512-00,medium,4.254988121524452,900,1.875120300822013,0.840058363521153,0.44800238318196933,0.46649215063622906,0.4156629723418903
TSC_neg,OFT-0512-00,fast,5.3051864324943505,901,2.04831059580207,0.9056333251975455,0.44213671845158853,0.4940476883836886,0.4042340969644195
TSC_neg,OFT-0527-00,slow,3.0783765299221324,902,1.3482335505885823,0.7887603241570209,0.5850324106032528,0.6268518130625709,0.5392099358115062
TSC_neg,OFT-0527-00,fast,4.691555195297062,903,1.557697413487225,0.8638616602749831,0.5545760381928424,0.5921947867615007,0.5409025849586513
TSC_neg,OFT-0527-00,medium,3.720499380210182,904,1.6018764282968716,0.8748951277215371,0.5461689255592161,0.579681616592569,0.4675818824371554
TSC_neg,OFT-0530-00,fast,4.834904444833382,905,1.3858512271790975,0.8879404291618618,0.6407184348129965,0.657532229040296,0.610921253788745
TSC_neg,OFT-0530-00,slow,2.965252167925765,906,1.3104689876932132,0.7976600270688107,0.6086828719792234,0.6507586398505645,0.5961144732617951
TSC_neg,OFT-0530-00,medium,3.6573444531394976,907,1.6076209426013195,0.966958927961584,0.6014844061417431,0.6325103465617201,0.5781004903907542
TSC_neg,OFT-0538-00,fast,4.500296110038739,908,1.3039446131455574,0.7696204972455054,0.5902248373793418,0.6094881833280942,0.5821908148225711
TSC_neg,OFT-0538-00,slow,3.0849816558395275,909,0.9256259602514745,0.676326751370284,0.7306696013436563,0.733507521998672,0.717699821549292
TSC_neg,OFT-0538-00,medium,3.7788325030917935,910,1.5723148729054242,0.9328518052302844,0.5932983407493316,0.6156972320070642,0.5497842935407876
TSC_neg,OFT-0545-00,slow,3.2520815917439596,911,1.9802959505414741,0.8054727540896014,0.40674362529972363,0.4642952506038761,0.3373019162305485
TSC_neg,OFT-0545-00,medium,3.7984668354821918,912,2.0154319481840264,0.826951529018311,0.4103098245333576,0.4651196039541158,0.3602429900317166
TSC_neg,OFT-0545-00,fast,4.426572762046124,913,1.8947393704292415,0.8903573157259632,0.46991017847708433,0.5401222986738874,0.40346038142451646
TSC_neg,OFT-0587-00,slow,3.244848040222078,914,1.8184221160232217,0.8892454183761377,0.4890203493129875,0.5250308858704168,0.48021985605904527
TSC_neg,OFT-0587-00,fast,5.133957721635569,915,1.7155453926366009,0.9174696872424798,0.5347976749437284,0.6019643433723418,0.5285210023158063
TSC_neg,OFT-0587-00,medium,4.063896570300577,916,1.8393327523256229,0.8787370755873413,0.47774774546708865,0.508222913220276,0.4563768744614962
TSC_neg,OFT-0590-00,slow,3.5415717510439415,917,1.559969293160169,0.8776668913726444,0.5626180561507569,0.6570998936214791,0.4824202193689096
TSC_neg,OFT-0590-00,fast,5.272240160691358,918,2.238715913593361,0.8827068686430195,0.3942915951431227,0.42586220806478436,0.3919633865453481
TSC_neg,OFT-0590-00,medium,4.3143213294633975,919,1.7133829339121638,0.8751342519714183,0.5107639597957393,0.581437002771651,0.4622142577734806
TSC_neg,OFT-0593-00,medium,4.23898056605559,920,1.5942123582523566,0.9241373124478809,0.579682692625065,0.6379058622257732,0.5207348136492693
TSC_neg,OFT-0593-00,fast,5.438956790128279,921,1.5385441939142268,0.8598674842724183,0.5588838381592538,0.5852448649520536,0.5474864139103923
TSC_neg,OFT-0593-00,slow,3.3084460802441753,922,1.4331119451475605,0.7762540046104609,0.5416562238831482,0.6208326159951751,0.4582357462223496
TSC_neg,OFT-0596-00,fast,5.040823955974406,923,1.8301554661321344,0.9827227303529175,0.5369613393717921,0.59578996970848,0.5308791804264439
TSC_neg,OFT-0596-00,slow,3.235658462518714,924,1.7090347341396643,0.7578472606397797,0.4434358445156373,0.45528470019084355,0.43254052576836577
TSC_neg,OFT-0596-00,medium,3.990592566109634,925,1.7910761202174441,0.8329792028015197,0.4650719159274998,0.49762853445453514,0.45086276055208735
TSC_neg,OFT-0600-00,medium,3.9191487793145963,926,1.6542859606552336,0.8976447910179909,0.5426176685090464,0.5994574896047056,0.5008979594126167
TSC_neg,OFT-0600-00,fast,4.864560437997978,927,1.7216993778115346,0.9284662445345818,0.539273148669405,0.5710855507714536,0.510784280732311
TSC_neg,OFT-0600-00,slow,3.0550393857559124,928,1.605007975829649,0.9328162875595388,0.5811910604851382,0.6257989502020316,0.5514880565157256
TSC_neg,OFT-0603-00,medium,4.389289515472299,929,1.9125659761334142,0.8990304317425142,0.47006505551252203,0.5031926816103185,0.47171356073655435
TSC_neg,OFT-0603-00,fast,5.4294596008794365,930,1.6955905176135708,0.8170913849295829,0.4818919287656691,0.5063542192012392,0.476609363664766
TSC_neg,OFT-0603-00,slow,3.3314461136972193,931,1.4906967071575994,0.920241444011213,0.617323054107963,0.6691568669232362,0.565733312946529
TSC_neg,OFT-0609-00,fast,5.065588136967864,932,1.494750256416587,0.7444683095611484,0.4980553148362632,0.5224539387834545,0.4687565170055713
TSC_neg,OFT-0609-00,slow,2.9985464712357714,933,1.558597654999937,0.740872134134051,0.4753453412157745,0.5150224690063853,0.44002957361787143
TSC_neg,OFT-0609-00,medium,3.8616597849186958,934,1.7193670252109894,0.8588980944077582,0.4995431934041889,0.557404050903493,0.44904860272467884
TSC_neg,OFT-0615-00,fast,5.3857166525738425,935,1.668858500573273,0.8160999622381367,0.48901687108751074,0.5002140144684333,0.4983332492817801
TSC_neg,OFT-0615-00,slow,3.119054679701179,936,1.909309327041946,0.8167075623490706,0.42775026067377936,0.4477402587196415,0.4171238470143671
TSC_neg,OFT-0615-00,medium,4.022678765741599,937,1.83802736734915,0.8924601578585072,0.48555324785268894,0.5175666171113116,0.4882161856318847
TSC_neg,OFT-0616-00,medium,4.308818593316341,938,1.9668742770436587,0.926041152169153,0.4708186806739136,0.5214146815765779,0.4253679805139145
TSC_neg,OFT-0616-00,slow,3.5483779175986867,939,2.0464018906150687,0.9208048445270556,0.4499628585909376,0.510909628866248,0.3848964590348598
TSC_neg,OFT-0616-00,fast,5.0962537027550505,940,2.1639371056599614,0.8968202523905264,0.41443914892203515,0.4527752404473542,0.4009756731653581
TSC_neg,OFT-0618-00,slow,3.394187032470924,941,1.940209079625942,0.8182418364521942,0.4217286915335667,0.4574476731949682,0.40176771120541244
TSC_neg,OFT-0618-00,medium,4.101591930980765,942,2.0892355488358136,0.9508161616402235,0.455102423549153,0.4879907842273953,0.4347530152060826
TSC_neg,OFT-0618-00,fast,4.960299194495504,943,2.0617507352661875,0.8605031087790401,0.4173652488926809,0.4361741346068907,0.3958693950241957
TSC_neg,OFT-0619-00,slow,2.9882947418885206,944,1.536884466550975,0.7925068409909665,0.5156580460270276,0.5503890709939864,0.49942517402999675
TSC_neg,OFT-0619-00,medium,3.511355644501487,945,1.7340189176077185,0.8908845061417962,0.513768619878078,0.5645946790169829,0.4606269514202904
TSC_neg,OFT-0619-00,fast,4.177628627358945,946,1.8139787675109114,0.8443819363608783,0.4654861189580044,0.50526255812642,0.439257389287648
TSC_neg,OFT-0622-00,slow,2.8640473279311323,947,1.096142427676378,0.8999287732537594,0.8209962049926708,0.8392257154753688,0.7899130636190441
TSC_neg,OFT-0622-00,medium,3.294331074131721,948,1.571919110640945,0.7368588269582564,0.4687638326744464,0.5050794640278182,0.43567959540929957
TSC_neg,OFT-0622-00,fast,3.9787920910538737,949,1.6906589469561517,0.9256014091228886,0.5474796739989065,0.6111851432759282,0.5017371738255372
TSC_neg,OFT-0623-00,slow,3.128166232026951,950,1.7306692754486013,0.9370468711472795,0.5414361278843357,0.591463208297238,0.4811200196001153
TSC_neg,OFT-0623-00,medium,3.806699913021764,951,1.7263789969737109,0.9225865248139086,0.5344055543024876,0.6084016948986265,0.4854340380641162
TSC_neg,OFT-0623-00,fast,4.645680473178462,952,1.8317827741814652,0.8973665095657163,0.4898869681568579,0.5062471854437387,0.46032677985976433
TSC_neg,OFT-0625-00,slow,2.8702401962461512,953,1.3217395454964052,0.7932189876734803,0.6001325982688756,0.6261362196543938,0.5917087251405916
TSC_neg,OFT-0625-00,fast,3.9460516947137685,954,1.321825728202634,0.7247590745700256,0.5483015340876473,0.6293180171504975,0.5533414993831738
TSC_neg,OFT-0625-00,medium,3.3868926819916623,955,1.5514721711073007,0.6840646731315008,0.440913273129016,0.4654461091435234,0.42445484528511124
TSC_neg,OFT-0626-00,medium,3.6713036178706635,956,1.7415588939319429,0.783546128358612,0.44991078457851547,0.5232254584171062,0.3910868894849604
TSC_neg,OFT-0626-00,slow,3.041093194428056,957,1.6713513490265146,0.8684340210535505,0.5195999162949032,0.5615221171059519,0.5136674354579581
TSC_neg,OFT-0626-00,fast,4.352329273344821,958,1.9080840215287789,0.8806301369801514,0.4615258694292615,0.4835570938875191,0.47743021947880987
TSC_neg,OFT-0627-00,fast,3.635462567335309,959,1.485129103069897,0.75592116754942,0.5089935723344604,0.5576936049720806,0.4900292822794718
TSC_neg,OFT-0627-00,slow,2.6455802720624146,960,1.1792628271926342,0.8698263508646611,0.7376017718928519,0.8034552424728205,0.6867658706077231
TSC_neg,OFT-0627-00,medium,2.9811855228711397,961,1.3968711573564612,0.8672550580097351,0.6208554407057775,0.6697598257757916,0.596118624818698
TSC_neg,OFT-0629-00,slow,2.652073793235349,962,1.2952335415069174,0.7469897109659356,0.5767220250464353,0.5803199126616525,0.5450012689890287
TSC_neg,OFT-0629-00,fast,3.39328109039092,963,1.683482646799082,0.7921133776828074,0.47052066689781774,0.5263928954822938,0.4476092395994053
TSC_neg,OFT-0629-00,medium,2.995549991783894,964,1.7195939013989125,0.7897808513549575,0.45928335214056076,0.503673014580594,0.47131638022575495
TSC_neg,OFT-0631-00,medium,3.0803430589436105,965,1.084666868821405,0.8303329257816179,0.7655188423740227,0.7727428793560923,0.762254234995428
TSC_neg,OFT-0631-00,slow,2.623966718090505,966,1.0692348788474466,0.5831256862071506,0.5453672506790234,0.5714852663827548,0.49978413818116624
TSC_neg,OFT-0631-00,fast,3.7023065763858143,967,1.3955098205132332,0.8195313297259752,0.587263032964234,0.6002582814786668,0.5799899115868064
TSC_neg,OFT-0633-00,fast,3.3695524214044634,968,1.6326935412730286,0.8251829981921496,0.5054120551911693,0.5237004039356415,0.5237703163300661
TSC_neg,OFT-0633-00,slow,2.684319410803159,969,1.1434901143612932,0.668698621766335,0.5847874095001185,0.5969109574510038,0.5756845172605367
TSC_neg,OFT-0633-00,medium,3.0276328991611807,970,1.356515093864258,0.9213708354286592,0.6792190072902039,0.712213400971029,0.6444293471595719
TSC_neg,OFT-0635-00,medium,3.923653174803888,971,1.7534863344831755,0.7986975617987266,0.45549118124957366,0.5085633215908715,0.3940757132553432
TSC_neg,OFT-0635-00,fast,4.718237802945771,972,1.6983020051305042,0.8283289294844443,0.4877394756539737,0.52386406281361,0.46466786637411034
TSC_neg,OFT-0635-00,slow,3.141052939775399,973,1.7720119480435543,0.8540498089657738,0.48196616840462864,0.5333317170060148,0.41972964134720503
TSC_neg,OFT-0638-00,slow,3.6244426262774327,974,1.8379782038936305,0.9188581006035533,0.4999287253009941,0.553182323200283,0.4409336866562665
TSC_neg,OFT-0638-00,medium,4.385127131750282,975,1.86549566049644,0.9406483047693825,0.5042350538189192,0.5646589762729424,0.4374373625268211
TSC_neg,OFT-0638-00,fast,5.27365731118127,976,2.024671628043704,0.8313620602737685,0.4106157506030024,0.45171528986089104,0.37559526397973164
TSC_neg,OFT-0659-00,fast,4.3508237219704275,977,1.666751734269091,0.9405880113213252,0.5643240033788204,0.6277546522776472,0.5318057849923626
TSC_neg,OFT-0659-00,slow,3.0013532675265995,978,1.699227280693253,0.8231522553049934,0.4844274010061577,0.5084201644039176,0.47117143064150385
TSC_neg,OFT-0659-00,medium,3.5792136451053205,979,1.354188556760036,0.8645151425014923,0.6384008624100975,0.6981697966685753,0.5844031766199469
TSC_neg,OFT-0672-00,slow,2.839763592448721,980,1.1992318382348504,0.7824113340521264,0.65242708632866,0.6716937061379784,0.6275135802397744
TSC_neg,OFT-0672-00,medium,3.1893068699773854,981,1.237858121066104,0.6859188848854014,0.5541175302825937,0.6072015108220528,0.4751787433659287
TSC_neg,OFT-0672-00,fast,3.5794853895482905,982,1.3751736197224842,0.9000186321959367,0.6544763652298422,0.6874562167846605,0.6224902921389229
TSC_neg,OFT-0680-00,medium,3.37815838440453,983,1.4670214009671938,0.8768320146898709,0.5976954488269793,0.6224760865766622,0.5764776370374163
TSC_neg,OFT-0680-00,fast,4.305137634463234,984,1.447205726150228,0.8684050409944214,0.6000563881850451,0.6089118939450607,0.6086760041372616
TSC_neg,OFT-0680-00,slow,2.8157867844127966,985,1.3848605643353815,0.8608589502842734,0.621621390957446,0.6265735214871565,0.6290324498633657
new_preds,OFT-0000-00,fast,4.865858445508709,986,1.7231553909931503,0.8630655022108212,0.5008634199341643,0.5049245345340073,0.48331523049219194
new_preds,OFT-0000-00,medium,3.9877173577349248,987,1.7054348313353882,0.872282668138242,0.5114722955759194,0.5633437851273696,0.4579197745183117
new_preds,OFT-0000-00,slow,3.287455485250596,988,1.910340660921394,0.8486075571272906,0.4442179211732796,0.5069188623842512,0.3830504771288358
new_preds,OFT-0000-01,slow,3.188288600114681,989,1.7867685176338401,0.8102309513902854,0.45346162269707335,0.5056960100165692,0.4319053180720714
new_preds,OFT-0000-01,fast,4.9231637816385,990,1.5418530103718295,0.8149581831771865,0.5285576366197535,0.5569660668990914,0.5241554634332939
new_preds,OFT-0000-01,medium,4.019991338464981,991,1.8362449232987477,0.8843726376514744,0.4816201947955456,0.5180791734110035,0.48107018533449275
new_preds,OFT-0001-00,slow,3.2804075172813056,992,1.5177325955576968,0.7914085155604236,0.5214413381361276,0.5435253283755201,0.48462315784513577
new_preds,OFT-0001-00,medium,4.011151105470768,993,1.8820683582633795,0.8566844174255027,0.4551824133614264,0.509943526502838,0.45394464144747737
new_preds,OFT-0001-00,fast,5.056876761874492,994,1.710086524892461,0.8790816036750271,0.5140567982256384,0.5576555389204627,0.49273338074193446
new_preds,OFT-0001-01,fast,5.008265456284565,995,1.4199007808778552,0.8504291086171956,0.598935587662271,0.6318726866423159,0.5856551185282243
new_preds,OFT-0001-01,medium,4.034656184790668,996,1.7273765135621775,0.8143793881651626,0.4714544754841885,0.49792531223221487,0.45734338723736656
new_preds,OFT-0001-01,slow,3.257076481362302,997,1.6146547901526904,0.8388815239939941,0.5195423375387038,0.5327245314583063,0.5160275033347852
new_preds,OFT-0003-00,slow,3.22582794725693,998,1.7393806811545671,0.8375777159960044,0.481537897408425,0.5125551063831094,0.45575572193462754
new_preds,OFT-0003-00,fast,5.054185544079343,999,1.6656848726857474,0.8724247872391384,0.5237634090009128,0.5138331341395428,0.49582253238885204
new_preds,OFT-0003-00,medium,3.967970938145328,1000,1.7392243839802244,0.8267136024655733,0.475334643465402,0.5116944322610507,0.47576200505895794
new_preds,OFT-0004-00,slow,3.2130779148989523,1001,1.6689665634172268,0.8035012396937447,0.48143639142090855,0.52973912748859,0.429191034492965
new_preds,OFT-0004-00,fast,4.618396977704822,1002,1.778592167660158,0.891481613879574,0.5012287977475861,0.5162004835920668,0.48621470848740084
new_preds,OFT-0004-00,medium,3.8009880246578693,1003,1.6354717182365566,0.7912317164015517,0.48379419073947383,0.5160435004587733,0.45612639927822773
new_preds,OFT-0004-02,slow,3.0978868259496473,1004,1.3966807795619802,0.7687124699768094,0.5503852284828384,0.5727823439463735,0.5442000725355621
new_preds,OFT-0004-02,medium,3.736920598288781,1005,1.5780646977894357,0.5584744771234316,0.3538983401033852,0.39704133269119124,0.30048969197474434
new_preds,OFT-0004-02,fast,4.492241106352463,1006,1.3601751429590045,0.835890593380924,0.6145462940621593,0.6375815556336669,0.6241570601793747
new_preds,OFT-0005-00,medium,3.585326098836511,1007,1.7023530967280747,0.7977299202861825,0.4686042641913835,0.5124126435698975,0.44761384368761215
new_preds,OFT-0005-00,fast,4.270570361268608,1008,1.8638636387236462,0.8290159203425947,0.4447835684536965,0.4738307938778752,0.4151761035802506
new_preds,OFT-0005-00,slow,3.103252864412805,1009,1.595868113019223,0.9333584756218816,0.5848594053653097,0.612842804333819,0.5686163123503977
new_preds,OFT-0005-01,fast,4.027670889929504,1010,1.6666854500243928,0.7700687918497936,0.46203606795662805,0.49135304046544725,0.4244906240776173
new_preds,OFT-0005-01,slow,2.8852835762217923,1011,1.4468155647270833,0.742542695673448,0.5132255373638559,0.5481627781817077,0.4736482705178894
new_preds,OFT-0005-01,medium,3.358657186746214,1012,1.1482592211438118,0.8507012812322985,0.7408617022773761,0.7528064476712799,0.7207895591972477
new_preds,OFT-0005-02,slow,2.8164403043025863,1013,1.4342888790142234,0.8506564283759921,0.5930858426237274,0.6270606265664123,0.6097264486641137
new_preds,OFT-0005-02,fast,3.6385653851688033,1014,1.1959193065510725,0.8298095999301309,0.6938675505818447,0.735040156550725,0.6672560262936615
new_preds,OFT-0005-02,medium,3.246408391728612,1015,1.2898993490785673,0.547040220765946,0.42409527623742216,0.47140165868408246,0.37623907373306575
new_preds,OFT-0006-00,medium,3.985520304550596,1016,1.7817038586714662,0.8694777706975094,0.4880035290184748,0.5214959100520979,0.4674675821355456
new_preds,OFT-0006-00,fast,4.678818052949036,1017,2.2778452916129437,0.9691785210182279,0.4254803978947806,0.4510333758045316,0.41455495816832666
new_preds,OFT-0006-00,slow,3.3713591998694583,1018,1.7728468047198482,0.8166898625271954,0.4606657836158899,0.47183310604724715,0.4536561537716147
new_preds,OFT-0006-01,slow,3.216029422716493,1019,1.6546536661426126,0.8997345451096249,0.5437600408592561,0.5904767512668562,0.526856314991258
new_preds,OFT-0006-01,medium,3.722549527148521,1020,1.610984399791985,0.8305381493397251,0.5155469844692268,0.5112843945253769,0.5235824068883824
new_preds,OFT-0006-01,fast,4.645129741055468,1021,1.7228820420054065,0.8816983810144773,0.5117578333965306,0.4759103715515043,0.5408109794822178
new_preds,OFT-0006-02,slow,3.1162274356468957,1022,1.291962827263198,0.44076782126832237,0.3411613801629367,0.3600335869611301,0.36999958815102085
new_preds,OFT-0006-02,fast,4.79771787451065,1023,1.752839281863793,0.8594435358684321,0.4903150817995055,0.5035374416123843,0.48342076581199
new_preds,OFT-0006-02,medium,3.667721439511269,1024,1.6745214782845554,0.7215338821688999,0.43088959534162985,0.46262872953789097,0.4032348743908928
new_preds,OFT-0007-00,medium,4.063950533703504,1025,1.9383446877276875,0.9315629016729265,0.48059713402418297,0.49037281630979995,0.48689514183281263
new_preds,OFT-0007-00,fast,5.138372068256226,1026,2.122800622017957,0.8222262969548556,0.3873309101319362,0.4067331774984574,0.37948012516218793
new_preds,OFT-0007-00,slow,3.3918069401917434,1027,1.7778592589893576,0.8158710757293244,0.4589064469552639,0.46694316807430347,0.46978219980492586
new_preds,OFT-0007-01,fast,4.680107769964028,1028,2.1313946670034847,0.965211993282678,0.4528546534460762,0.4691310513489929,0.45245947162267663
new_preds,OFT-0007-01,medium,3.652055983991954,1029,1.6473573221574263,0.8088554298093726,0.4910018117684829,0.508357888844897,0.4874138713258769
new_preds,OFT-0007-01,slow,3.1054003581046437,1030,1.174901596645573,0.8230655936643214,0.7005400248107857,0.7164851161784933,0.6838205336120515
new_preds,OFT-0008-00,medium,4.377285073864817,1031,1.838648445970199,0.8640353607300822,0.4699296173903201,0.5235902535155119,0.44756560436729936
new_preds,OFT-0008-00,fast,5.352618163458059,1032,2.0055286256865483,0.8752237195751343,0.43640549846328963,0.462452249072748,0.4189089563316755
new_preds,OFT-0008-00,slow,3.54505488660592,1033,1.8082214372215868,0.9498895693888483,0.5253170600877269,0.5845645744003487,0.4641617348749292
new_preds,OFT-0008-01,slow,3.524356348130878,1034,1.947671267684231,0.775111715962642,0.39796845023248967,0.43207706112280314,0.3758736993234763
new_preds,OFT-0008-01,fast,5.295091003958028,1035,1.435659474390544,0.7909989492146079,0.5509655759771287,0.5816460393140932,0.5315418930320366
new_preds,OFT-0008-01,medium,4.416039793592477,1036,2.1404422012525526,0.6711059423280221,0.31353611974913487,0.35108131744574006,0.271671516653074
new_preds,OFT-0009-00,fast,4.681698328181988,1037,1.8930446290968488,0.8902537299384148,0.4702761447114669,0.5014470051529407,0.44006966174579487
new_preds,OFT-0009-00,slow,3.276385005857491,1038,1.6068192775856194,0.7422603618786465,0.46194389887701304,0.4817099439136386,0.43124871088128647
new_preds,OFT-0009-00,medium,3.8657278514614197,1039,1.9706484414498426,0.8716444336486893,0.44231351230126276,0.4703060601455008,0.4324178230489255
new_preds,OFT-0009-01,fast,4.838515432139296,1040,2.259238982024289,0.8815670790750384,0.39020532404462593,0.420756299964679,0.362678286238889
new_preds,OFT-0009-01,medium,3.9003290046737358,1041,1.8451632466170835,0.8885491608040736,0.48155585281309765,0.5168813606747931,0.43787977285440405
new_preds,OFT-0009-01,slow,3.2574125198388466,1042,1.5206106511333466,0.7590190527270986,0.4991541077009976,0.5343985057135503,0.4819531263885765
new_preds,OFT-0010-00,medium,4.049368823347643,1043,1.4587478140677745,0.8871441608952522,0.6081545777411769,0.6284992488884699,0.5952401257301788
new_preds,OFT-0010-00,slow,3.130697969177332,1044,1.4449189746427207,0.8447494337001292,0.5846344663783013,0.6120718332468327,0.5788306906699265
new_preds,OFT-0010-00,fast,5.169350383446414,1045,2.014372454152846,0.9561956942616877,0.47468664113748543,0.5327317800020972,0.47709499323009674
new_preds,OFT-0010-01,slow,3.093756885069224,1046,1.497256122756918,0.7946578150729537,0.5307427386636693,0.5813328741412631,0.49089685051090415
new_preds,OFT-0010-01,medium,3.832903832845738,1047,1.9519588041511566,0.8373786865317995,0.4289940365293458,0.4291117819704945,0.4417723770771296
new_preds,OFT-0010-01,fast,4.85894195620401,1048,1.8002417268118722,0.8787423755078496,0.48812465705039143,0.49835419905970124,0.4932049126321443
new_preds,OFT-0010-02,fast,4.7402664321828665,1049,1.6627451948037997,0.8034152965019392,0.4831860582202678,0.48952614945992934,0.4692240809350272
new_preds,OFT-0010-02,slow,3.1233683240803436,1050,1.3952122894909855,0.7584157060425707,0.543584450735639,0.5820894671151051,0.5153435982013209
new_preds,OFT-0010-02,medium,3.7440653058569144,1051,1.0853643369622297,0.7328634524455164,0.6752234503085758,0.6830412552153935,0.6759327522329877
new_preds,OFT-0011-00,medium,4.206560080158138,1052,1.690168776896485,0.9405709868024871,0.5564953036995386,0.5770055706876807,0.5126977715211207
new_preds,OFT-0011-00,fast,5.442276437625884,1053,1.8628747269290244,0.8169771069969117,0.4385571907691883,0.45253226097425264,0.4526538461376569
new_preds,OFT-0011-00,slow,3.4552558320378246,1054,1.3669386885669876,0.8979332838216978,0.656893605640085,0.6886804871591492,0.6189302519823128
new_preds,OFT-0011-01,fast,4.919334532339163,1055,1.8510632396448397,0.8594897680449245,0.4643222066307326,0.5172924490694946,0.44640855844919125
new_preds,OFT-0011-01,slow,3.281196514504739,1056,1.667825173046489,0.8073614741478988,0.48408039835083744,0.5194155997693155,0.4712309766177145
new_preds,OFT-0011-01,medium,4.004290134823586,1057,1.7030881095531356,0.9196303470853157,0.5399781384925603,0.5532209725606441,0.5285571154832807
new_preds,OFT-0011-02,fast,4.5805242636828964,1058,1.174036030413554,0.6157377344410322,0.5244623831724642,0.5158962710475472,0.5292489552163284
new_preds,OFT-0011-02,medium,3.843492722266322,1059,1.3152437927647764,0.6910851925002014,0.5254426565644305,0.5796138577723439,0.5225877608914025
new_preds,OFT-0011-02,slow,3.0061611885066615,1060,1.3508974425020064,0.6993903338217932,0.5177227462407861,0.5192370221226968,0.5212998954041228
new_preds,OFT-0012-00,fast,4.793073549128975,1061,2.1106117791321166,0.856835375724871,0.40596540974352074,0.4211856553966142,0.4017952680769571
new_preds,OFT-0012-00,medium,3.8213633641999927,1062,2.045613458989273,0.7974987998861269,0.38985801368366385,0.4445873906252999,0.35834270742399854
new_preds,OFT-0012-00,slow,3.1196685334747802,1063,1.4770546540237128,0.8833989615657066,0.5980814312857,0.6360436517448348,0.5629515921319447
new_preds,OFT-0013-00,slow,3.045821747768325,1064,1.8555625336855293,0.7591812078943722,0.40913803448406666,0.47019782310053826,0.37058418370049495
new_preds,OFT-0013-00,fast,4.559310232054689,1065,1.6273659833299021,0.7884436416762401,0.4844906737345791,0.5136164446725733,0.4580925333223328
new_preds,OFT-0013-00,medium,3.681880028127306,1066,1.7029862040860775,0.8497440297560006,0.49897293807616205,0.5250537825937669,0.48289965450347583
new_preds,OFT-0014-00,slow,3.242315863344689,1067,1.7274947230005855,0.8186250573335188,0.47387991779888133,0.5255227882804099,0.408225041024496
new_preds,OFT-0014-00,fast,4.8984455238304525,1068,1.88736129964225,0.8500388216243335,0.45038478948649563,0.47749578443062535,0.4372883516389631
new_preds,OFT-0014-00,medium,3.9221714897169266,1069,1.8652132972426718,0.8767654937231222,0.47006178597334514,0.5397887020293044,0.42130590927411693
new_preds,OFT-0015-00,slow,3.3204733062469027,1070,1.3847842786334315,0.8476927455900978,0.6121478692888107,0.6311820005178361,0.5993976318276235
new_preds,OFT-0015-00,fast,4.839203986548871,1071,2.601927169122162,0.8512381786619283,0.3271568046807086,0.36431211724852375,0.31752036883068335
new_preds,OFT-0015-00,medium,4.001396931158731,1072,1.6245056964006035,0.8491284597314845,0.522699588935199,0.5881194563636936,0.5057097560391602
new_preds,OFT-0016-00,medium,4.092745141733554,1073,2.1125615116842202,0.8250260853682575,0.3905335209437348,0.420821244467839,0.38415782205598387
new_preds,OFT-0016-00,fast,5.072823022469021,1074,1.6583766350788491,0.8566311954426186,0.5165480369915422,0.5132686688151643,0.5195809423494586
new_preds,OFT-0016-00,slow,3.327591143921832,1075,1.886855538501797,0.8636077503664094,0.4576968044157382,0.4665709479106788,0.4667599197371517
new_preds,OFT-0017-00,medium,3.6398298550786716,1076,1.5625658483801947,0.8612844044617988,0.5511987897051721,0.568386978674276,0.546727679622012
new_preds,OFT-0017-00,fast,4.435558279506783,1077,1.7573776119019882,0.8663159601766415,0.49295948367012504,0.5281740896626209,0.4607358557998723
new_preds,OFT-0017-00,slow,3.06253421816333,1078,1.229013382665051,0.7934711870149505,0.6456163929593264,0.686600813080231,0.6128071366856573
new_preds,OFT-0018-00,slow,3.505394876558337,1079,1.908693747582893,0.8640115452450124,0.45267164852358754,0.48488915457703774,0.42526869097760045
new_preds,OFT-0018-00,medium,4.3297223786972125,1080,2.1516014802609758,0.8743057843804161,0.4063511725574609,0.44760118354348477,0.37489617667870734
new_preds,OFT-0018-00,fast,5.367293710688901,1081,1.9605988872332247,0.8424173733347216,0.4296734935535598,0.44642792359166306,0.45226069626934345
new_preds,OFT-0019-00,fast,4.700952640061099,1082,1.7069301133718089,0.8276650229539235,0.4848851259170673,0.529911111897321,0.44398653085253914
new_preds,OFT-0019-00,medium,3.72819623263836,1083,1.5366611674277948,0.872366544558255,0.5677026029222191,0.6014460062083937,0.5498228427658931
new_preds,OFT-0019-00,slow,3.1295539413893123,1084,1.7502311382214895,0.8351929355314966,0.4771900792372968,0.5138031155063085,0.4543234321384754
new_preds,OFT-0020-00,fast,5.041835692512438,1085,1.541888062576262,0.8870224772908758,0.5752833158386318,0.6126044806936504,0.5597276040005861
new_preds,OFT-0020-00,medium,4.150284970518703,1086,1.6605351037450888,0.7899851244249658,0.4757412972741572,0.5160010167276887,0.4600378913926788
new_preds,OFT-0020-00,slow,3.2841853252871864,1087,1.7009626049684574,0.908730418841911,0.5342447953808852,0.5776968553745818,0.49215774780006716
new_preds,OFT-0021-00,fast,4.998511082961426,1088,2.067584351459672,0.8450893418442402,0.40873270357633756,0.4345884717538673,0.40177777159179406
new_preds,OFT-0021-00,medium,4.012751371060019,1089,1.8689755421639478,0.8320154127812197,0.44517191049910204,0.4967002524874843,0.4339204181706151
new_preds,OFT-0021-00,slow,3.1904330555957765,1090,1.8042504812945774,0.8292204961421038,0.45959278090208705,0.4724827119890613,0.471453312704791
new_preds,OFT-0022-00,fast,5.387300572972826,1091,1.7256840185904827,0.906807387290089,0.5254770731612605,0.5358378830924398,0.5218379278026054
new_preds,OFT-0022-00,medium,4.267420084280021,1092,1.9206011524687447,0.7982277347787965,0.4156134831809056,0.4414696732343641,0.40320058255475144
new_preds,OFT-0022-00,slow,3.3511641702687434,1093,1.7043630650269206,0.9427770011644004,0.5531550292950693,0.6127493726905885,0.5613487232600998
new_preds,OFT-0023-00,fast,4.611886281883903,1094,2.0254440723058655,0.786929771320311,0.3885220935399274,0.3849995031802561,0.3995829905028385
new_preds,OFT-0023-00,slow,3.2670793632023374,1095,1.7588751379330596,0.8828955674691554,0.5019660284167126,0.5209423804219586,0.48902973923464205
new_preds,OFT-0023-00,medium,3.8781424670874105,1096,1.601564512174117,0.8981984603913555,0.5608256511453634,0.590518452346583,0.5541164603219302
new_preds,OFT-0024-00,fast,4.986332189763434,1097,1.7479375609214192,0.8861358092843389,0.5069607914468155,0.5508706777021474,0.498298585016806
new_preds,OFT-0024-00,medium,3.964686870104485,1098,2.038819074212914,0.9420145592158373,0.462039310466772,0.525939305323466,0.4273978175458965
new_preds,OFT-0024-00,slow,3.1718464713345096,1099,1.4692133976525168,0.8057779848796727,0.5484417622158432,0.5739395639579057,0.5398411502813429
new_preds,OFT-0025-00,fast,5.593627936535201,1100,2.2468689659635492,0.8686560027787786,0.38660732598897396,0.417450574509211,0.3961202625458403
new_preds,OFT-0025-00,slow,3.4231215253203486,1101,1.6054183717505761,0.9249866284505028,0.5761654685948818,0.6267135909674788,0.5574108340048698
new_preds,OFT-0025-00,medium,4.452530207898154,1102,1.8878987248128638,0.8815204074826521,0.4669320424325368,0.5048436181846081,0.4479183748780361
new_preds,OFT-0026-00,medium,4.378382052960464,1103,1.6263570782140266,0.801547070893004,0.4928481460991443,0.5228439577589228,0.4641552153362986
new_preds,OFT-0026-00,slow,3.3686771494527084,1104,1.5929332612618854,0.8030076037729055,0.504106244311065,0.5361651157082016,0.4772479874965543
new_preds,OFT-0026-00,fast,5.412537624322418,1105,1.5317771918789826,0.9306375924810708,0.6075541517493723,0.6352358419704606,0.6137924320637538
new_preds,OFT-0027-00,medium,3.8400465076320396,1106,1.5540205569888097,0.8584468701598174,0.552403805920824,0.5836179519321663,0.533987794378395
new_preds,OFT-0027-00,fast,4.6038873866834065,1107,1.7835522003239335,0.8081767964791423,0.4531276383906,0.4632535173122097,0.4619817721780889
new_preds,OFT-0027-00,slow,3.2233790100499893,1108,1.7173889548536672,0.6781472657244181,0.3948710999962153,0.4587551757125742,0.37744445642162716
new_preds,OFT-0028-00,fast,4.67200910356929,1109,1.675483599729007,0.8203402869946739,0.48961403568937106,0.4941237947953089,0.4878979324708273
new_preds,OFT-0028-00,medium,3.741763238059976,1110,1.6189083062335947,0.8466355336691949,0.5229669465585116,0.5530407711672168,0.556993305180081
new_preds,OFT-0028-00,slow,3.047750947078304,1111,1.5614897447470275,0.7611057692916604,0.48742284209811765,0.5207958083060031,0.46294807061294185
new_preds,OFT-0029-00,medium,4.056614496496031,1112,1.7466636939375564,0.8997661679674331,0.5151341790010321,0.5518385136310588,0.4881838125443266
new_preds,OFT-0029-00,fast,5.058184914101545,1113,2.0362519544758175,0.8990567573104121,0.44152530109755106,0.4464609917940532,0.4242528920588119
new_preds,OFT-0029-00,slow,3.3445958833621887,1114,2.0411801471127906,0.7908965458489332,0.38747023233967903,0.4480338122265039,0.34492963233331025
new_preds,OFT-0030-00,slow,3.4004206953476372,1115,1.676417425865931,0.7507825949556317,0.4478494337815804,0.49070384976038195,0.433506370790153
new_preds,OFT-0030-00,medium,4.143958383820555,1116,1.9673077542685886,0.7533444551229538,0.3829316757829963,0.4111355137762003,0.34977209285478894
new_preds,OFT-0030-00,fast,5.080427120006388,1117,1.8111994835172676,0.889234916629809,0.4909646478602981,0.517669815345053,0.47077222993197804
new_preds,OFT-0031-00,fast,4.638087908364266,1118,1.898060037823791,0.8411299810910232,0.4431524632147124,0.47201466303336337,0.4152073618518822
new_preds,OFT-0031-00,slow,3.073533351564154,1119,1.3699420315719408,0.775586270293364,0.5661453203267419,0.6141103120752839,0.5148428029247321
new_preds,OFT-0031-00,medium,3.7154578753325054,1120,1.6832701140381467,0.9444682044591783,0.5610912928248987,0.5898125892399517,0.554437780107029
new_preds,OFT-0032-00,fast,4.881890727580699,1121,2.314204112783077,0.9135873396599686,0.39477388127241836,0.4028327788232907,0.38225402519353635
new_preds,OFT-0032-00,slow,3.2485969123049627,1122,1.6721784276500704,0.8694366998176022,0.5199425404856051,0.5205050881407991,0.5335986831121011
new_preds,OFT-0032-00,medium,3.978760248879842,1123,1.591807847999754,0.66341655239748,0.41676924336760934,0.43886529054296686,0.38714620250605564
new_preds,OFT-0033-00,fast,4.888842804056819,1124,1.7697770331079936,0.9136836029748889,0.516270459997056,0.535686436828553,0.5097870862507825
new_preds,OFT-0033-00,slow,3.2862027750389062,1125,1.6888298031430318,0.6851101372279778,0.4056715105056408,0.4420829867930646,0.3625474695602965
new_preds,OFT-0033-00,medium,3.9638968336846374,1126,1.8430214075199196,0.786055163357275,0.426503544749943,0.4576788155918006,0.3763294195293524
new_preds,OFT-0034-00,fast,5.146134220935211,1127,1.9940340295635406,0.8068076735520116,0.40461078476609935,0.4628336505104839,0.37602597431355306
new_preds,OFT-0034-00,medium,4.058410634476875,1128,1.97868275830687,0.8705813767048399,0.43998027124357403,0.47813641618588176,0.42556290253682805
new_preds,OFT-0034-00,slow,3.318068997114788,1129,1.9136710347532893,0.8831816677137554,0.4615117497598616,0.4685267001674544,0.4355849342068537
new_preds,OFT-0035-00,fast,5.618133382909081,1130,2.3784835960452617,0.8727101253817863,0.3669187068739317,0.39879787684339996,0.3679017232032047
new_preds,OFT-0035-00,slow,3.634454573388928,1131,2.08501278183184,0.9404449609368528,0.4510499739529661,0.4894930472551616,0.44007693892726163
new_preds,OFT-0035-00,medium,4.568890911646324,1132,2.194572383959354,0.8836756480422614,0.40266416113738357,0.4239717703229666,0.38507904743356464
new_preds,OFT-0036-00,fast,5.163463776467982,1133,1.99773158365078,0.7758621321125665,0.38837156025471015,0.43822329694151935,0.3493017707699429
new_preds,OFT-0036-00,medium,4.18382261300454,1134,1.8676980024689342,0.8484291165888118,0.4542646163712026,0.48859189289783655,0.4477545708814681
new_preds,OFT-0036-00,slow,3.3963968689585107,1135,2.017427451702049,0.9151867074230934,0.4536404551504318,0.5113254594644169,0.4148327972912134
new_preds,OFT-0037-00,fast,5.086995521674784,1136,1.9351335871480002,0.8551641110478843,0.44191476843116817,0.4684285965689295,0.4190779546752103
new_preds,OFT-0037-00,slow,3.3644262561133647,1137,1.7656857467769693,0.9127926892524273,0.516962143982083,0.5470322598364866,0.484210961990176
new_preds,OFT-0037-00,medium,4.089280393119954,1138,1.8143450197294702,0.8172262596881094,0.4504249471856035,0.5002063434286119,0.4203216711788577
new_preds,OFT-0038-00,fast,5.10914922785743,1139,1.7481659929593962,0.8913792207108036,0.5098939255772991,0.555320467985393,0.4983581469855763
new_preds,OFT-0038-00,slow,3.501956895167162,1140,1.8370559615172792,0.9860942091155465,0.5367796244492747,0.5686649119332998,0.5286040375815573
new_preds,OFT-0038-00,medium,4.257316990239946,1141,1.9164470906349786,0.9122944420035878,0.4760342440246113,0.5301744519688976,0.4603900743064734
new_preds,OFT-0039-00,slow,3.2028874786777477,1142,1.714400519908957,0.818373909446565,0.47735281221801346,0.5207001022825839,0.4480730001736434
new_preds,OFT-0039-00,medium,3.8381980571989724,1143,1.8218704931786414,0.8319117432052214,0.4566250709477017,0.4946443076338024,0.433247893864417
new_preds,OFT-0039-00,fast,4.705942852450187,1144,1.7190778463850447,0.9022737337092746,0.5248591479476145,0.5574996337424705,0.5096309488145854
new_preds,OFT-0040-00,fast,4.8718682740163715,1145,1.825472033780095,0.9054118303064205,0.495987784831488,0.5056256605955237,0.48454048500855623
new_preds,OFT-0040-00,medium,3.986931060357567,1146,1.6191176652144648,0.8121454620226967,0.5015975549344165,0.5470247854907908,0.4803138443026306
new_preds,OFT-0040-00,slow,3.2487555286081418,1147,1.5244249897231243,0.7925702454529245,0.5199142304777332,0.5468921959553683,0.49557219223408366
new_preds,OFT-0041-00,fast,5.194921727643841,1148,2.0185358595738334,0.8913816754225754,0.4415981371818531,0.4866577876820542,0.4202892436754134
new_preds,OFT-0041-00,slow,3.2575771583489677,1149,2.1247869536291795,0.8630115060149529,0.40616378246341905,0.40371623971034776,0.402808721524746
new_preds,OFT-0041-00,medium,3.9828350858439787,1150,2.417401480729082,0.9042403572902681,0.3740546882669864,0.40197112523900835,0.39168564833932873
new_preds,OFT-0042-00,fast,5.354188468533836,1151,1.5636782884886993,0.7950696366216455,0.5084611345407137,0.5158355905367089,0.4885601533264952
new_preds,OFT-0042-00,slow,3.3846261189882267,1152,1.7054658421580886,0.8685009828714324,0.5092456039884301,0.5337282336282376,0.5078122096659392
new_preds,OFT-0042-00,medium,4.312159249207184,1153,1.366803627828354,0.8491443838093425,0.6212628987226978,0.6553541073238771,0.6072032052877256
new_preds,OFT-0043-00,medium,3.8118662314499963,1154,1.8659361909363081,0.8726505386292647,0.4676743732546274,0.48520441121125635,0.45452342485279107
new_preds,OFT-0043-00,fast,4.543481748484839,1155,1.8904974067375362,0.8847538400878704,0.4680005573848976,0.5173303405621505,0.43625913643249925
new_preds,OFT-0043-00,slow,3.2194825018509703,1156,1.444226719462892,0.8071119838209739,0.5588540725248035,0.6029207186207987,0.5173130262362415
new_preds,OFT-0044-00,fast,4.651224778336048,1157,2.1074852154952897,0.7511352144371979,0.3564130409620312,0.34996443199335936,0.3541187630724319
new_preds,OFT-0044-00,medium,3.9098806978916594,1158,2.821220216953658,0.861336498907123,0.3053063684043746,0.32989336522096857,0.26989280329362875
new_preds,OFT-0044-00,slow,3.2656246351983707,1159,1.9914088720423837,0.8122155832475971,0.4078597794005964,0.43504085191051356,0.3810879772415847
new_preds,OFT-0045-00,fast,4.984902510685919,1160,1.8747578656031272,0.895977184275798,0.47791621558955494,0.5020956342319722,0.44199354984420597
new_preds,OFT-0045-00,slow,3.3759219733576535,1161,1.7002772235868961,0.6640169269047745,0.39053450678117524,0.3953155617437757,0.377195315504729
new_preds,OFT-0045-00,medium,4.139706282732119,1162,1.883833784678166,0.7848954403258472,0.41664792653664967,0.4500439228159553,0.34421102658895464
new_preds,OFT-0046-00,fast,4.894204733786157,1163,1.8354439388791772,0.8344914541800271,0.45465374153002647,0.47474542682956167,0.4399392502978235
new_preds,OFT-0046-00,slow,3.2334447358728853,1164,1.6188046248310657,0.8258520657753698,0.5101616668914284,0.525118277631941,0.5039112274787083
new_preds,OFT-0046-00,medium,4.018007126244961,1165,1.9416891223486936,0.8182153182750753,0.42139357369698344,0.45375275482190647,0.41207520893989263
new_preds,OFT-0047-00,medium,4.550677437360221,1166,2.5651540621437796,0.9580903234106445,0.37350205882368653,0.39526710758224104,0.3644884994727915
new_preds,OFT-0047-00,fast,5.491070402310284,1167,2.2076081998355286,0.9652076434076544,0.4372187254421162,0.4548190164427238,0.433709608574913
new_preds,OFT-0047-00,slow,3.694865804038475,1168,2.3206507726136945,0.8231975852305345,0.3547270424939408,0.35111514821994755,0.3411683424001051
new_preds,OFT-0048-00,fast,5.23925540965603,1169,1.8470538180617306,0.8377626123298008,0.45356697468021573,0.4709946120730809,0.4544526993616799
new_preds,OFT-0048-00,slow,3.356396194150045,1170,2.083203090547555,0.8350949918759063,0.4008706571457743,0.41010573118965055,0.3850713718837845
new_preds,OFT-0048-00,medium,4.215638490203019,1171,2.1119807639325834,0.8956965163892887,0.42410259207165785,0.47168494888865886,0.43440341500001195
new_preds,OFT-0049-00,medium,4.251668050761065,1172,1.629357533160234,0.8524328542793622,0.5231711499354098,0.5764487107418276,0.5111934653535869
new_preds,OFT-0049-00,fast,5.390666675083228,1173,2.0898467809482377,0.9092591118511465,0.4350841028826924,0.46390221965290973,0.40640109540178404
new_preds,OFT-0049-00,slow,3.5520590059089696,1174,1.877371760799241,0.8282654367875991,0.44118349603542945,0.472915122068581,0.4355419509454786
new_preds,OFT-0050-00,slow,3.449529987277275,1175,1.587857047532366,0.8612748864559586,0.5424133663634496,0.5657375349356182,0.5450133026996161
new_preds,OFT-0050-00,medium,4.360002623951224,1176,1.9007783280518578,0.9232847431988961,0.4857403567648982,0.5050348830648995,0.4865111391870858
new_preds,OFT-0050-00,fast,5.565079232717914,1177,2.0441039026499093,0.8598703868554897,0.4206588450522412,0.44956744778174107,0.40957586755469744
new_preds,OFT-0051-00,fast,4.865655572872606,1178,1.8385417651886717,0.7553525073440628,0.4108432680976101,0.4246034228698603,0.39488276081753404
new_preds,OFT-0051-00,medium,3.920102111489807,1179,1.7301490545890283,0.9108643963067042,0.5264658521129942,0.5694439530184278,0.523705495330077
new_preds,OFT-0051-00,slow,3.2092202435492045,1180,1.8335148098283196,0.8140710809308238,0.44399482162189297,0.47420620020332604,0.4352519162626312
new_preds,OFT-0052-00,medium,3.7988940818371755,1181,2.0682039878855036,0.8940863108556055,0.4323008349721364,0.4702670776142547,0.4009208815134612
new_preds,OFT-0052-00,fast,4.570532817590286,1182,1.9831009345003323,0.8473563347655463,0.42728855603058274,0.4603172327811243,0.42550693937319095
new_preds,OFT-0052-00,slow,3.242067456188587,1183,2.1514435629716018,0.8323286103674084,0.38686983228032495,0.4100179233305866,0.3591378261775485
new_preds,OFT-0053-00,fast,4.638879623753443,1184,1.8352399866441371,0.7532305971666338,0.4104262127287058,0.40609125987586836,0.3982932802774036
new_preds,OFT-0053-00,slow,3.212442980604699,1185,1.9998520163594145,0.7223450462356502,0.3611992489077402,0.3918034713234705,0.3184065537476307
new_preds,OFT-0053-00,medium,3.8960060791899234,1186,1.6749768694979155,0.911534312983425,0.5442071049355225,0.5975339708518507,0.512484275207421
new_preds,OFT-0054-00,fast,5.163875757382147,1187,1.8175674243646884,0.8385269079664379,0.46134569575020645,0.4983705121929408,0.4536750352528528
new_preds,OFT-0054-00,slow,3.4133678849526556,1188,1.7136279452714493,0.7676465029273509,0.4479656771737292,0.4845878140782172,0.4115808209908255
new_preds,OFT-0054-00,medium,4.235770468543533,1189,1.848306972418266,0.8771416993322836,0.4745649464194031,0.5190841945997183,0.4640182721113812
new_preds,OFT-0055-00,fast,5.286951910266246,1190,2.398139990701645,0.763798011750197,0.31849600720211746,0.3495637937231927,0.30959261113275904
new_preds,OFT-0055-00,slow,3.499940370502526,1191,2.0183154983043874,0.8931363921520614,0.4425157478612222,0.46213496278027344,0.44352955595444066
new_preds,OFT-0055-00,medium,4.32123944210066,1192,1.8954578286579422,0.9024485365806262,0.47611111307055287,0.5205567887465798,0.44223059481139154
new_preds,OFT-0056-00,fast,5.596943501918089,1193,1.816398052104786,0.8435224281688427,0.46439293809602744,0.49381699265074175,0.4494381826903122
new_preds,OFT-0056-00,slow,3.629539804871003,1194,1.9429611282366628,0.8737976569813315,0.4497247239188711,0.49255520433656824,0.46204556792281337
new_preds,OFT-0056-00,medium,4.460948397034902,1195,1.6946307917384305,0.7873140144676002,0.4645932425551746,0.48800648259282897,0.4534687274524906
new_preds,OFT-0057-00,medium,4.181492848550425,1196,1.9232393120490014,0.8354997984536716,0.4344232115157514,0.46675800820171043,0.41140128334375026
new_preds,OFT-0057-00,fast,5.348971880719056,1197,1.9424023328685427,0.8595958328591264,0.44254262791667576,0.47899821912837853,0.4259156606147883
new_preds,OFT-0057-00,slow,3.339380893643337,1198,2.1269602752107346,0.9666134344515649,0.4544576810941121,0.4815733255256883,0.4385103263916166
new_preds,OFT-0058-00,slow,3.4872252538615522,1199,1.488972525898018,0.774001619581886,0.5198226334734255,0.532777816370694,0.5116379577375039
new_preds,OFT-0058-00,fast,5.604763225463891,1200,1.8591048696654664,0.8527852660779218,0.4587074564714442,0.468496166107989,0.44424571716074
new_preds,OFT-0058-00,medium,4.456165674220894,1201,1.8059999064046606,0.8372022870915334,0.4635671818822044,0.5128460610557654,0.44042758982620944
new_preds,OFT-0059-00,fast,4.970638425146106,1202,1.9277699694796726,0.9112591057960183,0.4727011625987605,0.513239341851913,0.47626039968989287
new_preds,OFT-0059-00,medium,4.090372123856718,1203,1.753416073745454,0.8334753720342494,0.4753437501310634,0.4967470792291797,0.45362004822933005
new_preds,OFT-0059-00,slow,3.350938441577408,1204,2.026992615774179,0.843505894218689,0.41613663890754965,0.46933885802527286,0.38360741406326554
new_preds,OFT-0060-00,medium,4.432340861210304,1205,1.942022298720679,0.840067564353046,0.4325735934682349,0.46481842846961174,0.40768918852413305
new_preds,OFT-0060-00,slow,3.5708110912365907,1206,1.9009517817242272,0.8964481643279251,0.4715785918119482,0.5164206419363946,0.43538839619404235
new_preds,OFT-0060-00,fast,5.514312422332764,1207,2.213988711773329,0.9065742375835344,0.4094755464482019,0.42872224179934415,0.3969970677847685
new_preds,OFT-0061-00,slow,3.5936619780550054,1208,2.1581114857010806,0.8867336319664707,0.4108840705596856,0.43259144897013346,0.4002243775159362
new_preds,OFT-0061-00,medium,4.559810972603178,1209,2.290699300172485,0.8684270674595909,0.379110024346801,0.4361281991503001,0.3500169746176336
new_preds,OFT-0061-00,fast,5.676846601161359,1210,2.308937117213846,0.8968238939031188,0.3884141699732821,0.4307304662366418,0.39264799322090305
new_preds,OFT-0062-00,medium,4.356445195581364,1211,1.7345584863141321,0.9115925106752587,0.5255472893349111,0.5579585257848212,0.502521985405907
new_preds,OFT-0062-00,fast,5.810486783884311,1212,1.879752435480614,0.8253401029663161,0.4390685110378876,0.46414442577982074,0.4242144584604921
new_preds,OFT-0062-00,slow,3.4876008067014874,1213,1.8424132798015385,0.7989063191382985,0.4336194967202773,0.4729203840500023,0.3909240254212729
new_preds,OFT-0063-00,slow,3.6591747387347584,1214,2.504765750232454,0.7552892341667206,0.3015408662852509,0.34590250258943167,0.26643639644511274
new_preds,OFT-0063-00,medium,4.766027805151208,1215,1.8973191422327615,0.9046713102553358,0.47681557104342515,0.4960376652391959,0.43832442108634717
new_preds,OFT-0063-00,fast,6.169903031401799,1216,2.1182188140957807,0.8074919504149141,0.3812127175159729,0.40694120351684676,0.3757060001388276
new_preds,OFT-0064-00,fast,4.844620609416925,1217,1.6798157039039745,0.8750711348945579,0.5209328218928121,0.5581520912170765,0.48288091859581894
new_preds,OFT-0064-00,medium,3.875333907152764,1218,1.8150706274028265,0.899686420388015,0.49567570914602416,0.5350234545649997,0.4768374093488427
new_preds,OFT-0064-00,slow,3.097141790312539,1219,1.8333539052214802,0.847842726535034,0.46245447980356497,0.5153256877756056,0.42084267765874483
new_preds,OFT-0065-00,fast,5.585441928191219,1220,1.8713880550990378,0.8928290675142481,0.4770945636216523,0.5066837561946764,0.47142293329389323
new_preds,OFT-0065-00,medium,4.369914695807914,1221,1.9451669127749205,0.8497973313247407,0.436876303901573,0.45668745418112755,0.42606260986823646
new_preds,OFT-0065-00,slow,3.4312801614501014,1222,2.1641603287443045,0.8866445790823121,0.40969449781789674,0.4475318131212167,0.4055093740637168
new_preds,OFT-0066-00,medium,4.476294265803095,1223,1.9041224650942448,0.8667686643586786,0.4552063642165882,0.4665854735956117,0.43836956444981057
new_preds,OFT-0066-00,fast,5.3191336192273395,1224,1.6071228760423744,0.8407279514264461,0.5231261180830077,0.5522740381921958,0.5067417112939241
new_preds,OFT-0066-00,slow,3.6439739874633825,1225,1.6759417889889532,0.8273453892463032,0.4936599795303252,0.5612515497291555,0.4896985530878668
new_preds,OFT-0067-00,medium,3.9154178877339314,1226,1.7468016239496806,0.8471156765771636,0.4849524210206288,0.5183434171448124,0.45656579204954073
new_preds,OFT-0067-00,fast,4.762785027249174,1227,1.6868678141346012,0.8673951412870654,0.5142045713475525,0.5415156202485251,0.4819287112444255
new_preds,OFT-0067-00,slow,3.1955492213203707,1228,1.9872839962756865,0.8567300219108163,0.43110598360193614,0.46173005839071596,0.39960847695198504
new_preds,OFT-0068-00,fast,5.087981394478243,1229,2.067713809549396,0.8874404381194214,0.4291892011461759,0.44294015859067654,0.4144516421911866
new_preds,OFT-0068-00,medium,4.238576826106795,1230,2.0183417402832324,0.9026317787003626,0.4472145428522411,0.4802205314707516,0.45130548233306267
new_preds,OFT-0068-00,slow,3.518135157724866,1231,2.28324637889623,0.807924716527779,0.35384911764027277,0.39675718917325964,0.3416038673754048
new_preds,OFT-0069-00,fast,4.428976457654784,1232,1.881791135723572,0.9490170756553328,0.5043158391169825,0.5444422298128806,0.47686953402221277
new_preds,OFT-0069-00,medium,3.6876097197608604,1233,1.721821552958844,0.9729297156564468,0.5650583906238873,0.6092061253985648,0.5267331327759184
new_preds,OFT-0069-00,slow,3.032282601782352,1234,1.7320748311225476,0.9294412798216134,0.5366057303766997,0.5802227384606643,0.4893916269591139
new_preds,OFT-0070-00,fast,5.005050935195559,1235,1.847997861227023,0.7943074775093106,0.42982056103783095,0.4789803889960223,0.34786491725834
new_preds,OFT-0070-00,medium,4.288227491189878,1236,2.0732955090192466,0.7847083441252224,0.37848359807445947,0.4269864241050147,0.3410043207516944
new_preds,OFT-0070-00,slow,3.528292631225483,1237,2.1993475783170995,0.9351562710167294,0.4251971267462389,0.47650187593492066,0.40222386611307204
new_preds,OFT-0071-00,medium,4.963649986282315,1238,2.114691571651405,0.8601633288633496,0.4067559262042317,0.44192162260926426,0.38552819833633123
new_preds,OFT-0071-00,slow,3.8773473235947598,1239,2.1412454851458835,0.951366455431004,0.44430517753838356,0.49428937052867217,0.44302419615561184
new_preds,OFT-0071-00,fast,5.955897442615842,1240,2.173035019486704,0.8413744836117875,0.38718864448421536,0.40800389016187655,0.3631055125743311
new_preds,OFT-0072-00,medium,3.6978116706546245,1241,1.5275722820033002,0.8970233518186814,0.5872215425657635,0.6478184536463343,0.5406041381498925
new_preds,OFT-0072-00,fast,4.270090347302589,1242,1.7976309941294517,0.8668794902675675,0.4822343924301193,0.5296409389622236,0.46283841374501156
new_preds,OFT-0072-00,slow,3.1111181492734414,1243,1.535585064804351,0.9035503559472511,0.5884078822180864,0.6375215228318569,0.5477131541909329
new_preds,OFT-0073-00,fast,4.92648373237461,1244,2.076449092136228,0.8829008264406522,0.4251974343047021,0.4505875298363792,0.4153420215736475
new_preds,OFT-0073-00,slow,3.216597998656418,1245,2.2170431819131844,0.9438418369380716,0.42572099841717503,0.4600136475989329,0.4401782904820388
new_preds,OFT-0073-00,medium,3.9634856983210383,1246,2.1580911164199343,0.8500897767339161,0.39390819519434067,0.4415126536170754,0.3776642359607293
new_preds,OFT-0074-00,medium,3.7861311603060863,1247,1.7320744820633085,0.8225886153123334,0.4749152671150935,0.5012028847665383,0.46637225471363297
new_preds,OFT-0074-00,slow,3.1430599276208784,1248,1.4497957967495247,0.8854290184998079,0.6107267109512664,0.6452941710598612,0.5923529636443942
new_preds,OFT-0074-00,fast,4.399265271427747,1249,1.90759647076438,0.9118021994706386,0.47798484293970017,0.511895973241492,0.45534753677667905
new_preds,OFT-0075-00,fast,4.720861163141311,1250,1.6299287676501963,0.8839172274131056,0.5423042067583199,0.5729714371606758,0.5147840580478809
new_preds,OFT-0075-00,slow,3.2105534634085466,1251,1.38637333031127,0.7802379662650952,0.5627906633849595,0.592579505088336,0.5290462436319475
new_preds,OFT-0075-00,medium,3.9405115122389165,1252,1.8116428194277543,0.8989425773524362,0.49620298643437133,0.5411437181423474,0.47603621845361055
new_preds,OFT-0076-00,fast,4.719531099300295,1253,1.521079050400096,0.8711087994178047,0.5726913398673614,0.5904377012438207,0.5440730508722291
new_preds,OFT-0076-00,slow,3.197382046487945,1254,1.410840870622499,0.8474015131376225,0.6006357845046885,0.6160588126568838,0.5796181392256231
new_preds,OFT-0076-00,medium,3.909527875452003,1255,2.2610927095837337,0.8959191172321995,0.3962328096653489,0.4273708580467527,0.3715104630168016
new_preds,OFT-0077-00,slow,3.256551418127121,1256,1.8981619839675337,0.894781845871477,0.47139382909840294,0.5037648793506013,0.4697823598891908
new_preds,OFT-0077-00,fast,4.731320650210441,1257,2.00298425078449,0.8058043233156006,0.4023018768120612,0.42852017790459185,0.41232358787169143
new_preds,OFT-0077-00,medium,3.9386373390354046,1258,2.0604274645208913,0.9043788881310663,0.43892779712163293,0.47381964746861416,0.4180614163521431
new_preds,OFT-0078-00,slow,3.1584811853538084,1259,1.773281754310431,0.8616268357193302,0.4858939272481195,0.5114183657647243,0.4758116559261391
new_preds,OFT-0078-00,fast,4.6230019470830905,1260,1.8430382077563263,0.9384309502829775,0.50917606934769,0.5443078246910606,0.4904254944160094
new_preds,OFT-0078-00,medium,3.826265607124499,1261,1.8286600273461748,0.9082979861132318,0.496701394753726,0.5424393183227332,0.46827012122639367
new_preds,OFT-0079-00,fast,4.986509965276577,1262,2.014639078526943,0.89273913240925,0.4431260874091651,0.4998565130147067,0.4297549609509591
new_preds,OFT-0079-00,medium,3.9807192327262118,1263,2.1295232329697997,0.9003155819009522,0.42277800399734833,0.46593815590658455,0.42145792658955816
new_preds,OFT-0079-00,slow,3.185226192730071,1264,1.639689780509587,0.8638445304216318,0.526834124777654,0.5380812928650587,0.5204903423266486
new_preds,OFT-0080-00,medium,4.498906144222932,1265,2.1618758242725327,0.814356560225804,0.3766897946138204,0.4116947802827477,0.357483160050342
new_preds,OFT-0080-00,fast,5.363736414258669,1266,1.7903735108092302,0.9014641696901657,0.5035062037321549,0.5469725638373681,0.5170583620305008
new_preds,OFT-0080-00,slow,3.6899108465918777,1267,2.3363809455667517,0.8807080973138216,0.37695398046493755,0.41145270072321916,0.3312265725654853
new_preds,OFT-0081-00,fast,4.070581904077191,1268,1.8363723279845243,0.8261780044038518,0.4498967839003585,0.49231911929319944,0.4412693783999747
new_preds,OFT-0081-00,medium,3.4331812535076565,1269,1.7681837898511008,0.9112998625741469,0.5153875223858305,0.5394455126386616,0.5071656748910948
new_preds,OFT-0081-00,slow,2.9312966415706714,1270,1.6634536418172912,0.8708928794207791,0.5235450255585995,0.5864088264696343,0.4772605574738288
new_preds,OFT-0082-00,fast,5.295407714392693,1271,2.3785256418190683,0.9289936628939307,0.39057542477593277,0.4301717461859037,0.37983045560133377
new_preds,OFT-0082-00,medium,4.368833354060043,1272,2.018513041626401,0.9048294039204785,0.448265324652755,0.49653836459001793,0.4133600873030747
new_preds,OFT-0082-00,slow,3.4560470374498258,1273,1.6647194707986843,0.8940246595726671,0.5370422315921732,0.5700530928089139,0.4941907464427508
new_preds,OFT-0083-00,fast,6.191051484769063,1274,2.381505363318027,0.9057869481444843,0.3803421827622923,0.3799019350125518,0.3794170318995586
new_preds,OFT-0083-00,medium,5.027748390631318,1275,2.8643887876415945,0.903710988057076,0.3154987171979366,0.35079024026769606,0.2855089246526662
new_preds,OFT-0083-00,slow,3.965948866760679,1276,2.254930461818429,0.9271973003033728,0.41118664899123275,0.4290016876203632,0.40080005782220546
new_preds,OFT-0084-00,fast,4.743428305218214,1277,2.104666831801813,0.910638702508574,0.43267594126951336,0.4513666933968606,0.4328069007091718
new_preds,OFT-0084-00,slow,3.1738467582858956,1278,1.6025582942019185,0.8723941855005093,0.5443759447982924,0.5592224386871842,0.532730989768996
new_preds,OFT-0084-00,medium,3.8739872519015477,1279,1.5813214336487633,0.8905767715709085,0.5631851643950586,0.6043120872977468,0.5440465984692072
new_preds,OFT-0085-00,medium,3.8896037435992405,1280,1.9626104443843417,0.9110707003687624,0.4642137225834235,0.505249662298319,0.4333821081679331
new_preds,OFT-0085-00,fast,4.674564279380074,1281,2.327346817177418,0.7718167664024335,0.3316294592219327,0.3573626324658553,0.3262996881084065
new_preds,OFT-0085-00,slow,3.1138185526167197,1282,1.6279060881513834,0.847576393517258,0.5206543545025674,0.5270360422993452,0.5067560326395582
new_preds,OFT-0086-00,fast,4.470287036723108,1283,1.2854494785544148,0.9205822058327451,0.7161558825851401,0.7588298891470464,0.7014741940779172
new_preds,OFT-0086-00,slow,3.0458310760547684,1284,1.4990854558905822,0.8341799572024791,0.5564592424832154,0.6026363209650046,0.538033552634678
new_preds,OFT-0086-00,medium,3.705632120415875,1285,1.6745986254674943,0.8289287150313522,0.4950014304472165,0.5455969335781529,0.4592432125906749
new_preds,OFT-0087-00,medium,3.928835210757688,1286,2.565776921612244,0.8626423651564599,0.336210976835198,0.3683468561220089,0.3400795816525065
new_preds,OFT-0087-00,fast,4.800854500547193,1287,2.027409713764196,0.8965035081720965,0.4421915817437811,0.47604385911786584,0.4061162154315976
new_preds,OFT-0087-00,slow,3.1782523869508617,1288,2.04544134993124,0.8496652810252006,0.4153945949385267,0.43201150279577016,0.40975421237511817
new_preds,OFT-0088-00,fast,4.506570498009291,1289,1.6370725257687613,0.8420961292799816,0.5143914616028006,0.5370732277726056,0.4863495197204901
new_preds,OFT-0088-00,medium,3.801429937356654,1290,2.0027011525593785,0.928423928129607,0.46358585600408486,0.5059554620958473,0.43180786290704865
new_preds,OFT-0088-00,slow,3.0749812082851085,1291,1.594864581154997,0.6823486265429763,0.4278411061388178,0.4593390066348203,0.4183725138303109
new_preds,OFT-0089-00,fast,4.524474012538228,1292,1.9468657981266102,0.8180882963907867,0.42020785263062294,0.4622626783899688,0.43498385684921326
new_preds,OFT-0089-00,medium,3.746095425354828,1293,2.163286503975986,0.8520161091125006,0.39385264390386937,0.423223413411137,0.4164854869574649
new_preds,OFT-0089-00,slow,3.17178588326015,1294,1.7283434815950636,0.8673145155299297,0.5018183739319556,0.5094298673514054,0.5093963331794271
new_preds,OFT-0090-00,fast,4.689163732135085,1295,1.5830037324146555,0.909608906764568,0.5746094517269925,0.6105941417801724,0.5555983049136606
new_preds,OFT-0090-00,slow,3.065370565166656,1296,1.914005095788794,0.8008364963163105,0.4184087587218634,0.4517143094069367,0.3803746022940658
new_preds,OFT-0090-00,medium,3.8337850772187156,1297,1.7817290487176272,0.949312949856772,0.5328043287726749,0.5939539205348612,0.48510806117241756
new_preds,OFT-0091-00,fast,4.750982561149254,1298,1.940449595937877,0.8903651188555053,0.45884475469983305,0.5080761230189522,0.45136119608697517
new_preds,OFT-0091-00,slow,3.2615584761042027,1299,1.9226280049288138,0.7569433613642876,0.39370245280095867,0.4446588651446334,0.35572060842481146
new_preds,OFT-0091-00,medium,3.848361496099826,1300,2.173457148540257,0.840177428744999,0.38656268392927884,0.4277364566221602,0.3594075105997877
new_preds,OFT-0092-00,medium,4.136720275243007,1301,1.7725773355955694,0.8319982323617947,0.4693720356535254,0.5125461438077339,0.44836942057091134
new_preds,OFT-0092-00,fast,5.157887456440046,1302,1.8453913911875313,0.8281139885463334,0.4487470747402979,0.4758424677493305,0.43705690154655985
new_preds,OFT-0092-00,slow,3.308456953982556,1303,1.727474133540566,0.9483523141472385,0.5489820633108592,0.5560845805533408,0.5392153496042504
new_preds,OFT-0093-00,fast,3.9752894212322354,1304,1.7946066890551422,0.8105811094119781,0.4516761886353761,0.5012094386410026,0.42048214154956115
new_preds,OFT-0093-00,medium,3.4565018332874144,1305,1.6108261213978943,0.9195686496593911,0.5708677289522586,0.6060714608369909,0.5547344745176366
new_preds,OFT-0093-00,slow,2.9256370309246926,1306,1.5520095376699485,0.8107456420661289,0.522384445705992,0.553876674851656,0.4942184958763684
new_preds,OFT-0094-00,fast,5.079077626938094,1307,1.9353902408360226,0.7589595685045256,0.3921480807801743,0.4143814185740204,0.3631831723667605
new_preds,OFT-0094-00,slow,3.3118665854872846,1308,1.7815050004789954,0.6956675354964599,0.39049429292054466,0.4384408393253365,0.3208623769189078
new_preds,OFT-0094-00,medium,4.190378277006939,1309,1.9796192118825795,0.5648683225674009,0.28534190776529295,0.3261213507722116,0.25124118244467375
new_preds,OFT-0095-00,slow,3.663931474391207,1310,1.6850978673891135,0.9077634170665283,0.5387007096940991,0.5864524339952129,0.5317735394358092
new_preds,OFT-0095-00,medium,4.693809937399059,1311,2.9898963446789804,0.8489658775745632,0.28394491972453817,0.3031135974024536,0.2731433937903079
new_preds,OFT-0095-00,fast,5.73903675972553,1312,2.495208266085571,0.9567109879077694,0.38341929245394696,0.3872428884061067,0.36725061619370764
new_preds,OFT-0096-00,slow,3.0646952951207838,1313,1.7413007246330166,0.8676661548405002,0.4982862193567186,0.5259655551003652,0.49022287345584664
new_preds,OFT-0096-00,fast,4.53276944989153,1314,1.7467890328709255,0.8655784120886123,0.49552544457300357,0.5414359397067606,0.4538102715264164
new_preds,OFT-0096-00,medium,3.7205862573397317,1315,1.6853192682381641,0.8405368298004614,0.4987404141407344,0.5439617344492568,0.44808685833256123
new_preds,OFT-0097-00,fast,4.207606929397815,1316,1.917868240559341,0.8148494308508732,0.42487247748219903,0.44941876251501367,0.4223694939847336
new_preds,OFT-0097-00,medium,3.561352177323722,1317,1.646195413785764,0.8061448678015308,0.4897018063898231,0.5463493724826458,0.47265396478504795
new_preds,OFT-0097-00,slow,2.9433106957896267,1318,1.6823047556365966,0.7647250158341563,0.45456984727168454,0.5024618590112375,0.40706563234507315
new_preds,OFT-0098-00,medium,3.949621424476599,1319,1.7258088191437333,0.7650307706880004,0.44328824966114927,0.47842977698217903,0.4026078493813533
new_preds,OFT-0098-00,slow,3.0786291779132617,1320,1.3730842454016785,0.711879083799625,0.5184525903517112,0.5293008816195455,0.5008707435855884
new_preds,OFT-0098-00,fast,4.903753379345103,1321,1.5924436796381172,0.8948095253003304,0.5619096843058687,0.5982136184617912,0.5495655794949128
new_preds,OFT-0099-00,fast,4.790521961642159,1322,1.9637298494141062,0.8439767802102981,0.42978252862128924,0.4573020906070224,0.4158679354242043
new_preds,OFT-0099-00,medium,3.8142330632448513,1323,2.000308207374598,0.9030509050623454,0.4514558815151784,0.4982979322714327,0.4383066226989229
new_preds,OFT-0099-00,slow,3.1071264431586885,1324,1.8063677297222294,0.7528585606258892,0.41678034225160704,0.44378399802431157,0.3912565341653468
new_preds,OFT-0100-00,fast,4.858355926708241,1325,1.8050337630976192,0.8313503457419723,0.460573293828749,0.4879868617178621,0.4422674821134207
new_preds,OFT-0100-00,slow,3.156480327491546,1326,1.9072646564612123,0.9155719828270681,0.48004453903415994,0.5156565439749856,0.4415550140763008
new_preds,OFT-0100-00,medium,3.8567627757639116,1327,1.7788691633769391,0.800269661560169,0.4498755040764026,0.49628549939126043,0.4266910962554117
new_preds,OFT-0101-00,fast,4.4152997596390815,1328,2.1710497353691176,0.9326358982837428,0.4295783201508177,0.4631777820321382,0.4407418861660033
new_preds,OFT-0101-00,slow,3.0466909939138365,1329,1.8819622618115086,0.8981707560929234,0.47725226712483426,0.5146634394562234,0.4327689814689876
new_preds,OFT-0101-00,medium,3.648071814893325,1330,1.6334215917079606,0.820547419536076,0.5023488263541833,0.5303023410331733,0.4755459510561807
new_preds,OFT-0102-00,medium,3.7150816719224973,1331,1.3429934671508266,0.8816806499118619,0.6565040497049891,0.698951835446874,0.6308236420755848
new_preds,OFT-0102-00,fast,4.473001778682359,1332,1.309542443932278,0.890304845586371,0.6798594804708845,0.7271649783317158,0.6591155105189733
new_preds,OFT-0102-00,slow,3.177731249371364,1333,1.3445832732502336,0.8255869714366655,0.6140095506624822,0.6342075659664381,0.593209450764068
new_preds,OFT-0103-00,fast,4.857669634621617,1334,1.9967303489974073,0.7773954751407064,0.3893342310998829,0.3894838765302665,0.3932807584093264
new_preds,OFT-0103-00,medium,4.008844427921953,1335,1.8292280547124942,0.8404619662737405,0.4594626482512803,0.498068555139918,0.45525964399933055
new_preds,OFT-0103-00,slow,3.2437997424582243,1336,1.7880069610469622,0.7905401761968507,0.44213484254778973,0.47827058777646825,0.4324616990870681
new_preds,OFT-0104-00,slow,3.544209231575979,1337,1.9352142156758636,0.8870625235578946,0.4583794994747352,0.5061091907685367,0.44043119649783474
new_preds,OFT-0104-00,fast,6.149782259682828,1338,1.929442271810066,0.9014898965125577,0.4672282294649033,0.4853335665194976,0.4588279209979391
new_preds,OFT-0104-00,medium,4.593496678760866,1339,1.8617805223658142,0.751084771674002,0.4034228324182802,0.4421172812563007,0.38985973043396893
new_preds,OFT-0105-00,fast,4.207679396914973,1340,1.4597407313306354,0.8033195431852028,0.5503165911202136,0.5896655999127287,0.5418153293882783
new_preds,OFT-0105-00,slow,2.9845250458485926,1341,1.6550228595401473,0.7879649337059899,0.4761051662603187,0.5200451221914875,0.4488465653023489
new_preds,OFT-0105-00,medium,3.495861308866383,1342,1.7126267987725765,0.835678187368768,0.48795113329284034,0.512880683978534,0.466980549786916
new_preds,OFT-0106-00,fast,5.589403490311641,1343,2.0915530768854427,0.8289736005820294,0.39634356390155023,0.43002463820101106,0.3815001951532964
new_preds,OFT-0106-00,slow,3.5591109622928343,1344,2.0938522508208948,0.9103751139655183,0.43478479133788245,0.46787607056474034,0.40443508802073447
new_preds,OFT-0106-00,medium,4.49001049356811,1345,2.057863420228142,0.7899535575679231,0.3838707417620291,0.3971404670160962,0.3618037668870131
new_preds,OFT-0107-00,fast,5.903112695635472,1346,2.381351295471365,0.8541489782554932,0.3586824757354512,0.38494579317181965,0.3234364917407655
new_preds,OFT-0107-00,medium,4.645524452276862,1347,2.308929148861289,0.8250557892551785,0.35733265772233724,0.39455242927836087,0.3219562244232015
new_preds,OFT-0107-00,slow,3.599059247664575,1348,1.8712755584406155,0.8651058248301858,0.4623080876186412,0.5003611829311364,0.4060696384157517
new_preds,OFT-0108-00,fast,4.6283832737386135,1349,1.7526931256847527,0.6695566661735783,0.38201591388794426,0.4119788331458991,0.3601069916066253
new_preds,OFT-0108-00,slow,3.100026065352763,1350,1.5647916427190287,0.7736166266285356,0.4943895439550509,0.527678787451806,0.47008438065282027
new_preds,OFT-0108-00,medium,3.708190048430666,1351,1.6878683775189116,0.7520131587941687,0.4455401670002215,0.5128768187493047,0.41328481056370414
new_preds,OFT-0109-00,fast,4.689048902522596,1352,2.0980606014431187,0.7905734909095563,0.3768115612893987,0.3911675222131179,0.3678672157521098
new_preds,OFT-0109-00,medium,3.9616743122670086,1353,1.6670486369342574,0.9336226774041632,0.5600452540611639,0.5969539294504683,0.5617677713372362
new_preds,OFT-0109-00,slow,3.2165687649327754,1354,2.531712608009725,0.8221651329086377,0.3247466281549914,0.346259574235665,0.32222667951639306
new_preds,OFT-0110-00,fast,5.4628974205056045,1355,1.869432833034074,0.8805016774922769,0.4709993651193288,0.48497748798639945,0.4813227098631755
new_preds,OFT-0110-00,medium,4.380177327213819,1356,1.94354673780722,0.8495627473966199,0.43711979283561114,0.46235777338752415,0.4116415910763379
new_preds,OFT-0110-00,slow,3.5583344306984235,1357,2.4270593512413217,0.9477404143503549,0.39048917937076083,0.43510089575097455,0.3625022649277448
new_preds,OFT-0111-00,fast,5.084155203599005,1358,1.696163353243965,0.8194641386931862,0.48312807674209896,0.521251476595985,0.47845470234837706
new_preds,OFT-0111-00,medium,4.153452912737066,1359,1.7440708973809183,0.8592837117724567,0.49268852147171777,0.5408812654276147,0.4317195632882097
new_preds,OFT-0111-00,slow,3.3302359064930336,1360,1.5513994690353805,0.9221103722253716,0.594373267897736,0.6272144180049559,0.5999859444610234
new_preds,OFT-0112-00,fast,5.460466572484588,1361,1.5628812123724907,0.9205201621717396,0.588989204607795,0.6076185088897562,0.5828795508053468
new_preds,OFT-0112-00,slow,3.5493403845247444,1362,1.824462575864019,0.8387733072647546,0.45973719513952377,0.526293961280991,0.4454760166476009
new_preds,OFT-0112-00,medium,4.421119173758832,1363,1.6293847211352033,0.8864435303334983,0.5440357448030488,0.5881903045603649,0.527354463663307
new_preds,OFT-0113-00,fast,4.527037077475658,1364,1.9291319505045827,0.9091098726761906,0.4712533388078531,0.5186106059730112,0.45597036199101953
new_preds,OFT-0113-00,slow,3.1240633987538455,1365,2.032375023614091,0.8598697386933574,0.4230861571818992,0.4397802035533779,0.3927544151066391
new_preds,OFT-0113-00,medium,3.6754463092626932,1366,1.6311086701797477,0.7824242598131883,0.4796886155518782,0.5168933787322837,0.4336135207627422
new_preds,OFT-0114-00,medium,4.597831388643835,1367,2.0972292482763617,0.7853372497134045,0.3744641890526967,0.38898856354585054,0.38027078068047604
new_preds,OFT-0114-00,slow,3.6328270127984643,1368,2.159735524087346,0.8098226539243064,0.3749638068608047,0.39311615777240333,0.37091132071142235
new_preds,OFT-0114-00,fast,5.7777790191967195,1369,1.984852162070685,0.8306698692163094,0.4185046549510862,0.42816353763485626,0.41812925606795126
new_preds,OFT-0115-00,medium,4.85521469405947,1370,1.7334576469271978,0.9020898062810092,0.5203991039989311,0.5384966557294837,0.47645231554025164
new_preds,OFT-0115-00,fast,6.240615888930552,1371,1.883294491976933,0.9035858763915967,0.479790006417469,0.49325745262158466,0.4547968449564218
new_preds,OFT-0115-00,slow,3.8100180370213876,1372,1.8395057083799624,0.6712673212215707,0.3649172264938228,0.39468714194373916,0.34144033805365404
new_preds,OFT-0116-00,fast,4.886475257771554,1373,1.8025832578782004,0.9096552119585325,0.5046397762671317,0.5539515883844469,0.46219987481939284
new_preds,OFT-0116-00,medium,3.901488585441174,1374,1.5641977614150353,0.818240711425821,0.5231056657986827,0.5838809694135325,0.48461853631674623
new_preds,OFT-0116-00,slow,3.1738143482527605,1375,1.7698206771764793,0.7921342754591563,0.44757883421438177,0.4825328322589183,0.42357677878157113
new_preds,OFT-0117-00,slow,3.353217945820113,1376,1.9759512426804495,0.9167586947649862,0.463958155931707,0.4986525518403041,0.44171546262207984
new_preds,OFT-0117-00,fast,5.152286907226821,1377,1.8238713238394015,0.9511832469375611,0.5215188344182312,0.5749053044705048,0.5114755246608331
new_preds,OFT-0117-00,medium,4.066731687779831,1378,2.0297795469942996,0.8816311838184078,0.43434824492340973,0.47374099496951244,0.39448312339681807
new_preds,OFT-0118-00,fast,4.545548367623894,1379,1.8116893811667327,0.823186341794838,0.45437498853401886,0.5076686130634634,0.4319179198847899
new_preds,OFT-0118-00,medium,3.8292329883661,1380,1.6011390122921285,0.8591651666586437,0.5365962355939952,0.5966592964099828,0.4941110308121884
new_preds,OFT-0118-00,slow,3.127166192621628,1381,1.5237320326367696,0.8707356617802777,0.5714493382891593,0.6096762547543673,0.5397941331654144
new_preds,OFT-0119-00,fast,4.86379917527248,1382,1.5619452467479322,0.830716105381943,0.531847135558398,0.5761852600323225,0.5187899505560807
new_preds,OFT-0119-00,slow,3.0742784130470637,1383,1.3410637483482262,0.4932721925984402,0.3678215843251286,0.3893738360457495,0.3556818405856097
new_preds,OFT-0119-00,medium,3.761419260287116,1384,1.3776797870471102,0.7284633182188559,0.5287609828262261,0.5468886008383443,0.5133049768295694
new_preds,OFT-0120-00,medium,4.008244031852523,1385,1.7774415271680073,0.8306548105318547,0.4673317224985369,0.5138699014556664,0.43592758163453327
new_preds,OFT-0120-00,fast,4.858629715812507,1386,1.5656699891040038,0.7485871181613436,0.47812573746127845,0.500186062200806,0.45489561425840175
new_preds,OFT-0120-00,slow,3.102698138826655,1387,1.666215865886608,0.8038839584117226,0.48246087128930853,0.5411044752194751,0.452407278393519
new_preds,OFT-0121-00,slow,3.362702688892872,1388,1.908264120384509,0.7722797524351692,0.40470275795970917,0.44326110430342247,0.38657844646094086
new_preds,OFT-0121-00,medium,4.054884219463336,1389,1.7270978430166106,0.9037345338699919,0.5232677103524702,0.570947830776273,0.5015064766762034
new_preds,OFT-0121-00,fast,4.877111530413395,1390,1.6226386678610136,0.8477047679720038,0.5224236207124663,0.5524012562787972,0.5144223126435674
new_preds,OFT-0122-00,slow,3.27089817934142,1391,2.3819749105660746,0.9250067196956393,0.3883360465269603,0.4126729032563107,0.3770914871467105
new_preds,OFT-0122-00,fast,5.053742445817246,1392,1.8058592080823157,0.8076823643623191,0.44725655286273175,0.47964631278946196,0.4227495410882177
new_preds,OFT-0122-00,medium,4.1446111717690695,1393,1.9987960569274095,0.8661003578916845,0.4333110198461527,0.45618260026194635,0.4241607762817795
new_preds,OFT-0123-00,medium,4.326321954256917,1394,1.773056876364776,0.8782691998490091,0.4953418085773354,0.5437488941146597,0.4813559538359532
new_preds,OFT-0123-00,fast,5.341205962105164,1395,1.6071363468263145,0.8702288130336555,0.5414778993407349,0.5599374864717206,0.5362167721169315
new_preds,OFT-0123-00,slow,3.404918979060959,1396,2.024392766748177,0.8537157246469567,0.42171447096123416,0.46560872594257235,0.3817917015224956
new_preds,OFT-0124-00,fast,5.154197857548534,1397,1.8147792973356083,0.8941346688404099,0.4926960926615955,0.48343013798241785,0.4754611225281368
new_preds,OFT-0124-00,medium,4.062977894903928,1398,1.877247307904069,0.8600752837077436,0.4581576865692834,0.48026066242675436,0.4471954534760435
new_preds,OFT-0124-00,slow,3.2641164411901373,1399,2.3418905035906685,0.8295374290826627,0.3542170002443696,0.353833343876389,0.3512726305440339
new_preds,OFT-0125-00,fast,5.725812741190015,1400,1.726150858628694,0.8399153370847776,0.4865828110481789,0.5353737586185213,0.49408442242440614
new_preds,OFT-0125-00,medium,4.785363291136051,1401,1.9565874388363185,0.9847722194615889,0.503311122168546,0.5556391663350784,0.5034481244667354
new_preds,OFT-0125-00,slow,3.819975976532673,1402,1.835911873260774,0.8546921335452342,0.4655409369008603,0.5177768221783898,0.448198817832658
new_preds,OFT-0126-00,medium,4.733874034530336,1403,2.142415323127776,0.8427226894358734,0.393351690654246,0.42690963546461774,0.38385463190718583
new_preds,OFT-0126-00,fast,5.608393516093759,1404,1.8781170575871375,0.9006276100328595,0.4795375274371437,0.5103775226516386,0.46851870934438256
new_preds,OFT-0126-00,slow,3.9363631630806504,1405,1.8390416768848896,0.8795559244512875,0.4782686197417489,0.5211139875460961,0.4549329313346744
new_preds,OFT-0127-00,medium,4.53324496165671,1406,1.9783687788356337,0.8535737688150898,0.4314533154518641,0.47431283209065644,0.4190734425522148
new_preds,OFT-0127-00,fast,5.371007517593043,1407,2.0214187955769614,0.8482232148512439,0.41961775397915035,0.4631488013374954,0.41821566415839806
new_preds,OFT-0127-00,slow,3.6735254287406254,1408,1.9303062312437795,0.8461319128612501,0.43834076643686265,0.4806025788824129,0.42350370187878295
new_preds,OFT-0128-00,medium,4.963716903945819,1409,2.128012819317111,0.8517481600688803,0.4002551828340067,0.42879695378019156,0.38207815540460033
new_preds,OFT-0128-00,fast,5.938341571010292,1410,2.162834229568926,0.8714562514724249,0.402923275190681,0.42783548271818467,0.38301320529464467
new_preds,OFT-0128-00,slow,3.918836015940738,1411,2.1110992639314907,0.7842581687467366,0.3714927962630313,0.40925771831499813,0.3498771209579371
new_preds,OFT-0129-00,slow,3.6422250669251026,1412,1.845916224175339,0.9382697311318564,0.5082948612963339,0.5200634667583193,0.5000802934111511
new_preds,OFT-0129-00,medium,4.607041154533279,1413,2.092626500187062,0.8701849526082723,0.41583385880398893,0.43767134364594673,0.41129814752461713
new_preds,OFT-0129-00,fast,5.87468092727329,1414,1.8624235795812294,0.9314259161987839,0.5001149719164409,0.5180597537870307,0.4842127442341072
new_preds,OFT-0130-00,medium,4.4550802235515805,1415,2.116537661141748,0.8116731569657691,0.38349100602722985,0.421131876551347,0.38404948526262295
new_preds,OFT-0130-00,fast,5.3088064299711295,1416,1.6798767807857464,0.8346755599255122,0.496867133037639,0.5163809840013075,0.47735512866753227
new_preds,OFT-0130-00,slow,3.537348494446937,1417,2.3457032440589964,0.9214219532170161,0.39281266952702465,0.41350563550116054,0.379617259595431
new_preds,OFT-0131-00,medium,4.258418379079952,1418,1.9627239500643416,0.8683068634062026,0.4423988729427477,0.4776021399991893,0.43472944838430494
new_preds,OFT-0131-00,fast,5.234948108821032,1419,1.973520428636159,0.8560414561718073,0.4337636660611575,0.45290983252980366,0.42273221068200095
new_preds,OFT-0131-00,slow,3.5100568114724164,1420,2.3221766323927016,0.8588997829351304,0.36986841179697244,0.3895811229419751,0.34720791888005786
new_preds,OFT-0132-00,fast,4.90628088007859,1421,2.0015781970948177,0.7664942751434847,0.3829449562630176,0.3819578664705121,0.38254463108592984
new_preds,OFT-0132-00,medium,3.8366578318780973,1422,1.9236238942121504,0.9427965534440041,0.4901148068916772,0.5343918460473696,0.4428620710556685
new_preds,OFT-0132-00,slow,3.142066774456672,1423,1.4784735727519296,0.8985779256544244,0.6077740868792622,0.6335257743160164,0.5796731301081581
new_preds,OFT-0133-00,medium,4.152598936773791,1424,1.6845113405261392,0.7934733202977278,0.47104065209195617,0.49557201612299095,0.4634846482497269
new_preds,OFT-0133-00,fast,5.108448363819388,1425,1.684301469849977,0.7952501553344677,0.4721542844733739,0.5042473315608877,0.43801178901031723
new_preds,OFT-0133-00,slow,3.32759916335919,1426,1.7152476117384128,0.8391677509704363,0.4892400054823194,0.5424677750535674,0.4635168273468519
new_preds,OFT-0134-00,fast,4.8523541683536555,1427,1.672540673950571,0.9399958834908242,0.5620167557842028,0.6044506305382892,0.539209786748098
new_preds,OFT-0134-00,medium,3.9463693724583107,1428,1.5781500398073653,0.7892559591619757,0.500114652760339,0.5459803728159783,0.47082040684846893
new_preds,OFT-0134-00,slow,3.093490904379973,1429,1.6111125420396204,0.8142065769959406,0.5053691506647818,0.5579076440878779,0.46697856335229704
new_preds,OFT-0135-00,medium,3.9760237695105434,1430,2.3720007941242724,0.7839294629003586,0.3304929175581412,0.36044745007505885,0.3153194864354084
new_preds,OFT-0135-00,fast,4.838055496071161,1431,1.825542088780194,0.7759171715628597,0.4250338441012436,0.43224162826895496,0.4111344040543941
new_preds,OFT-0135-00,slow,3.248002076798196,1432,1.8210940481376061,0.6899765539282104,0.3788802421455579,0.41970693338359566,0.3550463985619451
new_preds,OFT-0136-00,medium,4.590850670882165,1433,2.1671048986981543,0.8816850131958893,0.4068492548401991,0.4208823967693174,0.39961515098906264
new_preds,OFT-0136-00,fast,5.7799125736877155,1434,1.9434628430929872,0.8268503839855496,0.4254521185852113,0.45302884180141456,0.4255822146200213
new_preds,OFT-0136-00,slow,3.630828798900038,1435,2.088769689332627,0.9041411590792697,0.4328582340584172,0.45413601282670174,0.42455061811918066
new_preds,OFT-0137-00,slow,3.2628440511746852,1436,1.784830866450892,0.9244363165532832,0.5179405701289278,0.5611407581765322,0.4980310177887407
new_preds,OFT-0137-00,medium,4.063416852430935,1437,1.9910985142260333,0.8960833587732032,0.450044712690433,0.4698004244492474,0.44635369916202694
new_preds,OFT-0137-00,fast,4.934777570972326,1438,1.848634755878944,0.843805249256606,0.45644779022636844,0.4635194597086785,0.45871940993658533
new_preds,OFT-0138-00,fast,5.325866909950423,1439,1.8071443299375338,0.9067834374093294,0.5017769872540693,0.5124173289484155,0.47570532741371435
new_preds,OFT-0138-00,medium,4.147352312322295,1440,1.8469633891994317,0.8244745424256877,0.44639463199270946,0.42322018874220346,0.4445903648184024
new_preds,OFT-0138-00,slow,3.266424381347384,1441,2.182858196069884,0.9580313082525774,0.43888847657509783,0.4651232458914075,0.43252108462602756
new_preds,OFT-0139-00,fast,4.858034475119845,1442,1.7464157295698044,0.8409154327301782,0.4815093098922794,0.49410666307143175,0.4802503889492297
new_preds,OFT-0139-00,medium,3.842610917222747,1443,1.660355818270617,0.8126197934925201,0.48942508861680234,0.5411233181508874,0.48360120940130297
new_preds,OFT-0139-00,slow,3.1003227911143636,1444,2.0014999250472054,0.8644690668777228,0.4319106166628182,0.45643530079770145,0.4196560343547424
new_preds,OFT-0140-00,fast,5.52481303593457,1445,1.5295683554994495,0.8658636335065746,0.5660836473201254,0.5923259830678975,0.5634797562621547
new_preds,OFT-0140-00,medium,4.332421102609511,1446,2.0889375973026763,0.7860732837157199,0.37630290379699743,0.41032064554648084,0.3464423300621278
new_preds,OFT-0140-00,slow,3.466354624395621,1447,1.5086592162486987,0.9064054601259941,0.6008019905116699,0.6487147453160208,0.5665201192820624
new_preds,OFT-0141-00,fast,4.687502391248226,1448,1.6962992720604884,0.7891419348563453,0.4652138616423372,0.4913728841232428,0.45393118306916114
new_preds,OFT-0141-00,slow,3.1550570418346116,1449,1.7710350831143127,0.8296534201652512,0.46845679573231847,0.5032523491837341,0.46654215293880585
new_preds,OFT-0141-00,medium,3.7961608885893128,1450,1.8779940345770998,0.9751828165103894,0.5192683249017818,0.5671320742551559,0.5108851440577679
new_preds,OFT-0142-00,medium,3.949032073833002,1451,2.185544386628267,0.9121675909737966,0.4173640199460953,0.46386454096407825,0.37923254433093523
new_preds,OFT-0142-00,fast,4.657333093038234,1452,2.035138538491246,0.842362578529515,0.4139092069643584,0.4447218704611842,0.41611245322391266
new_preds,OFT-0142-00,slow,3.2027058436877147,1453,2.0948408860531345,0.8173772290707519,0.3901858296315588,0.4206994794540462,0.3566711362210236
new_preds,OFT-0143-00,medium,4.500863513286715,1454,1.81931315108764,0.9505447687160847,0.5224745218533822,0.5574990697637152,0.49580088988453513
new_preds,OFT-0143-00,fast,5.623491985788908,1455,1.9051259685405453,0.9460234058571542,0.4965673774222246,0.5297543246769101,0.4609953520382477
new_preds,OFT-0143-00,slow,3.550176119106944,1456,2.0129718891938357,0.8276396390775003,0.41115310328996063,0.4505303149966481,0.3720161656810707
new_preds,OFT-0144-00,medium,4.714323427464751,1457,2.538683300927278,0.8610036864579577,0.3391536416312613,0.3488829886219357,0.3309102290948654
new_preds,OFT-0144-00,slow,3.6096158282721067,1458,2.0662764484646052,0.9002233672180713,0.43567421381926086,0.4660361677025039,0.42240044479577865
new_preds,OFT-0144-00,fast,6.191651744113579,1459,2.2079145562036455,0.7245891202553187,0.32817806206287214,0.3518564536324257,0.32261208143460124
new_preds,OFT-0145-00,fast,4.978631637952453,1460,1.6751888677428446,0.8959042915075731,0.5348079304721728,0.5492829037178804,0.5232010341465294
new_preds,OFT-0145-00,slow,3.2509107711454766,1461,1.8621742203800233,0.8326066623974606,0.44711534145690535,0.48905484575592956,0.43672776999179763
new_preds,OFT-0145-00,medium,4.038441818242866,1462,1.9302126787921654,0.7649444364025514,0.39630059672036605,0.3984733609287676,0.39481617411197245
new_preds,OFT-0146-00,slow,3.4067291602788012,1463,2.6160389091207743,0.8857207227370277,0.33857322215238383,0.3664026406925102,0.3401902338208893
new_preds,OFT-0146-00,medium,4.103117266862826,1464,2.1850240866338697,0.8388737182601823,0.38391966632848695,0.4142585105721993,0.39074536083941275
new_preds,OFT-0146-00,fast,5.148460493232599,1465,2.075363221796129,0.8889063416942997,0.42831362354248204,0.4498792091300037,0.4162541804777511
new_preds,OFT-0147-00,fast,4.9534587437835205,1466,1.992167834925289,0.8587970233043428,0.43108668268231015,0.4458120452287607,0.4229206915602706
new_preds,OFT-0147-00,medium,4.044370349610238,1467,1.949479316774757,0.8248420380310647,0.4231088942229424,0.44081083400932625,0.4348398840240876
new_preds,OFT-0147-00,slow,3.293200893819346,1468,2.3176534019887387,0.8717955978923956,0.376154431522989,0.400293014664112,0.3642548837235422
new_preds,OFT-0148-00,fast,4.877564304080207,1469,1.467936168177608,0.9163677962408595,0.6242558880325828,0.6617883876876167,0.6075723343737155
new_preds,OFT-0148-00,slow,3.3167064124120857,1470,1.7013015009201358,0.8039565201212451,0.47255381817181225,0.49441384937593813,0.48504377048348907
new_preds,OFT-0148-00,medium,4.0478332764922484,1471,1.3918140608063478,0.9403697693761736,0.6756432456440123,0.7145999638518813,0.6572543793859824
new_preds,OFT-0149-00,fast,4.436947089632831,1472,1.7027122922328752,0.9362268868899932,0.5498444400505614,0.588523736548885,0.516024445094726
new_preds,OFT-0149-00,slow,3.111005666273338,1473,1.9968722858575525,0.8959261154888158,0.4486647052162689,0.4763397996846881,0.4587092684837311
new_preds,OFT-0149-00,medium,3.732535226973628,1474,1.8433938133502112,0.8560866966283197,0.464407925440769,0.48983722112005723,0.45136790778234526
new_preds,OFT-0150-00,fast,4.9350716928101255,1475,1.500750822454792,0.852779763876593,0.5682354133124466,0.5912453106418588,0.5567431319068437
new_preds,OFT-0150-00,medium,4.095544465233763,1476,1.6423454422907173,0.7395540557187372,0.45030359428356254,0.48071432239658823,0.43565458620241726
new_preds,OFT-0150-00,slow,3.2068282717133902,1477,2.1014337531836915,0.7881607247132748,0.3750585634780083,0.4122071649186944,0.354920872454509
new_preds,OFT-0151-00,fast,5.2422183653297365,1478,1.999042220728525,0.8039582467341674,0.40217171923521217,0.4309457198736731,0.3927654668761462
new_preds,OFT-0151-00,medium,4.11483583127224,1479,1.8614020632746842,0.9291847628945897,0.49918541578272196,0.5626356342272341,0.47182008830475775
new_preds,OFT-0151-00,slow,3.2049924909586855,1480,1.7452290423511294,0.7893318551931938,0.4522798074284997,0.47581793617108836,0.4583194468725479
new_preds,OFT-0152-00,medium,3.8126717401112438,1481,2.094909638707106,0.8968490282939328,0.428108693436263,0.4508483619795953,0.4122557172530027
new_preds,OFT-0152-00,slow,3.128998249578556,1482,1.9708933984113888,0.7240758563080507,0.3673845865492685,0.3889932583875949,0.35971534679425576
new_preds,OFT-0152-00,fast,7.262140614699419,1483,1.7069563824238323,0.8653554250831925,0.5069581355408807,0.5323707586024711,0.4872089192955863
new_preds,OFT-0153-00,fast,5.426151640308651,1484,1.8644591110006548,0.8282604007911019,0.4442362913212801,0.463596456241658,0.4328780921233769
new_preds,OFT-0153-00,medium,4.252825584960568,1485,1.7306852322163846,0.759780958370411,0.4390058597757867,0.4709916238079602,0.42776296849294004
new_preds,OFT-0153-00,slow,3.4080410818155618,1486,2.0151434031222166,0.8592369310746985,0.4263899679513709,0.43834975051296876,0.43711217556358184
new_preds,OFT-0154-00,medium,3.92782319801122,1487,1.793814516403302,0.8977648207012684,0.5004780664287057,0.542213833770603,0.4972214668764684
new_preds,OFT-0154-00,slow,3.241519930534924,1488,1.3980067911554734,0.7784347035105119,0.5568175408269112,0.6045258311999266,0.5375980252419993
new_preds,OFT-0154-00,fast,5.042084744985816,1489,1.4049617558997887,0.8106206179582414,0.5769698816029981,0.6046387261318982,0.5474939305319375
new_preds,OFT-0155-00,fast,5.515082565469721,1490,2.251850709341301,0.847699560490248,0.3764457195025208,0.3924787708128699,0.34728107711277306
new_preds,OFT-0155-00,slow,3.5778516654626458,1491,1.8738011340186127,0.89761330930632,0.47903338994211747,0.5075451480423572,0.4822204458973265
new_preds,OFT-0155-00,medium,4.602799160803184,1492,2.2995421734474424,0.8000839962838917,0.3479318646652245,0.384182616786109,0.31940705366389066
new_preds,OFT-0156-00,fast,5.473145038663826,1493,1.7642587206544558,0.9131076538781613,0.5175588156024202,0.5447713682791722,0.5078261048905541
new_preds,OFT-0156-00,medium,4.547597140465019,1494,1.9791701107399595,0.8783800222596393,0.44381229157267144,0.4739413585015058,0.4422388939629929
new_preds,OFT-0156-00,slow,3.5107793229895443,1495,2.029400700033937,0.7552253591676985,0.37214206103066244,0.40918453888041934,0.364507524726281
new_preds,OFT-0157-00,fast,4.741360166879657,1496,1.63640738967052,0.8208020405236377,0.501587835464921,0.5438469590798765,0.4882095213007599
new_preds,OFT-0157-00,medium,3.9084057515530755,1497,1.8307024291477245,0.7973975849483755,0.43556919587395776,0.46438339447150584,0.43088848595865314
new_preds,OFT-0157-00,slow,3.268879381837031,1498,1.7197202133350242,0.8681619826908475,0.504827457372985,0.5457868871355742,0.5135320771816789
new_preds,OFT-0158-00,fast,4.730659611225731,1499,1.9599124972465864,0.8675312609683712,0.44263775152571144,0.48716884556834766,0.4084398166765957
new_preds,OFT-0158-00,medium,4.036188491877828,1500,1.7453507733190432,0.9140998277310882,0.5237341637594097,0.5804334818739235,0.4999111433756186
new_preds,OFT-0158-00,slow,3.2289612193770645,1501,1.5451780482683903,0.8111936590651776,0.5249839395364468,0.5654895047140391,0.5196986564353545
new_preds,OFT-0159-00,fast,5.439381121311786,1502,2.024785897854586,0.8776399564644894,0.4334482758865594,0.43208841217193533,0.41730427184296304
new_preds,OFT-0159-00,slow,3.5276155709149313,1503,1.6699431368857072,0.7807833345550761,0.46755085086978854,0.4968386291916629,0.4476169783429664
new_preds,OFT-0159-00,medium,4.485592559780323,1504,1.7018126935131224,0.9326071841375636,0.5480081255078336,0.5848028698234305,0.5187567630731447
new_preds,OFT-0160-00,slow,3.5676102917891366,1505,1.9956310818857363,0.8441159370560736,0.42298195529127613,0.4395931275221332,0.41960023945236885
new_preds,OFT-0160-00,medium,4.502536564488005,1506,2.2213671695886252,0.9623588779968357,0.43322818990570333,0.4427190526701553,0.42430030428787074
new_preds,OFT-0160-00,fast,5.67712810340294,1507,2.5974411803737603,0.938271508071034,0.3612291647489861,0.37759419914272296,0.3551077536395638
new_preds,OFT-0161-00,fast,5.59708576171586,1508,1.587335720452626,0.8572032660736133,0.5400264449597236,0.547868577892759,0.5327003898155258
new_preds,OFT-0161-00,medium,4.276624388086596,1509,2.1222714991033844,0.8846415008797252,0.41683710178149586,0.45026250451235,0.40114422628517443
new_preds,OFT-0161-00,slow,3.442825547384497,1510,1.7641430264812705,0.6888683817697624,0.39048329496490286,0.40968427727949763,0.36817051170469334
new_preds,OFT-0162-00,fast,5.15038032084297,1511,2.442323702963111,0.9616908169915082,0.3937605878470376,0.43474734192877307,0.3758717600148107
new_preds,OFT-0162-00,slow,3.394729923471764,1512,1.9231405532005132,0.739773109477943,0.3846692891202381,0.4309024844037064,0.36406577382767935
new_preds,OFT-0162-00,medium,4.172398343806703,1513,1.9910606875322967,0.8104737414964743,0.40705627235349034,0.418200797655627,0.39782319568373486
new_preds,OFT-0163-00,fast,4.7355839780695685,1514,2.0584005880640017,0.8605700357550732,0.4180770452288248,0.4477380261340632,0.4154875837969656
new_preds,OFT-0163-00,medium,3.8746432765749894,1515,1.865144506056773,0.9182087212067557,0.4922989710582813,0.5340952470747831,0.4862383237672889
new_preds,OFT-0163-00,slow,3.209586865121554,1516,1.761631822473277,0.6033391536701797,0.34248879134296634,0.363347635984337,0.3223977766609163
new_preds,OFT-0164-00,fast,4.508856767217025,1517,1.8771346333724075,0.8400306410956243,0.4475068682667949,0.48147267683445294,0.4509836379595768
new_preds,OFT-0164-00,medium,3.6602865333980024,1518,1.807635949665585,0.874142787377863,0.4835834270388241,0.5301003355922116,0.44142068706743853
new_preds,OFT-0164-00,slow,3.081140387638076,1519,1.8097850630889911,0.851066914558698,0.47025855827656876,0.5114658477211468,0.45754203242321617
new_preds,OFT-0165-00,fast,4.957911798812813,1520,1.6256938999917478,0.7908703969905383,0.48648173988630505,0.5288688738804199,0.46415043477249673
new_preds,OFT-0165-00,medium,4.112134708511711,1521,1.6788095117632396,0.8507960697317717,0.5067853522215202,0.5512065127766346,0.4875793981980981
new_preds,OFT-0165-00,slow,3.3108692445907195,1522,1.4059285843364746,0.7393885795074124,0.5259076369489746,0.5760525590124199,0.49965901026870607
new_preds,OFT-0166-00,fast,4.767840682806336,1523,1.8163102604538026,0.9463555218762882,0.5210318646990645,0.5681380154218107,0.5046964415985027
new_preds,OFT-0166-00,medium,3.8322050367454366,1524,1.782930119137132,0.7659010711497978,0.42957436353168105,0.4692927232589974,0.4078172556980255
new_preds,OFT-0166-00,slow,3.1779531597078687,1525,1.5124150871786017,0.8501090481012277,0.562087124961904,0.579895495421163,0.5438118431768838
new_preds,OFT-0167-00,fast,5.055693129889123,1526,2.0612483214629354,0.9234936697799332,0.44802640233298024,0.4580956122614579,0.430882463033761
new_preds,OFT-0167-00,medium,4.155662271513238,1527,2.0691553803780587,0.7946547381324534,0.3840478804386651,0.4141619098994609,0.3572845903092386
new_preds,OFT-0167-00,slow,3.3829908694546797,1528,2.2273905582644242,0.9183102028531471,0.412280728876166,0.4512938611458615,0.4300465990378807
new_preds,OFT-0168-00,medium,4.315623466800502,1529,1.4615306150353697,0.6974705135091622,0.4772192291656396,0.5006658735900615,0.45994886282542957
new_preds,OFT-0168-00,slow,3.3903830116651603,1530,2.2120460996933176,0.8703355233673329,0.3934527058400808,0.41962683444948384,0.3569055237869612
new_preds,OFT-0168-00,fast,5.349835904969842,1531,1.4002482217859684,0.9140901170724862,0.6528057688990283,0.667551164151823,0.6473317416592728
new_preds,OFT-0169-00,fast,4.581793008742667,1532,1.5672511804110312,0.8924481837642275,0.5694353240366817,0.6109593396500081,0.5384087928511451
new_preds,OFT-0169-00,medium,3.773564295279308,1533,1.6637315709506009,0.8165140991698002,0.4907727384792435,0.534678535575325,0.458770282195523
new_preds,OFT-0169-00,slow,3.108666821659204,1534,1.9320876487530643,0.9134418077703487,0.4727745184644538,0.49028931630625416,0.45190307684597536
new_preds,OFT-0170-00,slow,3.2402296874922203,1535,2.0060008905277162,0.8242628531238037,0.41089854795974984,0.4365289176079053,0.40216488083842816
new_preds,OFT-0170-00,fast,4.893454336733028,1536,2.259161238140215,0.8819631939353197,0.3903940892069168,0.40276637225605477,0.39882903141467485
new_preds,OFT-0170-00,medium,4.0803102469601145,1537,1.7901873891409557,0.8179122667358512,0.4568863973108071,0.49813785359201534,0.42964760791208356
new_preds,OFT-0171-00,fast,5.482213385411963,1538,2.2112706665720605,0.914726473635544,0.41366553966618863,0.4484903130007984,0.40900511250990246
new_preds,OFT-0171-00,medium,4.407420445518479,1539,1.8683101762701368,0.963901107904401,0.5159213497561294,0.5603429247451656,0.47768183109673845
new_preds,OFT-0171-00,slow,3.4783354534346245,1540,1.920284045632981,0.8316616476499663,0.4330930361793568,0.4509525157417832,0.4235514998543825
new_preds,OFT-0172-00,slow,3.211162418677751,1541,1.6355641585223892,0.8315278233045036,0.5084042829941487,0.5380171586869138,0.4734857925473738
new_preds,OFT-0172-00,medium,3.917343782041677,1542,1.949327165923287,0.7543703653500459,0.3869901258944098,0.42769090058370174,0.374909427575302
new_preds,OFT-0172-00,fast,4.9910714487451795,1543,1.8718042089353635,0.7731729879190866,0.4130629604465141,0.4480521380774376,0.39007932962920777
new_preds,OFT-0173-00,medium,4.004313670377142,1544,1.5978137037789237,0.8198975078304467,0.5131371109731633,0.5696849774175414,0.4844653543130957
new_preds,OFT-0173-00,fast,5.0546495515476115,1545,1.8329789425028318,0.8488467137437211,0.4630968169141472,0.5047296926820457,0.47640366642485943
new_preds,OFT-0173-00,slow,3.1595362137487397,1546,1.7234285613373597,0.8663302149780503,0.5026783438623,0.546457473936736,0.48574163620335653
new_preds,OFT-0174-00,slow,3.228482875540048,1547,1.9609475680971524,0.8771260126556054,0.447297024625061,0.49530197850044533,0.40827339663673234
new_preds,OFT-0174-00,medium,4.127879410892093,1548,1.7934296039912079,0.8651491161615749,0.4823992613014858,0.5046643243244655,0.4828716645460164
new_preds,OFT-0174-00,fast,5.2368935030791075,1549,1.6064695262485633,0.9023249688737176,0.5616819703893369,0.5853475958849826,0.5208401307523187
new_preds,OFT-0175-00,fast,5.233541597882971,1550,2.2090915477969078,0.8787415787178744,0.39778413873079616,0.4065293222414996,0.39293149792322934
new_preds,OFT-0175-00,medium,4.304180566916713,1551,2.1867115015952767,0.8054056859257559,0.368318219087514,0.3903839890741572,0.33625836692163014
new_preds,OFT-0175-00,slow,3.486028012540022,1552,2.012252919906337,0.7239766195710448,0.35978410686303947,0.3749579968488625,0.3689727178895732
new_preds,OFT-0176-00,fast,6.108678665070566,1553,2.4739496260086957,0.8769805404869826,0.35448601348518327,0.37622186210873426,0.3666490830270268
new_preds,OFT-0176-00,slow,3.6015294839116154,1554,1.798981997333288,0.8318843735970929,0.46241950993963954,0.4823076466896528,0.4465465405259624
new_preds,OFT-0176-00,medium,4.63901490761149,1555,2.4760311810210993,0.7652187285983751,0.3090505218447224,0.3284870208049204,0.2964720501803849
new_preds,OFT-0177-00,fast,5.423829957641219,1556,2.023452055667992,0.9476483993064353,0.4683325194940648,0.4884821988603352,0.44540713730985726
new_preds,OFT-0177-00,slow,3.452755392737216,1557,2.1978314821906118,0.800386686944547,0.364171090199686,0.40105709652319455,0.34613414569312584
new_preds,OFT-0177-00,medium,4.3415603885864735,1558,1.6308469841489,0.890144857450658,0.5458175206518245,0.5759557601203262,0.5368031875183235
new_preds,OFT-0178-00,fast,5.070023236378378,1559,1.811873911826676,0.8688065534070265,0.47950718189386715,0.5274459900011399,0.4710735829374476
new_preds,OFT-0178-00,slow,3.4147046534758405,1560,2.074674389573625,0.8832352965663515,0.4257223692571194,0.4406307561221291,0.4257099349218509
new_preds,OFT-0178-00,medium,4.037671953285971,1561,2.0624462024232852,0.8975593603631018,0.43519164733048954,0.4929809013407146,0.41255856991800854
new_preds,OFT-0179-00,fast,5.173651562570323,1562,1.9480683859635661,0.8798257899067912,0.4516400944885752,0.4505971074204056,0.4575736344119994
new_preds,OFT-0179-00,medium,4.16242146679563,1563,2.0674452826822605,0.9384528754665299,0.45391908715910523,0.47358618151327553,0.43053753376565035
new_preds,OFT-0179-00,slow,3.3543028881672603,1564,1.8585949668953567,0.9484622471998719,0.5103114256164197,0.5370067773355641,0.5052940299620062
new_preds,OFT-0180-00,medium,4.515943522677427,1565,2.013018605159091,0.9677021692837338,0.4807219202066218,0.5418802267694589,0.4461364082867242
new_preds,OFT-0180-00,slow,3.6400324385177796,1566,2.035229971391223,0.8618924148654692,0.4234864988138441,0.47369508799799065,0.3979779838520674
new_preds,OFT-0180-00,fast,5.5524056727136974,1567,2.0294370214918667,0.7953743085133409,0.3919186947366568,0.401719541183857,0.377360957594973
new_preds,OFT-0181-00,fast,5.767327047762986,1568,2.057679385397171,0.8702752904381332,0.4229401803868263,0.43684461764082866,0.41508129162032287
new_preds,OFT-0181-00,medium,4.607960840645457,1569,1.9615911369252939,0.8989575468601856,0.4582797760134975,0.4821271151968323,0.4411654810160824
new_preds,OFT-0181-00,slow,3.523878771614709,1570,2.2323906372626428,0.8604539431227145,0.3854405804970599,0.4330772061811189,0.37867796505557794
new_preds,OFT-0182-00,slow,3.554337791146271,1571,2.3417824715911775,0.903671420901202,0.3858904197396191,0.4233184437939167,0.3545217971886882
new_preds,OFT-0182-00,medium,4.473277456778721,1572,1.8607310593508009,0.8788489486510731,0.4723137952873742,0.49877664317084863,0.4689806371665807
new_preds,OFT-0182-00,fast,5.5664165908246055,1573,1.8984292100394033,0.8727172258020915,0.45970490824041715,0.45870986433178496,0.458755312751878
new_preds,OFT-0183-00,medium,4.493312791008159,1574,2.119403416226495,0.9002082286490231,0.42474604964627466,0.4519629534958354,0.416702418872401
new_preds,OFT-0183-00,fast,5.583182698159296,1575,1.8049227509839245,0.9337093044337494,0.5173126129219396,0.5254586696599506,0.4910830569847492
new_preds,OFT-0183-00,slow,3.486311508627134,1576,1.8045643017237727,0.6751427436411853,0.3741306103618858,0.3647887151535237,0.3576631973757932
new_preds,OFT-0184-00,slow,3.6710254807108837,1577,2.1237641978109383,0.8380172358246732,0.3945905278413,0.41641423614376905,0.3616141802466431
new_preds,OFT-0184-00,medium,4.790470491213176,1578,1.765221960151278,0.8539034796915284,0.48373717241674785,0.5213944812610147,0.48022733528191675
new_preds,OFT-0184-00,fast,6.094575508569205,1579,2.0733745584833345,0.8966207486375405,0.43244513875650864,0.4717762337208699,0.43477913802954804
new_preds,OFT-0185-00,slow,3.753049465784072,1580,1.8828725947400364,0.7962276936416608,0.4228792196912261,0.4745525179071749,0.3849756797964598
new_preds,OFT-0185-00,fast,5.83156233984127,1581,1.9733377507397045,0.8726167174181312,0.44220342771582377,0.4685559332850163,0.4230737314184917
new_preds,OFT-0185-00,medium,4.833572326287292,1582,1.9454047571157385,0.8245058485585628,0.4238222640007199,0.45117094313725303,0.4112112765505974
new_preds,OFT-0186-00,slow,3.813684312011508,1583,1.921590702952308,0.8812655225773918,0.4586125032887734,0.5272932373505963,0.42550847372682704
new_preds,OFT-0186-00,medium,4.940485929068015,1584,2.133021471140212,0.8021622301946395,0.37606852113206424,0.40282306852337574,0.37236505099551065
new_preds,OFT-0186-00,fast,6.08561141095831,1585,2.4834057627342663,0.9155094918407127,0.36865078819529007,0.3959851276164423,0.3687796329391545
new_preds,OFT-0187-00,medium,4.731252323755824,1586,1.7811219769720485,0.8166911540717758,0.4585262349410628,0.5323513067291139,0.4358151665473553
new_preds,OFT-0187-00,slow,3.5869856248453607,1587,1.7201001185250324,0.7796064181033739,0.4532331634113706,0.5057130776945589,0.4489949225319746
new_preds,OFT-0187-00,fast,5.794088237211599,1588,1.7684682902271547,0.8216482777243734,0.46461012745602304,0.48626244565317367,0.46301650210466117
new_preds,OFT-0188-00,fast,5.896086256311796,1589,2.3293897247899085,0.8480518872944147,0.36406612352980217,0.3931045819107276,0.34443759870418467
new_preds,OFT-0188-00,medium,4.659060280080129,1590,2.167307215852435,0.8645613850797715,0.3989103984686944,0.4138283593034134,0.3804418967745312
new_preds,OFT-0188-00,slow,3.5816987738142023,1591,2.1641156852190235,0.8827590234589399,0.40790750212117177,0.4383719585567855,0.3932358350626575
new_preds,OFT-0189-00,slow,3.4479913875647275,1592,1.7542892556785894,0.9097355545321792,0.5185778523053645,0.5408130496196027,0.5076977637465007
new_preds,OFT-0189-00,fast,5.175826289857898,1593,1.7136763477986903,0.8029903386206301,0.4685775932264657,0.486400589176332,0.4591851839879031
new_preds,OFT-0189-00,medium,4.320428814791069,1594,1.7498357666660194,0.8672728718616585,0.4956310119972474,0.5435391285519948,0.44951231771893474
new_preds,OFT-0190-00,slow,3.5853921652910365,1595,1.9506917605195784,0.8440150722111918,0.4326747512310112,0.4823134342804868,0.3915798448415482
new_preds,OFT-0190-00,medium,4.5095706962360955,1596,1.8948801394313899,0.7573698671821101,0.39969275703600937,0.4396760885637904,0.3946912284371222
new_preds,OFT-0190-00,fast,5.473119791788523,1597,1.9117452358884715,0.8326667519331719,0.4355531983560536,0.47775652591151274,0.4270518547378886
new_preds,OFT-0191-00,medium,3.407999046880854,1598,1.7475845574718216,0.8471350813994489,0.4847462617917464,0.5269152532972631,0.46690332452176586
new_preds,OFT-0191-00,slow,2.9225237845555223,1599,1.8941552412139135,0.6913579432041631,0.3649953964497072,0.3913291907593921,0.33389903536707816
new_preds,OFT-0191-00,fast,4.050506352581518,1600,1.6373574060250657,0.8120828964909833,0.49597167576408263,0.5325333434330377,0.47812205868164054
new_preds,OFT-0192-00,fast,5.510580627772379,1601,1.9697026219154432,0.7842126872065014,0.39813760639862045,0.43333085917416964,0.37379570885545443
new_preds,OFT-0192-00,medium,4.251130896910805,1602,1.8617493327566357,0.8727910487768719,0.46880159075150935,0.5055495661888263,0.4477565619028433
new_preds,OFT-0192-00,slow,3.3386570619268268,1603,1.958161928990705,0.8151192333905899,0.4162675319761357,0.43826563593280576,0.4043577839288117
new_preds,OFT-0193-00,fast,5.819631735270331,1604,2.0793566807209323,0.8003279167043236,0.38489207942277726,0.4285624587762947,0.3791589775495322
new_preds,OFT-0193-00,slow,3.420657640360149,1605,1.9268509254616502,0.8631059080178441,0.44793600616044255,0.4424862716574274,0.4472646770791031
new_preds,OFT-0193-00,medium,4.476764848446923,1606,1.7972184945669958,0.9147012971224557,0.50895386392228,0.5423874426549011,0.4715412985142503
new_preds,OFT-0194-00,slow,3.2589022850022915,1607,1.706409586192899,0.6949925140246609,0.40728352656247696,0.4356386545070732,0.38431579171074653
new_preds,OFT-0194-00,fast,4.8303960818967635,1608,1.8840165970398948,0.9447788874893202,0.5014705756699415,0.5416470767022705,0.4766384637535174
new_preds,OFT-0194-00,medium,3.9728422191767283,1609,2.2635519224113536,0.9352337917398161,0.41317090298662773,0.425754660328012,0.4066659559119683
new_preds,OFT-0194-01,slow,3.1304997002030834,1610,1.5297518125023668,0.8928938269128969,0.5836854185204735,0.6258276184173629,0.5363529860543217
new_preds,OFT-0194-01,medium,4.002993590709315,1611,1.9908004687931484,0.8566911230751331,0.43032495546601485,0.41761593073415193,0.4459478178658869
new_preds,OFT-0194-01,fast,5.1751946221598235,1612,1.5900010389859018,0.8963106696502459,0.5637170339347138,0.5649554280083495,0.5620460308903714
new_preds,OFT-0195-00,fast,5.675006290059634,1613,2.044409955001563,0.8686240919326729,0.4248776473659896,0.4537579849706495,0.42241016667420606
new_preds,OFT-0195-00,slow,3.3062051430397146,1614,1.7733473851242347,0.842549228060537,0.4751179803394871,0.5084480686955004,0.4446804855179327
new_preds,OFT-0195-00,medium,4.411624190434277,1615,1.9866066691055781,0.9064839588914361,0.45629765216662577,0.48038931884095576,0.4565277628601782
new_preds,OFT-0196-00,medium,3.7728671883137768,1616,1.7065588937323335,0.8214017760796337,0.48132049769649915,0.5054735221466632,0.47056163076388213
new_preds,OFT-0196-00,slow,3.061627894864424,1617,2.103871947114434,0.6918663196315631,0.3288538166880796,0.35558018419861226,0.30288299009967323
new_preds,OFT-0196-00,fast,4.963449291396983,1618,2.0753776152225596,0.9113795081241309,0.439139124099301,0.45924528939464093,0.4396850831994553
new_preds,OFT-0197-00,fast,6.847271552290672,1619,1.9590856802542136,0.9066926848290283,0.46281420663101097,0.47224159209923927,0.4673087904672721
new_preds,OFT-0197-00,slow,3.948593609845212,1620,2.0789830950778496,0.7767702956720458,0.3736299239330558,0.4032603292970089,0.3744198642094011
new_preds,OFT-0197-00,medium,5.34700993173438,1621,2.1081922622969267,0.9038123696432616,0.42871439470066935,0.45229246684836144,0.4344632736896795
new_preds,OFT-0198-00,fast,4.993755192409676,1622,1.860850901118464,0.9043180406325848,0.48597017637955015,0.4913715412772645,0.4807693566695905
new_preds,OFT-0198-00,medium,4.175444280305795,1623,2.11417229457907,0.8624598580159673,0.40794208694693085,0.4412165351762495,0.396813619420671
new_preds,OFT-0198-00,slow,3.311452167210163,1624,1.9155033196214766,0.8271725712518113,0.43183040341338025,0.4619667576679831,0.41016394263804945
new_preds,OFT-0199-00,medium,3.851799441592652,1625,1.8981200452517675,0.7658830693482024,0.40349559094752374,0.4495257528069091,0.40188298639285724
new_preds,OFT-0199-00,slow,3.1938542879092418,1626,2.1181288225598878,0.8940220762140778,0.42208106829574116,0.45491352442937977,0.43345127042906845
new_preds,OFT-0199-00,fast,4.647304208315033,1627,1.8589982398124636,0.9391258777003122,0.5051784652550567,0.5258843678367562,0.4935036562229774
new_preds,OFT-0200-00,fast,5.800695307934705,1628,2.702646378660869,0.9184251278647024,0.3398243792144838,0.36886513847916236,0.31926431350111656
new_preds,OFT-0200-00,medium,4.5621819882157695,1629,2.218173629981111,0.8809403830982616,0.3971467207036283,0.41910676976328753,0.3930906137761999
new_preds,OFT-0200-00,slow,3.626369354475952,1630,2.5377245142561544,0.9570583401428148,0.377132480206719,0.4363131936397025,0.3296084644712163
new_preds,OFT-0201-00,medium,4.270946852960539,1631,1.7974804024265323,0.9222722415556874,0.5130916811725201,0.5463115873053337,0.5092545312066354
new_preds,OFT-0201-00,slow,3.3541134438667686,1632,1.5116203709936802,0.8101091267889833,0.5359210171641503,0.5655930324732396,0.5228064759876168
new_preds,OFT-0201-00,fast,5.214521318480013,1633,1.580476769876004,0.9178764863475866,0.5807592391374398,0.6046321015281813,0.5628118735026806
new_preds,OFT-0202-00,fast,5.750044288912785,1634,2.024419521654547,0.815109102801366,0.4026384324407135,0.40817046054593076,0.39662949152289695
new_preds,OFT-0202-00,medium,4.61885119755826,1635,1.762642013000187,0.8625059798446371,0.4893256676530526,0.5042348795308788,0.46824498953639176
new_preds,OFT-0202-00,slow,3.508138906657688,1636,1.7677477627639138,0.9044980290773057,0.5116669064047364,0.5263568339772283,0.509885852176523
new_preds,OFT-0203-00,medium,4.629792182293354,1637,2.1317333984666638,0.9010904597330406,0.4227031674698096,0.4649318489172416,0.41263632175611725
new_preds,OFT-0203-00,fast,5.940797292533743,1638,1.8753220682661067,0.8625944050540989,0.45997134020378705,0.46794122208005073,0.4382775302117691
new_preds,OFT-0203-00,slow,3.6631382190167723,1639,1.9848309905260828,0.8730289541728207,0.4398505254804707,0.48429374658125124,0.40775902723945673
new_preds,OFT-0204-00,fast,5.938296199141229,1640,2.2344492777409357,0.8630178140926397,0.3862328953670251,0.4224823598853892,0.3730956169672117
new_preds,OFT-0204-00,medium,4.359897730954877,1641,2.063445623085836,0.8193725986048832,0.3970895038074859,0.4229071454361757,0.39269532343650726
new_preds,OFT-0204-00,slow,3.5324768957120525,1642,2.018203373617374,0.9339478748790231,0.46276202244426917,0.5010921487016307,0.4387029709727167
new_preds,OFT-0205-00,fast,5.226740100850994,1643,1.6821381236202477,0.8610394438407643,0.5118720227252568,0.535642172715012,0.47846445073767574
new_preds,OFT-0205-00,slow,3.2971110882647765,1644,1.7936153135018127,0.7526287423629577,0.4196154753460166,0.43456407131421226,0.4052041272103083
new_preds,OFT-0205-00,medium,4.1918143545338555,1645,2.233648996560621,0.8086411667311675,0.36202696483481306,0.3986290276788126,0.36200150794474084
new_preds,OFT-0206-00,fast,4.903698195488754,1646,1.782295198212701,0.8552134489563554,0.4798382724780776,0.5209492235203345,0.4533066934187422
new_preds,OFT-0206-00,medium,3.8830147618723783,1647,1.5142958852977728,0.853454766201809,0.5635984185706117,0.6113853989198652,0.5426876973513565
new_preds,OFT-0206-00,slow,3.1366221178884732,1648,1.4491336201548093,0.7381375301149586,0.5093647127144177,0.5513169428073992,0.4754058235864997
new_preds,OFT-0207-00,slow,3.5352843547755337,1649,2.0626872687617706,0.857517586302045,0.4157283555722007,0.4598873559806547,0.4252287760006228
new_preds,OFT-0207-00,fast,5.618408552120052,1650,1.8921488535207265,0.9491231498650243,0.5016112490827497,0.49606864670151407,0.48933953064643154
new_preds,OFT-0207-00,medium,4.561492363308023,1651,1.9484535118874453,0.8350137236998244,0.4285520381191727,0.4365739609832092,0.4178835889481099
new_preds,OFT-0208-00,medium,4.1724301562563335,1652,1.9903546177220433,0.7602519593177521,0.38196809380021884,0.3899381047796608,0.3590367689270799
new_preds,OFT-0208-00,slow,3.341988712731878,1653,2.0507028742379085,0.878421125460389,0.4283512431252781,0.4625644949972744,0.3817675625259771
new_preds,OFT-0208-00,fast,5.234581878752244,1654,2.231593439515215,0.8981543337102019,0.40247220564751,0.4211005232422557,0.38790195884414347
new_preds,OFT-0209-00,fast,5.962448523243186,1655,2.0169303368042746,0.9354996484225596,0.46382348034132503,0.47737499875582323,0.4912059152363593
new_preds,OFT-0209-00,medium,4.893475508445682,1656,1.9130677549639048,0.8176679201381145,0.42741189799288737,0.455249078927487,0.42193779420496014
new_preds,OFT-0209-00,slow,3.6761481583393785,1657,2.0675064962021263,0.7758159241832336,0.3752423151309834,0.40154370086329105,0.359008132311631
new_preds,OFT-0210-00,fast,4.8934193755177375,1658,1.7157927838597906,0.8565517447480749,0.4992163114366319,0.5340294354357586,0.4922467506143828
new_preds,OFT-0210-00,slow,3.1980803831826226,1659,2.0643529047635023,0.8152942514787811,0.3949393776604216,0.44550204103392566,0.33059995145293997
new_preds,OFT-0210-00,medium,3.8670548805988187,1660,2.2098975670112577,0.8230062889835108,0.3724182972410677,0.4170363038522669,0.3512480331310803
new_preds,OFT-0211-00,fast,5.058052660363547,1661,1.881169325953997,0.819572100274605,0.43567162666708675,0.4606599115229264,0.42157185882799186
new_preds,OFT-0211-00,medium,4.140412433944221,1662,2.089556902678136,0.8867483774081443,0.4243714905641572,0.4591283968748491,0.41773035390766566
new_preds,OFT-0211-00,slow,3.296104757307001,1663,1.9959821139815792,0.7258182694962718,0.3636396661132457,0.401463745205248,0.35188372540838875
new_preds,OFT-0212-00,fast,5.331293812869353,1664,1.8701804791569734,0.8546252791572712,0.45697476189170416,0.4838834648302944,0.4211898394044477
new_preds,OFT-0212-00,medium,4.31445850001586,1665,2.0105081338469097,0.9191580769954207,0.4571769999441395,0.4856734100185792,0.43384699121481063
new_preds,OFT-0212-00,slow,3.2570145404255055,1666,2.18405847507726,0.9354181076048309,0.4282935270639862,0.49525671734464116,0.3797479761526055
new_preds,OFT-0213-00,fast,5.569081796575872,1667,1.9072425005569063,0.9321894323501095,0.4887629297679317,0.4986614858474787,0.4759585665737017
new_preds,OFT-0213-00,slow,3.463578207156547,1668,2.2038712259863185,0.8351627619520092,0.37895261397509344,0.4028277519617963,0.3348440097134595
new_preds,OFT-0213-00,medium,4.464817108635918,1669,1.7822997443353776,0.8283882550228566,0.4647861604961201,0.4774900923027986,0.455931436261266
new_preds,OFT-0214-00,slow,3.9435647710115194,1670,2.1687452568314782,0.7931711743986489,0.36572814252858193,0.415857163500201,0.3521823757107999
new_preds,OFT-0214-00,medium,5.06566644491064,1671,2.261170541484141,0.7124235875062479,0.31506848972065676,0.3209613075450272,0.3149233467101602
new_preds,OFT-0214-00,fast,6.254438349862119,1672,2.1699522749390434,0.8183988041472032,0.37715060077539864,0.3951055594530877,0.3759722714433712
new_preds,OFT-0215-00,slow,3.8638906699444178,1673,1.8020066892159465,0.9110253260677323,0.5055615672903632,0.5459855269234297,0.47267247288051195
new_preds,OFT-0215-00,fast,5.83599793919249,1674,2.187796089071203,0.9282176933292352,0.42427066122204127,0.46257284027095186,0.4079175260446877
new_preds,OFT-0215-00,medium,4.7176751057122,1675,1.8553099028041968,0.838873138280369,0.4521471787610573,0.48733412212568933,0.4424482683241606
new_preds,OFT-0216-00,medium,3.7333760746882523,1676,1.666684282753774,0.6887626995427694,0.41325325178249317,0.44436181922230655,0.3865573709375312
new_preds,OFT-0216-00,fast,4.66326757335976,1677,2.103480565872024,0.8607631146768044,0.40920896947767343,0.44504425091600336,0.391272995012126
new_preds,OFT-0216-00,slow,3.049817873725828,1678,1.8592887334409267,0.8690229835176153,0.4673953904455399,0.5095710473526921,0.4178919850372276
new_preds,OFT-0217-00,fast,5.176618781716526,1679,1.8173529064905054,0.8231191865729613,0.4529220404211358,0.48443927482661564,0.4396709649703814
new_preds,OFT-0217-00,slow,3.2970450183200906,1680,2.2352976907869895,0.7975578548168903,0.35680162785659714,0.3820755046468014,0.3356247546207766
new_preds,OFT-0217-00,medium,4.1844179804807835,1681,1.7634156100780247,0.9058378332365278,0.5136836875320888,0.5534739714236299,0.48602919816263046
new_preds,OFT-0218-00,fast,5.290327066730436,1682,2.033418012947728,0.846086396021702,0.41609073522230666,0.44833947428742094,0.4155556376285686
new_preds,OFT-0218-00,medium,4.271064923703538,1683,1.8710871632093136,0.9025836322185605,0.48238459969467007,0.5426361674448511,0.46182587627376354
new_preds,OFT-0218-00,slow,3.5187865831665004,1684,1.820832001447906,0.9381876178715909,0.515252157873738,0.5657662466866227,0.503995394858343
new_preds,OFT-0219-00,fast,5.807467979002098,1685,2.008006606373122,0.8976206118223861,0.4470207463329395,0.49893093327467797,0.4190475866464136
new_preds,OFT-0219-00,medium,4.418360218137265,1686,1.57410835097123,0.8984451282495607,0.5707644760890933,0.6068399826082133,0.5679712328727273
new_preds,OFT-0219-00,slow,3.4091585074699267,1687,1.6212911069271576,0.7951029243163857,0.49041342478177713,0.5069633615549508,0.447359950921959
new_preds,OFT-0220-00,fast,5.637483818771867,1688,2.217828330678834,0.8466906592034715,0.38176564321563883,0.4172311773819193,0.3667131584082183
new_preds,OFT-0220-00,slow,3.5821176634866867,1689,2.3501530108762374,0.8148085074146637,0.3467044501544469,0.360318624200056,0.31940431073275044
new_preds,OFT-0220-00,medium,4.427638501626099,1690,2.2698387797657174,0.883538783090541,0.38925177901037356,0.43223943403711734,0.3868377890602177
new_preds,OFT-0221-00,medium,4.222561190110179,1691,1.8771814000415923,0.77388279479411,0.4122578642516718,0.44490958905334543,0.3880464256397488
new_preds,OFT-0221-00,fast,5.100138865736541,1692,1.6265221789102933,0.9396690565525504,0.5777167189826408,0.6080871868327729,0.5557038568660428
new_preds,OFT-0221-00,slow,3.4562726766340996,1693,1.3661215478891497,0.7693402433216312,0.5631565101292563,0.6064328907394299,0.5394253728545367
new_preds,OFT-0222-00,fast,5.47544823734877,1694,1.8973848945533658,0.860592606440017,0.45356775470830124,0.48733308369592765,0.4348880271005835
new_preds,OFT-0222-00,slow,3.3034067461390686,1695,1.7434993630493172,0.5975447396903931,0.34272724863249104,0.3651544450576233,0.31010428170648247
new_preds,OFT-0222-00,medium,4.344682781108927,1696,1.7184645632695759,0.8774765826397823,0.5106166291670761,0.5500321421334289,0.49076319765532556
new_preds,OFT-0223-00,fast,6.06893176584609,1697,1.7614772350076193,0.7754218370566754,0.4402111032978075,0.4617742400257323,0.4211355996503187
new_preds,OFT-0223-00,slow,3.8322528519010834,1698,1.8686810050323779,0.7562181846482282,0.40468019025811497,0.4133315999562973,0.4026495967350636
new_preds,OFT-0223-00,medium,4.869651967529479,1699,2.097987579591401,0.8663535884506892,0.4129450511901592,0.43947710504266546,0.388907986703126
new_preds,OFT-0224-00,fast,5.664079941495144,1700,1.9536007787720053,0.8701874074936999,0.44542744707579535,0.4543932033237487,0.4172406964160625
new_preds,OFT-0224-00,medium,4.419294573914287,1701,2.2881046989055838,0.8151371416880174,0.3562499312544147,0.4068029314985754,0.3458466828199376
new_preds,OFT-0224-00,slow,3.5597366732722073,1702,2.3535247439117692,0.7939594996964683,0.3373491193369977,0.3648833574681033,0.34492963943701316
new_preds,OFT-0225-00,fast,5.7338858303548275,1703,1.9154105768652043,0.8498175922789455,0.44367385381664354,0.4641833255600851,0.44708093532077575
new_preds,OFT-0225-00,medium,4.398676183633907,1704,2.076506231697109,0.921677251523374,0.4438596125811267,0.4722248789536992,0.4479600020358735
new_preds,OFT-0225-00,slow,3.5220442306257147,1705,1.8574517468165976,0.8829121168107018,0.47533515652499986,0.5055407638149761,0.4873765071946771
new_preds,OFT-0226-00,medium,4.346613767629772,1706,1.7715481438242486,0.8856138333105236,0.4999095488304061,0.5226631148299727,0.5028090463153183
new_preds,OFT-0226-00,fast,5.565569258734507,1707,1.800606294758859,0.9650298695226682,0.5359471819751175,0.5693288252460129,0.5421565842794049
new_preds,OFT-0226-00,slow,3.403212823223817,1708,2.545057611519576,0.9261294874023442,0.3638933292552779,0.3951137784923885,0.3572453728775099
new_preds,OFT-0227-00,slow,3.5102316362130432,1709,1.9429468618051688,0.9014439813711231,0.46395709480886277,0.5029055958498929,0.4497858768757378
new_preds,OFT-0227-00,medium,4.391394816542587,1710,2.2924736431934716,0.7731891943877726,0.33727288280213386,0.366884241302974,0.3483226027503983
new_preds,OFT-0227-00,fast,5.493382093034063,1711,1.7828692070655625,0.9349333454993608,0.5243981677366981,0.5529308889049229,0.5311652079860173
new_preds,OFT-0228-00,fast,5.395737776625636,1712,1.8448520754517768,0.8710264525395701,0.47213891245251666,0.4785127564173006,0.4531687650478968
new_preds,OFT-0228-00,medium,4.281241177760888,1713,2.0462080447345254,0.8091370052670425,0.3954324230858059,0.42909429419030704,0.34724129690900085
new_preds,OFT-0228-00,slow,3.5192796585854755,1714,1.965669112132718,0.7152717247835536,0.36388205948227764,0.3886364682032961,0.32440907962123655
new_preds,OFT-0229-00,medium,4.408232776094408,1715,1.7278789045706917,0.8606871931993871,0.4981177737181954,0.5364258594921016,0.48730033904064696
new_preds,OFT-0229-00,fast,5.596962103755392,1716,2.2051098431750122,0.8699922937881379,0.3945346743069658,0.41627505871785664,0.3786330353246209
new_preds,OFT-0229-00,slow,3.4891846212783593,1717,2.0804470613047155,0.7668161796262316,0.36858240418063626,0.3762594749127951,0.36879443658382827
new_preds,OFT-0230-00,fast,5.74866243006699,1718,1.9478901587409356,0.8333585208363974,0.42782623912174705,0.4622763959329892,0.41320938612551716
new_preds,OFT-0230-00,slow,3.8765116232239705,1719,2.01383620861141,0.8658985109958509,0.4299746460477585,0.4806938755534705,0.41871765442510483
new_preds,OFT-0230-00,medium,4.738233171768051,1720,2.356954457281828,0.8928305834400992,0.3788068881355313,0.4064990778670613,0.37851621699999105
new_preds,OFT-0231-00,medium,4.422495663802288,1721,1.4472335551282334,0.9487854253644228,0.6555855632302243,0.6887200884693536,0.6314759913390351
new_preds,OFT-0231-00,fast,5.382028826763052,1722,2.1174783906233197,0.795620567701405,0.3757396397642571,0.3753935562928682,0.3652440498402905
new_preds,OFT-0231-00,slow,3.6476090268376464,1723,1.8899559502460634,0.8067602949543428,0.42686724780506463,0.45056720953905666,0.4372715403747677
new_preds,OFT-0232-00,fast,5.53056427484546,1724,2.448921673091018,0.9345187768085845,0.3816041921949423,0.37108213010863633,0.3668350462255594
new_preds,OFT-0232-00,slow,3.6351611663442545,1725,2.1269923655006657,0.7663431586948138,0.360294268623022,0.3448394631569581,0.3714007859697218
new_preds,OFT-0232-00,medium,4.3767559545565575,1726,1.7924564965731435,0.9674866354629323,0.5397545978452442,0.5815994844031973,0.5060125266327967
new_preds,OFT-0233-00,medium,4.915080936382904,1727,1.967918566125187,0.851395333305557,0.43263748203867314,0.4472006058645338,0.414579636554561
new_preds,OFT-0233-00,fast,6.324512837217688,1728,1.9451902700025911,0.8540055516363507,0.43903445580941197,0.4428116638420511,0.4354968677603695
new_preds,OFT-0233-00,slow,3.844561361911301,1729,2.2881886265037803,0.7482625229254054,0.32701085664808466,0.3406933432846889,0.3218007832581071
new_preds,OFT-0234-00,fast,5.874376749154498,1730,2.1058605355565567,0.7956580176921262,0.37783034738425453,0.41346756995937484,0.3787216064283622
new_preds,OFT-0234-00,medium,4.738532756727465,1731,2.261701124720927,0.928954302629988,0.4107325642969791,0.44635634657391343,0.38329398331543085
new_preds,OFT-0234-00,slow,3.610685232322205,1732,2.0341547888548526,0.7453069388683242,0.36639637403793746,0.3643642600018622,0.3713824000074637
new_preds,OFT-0235-00,fast,5.518927455058281,1733,2.0421342337105983,0.8168409275836787,0.39999374874562604,0.4251105991397043,0.3837855609177603
new_preds,OFT-0235-00,medium,4.526321222840135,1734,1.9100373907037296,0.8344899774085314,0.4368971945104561,0.46931759831014286,0.42961061134406775
new_preds,OFT-0235-00,slow,3.7402277234089474,1735,1.7070021291222268,0.9007044265968979,0.5276527845106188,0.5756040563922995,0.5126777151561959
new_preds,OFT-0236-00,fast,5.654176858266908,1736,2.1071522597034376,0.931931370700186,0.4422705413947385,0.4698764512211052,0.4122222256125519
new_preds,OFT-0236-00,slow,3.2957090966444675,1737,1.9821979535499532,0.7450176336062269,0.37585430469845943,0.39490349535091873,0.3485380983641487
new_preds,OFT-0236-00,medium,4.443353740850595,1738,1.8294605536456805,0.9170208761267589,0.5012520626910233,0.5575944517503512,0.4825007740920325
new_preds,OFT-0237-00,medium,4.32843693748204,1739,1.700162050277958,0.8687882896827672,0.5110032243930688,0.5653769475100496,0.4599465425630337
new_preds,OFT-0237-00,fast,5.528692087920848,1740,1.2216844378750225,0.7260783297947445,0.5943255944699378,0.5961213524102469,0.5856558344395637
new_preds,OFT-0237-00,slow,3.5117678161179158,1741,2.001078146406337,0.9010341492858474,0.45027434381010134,0.4621464959002378,0.43371247343810565
new_preds,OFT-0238-00,slow,3.540687784812297,1742,1.9113182035564975,0.8693250461153725,0.4548300981478492,0.4714404306898817,0.46244598368022694
new_preds,OFT-0238-00,medium,4.727061856443169,1743,1.9848043345463244,0.883204344115667,0.4449830790587954,0.45434849120078236,0.444882155372342
new_preds,OFT-0238-00,fast,6.03374426439253,1744,2.0606166621021367,0.8444830246606769,0.40982053585802714,0.43216061326130467,0.41301040493061375
new_preds,OFT-0239-00,fast,6.1282733966184235,1745,1.811174481496468,0.8595186271944955,0.47456423220159616,0.47549295278044046,0.4691065964905883
new_preds,OFT-0239-00,medium,4.921298487839768,1746,2.010805812852497,0.8529853420808087,0.42420075406027263,0.4444291595265932,0.3896749537555662
new_preds,OFT-0239-00,slow,3.652027091019665,1747,2.266301268416431,0.7939799627351883,0.35034175455850963,0.38418997286314155,0.3293545099168288
new_preds,OFT-0240-00,slow,3.917971627810561,1748,2.458959183608262,0.8598665513896614,0.34968719982081947,0.3930015065948942,0.3244576721034164
new_preds,OFT-0240-00,medium,4.967086806664136,1749,2.2256189148643646,0.8601065670124945,0.3864572507305959,0.4414255221969424,0.33984811240422075
new_preds,OFT-0240-00,fast,5.948516105293203,1750,2.021230785130934,0.8694673461139029,0.43016727852657327,0.4174677384073347,0.42655491277045543
new_preds,OFT-0241-00,slow,3.2924384918356506,1751,1.9618848318587951,0.9638773222446771,0.49130168427442705,0.5407349389823025,0.4655043690534469
new_preds,OFT-0241-00,medium,4.253156681853988,1752,1.7829823198189545,0.8368837725066957,0.4693730067899235,0.5222810030764612,0.44987293950379287
new_preds,OFT-0241-00,fast,5.351167173082978,1753,1.8486055897751323,0.7901582871233509,0.4274347602830018,0.44501342331279214,0.40667955831813063
new_preds,OFT-0242-00,slow,3.8738981678335533,1754,2.131607723041461,0.9156840769984468,0.4295743851462092,0.47106517483515103,0.40627543543207856
new_preds,OFT-0242-00,medium,4.86667949544607,1755,2.1178742508672257,0.8397217651231208,0.39649274019893865,0.43023561939035887,0.370272908409473
new_preds,OFT-0242-00,fast,5.785060258730681,1756,2.4581994266378158,0.9091805776107185,0.3698563134294777,0.37412183264689625,0.36669080279647265
new_preds,OFT-0243-00,medium,4.139028647256052,1757,1.7969170622256867,0.7832840836554505,0.43590441658184487,0.4740537224167962,0.4047494000929624
new_preds,OFT-0243-00,fast,5.269722854259633,1758,1.5335199477814268,0.8096753899610942,0.5279849089230743,0.5517147222898787,0.5195181574960601
new_preds,OFT-0243-00,slow,3.3024434268898797,1759,1.8553993489997953,0.8489902119517256,0.4575781555649448,0.5158836907124879,0.40667917970261386
new_preds,OFT-0244-00,medium,4.723268827557718,1760,2.279757321650227,0.910373260147836,0.39932902134024184,0.4451611795322209,0.37477812281693745
new_preds,OFT-0244-00,fast,6.020116845387674,1761,2.1540572030571354,0.8356290007793324,0.38793259510163886,0.41218480860394413,0.38991274608832205
new_preds,OFT-0244-00,slow,3.6626674214168284,1762,2.1432796814156525,0.9286374151300246,0.43327869114900236,0.4725432298781524,0.4423092099466712
new_preds,OFT-0245-00,slow,3.8794410034543128,1763,1.7658825122568937,0.9745718381009346,0.5518893988340022,0.581420566653202,0.5281856353926857
new_preds,OFT-0245-00,medium,4.959069219244118,1764,1.7460097277001654,0.8004088720081605,0.4584217712592327,0.4917993191839213,0.45158432581121
new_preds,OFT-0245-00,fast,5.962957957166269,1765,1.8412523235002272,0.900504828190581,0.48907193039068003,0.5270768002259978,0.48053726800523733
new_preds,OFT-0246-00,slow,3.3699216560566985,1766,1.7934636157893393,0.9263294068910459,0.5165030384423772,0.5489847458960451,0.48549341775971216
new_preds,OFT-0246-00,medium,4.03193803340911,1767,1.8389368892793827,0.9220578413528946,0.5014080943877405,0.5503182221408331,0.4954788934860097
new_preds,OFT-0246-00,fast,4.847891166872667,1768,1.9503438680328973,0.8316911508681624,0.42643308418581594,0.46020154184066736,0.41691278158717154
new_preds,OFT-0247-00,slow,3.5076574165203205,1769,1.7980792735853308,0.9057651323848868,0.5037403776858018,0.5494620372870267,0.47927496494891686
new_preds,OFT-0247-00,medium,4.319060235850023,1770,1.775374742374624,0.8508952854198093,0.47927643956549026,0.5184900316090956,0.46285732573473093
new_preds,OFT-0247-00,fast,5.276679815821871,1771,1.5979818986506442,0.881235398034148,0.551467697336418,0.5704889258393717,0.5357971221371097
new_preds,OFT-0248-00,medium,5.290467893332329,1772,1.9952080858189754,0.9315753281667868,0.46690635166727584,0.4989841414948278,0.4333244434976798
new_preds,OFT-0248-00,slow,4.165329537370686,1773,1.8166473445878972,0.89801407778498,0.4943249334882289,0.5328597924804883,0.4855601504236911
new_preds,OFT-0248-00,fast,6.459614466302972,1774,1.8169136873357057,0.9144795008398228,0.5033147734061058,0.5305920362365342,0.49637818588480176
new_preds,OFT-0249-00,medium,4.4600944645108,1775,2.0975419372747264,0.8646911005159263,0.4122401965604529,0.44036381541468816,0.40341461906226717
new_preds,OFT-0249-00,slow,3.48424040560222,1776,2.172321458435009,0.9207556551776386,0.4238579201077231,0.4442931196875447,0.40354055519431475
new_preds,OFT-0249-00,fast,5.611266181176414,1777,1.8948937554636642,0.7693373905983757,0.4060055548655948,0.4513051303389311,0.39670821062395545
new_preds,OFT-0250-00,slow,3.2229293289791374,1778,1.800695734768643,0.8851223629458953,0.4915446545774251,0.538727544855445,0.4663962635700556
new_preds,OFT-0250-00,fast,4.73954065749344,1779,1.550646649966537,0.9364391694046276,0.603902358686833,0.6435388771002004,0.5774620377845094
new_preds,OFT-0250-00,medium,4.010173250244887,1780,1.776352823238,0.8948105721653549,0.503734708814357,0.5706234421181954,0.45299448338024584
new_preds,OFT-0251-00,medium,3.7182086036021462,1781,1.9945303621822301,0.9071714730416931,0.4548296131472023,0.5217056359742868,0.4037760070381719
new_preds,OFT-0251-00,slow,3.0805090237261665,1782,1.8375258307359923,0.7716936564166961,0.4199634331712258,0.4574372291117532,0.4017634068520973
new_preds,OFT-0251-00,fast,4.422025693222216,1783,2.0602731079567125,0.9310193396424548,0.45189122551126165,0.5038877959415474,0.4351309685815414
new_preds,OFT-0252-00,fast,5.99268656227714,1784,2.0067933660851844,0.8581050791608971,0.42760011751228416,0.44316569269824824,0.4314434871953377
new_preds,OFT-0252-00,medium,4.505695968433038,1785,1.8661399470900604,0.8754495289125298,0.46912319211517334,0.507705231409589,0.45084183798579547
new_preds,OFT-0252-00,slow,3.4807513275735054,1786,1.8194299918643364,0.8242274145519846,0.45301408586071173,0.4878362797076994,0.43749636060733843
new_preds,OFT-0253-00,fast,5.001170915603106,1787,1.9899968598747704,0.9007005910724774,0.4526140765514364,0.49439004987400526,0.4309375620350034
new_preds,OFT-0253-00,slow,3.1048772242369447,1788,1.881632125055418,0.780062188325238,0.4145667890859716,0.44045268376075186,0.42153341992835036
new_preds,OFT-0253-00,medium,3.8485726754055265,1789,2.1810185426606927,0.8117427318505817,0.37218515843533884,0.387510895933625,0.3667792836937379
new_preds,OFT-0254-00,slow,3.096269015450594,1790,1.4562894364353483,0.8789136833410403,0.6035295329013804,0.6351524683450257,0.5853812183853495
new_preds,OFT-0254-00,fast,4.614449768893146,1791,1.942732246227218,0.7372358875813176,0.3794840431629362,0.41121396995077963,0.3449004183247272
new_preds,OFT-0254-00,medium,3.8298689172289864,1792,1.9530105671250446,0.7974972103823295,0.4083424963523346,0.44001962848259557,0.3821994238928006
new_preds,OFT-0255-00,fast,4.4058149103781705,1793,2.0119751636717984,0.8437669092010859,0.41937242786895784,0.4617839322892522,0.39442731231191586
new_preds,OFT-0255-00,medium,3.727941758137572,1794,2.0349497709319504,0.9069527436287913,0.4456880246304223,0.507337006372332,0.4135353523339509
new_preds,OFT-0255-00,slow,3.150506076955576,1795,1.4284240674294384,0.8892297257037137,0.6225250231914341,0.6526093759630314,0.6166184482403857
new_preds,OFT-0256-00,fast,6.6403868699304915,1796,2.399190879857552,0.8503620685577316,0.3544370211211458,0.3597042152217123,0.3394589583372224
new_preds,OFT-0256-00,medium,5.175366657099973,1797,2.589339094762221,0.8918903727148553,0.3444471118205387,0.3439381762451178,0.3712996964698938
new_preds,OFT-0256-00,slow,4.019902871521225,1798,1.94428709270519,0.9250546751276394,0.4757809063272449,0.5265202150108417,0.4671166874827263
new_preds,OFT-0257-00,fast,4.747086414671475,1799,2.0916615042657676,0.875394131945814,0.41851615577402046,0.4123098880620639,0.40893961665944706
new_preds,OFT-0257-00,medium,3.940605368354421,1800,2.115875098682231,0.9216089682443698,0.43556870101564543,0.487355686448686,0.3885851722914425
new_preds,OFT-0257-00,slow,3.337544647388152,1801,1.9963655480352038,0.9279661825140101,0.46482778839141053,0.49589619459108353,0.4482510973734012
new_preds,OFT-0258-00,slow,3.867813657958947,1802,2.152947819946781,0.8641876021977675,0.4013973744236539,0.4281915483528417,0.4031943637055513
new_preds,OFT-0258-00,fast,6.094630705379699,1803,2.3142436739529364,0.9270131374224005,0.4005685087772018,0.4292471199944656,0.40737146746094977
new_preds,OFT-0258-00,medium,5.074217879690748,1804,2.450413951967321,0.8896241931610291,0.3630505745556958,0.39067679244118236,0.3499856982405209
new_preds,OFT-0259-00,medium,3.932616315059503,1805,1.8157575453981378,0.8123277510912493,0.44737677293425854,0.5026305590069803,0.41813636107456675
new_preds,OFT-0259-00,fast,4.914563355294903,1806,1.7248104067161167,0.9019752257305702,0.5229416649032456,0.5710065572481062,0.48519391952945534
new_preds,OFT-0259-00,slow,3.209741896289445,1807,1.8070212655898101,0.7928120303221238,0.43873973451184073,0.4832738273131689,0.3958430594892385
new_preds,OFT-0260-00,medium,4.534133880344269,1808,2.5494170289677607,0.9412555038054686,0.3692042114375363,0.3996049899475993,0.3558917147640732
new_preds,OFT-0260-00,slow,3.71745306506564,1809,1.9338943299864846,0.8697533209107008,0.4497419054518761,0.5005780716598287,0.45692851535594037
new_preds,OFT-0260-00,fast,5.812484630195654,1810,2.2019243054318753,0.8346136722283717,0.37903831215699957,0.40827691899531576,0.34909426550642675
new_preds,OFT-0261-00,fast,5.522563592239759,1811,2.1576685752307307,0.8709046760290055,0.4036322751448865,0.4269593156132654,0.37346088263746646
new_preds,OFT-0261-00,medium,4.61059079391626,1812,1.7950262451586696,0.8999063230825097,0.501333239839601,0.5641459177928463,0.46095813410330466
new_preds,OFT-0261-00,slow,3.756289500687103,1813,1.647954187601235,0.8882683593354601,0.5390127747594884,0.5810645847604861,0.5177833555727573
new_preds,OFT-0262-00,fast,5.091337521407958,1814,2.350341245188894,0.8107522871727297,0.3449508826994059,0.37086385994826615,0.3470114683540202
new_preds,OFT-0262-00,medium,4.149890114866438,1815,1.6361633815704306,0.859552012303397,0.5253460760614123,0.5912257793226922,0.5038787148549434
new_preds,OFT-0262-00,slow,3.388693770795337,1816,2.2901026577724632,0.8639332256638608,0.3772465058418784,0.3967992853029094,0.37109871367164543
new_preds,OFT-0263-00,slow,3.220896498810558,1817,1.6306908375312053,0.9098425287232934,0.5579491267031066,0.5858669643739808,0.5296723378239836
new_preds,OFT-0263-00,fast,4.801527252791131,1818,2.0956820137773065,0.8234962231668927,0.3929490341345268,0.4020612617983412,0.38025445144897485
new_preds,OFT-0263-00,medium,3.8881730948671356,1819,1.5916577661026676,0.8893775696995104,0.5587743726324031,0.6127382720663879,0.5139035155586716
new_preds,OFT-0264-00,fast,5.642551739118997,1820,1.7740792821177942,0.9154580960946108,0.5160187063352599,0.5575722412094136,0.5072169149515335
new_preds,OFT-0264-00,medium,4.419992000854663,1821,1.7994712795061631,0.7123185317122995,0.39584879171163223,0.4361408130512253,0.3862768214564139
new_preds,OFT-0264-00,slow,3.477807140951552,1822,1.9408264906348378,0.7580567587709368,0.39058450738838535,0.42677691466796214,0.3951734492240461
new_preds,OFT-0265-00,medium,3.863339385853097,1823,1.803090882440864,0.955724391587423,0.5300478200486757,0.5630198040228196,0.5106611168298094
new_preds,OFT-0265-00,fast,4.989056121230125,1824,1.9218910477189406,0.7863314080240817,0.40914463333255285,0.41299120588806204,0.4030816958214341
new_preds,OFT-0265-00,slow,3.1480774258047526,1825,1.6671688442653791,0.9170555226137831,0.5500675746000245,0.6050832389635257,0.5159926162328186
new_preds,OFT-0266-00,medium,4.278941744573596,1826,2.0544122683499775,0.8854688118427391,0.431008335320112,0.446733066653778,0.4303460340297096
new_preds,OFT-0266-00,fast,5.257340921332892,1827,1.6585656337547232,0.9679475452129038,0.5836052101366817,0.6039957472696778,0.5601717174171594
new_preds,OFT-0266-00,slow,3.4654233777634293,1828,2.0739383256415582,0.8127865660055731,0.3919048874098719,0.41171767605698606,0.40688608470959853
new_preds,OFT-0267-00,fast,4.89218493560388,1829,1.5166640343152613,0.8485408277346591,0.559478439875945,0.581653156520497,0.5559938616706428
new_preds,OFT-0267-00,slow,3.238425260960243,1830,1.3153425786052084,0.7615661809113247,0.5789869447690889,0.6197430767146221,0.5531699063406741
new_preds,OFT-0267-00,medium,3.965249849563549,1831,1.646818214569422,0.7740902654394446,0.47005204253332766,0.5088662077893237,0.46641889878750575
new_preds,OFT-0268-00,fast,5.0692188091253305,1832,2.226042068514532,0.8985526666271966,0.40365484522348355,0.4360754106363182,0.40179799139396827
new_preds,OFT-0268-00,medium,4.131229992641446,1833,1.7293344540421727,0.9219210527246016,0.5331074336544266,0.581942415768556,0.5152020410232543
new_preds,OFT-0268-00,slow,3.3610882694293442,1834,2.0906844861598186,0.8758298714780226,0.41892015618614553,0.4728577678892277,0.392865532417083
new_preds,OFT-0269-00,fast,5.184179257818038,1835,1.8870338876296857,0.9055814608059506,0.47989676642397594,0.5003284819149888,0.47916578274334476
new_preds,OFT-0269-00,medium,4.384384274358929,1836,1.8335223614754013,0.8006873115658089,0.4366935077473016,0.45692497438550705,0.41787125222015864
new_preds,OFT-0269-00,slow,3.4647698487632552,1837,1.8625006229696381,0.8308211499647344,0.4460783205752937,0.48920563218818347,0.435805035332153
new_preds,OFT-0270-00,slow,3.2874665616171366,1838,1.6307423339151992,0.8783613204592988,0.5386266746080407,0.5775758463949245,0.49824350275727064
new_preds,OFT-0270-00,fast,5.097987613367841,1839,1.8750710143241232,0.8622002188517934,0.4598227012551719,0.4785730567374057,0.4612537386047293
new_preds,OFT-0270-00,medium,4.031585809448749,1840,1.869303133810541,0.9199281657131038,0.4921235882367814,0.5320539746937298,0.4834812124724456
new_preds,OFT-0271-00,fast,4.946139755333739,1841,1.7487101100653664,0.8198534229708327,0.4688332378544931,0.4924414541595836,0.4645235163445139
new_preds,OFT-0271-00,slow,3.274547428448451,1842,1.53343761572238,0.8250752662742518,0.5380559716383186,0.5765579701058483,0.5139900304997
new_preds,OFT-0271-00,medium,3.9547125878429874,1843,1.6417486243256778,0.8626576954300624,0.5254505364878167,0.5719486684182398,0.49180269470552634
new_preds,OFT-0272-00,fast,5.362009779061181,1844,2.0189243048221854,0.8741954495548097,0.4330006070395014,0.4636050014454278,0.39778192163180415
new_preds,OFT-0272-00,slow,3.3727689510165515,1845,1.7842473498150653,0.8573103186563305,0.4804884921057551,0.5309088672385123,0.4673869995092424
new_preds,OFT-0272-00,medium,4.20452684376502,1846,1.8049916382885878,0.74317703683423,0.41173433774955165,0.4539313324976931,0.39873766005243194
new_preds,OFT-0273-00,fast,4.653473006560309,1847,1.9385921102185106,0.8920288505317109,0.46014261887776114,0.47416940612634295,0.43761253109440396
new_preds,OFT-0273-00,slow,3.202662240277903,1848,1.5666611073828631,0.8251181938850508,0.5266730564744958,0.5500455625783571,0.517606032195263
new_preds,OFT-0273-00,medium,3.8485660508780715,1849,1.8109057735169578,0.8828554026572415,0.4875214467634333,0.5149867364162517,0.47188970713600875
new_preds,OFT-0274-00,fast,4.995295695309984,1850,1.9186682739790093,0.8362401617109332,0.43584405551080785,0.4672242267150233,0.38451586740809296
new_preds,OFT-0274-00,slow,3.1891387302844265,1851,1.8682097381015859,0.9160825784509514,0.4903531759671935,0.5246809793073623,0.4495612527804438
new_preds,OFT-0274-00,medium,4.0011024289396415,1852,2.126645008309608,0.8525878030991869,0.40090743860296535,0.4254519801370346,0.3648749719063895
new_preds,OFT-0275-00,medium,4.06399394628791,1853,1.8317207156296527,0.8579610634401024,0.46839076291451937,0.5095981417885891,0.45311988254914537
new_preds,OFT-0275-00,slow,3.3797152617298556,1854,1.7427077655592083,0.8692052582190024,0.4987670769574426,0.5277870148395423,0.45648893360962495
new_preds,OFT-0275-00,fast,5.23399518394841,1855,1.7612085823367984,0.8076724171605442,0.4585898713308063,0.4860991870906783,0.43033948251937054
new_preds,OFT-0276-00,fast,5.658692560704971,1856,2.120648357882924,0.8697099031407545,0.41011509518202227,0.4509133653520739,0.3988892818510589
new_preds,OFT-0276-00,slow,3.2522088806263696,1857,1.7395188817363918,0.8362879971762816,0.4807582176638962,0.5349567755489999,0.4520951828393343
new_preds,OFT-0276-00,medium,4.135770768828579,1858,1.9989817960832696,0.9334287004786801,0.46695207645592646,0.4986724221183386,0.4501044303247035
new_preds,OFT-0277-00,fast,4.936826261773365,1859,2.1818434167755707,0.9329387537331698,0.4275919832560257,0.46210824066596434,0.404239928917015
new_preds,OFT-0277-00,medium,3.857047389045504,1860,1.6245326468806955,0.9052883613708158,0.5572607993499434,0.5909769531090266,0.547864593656657
new_preds,OFT-0277-00,slow,3.1805947702420037,1861,1.7007266768577614,0.7505920458357567,0.4413360806584983,0.47351708671449055,0.4338643699025258
new_preds,OFT-0278-00,medium,4.085761246854563,1862,2.125675343084217,0.8634379299265029,0.4061946396168432,0.4024679597871626,0.4200145529914122
new_preds,OFT-0278-00,slow,3.3561440906975646,1863,1.6493366522605883,0.8798303955905373,0.533445003107545,0.5524855702135285,0.5275051571927971
new_preds,OFT-0278-00,fast,5.006101168514257,1864,2.0740545723911428,0.799399057394379,0.3854281695552327,0.4003650134991073,0.34585065538207704
new_preds,OFT-0279-00,slow,3.173877514387147,1865,1.5084653261264056,0.7435321919629128,0.4929063857717116,0.5157658132246359,0.4977497608697229
new_preds,OFT-0279-00,medium,3.975762072078119,1866,1.8738452190248176,0.8163343857464159,0.4356466465097106,0.4911607986975896,0.4092727425695092
new_preds,OFT-0279-00,fast,5.048059187117104,1867,1.9248589165222039,0.7269829420417449,0.3776811566819884,0.4068932282882246,0.36247790759258525
new_preds,OFT-0280-00,fast,4.9788848069702505,1868,1.797566663380533,0.836727845629696,0.46547806135664094,0.4987911926431738,0.4360201832100184
new_preds,OFT-0280-00,slow,3.3587302037367115,1869,1.8436150089583792,0.7688130475769736,0.417013879709812,0.43073803939357025,0.4167366617310817
new_preds,OFT-0280-00,medium,4.119435704641079,1870,2.177799632464613,0.7948273519197293,0.3649680806586528,0.3918273824021261,0.3604798675370622
new_preds,OFT-0281-00,medium,4.044889356529103,1871,2.2676656505468116,0.6850002360627337,0.30207285447815324,0.3003662101736518,0.28959041643204025
new_preds,OFT-0281-00,fast,5.205552078920863,1872,1.691540284234259,0.8369104545125874,0.4947623549453019,0.5160668626916244,0.46871657964931457
new_preds,OFT-0281-00,slow,3.2721079868975167,1873,1.654195120686854,0.864395114805336,0.5225472521321562,0.5202701147094726,0.5191611372421012
new_preds,OFT-0282-00,slow,3.543231146355291,1874,2.1975153025683403,0.9104095354200686,0.41429041898185187,0.45096812188321744,0.3805587051177595
new_preds,OFT-0282-00,medium,4.48727817542842,1875,2.1745858242126417,0.9030861966970654,0.4152911265408659,0.4686669088695178,0.40764203781485664
new_preds,OFT-0282-00,fast,5.588821810531246,1876,2.355184081273392,0.894539242878534,0.3798171234219951,0.40117816529467887,0.3882320833875831
new_preds,OFT-0283-00,medium,3.9360715448342822,1877,1.5820987332101912,0.843709068367837,0.533284712677755,0.5614533859876939,0.511659055257629
new_preds,OFT-0283-00,fast,4.960056811928445,1878,1.4654283292975727,0.9078942040438354,0.6195418676524552,0.636452550808478,0.5973064609035039
new_preds,OFT-0283-00,slow,3.2631462608213724,1879,1.625492765164491,0.858865808387124,0.5283725814062368,0.5851931256876853,0.4833700409653507
new_preds,OFT-0284-00,fast,5.211617496719563,1880,1.9748383011993031,0.8817488275003806,0.4464916580587392,0.4607235817723649,0.46588466304493853
new_preds,OFT-0284-00,slow,3.477396003628412,1881,2.3886977737734,0.8861456548475782,0.3709743712984433,0.4101403207872653,0.3528123666239327
new_preds,OFT-0284-00,medium,4.2255627779363785,1882,2.0281787728439795,0.8914877595055347,0.4395508775863289,0.4672643472378438,0.4089268958838993
new_preds,OFT-0285-00,fast,5.142549286008941,1883,1.5208140353390402,0.9586088759880979,0.6303261633000329,0.6630511066436,0.603792301317619
new_preds,OFT-0285-00,slow,3.2805067219242408,1884,1.801298189699117,0.7839752922163153,0.43522793544097665,0.46053507571129415,0.43244629553929376
new_preds,OFT-0285-00,medium,4.130616730070887,1885,1.4614601227317658,0.8324441114339187,0.5695975541761014,0.6169156704900736,0.529507525348634
new_preds,OFT-0286-00,fast,5.090464851814229,1886,1.8492109605570497,0.9555993989931104,0.5167606181099257,0.5509414261891742,0.5044895537553284
new_preds,OFT-0286-00,slow,3.416883112577363,1887,2.2957157591964314,0.8927473197799176,0.3888753719634724,0.41796402530244964,0.3955422390645351
new_preds,OFT-0286-00,medium,4.2110901336834345,1888,1.9006278894794468,0.909950728026427,0.4787632198092435,0.5296603018467476,0.46516891557687434
new_preds,OFT-0287-00,fast,5.0525942429848865,1889,1.7492464086864046,0.7748055781652096,0.44293678370164513,0.4988597436768037,0.41299482243189684
new_preds,OFT-0287-00,medium,4.096064739715122,1890,1.41703021203774,0.7060333229999949,0.49824860260720466,0.5115066142700635,0.4874184692229473
new_preds,OFT-0287-00,slow,3.1697863255061134,1891,1.6514320252078323,0.7589740042504668,0.45958537358202806,0.4966194527899981,0.45226774311496665
new_preds,OFT-0288-00,fast,5.600031068377713,1892,2.040408833030888,0.9280792144160586,0.45484963571612275,0.4982076999482327,0.41832067649402643
new_preds,OFT-0288-00,medium,4.393380794591843,1893,1.7641934322247046,0.9047202654972732,0.5128237351821404,0.5404204239052477,0.4870484631627954
new_preds,OFT-0288-00,slow,3.544337196771408,1894,1.9183392165802011,0.7955288955158639,0.4146966754576613,0.42673562126986764,0.4115641075313196
new_preds,OFT-0289-00,fast,5.376361513991015,1895,2.0617005465729905,0.8716089428293032,0.42276214374493576,0.4418229592780488,0.4051445387447664
new_preds,OFT-0289-00,medium,4.24096776620581,1896,1.6348127160829848,0.8352679976376338,0.5109258017266577,0.5164200710422384,0.4888721957270642
new_preds,OFT-0289-00,slow,3.3493249894286117,1897,1.5298248808419765,0.8915625457115295,0.5827873221808474,0.6355419680200582,0.5535731070840839
new_preds,OFT-0290-00,fast,5.418829190501724,1898,1.9761664504446974,0.8528233318368554,0.4315544025377742,0.4691278134462036,0.39536447688016907
new_preds,OFT-0290-00,slow,3.4856874536598412,1899,1.5830376954530894,0.7260252940436079,0.4586279253671268,0.463027931903653,0.43046713923698654
new_preds,OFT-0290-00,medium,4.358281030077017,1900,2.1458771354324244,0.8767070895811218,0.40855418751850064,0.44503045161705534,0.39464398866790035
new_preds,OFT-0291-00,fast,4.997998663369939,1901,1.4465057229924088,0.860635610100863,0.5949755997649652,0.5997222358205931,0.5898742222467797
new_preds,OFT-0291-00,medium,4.034029248611328,1902,1.3838658322522448,0.9172344021966731,0.6628058738207822,0.6775113846455062,0.6371093459893953
new_preds,OFT-0291-00,slow,3.20795812985632,1903,1.5685068450153299,0.8284445584353274,0.528174015349758,0.5629801353388953,0.5152768914687736
new_preds,OFT-0292-00,fast,4.769144217848455,1904,1.5921049789032975,0.7895228398689851,0.49589873176129284,0.5316877117268793,0.4638551721063961
new_preds,OFT-0292-00,medium,3.953842957011124,1905,1.8214047817920327,0.8817070334326387,0.4840807722955191,0.507742923595221,0.4752442672649092
new_preds,OFT-0292-00,slow,3.248051372261299,1906,1.3511453837330687,0.7462781271598006,0.5523299980479633,0.5608175782704242,0.5464987821690392
new_preds,OFT-0293-00,fast,5.001674571635279,1907,1.5770584105839829,0.8548046491752672,0.5420247236490968,0.5778612974369992,0.5189004595596626
new_preds,OFT-0293-00,medium,4.052079050205731,1908,1.4584710140855277,0.8103366393893685,0.5556069552040125,0.580579229783841,0.5283259797196636
new_preds,OFT-0293-00,slow,3.1611559818839603,1909,1.5708222070174556,0.8190590498377106,0.5214205950098393,0.5405428967389746,0.5161047765838951
new_preds,OFT-0294-00,fast,5.4700259257614965,1910,2.167819589740286,0.8782578509365773,0.40513419801774014,0.4207418789062749,0.3984274197461868
new_preds,OFT-0294-00,medium,4.352512986593967,1911,1.6691203468100302,0.9116458542155399,0.5461834168865346,0.6008762036535051,0.5453013560270804
new_preds,OFT-0294-00,slow,3.4483335051417705,1912,1.894223958593155,0.8992118140727409,0.47471251221032373,0.4956987311025842,0.4893919809223106
new_preds,OFT-0295-00,fast,5.157116248028118,1913,1.81870488157354,0.8290327788887871,0.45583689101417574,0.4852415062847592,0.4537753911514341
new_preds,OFT-0295-00,slow,3.1204079302142236,1914,1.7587944009596888,0.8857671530931663,0.5036217721695305,0.5357960165769833,0.46771247665351556
new_preds,OFT-0295-00,medium,3.97899120069572,1915,1.656377168129005,0.8945201445328452,0.5400461692811601,0.5817035894093714,0.5090077289377859
new_preds,OFT-0296-00,medium,4.693710597104483,1916,2.250504718508206,0.8494206349173081,0.37743561607831877,0.4051357612544246,0.37156828062950775
new_preds,OFT-0296-00,fast,5.94122803362039,1917,2.280809953192418,0.8911507443160818,0.3907167903528089,0.4001802611803839,0.37408345258243897
new_preds,OFT-0296-00,slow,3.5958999537296505,1918,1.8183035688888034,0.8937946073907794,0.49155411818115313,0.545295326479948,0.4846279131055108
new_preds,OFT-0297-00,fast,4.728928557872951,1919,1.739841963188033,0.8852199705946653,0.5087933210741827,0.5518261125535022,0.48259947839797646
new_preds,OFT-0297-00,medium,3.746581439795217,1920,2.03116921908421,0.8978478241924188,0.4420349696896401,0.4868398689208753,0.40254893098662137
new_preds,OFT-0297-00,slow,3.1441692614212706,1921,1.7494162610965502,0.8907290901408809,0.5091578888048998,0.5349111059407478,0.4920946034439245
new_preds,OFT-0298-00,fast,5.095266269832238,1922,2.0252764854456,0.8817959667659915,0.43539535125347556,0.4595232786355501,0.4171929988249587
new_preds,OFT-0298-00,medium,4.10517023092727,1923,1.9838159685802788,0.8085307644285064,0.40756339158169635,0.4331191976999109,0.38620486365466766
new_preds,OFT-0298-00,slow,3.26404705794717,1924,1.7286308128826937,0.6388282941704841,0.36955739155497486,0.3936562996596925,0.3341286024926099
new_preds,OFT-0299-00,fast,4.954889511628849,1925,1.9357152971122378,0.8100190882433516,0.41845982694447065,0.44404561026444545,0.4237738909199748
new_preds,OFT-0299-00,slow,3.302069581399206,1926,1.60102230780501,0.8935962593292212,0.5581410421159809,0.6094012982198141,0.5310233572469336
new_preds,OFT-0299-00,medium,3.9709333292444535,1927,1.9071449724210927,0.9168017888053134,0.4807195058912836,0.545728244816842,0.455373760277193
new_preds,OFT-0300-00,slow,3.806174908488389,1928,1.698422360766882,0.8433349373673509,0.49654017566429304,0.5541589402604798,0.4595090416587093
new_preds,OFT-0300-00,fast,5.8769365891466885,1929,2.2633682868558473,0.8880180094437072,0.39234357687201465,0.435351768428823,0.36575305413552595
new_preds,OFT-0300-00,medium,4.854082530407048,1930,2.1118291504578375,0.9475609882265478,0.4486920677371651,0.4967949371380326,0.40886603566411717
new_preds,OFT-0301-00,slow,3.3174127434723135,1931,1.5889459547096394,0.9226258964755792,0.5806527866734007,0.6115352504080909,0.5619541675708746
new_preds,OFT-0301-00,medium,4.082257933415305,1932,1.6365603303805174,0.9175679107276132,0.5606685520198752,0.6052853594011789,0.5252055483197973
new_preds,OFT-0301-00,fast,5.163986948275717,1933,1.900461868830351,0.929855976219357,0.4892789439609444,0.49637823551474514,0.4832425002836854
new_preds,OFT-0302-00,slow,3.5421605112817605,1934,1.9541822069713772,0.8810555905626101,0.4508564183112096,0.4748130926450642,0.42934867915971003
new_preds,OFT-0302-00,medium,4.5307910377309035,1935,1.9767774823018467,0.952912363911494,0.48205342910011345,0.4902928728589467,0.4540967022293268
new_preds,OFT-0302-00,fast,5.637900773388553,1936,1.9938238144830962,0.8652680960273466,0.4339742005999008,0.4470693991817408,0.40494682149392663
new_preds,OFT-0303-00,fast,6.170414037111545,1937,1.7135159831487914,0.861628804323356,0.5028425837849552,0.516172384661084,0.48620586230996476
new_preds,OFT-0303-00,medium,4.83066434569714,1938,2.1410790501988877,0.8263174748322942,0.38593506146143297,0.4271865567480658,0.375494341369955
new_preds,OFT-0303-00,slow,3.705271389737352,1939,2.1166314100234858,0.7508609583102128,0.35474336946643037,0.39322318680514706,0.32944574979436037
new_preds,OFT-0304-00,slow,3.7017623865361227,1940,1.6658500771074944,0.8490909939908224,0.5097043279339669,0.5501652764278668,0.48434924094904674
new_preds,OFT-0304-00,medium,4.762252526009166,1941,1.823945252146736,0.8238653039666288,0.4516940971758669,0.4862105642781491,0.4219940935821399
new_preds,OFT-0304-00,fast,5.833613645240755,1942,1.9922861732061334,0.9035094731805728,0.453503861710077,0.4669374128697268,0.4469603061964137
new_preds,OFT-0305-00,slow,3.2201105001713315,1943,1.6086715218660756,0.9511828124274643,0.5912846715431889,0.6311535779360269,0.5640181702879926
new_preds,OFT-0305-00,medium,3.9350587622479987,1944,1.7510911991827116,0.9326912303620952,0.532634297286978,0.5709459126535819,0.512932520699378
new_preds,OFT-0305-00,fast,4.801425268703856,1945,1.5461216069691937,0.8800466744360476,0.5691962847354364,0.6001685676068591,0.5406263901033586
new_preds,OFT-0306-00,medium,3.930897631379017,1946,1.9396343633163287,0.8783609103282685,0.4528487053747972,0.49652643688270476,0.42314989629174715
new_preds,OFT-0306-00,fast,4.852382354982435,1947,1.999587713327114,0.8860268242121245,0.4431047551986927,0.47579686707105295,0.3996932092921573
new_preds,OFT-0306-00,slow,3.2380064278618925,1948,1.5145234810816388,0.9654661152870194,0.6374718697642806,0.6632872370533242,0.6199086912591356
new_preds,OFT-0307-00,slow,3.356234298748071,1949,1.839727585810405,0.7181266233275327,0.3903439992237742,0.40160567546323656,0.3798952645666657
new_preds,OFT-0307-00,medium,4.176029447235181,1950,1.8955144014466498,0.8760624974987904,0.4621766507446119,0.5013483318121877,0.436015407274957
new_preds,OFT-0307-00,fast,5.053777922429699,1951,2.129978049448589,0.8020474538979475,0.37655198094909115,0.39240406641635395,0.3509388484458168
new_preds,OFT-0308-00,slow,3.3745515075224795,1952,1.863186704623772,0.9168044910519404,0.4920625983304599,0.5327807540556077,0.4746434276027719
new_preds,OFT-0308-00,fast,5.011642265814559,1953,2.0315826997265147,0.8969217773742602,0.44148917860690634,0.4718258775187493,0.4051679221135275
new_preds,OFT-0308-00,medium,4.1396248891536125,1954,2.084061169983967,0.9346065768565086,0.44845448411847655,0.48620253564891236,0.4038383839469307
new_preds,OFT-0309-00,slow,3.7482739484894756,1955,2.0928523292984735,0.8191096451895714,0.3913843483950623,0.4399848546612639,0.3576714168115732
new_preds,OFT-0309-00,medium,4.593674061129185,1956,1.9736656126657361,0.8452553327442394,0.42826673744525207,0.4840357501276258,0.40202798617790386
new_preds,OFT-0309-00,fast,5.62316429877644,1957,1.9855830990293006,0.8677501134367035,0.4370253321862599,0.4627374800384977,0.43114002959653036
new_preds,OFT-0310-00,slow,3.4499198137975675,1958,1.5876060724097356,0.8341381392710878,0.5254062413637646,0.5655571294997126,0.4970101425985527
new_preds,OFT-0310-00,medium,4.347453319544366,1959,1.9451697383563102,0.7970397803720874,0.4097533313702458,0.4515993536039995,0.3687119686493956
new_preds,OFT-0310-00,fast,5.435690659268154,1960,1.8133455920596573,0.8906880470881682,0.49118494069103263,0.547856747514563,0.44435693317954855
new_preds,OFT-0311-00,slow,3.7080030596918507,1961,1.692135785884391,0.888568721988263,0.5251166776334409,0.5867429770302119,0.49905187363631487
new_preds,OFT-0311-00,fast,5.6112388732741785,1962,1.9395233245189962,0.8523770094254195,0.43947757608783067,0.45264740388820557,0.4290686510019109
new_preds,OFT-0311-00,medium,4.6791565134032735,1963,1.8791530560120273,0.8083605885952827,0.4301728302593937,0.4664243672760876,0.4014410773176424
new_preds,OFT-0312-00,fast,5.127833502850073,1964,2.0994741353039204,0.8615807248685485,0.4103792994543493,0.44099248247238143,0.40129960780516316
new_preds,OFT-0312-00,slow,3.277501610652138,1965,1.8001513912610347,0.9035720434545359,0.5019422521022353,0.5269001095388273,0.5056621533164136
new_preds,OFT-0312-00,medium,4.019232761982762,1966,1.8339569821017307,0.8073157671248772,0.4402043095905588,0.4747389609457491,0.4228332023653697
new_preds,OFT-0313-00,fast,5.170290076171361,1967,1.6816748226705247,0.8721337175809384,0.5186102008686656,0.5625816700633393,0.5024337537829366
new_preds,OFT-0313-00,medium,4.04277660548784,1968,1.8667124034897715,0.9221190439869017,0.4939802415535588,0.5421906542109376,0.49570975884227014
new_preds,OFT-0313-00,slow,3.217996954495459,1969,1.8628765349892935,0.9224513973607378,0.4951758101167125,0.5169043977536678,0.49013369110536276
new_preds,OFT-0314-00,fast,4.883947468082748,1970,1.6841893447490934,0.8893040993847343,0.5280309498200874,0.563291415607575,0.5022358957452323
new_preds,OFT-0314-00,slow,3.0008233994529934,1971,1.7308098283502904,0.8342944987888474,0.482025514948716,0.510687580507076,0.4475998620353897
new_preds,OFT-0314-00,medium,3.819493477279222,1972,1.9076440358480884,0.813148557357174,0.42625801358987264,0.4545181358463364,0.42860889577476396
new_preds,OFT-0315-00,fast,5.368006006193454,1973,1.7543361064363305,0.9743774853208553,0.5554109510407081,0.5571108100607801,0.5142406087164113
new_preds,OFT-0315-00,medium,3.9966092688709085,1974,1.845749593799664,0.855845485131984,0.46368450412070183,0.5146869618851708,0.4511417218731487
new_preds,OFT-0315-00,slow,3.2498139023735537,1975,1.8511628644593439,0.9248353261702695,0.4995969527729154,0.5239397950602708,0.5073539417638325
new_preds,OFT-0316-00,fast,5.560052539543163,1976,2.112800211047236,0.928807809721987,0.43960986224135773,0.4693203510812517,0.42916272178761694
new_preds,OFT-0316-00,slow,3.4007799866628208,1977,1.858462076436066,0.8480824957939124,0.45633564792468756,0.5134759182426938,0.4248593783703777
new_preds,OFT-0316-00,medium,4.246373256148001,1978,2.069278377285853,0.858117537610509,0.41469410159113046,0.4284624062238735,0.40278018952439165
new_preds,OFT-0317-00,fast,4.964695049045424,1979,1.9192391541988496,0.807462986019184,0.4207203590301096,0.44394100818450954,0.42620475706405736
new_preds,OFT-0317-00,medium,3.984155182172294,1980,1.7964828958075325,0.8184467704936015,0.4555828348845501,0.4814752789379927,0.43335815352861673
new_preds,OFT-0317-00,slow,3.240223777547558,1981,2.0025679455395737,0.8738135634748541,0.43634652468154483,0.47344951020642867,0.42443067286581626
new_preds,OFT-0318-00,medium,3.9734454758100326,1982,2.006182348948206,0.8826221039298953,0.4399510863968239,0.4743019381580291,0.4121576042947891
new_preds,OFT-0318-00,fast,5.0939486209976215,1983,1.621851555778401,0.8343968968597999,0.5144718047018394,0.5333959252831268,0.47155180932930124
new_preds,OFT-0318-00,slow,3.233156253987569,1984,1.8351812523469009,0.8219216267724267,0.4478694547044449,0.4953240800092489,0.4344984197752005
new_preds,OFT-0319-00,fast,5.24277704100374,1985,1.8646842466373779,0.8345664930698286,0.447564511029049,0.4628444190656938,0.44736015500755144
new_preds,OFT-0319-00,slow,3.292946066664033,1986,1.4977948143765998,0.9090247642131473,0.6069087404281702,0.6531075826149815,0.5842617337089809
new_preds,OFT-0319-00,medium,4.130994545034002,1987,1.6418130896183734,0.851503444622394,0.5186360432906034,0.5763009155986372,0.5112085004390955
new_preds,OFT-0320-00,medium,4.363911594903567,1988,1.9895052958662076,0.9058875905807615,0.4553330883124634,0.46969042110125747,0.4492440883162543
new_preds,OFT-0320-00,fast,5.251638207153965,1989,1.6346720906271892,0.8373167970868979,0.5122230947037439,0.525178266098684,0.5005340610644802
new_preds,OFT-0320-00,slow,3.474309500294463,1990,1.7910925196190046,0.8379702159862775,0.4678542324349207,0.4814539337654143,0.446369768646788
new_preds,OFT-0321-00,fast,5.252954954523975,1991,2.047637879455513,0.8649385413925679,0.42240796093426614,0.4463751921345196,0.4117072364889089
new_preds,OFT-0321-00,medium,4.166559221517076,1992,2.1558628897938474,0.8943102121954605,0.41482703581440566,0.4782160494808933,0.3497836498768009
new_preds,OFT-0321-00,slow,3.335144661149886,1993,1.6826446937832604,0.9332587957997879,0.5546380642614738,0.5760148328417433,0.5361957821866872
new_preds,OFT-0322-00,medium,4.274613371358201,1994,1.8824870163461942,0.8232905245443307,0.4373419404200159,0.475759963772653,0.4075625156772402
new_preds,OFT-0322-00,fast,5.568089472664812,1995,2.1686863187049195,0.9077843501492869,0.41858720752726986,0.4359113694925565,0.39247774307979305
new_preds,OFT-0322-00,slow,3.1769642635404267,1996,1.5819464659116642,0.8800098153524152,0.5562829301213249,0.5884566312976757,0.5320927390706744
new_preds,OFT-0323-00,slow,3.425222589767069,1997,1.7594807485713424,0.8565840453018897,0.4868391120490611,0.5176739771640776,0.480781728740651
new_preds,OFT-0323-00,medium,4.241529471940158,1998,1.9097430948721081,0.9145703195506251,0.4788970422285371,0.5077965158857486,0.4569515954100446
new_preds,OFT-0323-00,fast,5.17133993213055,1999,1.9945392120158014,0.8336694871045408,0.41797598266417846,0.44561131781233515,0.4029668312672242
new_preds,OFT-0324-00,fast,5.2340014311421985,2000,1.8480954980785258,0.9271905939680783,0.5017005857825437,0.5373383081452856,0.49655674743433825
new_preds,OFT-0324-00,slow,3.4245839488997882,2001,1.836569332034641,0.8108081708502228,0.44147975070016554,0.47484970117495795,0.41509111703592494
new_preds,OFT-0324-00,medium,4.324860481316273,2002,1.7890129229443967,0.8835893616900179,0.49389769652182675,0.5235600612170765,0.4699192309474197
new_preds,OFT-0325-00,fast,5.03090251690436,2003,1.7264155569767132,0.8949953785440531,0.5184124847156514,0.5540258552582088,0.49621664279962097
new_preds,OFT-0325-00,medium,4.026624794356366,2004,1.7338506023003741,0.8022427285225253,0.4626942641183476,0.5056014326777847,0.42835118322304844
new_preds,OFT-0325-00,slow,3.133098348572885,2005,1.6204205080237475,0.8916705122593445,0.5502710610265104,0.5978151126631873,0.5545150024993767
new_preds,OFT-0326-00,fast,4.676828232446272,2006,1.8698378673793705,0.9744079734303173,0.5211189646062613,0.5596765244420484,0.4725979685303712
new_preds,OFT-0326-00,slow,2.96178273181035,2007,1.7917480925213212,0.871601323359768,0.48645304939784456,0.531773746213473,0.46318756103403336
new_preds,OFT-0326-00,medium,3.742412699731687,2008,1.5721381390427758,0.8661663812038706,0.5509480113059603,0.5712540428912776,0.5371289895734503
new_preds,OFT-0327-00,medium,4.407154596754611,2009,1.9633005310031664,0.9052988166223284,0.4611106666179923,0.46138164795081876,0.45911940926513467
new_preds,OFT-0327-00,slow,3.3796716864765655,2010,1.7332114028673185,0.9444117591671827,0.5448912680846698,0.5855890551244367,0.5341390473285943
new_preds,OFT-0327-00,fast,5.6368130689404286,2011,1.8867473367152512,0.8910646881539166,0.47227557755837263,0.4991127773557826,0.45718353311519816
new_preds,OFT-0328-00,fast,6.259273297543829,2012,1.9515803178500764,0.8788808791615527,0.4503431763083961,0.4696462446098843,0.4564330647241197
new_preds,OFT-0328-00,medium,5.134463994057187,2013,1.9125140438699058,0.8754403931018223,0.4577432494719877,0.4885322505690558,0.4340632397110351
new_preds,OFT-0328-00,slow,3.938593264757507,2014,1.7671408293762632,0.9728877226379081,0.5505434012190767,0.5956357601141714,0.5091838041052746
new_preds,OFT-0329-00,fast,5.201064383091208,2015,1.9304375663611517,0.8928261901569108,0.46249938651985306,0.4966442612087197,0.4504368136299545
new_preds,OFT-0329-00,medium,4.112203369946747,2016,1.7128643915004442,0.8942416538983742,0.5220738187656709,0.5657395867245372,0.49532715076949274
new_preds,OFT-0329-00,slow,3.264839179406137,2017,1.4449073680960394,0.9132611927310248,0.6320551842257078,0.6878958265863964,0.6023171396896443
new_preds,OFT-0330-00,fast,5.2715198471987295,2018,1.683096489623339,0.8773639718297032,0.5212796635480174,0.5311847899353359,0.5106012266474527
new_preds,OFT-0330-00,medium,4.182682821994549,2019,2.0236527665978894,0.7800693317690754,0.3854758803707748,0.42930872660718783,0.3651912557369189
new_preds,OFT-0330-00,slow,3.361344996150717,2020,1.6497670886064326,0.7785296246131526,0.47190274917581293,0.5096814126227736,0.4599677743397398
new_preds,OFT-0331-00,fast,5.830421880148689,2021,2.160154031960488,0.8387994204511623,0.3883053745430803,0.4069535873397966,0.38090556977369017
new_preds,OFT-0331-00,slow,3.4961510375763893,2022,1.6042742648724837,0.8381656829631996,0.5224578498301982,0.5660359629941685,0.47320176051283686
new_preds,OFT-0331-00,medium,4.628226565921201,2023,1.7813909450495502,0.7679803870548376,0.43111277128080155,0.47676104770126015,0.4082680512422594
new_preds,OFT-0332-00,medium,4.248774244705252,2024,1.4993640969159936,0.8990804319977549,0.5996411637753979,0.6548699696152851,0.5730142676139776
new_preds,OFT-0332-00,fast,5.445028419023559,2025,1.4941470660012102,0.8299137382802544,0.5554431402133357,0.5771159641801666,0.5440295564976501
new_preds,OFT-0332-00,slow,3.1859147813777096,2026,1.5161657934257036,0.8127458434456934,0.5360534098380715,0.5733436982315492,0.5029164052334737
new_preds,OFT-0333-00,fast,4.408085384285612,2027,1.8306886115781853,0.8900760389518411,0.48619739770191256,0.5171018555623286,0.48217868226203925
new_preds,OFT-0333-00,slow,3.122215660734302,2028,1.508179083787595,0.8908975225572602,0.5907107001642585,0.6279516449969348,0.5975547918822022
new_preds,OFT-0333-00,medium,3.6726133106950485,2029,1.650130513095676,0.8104444949571483,0.4911396332140657,0.5191780698598057,0.47267333756957
new_preds,OFT-0334-00,fast,5.102064031536896,2030,1.4559536346056365,0.9335780140906212,0.6412141100519954,0.6608218741889319,0.619845820137263
new_preds,OFT-0334-00,slow,3.093239353398856,2031,1.7546990563990852,0.8513271377240875,0.4851698840433316,0.5134651113809863,0.45163813702579714
new_preds,OFT-0334-00,medium,3.873422307090119,2032,1.864271811388795,0.8484635199041041,0.45511792578789173,0.4959597221878221,0.4083221769211412
new_preds,OFT-0335-00,fast,5.203158203895366,2033,1.671161117164685,0.7386770507065681,0.4420142636874042,0.47683322336654954,0.41721557515915497
new_preds,OFT-0335-00,slow,3.3874232068379238,2034,1.4603472416699201,0.8118877537444411,0.5559552759630239,0.5990621028394512,0.5143525408694665
new_preds,OFT-0335-00,medium,4.1571285900102355,2035,1.675627349381407,0.9078605467922485,0.541803371213417,0.5963667804171059,0.5114713632556637
new_preds,OFT-0336-00,medium,5.1507386488987414,2036,1.868408435589967,0.8251428663886418,0.4416287416985973,0.47340726353909446,0.41237598027430583
new_preds,OFT-0336-00,fast,6.12531045891177,2037,1.606030967281399,0.9523233908875874,0.5929670163830204,0.6282518963404515,0.5670726267585241
new_preds,OFT-0336-00,slow,3.727448099779792,2038,1.97719083915218,0.782759821530014,0.39589492629131423,0.44622122084266475,0.3566708162720197
new_preds,OFT-0337-00,medium,4.541057154783232,2039,1.7637732154826558,0.8852839139548943,0.5019261581839118,0.5321612020176032,0.48287350199936807
new_preds,OFT-0337-00,fast,6.316985901554129,2040,1.657771718336306,0.9144633877769639,0.5516220222979157,0.5793946341720476,0.5452112164870333
new_preds,OFT-0337-00,slow,3.375460960525514,2041,1.652525698738384,0.8407502839193881,0.5087668437236749,0.5272558735336407,0.47556599724909016
new_preds,OFT-0338-00,fast,4.537141349878989,2042,1.7042587286047948,0.8457207006698038,0.49623961812544737,0.5533992859580764,0.4745534678452382
new_preds,OFT-0338-00,medium,3.6775989037344927,2043,1.7780889988584654,0.886203606282437,0.49840227730523073,0.5504497456394095,0.45224820762060036
new_preds,OFT-0338-00,slow,3.0910803626600534,2044,1.326574455526899,0.6853745806315392,0.5166499157103978,0.5237400908071587,0.5134326340654848
new_preds,OFT-0339-00,fast,5.0603228745657445,2045,1.9130694109863573,0.798247570116104,0.41726011901708077,0.47081323132200353,0.3979301352000303
new_preds,OFT-0339-00,slow,3.1439498021155723,2046,1.7403967648311023,0.8506637526894016,0.4887757607225584,0.5044512312314118,0.5081084966405829
new_preds,OFT-0339-00,medium,4.078186545563286,2047,1.661094997805221,0.8740781357907754,0.5262059887879268,0.547936026596737,0.5103957611989989
new_preds,OFT-0340-00,medium,4.400445423154358,2048,1.7321229072406696,0.6905096709252198,0.39864934990394246,0.4295198951159056,0.37889791670467965
new_preds,OFT-0340-00,fast,5.375995394865002,2049,2.0062294842851154,0.8475596743604296,0.42246397084650694,0.46261987647609626,0.3805252880730139
new_preds,OFT-0340-00,slow,3.3861286291463135,2050,1.4405603579045105,0.6437990596092513,0.44690877135182583,0.4787870120089157,0.436385591204806
new_preds,OFT-0341-00,fast,5.048116778124028,2051,1.851071135834429,0.882498916347924,0.4767504064343317,0.513407962219802,0.44802643193750713
new_preds,OFT-0341-00,slow,3.21532673465185,2052,1.4547316406318966,0.847595771108095,0.5826475120455358,0.6588156782671339,0.5373017962291663
new_preds,OFT-0341-00,medium,3.8296168415956697,2053,1.8102291343742274,0.9511051282346036,0.5254059335219948,0.5644358368012996,0.49562174753989063
new_preds,OFT-0342-00,fast,5.12028058864586,2054,1.5435560107363135,0.9247276479210197,0.5990891431791336,0.6213272228295763,0.5932660102505807
new_preds,OFT-0342-00,medium,4.049481705554146,2055,1.7586798250802211,0.9562195357803864,0.5437143942540928,0.5800185109167317,0.5429519547726787
new_preds,OFT-0342-00,slow,3.2964074761027153,2056,1.8043306393653307,0.875241246700846,0.48507808247866935,0.5406629521245895,0.47285600330844835
new_preds,OFT-0343-00,fast,5.573374949025648,2057,1.7385280273972539,0.9186475521920842,0.5284053738077431,0.5684204281653897,0.498002617871258
new_preds,OFT-0343-00,slow,3.4363903817773864,2058,1.8071259327195868,0.8841618575859691,0.48926410803887527,0.5455798321369288,0.4698705828411218
new_preds,OFT-0343-00,medium,4.404314400675542,2059,1.728649340877804,0.8139954571410962,0.4708852384878423,0.5300856217134371,0.4418233173850107
new_preds,OFT-0344-00,fast,5.285507967537993,2060,1.4489335044536549,0.8938231071942832,0.6168834556222885,0.6355568112983698,0.6037141491752561
new_preds,OFT-0344-00,medium,4.432182853320218,2061,1.746980656014134,0.8555604659784114,0.48973665680445255,0.5295186026307825,0.48226811054911417
new_preds,OFT-0344-00,slow,3.399379808424952,2062,1.6087896681795495,0.8216715394743459,0.5107389460078525,0.5165623754722021,0.5098250973341004
new_preds,OFT-0345-00,medium,4.013370285566508,2063,1.6118145187631852,0.8617954730702125,0.5346740974460916,0.5738069607043736,0.5010619237803476
new_preds,OFT-0345-00,fast,4.95931514190285,2064,1.4320592690520322,0.689216291141801,0.48127637314762506,0.5068852010877042,0.45715678500860174
new_preds,OFT-0345-00,slow,3.177024452325537,2065,1.864649360944207,0.7614270985954116,0.4083486764556345,0.43367966984493256,0.39042720814985143
new_preds,OFT-0346-00,fast,4.5906195823341145,2066,1.7761527103597832,0.9153599191154547,0.5153610462526257,0.5518637712174496,0.49927745958908254
new_preds,OFT-0346-00,slow,2.8080888161390654,2067,1.3559563711278295,0.7677139521120602,0.5661789482750885,0.5662339719445153,0.5707297500886255
new_preds,OFT-0346-00,medium,3.3841943426379038,2068,1.6502402018842348,0.8686099742646637,0.5263536624988834,0.5815036275674562,0.4647782660644605
new_preds,OFT-0347-00,medium,4.413238490048046,2069,2.0595775735762345,0.7966377276208895,0.3867966605587057,0.40006620675255594,0.372235553069342
new_preds,OFT-0347-00,slow,3.4838881436570968,2070,2.0312337966634413,0.8930114535797207,0.43963991493574256,0.4533016461345463,0.4169569562053115
new_preds,OFT-0347-00,fast,5.7330579293035475,2071,1.8786960269655821,0.8283535662652486,0.44091942196906775,0.4493160419894354,0.4425734820747258
new_preds,OFT-0348-00,medium,4.114900427476677,2072,1.6211940339615545,0.8950635334234192,0.5521014231937674,0.5748100135251409,0.5655445968906714
new_preds,OFT-0348-00,fast,4.901036620898217,2073,2.0598409601596863,0.8656970838569209,0.42027374957618524,0.4428973474991763,0.41004698001615114
new_preds,OFT-0348-00,slow,3.271838338899624,2074,1.893615044871324,0.8321191493862026,0.43943416674889546,0.4891417028174524,0.3947719492068683
new_preds,OFT-0349-00,fast,4.993055024730134,2075,1.647796693519966,0.867683232476253,0.5265717766569481,0.5705104891842757,0.49146736765558496
new_preds,OFT-0349-00,slow,3.3234256478918085,2076,1.5272766320091713,0.9173163082844662,0.6006222376870346,0.6531842340957432,0.5583804580366384
new_preds,OFT-0349-00,medium,3.993190141231717,2077,1.6445072314650426,0.8813899685144014,0.5359599226141422,0.5708382346777519,0.5022241683093098
new_preds,OFT-0350-00,medium,3.899973279940127,2078,1.407855630300948,0.7697489624794203,0.5467527677641749,0.5915300532559581,0.5416713756129744
new_preds,OFT-0350-00,fast,4.909388791845843,2079,1.4356977964524436,0.6501000095734834,0.4528111773799866,0.4780764489783116,0.4226102881021947
new_preds,OFT-0350-00,slow,3.101848820901483,2080,1.559659903202146,0.880617570212362,0.5646215360184367,0.5876270543870448,0.5109999482749825
new_preds,OFT-0351-00,fast,5.629958435277886,2081,2.032225996667282,0.8876909951655076,0.4368072235180846,0.4507301320017326,0.4155564379311747
new_preds,OFT-0351-00,medium,4.4948925148271375,2082,1.8807992475686184,0.9094914194174328,0.48356645218418043,0.5195896892384131,0.4632969387949077
new_preds,OFT-0351-00,slow,3.631221023814767,2083,1.6770863656979944,0.8051138259035291,0.48006700332838553,0.5121864635202953,0.4703858993370394
new_preds,OFT-0352-00,slow,3.3571846194240944,2084,1.7347990677493168,0.7874086206426072,0.4538903872390078,0.5141354288940221,0.42028864349290185
new_preds,OFT-0352-00,medium,4.423656858383992,2085,2.2278061453434,0.8076118101110173,0.3625144009047205,0.4068446332742449,0.3220864346837016
new_preds,OFT-0352-00,fast,5.424232497775137,2086,1.625897176911734,0.8796539410371185,0.5410267964841129,0.5654755638017992,0.5274439137041789
new_preds,OFT-0353-00,fast,5.213306728903402,2087,2.0811615516933597,0.8406266451763444,0.40392186012294884,0.4221272339240887,0.3853537795560053
new_preds,OFT-0353-00,slow,3.2597631278077066,2088,1.402032862799265,0.793009586667066,0.5656141219712655,0.6192659989244909,0.5303433280517665
new_preds,OFT-0353-00,medium,4.032119116814364,2089,1.727379544564754,0.8727888297450983,0.5052675496195099,0.5648216310521963,0.4767632277583646
new_preds,OFT-0354-00,fast,4.37890195934491,2090,1.7918239601478179,0.841337886370729,0.46954271462098446,0.5370785448118331,0.44234424007483364
new_preds,OFT-0354-00,medium,3.6200045023262897,2091,1.6806495819105223,0.8005621554377017,0.47634091249863153,0.5176190854896006,0.44113571259765394
new_preds,OFT-0354-00,slow,3.0708182309119114,2092,1.3284438561867316,0.8226339533510059,0.619246308016628,0.6462827571426435,0.613169875998011
new_preds,OFT-0355-00,fast,6.835427413671594,2093,2.300004373473287,0.8628315071327735,0.3751434201969767,0.40374951957031546,0.346379042224806
new_preds,OFT-0355-00,medium,4.927749220044576,2094,1.79001762000665,0.8161086010191709,0.4559221048428222,0.4852656948873558,0.44743775046944745
new_preds,OFT-0355-00,slow,3.498763076639425,2095,1.8772473986113989,0.8601742337178228,0.4582103745910604,0.4971224634962124,0.41675047062259624
new_preds,OFT-0356-00,fast,4.976009900491075,2096,2.093273621040456,0.891908648922743,0.42608316464592066,0.4572382265308983,0.3930304652752992
new_preds,OFT-0356-00,slow,3.2267580832261484,2097,1.4376354633860158,0.8989539628453961,0.6253003530728988,0.6578574850948891,0.618638688455637
new_preds,OFT-0356-00,medium,3.920666416802333,2098,1.6806501833757863,0.7680695183192461,0.4570073688841582,0.5014288432841031,0.4371183971340705
new_preds,OFT-0357-00,fast,5.541337588292885,2099,1.7539310924941607,0.9378150088575599,0.5346931888435532,0.5645624343044955,0.5038068215134703
new_preds,OFT-0357-00,slow,3.3777334442473594,2100,1.7056120817527458,0.9329566368342128,0.5469922773269021,0.6096665180389653,0.488440071744325
new_preds,OFT-0357-00,medium,4.293705093659491,2101,1.7337373986917752,0.7517169339418937,0.4335817722505819,0.4834834318834037,0.4300228532828007
new_preds,OFT-0358-00,slow,3.3499235137851313,2102,2.2802994798629794,0.6781482134584433,0.29739436396275126,0.3428910558420332,0.26887725376935634
new_preds,OFT-0358-00,fast,5.894141826321202,2103,2.1745421713984525,0.8347074129715947,0.38385432296987493,0.4273049918298326,0.38880882258350447
new_preds,OFT-0358-00,medium,4.4529162088343766,2104,2.0128240347483715,0.8727356914398854,0.433587674020888,0.4757837435968786,0.4004511088777334
new_preds,OFT-0359-00,fast,5.435419752612694,2105,1.8869461416190623,0.909955340276704,0.4822370496997504,0.515992590077107,0.451958530388954
new_preds,OFT-0359-00,medium,4.436670902161585,2106,1.5424670550254886,0.9146326304916568,0.5929673684191218,0.6320077823692966,0.5557267116578293
new_preds,OFT-0359-00,slow,3.602555550419625,2107,1.6374146766279074,0.9026822297451969,0.5512850486989533,0.5859576686846637,0.5220337503820882
