group,subject,speed_bin,model_index,peak_log_gain,peak_frequency,peak_stride_multiple,mean_log_gain,band_0p75_2x_log_gain
Cntnap_het,OFT-0366-00,slow,1,2.1361752034014088,3.9325842696629216,1.3174157303370786,1.6122621303493834,1.8618095457026373
Cntnap_het,OFT-0366-00,fast,2,2.132177621844181,5.6965714363397835,1.6376404494382022,1.555219950605547,1.7410900635195963
Cntnap_het,OFT-0366-00,medium,3,2.1536639697204985,4.763411932267764,1.6910112359550562,1.5845428059093418,1.745757470987604
Cntnap_het,OFT-0371-00,fast,4,2.1135387043286293,5.194326763676552,1.5842696629213484,1.5942373217340737,1.8110115469323038
Cntnap_het,OFT-0371-00,medium,5,2.1566269894670174,3.8747521480502316,1.3174157303370786,1.6216632382265932,1.8625756492303485
Cntnap_het,OFT-0371-00,slow,6,2.1184654043694278,3.160112359550562,1.2640449438202248,1.717074447211834,1.9421225004312381
Cntnap_het,OFT-0376-00,fast,7,2.1852155247050007,5.830310537025569,1.851123595505618,1.6173493347318497,1.8279156282623419
Cntnap_het,OFT-0376-00,slow,8,2.3929433743833832,3.5603932584269664,1.4241573033707866,1.7234809651917837,1.947651624605283
Cntnap_het,OFT-0376-00,medium,9,2.3269407149207773,4.283179859761764,1.4241573033707866,1.6270249421230207,1.8183769695437095
Cntnap_het,OFT-0385-00,medium,10,2.5075003040253185,4.153898535921008,1.3707865168539326,1.6551125327823872,1.8407864775667755
Cntnap_het,OFT-0385-00,fast,11,2.1258635490418216,4.809777252119061,1.3707865168539326,1.5508511926390813,1.7781277070422734
Cntnap_het,OFT-0385-00,slow,12,2.2332394857511306,3.6516853932584277,1.4241573033707866,1.6635399737247463,1.9286930379635994
Cntnap_het,OFT-0391-00,slow,13,2.033129773279923,5.36732929991357,1.7443820224719102,1.5901373992148327,1.8507331908267177
Cntnap_het,OFT-0391-00,fast,14,2.1990273606525457,5.682800345721694,1.4775280898876404,1.5602614312622765,1.7582393099578153
Cntnap_het,OFT-0391-00,medium,15,2.1240028418604178,5.544299134278873,1.6910112359550562,1.5610903476180984,1.7987721884990475
Cntnap_het,OFT-0403-00,medium,16,2.092662171671658,5.138322013331863,1.5842696629213484,1.5604206531208165,1.7360622061492477
Cntnap_het,OFT-0403-00,fast,17,2.236742139421689,5.7942278034809425,1.4775280898876404,1.5137393462216662,1.7065736957343554
Cntnap_het,OFT-0403-00,slow,18,2.089734178506182,5.282711127220007,1.6376404494382022,1.6093194712635113,1.815288490320494
Cntnap_het,OFT-0407-00,fast,19,2.2226493490545502,5.306491261547441,1.3707865168539326,1.5681518010508217,1.7905298775897531
Cntnap_het,OFT-0407-00,medium,20,2.2402370081629575,4.950842696629214,1.5842696629213484,1.5951787372065471,1.8078469771034396
Cntnap_het,OFT-0407-00,slow,21,2.077891220451206,4.213483146067416,1.2640449438202248,1.606240275803561,1.817910583528957
Cntnap_het,OFT-0419-00,fast,22,2.142542341551538,5.414057223552527,1.6376404494382022,1.5794117806909447,1.7591067700340306
Cntnap_het,OFT-0419-00,slow,23,2.114141698129709,4.3488253319714,1.4241573033707866,1.6486159327511956,1.8579030561640046
Cntnap_het,OFT-0419-00,medium,24,2.1141780279991207,5.499170378920411,1.5842696629213484,1.568719459190011,1.7819432935116737
Cntnap_het,OFT-0420-00,medium,25,2.330922077455774,4.9344583332631125,1.4241573033707866,1.6330359247961979,1.8653088856994067
Cntnap_het,OFT-0420-00,fast,26,2.2854244071050616,5.41953549604348,1.5308988764044944,1.5733010717581908,1.7990572896062809
Cntnap_het,OFT-0420-00,slow,27,2.204394767713924,4.747191011235955,1.4241573033707866,1.5370785635094653,1.789641080188206
Cntnap_het,OFT-0421-00,slow,28,2.234550077523421,5.088336976968834,1.6910112359550562,1.6614822592629057,1.900972091393146
Cntnap_het,OFT-0421-00,fast,29,2.281509750903053,6.026162948488302,1.3707865168539326,1.5106163330137172,1.7361758891234176
Cntnap_het,OFT-0421-00,medium,30,2.098419438629367,5.460557116104869,1.6910112359550562,1.612125227121613,1.7904372290727446
Cntnap_het,OFT-0423-00,slow,31,2.04392633602344,5.444481163251818,1.851123595505618,1.6504706582724689,1.8639264627348309
Cntnap_het,OFT-0423-00,fast,32,2.0789541132712057,5.477528089887642,1.4241573033707866,1.55117383448982,1.7528107993733837
Cntnap_het,OFT-0423-00,medium,33,2.0102318159325545,5.537720706260032,1.7443820224719102,1.5754126412164655,1.791943586553255
Cntnap_het,OFT-0425-00,slow,34,2.3439789056522002,3.659488139825218,1.3174157303370786,1.6470481873471947,1.9451997636782594
Cntnap_het,OFT-0425-00,medium,35,2.2569551212317536,4.831460674157303,1.6910112359550562,1.641240420768746,1.8450991901777731
Cntnap_het,OFT-0425-00,fast,36,2.058537214006528,5.467495987158909,1.5308988764044944,1.5536083669894472,1.7562027185549873
Cntnap_het,OFT-0428-00,slow,37,1.9888375315834979,5.094924447888415,1.4775280898876404,1.5889745662916646,1.777056489270285
Cntnap_het,OFT-0428-00,medium,38,2.1118645573592305,6.093344857389802,1.5842696629213484,1.5457759748046653,1.7490433825282414
Cntnap_het,OFT-0428-00,fast,39,2.3037547905400815,6.590319792566984,1.3707865168539326,1.4498246786032607,1.6857559617362783
Cntnap_het,OFT-0430-00,fast,40,2.0647346510903417,6.07203324611359,1.4775280898876404,1.5206871537553963,1.7503736447240035
Cntnap_het,OFT-0430-00,medium,41,2.1026509846449573,5.280898876404495,1.5842696629213484,1.5688012184005424,1.7371053895959763
Cntnap_het,OFT-0430-00,slow,42,2.125297351823305,5.223525468639085,1.797752808988764,1.5908751571120385,1.7788051179884459
Cntnap_het,OFT-0431-00,medium,43,2.38556330203466,4.546240276577356,1.4775280898876404,1.635690487739553,1.8945074113020568
Cntnap_het,OFT-0431-00,slow,44,2.336812478924387,4.18227215980025,1.3174157303370786,1.5984196290960282,1.8243768741225517
Cntnap_het,OFT-0431-00,fast,45,2.338811424584471,5.1787538304392235,1.4241573033707866,1.5737858257919952,1.8104940380425119
Cntnap_het,OFT-0432-00,fast,46,2.1820091304344587,5.276886035313002,1.4775280898876404,1.55291807845057,1.7637499859129022
Cntnap_het,OFT-0432-00,slow,47,2.1179423290602837,4.2956245782609725,1.3707865168539326,1.620122317403328,1.8784359162474624
Cntnap_het,OFT-0432-00,medium,48,2.1645945568961937,5.325659998173015,1.6376404494382022,1.6189253898279703,1.8499307238951999
Cntnap_het,OFT-0434-00,medium,49,2.1654015849115784,5.384063808727651,1.6376404494382022,1.5653065414010119,1.7964268955196643
Cntnap_het,OFT-0434-00,fast,50,2.1774775847723578,5.595047007567072,1.3707865168539326,1.5308444498352707,1.737083331320487
Cntnap_het,OFT-0434-00,slow,51,2.3790478072996697,4.3095801301005325,1.6376404494382022,1.653146514316674,1.8702647732548014
Cntnap_het,OFT-0436-00,fast,52,2.0778572113733924,5.002937504589851,1.5308988764044944,1.5819576101250483,1.7738431951666447
Cntnap_het,OFT-0436-00,slow,53,2.2682009690505422,4.6869131486298174,1.5308988764044944,1.7393031345613856,1.9334440493627
Cntnap_het,OFT-0436-00,medium,54,2.133656884684491,4.85999643303014,1.5308988764044944,1.5922240022036207,1.8012096025769757
Cntnap_het,OFT-0439-00,fast,55,2.2822238603022016,5.094924447888415,1.4775280898876404,1.6595725519909974,1.9444846056838092
Cntnap_het,OFT-0439-00,slow,56,2.540818643803158,4.0886392009987516,1.103932584269663,1.7133977431795537,1.9340167224668283
Cntnap_het,OFT-0439-00,medium,57,2.2167915792098207,5.094924447888415,1.4775280898876404,1.6852331423558493,1.8685387071395936
Cntnap_het,OFT-0442-00,fast,58,2.2981419179557534,5.7942278034809425,1.4775280898876404,1.5823215738298333,1.7789208972808237
Cntnap_het,OFT-0442-00,medium,59,2.28613925655046,5.526522079958192,1.5842696629213484,1.6199915659076742,1.8227211198481665
Cntnap_het,OFT-0442-00,slow,60,2.280427699881538,5.1176264044943816,1.6376404494382022,1.6353199956415208,1.8324797613176476
Cntnap_het,OFT-0443-00,fast,61,2.265652490374663,5.558840922531047,1.5842696629213484,1.623438345199448,1.8400985672471455
Cntnap_het,OFT-0443-00,slow,62,2.6299992353531123,4.421891989851395,1.3707865168539326,1.6756941353511932,1.9564810157205943
Cntnap_het,OFT-0443-00,medium,63,2.5463551210707065,4.686792006777034,1.3707865168539326,1.6151804779144543,1.821687118388174
Cntnap_het,OFT-0444-00,fast,64,2.081609464458145,5.513096454107691,1.4241573033707866,1.5669354449618575,1.7775964853239734
Cntnap_het,OFT-0444-00,medium,65,2.2090024125628682,4.925093632958801,1.4775280898876404,1.6295119023757252,1.831276862619977
Cntnap_het,OFT-0444-00,slow,66,2.3909297804490843,4.5949585490047555,1.3707865168539326,1.6683430576156955,1.9885999736759814
Cntnap_het,OFT-0446-00,fast,67,2.1708745229082305,5.566905005107253,1.5308988764044944,1.5529236574055834,1.7192528005691947
Cntnap_het,OFT-0446-00,medium,68,2.1021848553342397,4.816589557171183,1.6376404494382022,1.6062571148002283,1.7820645085972868
Cntnap_het,OFT-0446-00,slow,69,1.9901243348366686,4.153898535921008,1.3707865168539326,1.5847235051897486,1.8394954029504484
Cntnap_het,OFT-0447-00,fast,70,2.240906213433774,5.611765341400173,1.4775280898876404,1.60563794225476,1.8363279046419587
Cntnap_het,OFT-0447-00,medium,71,2.3379063187858193,4.912921348314606,1.6376404494382022,1.6357005702413312,1.881234429377829
Cntnap_het,OFT-0447-00,slow,72,2.4669204779142992,4.183326159840521,1.3174157303370786,1.6797197022355694,1.9597004602761467
Cntnap_het,OFT-0448-00,fast,73,2.259536190061048,5.584930601454065,1.4241573033707866,1.570796916108937,1.8239124187170526
Cntnap_het,OFT-0448-00,slow,74,2.3532332261530975,4.31939583717075,1.3174157303370786,1.6613076905661153,1.9026250205161734
Cntnap_het,OFT-0448-00,medium,75,2.161806988802044,5.205518418432656,1.3707865168539326,1.5669490794501593,1.7833180174867203
Cntnap_het,OFT-0450-00,fast,76,2.474707978044516,5.48314606741573,1.3707865168539326,1.6109513421757622,1.786583653759541
Cntnap_het,OFT-0450-00,slow,77,2.538676765213981,4.705503470979746,1.4775280898876404,1.6346554477651232,1.8613227337785836
Cntnap_het,OFT-0450-00,medium,78,2.3078760925704525,5.094924447888415,1.4775280898876404,1.6294347126283868,1.811940173779147
Cntnap_het,OFT-0452-00,fast,79,2.336079000820433,6.302466744156011,1.3707865168539326,1.5344422770629882,1.7627119196497971
Cntnap_het,OFT-0452-00,slow,80,2.264570172927967,4.940172187363198,1.3707865168539326,1.5889463094733571,1.8226282746728446
Cntnap_het,OFT-0452-00,medium,81,2.2927878171602263,5.3856624712176036,1.5842696629213484,1.6074049931675698,1.798053321762004
Cntnap_het,OFT-0454-00,medium,82,2.106116078961909,4.470015900840062,1.5308988764044944,1.6931526921438433,1.8819604931281504
Cntnap_het,OFT-0454-00,slow,83,2.690403020837332,4.5428055716262525,1.851123595505618,1.7553488068387233,1.9039112891137184
Cntnap_het,OFT-0454-00,fast,84,2.091385791580298,4.689532820816085,1.3707865168539326,1.6563724102107822,1.869533851937106
Cntnap_het,OFT-0492-00,slow,85,2.0076121640756437,4.137564530822957,1.5308988764044944,1.608597322562306,1.8683098291813653
Cntnap_het,OFT-0492-00,medium,86,2.0894227505310323,4.617275280898876,1.4775280898876404,1.602879242667555,1.8128627396150585
Cntnap_het,OFT-0492-00,fast,87,2.185544034165451,5.368289637952559,1.6910112359550562,1.5704096180246045,1.7642423170276398
Cntnap_het,OFT-0493-00,slow,88,2.0327387538902366,4.360375219049583,1.5842696629213484,1.6169860218108874,1.8433325125891589
Cntnap_het,OFT-0493-00,fast,89,2.16801647728751,5.4588014981273405,1.6376404494382022,1.542789860486162,1.6827085727710054
Cntnap_het,OFT-0493-00,medium,90,2.1217873859903884,5.41123595505618,1.6910112359550562,1.5773723016280963,1.8166896175437244
Cntnap_het,OFT-0494-00,slow,91,2.1096222943176146,4.400749063670412,1.5842696629213484,1.6187176015626688,1.8316076215173267
Cntnap_het,OFT-0494-00,medium,92,2.2047680639920584,5.240449438202248,1.6376404494382022,1.6155558787415256,1.8068366895280286
Cntnap_het,OFT-0494-00,fast,93,2.1589993000224483,5.467495987158908,1.5308988764044944,1.534164336711344,1.7511371293963804
Cntnap_het,OFT-0496-00,medium,94,2.3695778342673557,4.651685393258427,1.7443820224719102,1.6252967379484056,1.7634785884911464
Cntnap_het,OFT-0496-00,slow,95,2.297876969383824,4.220553576322281,1.7443820224719102,1.661507166732916,1.8950878439400984
Cntnap_het,OFT-0496-00,fast,96,2.06827704828104,5.558840922531047,1.5842696629213484,1.5661589583489801,1.730957401207811
Cntnap_het,OFT-0498-00,fast,97,2.0911042109191724,5.510919880095434,1.5842696629213484,1.5970591248167179,1.7793105741145745
Cntnap_het,OFT-0498-00,medium,98,2.062697153739512,4.784058988764045,1.5308988764044944,1.6174220623802424,1.7954970252580085
Cntnap_het,OFT-0498-00,slow,99,2.128706010051508,4.252099471933375,1.4775280898876404,1.5193624448146743,1.7433873971594245
Cntnap_het,OFT-0499-00,fast,100,2.1984368364888027,5.635422693178242,1.5308988764044944,1.5385500066541442,1.719128934114723
Cntnap_het,OFT-0499-00,medium,101,2.2024680974505446,4.827651875833174,1.4241573033707866,1.6039133406521258,1.795240045722208
Cntnap_het,OFT-0499-00,slow,102,2.1271944700891305,4.694389914275286,1.5842696629213484,1.667872609505191,1.8891010553388765
Cntnap_het,OFT-0500-00,fast,103,2.1989465701291797,5.472326258843112,1.4775280898876404,1.5369748606472078,1.7280823101188827
Cntnap_het,OFT-0500-00,medium,104,3.211661417012315,1.5093101743181574,0.46348314606741575,1.6675599924919244,1.8076376785725385
Cntnap_het,OFT-0500-00,slow,105,2.1188084884759655,4.21780466724287,1.3707865168539326,1.6091416478012053,1.8307815777606375
Cntnap_het,OFT-0501-00,slow,106,2.1553285819749384,3.520950374531835,1.3174157303370786,1.6783382365216817,1.9738171428033562
Cntnap_het,OFT-0501-00,medium,107,2.3925898927218205,4.524934069745376,1.5308988764044944,1.6599824990612262,1.8620436304040398
Cntnap_het,OFT-0501-00,fast,108,2.1009999052822694,5.544299134278873,1.6910112359550562,1.5682767933514037,1.7665563271034128
Cntnap_het,OFT-0502-00,fast,109,2.1248704610058344,5.53336943278733,1.5308988764044944,1.5584649240915713,1.7639671323099677
Cntnap_het,OFT-0502-00,medium,110,2.2090515123368877,5.102996254681648,1.5308988764044944,1.596328898109159,1.7406690679531682
Cntnap_het,OFT-0502-00,slow,111,2.042249436446905,9.253611556982344,3.2387640449438204,1.603379601420936,1.831238564622559
Cntnap_het,OFT-0503-00,fast,112,2.183007627649457,5.05995558372935,1.4241573033707866,1.6430171221994017,1.8931029519681828
Cntnap_het,OFT-0503-00,slow,113,2.1053338666636487,4.230171947354737,1.6910112359550562,1.6920703712312928,1.8855716745402722
Cntnap_het,OFT-0503-00,medium,114,2.2851754031034544,4.764990166633636,1.5842696629213484,1.647524524918867,1.8848512810495368
Cntnap_het,OFT-0505-00,slow,115,2.2441437446453043,4.158345067386994,1.4241573033707866,1.6871464617580134,1.9411613831182783
Cntnap_het,OFT-0505-00,fast,116,2.399454496835694,4.6317120125490945,1.4241573033707866,1.6282262876144962,1.8329981272788205
Cntnap_het,OFT-0505-00,medium,117,2.2451009260179373,4.569847392252222,1.5308988764044944,1.632540540827369,1.889518009988469
Cntnap_het,OFT-0506-00,medium,118,2.06905752550595,5.313388013831142,1.6910112359550562,1.5371252334864447,1.71791739610069
Cntnap_het,OFT-0506-00,fast,119,2.1166119289762144,5.640226944042719,1.4241573033707866,1.5278512622977272,1.7375399485498126
Cntnap_het,OFT-0506-00,slow,120,2.0809246620067032,4.316619151433843,1.4241573033707866,1.6236553458489311,1.8186858198536862
Cntnap_het,OFT-0507-00,fast,121,2.1314793367927862,5.5755776976892095,1.4775280898876404,1.5246392843327357,1.7494885642376488
Cntnap_het,OFT-0507-00,slow,122,2.163412273317923,4.382022471910113,1.4241573033707866,1.654912539166221,1.8594347225908967
Cntnap_het,OFT-0507-00,medium,123,2.21296856740894,5.1176264044943816,1.6376404494382022,1.6259558768902196,1.7797427452101415
Cntnap_het,OFT-0508-00,fast,124,2.12959088881395,5.39881466847759,1.6376404494382022,1.6040959885039772,1.8586039156333154
Cntnap_het,OFT-0508-00,slow,125,2.313538854502648,3.668709567585972,1.2106741573033708,1.6423432900440966,1.8958710279802857
Cntnap_het,OFT-0508-00,medium,126,2.448899044313648,4.6467339554370595,1.3707865168539326,1.6354151629718088,1.8563761358577762
Cntnap_het,OFT-0510-00,fast,127,2.075539849130324,5.307623283395756,1.4241573033707866,1.5922371917481137,1.7889087739550278
Cntnap_het,OFT-0510-00,slow,128,2.060768348516924,4.51493559879419,1.851123595505618,1.6552231058992861,1.7833423826795372
Cntnap_het,OFT-0510-00,medium,129,2.1481968333571557,5.37157500492805,1.5308988764044944,1.612969480106265,1.8406745773502138
Cntnap_het,OFT-0511-00,fast,130,2.0568607753434645,5.544371106097665,1.4775280898876404,1.5577803045406164,1.7720294235014253
Cntnap_het,OFT-0511-00,slow,131,2.36380485095595,4.49438202247191,1.3707865168539326,1.6014797959018539,1.8597597159782082
Cntnap_het,OFT-0511-00,medium,132,2.061906276377952,5.282711127220007,1.6376404494382022,1.611274113420536,1.8162999040372874
Cntnap_het,OFT-0516-00,slow,133,2.2066527338446997,3.7048284239295475,1.3707865168539326,1.6458496522507813,1.8809408258659448
Cntnap_het,OFT-0516-00,fast,134,2.35159007883387,4.763411932267764,1.6910112359550562,1.5804924538066358,1.7503974614918094
Cntnap_het,OFT-0516-00,medium,135,2.16493976562704,4.218326230143356,1.5308988764044944,1.6259248034679634,1.8262330645000169
Cntnap_het,OFT-0519-00,slow,136,2.0078035357094297,5.525742076136173,1.851123595505618,1.615976587671207,1.8485075589560538
Cntnap_het,OFT-0519-00,fast,137,2.1792390018249663,5.796108522882982,1.5842696629213484,1.519344424539895,1.674132732774913
Cntnap_het,OFT-0519-00,medium,138,2.032939197477425,5.544299134278873,1.6910112359550562,1.568307120802619,1.75107582227835
Cntnap_het,OFT-0520-00,medium,139,2.00702501441859,5.551323557417635,1.6376404494382022,1.5769167631087841,1.7935818578654834
Cntnap_het,OFT-0520-00,fast,140,2.0596929269638022,5.147556518207663,1.4241573033707866,1.5473093929223334,1.7970828898303897
Cntnap_het,OFT-0520-00,slow,141,2.4653878853964217,4.3456708526107075,1.4775280898876404,1.669653291980546,1.9095386960164031
Cntnap_het,OFT-0523-00,slow,142,2.1369855797237167,3.2284644194756553,1.2106741573033708,1.6953346435757228,1.9465543283891344
Cntnap_het,OFT-0523-00,fast,143,2.1246089541407613,5.514167073766488,1.6910112359550562,1.5669934631675393,1.8093733219965018
Cntnap_het,OFT-0523-00,medium,144,2.1861828990185477,4.281809899787428,1.5842696629213484,1.6263284323259388,1.844908735171283
Cntnap_het,OFT-0529-00,medium,145,2.1345801898282066,3.7799972256901095,1.5308988764044944,1.677525589189602,1.879564474971107
Cntnap_het,OFT-0529-00,fast,146,2.1599901900279797,4.659616655651025,1.5842696629213484,1.6337310778566565,1.7979652453527262
Cntnap_het,OFT-0529-00,slow,147,2.2264586866697904,3.436111836948001,1.4775280898876404,1.7517084561579153,2.024490918405093
Cntnap_het,OFT-0534-00,fast,148,2.2399459335406147,5.805529527702163,1.5308988764044944,1.5683219100560308,1.7843396160717073
Cntnap_het,OFT-0534-00,medium,149,2.1247604081197373,4.3587756683456025,1.2640449438202248,1.6141259805079442,1.820808984137523
Cntnap_het,OFT-0534-00,slow,150,2.059075411254258,4.31770554663813,1.3707865168539326,1.5811838981591377,1.8155348851240747
Cntnap_het,OFT-0539-00,fast,151,2.0248868169798713,4.7906026557711945,1.3174157303370786,1.5473048709606327,1.7977622588482824
Cntnap_het,OFT-0539-00,slow,152,2.3166933394479985,4.27247191011236,1.4241573033707866,1.6850230190401128,1.9705820475240265
Cntnap_het,OFT-0539-00,medium,153,2.106860305858386,5.37040563702152,1.5842696629213484,1.6239833697422306,1.8351301491763476
Cntnap_het,OFT-0542-00,fast,154,2.9803471519505167,1.6946030576533433,0.5168539325842697,1.6228775315291184,1.8250259955925416
Cntnap_het,OFT-0542-00,medium,155,2.2477767366269474,4.064333300188923,1.5308988764044944,1.656479400630509,1.8556662005120226
Cntnap_het,OFT-0542-00,slow,156,2.201992804693004,3.8084661614841915,1.6376404494382022,1.6951564291319154,1.9495469368705935
Cntnap_het,OFT-0586-00,slow,157,2.2237382313427756,4.069020866773676,1.4241573033707866,1.6442683562349936,1.8904050143739295
Cntnap_het,OFT-0586-00,medium,158,2.1021846222801153,5.282711127220007,1.6376404494382022,1.5496148219344077,1.7705429646615638
Cntnap_het,OFT-0586-00,fast,159,2.259527149563625,5.557242635894322,1.3707865168539326,1.53129431316694,1.7370353481181378
Cntnap_het,OFT-0597-00,medium,160,2.3127945506053678,4.536245573191544,1.5308988764044944,1.6228351439145554,1.8249704015310417
Cntnap_het,OFT-0597-00,fast,161,2.245969281667644,5.138322013331863,1.5842696629213484,1.5781006367904187,1.758929090317134
Cntnap_het,OFT-0597-00,slow,162,2.404995517381038,3.61717585459647,1.2106741573033708,1.6702738223477003,1.951850193974261
Cntnap_het,OFT-0607-00,medium,163,2.2057567085346372,4.359665214400367,1.4241573033707866,1.6276959450252255,1.8830974006318808
Cntnap_het,OFT-0607-00,fast,164,2.2207348432160896,5.377207062600321,1.3174157303370786,1.5289861919061025,1.791502508882992
Cntnap_het,OFT-0607-00,slow,165,2.4592439456179402,3.788533563814463,1.4775280898876404,1.7132621894544047,1.98084125423396
Cntnap_het,OFT-0611-00,fast,166,2.4496642744560266,5.669995838535164,1.5308988764044944,1.593436422167265,1.8060746081069892
Cntnap_het,OFT-0611-00,medium,167,2.47276110106534,4.502643754130866,1.5308988764044944,1.6432031805298717,1.8771590271784688
Cntnap_het,OFT-0611-00,slow,168,2.2673251860850083,4.175178753830439,1.5308988764044944,1.6877843447605194,1.9446088805142054
Cntnap_het,OFT-0641-00,slow,169,2.0388876768634203,3.7177792465300734,1.2640449438202248,1.6401914941104552,1.8760314640244327
Cntnap_het,OFT-0641-00,medium,170,2.0744054098469866,4.617275280898876,1.4775280898876404,1.5859860981866882,1.8012405787274437
Cntnap_het,OFT-0641-00,fast,171,2.0971871206157253,5.462998837659822,1.5842696629213484,1.5557907438788001,1.751245006799468
Cntnap_het,OFT-0643-00,slow,172,2.0736965018427895,4.351703228107723,1.3707865168539326,1.6142367611968182,1.8549458297785042
Cntnap_het,OFT-0643-00,medium,173,2.0514188889172855,5.36732929991357,1.7443820224719102,1.5985447905934258,1.7893179693774324
Cntnap_het,OFT-0643-00,fast,174,2.265905341334015,5.428857492490822,1.3707865168539326,1.5384033112431574,1.7614877576507009
Cntnap_het,OFT-0644-00,medium,175,1.961455327222605,4.678972712680578,1.6376404494382022,1.5762857854000296,1.7265939046343348
Cntnap_het,OFT-0644-00,fast,176,2.1033228241320674,5.597107724815498,1.7443820224719102,1.5576550844196997,1.7372039988183325
Cntnap_het,OFT-0644-00,slow,177,2.2563686733834496,3.660194195804347,1.3174157303370786,1.696153255436094,1.9456402217088606
Cntnap_het,OFT-0645-00,slow,178,2.838614030051614,1.163497840978455,0.4101123595505618,1.6727635902467866,1.8681244641957964
Cntnap_het,OFT-0645-00,fast,179,2.1586494325055625,5.566905005107253,1.5308988764044944,1.5423568902446319,1.69699641461428
Cntnap_het,OFT-0645-00,medium,180,2.0040942967981117,5.0477947341941976,1.6910112359550562,1.5908873962794103,1.7520236809761238
Cntnap_het,OFT-0652-00,medium,181,2.038161903907245,5.411582296323145,1.6910112359550562,1.5810045781272457,1.7710322562980463
Cntnap_het,OFT-0652-00,fast,182,2.182234710984573,5.447072738024838,1.3707865168539326,1.5238742851561389,1.7222115958919602
Cntnap_het,OFT-0652-00,slow,183,2.081979573571342,4.088608021192291,1.5842696629213484,1.5870285062393805,1.8260940795659761
Cntnap_het,OFT-0653-00,slow,184,2.1057980868320456,4.281809899787428,1.5842696629213484,1.6630814206910098,1.9180136628262365
Cntnap_het,OFT-0653-00,fast,185,2.079833131144606,5.282711127220007,1.6376404494382022,1.5980220928924025,1.745596406924537
Cntnap_het,OFT-0653-00,medium,186,2.1358666956110506,4.0919000503102465,1.3707865168539326,1.6101810834432695,1.8388562927167462
Cntnap_het,OFT-0654-00,medium,187,2.1508341087609253,5.276886035313001,1.4775280898876404,1.5688672573463225,1.7313034362678146
Cntnap_het,OFT-0654-00,fast,188,2.190145704608137,5.812886952533823,1.4241573033707866,1.4998880360776945,1.7188828251830561
Cntnap_het,OFT-0654-00,slow,189,2.2860362567224866,4.665878178592549,1.4775280898876404,1.5807195036543813,1.794813690005717
Cntnap_het,OFT-0656-00,fast,190,2.174834717430969,5.354722424659838,1.6376404494382022,1.5820916075192464,1.7979050697362982
Cntnap_het,OFT-0656-00,slow,191,2.2313775053347378,1.76992212400255,0.6769662921348315,1.6807294525910446,1.958277961842783
Cntnap_het,OFT-0656-00,medium,192,2.254620368126562,4.252496878901373,1.5308988764044944,1.6242668179408244,1.8704169751545487
Cntnap_het,OFT-0662-00,fast,193,2.137641038623547,1.3391647086483758,0.4101123595505618,1.6153976055560968,1.8264433230920178
Cntnap_het,OFT-0662-00,slow,194,2.1138872433308564,3.3433817484242256,1.3707865168539326,1.6904461753265425,1.9391380873110113
Cntnap_het,OFT-0662-00,medium,195,2.1701929811477236,3.7814800464936074,1.3707865168539326,1.624929454764742,1.8591474486556274
Cntnap_het,OFT-0664-00,fast,196,2.2070646419398683,5.477528089887641,1.4241573033707866,1.53194659456087,1.7486987316729523
Cntnap_het,OFT-0664-00,medium,197,2.0549001474550206,4.92532288891463,1.5842696629213484,1.5760987955324393,1.7826915073005731
Cntnap_het,OFT-0664-00,slow,198,2.300062201281651,3.7816599114121043,1.3707865168539326,1.6531321645465311,1.8982072305979558
Cntnap_het,OFT-0665-00,fast,199,2.0985836118901444,5.340131900341963,1.6376404494382022,1.5472916214941521,1.7298948159188654
Cntnap_het,OFT-0665-00,medium,200,2.853521942645708,13.972591079332654,4.679775280898877,1.7246939653936892,1.8880375464691608
Cntnap_het,OFT-0665-00,slow,201,2.147266382206669,3.7562843742619023,1.3707865168539326,1.6835523843922902,1.9128214455800945
Cntnap_het,OFT-0666-00,medium,202,2.2752422198832796,4.800817160367722,1.5842696629213484,1.6280672754265821,1.781798868759834
Cntnap_het,OFT-0666-00,fast,203,2.0989072888216844,5.166336197400308,1.3174157303370786,1.5302401889628283,1.74252710456144
Cntnap_het,OFT-0666-00,slow,204,2.1606370925125145,3.696930410413557,1.2106741573033708,1.6512318320236035,1.8705759544874536
Cntnap_het,OFT-0675-00,fast,205,2.2673877277900716,5.0227986876958495,1.4775280898876404,1.5688569690269463,1.755626564302127
Cntnap_het,OFT-0675-00,medium,206,2.1721476124439643,4.112359550561798,1.3707865168539326,1.6203696384324142,1.8499079279374187
Cntnap_het,OFT-0675-00,slow,207,2.2401152634941095,4.11692415730337,1.3174157303370786,1.661916168902932,1.8668090655194216
Cntnap_het,OFT-0676-00,fast,208,2.0699880531614476,5.372829417773238,1.4775280898876404,1.533677317210571,1.6912331956337552
Cntnap_het,OFT-0676-00,medium,209,2.114873340147663,5.537720706260032,1.7443820224719102,1.5973462386390531,1.8118423323010489
Cntnap_het,OFT-0676-00,slow,210,2.2390187368906105,4.351703228107723,1.3707865168539326,1.6246268438258262,1.8352451467739335
Cntnap_het,OFT-0685-00,fast,211,2.183515256909853,4.997043169722058,1.4241573033707866,1.5708019822712567,1.7565791575213692
Cntnap_het,OFT-0685-00,medium,212,2.2802190633174724,4.617275280898876,1.4775280898876404,1.6005106452913545,1.7825037100519094
Cntnap_het,OFT-0685-00,slow,213,2.0703565693477195,4.188697951090549,1.4241573033707866,1.635204651704529,1.878781872644725
Cntnap_het,OFT-0687-00,fast,214,2.1543972538784857,5.274656679151062,1.4241573033707866,1.5647469961736808,1.7875913298498656
Cntnap_het,OFT-0687-00,slow,215,2.202083594085284,3.7110302263016295,1.3174157303370786,1.634299744650566,1.87564507183382
Cntnap_het,OFT-0687-00,medium,216,2.1124506621918178,4.250756266205705,1.3707865168539326,1.5776281873683433,1.844517445069375
Cntnap_hom,OFT-0364-00,fast,217,2.097865470219896,7.332718430320309,1.6376404494382022,1.5027512079496754,1.7828365761021283
Cntnap_hom,OFT-0364-00,medium,218,2.1354035296460796,6.486340603657193,1.6376404494382022,1.5182535038458451,1.7587532399067782
Cntnap_hom,OFT-0364-00,slow,219,2.2160675171105817,5.282711127220007,1.6376404494382022,1.6233361491700973,1.791397870415063
Cntnap_hom,OFT-0367-00,fast,220,2.1223498620744166,6.788329182593921,1.6376404494382022,1.5582235071658994,1.844047206344071
Cntnap_hom,OFT-0367-00,slow,221,2.4861915085899526,4.966831714594046,1.4775280898876404,1.6720154031906573,1.84024480817529
Cntnap_hom,OFT-0367-00,medium,222,2.4959396691017113,5.73224147781375,1.6910112359550562,1.657536823043015,1.8560316833453143
Cntnap_hom,OFT-0374-00,fast,223,2.2776619424501896,7.200256009102547,1.2640449438202248,1.4480338618154456,1.7097779387870724
Cntnap_hom,OFT-0374-00,slow,224,2.230713737998941,4.866471258752647,1.6910112359550562,1.6505144661092108,1.9120233978091108
Cntnap_hom,OFT-0374-00,medium,225,2.178220045793937,5.523951978266161,1.4775280898876404,1.55482263677467,1.777114858728558
Cntnap_hom,OFT-0383-00,fast,226,2.2438024854381298,6.375751241181082,1.3707865168539326,1.5078862855737178,1.7355016991375096
Cntnap_hom,OFT-0383-00,medium,227,2.2716588338094197,5.45487495469373,1.6910112359550562,1.6130194072183457,1.7724825331129344
Cntnap_hom,OFT-0383-00,slow,228,2.1850889788976624,4.92646209465176,1.4775280898876404,1.6442772055372674,1.8673940572367917
Cntnap_hom,OFT-0388-00,slow,229,2.648244855109962,1.5127792144456782,0.5168539325842697,1.682941159996927,1.8245915615436583
Cntnap_hom,OFT-0388-00,medium,230,2.0557354530508936,6.015110422316932,1.7443820224719102,1.5355798828692677,1.7120918957577933
Cntnap_hom,OFT-0388-00,fast,231,2.229591894117916,7.045880149812733,1.6910112359550562,1.4835661806414293,1.7469223312250008
Cntnap_hom,OFT-0389-00,slow,232,2.0443275794644955,0.9193054136874362,0.30337078651685395,1.629992384400934,1.747679081030287
Cntnap_hom,OFT-0389-00,medium,233,2.0217747378344484,6.348314606741574,1.904494382022472,1.5188776200866054,1.5930622656484796
Cntnap_hom,OFT-0389-00,fast,234,2.049433323876264,6.888128969223254,1.5842696629213484,1.4463680364889142,1.6625243512934242
Cntnap_hom,OFT-0390-00,slow,235,2.0774386486620537,0.7936730123180291,0.25,1.6334493499210345,1.7670250031415762
Cntnap_hom,OFT-0390-00,medium,236,2.133219961102419,6.337078651685394,1.5842696629213484,1.514426885388343,1.7427154656576818
Cntnap_hom,OFT-0390-00,fast,237,2.1882768973973397,6.836392585305234,1.4241573033707866,1.473681280687619,1.6959149925628865
Cntnap_hom,OFT-0400-00,fast,238,2.2549069615197475,7.490636704119851,1.797752808988764,1.4954250547188948,1.699201304382009
Cntnap_hom,OFT-0400-00,medium,239,2.060967186179572,7.119976908563543,2.0112359550561796,1.5416680130845037,1.7406478331452808
Cntnap_hom,OFT-0400-00,slow,240,2.1627558566194267,5.102996254681648,1.5308988764044944,1.6093477960450906,1.7819870901061734
Cntnap_hom,OFT-0401-00,fast,241,2.1929840972228103,1.5288924558587478,0.35674157303370785,1.5464704848044133,1.7540376334000016
Cntnap_hom,OFT-0401-00,slow,242,2.162382979833813,4.966831714594046,1.4775280898876404,1.5812390751045344,1.7995265432557108
Cntnap_hom,OFT-0401-00,medium,243,2.212460841168238,5.537720706260032,1.7443820224719102,1.6069872786182517,1.7693454014788585
Cntnap_hom,OFT-0402-00,fast,244,2.5188330433680424,6.533086203720758,1.3174157303370786,1.4821185715295622,1.7278540094041113
Cntnap_hom,OFT-0402-00,slow,245,2.4761941057830517,5.219647467012612,1.5308988764044944,1.651789135697909,1.892185751657134
Cntnap_hom,OFT-0402-00,medium,246,2.408542440341625,6.348314606741574,1.904494382022472,1.5730481661780895,1.717242640114648
Cntnap_hom,OFT-0404-00,fast,247,2.231040137549456,6.18608117404265,1.5308988764044944,1.5439363165388877,1.8273482113475954
Cntnap_hom,OFT-0404-00,slow,248,2.185848853939824,4.421891989851395,1.3707865168539326,1.6856314984733975,1.9560744962125702
Cntnap_hom,OFT-0404-00,medium,249,2.2657523180085914,5.400919305413688,1.5842696629213484,1.6147489254633376,1.8545221714617044
Cntnap_hom,OFT-0405-00,fast,250,2.4693257411288445,5.568745912847037,1.5308988764044944,1.5895872998957783,1.7995115580126348
Cntnap_hom,OFT-0405-00,slow,251,2.0734755615591607,4.950842696629214,1.5842696629213484,1.5885245123922769,1.818327478595343
Cntnap_hom,OFT-0405-00,medium,252,2.1779532427740453,5.0388936905790835,1.6376404494382022,1.5984196125634489,1.796304673266793
Cntnap_hom,OFT-0406-00,fast,253,2.6519711130900654,6.003525005507821,1.5308988764044944,1.6198300518991393,1.8676445279075122
Cntnap_hom,OFT-0406-00,medium,254,2.446756669808875,5.276886035313002,1.4775280898876404,1.641166291907758,1.8725246152051214
Cntnap_hom,OFT-0406-00,slow,255,2.356360887129011,5.066983578219533,1.3174157303370786,1.5826042831601395,1.8439274332188966
Cntnap_hom,OFT-0416-00,fast,256,2.22341440737495,5.933988764044943,1.4241573033707866,1.541464937646175,1.8081106054256268
Cntnap_hom,OFT-0416-00,medium,257,2.301890882886902,5.215526895367502,1.4775280898876404,1.5918846100296093,1.8432659964251012
Cntnap_hom,OFT-0416-00,slow,258,2.293315878358445,5.278961642774118,1.5308988764044944,1.625228130580776,1.8469562483656075
Cntnap_hom,OFT-0417-00,fast,259,2.0469501095329776,5.55815401738393,1.4775280898876404,1.5495068517179729,1.7592595011318424
Cntnap_hom,OFT-0417-00,medium,260,2.4129067554418646,5.154167755422002,1.4775280898876404,1.5871775218233988,1.7974113071518345
Cntnap_hom,OFT-0417-00,slow,261,2.2121090246620736,4.458137006161652,1.3707865168539326,1.614521096429771,1.8220967105301453
Cntnap_hom,OFT-0418-00,fast,262,2.742096872606806,6.298617113223854,1.6376404494382022,1.5249881200641795,1.7632148060893986
Cntnap_hom,OFT-0418-00,slow,263,2.4336639358133616,10.006359974560102,2.651685393258427,1.7194569917212488,1.9179848687588312
Cntnap_hom,OFT-0418-00,medium,264,2.5321026728560962,5.776976892092431,1.5308988764044944,1.5910461301539789,1.8388071473960466
Cntnap_hom,OFT-0422-00,slow,265,2.0949007918961757,1.558708914603943,0.5702247191011236,1.6592715328525287,1.8360753439389883
Cntnap_hom,OFT-0422-00,medium,266,2.250242520285698,5.3856624712176036,1.5842696629213484,1.603731347636181,1.8184142646843402
Cntnap_hom,OFT-0422-00,fast,267,2.318754935549716,5.832524746824089,1.5308988764044944,1.5471838484479732,1.685373848786169
Cntnap_hom,OFT-0433-00,medium,268,2.113021103915421,5.368599974463739,1.7443820224719102,1.5773094207251255,1.7872162017836855
Cntnap_hom,OFT-0433-00,slow,269,2.268264294613574,4.224977865981189,1.5308988764044944,1.6759217853683182,1.8995999873905645
Cntnap_hom,OFT-0433-00,fast,270,2.1576623967278685,5.54866481832774,1.4241573033707866,1.527870408179968,1.7425222258126574
Cntnap_hom,OFT-0445-00,fast,271,2.1555747856520933,5.210331597698,1.4241573033707866,1.5410426696893453,1.7622331572179775
Cntnap_hom,OFT-0445-00,medium,272,2.367028589404901,4.759398890883817,1.5308988764044944,1.6345066086181017,1.8425479834338367
Cntnap_hom,OFT-0445-00,slow,273,2.1325076430145433,3.8744052653077663,1.2106741573033708,1.6470016246195731,1.868509678518221
Cntnap_hom,OFT-0449-00,fast,274,2.23659580393018,4.895666131621188,1.3707865168539326,1.5843588117941927,1.8345146720075978
Cntnap_hom,OFT-0449-00,medium,275,2.261990430014696,4.509363295880149,1.6910112359550562,1.7127546578267447,1.910388582581696
Cntnap_hom,OFT-0449-00,slow,276,2.287434035408793,4.221508828250402,1.4775280898876404,1.685898370981861,1.9236814131268583
Cntnap_hom,OFT-0517-00,fast,277,2.0895148999918125,6.518858725862745,1.4775280898876404,1.4655653712223717,1.6761583590553761
Cntnap_hom,OFT-0517-00,medium,278,2.135664839312253,5.532569085939872,1.6376404494382022,1.5507258052189465,1.7219259356710628
Cntnap_hom,OFT-0517-00,slow,279,2.106486232038469,5.447735784814436,1.797752808988764,1.5822109406360447,1.7742210140899877
Cntnap_hom,OFT-0518-00,slow,280,2.130108858235348,4.990135098983413,1.5842696629213484,1.6101739415597696,1.8591246012746612
Cntnap_hom,OFT-0518-00,medium,281,2.159022642939993,5.355959961309073,1.5308988764044944,1.5442984153773938,1.7629204321976986
Cntnap_hom,OFT-0518-00,fast,282,2.2400733186367994,6.051380071807081,1.4775280898876404,1.5133902324422301,1.692182062787259
Cntnap_hom,OFT-0521-00,slow,283,2.179911125412777,5.2144326633961064,1.851123595505618,1.6035850041539814,1.7524908472417182
Cntnap_hom,OFT-0521-00,medium,284,2.0981005700342075,5.467495987158908,1.5308988764044944,1.5516002584766593,1.7396215440625198
Cntnap_hom,OFT-0521-00,fast,285,1.995081449130848,7.045880149812733,1.6910112359550562,1.497375915760537,1.7049765973364328
Cntnap_hom,OFT-0522-00,fast,286,2.0924791646792333,7.149329467198259,1.4775280898876404,1.451336243581784,1.674772287685842
Cntnap_hom,OFT-0522-00,medium,287,2.195667086282698,5.933372757737039,1.6910112359550562,1.5810211515504053,1.7472598875947132
Cntnap_hom,OFT-0522-00,slow,288,2.2143195154454105,5.218973442288049,1.5308988764044944,1.5957046920136773,1.7536204276433314
Cntnap_hom,OFT-0533-00,fast,289,2.084745096741921,6.7539656311963,1.5308988764044944,1.510747349700854,1.7058892258310374
Cntnap_hom,OFT-0533-00,medium,290,2.184600252844686,5.325268323851084,1.5308988764044944,1.570624125687107,1.788097218425343
Cntnap_hom,OFT-0533-00,slow,291,2.2441566304441944,4.98148783486291,1.6376404494382022,1.6194236150490358,1.8125609213706255
Cntnap_hom,OFT-0535-00,fast,292,2.163226095322563,5.410999408633945,1.3707865168539326,1.5469093256887636,1.7702721699709512
Cntnap_hom,OFT-0535-00,slow,293,2.2977805777315594,4.328799526907155,1.3707865168539326,1.6744503515669875,1.91047601339639
Cntnap_hom,OFT-0535-00,medium,294,2.3424683652882394,5.189487716625404,1.5308988764044944,1.648722481383896,1.853194660985779
Cntnap_hom,OFT-0540-00,fast,295,2.2489525644592177,5.248111046390766,1.3707865168539326,1.5564802478242639,1.7930156492491924
Cntnap_hom,OFT-0540-00,medium,296,2.1522054744654135,5.203111495246327,1.6910112359550562,1.64177971469594,1.8532637869718713
Cntnap_hom,OFT-0540-00,slow,297,2.1875101865707056,4.546240276577356,1.4775280898876404,1.6780629275538521,1.9472912166809366
Cntnap_hom,OFT-0541-00,medium,298,2.541350580720532,1.5623027395530868,0.46348314606741575,1.6100599653816823,1.7325254772234677
Cntnap_hom,OFT-0541-00,fast,299,2.0433072383610025,6.248566842467325,1.5308988764044944,1.504089147720117,1.7205980968906491
Cntnap_hom,OFT-0541-00,slow,300,2.1568182972832957,4.800530236081303,1.4241573033707866,1.5438994518691522,1.754804054132021
Cntnap_hom,OFT-0546-00,slow,301,2.018711588648106,4.973562458691342,1.6910112359550562,1.5976797727874479,1.8030776452826387
Cntnap_hom,OFT-0546-00,fast,302,2.1498245194394934,6.149131767109295,1.6910112359550562,1.5253724376756155,1.6929005770141454
Cntnap_hom,OFT-0546-00,medium,303,2.0927427498163715,5.6367041198501875,1.6910112359550562,1.5586642424147126,1.7338674020974225
Cntnap_hom,OFT-0548-00,slow,304,2.0299549583172367,5.51743601502831,1.797752808988764,1.5949482331240155,1.717156008045626
Cntnap_hom,OFT-0548-00,medium,305,2.031250708629493,5.830672039415017,1.851123595505618,1.5585860038182457,1.6063666007850528
Cntnap_hom,OFT-0548-00,fast,306,2.129876917531183,6.631416611588455,1.6910112359550562,1.5088178066159879,1.6921947517046658
Cntnap_hom,OFT-0580-00,fast,307,2.0887955828839453,5.955056179775281,1.6376404494382022,1.597291651627337,1.794372421342999
Cntnap_hom,OFT-0580-00,slow,308,2.0489917179528754,4.617275280898876,1.4775280898876404,1.660373236221164,1.8412648035105048
Cntnap_hom,OFT-0580-00,medium,309,2.0860453590363255,4.925093632958801,1.4775280898876404,1.610474968527262,1.7895268135114168
Cntnap_hom,OFT-0581-00,fast,310,2.154732780495179,5.467495987158908,1.5308988764044944,1.5353283596023968,1.7273316921664523
Cntnap_hom,OFT-0581-00,medium,311,2.116323923063563,5.102996254681648,1.5308988764044944,1.5796227107864478,1.7533751865503755
Cntnap_hom,OFT-0581-00,slow,312,2.3735033568311703,4.653920322810771,1.4775280898876404,1.5822467173194692,1.7962161686818299
Cntnap_hom,OFT-0583-00,fast,313,1.9930411623142168,6.774937719253648,1.7443820224719102,1.4684694184401546,1.6179856965688864
Cntnap_hom,OFT-0583-00,medium,314,2.0678799381087436,5.876582842874978,1.851123595505618,1.5833455825471785,1.695430254166102
Cntnap_hom,OFT-0583-00,slow,315,2.067940604404877,5.029427501337613,1.5842696629213484,1.6112079020460859,1.7191714960945184
Cntnap_hom,OFT-0584-00,slow,316,2.1550476890962815,5.531547104580812,1.797752808988764,1.6201669955258804,1.7995275702542106
Cntnap_hom,OFT-0584-00,medium,317,2.019968770983529,6.311463634424424,1.851123595505618,1.5405455191598343,1.7046764493056485
Cntnap_hom,OFT-0584-00,fast,318,2.091962749385933,7.20745409701288,1.4775280898876404,1.445318078332014,1.6737337960875245
Cntnap_hom,OFT-0599-00,medium,319,2.12464920357761,5.729980381665775,1.797752808988764,1.5752072732960332,1.68511096909181
Cntnap_hom,OFT-0599-00,fast,320,2.094075311421178,7.46909950830582,1.797752808988764,1.4695909216080132,1.6752506076632916
Cntnap_hom,OFT-0599-00,slow,321,2.0919095550456905,5.0388936905790835,1.6376404494382022,1.5668436436682742,1.7512426565999093
Cntnap_hom,OFT-0605-00,fast,322,2.157359977295161,7.477966189052676,1.6376404494382022,1.4933362512908834,1.7531561372804432
Cntnap_hom,OFT-0605-00,medium,323,1.9891890843361502,5.719285319580034,1.7443820224719102,1.5332270850973073,1.707882439030609
Cntnap_hom,OFT-0605-00,slow,324,2.2594678329365396,4.678972712680578,1.6376404494382022,1.6819911382428132,1.9164627636148588
Cntnap_hom,OFT-0613-00,fast,325,1.990556477466578,7.816316560820713,1.797752808988764,1.4719723464490317,1.6790392965979184
Cntnap_hom,OFT-0613-00,slow,326,2.203980507130403,5.237612820040524,1.5842696629213484,1.6496339637902209,1.882380351751037
Cntnap_hom,OFT-0613-00,medium,327,2.1493664489415867,5.684472798831969,1.6910112359550562,1.5686872689170674,1.7167199162598172
Cntnap_neg,OFT-0365-00,slow,328,2.0991507172352932,3.724189907955182,1.3174157303370786,1.6343971574776097,1.8884962612790204
Cntnap_neg,OFT-0365-00,medium,329,2.0842336259659198,5.352238390967457,1.904494382022472,1.6268022064069612,1.8017637008693292
Cntnap_neg,OFT-0365-00,fast,330,2.0887294879216665,5.781657352622489,1.6910112359550562,1.5619887742606848,1.7541485164719095
Cntnap_neg,OFT-0370-00,slow,331,2.062598126358571,3.9933191618584876,1.4775280898876404,1.6561177077904412,1.8667665962839664
Cntnap_neg,OFT-0370-00,medium,332,2.234526214360857,4.662756318053269,1.5308988764044944,1.5961984493501413,1.8190344079017435
Cntnap_neg,OFT-0370-00,fast,333,2.240538903339172,5.467495987158909,1.5308988764044944,1.5968842683242133,1.7892719488430264
Cntnap_neg,OFT-0375-00,fast,334,2.1781617138149145,5.5755776976892095,1.4775280898876404,1.5640090812539433,1.7987060425436614
Cntnap_neg,OFT-0375-00,medium,335,2.305763723719906,4.728715670706786,1.5308988764044944,1.6492059078504344,1.874283113446067
Cntnap_neg,OFT-0375-00,slow,336,2.2147587830135653,4.382022471910113,1.4241573033707866,1.636921831699905,1.8546031194658212
Cntnap_neg,OFT-0384-00,fast,337,2.1956283111336883,5.633369247344928,1.3707865168539326,1.5455170670789402,1.7531902056054864
Cntnap_neg,OFT-0384-00,medium,338,2.1498704279909226,4.686449630269855,1.3707865168539326,1.5636699971921164,1.799663878884673
Cntnap_neg,OFT-0384-00,slow,339,2.2132708288570444,3.9165329052969504,1.3707865168539326,1.6511023764166326,1.9026774644546123
Cntnap_neg,OFT-0426-00,slow,340,2.061876539544246,3.895745072757414,1.5842696629213484,1.6902300770126342,1.9225697192683864
Cntnap_neg,OFT-0426-00,fast,341,2.0870793852479346,4.938383472272562,1.5308988764044944,1.5604258791908232,1.7395996966643381
Cntnap_neg,OFT-0426-00,medium,342,2.096407268205323,4.570300637716368,1.6910112359550562,1.6231484853152536,1.8143316089423551
Cntnap_neg,OFT-0427-00,medium,343,2.2257733190478075,5.37157500492805,1.5308988764044944,1.6085929191206896,1.822149072290839
Cntnap_neg,OFT-0427-00,slow,344,2.2024417779389975,4.437388047549259,1.5308988764044944,1.6329199474204257,1.8456141678670697
Cntnap_neg,OFT-0427-00,fast,345,2.254636273060219,5.621673565937316,1.4241573033707866,1.5832470261579816,1.7984266050330424
Cntnap_neg,OFT-0429-00,fast,346,2.2791561957192306,5.095931081173409,1.3707865168539326,1.5899367943585907,1.8147188991106642
Cntnap_neg,OFT-0429-00,medium,347,2.1535662374931763,4.822027710897093,1.5308988764044944,1.6214994294876615,1.8387082407218722
Cntnap_neg,OFT-0429-00,slow,348,2.364218461330542,4.438320271928997,1.5308988764044944,1.7037922065649462,1.898131337979772
Cntnap_neg,OFT-0435-00,slow,349,2.6664583595581584,4.320556965083967,1.3174157303370786,1.7285994007448386,2.013853566933575
Cntnap_neg,OFT-0435-00,medium,350,2.747774614801101,4.287779212519513,1.1573033707865168,1.7717845136032282,1.92656283983149
Cntnap_neg,OFT-0435-00,fast,351,3.2544786002961015,5.4588014981273405,1.6376404494382022,1.6992381538535448,1.8967374244719664
Cntnap_neg,OFT-0437-00,slow,352,2.043343542437594,4.073240311922541,1.3707865168539326,1.6726518173849088,1.9183689162046198
Cntnap_neg,OFT-0437-00,fast,353,2.126167455599515,5.37040563702152,1.5842696629213484,1.561507366779912,1.7876404683084144
Cntnap_neg,OFT-0437-00,medium,354,2.0842581207094426,4.569847392252222,1.5308988764044944,1.5998265749200076,1.8095510454373842
Cntnap_neg,OFT-0440-00,medium,355,2.1148889527670747,4.104244694132334,1.4775280898876404,1.6790882170257109,1.8869331713719804
Cntnap_neg,OFT-0440-00,fast,356,2.1732427478149074,5.467495987158909,1.5308988764044944,1.5439244970247459,1.7257732281002733
Cntnap_neg,OFT-0440-00,slow,357,2.119756310172528,4.251215830957572,1.4241573033707866,1.6967873256692738,1.9356330899679235
Cntnap_neg,OFT-0441-00,slow,358,2.4368052226272052,4.450491573033708,1.4241573033707866,1.6355949376172858,1.907971479374156
Cntnap_neg,OFT-0441-00,fast,359,2.251996466041781,5.274656679151062,1.4241573033707866,1.5708679951820794,1.7678983862554205
Cntnap_neg,OFT-0441-00,medium,360,2.1061234623590317,5.002937504589851,1.5308988764044944,1.6294711815197744,1.839951671432951
Cntnap_neg,OFT-0451-00,fast,361,2.2102414721780317,5.191912119169617,1.3174157303370786,1.5831855598603375,1.8220300410933274
Cntnap_neg,OFT-0451-00,medium,362,2.1926708404833644,1.132512930265739,0.35674157303370785,1.6890123087044735,1.8680382272076406
Cntnap_neg,OFT-0451-00,slow,363,2.6488560891403634,4.844354393074231,1.4775280898876404,1.627679542603497,1.9019183529698325
Cntnap_neg,OFT-0453-00,fast,364,2.398752291414915,5.474203557731223,1.4775280898876404,1.668057464431686,1.8799700303293045
Cntnap_neg,OFT-0455-00,fast,365,2.107027463285211,4.213483146067416,1.2640449438202248,1.5584985195552807,1.8378355334887193
Cntnap_neg,OFT-0455-00,medium,366,2.2110829894087756,4.287476289186108,1.5308988764044944,1.673796812706075,1.9031063642963877
Cntnap_neg,OFT-0455-00,slow,367,2.1946021994101597,3.2284644194756553,1.2106741573033708,1.7227719911931736,1.9880959264108198
Cntnap_neg,OFT-0495-00,medium,368,2.150047147815036,4.437388047549259,1.5308988764044944,1.6206628288608467,1.8271388902293186
Cntnap_neg,OFT-0495-00,slow,369,2.0146760982616354,4.422644770959378,1.6910112359550562,1.6800391424567964,1.8860363431778553
Cntnap_neg,OFT-0495-00,fast,370,2.062275429089149,4.889900555340307,1.4241573033707866,1.5501862639284532,1.7548462174294859
Cntnap_neg,OFT-0497-00,fast,371,2.175694339369009,5.431959071536755,1.5842696629213484,1.5531012984113655,1.7364221207007318
Cntnap_neg,OFT-0497-00,medium,372,2.2361153107876355,4.477357848144365,1.4775280898876404,1.6289490198143735,1.799117424993614
Cntnap_neg,OFT-0497-00,slow,373,2.3087287166482797,4.282690115616349,1.4775280898876404,1.6439395218394208,1.8391699953923528
Cntnap_neg,OFT-0504-00,fast,374,2.236779831310534,4.805287018936535,1.4775280898876404,1.6014384734637774,1.813933409653839
Cntnap_neg,OFT-0504-00,medium,375,2.3187595246345456,4.322561935104372,1.5308988764044944,1.62426963166353,1.811930740105234
Cntnap_neg,OFT-0504-00,slow,376,2.1506251959268474,4.3899452607317775,1.7443820224719102,1.6807874933115297,1.954565594358626
Cntnap_neg,OFT-0509-00,fast,377,2.1927658403951775,4.827651875833174,1.4241573033707866,1.5655170977514024,1.7426120153264777
Cntnap_neg,OFT-0509-00,medium,378,2.162353758725894,4.569847392252222,1.5308988764044944,1.6438340809604277,1.8595661743641876
Cntnap_neg,OFT-0509-00,slow,379,2.168662971627887,3.655430711610487,1.3707865168539326,1.657294890014856,1.923440523660192
Cntnap_neg,OFT-0515-00,slow,380,2.12586108725163,5.340035481963335,1.6910112359550562,1.6073558210760972,1.7930871412260003
Cntnap_neg,OFT-0515-00,medium,381,2.0314635123416602,5.514167073766488,1.6910112359550562,1.5554854988208304,1.7153476148249016
Cntnap_neg,OFT-0515-00,fast,382,2.0076695221498966,5.7408707865168545,1.5308988764044944,1.5311702621676906,1.7073103033129386
Cntnap_neg,OFT-0524-00,slow,383,2.047768151841012,5.110547299746285,1.5842696629213484,1.6106769457284278,1.8471016443835984
Cntnap_neg,OFT-0524-00,medium,384,2.1235146410820582,5.4588014981273405,1.6376404494382022,1.5688963635221322,1.7762466236577716
Cntnap_neg,OFT-0524-00,fast,385,2.1688097248636566,5.5755776976892095,1.4775280898876404,1.5125986410152512,1.7228651007771645
Cntnap_neg,OFT-0528-00,fast,386,2.2263801778848746,2.309612983770287,0.6235955056179775,1.6066887230772071,1.8167501752326667
Cntnap_neg,OFT-0528-00,medium,387,2.121654044048698,5.369312948977712,1.6376404494382022,1.6200273828679892,1.8351382589493315
Cntnap_neg,OFT-0528-00,slow,388,2.1318565313438054,4.45002956830278,1.6910112359550562,1.7113532879271358,1.9205736744402784
Cntnap_neg,OFT-0543-00,medium,389,2.1555595308597586,5.6367041198501875,1.6910112359550562,1.5860137722690468,1.7729347957806305
Cntnap_neg,OFT-0543-00,fast,390,2.0485129721551294,6.422119409561577,1.6376404494382022,1.5000636527944455,1.7146804153085577
Cntnap_neg,OFT-0543-00,slow,391,2.144104394295717,5.203111495246327,1.6910112359550562,1.5936218954799626,1.7520495387833517
Cntnap_neg,OFT-0547-00,slow,392,1.9751950847747999,3.8747521480502316,1.3174157303370786,1.5940117657919861,1.8134251268088157
Cntnap_neg,OFT-0547-00,medium,393,1.969018093271988,5.287508261731659,1.797752808988764,1.5924919809024005,1.7371003326255867
Cntnap_neg,OFT-0547-00,fast,394,2.2393710207698656,5.5755776976892095,1.4775280898876404,1.5689508053965315,1.7706451026436205
Cntnap_neg,OFT-0549-00,slow,395,1.9595881333377059,0.625,0.25,1.6272381747202935,1.794831801826014
Cntnap_neg,OFT-0549-00,fast,396,2.140936661616117,5.526522079958192,1.5842696629213484,1.5714216900401896,1.764714221121568
Cntnap_neg,OFT-0549-00,medium,397,2.028673722645851,4.746783911415079,1.6376404494382022,1.574881908636713,1.7145449826748247
Cntnap_neg,OFT-0582-00,slow,398,2.186411859945641,4.433241605696368,1.4241573033707866,1.6498678114945222,1.9242644604316061
Cntnap_neg,OFT-0582-00,medium,399,2.2891375602558695,4.77386062365863,1.4241573033707866,1.6515073699596832,1.873860278875959
Cntnap_neg,OFT-0582-00,fast,400,2.139412105184584,5.37040563702152,1.5842696629213484,1.5918715542040105,1.7887857008160062
Cntnap_neg,OFT-0585-00,slow,401,1.9356905155298696,5.19422162742855,1.7443820224719102,1.5850852538467217,1.7974354366351846
Cntnap_neg,OFT-0585-00,medium,402,2.0144798570659517,5.45487495469373,1.6910112359550562,1.5266852279386571,1.674234839517949
Cntnap_neg,OFT-0585-00,fast,403,2.065051766544158,5.696629213483146,1.4241573033707866,1.4908837371662624,1.6915845073680558
Cntnap_neg,OFT-0598-00,fast,404,2.114923578688112,5.696629213483146,1.4241573033707866,1.5228910119244632,1.7102837608990786
Cntnap_neg,OFT-0598-00,slow,405,2.068464605704702,5.282711127220007,1.6376404494382022,1.5834264775735198,1.8352016267696172
Cntnap_neg,OFT-0598-00,medium,406,2.066915803372574,5.707151774567504,1.797752808988764,1.5671480456169073,1.7695325201551655
Cntnap_neg,OFT-0606-00,fast,407,2.1860599531960045,5.094924447888415,1.4775280898876404,1.5741356799608957,1.769216112345998
Cntnap_neg,OFT-0606-00,slow,408,2.217716257709603,4.391385767790262,1.3174157303370786,1.5798925614526853,1.7954684373006438
Cntnap_neg,OFT-0606-00,medium,409,2.18726130382623,4.747258535004321,1.5308988764044944,1.593232604792621,1.808281685153456
Cntnap_neg,OFT-0612-00,fast,410,2.285148060890875,5.48314606741573,1.3707865168539326,1.5325001016456465,1.7460543074994046
Cntnap_neg,OFT-0612-00,slow,411,2.1942533013870844,5.462998837659822,1.5842696629213484,1.550315975989601,1.790739740060075
Cntnap_neg,OFT-0612-00,medium,412,2.23750623637175,5.776976892092431,1.5308988764044944,1.5232975712052361,1.7530122574633125
Cntnap_neg,OFT-0642-00,slow,413,2.093209519548143,4.617275280898876,1.4775280898876404,1.6023434909314125,1.8255393639895003
Cntnap_neg,OFT-0642-00,medium,414,2.0872844694800023,5.368289637952559,1.6910112359550562,1.5228361669858252,1.7099593398087714
Cntnap_neg,OFT-0642-00,fast,415,2.19057816926458,5.886659532726949,1.4775280898876404,1.537190457691729,1.7458255287234845
Cntnap_neg,OFT-0646-00,slow,416,2.0792124429489496,4.7791288286901645,1.7443820224719102,1.6247454532159336,1.8148086253515554
Cntnap_neg,OFT-0646-00,medium,417,2.107092035592985,5.130535360211501,1.7443820224719102,1.5847089951453739,1.7671322184382152
Cntnap_neg,OFT-0646-00,fast,418,2.1844643391409684,5.658105939004815,1.5842696629213484,1.546289168100461,1.7349729163148468
Cntnap_neg,OFT-0651-00,slow,419,2.1475728410501014,4.062229904926535,1.5842696629213484,1.676670013632541,1.8931245179332892
Cntnap_neg,OFT-0651-00,medium,420,2.2565848672140145,4.477357848144365,1.4775280898876404,1.5813492708613324,1.740293573783457
Cntnap_neg,OFT-0651-00,fast,421,2.1112287059501686,5.558840922531047,1.5842696629213484,1.5620440657277352,1.7715320963695
Cntnap_neg,OFT-0655-00,slow,422,2.0857611080539114,5.110547299746285,1.5842696629213484,1.5924301516013872,1.838345659562598
Cntnap_neg,OFT-0655-00,medium,423,2.1186343819958906,5.443303527038736,1.5308988764044944,1.5438920679548631,1.7414163685215112
Cntnap_neg,OFT-0655-00,fast,424,2.2276947515589978,5.888072601555748,1.5308988764044944,1.547321735046721,1.7412214853186219
Cntnap_neg,OFT-0663-00,fast,425,2.2821680470314796,5.408192291281469,1.4241573033707866,1.5645693269797947,1.750141885530026
Cntnap_neg,OFT-0663-00,medium,426,2.3258472733389723,4.599378865081439,1.4775280898876404,1.6140938242342477,1.7969851305417621
Cntnap_neg,OFT-0663-00,slow,427,2.2973052663820326,4.3456708526107075,1.4775280898876404,1.6394884221617692,1.875182998946624
Cntnap_neg,OFT-0667-00,medium,428,2.0959538278389367,5.040081655145538,1.5308988764044944,1.5585633377767727,1.778295705086188
Cntnap_neg,OFT-0667-00,fast,429,2.387783432892026,5.848715890850722,1.6376404494382022,1.551701660380599,1.7278712005392864
Cntnap_neg,OFT-0667-00,slow,430,2.0341817070970794,1.0649002180110683,0.35674157303370785,1.6636281678716194,1.871897393143377
Cntnap_neg,OFT-0677-00,fast,431,2.2157690322111137,5.558840922531047,1.5842696629213484,1.5572516180402283,1.7514883728313695
Cntnap_neg,OFT-0677-00,medium,432,2.205134275006581,4.800817160367722,1.5842696629213484,1.5783057278556272,1.7544054764825154
Cntnap_neg,OFT-0677-00,slow,433,2.1729892958378954,4.477357848144365,1.4775280898876404,1.6309050110749648,1.8524380201388244
Cntnap_neg,OFT-0686-00,fast,434,2.1527232787409156,5.7408707865168545,1.5308988764044944,1.5537798837696342,1.7543004506365367
Cntnap_neg,OFT-0686-00,medium,435,2.311082977920397,4.827651875833174,1.4241573033707866,1.553455303840739,1.743787013377943
Cntnap_neg,OFT-0686-00,slow,436,2.1994941652480424,4.421891989851395,1.3707865168539326,1.6241610369885193,1.8676067691981386
Cntnap_neg,OFT-0688-00,slow,437,1.9714691448530086,4.871377882909521,1.851123595505618,1.6310943284202677,1.7888057195290197
Cntnap_neg,OFT-0688-00,medium,438,2.113838699913805,5.365575639146718,1.851123595505618,1.6202952115588125,1.7950799222795049
Cntnap_neg,OFT-0688-00,fast,439,2.1811366774881296,5.551323557417635,1.6376404494382022,1.5546446923303434,1.7547636477163315
Cntnap_neg,OFT-0689-00,medium,440,2.178658367087269,5.026039369939851,1.6376404494382022,1.5963429818632446,1.8205474592811663
Cntnap_neg,OFT-0689-00,slow,441,2.275918195921358,4.49438202247191,1.797752808988764,1.6707966673955132,1.844599816288516
Cntnap_neg,OFT-0689-00,fast,442,2.1984190158894625,5.467495987158909,1.5308988764044944,1.5657921994618849,1.7420180036104935
Cntnap_neg,OFT-0690-00,slow,443,2.118165996245737,4.360742254000681,1.5842696629213484,1.6353515017642388,1.8588913553851176
Cntnap_neg,OFT-0690-00,medium,444,2.1891245676668967,4.800817160367722,1.5842696629213484,1.593724036253431,1.7827294247768204
Cntnap_neg,OFT-0690-00,fast,445,2.2017440829523154,5.094924447888415,1.4775280898876404,1.5682724050284589,1.7469783887207826
Cntnap_neg,OFT-0691-00,slow,446,2.112733136480228,4.653631779173671,1.4775280898876404,1.5965965981315093,1.812247336940052
Cntnap_neg,OFT-0691-00,fast,447,2.147174703849864,5.633369247344928,1.3707865168539326,1.4899853103743612,1.7000199793259085
Cntnap_neg,OFT-0691-00,medium,448,2.101201789015417,5.526522079958192,1.5842696629213484,1.553802938492336,1.7828952157072222
Cntnap_neg,OFT-0692-00,slow,449,2.1047766620713584,4.502643754130866,1.5308988764044944,1.6018748983384474,1.834514297411675
Cntnap_neg,OFT-0692-00,fast,450,2.1816823328657504,5.523469494907067,1.4775280898876404,1.571311634685065,1.754790718153639
Cntnap_neg,OFT-0692-00,medium,451,2.1219151962166873,5.198858569645086,1.6376404494382022,1.6088010075644161,1.7955795456049537
Cntnap_neg,OFT-0695-00,medium,452,2.637087039613426,1.900749063670412,0.5702247191011236,1.608661462801623,1.7556383130741333
Cntnap_neg,OFT-0695-00,fast,453,2.0680349544087004,5.8044863058643,1.5308988764044944,1.5336826737233793,1.736400823586241
Cntnap_neg,OFT-0695-00,slow,454,2.1561269617914234,4.592085979482169,1.5842696629213484,1.6158991506231328,1.83938576227758
Cntnap_neg,OFT-0696-00,fast,455,2.177807163558911,5.154167755422002,1.4775280898876404,1.5797885858576788,1.7793407549834417
Cntnap_neg,OFT-0696-00,slow,456,2.120202241931406,4.3456708526107075,1.4775280898876404,1.6093248418741666,1.8949150565898782
Cntnap_neg,OFT-0696-00,medium,457,2.2275187726886068,4.659616655651025,1.5842696629213484,1.6501697600548293,1.8164861952892486
Cntnap_neg,OFT-0697-00,medium,458,2.1004872957632093,4.594055817325118,1.4241573033707866,1.592491262299996,1.7990837520423673
Cntnap_neg,OFT-0697-00,fast,459,2.1381643861079196,5.867665418227216,1.5842696629213484,1.5847587162515755,1.7882255745117468
Cntnap_neg,OFT-0697-00,slow,460,2.0580944680571003,4.388697296695962,1.4775280898876404,1.6254949528312472,1.8602789656747618
Cntnap_neg,OFT-0698-00,fast,461,2.040540250304477,5.726275890077164,1.5842696629213484,1.5407341546109337,1.7602352250413844
Cntnap_neg,OFT-0698-00,medium,462,2.1676170063352194,4.267104346311297,1.3707865168539326,1.6199849759423965,1.8167817122604093
Cntnap_neg,OFT-0698-00,slow,463,2.2202627367242243,4.094740926865327,1.6376404494382022,1.694935475862861,1.9265178279427033
Cntnap_neg,OFT-0699-00,fast,464,2.1351509387106744,5.210331597698,1.4241573033707866,1.537944919976845,1.7465454002373029
Cntnap_neg,OFT-0699-00,medium,465,2.132638520157312,5.056179775280899,1.7443820224719102,1.5889092819134403,1.7729188943673286
Cntnap_neg,OFT-0699-00,slow,466,2.108234502050741,4.373996789727127,1.5308988764044944,1.6079741747757832,1.8107276554138998
Cntnap_neg,OFT-0700-00,fast,467,2.2034235753785487,4.910887253002712,1.4241573033707866,1.5770018025655386,1.8010482815178575
Cntnap_neg,OFT-0700-00,slow,468,2.1818146019794256,3.8747521480502316,1.3174157303370786,1.6639897546184712,1.8917230546161086
Cntnap_neg,OFT-0700-00,medium,469,2.4335931943772793,4.526484751203852,1.5842696629213484,1.6698526113840677,1.897889407902887
Cntnap_neg,OFT-0701-00,fast,470,2.348157612154496,5.422121430780332,1.4775280898876404,1.5411302626636167,1.7399112663582912
Cntnap_neg,OFT-0701-00,medium,471,2.1260278115869173,4.686792006777034,1.3707865168539326,1.5877399656135933,1.75974101800786
Cntnap_neg,OFT-0701-00,slow,472,2.123806384145106,3.9814907704654896,1.2640449438202248,1.5999086746261193,1.8281789810896885
Cntnap_neg,OFT-0703-00,fast,473,2.1891154137225217,5.274656679151061,1.4241573033707866,1.5257495251980098,1.7362444608187324
Cntnap_neg,OFT-0703-00,slow,474,2.1230725893381117,4.98394863563403,1.7443820224719102,1.634018202623821,1.8488273548404834
Cntnap_neg,OFT-0703-00,medium,475,2.079615209777802,5.368289637952559,1.6910112359550562,1.5674662957262888,1.7844208910335373
Cntnap_neg,OFT-0704-00,fast,476,2.106609094850248,6.229935794542537,1.7443820224719102,1.5660086771641646,1.7588316649242686
Cntnap_neg,OFT-0704-00,slow,477,2.1510600445727643,3.7048284239295475,1.3707865168539326,1.6151763325642747,1.9127093749636692
Cntnap_neg,OFT-0704-00,medium,478,2.3110417568628447,4.784058988764045,1.5308988764044944,1.6015440610951628,1.83335146213809
Cntnap_neg,OFT-0705-00,fast,479,2.130739555471473,5.34058988764045,1.4241573033707866,1.5799709835758404,1.7956679376278475
Cntnap_neg,OFT-0705-00,medium,480,2.135959047740274,0.7936507936507936,0.25,1.5905117859662352,1.7823410621236173
Cntnap_neg,OFT-0705-00,slow,481,2.0557802713829743,3.5608063450099143,1.2106741573033708,1.6207555266706015,1.8938821126137082
Cntnap_neg,OFT-0706-00,fast,482,2.1363719591007433,5.566905005107253,1.5308988764044944,1.5884264967453525,1.8347745967069296
Cntnap_neg,OFT-0706-00,medium,483,2.3107001400235982,4.450491573033708,1.4241573033707866,1.6072378838339265,1.8104219159534813
Cntnap_neg,OFT-0706-00,slow,484,2.2975446832060182,4.109980767284139,1.5308988764044944,1.6752296950989103,1.9437260633857363
Cntnap_neg,OFT-0707-00,fast,485,2.083405010712462,5.439629035134653,1.3707865168539326,1.5457034300317307,1.7536580725591855
Cntnap_neg,OFT-0707-00,slow,486,2.100297322675705,4.715515180492469,1.4775280898876404,1.6023322023154234,1.838461446951539
Cntnap_neg,OFT-0707-00,medium,487,2.029343281556836,5.7402630726015555,1.851123595505618,1.5922316016391467,1.805189887319377
Cntnap_neg,OFT-0709-00,fast,488,2.0974497982692593,5.477528089887642,1.4241573033707866,1.5423288105060238,1.7264263802158364
Cntnap_neg,OFT-0709-00,slow,489,2.1169047659197084,4.712878312047828,1.6376404494382022,1.6200903910137492,1.8503056215610447
Cntnap_neg,OFT-0709-00,medium,490,2.0428993402619264,5.381162622851491,1.7443820224719102,1.6015447742977398,1.7693701166089297
Cntnap_neg,OFT-0710-00,fast,491,2.183787289000767,5.011740355515358,1.4241573033707866,1.572531301361229,1.7729211882305314
Cntnap_neg,OFT-0710-00,medium,492,2.219614802423821,4.382022471910113,1.4241573033707866,1.6159338332153375,1.8530134349666167
Cntnap_neg,OFT-0710-00,slow,493,2.3389138670066774,2.11691906855561,0.7303370786516854,1.6724776124273502,1.9576892532317753
Cntnap_neg,OFT-0711-00,fast,494,2.1237308317315535,5.7942278034809425,1.4775280898876404,1.5186880725331255,1.6960983910474796
Cntnap_neg,OFT-0711-00,medium,495,2.027290580594197,5.1787538304392235,1.4241573033707866,1.5628415813052512,1.7646006984658247
Cntnap_neg,OFT-0711-00,slow,496,2.399324864192007,4.470015900840063,1.5308988764044944,1.600384149008867,1.798001434465256
TSC_het,OFT-0361-00,slow,497,2.172908206577896,4.02621722846442,1.6910112359550562,1.6836836487269957,1.9020939313312042
TSC_het,OFT-0361-00,fast,498,2.2486345101742367,4.784058988764045,1.5308988764044944,1.5766508554825542,1.7387916935083718
TSC_het,OFT-0361-00,medium,499,2.1545019347973864,4.343193995433273,1.5308988764044944,1.625564637053399,1.8676395321484938
TSC_het,OFT-0373-00,fast,500,2.4715805468048875,4.76621964479884,1.4775280898876404,1.6511382220998345,1.836141920213681
TSC_het,OFT-0373-00,medium,501,2.511596932774948,4.222370536523161,1.4775280898876404,1.6514788468039123,1.8690623457879516
TSC_het,OFT-0373-00,slow,502,2.339280468136321,3.560933448573898,1.1573033707865168,1.6909006504355635,1.9298545860788276
TSC_het,OFT-0378-00,fast,503,2.533251559983448,4.669368207773071,1.4241573033707866,1.6398069565727291,1.7941462042336347
TSC_het,OFT-0378-00,slow,504,2.2193626503001616,3.590261974224446,1.103932584269663,1.6623567473229734,1.9015664165886716
TSC_het,OFT-0378-00,medium,505,2.4783201052209933,4.261843870534966,1.4241573033707866,1.6845747395000656,1.8932358205862856
TSC_het,OFT-0387-00,fast,506,2.285151280160329,5.566905005107253,1.5308988764044944,1.5647494282043934,1.7579149903200253
TSC_het,OFT-0387-00,medium,507,2.428649657477713,4.617275280898876,1.4775280898876404,1.6750128962614883,1.8475445955281518
TSC_het,OFT-0387-00,slow,508,2.1363137154397327,4.282690115616349,1.4775280898876404,1.6524343921902171,1.9187287626681928
TSC_het,OFT-0392-00,fast,509,2.3113194536659507,4.382022471910113,1.4241573033707866,1.6306931905280315,1.8286362689812672
TSC_het,OFT-0392-00,slow,510,2.4349165237828836,3.51123595505618,1.2640449438202248,1.7502360838427247,2.056379459298204
TSC_het,OFT-0392-00,medium,511,2.414972364643861,4.0886392009987516,1.103932584269663,1.6574310198372721,1.898238002690631
TSC_het,OFT-0393-00,slow,512,2.0510793320722756,4.194243496998615,1.5308988764044944,1.6114875490026963,1.8183955559718077
TSC_het,OFT-0393-00,fast,513,2.206476198469755,5.566905005107253,1.5308988764044944,1.5841123091753648,1.7637161006118502
TSC_het,OFT-0393-00,medium,514,2.1128041319250617,5.37157500492805,1.5308988764044944,1.5791500068550735,1.792294465721419
TSC_het,OFT-0396-00,fast,515,2.3506990359802638,4.03063387746449,1.4241573033707866,1.712198041438201,1.9300302409562364
TSC_het,OFT-0396-00,slow,516,2.733353016006348,3.071424803502664,1.050561797752809,1.785102394837194,2.0975474857843683
TSC_het,OFT-0396-00,medium,517,2.6188255091860535,3.660194195804347,1.3174157303370786,1.8076064834801855,1.9994130214552797
TSC_het,OFT-0397-00,medium,518,2.3146756181403085,4.132945705979414,1.4775280898876404,1.7013043518674582,1.9208380144119237
TSC_het,OFT-0397-00,fast,519,2.4642329763245314,4.726850058117009,1.3707865168539326,1.5744538915311748,1.7595956027545985
TSC_het,OFT-0397-00,slow,520,2.384972341568878,3.8640723485886546,1.5842696629213484,1.7589998112578127,2.0158806267491545
TSC_het,OFT-0408-00,slow,521,2.4845520887899113,3.7338996985475474,1.5308988764044944,1.7831684722096233,2.093523227300119
TSC_het,OFT-0408-00,fast,522,2.485010559277642,4.121885686370298,1.2640449438202248,1.70318815922793,1.9431233041586031
TSC_het,OFT-0408-00,medium,523,2.3685911030007007,3.2153518308558446,1.1573033707865168,1.7702226840820947,2.04964831141242
TSC_het,OFT-0409-00,fast,524,2.1737348932791978,4.569288389513109,1.3707865168539326,1.6246826730179622,1.8631085111293237
TSC_het,OFT-0409-00,slow,525,2.228747925383776,3.9325842696629216,1.3174157303370786,1.7183855360371258,1.94608849265347
TSC_het,OFT-0409-00,medium,526,2.249708689168687,4.54900124843945,1.6376404494382022,1.6849191165264708,1.8814383924507367
TSC_het,OFT-0413-00,fast,527,2.4908772380223123,4.805287018936535,1.4775280898876404,1.6334424871135067,1.8418829736121893
TSC_het,OFT-0413-00,medium,528,2.3456431197059167,4.410531611604897,1.4775280898876404,1.6881295706654944,1.9028935602676371
TSC_het,OFT-0413-00,slow,529,2.191647402655799,3.4776980394331156,1.3707865168539326,1.7378314889568502,2.0022186507447
TSC_het,OFT-0459-00,slow,530,2.1907321619261895,3.641999225106548,1.5842696629213484,1.7129847905508104,1.93929353538119
TSC_het,OFT-0459-00,fast,531,2.359686359213844,3.8634224634068093,1.3174157303370786,1.6586072986119824,1.8510511389048259
TSC_het,OFT-0459-00,medium,532,2.3565978010188813,3.4269662921348316,1.3707865168539326,1.6874022650714409,1.89230475887544
TSC_het,OFT-0462-00,slow,533,2.1962254164496438,3.5608063450099143,1.2106741573033708,1.6503972593094887,1.922048216146387
TSC_het,OFT-0462-00,fast,534,2.2076921517530534,4.834417504435246,1.5308988764044944,1.597122964888379,1.7977713643496813
TSC_het,OFT-0462-00,medium,535,2.1646259092985285,4.048022164075727,1.4775280898876404,1.6398532440553206,1.8555422050341897
TSC_het,OFT-0467-00,slow,536,2.3229957789560047,3.1749566091166526,1.3174157303370786,1.7588570516489515,2.0063538567208776
TSC_het,OFT-0467-00,fast,537,2.255123261677982,4.450491573033708,1.4241573033707866,1.6781676973180712,1.8657059981376911
TSC_het,OFT-0467-00,medium,538,2.3569317522740985,3.764044943820224,1.3174157303370786,1.6815394345958936,1.8943727294848847
TSC_het,OFT-0470-00,medium,539,2.4643801429522356,3.370786516853933,1.2640449438202248,1.6702195337335932,1.8577055278185595
TSC_het,OFT-0470-00,fast,540,2.309569350680238,3.9107499156279615,1.4241573033707866,1.6996371370858887,1.8616123485608873
TSC_het,OFT-0470-00,slow,541,2.694155482728207,2.9528637983009043,1.2106741573033708,1.7246315432740797,1.9165319385219772
TSC_het,OFT-0475-00,slow,542,2.2572588361713364,2.1688315137992404,0.9971910112359551,1.811089849716475,2.073061560044384
TSC_het,OFT-0475-00,fast,543,2.888999656919387,1.7352222765021983,0.6235955056179775,1.704699725388251,1.8328341097430365
TSC_het,OFT-0475-00,medium,544,2.6117310522710935,2.8393562101427268,1.050561797752809,1.7003760071674932,1.887605548061589
TSC_het,OFT-0480-00,fast,545,2.418401384513931,4.367184074653334,1.4775280898876404,1.728497757540554,1.9255126664832745
TSC_het,OFT-0480-00,slow,546,2.4123633291089797,3.4163376860006074,1.2640449438202248,1.717696047779304,1.9332576454239998
TSC_het,OFT-0480-00,medium,547,2.4014235033686897,3.8613704700110776,1.3707865168539326,1.7225057700173503,1.9102700750062502
TSC_het,OFT-0485-00,fast,548,2.3191788226685457,4.366270706960182,1.3707865168539326,1.6645853552065062,1.878995226684711
TSC_het,OFT-0485-00,medium,549,2.442690180360169,3.6392562394352193,1.3707865168539326,1.7156223111128077,1.933684002254195
TSC_het,OFT-0485-00,slow,550,2.503371135868236,3.2132090983831185,1.3174157303370786,1.7608197235112701,1.9943236809956537
TSC_het,OFT-0489-00,medium,551,2.484024564019853,3.1210986267166043,1.2640449438202248,1.715886931322552,1.8798592239335437
TSC_het,OFT-0489-00,fast,552,2.313403417883449,3.4038334434897557,1.1573033707865168,1.6904629174159036,1.850321742776917
TSC_het,OFT-0489-00,slow,553,2.2459712357337147,2.6914031878756206,1.1573033707865168,1.8000772180270275,1.9946784830403892
TSC_het,OFT-0513-00,slow,554,2.3884691778486715,3.0455351862803077,1.1573033707865168,1.7580636891340653,2.025371115537827
TSC_het,OFT-0513-00,fast,555,2.412663053383196,3.6073329390892965,1.3707865168539326,1.6379344674132679,1.8330596284670841
TSC_het,OFT-0513-00,medium,556,2.250211171150115,3.4269662921348316,1.3707865168539326,1.7457881180883301,1.962022632558169
TSC_het,OFT-0514-00,slow,557,2.1060678893857387,3.3264340626848026,1.2640449438202248,1.7009580716938717,1.9076718076150592
TSC_het,OFT-0514-00,medium,558,2.1908464489411688,3.925381734370498,1.5308988764044944,1.6142971054537791,1.8295426330957458
TSC_het,OFT-0514-00,fast,559,2.3512129104808897,4.344817621734134,1.3707865168539326,1.604392925620742,1.7692147736769879
TSC_het,OFT-0525-00,slow,560,2.1185761749731205,3.0455351862803077,1.1573033707865168,1.6391562762198097,1.8798910119033378
TSC_het,OFT-0525-00,medium,561,2.323058285371278,4.282690115616349,1.4775280898876404,1.6101970890328197,1.811952059001511
TSC_het,OFT-0525-00,fast,562,2.215779242742557,5.1176264044943816,1.6376404494382022,1.6177920271534387,1.85601962035446
TSC_het,OFT-0526-00,medium,563,2.1373946679730573,3.7048284239295475,1.3707865168539326,1.6595583266462628,1.8818302432230332
TSC_het,OFT-0526-00,fast,564,2.1798427765787904,3.9770314940332683,1.5308988764044944,1.6239251144911804,1.8194349218484083
TSC_het,OFT-0526-00,slow,565,2.1991946910823654,3.764690688363683,1.6376404494382022,1.7737159422695958,2.018334786110504
TSC_het,OFT-0531-00,medium,566,2.3042678857205243,3.6516853932584277,1.4241573033707866,1.6817029892473727,1.8660401115466005
TSC_het,OFT-0531-00,fast,567,2.208240660044642,4.421891989851395,1.3707865168539326,1.6187407719208204,1.7920513157547988
TSC_het,OFT-0531-00,slow,568,2.150608412004588,3.187875620590541,1.3707865168539326,1.6877609491612071,1.9204026433066943
TSC_het,OFT-0532-00,medium,569,2.335307792058545,3.236721144024515,1.4241573033707866,1.7668514894035958,1.9977447909701793
TSC_het,OFT-0532-00,slow,570,2.450714445498168,2.830596369922213,1.103932584269663,1.785206493194698,2.056961717891148
TSC_het,OFT-0532-00,fast,571,2.3589001549899584,3.628573460389703,1.4241573033707866,1.7406251121896499,1.9427626634016717
TSC_het,OFT-0536-00,medium,572,2.247797414566679,3.807740324594257,1.3707865168539326,1.6622680373513288,1.8656014997752748
TSC_het,OFT-0536-00,fast,573,2.2299823718272314,4.513903446251886,1.4775280898876404,1.6658927948576479,1.8698015363489255
TSC_het,OFT-0536-00,slow,574,2.1644231590189627,3.0455351862803077,1.1573033707865168,1.684880268935872,1.935998878470658
TSC_het,OFT-0537-00,medium,575,2.454859211529121,3.723446128088352,1.4241573033707866,1.6861801713988172,1.88769551975774
TSC_het,OFT-0537-00,fast,576,2.434176799279767,3.9606741573033712,1.5842696629213484,1.7140245069078939,1.8994305271654057
TSC_het,OFT-0537-00,slow,577,2.3522903114383786,2.9897745957796658,1.2106741573033708,1.7224429870141502,1.9982926422314515
TSC_het,OFT-0544-00,medium,578,2.135507782280319,4.678972712680578,1.6376404494382022,1.66741421169516,1.9014732162499004
TSC_het,OFT-0544-00,fast,579,2.083237841638833,5.240784848432547,1.6376404494382022,1.5988818766718313,1.8222467978962187
TSC_het,OFT-0544-00,slow,580,2.274474291167694,3.4103497388827346,1.2106741573033708,1.6766022330147545,1.9231486622526837
TSC_het,OFT-0588-00,slow,581,2.1650649095794163,3.764044943820225,1.3174157303370786,1.6575274311778836,1.8706561637452925
TSC_het,OFT-0588-00,medium,582,2.175417336177577,3.870477475836575,1.3707865168539326,1.640021538811795,1.8434509539280728
TSC_het,OFT-0588-00,fast,583,2.321397109599163,4.594055817325118,1.4241573033707866,1.6017241010835745,1.7925952352607195
TSC_het,OFT-0589-00,slow,584,2.396099266349683,3.390850722311397,1.4241573033707866,1.7157493390681704,1.953121210098733
TSC_het,OFT-0589-00,medium,585,2.3880495644833624,4.026984711733284,1.6376404494382022,1.6410069970332661,1.8709256264614242
TSC_het,OFT-0589-00,fast,586,2.5972537293591205,4.395025620446969,1.5308988764044944,1.6609164791989113,1.8262092509873107
TSC_het,OFT-0591-00,slow,587,2.446144655494638,2.882557517388978,1.2106741573033708,1.7344464836147397,1.9705149148970693
TSC_het,OFT-0591-00,fast,588,2.2426826185403397,3.51123595505618,1.2640449438202248,1.6515892148748241,1.8606775546440126
TSC_het,OFT-0591-00,medium,589,2.3370876796192053,3.1333286370093814,1.3707865168539326,1.7683229238904798,2.0299926676794953
TSC_het,OFT-0592-00,fast,590,2.329651543788577,3.7732684890155967,1.2640449438202248,1.7244385374301467,1.8685632689529408
TSC_het,OFT-0592-00,medium,591,2.546187178474164,3.0458914308921083,1.2640449438202248,1.7405045136682928,1.933151751670249
TSC_het,OFT-0592-00,slow,592,2.401907301445448,2.6006817321045324,1.1573033707865168,1.8046336132356269,2.0337388751492353
TSC_het,OFT-0594-00,medium,593,2.3102595754341966,3.4590690208667736,1.2106741573033708,1.663408571933846,1.858577181435181
TSC_het,OFT-0594-00,slow,594,2.434389521422678,2.6914031878756206,1.1573033707865168,1.879910284604288,2.0812982393480253
TSC_het,OFT-0594-00,fast,595,2.4049740173916416,3.9498201874522523,1.3707865168539326,1.6887473130968744,1.9020277534784837
TSC_het,OFT-0595-00,fast,596,2.3648864336265873,1.0936329588014981,0.4101123595505618,1.7416232367643898,1.9144845619485995
TSC_het,OFT-0595-00,medium,597,2.421877537335374,3.5148372227023916,1.3707865168539326,1.6578323316470718,1.8780526274490166
TSC_het,OFT-0595-00,slow,598,2.3969197797066646,2.863947239863214,1.3174157303370786,1.7809360151923077,2.025732138728786
TSC_het,OFT-0601-00,medium,599,2.207862815954077,3.829640716459023,1.5308988764044944,1.69619908340187,1.9286927411945172
TSC_het,OFT-0601-00,fast,600,2.430230508740888,4.884724013016516,1.4775280898876404,1.6544775510683483,1.8288211422482676
TSC_het,OFT-0601-00,slow,601,2.3060087280361405,3.473554398465333,1.4241573033707866,1.6709364390463517,1.8462204744727813
TSC_het,OFT-0602-00,fast,602,2.383753305611491,4.534312972644227,1.3707865168539326,1.6605806509016954,1.8114326211428537
TSC_het,OFT-0602-00,medium,603,2.4908390141776233,3.9018008311528396,1.4241573033707866,1.6602845462451945,1.8401770863005829
TSC_het,OFT-0602-00,slow,604,2.3894414951967327,3.083036448342012,1.2640449438202248,1.8077642283636841,1.978215813914493
TSC_het,OFT-0604-00,medium,605,2.209611181930716,3.7048284239295475,1.3707865168539326,1.7279269162937327,1.8986506678931847
TSC_het,OFT-0604-00,slow,606,2.3921690133992684,5.59328312137301,2.544943820224719,1.780943579337452,1.9258680314937566
TSC_het,OFT-0604-00,fast,607,2.332216560357648,7.415730337078652,2.2247191011235956,1.6823246603702968,1.8163913759381363
TSC_het,OFT-0610-00,fast,608,2.349311975324539,4.76621964479884,1.4775280898876404,1.687652169512467,1.9148616164183105
TSC_het,OFT-0610-00,slow,609,2.1974315394317085,3.7421443534564847,1.103932584269663,1.6310078189614345,1.860207741836301
TSC_het,OFT-0610-00,medium,610,2.2733271807519215,3.706145379500115,1.2106741573033708,1.6642503644866138,1.8960435938426041
TSC_het,OFT-0614-00,fast,611,2.287264122624636,4.085417883608792,1.4775280898876404,1.639112308365958,1.7869642470099618
TSC_het,OFT-0614-00,slow,612,2.4589195382172337,2.939639404233081,1.2640449438202248,1.8152037168682669,1.9705913775801602
TSC_het,OFT-0614-00,medium,613,2.1947287018075854,3.3966162985922765,1.4775280898876404,1.7299749004058784,1.9296757397770181
TSC_het,OFT-0617-00,slow,614,2.1261685577262113,3.91653290529695,1.3707865168539326,1.6646221082034487,1.9218728029520415
TSC_het,OFT-0617-00,medium,615,2.17254035040348,5.110547299746285,1.5842696629213484,1.631586038431068,1.8808355356430284
TSC_het,OFT-0617-00,fast,616,2.2421462403293795,5.094924447888415,1.4775280898876404,1.5950165607067321,1.8254112200393042
TSC_het,OFT-0620-00,slow,617,2.415064762069424,3.3779890521463556,1.3174157303370786,1.720741848046102,1.9671271112665645
TSC_het,OFT-0620-00,fast,618,2.291979798795912,4.410531611604897,1.4775280898876404,1.6369896762342202,1.8265843852447454
TSC_het,OFT-0620-00,medium,619,2.4780559517746745,3.9018008311528396,1.4241573033707866,1.732203390840725,1.9556864025538714
TSC_het,OFT-0621-00,slow,620,2.4916864038452116,3.506979911474293,1.1573033707865168,1.7447716955572607,1.9332939325093128
TSC_het,OFT-0621-00,medium,621,2.381356509216319,3.818596319817619,1.3174157303370786,1.6984045195117554,1.889718458001944
TSC_het,OFT-0621-00,fast,622,2.3950218402871295,4.710458081244599,1.5308988764044944,1.6783612761503002,1.9209068232964184
TSC_het,OFT-0624-00,slow,623,2.3704146733209406,3.5929519918283965,1.3174157303370786,1.7653930608665693,1.983302201856838
TSC_het,OFT-0624-00,medium,624,2.3935433610311287,3.8747521480502316,1.3174157303370786,1.716254429393201,1.9210941889466453
TSC_het,OFT-0624-00,fast,625,2.4058526000422287,4.31939583717075,1.3174157303370786,1.682445591724356,1.9431233243603103
TSC_het,OFT-0628-00,fast,626,2.4747508746065323,4.263944022068223,1.4241573033707866,1.6735111377709466,1.857362300284911
TSC_het,OFT-0628-00,medium,627,2.329268045270852,4.055539128720678,1.5308988764044944,1.7081625964645761,1.9205204621250416
TSC_het,OFT-0628-00,slow,628,2.594359863960599,3.3433817484242256,1.3707865168539326,1.8632375759580981,2.04874401378868
TSC_het,OFT-0630-00,medium,629,2.5027255295753577,4.343193995433274,1.5308988764044944,1.6997768029463234,1.9196412846395192
TSC_het,OFT-0630-00,slow,630,2.34982013990778,3.7465836623139994,1.3174157303370786,1.704074017333385,1.9606303433253636
TSC_het,OFT-0630-00,fast,631,2.2436027566191985,4.910887253002712,1.4241573033707866,1.6457034970040914,1.8755128181808098
TSC_het,OFT-0632-00,medium,632,2.6202479997388806,3.063757512411811,1.3174157303370786,1.8131496910993146,1.9895541121420506
TSC_het,OFT-0632-00,fast,633,2.5828975135219023,3.560583054965077,1.3174157303370786,1.7452903169947023,1.8581204072726318
TSC_het,OFT-0632-00,slow,634,2.477124493935689,2.9528637983009043,1.2106741573033708,1.8666706878401154,2.0667298321612737
TSC_het,OFT-0634-00,medium,635,2.3265118618624663,4.185851601581939,1.3707865168539326,1.6581457541212772,1.8615202859097557
TSC_het,OFT-0634-00,slow,636,2.2211110388354225,3.7830994469703123,1.3707865168539326,1.745237934842204,1.9916161759003133
TSC_het,OFT-0634-00,fast,637,2.3070504792039217,4.617275280898876,1.4775280898876404,1.616817101040677,1.8513644553875064
TSC_het,OFT-0636-00,medium,638,2.1563494063305986,3.9848484848484844,1.4775280898876404,1.668106021295297,1.8616999354041335
TSC_het,OFT-0636-00,slow,639,2.1713951590201406,3.371385874342705,1.2640449438202248,1.6762967215105922,1.8933494984864168
TSC_het,OFT-0636-00,fast,640,2.3508786187776978,4.388784852267999,1.4241573033707866,1.6232544395305697,1.8217083780753822
TSC_het,OFT-0640-00,slow,641,2.560762594479944,2.882557517388978,1.2106741573033708,1.7682638000160293,2.0106022779401864
TSC_het,OFT-0640-00,fast,642,2.2493922828774533,3.9576645264847516,1.4775280898876404,1.724410627518178,1.9265177268626608
TSC_het,OFT-0640-00,medium,643,2.534619020306209,3.272092317036137,1.2106741573033708,1.7302763158893697,1.9745281391450349
TSC_het,OFT-0647-00,slow,644,2.0861578254847886,4.437388047549259,1.5308988764044944,1.6195383441401539,1.834306519550105
TSC_het,OFT-0647-00,fast,645,2.4011628727364136,2.0365168539325844,0.5702247191011236,1.6068700978513764,1.7574946060399255
TSC_het,OFT-0647-00,medium,646,2.1084858614304385,4.763411932267764,1.6910112359550562,1.5920998469125398,1.7667913287580732
TSC_het,OFT-0650-00,slow,647,2.139741430923057,3.69910987888516,1.4241573033707866,1.6519941870414072,1.8742756284545197
TSC_het,OFT-0650-00,fast,648,2.2426423874339347,5.1660967269174405,1.5842696629213484,1.5944130619774544,1.7622881923740048
TSC_het,OFT-0650-00,medium,649,2.2751738892912763,4.337854102484299,1.5308988764044944,1.6507694629131473,1.8733978750864269
TSC_het,OFT-0657-00,slow,650,2.482300649605282,2.939639404233081,1.2640449438202248,1.82617849935432,2.0404088724217346
TSC_het,OFT-0657-00,medium,651,2.168035619822709,3.00598278126368,1.1573033707865168,1.716225506004321,1.9466828212099907
TSC_het,OFT-0657-00,fast,652,2.265011373834986,3.7054360115892866,1.4775280898876404,1.7442483282488523,1.9430852350923105
TSC_het,OFT-0661-00,medium,653,2.283699821929263,3.69910987888516,1.4241573033707866,1.7032418199438075,1.9331623968400005
TSC_het,OFT-0661-00,fast,654,2.4897067495409804,3.910482195061815,1.103932584269663,1.631483914679156,1.8056413149940003
TSC_het,OFT-0661-00,slow,655,2.3625057649417807,2.8694274297596234,1.050561797752809,1.717781066575867,1.885886968354137
TSC_het,OFT-0668-00,fast,656,2.2164831444221935,5.372829417773238,1.4775280898876404,1.5805256550985418,1.7536370651353872
TSC_het,OFT-0668-00,slow,657,2.284047625715916,4.346610863610623,1.4775280898876404,1.6860047609646864,1.8593575333331487
TSC_het,OFT-0668-00,medium,658,2.0775083252647493,4.912115475079624,1.5308988764044944,1.567333493997795,1.763866832554868
TSC_het,OFT-0670-00,medium,659,2.4047030907206577,3.4573861215198645,1.103932584269663,1.706275243718843,1.8861889913274668
TSC_het,OFT-0670-00,slow,660,2.378440723598957,2.9966926573990995,1.1573033707865168,1.8409313543355037,2.102650443063277
TSC_het,OFT-0670-00,fast,661,2.2861733866712246,3.9054005074302283,1.2106741573033708,1.6801183199156298,1.8798895043665722
TSC_het,OFT-0674-00,slow,662,2.4397561505846572,2.63023493360572,1.1573033707865168,1.8023298814822262,2.048963387095269
TSC_het,OFT-0674-00,fast,663,2.5174018592968923,3.430741217746591,1.1573033707865168,1.7171374064600489,1.8756259573608856
TSC_het,OFT-0674-00,medium,664,2.524996943345962,3.2132090983831185,1.3174157303370786,1.7841450207264298,1.9654830637497296
TSC_het,OFT-0678-00,medium,665,2.452499996289732,3.619451095966108,1.103932584269663,1.7247358719417214,1.8935198797419486
TSC_het,OFT-0678-00,fast,666,2.1073939749219144,3.5619994912682333,1.103932584269663,1.708356864877113,1.9158723040548218
TSC_het,OFT-0678-00,slow,667,2.7170344498657317,6.912554958475818,2.384831460674157,1.8695490404392527,2.040947101935131
TSC_het,OFT-0682-00,slow,668,2.9381175834299835,2.348792732488645,1.103932584269663,2.041728836532197,2.365160942502171
TSC_het,OFT-0682-00,fast,669,2.4224853237384627,3.2656286845073836,1.3707865168539326,1.8486343036221304,2.1011403676761864
TSC_het,OFT-0682-00,medium,670,2.954369270778016,5.794355892343873,2.491573033707865,1.889774444494106,2.107736867157602
TSC_het,OFT-0683-00,medium,671,2.2297622029683715,4.662756318053269,1.5308988764044944,1.5773333104556748,1.7847849163001313
TSC_het,OFT-0683-00,fast,672,2.8632532053738435,1.2517248176621327,0.35674157303370785,1.6353981334231005,1.7459111490176615
TSC_het,OFT-0683-00,slow,673,2.1032201915422504,2.0656076904043346,0.7837078651685393,1.6253649199824716,1.8715648155800153
TSC_het,OFT-0693-00,slow,674,2.11118901148939,4.153898535921008,1.3707865168539326,1.665548182036732,1.8837953142178179
TSC_het,OFT-0693-00,medium,675,2.0424595324407937,5.286006128702758,1.7443820224719102,1.6509343384999227,1.8459708317867303
TSC_het,OFT-0693-00,fast,676,2.170016083961809,5.369312948977712,1.6376404494382022,1.576824390153754,1.768856478669278
TSC_het,OFT-0694-00,slow,677,2.459098933448513,0.7464349376114082,0.25,1.6808050193539879,1.872188002521341
TSC_het,OFT-0694-00,medium,678,2.2289340224345784,4.373996789727127,1.5308988764044944,1.6439908049151124,1.8652069664009128
TSC_het,OFT-0694-00,fast,679,2.241134101958207,5.233842312493998,1.5308988764044944,1.6026077701684083,1.7488100930227006
TSC_het,OFT-0702-00,fast,680,2.214629109716669,5.558840922531047,1.5842696629213484,1.5903336487498254,1.7897568483330157
TSC_het,OFT-0702-00,medium,681,2.2178121541567113,4.497338852749852,1.4241573033707866,1.6301372824486897,1.80707358751782
TSC_het,OFT-0702-00,slow,682,2.1006242886349793,3.992168879809329,1.3174157303370786,1.643712491450479,1.8570619833893274
TSC_het,OFT-0708-00,fast,683,2.2514561337316383,4.827651875833174,1.4241573033707866,1.6060520394317392,1.8120974614409129
TSC_het,OFT-0708-00,medium,684,2.306584444955266,4.477357848144365,1.4775280898876404,1.670281584820078,1.86985816064445
TSC_het,OFT-0708-00,slow,685,2.2513039607220624,3.9054005074302283,1.2106741573033708,1.691514375142623,1.9091006935310044
TSC_hom,OFT-0637-00,fast,686,2.299030028130028,3.8433280615617034,1.5308988764044944,1.6700627538375192,1.8969102581080926
TSC_hom,OFT-0637-00,slow,687,2.3541373636884355,3.431704345471775,1.4241573033707866,1.7511395646791164,1.9330139710181224
TSC_hom,OFT-0637-00,medium,688,2.382235015747213,3.51697382844615,1.4241573033707866,1.7014868951803357,1.878968417596655
TSC_hom,OFT-0639-00,medium,689,2.1565307270543186,3.6938202247191008,1.4775280898876404,1.6939779431441329,1.9126238409418754
TSC_hom,OFT-0639-00,slow,690,2.0943883383031094,3.144608200787976,1.2106741573033708,1.6810745151699336,1.914614262354435
TSC_hom,OFT-0639-00,fast,691,2.1594179768657003,4.272105520273571,1.6376404494382022,1.6145679158150565,1.8418994026990854
TSC_hom,OFT-0648-00,medium,692,2.2501726549360606,3.136704119850187,1.3174157303370786,1.7172787001378993,1.9200278197760485
TSC_hom,OFT-0648-00,slow,693,2.5259198555335196,2.994126659856997,1.3174157303370786,1.740550292465774,1.9656012845581012
TSC_hom,OFT-0648-00,fast,694,2.1727563791778675,3.431704345471775,1.4241573033707866,1.7306443379087506,1.9430859816981916
TSC_hom,OFT-0649-00,slow,695,2.1917289618709663,3.449789325842697,1.103932584269663,1.6854070418422524,1.8856835851409164
TSC_hom,OFT-0649-00,medium,696,2.3216479641778323,3.410471471873592,1.1573033707865168,1.6870532618027179,1.8589687684774114
TSC_hom,OFT-0649-00,fast,697,2.4696860271125307,3.5759648265754764,1.3707865168539326,1.6870619217614666,1.8314198249192644
TSC_hom,OFT-0658-00,slow,698,2.2221925078142926,3.8377352984094557,1.4775280898876404,1.7300438638051145,1.9377772078102362
TSC_hom,OFT-0658-00,fast,699,2.2285319054476522,4.048022164075727,1.4775280898876404,1.6159255758789963,1.8249682727828265
TSC_hom,OFT-0658-00,medium,700,2.326933434773013,3.8553634300868955,1.5308988764044944,1.6788340419254262,1.8606144270279819
TSC_hom,OFT-0660-00,slow,701,2.2065129281759925,3.535962968824181,1.2640449438202248,1.7256275854816554,1.9510411764679458
TSC_hom,OFT-0660-00,medium,702,2.259864015419754,3.5829273929739727,1.4241573033707866,1.6782810558798806,1.90977229338699
TSC_hom,OFT-0660-00,fast,703,2.301278172570653,3.9449135785237397,1.3707865168539326,1.6353014751609496,1.8606029903287251
TSC_hom,OFT-0669-00,fast,704,2.369751603666254,3.436111836948001,1.4775280898876404,1.7292812984865453,1.9218350296420363
TSC_hom,OFT-0669-00,medium,705,2.303187585946241,2.989318906921903,1.2106741573033708,1.7300801823014138,1.9310181038281133
TSC_hom,OFT-0669-00,slow,706,2.385876279863624,2.9544167351785875,1.1573033707865168,1.761564696594703,1.902400955438975
TSC_hom,OFT-0673-00,slow,707,2.3256363655792653,3.262187250951296,1.2640449438202248,1.7065592801466791,1.905801091852706
TSC_hom,OFT-0673-00,medium,708,2.3187679092210365,3.7799972256901095,1.5308988764044944,1.7079402320024042,1.9312410224474417
TSC_hom,OFT-0673-00,fast,709,2.3220830862955264,3.9054363810490726,1.4775280898876404,1.6632696324808178,1.8392806528866603
TSC_hom,OFT-0679-00,slow,710,2.379624784825283,2.882557517388978,1.2106741573033708,1.8264652554111116,2.01360458207293
TSC_hom,OFT-0679-00,medium,711,2.379438342693493,3.462956460674157,1.4775280898876404,1.7523789041418891,1.9513699321387084
TSC_hom,OFT-0679-00,fast,712,2.4615903854665513,3.60372704850644,1.4775280898876404,1.716611247894222,1.8769621997502544
TSC_hom,OFT-0681-00,medium,713,2.3863171175979843,3.390850722311397,1.4241573033707866,1.739881180330921,1.8952998149222025
TSC_hom,OFT-0681-00,slow,714,2.4429090179358433,2.905850445563735,1.2640449438202248,1.771215831572857,1.9585677923398201
TSC_hom,OFT-0681-00,fast,715,2.3210949852590232,3.7248607308091772,1.4775280898876404,1.647133287626208,1.8789437110615999
TSC_hom,OFT-0684-00,slow,716,2.2779263869116106,2.9528637983009043,1.2106741573033708,1.7467541727682443,1.9244662781760262
TSC_hom,OFT-0684-00,medium,717,2.372490879734999,3.127846948071667,1.1573033707865168,1.730348622880575,1.8975319223311433
TSC_hom,OFT-0684-00,fast,718,2.5617878734071566,3.3119937287692713,1.4241573033707866,1.8272402498802904,2.082073056771925
TSC_hom,OFT-0712-00,medium,719,2.4109540423306974,3.4590690208667736,1.2106741573033708,1.6271083876589156,1.809650595667026
TSC_hom,OFT-0712-00,fast,720,2.3623029033278535,3.4975638858506515,1.3174157303370786,1.640768266409083,1.8139371223097873
TSC_hom,OFT-0712-00,slow,721,2.1752058604166766,3.2132090983831185,1.3174157303370786,1.699508494461222,1.891363501043384
TSC_hom,OFT-0713-00,slow,722,2.0990438175667006,3.889369057908384,1.2640449438202248,1.6782534095365866,1.8981735207760544
TSC_hom,OFT-0713-00,fast,723,2.3361576579349728,4.547224385359884,1.5308988764044944,1.6542947667582413,1.8658398365072504
TSC_hom,OFT-0713-00,medium,724,2.271592262535358,4.162050957429972,1.4775280898876404,1.6783685040751573,1.858750900202814
TSC_hom,OFT-0714-00,slow,725,2.127787109565756,3.421859039836568,1.3174157303370786,1.6682661311300961,1.9103475388432163
TSC_hom,OFT-0714-00,medium,726,2.2176750505856844,4.163492668063226,1.6376404494382022,1.6442839110307375,1.86265742503171
TSC_hom,OFT-0714-00,fast,727,2.221747949240081,4.526484751203853,1.5842696629213484,1.6309799474681619,1.846786235247131
TSC_hom,OFT-0715-00,slow,728,2.214545046837162,2.822691148259797,1.1573033707865168,1.743403275987726,2.000595501150269
TSC_hom,OFT-0715-00,fast,729,2.227091416194588,4.0692984395623535,1.3174157303370786,1.6402149622155056,1.8479440998692587
TSC_hom,OFT-0715-00,medium,730,2.2784954955858807,3.66389838788471,1.2640449438202248,1.6477471248863809,1.8699040909668958
TSC_hom,OFT-0716-00,medium,731,2.2419032629520474,4.165904013910786,1.5308988764044944,1.663778422592492,1.8791958445446304
TSC_hom,OFT-0716-00,fast,732,2.292172028141082,4.747191011235955,1.4241573033707866,1.6404482974683474,1.8486827905845022
TSC_hom,OFT-0716-00,slow,733,2.130893406767247,3.7720706260032104,1.5842696629213484,1.7575627156605256,1.9611056402622509
TSC_hom,OFT-0717-00,slow,734,2.2241730661148114,2.889183807616463,1.103932584269663,1.7056612644392264,1.9296443929184872
TSC_hom,OFT-0717-00,fast,735,2.5475223983139577,3.4721804963047527,1.3174157303370786,1.6498875690672845,1.8073161946591383
TSC_hom,OFT-0717-00,medium,736,2.4854097394877135,3.2132090983831185,1.3174157303370786,1.6978682040891337,1.8485785242673498
TSC_hom,OFT-0718-00,fast,737,2.1752091925308017,4.773245399772024,1.3174157303370786,1.6323890556695833,1.8767077401495096
TSC_hom,OFT-0718-00,medium,738,2.28117043428782,4.002337557847347,1.4241573033707866,1.6901469391028592,1.9503143289834952
TSC_hom,OFT-0718-00,slow,739,2.268457547447241,3.439737259192392,1.2640449438202248,1.770521924178693,1.9999966492767947
TSC_hom,OFT-0719-00,medium,740,2.4516501577536554,3.06446393961706,1.2640449438202248,1.7409094333075246,1.9369589638327198
TSC_hom,OFT-0719-00,slow,741,2.6138501076518086,2.8486450760079314,1.2106741573033708,1.7530419647255244,1.899185242498007
TSC_hom,OFT-0719-00,fast,742,2.465347205466235,3.3100897747162774,1.3174157303370786,1.7028175555625622,1.8785794912706035
TSC_hom,OFT-0720-00,fast,743,2.136951755749788,5.278961642774118,1.5308988764044944,1.5917054725457174,1.7847122924316503
TSC_hom,OFT-0720-00,medium,744,2.152805988044218,4.569288389513109,1.3707865168539326,1.584680296880564,1.809429058919774
TSC_hom,OFT-0720-00,slow,745,2.1539334859353523,3.9054005074302283,1.2106741573033708,1.6451117124769508,1.8742700787484239
TSC_hom,OFT-0721-00,slow,746,2.27349174206353,3.2258265208356667,1.3707865168539326,1.7464969617460444,1.9753608127438589
TSC_hom,OFT-0721-00,medium,747,2.413552975781198,3.2132090983831185,1.3174157303370786,1.7116080987507445,1.8517046740716243
TSC_hom,OFT-0721-00,fast,748,2.3513893882605212,3.5604844593608638,1.3707865168539326,1.66112155228445,1.8610006728658206
TSC_hom,OFT-0722-00,medium,749,2.2956365697378063,4.418381244223942,1.4241573033707866,1.671466668116341,1.894549804863631
TSC_hom,OFT-0722-00,fast,750,2.167515034696916,5.340131900341963,1.6376404494382022,1.6548224383052679,1.869437072990902
TSC_hom,OFT-0722-00,slow,751,2.6317270276028295,4.055539128720678,1.5308988764044944,1.7444637261147022,1.9983647402992843
TSC_hom,OFT-0723-00,medium,752,2.2151973857072043,4.653920322810771,1.4775280898876404,1.6234708526142445,1.8478433308206235
TSC_hom,OFT-0723-00,fast,753,2.2004163174231164,5.095931081173409,1.3707865168539326,1.5804300007338548,1.8124678548489102
TSC_hom,OFT-0723-00,slow,754,2.1816161861760106,4.502643754130866,1.5308988764044944,1.6477396107086848,1.8943577338097262
TSC_hom,OFT-0724,slow,755,2.0186826976920678,3.241673701067813,1.2640449438202248,1.6785134384189224,1.9048204517434046
TSC_hom,OFT-0724,medium,756,2.1077031834465396,3.9606741573033712,1.5842696629213484,1.6930181326257623,1.8506495863695378
TSC_hom,OFT-0724,fast,757,2.126253874304682,4.28342201149513,1.4241573033707866,1.5662689879747203,1.755747040389689
TSC_hom,OFT-0725,slow,758,2.199345020794262,3.2132090983831185,1.3174157303370786,1.7444692304743454,1.9541358709962902
TSC_hom,OFT-0725,fast,759,2.2464316609623407,3.6674254165052305,1.4241573033707866,1.6856685797260775,1.9014069789588708
TSC_hom,OFT-0725,medium,760,2.1643794785421187,3.436111836948001,1.4775280898876404,1.6753052647894668,1.882213479788602
TSC_hom,OFT-0726,slow,761,2.2861196405982867,2.9742233972240584,1.2640449438202248,1.7432405759617482,2.0001136350525264
TSC_hom,OFT-0726,fast,762,2.440605525083429,3.7314876713033196,1.4241573033707866,1.7366004077207695,1.9298999334334548
TSC_hom,OFT-0726,medium,763,2.3652797836707915,3.2637774210807917,1.3707865168539326,1.7284324231778097,1.9451296107289686
TSC_hom,OFT-0727,slow,764,2.4603790722030534,2.939639404233081,1.2640449438202248,1.796509627030763,2.054574057277474
TSC_hom,OFT-0727,fast,765,2.4201323300353397,4.02780422776614,1.5842696629213484,1.6765300649039692,1.9082251842947213
TSC_hom,OFT-0727,medium,766,2.44654559171314,3.3166346944368326,1.3707865168539326,1.758530701053664,1.9777849066294386
TSC_hom,OFT-0728,medium,767,2.267178063963434,3.2637774210807917,1.3707865168539326,1.675036568558445,1.8967051263195014
TSC_hom,OFT-0728,slow,768,2.3705256593568103,2.882557517388978,1.2106741573033708,1.7363509834132296,1.9795368613661792
TSC_hom,OFT-0728,fast,769,2.2814302363891428,3.517924023542001,1.4775280898876404,1.6855057702223992,1.8682215788953134
TSC_hom,OFT-0729,slow,770,2.1952572484238586,3.3779890521463556,1.3174157303370786,1.744190467435004,1.9545764907492469
TSC_hom,OFT-0729,medium,771,2.1286156883455942,4.028681253696038,1.5308988764044944,1.7242521196636251,1.9166483450198821
TSC_hom,OFT-0729,fast,772,2.1666012917391826,4.5281342702356,1.6376404494382022,1.6425748832690485,1.8618260540058242
TSC_hom,OFT-0730,medium,773,2.4347420728128912,3.431704345471775,1.4241573033707866,1.7334042941365337,1.9574709029930406
TSC_hom,OFT-0730,slow,774,2.3989522090229043,3.009630818619583,1.2640449438202248,1.7503590924077674,2.003279213650428
TSC_hom,OFT-0730,fast,775,2.528895222234255,3.6516853932584277,1.4241573033707866,1.7179082749774885,1.9877801325664115
TSC_hom,OFT-0731,slow,776,2.220539972442511,3.8640723485886546,1.5842696629213484,1.7080691856195096,1.9805286765865462
TSC_hom,OFT-0731,medium,777,2.284039203896901,3.9635337478759003,1.5308988764044944,1.6305098104934148,1.8313884750370961
TSC_hom,OFT-0731,fast,778,2.0876518672302193,4.373996789727127,1.5308988764044944,1.6116065042255767,1.7734874579369784
TSC_hom,OFT-0732,fast,779,2.252986460538937,4.718740100993162,1.6376404494382022,1.66650209470696,1.8770302543848145
TSC_hom,OFT-0732,medium,780,2.2758245454846895,4.018900831954636,1.6376404494382022,1.734794015494574,1.8994927750453385
TSC_hom,OFT-0732,slow,781,2.226295467891865,2.7357107962872496,0.9438202247191011,1.708789043289964,1.9633758312438214
TSC_hom,OFT-0733,medium,782,2.1384395739023505,3.5604844593608638,1.3707865168539326,1.6324386838182714,1.8422361837575334
TSC_hom,OFT-0733,fast,783,2.1071740823094105,4.253264500455512,1.5842696629213484,1.6110077585988025,1.8222333832099904
TSC_hom,OFT-0733,slow,784,2.3205586533074385,3.2132090983831185,1.3174157303370786,1.7050526997178288,1.9610131334050962
TSC_hom,OFT-0734,fast,785,2.304437339561433,4.4739152128917805,1.4241573033707866,1.6431191861634005,1.8515330295479215
TSC_hom,OFT-0734,slow,786,2.3096139434469865,4.187803957739392,1.3707865168539326,1.7291207824367003,1.942341965895912
TSC_hom,OFT-0734,medium,787,2.380338664287664,3.8747521480502316,1.3174157303370786,1.7462505015724017,1.9553412016431218
TSC_hom,OFT-0735,slow,788,2.3876457997406937,2.808988764044944,1.2640449438202248,1.758164958909769,2.008632358851033
TSC_hom,OFT-0735,fast,789,2.499583125764538,4.137564530822957,1.5308988764044944,1.698162171240762,1.8979520723925436
TSC_hom,OFT-0735,medium,790,2.3594701358211867,3.4925914174954147,1.3707865168539326,1.685504646355814,1.8699773669850217
TSC_neg,OFT-0360-00,fast,791,2.254926468107365,5.467495987158909,1.5308988764044944,1.6275305429357536,1.829652107531097
TSC_neg,OFT-0360-00,slow,792,2.41159618938368,4.382022471910113,1.4241573033707866,1.6255485819693807,1.8814852184363355
TSC_neg,OFT-0360-00,medium,793,2.531797265188151,4.746783911415079,1.6376404494382022,1.6413978137061034,1.836734385226099
TSC_neg,OFT-0362-00,slow,794,2.146968144341076,3.127846948071667,1.1573033707865168,1.7353699323983742,1.9706376372021126
TSC_neg,OFT-0362-00,fast,795,2.1817782605926133,5.1660967269174405,1.5842696629213484,1.6175939016689418,1.7998802794828708
TSC_neg,OFT-0362-00,medium,796,2.1834790436934033,4.462731444848869,1.5842696629213484,1.7054845678136303,1.8809546555180399
TSC_neg,OFT-0363-00,medium,797,2.2395355036794413,4.3533647293982245,1.5308988764044944,1.698642442830957,1.9080651146784504
TSC_neg,OFT-0363-00,fast,798,2.2148797202652193,4.8746758859118415,1.5842696629213484,1.6490873048932977,1.8587424636164718
TSC_neg,OFT-0363-00,slow,799,2.191684370743363,3.9197326870823237,1.3707865168539326,1.7016716233689793,1.9689357512674288
TSC_neg,OFT-0368-00,fast,800,2.236355917702239,5.4326421869570245,1.3174157303370786,1.6145565247837916,1.835498201396599
TSC_neg,OFT-0368-00,medium,801,2.2395795089945287,4.869269564417944,1.4241573033707866,1.6615243464413427,1.9043111265519583
TSC_neg,OFT-0368-00,slow,802,2.214822931696645,3.5018726591760303,1.050561797752809,1.7154385849172757,1.9790898142422695
TSC_neg,OFT-0369-00,slow,803,2.2157334234899846,4.49438202247191,1.797752808988764,1.7688051521863584,1.9970914913669224
TSC_neg,OFT-0369-00,medium,804,2.326830646157419,4.569288389513109,1.3707865168539326,1.7207556603148004,1.9134131285820628
TSC_neg,OFT-0369-00,fast,805,2.26540691189517,4.502643754130866,1.5308988764044944,1.7089740761387784,1.9224977421804783
TSC_neg,OFT-0372-00,fast,806,2.34034774241418,4.7906026557711945,1.3174157303370786,1.6255190259211807,1.844537067435632
TSC_neg,OFT-0372-00,medium,807,2.415119132344323,4.530484392160176,1.4775280898876404,1.6451174783521636,1.882909710033033
TSC_neg,OFT-0372-00,slow,808,2.4000473550604853,4.188697951090549,1.4241573033707866,1.753719479760211,1.9850419699082584
TSC_neg,OFT-0377-00,fast,809,2.272161462246467,5.5755776976892095,1.4775280898876404,1.5990136404030189,1.8167048055403563
TSC_neg,OFT-0377-00,medium,810,2.262093006299358,4.485812934724452,1.4241573033707866,1.6301455944615846,1.8767047826583334
TSC_neg,OFT-0377-00,slow,811,2.257956955257985,3.9054005074302283,1.2106741573033708,1.6430636884534087,1.949331928420038
TSC_neg,OFT-0379-00,fast,812,2.2610096437166876,5.094924447888415,1.4775280898876404,1.645998323759248,1.8327778741231668
TSC_neg,OFT-0379-00,slow,813,2.3542078875607078,3.7944372812672684,1.1573033707865168,1.6668409272120714,1.877891919284898
TSC_neg,OFT-0379-00,medium,814,2.279536789852523,4.020670662967107,1.4775280898876404,1.7197968901138185,1.877722650798393
TSC_neg,OFT-0380-00,medium,815,2.358587305199415,4.49438202247191,1.3707865168539326,1.6630505653644956,1.862753193226345
TSC_neg,OFT-0380-00,fast,816,2.2562439085398416,4.6955911089399125,1.4241573033707866,1.650326686540454,1.8650271386025208
TSC_neg,OFT-0380-00,slow,817,2.119897248555429,4.827651875833174,1.4241573033707866,1.6613773687156472,1.8699151711884352
TSC_neg,OFT-0381-00,fast,818,2.2309325735673844,4.594055817325118,1.4241573033707866,1.6709582363438251,1.8447475678588192
TSC_neg,OFT-0381-00,medium,819,2.2429930542325964,4.178946398968503,1.2640449438202248,1.697898304220248,1.8945706066080568
TSC_neg,OFT-0381-00,slow,820,2.283747401388494,3.5638892942263727,1.2106741573033708,1.7948632555005022,1.9972809043835773
TSC_neg,OFT-0382-00,fast,821,2.2433548560534815,5.477528089887641,1.4241573033707866,1.6026852509711564,1.7867214115298087
TSC_neg,OFT-0382-00,medium,822,2.3965417438813192,4.570258263619074,1.6376404494382022,1.7173752199700352,1.9288482282734425
TSC_neg,OFT-0382-00,slow,823,2.3437976851454705,4.178946398968503,1.2640449438202248,1.6866300702985244,1.9549883286171654
TSC_neg,OFT-0386-00,fast,824,2.2261003561663917,5.9691011235955065,1.6910112359550562,1.5642073728866785,1.7975540249449469
TSC_neg,OFT-0386-00,slow,825,2.636782509869582,4.443944729874631,1.4775280898876404,1.6562815211843327,1.8926872775478785
TSC_neg,OFT-0386-00,medium,826,2.308873962456415,4.950842696629214,1.5842696629213484,1.6401640306141327,1.828011559331558
TSC_neg,OFT-0394-00,medium,827,2.22025430104976,4.282690115616349,1.4775280898876404,1.6639203828821698,1.8456899190562748
TSC_neg,OFT-0394-00,slow,828,2.3834738332632104,4.003889369057909,1.5308988764044944,1.7188500314186534,1.9462097276649628
TSC_neg,OFT-0394-00,fast,829,2.3363105682411627,4.919264682213435,1.5308988764044944,1.6184938862210423,1.781995509505553
TSC_neg,OFT-0395-00,medium,830,2.375557936928664,4.3587756683456025,1.2640449438202248,1.7404701258572055,1.9373923812641392
TSC_neg,OFT-0395-00,fast,831,2.548139152454535,4.800817160367722,1.5842696629213484,1.6764722416916737,1.8332485701497248
TSC_neg,OFT-0395-00,slow,832,3.1523498055576336,4.49438202247191,1.3707865168539326,1.7159800613357548,1.9442676162043577
TSC_neg,OFT-0398-00,medium,833,2.3603662337687434,3.774210200947058,1.5842696629213484,1.7409918906776685,1.9754633278865068
TSC_neg,OFT-0398-00,slow,834,2.6877419348535327,3.479315628192033,1.5308988764044944,1.8346497972758433,2.0772404272105125
TSC_neg,OFT-0398-00,fast,835,2.440826131575396,4.221508828250402,1.4775280898876404,1.6695701467368915,1.8411845717142818
TSC_neg,OFT-0399-00,fast,836,2.3832536934282866,4.653101306293962,1.2640449438202248,1.6894517306739327,1.9329986493535738
TSC_neg,OFT-0399-00,slow,837,2.299627232829404,4.2249577733715205,1.4775280898876404,1.7598716643631158,1.9801172943521281
TSC_neg,OFT-0399-00,medium,838,2.6652597918941265,4.622511334516065,1.3174157303370786,1.804949775395966,2.0404998508222225
TSC_neg,OFT-0410-00,fast,839,2.3934137232140986,4.569288389513109,1.3707865168539326,1.6431653291691408,1.859511362950102
TSC_neg,OFT-0410-00,slow,840,2.2752876904472505,3.8621366149456033,1.3707865168539326,1.7225248918514187,1.9743785701467726
TSC_neg,OFT-0410-00,medium,841,2.30868659510046,3.888951687654014,1.3707865168539326,1.6951905740656592,1.9132128687714702
TSC_neg,OFT-0411-00,fast,842,2.2717412697365695,5.410999408633945,1.3707865168539326,1.582237364778074,1.822570844795116
TSC_neg,OFT-0411-00,slow,843,2.115227835493405,3.655430711610487,1.3707865168539326,1.8033733394578537,2.027698796658524
TSC_neg,OFT-0411-00,medium,844,2.1348540906929894,5.053852343280703,1.797752808988764,1.7524504767348419,1.9790512211407485
TSC_neg,OFT-0414-00,fast,845,2.3930089824730945,4.458272426873645,1.3174157303370786,1.6110468347784295,1.7772694970944072
TSC_neg,OFT-0414-00,medium,846,2.552825631022462,4.282690115616349,1.4775280898876404,1.7092822153964675,1.8964839863070977
TSC_neg,OFT-0414-00,slow,847,2.4034268691028786,3.8747521480502316,1.3174157303370786,1.7265583496598884,1.9422688248415099
TSC_neg,OFT-0415-00,medium,848,2.4072343525690245,4.127217533683057,1.3707865168539326,1.7529072881183412,1.9706016541888152
TSC_neg,OFT-0415-00,fast,849,2.3574407667846202,5.0477947341941976,1.6910112359550562,1.7751342892592006,2.0721621816166116
TSC_neg,OFT-0415-00,slow,850,2.638019875864732,3.7048284239295475,1.3707865168539326,1.8302889529427047,2.134795172811969
TSC_neg,OFT-0456-00,medium,851,2.182395096261274,4.335926246038606,1.6910112359550562,1.667304374238539,1.8788101954771301
TSC_neg,OFT-0456-00,fast,852,2.4667067116626544,4.653631779173671,1.4775280898876404,1.6199056906722105,1.7544834729484078
TSC_neg,OFT-0456-00,slow,853,2.13956553871093,3.936225551394091,1.5842696629213484,1.7686200367537497,1.9819462223634192
TSC_neg,OFT-0457-00,slow,854,2.3116698685329973,2.7831589823065994,1.2106741573033708,1.7426618467583626,1.9989020607593022
TSC_neg,OFT-0457-00,medium,855,2.232538399588428,3.3966162985922765,1.4775280898876404,1.737021313783326,1.9870779699889898
TSC_neg,OFT-0457-00,fast,856,2.2669890546818485,3.728866953691064,1.3174157303370786,1.7188124803426286,1.8746380823571789
TSC_neg,OFT-0458-00,fast,857,2.2208605123409417,5.276886035313001,1.4775280898876404,1.5944353453696032,1.8003581941086402
TSC_neg,OFT-0458-00,slow,858,1.9228021915488063,4.282690115616349,1.4775280898876404,1.6404395855048124,1.7846309231522868
TSC_neg,OFT-0458-00,medium,859,2.0033646748444833,5.25461159994756,1.6376404494382022,1.6202824713093356,1.7950374321841678
TSC_neg,OFT-0460-00,slow,860,2.0400343333875726,5.771195097037794,1.904494382022472,1.5851384866062668,1.690479197218061
TSC_neg,OFT-0460-00,medium,861,2.059397022162799,5.558840922531047,1.5842696629213484,1.525226012530384,1.6729246103316273
TSC_neg,OFT-0460-00,fast,862,2.2567759016524436,6.243076436144959,1.4775280898876404,1.492488959706761,1.6669107038627378
TSC_neg,OFT-0469-00,slow,863,2.4507586950609386,4.5211342964151955,1.4241573033707866,1.6236541272499858,1.823041160452241
TSC_neg,OFT-0469-00,fast,864,2.2075821652034104,5.831073227431228,1.6910112359550562,1.6070653726887718,1.8125382139053412
TSC_neg,OFT-0469-00,medium,865,2.2068461653213274,5.578414306061085,1.5842696629213484,1.6018003014513342,1.8085142816189215
TSC_neg,OFT-0471-00,medium,866,2.1648212160586433,5.831073227431228,1.6910112359550562,1.5930188368546743,1.7874801031984346
TSC_neg,OFT-0471-00,fast,867,2.1725655140734625,5.59444588118523,1.4241573033707866,1.5977110375347372,1.795976145630202
TSC_neg,OFT-0471-00,slow,868,2.012153375613975,5.447735784814436,1.797752808988764,1.6352978943718186,1.8497119497916585
TSC_neg,OFT-0472-00,medium,869,2.432673903408325,3.2132090983831185,1.3174157303370786,1.7371002164682698,1.9678440324096176
TSC_neg,OFT-0472-00,fast,870,2.3730996033145586,3.5604844593608638,1.3707865168539326,1.6874054517402528,1.9557416377663386
TSC_neg,OFT-0472-00,slow,871,2.3557506213413215,2.824769599798006,1.2640449438202248,1.7520078161850856,2.0040908898258794
TSC_neg,OFT-0473-00,slow,872,2.1228351390720137,4.410531611604897,1.4775280898876404,1.621970356300737,1.862101698805447
TSC_neg,OFT-0473-00,medium,873,2.1356809595279933,4.674500385967922,1.5308988764044944,1.612952634061168,1.820088586742092
TSC_neg,OFT-0473-00,fast,874,2.2401497821250578,5.276886035313001,1.4775280898876404,1.5864181421789776,1.7455623314558324
TSC_neg,OFT-0474-00,medium,875,2.0693584714047457,5.310288830048295,1.851123595505618,1.6521900717406692,1.8337873607176207
TSC_neg,OFT-0474-00,fast,876,2.1368595381758504,5.6367041198501875,1.6910112359550562,1.594329999625482,1.7628097081112188
TSC_neg,OFT-0474-00,slow,877,2.25655755621648,2.0514130064691862,0.6769662921348315,1.6980872022374447,1.950261225652787
TSC_neg,OFT-0476-00,fast,878,2.1077700093276954,5.647036032545524,1.6376404494382022,1.5665154833641803,1.7657048443832237
TSC_neg,OFT-0476-00,slow,879,2.059922007379421,3.940074906367041,1.4775280898876404,1.6607786107564366,1.8840019309370106
TSC_neg,OFT-0476-00,medium,880,2.7385697925072603,1.3835317793057187,0.46348314606741575,1.7228681970253772,1.8452825897913052
TSC_neg,OFT-0481-00,medium,881,2.32619728451219,1.2763770896135929,0.5168539325842697,1.7941527555652497,1.971648272260931
TSC_neg,OFT-0481-00,slow,882,2.306665005185407,3.390850722311397,1.4241573033707866,1.7702871599006136,1.975902625551232
TSC_neg,OFT-0481-00,fast,883,2.405785716641268,4.315628192032687,1.4241573033707866,1.6834774157929913,1.8341255944316275
TSC_neg,OFT-0482-00,fast,884,2.3412775435104334,4.122899293115627,1.3707865168539326,1.679608869508196,1.8697038800739578
TSC_neg,OFT-0482-00,medium,885,2.418738530236412,3.4590690208667736,1.2106741573033708,1.69001742906199,1.9336578079102942
TSC_neg,OFT-0482-00,slow,886,2.399125378622462,2.9608585858585856,1.3174157303370786,1.8078452119420916,2.085328989289607
TSC_neg,OFT-0483-00,fast,887,2.0203112824801557,1.5589173087061186,0.46348314606741575,1.5574215460883754,1.693457577910412
TSC_neg,OFT-0483-00,medium,888,2.1999936994577602,4.816589557171183,1.6376404494382022,1.5587505876040013,1.736155170351816
TSC_neg,OFT-0483-00,slow,889,2.1689914711400218,5.441412520064206,1.904494382022472,1.6942495976701517,1.9694422893563546
TSC_neg,OFT-0488-00,fast,890,2.2008877565440037,5.8146067415730345,1.7443820224719102,1.5865407206993813,1.7795791150345208
TSC_neg,OFT-0488-00,medium,891,2.073637928685869,5.010678596442769,1.6910112359550562,1.6563274281628262,1.8799435131893452
TSC_neg,OFT-0488-00,slow,892,2.173142808503702,4.094740926865327,1.6376404494382022,1.7324488889840293,1.9206152435406034
TSC_neg,OFT-0490-00,fast,893,2.2480873653125046,4.283707865168539,1.3707865168539326,1.690503580436292,1.8430035754362069
TSC_neg,OFT-0490-00,medium,894,2.441738035878942,3.7421443534564847,1.103932584269663,1.6548022072292932,1.8150504359560384
TSC_neg,OFT-0490-00,slow,895,2.223136952803998,3.473554398465333,1.4241573033707866,1.733308627488935,1.9598522741792919
TSC_neg,OFT-0491-00,slow,896,2.3205275138027455,3.164794007490637,1.4241573033707866,1.787957854416295,2.066405123015822
TSC_neg,OFT-0491-00,fast,897,2.4164130345565087,4.162050957429972,1.4775280898876404,1.6973748176096624,1.912896650628481
TSC_neg,OFT-0491-00,medium,898,2.359485839298788,3.605461527520979,1.4241573033707866,1.7589162227498558,2.0407994434949215
TSC_neg,OFT-0512-00,slow,899,2.1696945939645063,3.851470274498649,1.5308988764044944,1.6937111364982713,1.95693745532738
TSC_neg,OFT-0512-00,medium,900,2.232179287660623,4.133147825781154,1.4775280898876404,1.6352193633087286,1.8421357110585628
TSC_neg,OFT-0512-00,fast,901,2.4133825777097755,4.5211342964151955,1.4241573033707866,1.6050208871117926,1.757822387583526
TSC_neg,OFT-0527-00,slow,902,2.2124554707835835,2.37426431246656,0.9971910112359551,1.7628625276060093,1.9584197155208076
TSC_neg,OFT-0527-00,fast,903,2.467680891891662,3.9197547536732933,1.2640449438202248,1.6244998689829475,1.8217661968756367
TSC_neg,OFT-0527-00,medium,904,2.43101060991356,3.2832336203122723,1.2640449438202248,1.6977903075154785,1.9166808429822588
TSC_neg,OFT-0530-00,fast,905,2.1507249001232474,3.7638369806118868,1.1573033707865168,1.6621599983293824,1.9034984105616988
TSC_neg,OFT-0530-00,slow,906,2.4179332663755733,0.6097560975609756,0.25,1.7421097853865146,1.9267423023477601
TSC_neg,OFT-0530-00,medium,907,2.182369808564317,3.506979911474293,1.1573033707865168,1.647256993278502,1.8494208836340298
TSC_neg,OFT-0538-00,fast,908,2.3634566030698636,2.646224929118975,0.9438202247191011,1.6842255203214345,1.9875702692116142
TSC_neg,OFT-0538-00,slow,909,2.727596632686804,2.8014981273408237,1.050561797752809,1.660025568427512,1.8543327167913286
TSC_neg,OFT-0538-00,medium,910,2.245445185711156,3.606039325842697,1.4241573033707866,1.7115319184572422,1.9526647304129765
TSC_neg,OFT-0545-00,slow,911,2.3589964195912265,1.0594569288389513,0.4101123595505618,1.72408493516775,1.9022451176823025
TSC_neg,OFT-0545-00,medium,912,2.222323200930202,4.019306750492372,1.5842696629213484,1.633072709654936,1.8472772069183072
TSC_neg,OFT-0545-00,fast,913,2.2000799213268403,4.194243496998615,1.5308988764044944,1.6317054750784283,1.8486763319751243
TSC_neg,OFT-0587-00,slow,914,2.1432715616223437,3.5829273929739727,1.4241573033707866,1.7023571926367929,1.9830879205933318
TSC_neg,OFT-0587-00,fast,915,2.332411105831025,1.6408061351881578,0.5168539325842697,1.6052960377706813,1.7572344669033957
TSC_neg,OFT-0587-00,medium,916,2.111528452014915,4.704545454545454,1.7443820224719102,1.649025233994696,1.8818719455478594
TSC_neg,OFT-0590-00,slow,917,2.214981567269878,3.747782377291544,1.4241573033707866,1.6825889131485923,1.9271247838474237
TSC_neg,OFT-0590-00,fast,918,2.4372162975398117,4.87725103894105,1.4241573033707866,1.6247694450814683,1.7575376267439575
TSC_neg,OFT-0590-00,medium,919,2.3924431051390087,4.458928766226683,1.5308988764044944,1.6654300334063081,1.8694328590107332
TSC_neg,OFT-0593-00,medium,920,2.2408939760309776,4.283707865168539,1.3707865168539326,1.64174238464091,1.880991057921437
TSC_neg,OFT-0593-00,fast,921,2.3063219798618637,5.628678437667201,1.4775280898876404,1.5811725600622806,1.7733078234985669
TSC_neg,OFT-0593-00,slow,922,2.345067576047344,3.764044943820225,1.3174157303370786,1.6687250676467067,1.8764095226237085
TSC_neg,OFT-0596-00,fast,923,2.072049775266446,5.0912468869454415,1.6376404494382022,1.6331879650213919,1.8515425046010525
TSC_neg,OFT-0596-00,slow,924,2.2734913481235735,3.8889516876540142,1.3707865168539326,1.6872372928347716,1.9872486888542935
TSC_neg,OFT-0596-00,medium,925,2.189399856057211,3.6882890113227194,1.3707865168539326,1.6861269742625515,1.9436923274977258
TSC_neg,OFT-0600-00,medium,926,2.1438556715006625,3.803622208350673,1.5308988764044944,1.6328886344921048,1.8874287743559623
TSC_neg,OFT-0600-00,fast,927,2.2503250088073936,4.581757778738115,1.4775280898876404,1.6017035046902894,1.8390422999208946
TSC_neg,OFT-0600-00,slow,928,2.269617547004908,2.7720835186653514,1.1573033707865168,1.7833616934269922,2.0810931589102326
TSC_neg,OFT-0603-00,medium,929,2.435106844894697,4.594055817325118,1.4241573033707866,1.6194092929998694,1.8008360261641159
TSC_neg,OFT-0603-00,fast,930,2.3096560417096708,4.857760636926866,1.3174157303370786,1.599780455348833,1.7800462286682315
TSC_neg,OFT-0603-00,slow,931,2.317786581646218,3.8747521480502316,1.3174157303370786,1.6714747615858252,1.909527262269073
TSC_neg,OFT-0609-00,fast,932,2.2596135321108726,4.474495376354779,1.2640449438202248,1.6395265973236954,1.8738042832814532
TSC_neg,OFT-0609-00,slow,933,2.6508845728184895,3.7833567415730336,1.2106741573033708,1.695165650515945,1.9341018255338498
TSC_neg,OFT-0609-00,medium,934,2.372374231046938,4.3456708526107075,1.4775280898876404,1.6501681907764445,1.8758699967941528
TSC_neg,OFT-0615-00,fast,935,2.088103249319152,4.581757778738115,1.4775280898876404,1.5857667217876392,1.8303290515417119
TSC_neg,OFT-0615-00,slow,936,2.397155489709044,3.60372704850644,1.4775280898876404,1.7736131379165458,2.038319878410135
TSC_neg,OFT-0615-00,medium,937,2.271591288389869,4.132877381533953,1.5842696629213484,1.663011884583664,1.9146424361275476
TSC_neg,OFT-0616-00,medium,938,2.0737560168348916,4.19907807548257,1.6376404494382022,1.6583568925197687,1.873650455327768
TSC_neg,OFT-0616-00,slow,939,2.0958094090557604,3.431704345471775,1.4241573033707866,1.6797805771097545,1.900343405252889
TSC_neg,OFT-0616-00,fast,940,2.122786782431211,4.74115299800483,1.6910112359550562,1.6023660214398787,1.7737787164199588
TSC_neg,OFT-0618-00,slow,941,2.1940605906842654,3.60372704850644,1.4775280898876404,1.7254280642928608,1.9665775414196058
TSC_neg,OFT-0618-00,medium,942,2.1536957718365195,3.9606741573033712,1.5842696629213484,1.6777419225240675,1.889800790985241
TSC_neg,OFT-0618-00,fast,943,2.1844546474732685,4.399007055134571,1.4241573033707866,1.640386586571144,1.8418514159544057
TSC_neg,OFT-0619-00,slow,944,2.387019174284391,3.009630818619583,1.2640449438202248,1.7879385388555395,2.0206321119619814
TSC_neg,OFT-0619-00,medium,945,2.3367044280631983,3.476536682088566,1.4775280898876404,1.7815904248604957,1.9970769685985952
TSC_neg,OFT-0619-00,fast,946,2.2560595474144494,3.8640723485886546,1.5842696629213484,1.732823571486844,1.9753068674812575
TSC_neg,OFT-0622-00,slow,947,2.6282670060075777,2.6600763468740998,1.050561797752809,1.7413822760220339,1.9790840448611255
TSC_neg,OFT-0622-00,medium,948,2.4694751188821673,3.155599927801092,1.3174157303370786,1.7969414474151926,1.9984157783630938
TSC_neg,OFT-0622-00,fast,949,2.335374416986966,3.3779890521463556,1.3174157303370786,1.727913332679884,1.9158622895801802
TSC_neg,OFT-0623-00,slow,950,2.5242706851671257,3.2637774210807917,1.3707865168539326,1.7875723132978072,2.027437022668745
TSC_neg,OFT-0623-00,medium,951,2.212428494408295,4.082397003745318,1.5308988764044944,1.7188339804884787,1.934769435889597
TSC_neg,OFT-0623-00,fast,952,2.2944863622882687,4.315628192032687,1.4241573033707866,1.6559872304192482,1.8368973256439958
TSC_neg,OFT-0625-00,slow,953,2.383806691107958,3.118252919145186,1.3174157303370786,1.846897800278724,2.048926346039804
TSC_neg,OFT-0625-00,fast,954,2.246072918028134,3.5309685207540165,1.4241573033707866,1.7115738483514045,1.943769317925635
TSC_neg,OFT-0625-00,medium,955,2.4283237677960394,3.314384511449296,1.3174157303370786,1.7363899810720684,1.907956953063658
TSC_neg,OFT-0626-00,medium,956,2.4655312323998744,3.3999240459914613,1.3174157303370786,1.7677998683681946,1.9881842279598811
TSC_neg,OFT-0626-00,slow,957,2.3525597299770302,3.7338996985475474,1.5308988764044944,1.8031625661663564,2.0706669934233126
TSC_neg,OFT-0626-00,fast,958,2.5067046547249414,3.919699000103083,1.4241573033707866,1.7157184466709299,1.8993968768362548
TSC_neg,OFT-0627-00,fast,959,2.418121432342028,3.2935393258426964,1.3174157303370786,1.779468162326958,1.981426555287541
TSC_neg,OFT-0627-00,slow,960,2.753847612772344,2.5089376915219614,1.103932584269663,1.8583002627381133,2.050946635849945
TSC_neg,OFT-0627-00,medium,961,2.687716205653791,2.8728294177732385,1.2640449438202248,1.9062844352956339,2.0476673547934037
TSC_neg,OFT-0629-00,slow,962,2.4776826332677744,2.567285079696891,1.103932584269663,1.9381842364127857,2.085028200834278
TSC_neg,OFT-0629-00,fast,963,2.6324180278331974,3.236721144024515,1.4241573033707866,1.7749112450995208,1.9118918247793026
TSC_neg,OFT-0629-00,medium,964,2.6587321132698034,2.9482688729744617,1.3707865168539326,1.9083803867808529,2.0568233174225754
TSC_neg,OFT-0631-00,medium,965,2.7908847929603433,2.9488579588625763,0.9971910112359551,1.7554120117134242,2.020892168364296
TSC_neg,OFT-0631-00,slow,966,2.7376890931168774,2.6284109149277692,1.103932584269663,1.8367989552248778,2.097032929664889
TSC_neg,OFT-0631-00,fast,967,2.421654624985941,3.6313818253498913,1.3707865168539326,1.8219548770407137,2.066259353806855
TSC_neg,OFT-0633-00,fast,968,2.500842212847196,3.061797752808989,1.5308988764044944,1.83429768269549,1.9964363655558626
TSC_neg,OFT-0633-00,slow,969,2.9607420302666663,2.5089376915219614,1.103932584269663,1.8984647857313064,2.135591905763041
TSC_neg,OFT-0633-00,medium,970,2.5616538086598575,2.747923790913532,1.2640449438202248,1.8990318571225902,2.0060818003823315
TSC_neg,OFT-0635-00,medium,971,2.449087320510265,3.560583054965077,1.3174157303370786,1.7242007019301349,1.9397354013422243
TSC_neg,OFT-0635-00,fast,972,2.2509563548643032,4.31770554663813,1.3707865168539326,1.6455076585893667,1.8531996125911365
TSC_neg,OFT-0635-00,slow,973,2.2157715837410077,3.160112359550562,1.2640449438202248,1.7451014646429797,2.0045012365263646
TSC_neg,OFT-0638-00,slow,974,2.11023535859589,3.7338996985475474,1.5308988764044944,1.7176071416347318,1.933409042323469
TSC_neg,OFT-0638-00,medium,975,2.380073366596349,4.221508828250402,1.4775280898876404,1.6734703892293938,1.86494846343988
TSC_neg,OFT-0638-00,fast,976,2.5082094772278096,4.617275280898876,1.4775280898876404,1.6351810063560999,1.7854929258166399
TSC_neg,OFT-0659-00,fast,977,2.4954084270198025,3.8613704700110776,1.3707865168539326,1.7060886150613321,1.861391964258101
TSC_neg,OFT-0659-00,slow,978,2.4489726528104296,3.51697382844615,1.4241573033707866,1.766705788386986,1.979225346596527
TSC_neg,OFT-0659-00,medium,979,2.5598051562938644,3.4937253757478475,1.3707865168539326,1.7465965971367956,1.925627441105919
TSC_neg,OFT-0672-00,slow,980,2.6060818384767828,2.974635111426332,1.2640449438202248,1.949738532977617,2.179083150336564
TSC_neg,OFT-0672-00,medium,981,2.7467551465426934,3.2132090983831185,1.3174157303370786,1.936249342512498,2.071967198164304
TSC_neg,OFT-0672-00,fast,982,2.690807374521957,3.4241691556440528,1.3174157303370786,1.7565311642309638,1.9197669478496096
TSC_neg,OFT-0680-00,medium,983,2.516329702200704,3.0197980870368735,1.3174157303370786,1.8834648563423593,2.0886440057690656
TSC_neg,OFT-0680-00,fast,984,2.462133728277633,3.7030202750920003,1.4775280898876404,1.731957400425014,1.9671188768726575
TSC_neg,OFT-0680-00,slow,985,2.487877624148742,2.4231038025866405,0.8904494382022472,1.9045673174208793,2.1734085247489876
new_preds,OFT-0000-00,fast,986,2.126069903802655,4.792123012433616,1.4775280898876404,1.6445091337675204,1.8442540451061513
new_preds,OFT-0000-00,medium,987,2.1872975558520498,4.104244694132334,1.4775280898876404,1.671336160525652,1.9123252048493637
new_preds,OFT-0000-00,slow,988,2.3049289845083356,3.6522857032030696,1.4241573033707866,1.7130199956214935,1.9433384022901066
new_preds,OFT-0000-01,slow,989,2.6600320739282046,3.654087817859255,1.4241573033707866,1.7060671371777014,1.9425264035972796
new_preds,OFT-0000-01,fast,990,2.2132935466738077,4.213483146067416,1.2640449438202248,1.6827147074356115,1.9017664641704806
new_preds,OFT-0000-01,medium,991,2.360666392238172,4.450491573033708,1.4241573033707866,1.630092427243268,1.8212002434359666
new_preds,OFT-0001-00,slow,992,2.1931754746962793,4.837746523139782,1.5842696629213484,1.6651880089818294,1.9880776881777646
new_preds,OFT-0001-00,medium,993,2.4381269869643263,4.382022471910113,1.4241573033707866,1.656944474321191,1.895489145449815
new_preds,OFT-0001-00,fast,994,2.3434984624397157,4.9929918889731395,1.6376404494382022,1.6529784345988467,1.9007840514429915
new_preds,OFT-0001-01,fast,995,2.2037854356994546,4.681647940074907,1.2640449438202248,1.607539067372186,1.840347712146483
new_preds,OFT-0001-01,medium,996,2.2088570768280533,4.993614960704154,1.6910112359550562,1.6628420280805989,1.923291443005448
new_preds,OFT-0001-01,slow,997,2.4398206844844683,4.7108538465791465,1.4241573033707866,1.6455069691288748,1.9751401029612576
new_preds,OFT-0003-00,slow,998,2.033931424684194,3.1835205992509366,1.050561797752809,1.6440601977142522,1.9374909454768376
new_preds,OFT-0003-00,fast,999,2.2554246654178303,4.914559838773699,1.4775280898876404,1.6679664140896315,2.0006452379324746
new_preds,OFT-0003-00,medium,1000,2.2659815492370665,5.364014160381714,1.9578651685393258,1.6795935965106714,1.949818952999096
new_preds,OFT-0004-00,slow,1001,2.447062385705302,3.7338996985475474,1.5308988764044944,1.7999483926449462,2.037870248941118
new_preds,OFT-0004-00,fast,1002,2.3005040190205075,4.617275280898876,1.4775280898876404,1.629037047400474,1.8747349092199013
new_preds,OFT-0004-00,medium,1003,2.4564122860577355,3.9478114478114477,1.3174157303370786,1.70185081521411,1.924468751336101
new_preds,OFT-0004-02,slow,1004,2.412716646866733,3.799629169072257,1.4241573033707866,1.8563551021470348,2.1342703512522045
new_preds,OFT-0004-02,medium,1005,2.7194229914912884,3.969824651004427,1.4241573033707866,1.8067170244972386,2.0310619241401744
new_preds,OFT-0004-02,fast,1006,2.967124344181853,4.402451481103166,1.2106741573033708,1.679727594575938,1.87191635852649
new_preds,OFT-0005-00,medium,1007,2.377950554973704,4.117929511187938,1.3174157303370786,1.6945895941522464,1.945040832738534
new_preds,OFT-0005-00,fast,1008,2.4162722281690874,4.2753741270629675,1.4775280898876404,1.6828002599369396,1.9086079266159839
new_preds,OFT-0005-00,slow,1009,2.2185097885177822,3.610035597395148,1.3174157303370786,1.7469571675842086,1.9860020396943547
new_preds,OFT-0005-01,fast,1010,2.355027761045067,4.249728162377672,1.3174157303370786,1.6542917836436342,1.8117217308556166
new_preds,OFT-0005-01,slow,1011,2.679333465586366,3.8613704700110776,1.3707865168539326,1.8554828607944072,2.0653730047718706
new_preds,OFT-0005-01,medium,1012,2.507949403279097,3.9304235090751947,1.050561797752809,1.8071055654297368,2.0857210565128814
new_preds,OFT-0005-02,slow,1013,2.284326814126497,3.7036078174171685,1.1573033707865168,1.7385525216749917,1.9794805001797322
new_preds,OFT-0005-02,fast,1014,2.580206174343977,4.00140658751821,1.1573033707865168,1.708327741738202,1.9034684111783526
new_preds,OFT-0005-02,medium,1015,2.3324673791606934,4.028681253696038,1.5308988764044944,1.7434166696151385,2.0664048719074097
new_preds,OFT-0006-00,medium,1016,2.410637620674211,4.21780466724287,1.3707865168539326,1.5992527750800185,1.8268549649238337
new_preds,OFT-0006-00,fast,1017,2.282172213442313,4.283589840430554,1.4775280898876404,1.6193754966611202,1.843094694922854
new_preds,OFT-0006-00,slow,1018,2.2251082549279646,3.819398545935228,1.3174157303370786,1.6451727829193952,1.9083167086613646
new_preds,OFT-0006-01,slow,1019,2.2564174804459163,3.8640723485886546,1.5842696629213484,1.8165909567176057,1.9845141801283561
new_preds,OFT-0006-01,medium,1020,2.3236077486971243,4.05650890748112,1.4241573033707866,1.700101145067708,1.9066544785899628
new_preds,OFT-0006-01,fast,1021,2.612022004077151,12.11376404494382,4.199438202247191,1.7416254898811632,1.8744480050134122
new_preds,OFT-0006-02,slow,1022,2.295158177352407,4.831460674157303,1.6910112359550562,1.8284868736300028,2.1221178634815647
new_preds,OFT-0006-02,fast,1023,2.2290424172682655,4.5055760001119385,1.797752808988764,1.7335851418583468,1.9696176487405481
new_preds,OFT-0006-02,medium,1024,2.4767118177628102,3.4668835008870493,1.3174157303370786,1.7398324062494042,1.9787169796103068
new_preds,OFT-0007-00,medium,1025,2.3072277022794117,4.07613342910403,1.4775280898876404,1.6666971562141109,1.8624812253185836
new_preds,OFT-0007-00,fast,1026,2.448106050888905,4.569847392252222,1.5308988764044944,1.6410544190045167,1.848017450806287
new_preds,OFT-0007-00,slow,1027,2.327115393819383,3.7139772425623416,1.3174157303370786,1.7102135484629868,1.9408371468051235
new_preds,OFT-0007-01,fast,1028,2.456398418774158,4.524929775280898,1.4775280898876404,1.6386492188644004,1.834043137100959
new_preds,OFT-0007-01,medium,1029,2.426644007959978,3.8343678793116993,1.3707865168539326,1.7028160833794737,1.9286031266575139
new_preds,OFT-0007-01,slow,1030,2.569042008515121,3.5610728524827837,1.103932584269663,1.7358256808348926,1.9835609904353806
new_preds,OFT-0008-00,medium,1031,2.314272427479741,4.342104438609574,1.4241573033707866,1.6194863048062609,1.8550121727323625
new_preds,OFT-0008-00,fast,1032,2.1275628359957794,4.6467339554370595,1.3707865168539326,1.5521759012449854,1.7916069404125923
new_preds,OFT-0008-00,slow,1033,2.2199263365374584,3.969824651004427,1.4241573033707866,1.6540357644245864,1.9055960379410868
new_preds,OFT-0008-01,slow,1034,2.2575023637066276,4.185934315652786,1.4775280898876404,1.7238708511347167,1.9164064507438685
new_preds,OFT-0008-01,fast,1035,2.2632545883581696,5.796108522882982,1.5842696629213484,1.6038356392474185,1.8927533441083757
new_preds,OFT-0008-01,medium,1036,2.1927144188651435,5.266505530877102,1.9578651685393258,1.7479877878939072,1.93483645768289
new_preds,OFT-0009-00,fast,1037,2.472620526638927,4.37084384315524,1.4241573033707866,1.6534084806024387,1.8282797806809277
new_preds,OFT-0009-00,slow,1038,2.1210948596928367,3.3545025240188893,1.1573033707865168,1.6473487817499428,1.8958060363639475
new_preds,OFT-0009-00,medium,1039,2.3494580895833828,3.9933191618584876,1.4775280898876404,1.6824167080322572,1.9204577091408037
new_preds,OFT-0009-01,fast,1040,2.3377632826693135,4.546240276577356,1.4775280898876404,1.6584205021744785,1.8395201452143473
new_preds,OFT-0009-01,medium,1041,2.287189730523904,3.9165329052969504,1.3707865168539326,1.7673767832880563,1.9628806678724857
new_preds,OFT-0009-01,slow,1042,2.2143084864389975,3.185984624482555,1.2106741573033708,1.7700967473559757,2.040680215186217
new_preds,OFT-0010-00,medium,1043,2.3145476203360733,4.2816334303670045,1.3707865168539326,1.6508199293261223,1.8837307448084766
new_preds,OFT-0010-00,slow,1044,2.2118183740761914,4.373996789727127,1.5308988764044944,1.722010568014802,1.9306973823308085
new_preds,OFT-0010-00,fast,1045,2.2700780472294153,4.617275280898876,1.4775280898876404,1.613881461009933,1.8334150366745363
new_preds,OFT-0010-01,slow,1046,2.245769882295176,4.124417648670868,1.6910112359550562,1.7496151079642415,2.025743658890966
new_preds,OFT-0010-01,medium,1047,2.5632494889614708,4.2249577733715205,1.4775280898876404,1.7469770834967178,1.9545192976655343
new_preds,OFT-0010-01,fast,1048,2.2561071478308414,4.391385767790261,1.3174157303370786,1.6001856965098988,1.8559469222873342
new_preds,OFT-0010-02,fast,1049,3.197315329196184,4.747154766219644,1.4775280898876404,1.6585389742102743,1.9360923104915173
new_preds,OFT-0010-02,slow,1050,2.511431178526211,4.431453378082592,1.904494382022472,1.8649762937897036,2.117402607573166
new_preds,OFT-0010-02,medium,1051,2.4554953318409987,3.752006420545747,1.050561797752809,1.624692270822901,1.954838749150842
new_preds,OFT-0011-00,medium,1052,2.473962338451225,4.2940500510725235,1.4241573033707866,1.6593026253484342,1.89968178841864
new_preds,OFT-0011-00,fast,1053,2.307346952529093,4.594055817325118,1.4241573033707866,1.6679701608834645,1.8866825247330405
new_preds,OFT-0011-00,slow,1054,2.2369524498189532,3.668709567585972,1.2106741573033708,1.6491369638940512,1.931875747879608
new_preds,OFT-0011-01,fast,1055,2.2337613433354013,5.394995945789413,1.7443820224719102,1.63309244858315,1.8843160819514961
new_preds,OFT-0011-01,slow,1056,2.3266476122548085,4.3456708526107075,1.4775280898876404,1.677153697367259,1.9352268858659927
new_preds,OFT-0011-01,medium,1057,2.3721638016500783,4.2741210886674725,1.4241573033707866,1.7198223296176387,1.9737593856788826
new_preds,OFT-0011-02,fast,1058,2.4921501077229857,4.8863339430363215,1.050561797752809,1.5945079732137784,1.902292595604085
new_preds,OFT-0011-02,medium,1059,2.4205755951207535,4.28489811464483,1.2640449438202248,1.7357855987636268,2.0443737198594145
new_preds,OFT-0011-02,slow,1060,3.019232459514036,4.373996789727127,1.5308988764044944,1.8518181703569736,2.1720750501619626
new_preds,OFT-0012-00,fast,1061,2.326115082318375,4.938383472272562,1.5308988764044944,1.6037736492972392,1.836780463289981
new_preds,OFT-0012-00,medium,1062,2.23118628699823,4.410531611604897,1.4775280898876404,1.650877107727566,1.8757964319059253
new_preds,OFT-0012-00,slow,1063,2.2642235771151893,3.641331137977122,1.2106741573033708,1.6414729121718592,1.9171180312935017
new_preds,OFT-0013-00,slow,1064,2.40319584991589,3.7338996985475474,1.5308988764044944,1.7602289513541516,2.007644366669409
new_preds,OFT-0013-00,fast,1065,2.602958186549581,4.502643754130866,1.5308988764044944,1.6895000926300083,1.9541171194706166
new_preds,OFT-0013-00,medium,1066,2.3496114804567787,3.8105354822717787,1.3707865168539326,1.6801922272502794,1.9093702602767986
new_preds,OFT-0014-00,slow,1067,2.2465345108369217,3.888231815493791,1.4775280898876404,1.748356503341684,2.00447920698034
new_preds,OFT-0014-00,fast,1068,2.3598631764137887,4.615892066734763,1.5308988764044944,1.6675432880348968,1.8809362206412625
new_preds,OFT-0014-00,medium,1069,2.463979590289004,4.281809899787428,1.5842696629213484,1.6924962348773114,1.919345477354318
new_preds,OFT-0015-00,slow,1070,2.2235987177989127,3.5622497739894095,1.050561797752809,1.6181236033412403,1.856058708457906
new_preds,OFT-0015-00,fast,1071,2.4804025346980914,4.800817160367722,1.5842696629213484,1.5946160822184339,1.7462883141395178
new_preds,OFT-0015-00,medium,1072,2.2746478064822964,4.216000161088961,1.3174157303370786,1.6328490547287255,1.878928671343527
new_preds,OFT-0016-00,medium,1073,2.412302957705393,4.337646703216527,1.4241573033707866,1.586852003255053,1.8105502487585
new_preds,OFT-0016-00,fast,1074,2.290106044723637,4.465816035040945,1.3174157303370786,1.6112119545573298,1.8454002830480796
new_preds,OFT-0016-00,slow,1075,2.1023067573262475,3.7110302263016295,1.3174157303370786,1.6832546940723436,1.9092667961419525
new_preds,OFT-0017-00,medium,1076,2.206924147517759,3.992168879809329,1.3174157303370786,1.661313978115621,1.9393455829184916
new_preds,OFT-0017-00,fast,1077,2.403775182157731,4.351703228107723,1.3707865168539326,1.7045790104509406,1.9184836725638907
new_preds,OFT-0017-00,slow,1078,2.391122764506558,3.1998045920859797,1.103932584269663,1.8358635211804821,2.102555739404536
new_preds,OFT-0018-00,slow,1079,2.188424503804187,4.477357848144365,1.4775280898876404,1.62040865408566,1.8591915939924963
new_preds,OFT-0018-00,medium,1080,2.1946801983430992,4.6905653647226675,1.4775280898876404,1.6231397525067734,1.8369859802399657
new_preds,OFT-0018-00,fast,1081,2.265092076996775,5.558840922531047,1.5842696629213484,1.5793925849162942,1.7591993131159867
new_preds,OFT-0019-00,fast,1082,2.3168452813189004,4.97853293139673,1.5308988764044944,1.6548075647957192,1.9315017750346823
new_preds,OFT-0019-00,medium,1083,2.3553674919512875,3.992168879809329,1.3174157303370786,1.6804484751050324,1.930182114546265
new_preds,OFT-0019-00,slow,1084,2.4278867363500054,3.9501404494382024,1.2640449438202248,1.6716105183385082,1.900331835810204
new_preds,OFT-0020-00,fast,1085,2.36492859718873,5.5933742731495535,1.5308988764044944,1.6196484161238711,1.8433382579859783
new_preds,OFT-0020-00,medium,1086,2.321680915257652,5.078260047536732,1.6376404494382022,1.6815139372108194,1.9245154340007429
new_preds,OFT-0020-00,slow,1087,2.2626489726282184,4.570865629193455,1.5308988764044944,1.6945020911424735,1.9838433708927212
new_preds,OFT-0021-00,fast,1088,2.0982627514317103,4.938383472272562,1.5308988764044944,1.580028380955108,1.7957816234507384
new_preds,OFT-0021-00,medium,1089,2.168931684638827,4.253317349069018,1.5308988764044944,1.6605017365576975,1.8991014772540513
new_preds,OFT-0021-00,slow,1090,2.1175610172645745,3.843410023185304,1.2106741573033708,1.6311786438577582,1.889796886579927
new_preds,OFT-0022-00,fast,1091,2.169756434809733,5.584930601454065,1.4241573033707866,1.5594320197258444,1.7782149250552388
new_preds,OFT-0022-00,medium,1092,2.3982871639268017,4.676953190508133,1.5308988764044944,1.6810216699101406,1.922460461058671
new_preds,OFT-0022-00,slow,1093,2.2688923557256504,4.281595843541438,1.6376404494382022,1.7002248219213925,1.9724007114235045
new_preds,OFT-0023-00,fast,1094,2.2513677051530596,4.282690115616349,1.4775280898876404,1.650174961208608,1.833461394968049
new_preds,OFT-0023-00,slow,1095,2.283706109262131,3.6093581653070643,1.3174157303370786,1.7185859078563106,1.9740664263498477
new_preds,OFT-0023-00,medium,1096,2.3630499341018445,3.9732942517505294,1.3707865168539326,1.6923147756456407,1.8699228686935983
new_preds,OFT-0024-00,fast,1097,2.3472546425224388,5.0146383921506565,1.4241573033707866,1.631254409433369,1.877932254784269
new_preds,OFT-0024-00,medium,1098,2.246187125762213,5.438514357053682,1.9578651685393258,1.7086321261325303,1.8818562118071778
new_preds,OFT-0024-00,slow,1099,2.2400990500564473,4.283707865168539,1.3707865168539326,1.7361719091978214,2.0290900630414077
new_preds,OFT-0025-00,fast,1100,2.13620577233642,5.372829417773238,1.4775280898876404,1.5400385141897641,1.774499053166482
new_preds,OFT-0025-00,slow,1101,2.227491831175072,4.6905653647226675,1.4775280898876404,1.6592918407572235,1.914063916598784
new_preds,OFT-0025-00,medium,1102,2.0382485257856517,5.249192984472734,1.797752808988764,1.6406957468783532,1.820175520033078
new_preds,OFT-0026-00,medium,1103,2.270168986519431,4.904360121170419,1.6376404494382022,1.650796853931674,1.9519617095869284
new_preds,OFT-0026-00,slow,1104,2.318809548211925,0.7109164420485174,0.25,1.740196525254431,2.0062413537889627
new_preds,OFT-0026-00,fast,1105,2.1931094395211943,5.372829417773238,1.4775280898876404,1.6242576111933453,1.8667198230469162
new_preds,OFT-0027-00,medium,1106,2.2585527829518037,3.8902898365679266,1.2640449438202248,1.6624890954266485,1.8959885678985402
new_preds,OFT-0027-00,fast,1107,2.4451850456612947,4.315628192032687,1.4241573033707866,1.6666010749100788,1.8335324769939272
new_preds,OFT-0027-00,slow,1108,2.2312998442714562,3.5610850808958436,1.3707865168539326,1.7382575054190386,1.9560535196341935
new_preds,OFT-0028-00,fast,1109,2.377692244091697,4.542812863231306,1.3174157303370786,1.6296523718365232,1.8738247741963197
new_preds,OFT-0028-00,medium,1110,2.4565230062358876,4.251215830957572,1.4241573033707866,1.6816062534114269,1.9213195040780915
new_preds,OFT-0028-00,slow,1111,2.28794120464979,3.690838817207392,1.2640449438202248,1.700968044405575,1.9641809701231776
new_preds,OFT-0029-00,medium,1112,2.2287450364816355,4.443944729874631,1.4775280898876404,1.7052352750399182,1.9098910367537143
new_preds,OFT-0029-00,fast,1113,2.296414622573069,4.764990166633636,1.5842696629213484,1.652778355810243,1.8524559501867484
new_preds,OFT-0029-00,slow,1114,2.4489512418000907,4.11568029841241,1.5842696629213484,1.7320880779564896,2.003407326311439
new_preds,OFT-0030-00,slow,1115,2.0921845472693597,4.581757778738115,1.4775280898876404,1.654086708936932,1.88568783631169
new_preds,OFT-0030-00,medium,1116,2.284059710796733,5.198858569645086,1.6376404494382022,1.6601981414182063,1.861262917981332
new_preds,OFT-0030-00,fast,1117,2.3670577233714702,5.486751006519213,1.5842696629213484,1.6152274697665816,1.82664831477639
new_preds,OFT-0031-00,fast,1118,2.340783404323631,4.5701602270121535,1.4775280898876404,1.6439742979304375,1.8685648545812321
new_preds,OFT-0031-00,slow,1119,2.4647413368199205,3.5606899825921823,1.2640449438202248,1.7466649815488557,1.972221083034972
new_preds,OFT-0031-00,medium,1120,2.409785286739421,3.9018008311528396,1.4241573033707866,1.7291520948156407,1.9527144361076636
new_preds,OFT-0032-00,fast,1121,2.2119156821335824,5.2805313607767275,1.5308988764044944,1.5475253314299924,1.7675202032471535
new_preds,OFT-0032-00,slow,1122,2.244005196920228,4.012841091492777,1.2640449438202248,1.6776754608530906,1.920812924088015
new_preds,OFT-0032-00,medium,1123,2.399856056448962,5.04691937276207,1.5308988764044944,1.6878620896116747,1.9596654740252124
new_preds,OFT-0033-00,fast,1124,2.2992887328652643,4.623344354990229,1.3707865168539326,1.6163436000406879,1.860934177379086
new_preds,OFT-0033-00,slow,1125,2.379726050620572,4.002296399573526,1.3707865168539326,1.7296248956866311,1.9637555068696908
new_preds,OFT-0033-00,medium,1126,2.596240871527867,4.382022471910113,1.4241573033707866,1.699546040875138,1.9214146763705404
new_preds,OFT-0034-00,fast,1127,2.2569695898856237,5.029427501337613,1.5842696629213484,1.6216137274387914,1.87014398239213
new_preds,OFT-0034-00,medium,1128,2.44523042349732,4.454971058903643,1.4775280898876404,1.6319836610516714,1.7886390736912134
new_preds,OFT-0034-00,slow,1129,2.5837845517212443,1.6314809014863825,0.6769662921348315,1.7637139981170296,1.9990005817578709
new_preds,OFT-0035-00,fast,1130,2.185952194786645,5.26825118196948,1.5842696629213484,1.56723949710179,1.7589117695999303
new_preds,OFT-0035-00,slow,1131,2.266001789485493,4.382022471910113,1.4241573033707866,1.6138575310816232,1.8439859414538204
new_preds,OFT-0035-00,medium,1132,2.2292323966325593,4.912921348314606,1.6376404494382022,1.6006581466545318,1.8311502160952031
new_preds,OFT-0036-00,fast,1133,2.375703324688282,5.342932929139826,1.5842696629213484,1.6014260166070418,1.8412630910923842
new_preds,OFT-0036-00,medium,1134,2.4995047212415407,4.784058988764045,1.5308988764044944,1.638561522524678,1.8783811293988013
new_preds,OFT-0036-00,slow,1135,2.526600615349884,4.591916354556804,1.6376404494382022,1.7050706410842755,1.9301788970066307
new_preds,OFT-0037-00,fast,1136,2.233077038414136,5.019340578375392,1.5308988764044944,1.5903144597150407,1.7938649840168328
new_preds,OFT-0037-00,slow,1137,2.1727069136046167,8.13512330366263,3.1320224719101124,1.754972564488284,1.9873006895645293
new_preds,OFT-0037-00,medium,1138,2.4076624455900704,4.547224385359884,1.5308988764044944,1.6781018691412624,1.8964096569546085
new_preds,OFT-0038-00,fast,1139,2.3179709652325626,5.696140693698094,1.6376404494382022,1.6039616001844346,1.863890070721731
new_preds,OFT-0038-00,slow,1140,2.8705900047217177,2.0514130064691862,0.6769662921348315,1.7153157116701077,1.8845896225227305
new_preds,OFT-0038-00,medium,1141,2.249553434871395,4.76621964479884,1.4775280898876404,1.6152451328517572,1.845304545425691
new_preds,OFT-0039-00,slow,1142,2.443865329124869,4.096661537056166,1.6376404494382022,1.6959617658428237,2.0140542023752523
new_preds,OFT-0039-00,medium,1143,2.391572471744659,4.340464829921502,1.5842696629213484,1.7385392342109078,1.9925518108303957
new_preds,OFT-0039-00,fast,1144,2.2538287802546115,4.569674504807135,1.4775280898876404,1.6275324947974497,1.8599797729427214
new_preds,OFT-0040-00,fast,1145,2.6212881624375934,5.551323557417635,1.6376404494382022,1.6915596987278794,1.917607250683371
new_preds,OFT-0040-00,medium,1146,2.276756162703613,5.189487716625404,1.5308988764044944,1.661661952504852,1.92394254912392
new_preds,OFT-0040-00,slow,1147,2.3434957924460678,0.9577386375139184,0.35674157303370785,1.7942341227332066,1.9701445120925267
new_preds,OFT-0041-00,fast,1148,2.163976307343609,5.707151774567504,1.797752808988764,1.6041696118421116,1.7908799616824465
new_preds,OFT-0041-00,slow,1149,2.0923300560975266,1.6410408042578357,0.6235955056179775,1.7017317376777454,1.9210782858138271
new_preds,OFT-0041-00,medium,1150,2.311489059046525,4.502643754130866,1.5308988764044944,1.6227387023720186,1.8355662747361416
new_preds,OFT-0042-00,fast,1151,2.24841385400014,5.5755776976892095,1.4775280898876404,1.6334676606662744,1.9010560177148854
new_preds,OFT-0042-00,slow,1152,2.174390251965346,4.912759291270527,1.5842696629213484,1.6610612391248007,1.8934901312901304
new_preds,OFT-0042-00,medium,1153,2.27480980790237,5.237612820040524,1.5842696629213484,1.687910795451413,1.932804992193646
new_preds,OFT-0043-00,medium,1154,2.286778539156781,4.281809899787428,1.5842696629213484,1.7455745436002126,1.9141707625929982
new_preds,OFT-0043-00,fast,1155,2.370153070985567,4.477357848144365,1.4775280898876404,1.6513557084891086,1.8930881181267283
new_preds,OFT-0043-00,slow,1156,2.2887806921958673,3.9623765747361257,1.3174157303370786,1.7082144745378256,2.0073004726591166
new_preds,OFT-0044-00,fast,1157,2.278383699668043,5.184309087325054,1.4775280898876404,1.60231402365528,1.8206843245324327
new_preds,OFT-0044-00,medium,1158,2.4509712861265958,4.703040272607569,1.4775280898876404,1.664191168764434,1.8604999764778192
new_preds,OFT-0044-00,slow,1159,2.4795088344933776,4.502643754130866,1.5308988764044944,1.718323707568345,2.007057797916719
new_preds,OFT-0045-00,fast,1160,2.7057807157715206,4.569288389513109,1.3707865168539326,1.6657351783416874,1.8381474982678827
new_preds,OFT-0045-00,slow,1161,2.7144866628976536,3.962152572442341,1.3174157303370786,1.656235090609628,1.8672722563049862
new_preds,OFT-0045-00,medium,1162,2.296293957313701,4.194243496998615,1.5308988764044944,1.7552291958080164,1.9554773752684125
new_preds,OFT-0046-00,fast,1163,2.3602646458720136,4.76621964479884,1.4775280898876404,1.6447810850992541,1.8333176013283086
new_preds,OFT-0046-00,slow,1164,2.1558215116490413,3.51123595505618,1.2640449438202248,1.6722465724789826,1.9082386992603424
new_preds,OFT-0046-00,medium,1165,2.248450146988808,4.3456708526107075,1.4775280898876404,1.663029232897231,1.8721767581561104
new_preds,OFT-0047-00,medium,1166,2.288673596426361,4.92527544452929,1.6910112359550562,1.6392463215870117,1.835169337838105
new_preds,OFT-0047-00,fast,1167,2.2179238727624924,5.3856624712176036,1.5842696629213484,1.565083095631987,1.7448477902016537
new_preds,OFT-0047-00,slow,1168,2.2716616530797555,4.223370187949993,1.5308988764044944,1.6803792946982452,1.9279450509079266
new_preds,OFT-0048-00,fast,1169,2.283572555099184,5.425361155698234,1.4241573033707866,1.547413269011832,1.7610610660078543
new_preds,OFT-0048-00,slow,1170,2.1641629342696063,4.594055817325118,1.4241573033707866,1.63101413627833,1.8450632267695521
new_preds,OFT-0048-00,medium,1171,2.2846597376905486,4.9671079808327825,1.6376404494382022,1.5981915485895781,1.7731710079929135
new_preds,OFT-0049-00,medium,1172,2.1604654323371357,4.467099315510783,1.3174157303370786,1.6454495801302382,1.8563929836453883
new_preds,OFT-0049-00,fast,1173,2.166631400898345,5.372829417773238,1.4775280898876404,1.561541392110521,1.7745506204314045
new_preds,OFT-0049-00,slow,1174,2.241638045292113,4.442265564271076,1.5842696629213484,1.6858702936369157,1.9550015489019512
new_preds,OFT-0050-00,slow,1175,2.490631256411538,5.102996254681648,1.5308988764044944,1.658554452400442,1.9757749721670537
new_preds,OFT-0050-00,medium,1176,2.5302100396905693,5.245845529222924,1.4775280898876404,1.6553957824119578,1.872212603051582
new_preds,OFT-0050-00,fast,1177,2.178547468077877,5.198858569645086,1.6376404494382022,1.6095702826268292,1.8078215247671605
new_preds,OFT-0051-00,fast,1178,2.3109491050517965,4.834417504435246,1.5308988764044944,1.641190034777939,1.9007055127300065
new_preds,OFT-0051-00,medium,1179,2.398760982601803,4.324575363034928,1.4775280898876404,1.6770493116387626,1.9342632793155856
new_preds,OFT-0051-00,slow,1180,2.1874318378804136,3.2637774210807917,1.3707865168539326,1.8006154072700447,2.0641561887647057
new_preds,OFT-0052-00,medium,1181,2.1742090625851787,4.729163172899548,1.5842696629213484,1.6864539050890879,1.8655530761595873
new_preds,OFT-0052-00,fast,1182,2.214947087924207,4.952594028131038,1.5308988764044944,1.631959257078429,1.817134223179323
new_preds,OFT-0052-00,slow,1183,2.5972101910716643,4.410531611604897,1.4775280898876404,1.7488699866363893,1.994697233431723
new_preds,OFT-0053-00,fast,1184,2.535492990047267,4.415991638359029,1.4241573033707866,1.657393718720122,1.857971617930319
new_preds,OFT-0053-00,slow,1185,2.432253775618368,3.723446128088352,1.4241573033707866,1.7645698885184091,2.0339388292807916
new_preds,OFT-0053-00,medium,1186,2.6011980173558684,3.9590018263845206,1.3707865168539326,1.6553958247011376,1.9155024202269455
new_preds,OFT-0054-00,fast,1187,2.103185542242112,5.110547299746285,1.5842696629213484,1.599069450145171,1.8288746036547163
new_preds,OFT-0054-00,slow,1188,2.4413695090321186,4.477357848144365,1.4775280898876404,1.7076300118874361,1.9718446905902716
new_preds,OFT-0054-00,medium,1189,2.2415563887496956,4.153898535921008,1.3707865168539326,1.6288713248980378,1.867933165468706
new_preds,OFT-0055-00,fast,1190,2.235419861435078,5.282711127220007,1.6376404494382022,1.585176966877975,1.79960277455271
new_preds,OFT-0055-00,slow,1191,2.2678509733332994,4.502643754130866,1.5308988764044944,1.7213129811671426,1.9759584332044815
new_preds,OFT-0055-00,medium,1192,2.25240551682138,4.52304517312543,1.4775280898876404,1.6425594198842228,1.8825687482654672
new_preds,OFT-0056-00,fast,1193,2.321196863156792,5.945798803531784,1.5308988764044944,1.592186473085587,1.8266502704119016
new_preds,OFT-0056-00,slow,1194,2.238731137528432,4.85999643303014,1.5308988764044944,1.6550581358160488,1.9041048204338715
new_preds,OFT-0056-00,medium,1195,2.244858652922615,5.848715890850722,1.6376404494382022,1.6386625235231784,1.8683956144926197
new_preds,OFT-0057-00,medium,1196,2.071346297407615,4.973562458691342,1.6910112359550562,1.6403984013647321,1.8486503121619493
new_preds,OFT-0057-00,fast,1197,2.3638254487987496,5.237612820040524,1.5842696629213484,1.6231126973794106,1.8496395256826892
new_preds,OFT-0057-00,slow,1198,2.2412970195081097,4.450491573033708,1.4241573033707866,1.6344652555921568,1.809509130360781
new_preds,OFT-0058-00,slow,1199,2.316839307296311,4.502643754130866,1.5308988764044944,1.713269913261582,1.9819428178038299
new_preds,OFT-0058-00,fast,1200,2.0955901081133166,4.895666131621188,1.3707865168539326,1.5709474620187769,1.8744092499038232
new_preds,OFT-0058-00,medium,1201,2.265085990414432,5.582379744213743,1.7443820224719102,1.6138956404196592,1.8865169616684765
new_preds,OFT-0059-00,fast,1202,2.365476399648335,4.831190386571311,1.4775280898876404,1.6250335440282075,1.8180287181719148
new_preds,OFT-0059-00,medium,1203,2.0666280985730276,4.069020866773676,1.4241573033707866,1.6114302490452956,1.851002574535007
new_preds,OFT-0059-00,slow,1204,2.2092062293008676,3.5154150358246503,1.3707865168539326,1.707338512354093,1.930872271749042
new_preds,OFT-0060-00,medium,1205,2.2632119886938606,5.400919305413688,1.5842696629213484,1.5800699055398888,1.8305722753167293
new_preds,OFT-0060-00,slow,1206,2.1910166985120205,5.029427501337613,1.5842696629213484,1.6270724707745454,1.8650311895094418
new_preds,OFT-0060-00,fast,1207,2.2549966389921137,5.668428078762933,1.4241573033707866,1.5383245644348897,1.7964252585963372
new_preds,OFT-0061-00,slow,1208,2.129500131415541,5.0912468869454415,1.6376404494382022,1.5978954018540112,1.8542724566568345
new_preds,OFT-0061-00,medium,1209,2.1991571105876537,5.427101277864912,1.6910112359550562,1.6000248351887554,1.8236216034394062
new_preds,OFT-0061-00,fast,1210,2.187190813683948,5.595047007567072,1.3707865168539326,1.510362714777841,1.7517165231908245
new_preds,OFT-0062-00,medium,1211,2.2363637575006363,5.510919880095434,1.5842696629213484,1.5918538900297794,1.8448416941447225
new_preds,OFT-0062-00,fast,1212,2.298098794337285,5.6527279045522985,1.3707865168539326,1.546977630126664,1.7482292671320907
new_preds,OFT-0062-00,slow,1213,2.1914984662695813,4.840434059929456,1.6376404494382022,1.6422948728088327,1.9422632576016856
new_preds,OFT-0063-00,slow,1214,2.1649010022566446,4.53983196679826,1.6910112359550562,1.7129387373631746,1.8829141446187379
new_preds,OFT-0063-00,medium,1215,2.125057952813834,5.517297677456087,1.6910112359550562,1.6077394528268685,1.8383766984407146
new_preds,OFT-0063-00,fast,1216,2.179355726817471,5.5390965374914005,1.3707865168539326,1.525468744558569,1.736215542421826
new_preds,OFT-0064-00,fast,1217,2.2810495976598832,4.800530236081303,1.4241573033707866,1.6173535453132477,1.8486799239959217
new_preds,OFT-0064-00,medium,1218,2.252174316672904,4.06659107308525,1.4775280898876404,1.7125063196790893,1.946881098461579
new_preds,OFT-0064-00,slow,1219,2.2429375818187727,3.864304235090752,1.4775280898876404,1.7465243047203838,2.0028224260248377
new_preds,OFT-0065-00,fast,1220,2.2261573530400782,5.711610486891386,1.3707865168539326,1.5486662266181712,1.769328622326908
new_preds,OFT-0065-00,medium,1221,2.3048045026101347,4.8523065652563595,1.5308988764044944,1.6454300185828266,1.8848465253907634
new_preds,OFT-0065-00,slow,1222,2.354531584229637,4.659616655651025,1.5842696629213484,1.7213054859070018,1.935314942019642
new_preds,OFT-0066-00,medium,1223,2.232640516977971,4.85999643303014,1.5308988764044944,1.6363582038460165,1.862076394593082
new_preds,OFT-0066-00,fast,1224,2.394156481228665,5.324417591218524,1.4241573033707866,1.6251898037380852,1.806612311710633
new_preds,OFT-0066-00,slow,1225,2.1667692029612837,4.03172504957039,1.3707865168539326,1.6747589798916798,1.9350931208826991
new_preds,OFT-0067-00,medium,1226,2.266194942617109,4.581482449264001,1.4775280898876404,1.655364667479448,1.9229121152504063
new_preds,OFT-0067-00,fast,1227,2.2948094230659364,4.997043169722058,1.4241573033707866,1.5864772596095669,1.7912144055289279
new_preds,OFT-0067-00,slow,1228,2.484112096704269,4.104244694132334,1.4775280898876404,1.703821121565632,1.9250490301806205
new_preds,OFT-0068-00,fast,1229,2.3009474178640703,5.026437541308659,1.4241573033707866,1.5643082354950575,1.7839320185910439
new_preds,OFT-0068-00,medium,1230,2.2928108835761947,4.705228609106844,1.4241573033707866,1.588335315853561,1.8064025662605263
new_preds,OFT-0068-00,slow,1231,2.3156764767855087,4.3488253319714,1.4241573033707866,1.6504333021235758,1.821152663265242
new_preds,OFT-0069-00,fast,1232,2.2124282283136827,4.888478953546873,1.6376404494382022,1.661581125165591,1.9142909080979826
new_preds,OFT-0069-00,medium,1233,2.292880608015783,4.547316564521621,1.4775280898876404,1.656214104805764,1.942817675761266
new_preds,OFT-0069-00,slow,1234,2.3796149201396632,4.546240276577356,1.4775280898876404,1.6708541297976196,1.9695132705628906
new_preds,OFT-0070-00,fast,1235,2.2095520618769684,4.883361800496632,1.5308988764044944,1.623292673341044,1.8472360798792173
new_preds,OFT-0070-00,medium,1236,2.2240715297572136,4.46052567578292,1.4775280898876404,1.632691532393219,1.8357872645243996
new_preds,OFT-0070-00,slow,1237,2.3531968648875705,4.153898535921008,1.3707865168539326,1.6286923274968597,1.8261688550804853
new_preds,OFT-0071-00,medium,1238,2.1297522244629783,5.369312948977712,1.6376404494382022,1.5747614882676655,1.8009833051956914
new_preds,OFT-0071-00,slow,1239,2.198095410599177,5.142009987515605,1.851123595505618,1.6367982599181188,1.8547033291611448
new_preds,OFT-0071-00,fast,1240,2.1495054825102136,5.910112359550562,1.4775280898876404,1.529870028049093,1.7315270616889853
new_preds,OFT-0072-00,medium,1241,2.3509526262960914,4.343193995433274,1.5308988764044944,1.6879941160381609,1.968896465210586
new_preds,OFT-0072-00,fast,1242,2.407353339518328,4.698441606547545,1.5308988764044944,1.686177842113347,1.9061362925971101
new_preds,OFT-0072-00,slow,1243,2.418367527331571,4.055539128720678,1.5308988764044944,1.7522215235734848,2.0196077764907456
new_preds,OFT-0073-00,fast,1244,2.2496685652277026,5.349538091662978,1.3707865168539326,1.559293687364815,1.7721513195018093
new_preds,OFT-0073-00,slow,1245,2.335191001810901,4.569674504807135,1.4775280898876404,1.695340203878312,1.966302483883095
new_preds,OFT-0073-00,medium,1246,2.2170054984586334,5.124276472591079,1.6910112359550562,1.6488571169272133,1.8658293476290562
new_preds,OFT-0074-00,medium,1247,2.5355111328018074,4.348571918689425,1.4241573033707866,1.6837065119286765,1.91140134407031
new_preds,OFT-0074-00,slow,1248,2.2704959920405017,3.6772702798112964,1.2640449438202248,1.7603641568298352,2.0668501640153414
new_preds,OFT-0074-00,fast,1249,2.5410051826800077,4.677408098622464,1.4775280898876404,1.6581387960044383,1.8875069110960847
new_preds,OFT-0075-00,fast,1250,2.3194640780607414,5.566905005107253,1.5308988764044944,1.5864173259894019,1.815824776169719
new_preds,OFT-0075-00,slow,1251,2.2872539246237373,4.669368207773071,1.4241573033707866,1.6974612394658786,1.9630114840449584
new_preds,OFT-0075-00,medium,1252,2.2095994042522613,4.92527544452929,1.6910112359550562,1.665996985809332,1.914222047545353
new_preds,OFT-0076-00,fast,1253,2.236221206236113,5.278961642774118,1.5308988764044944,1.6383374679981084,1.8906900313244763
new_preds,OFT-0076-00,slow,1254,2.1492468570269962,3.7944372812672684,1.1573033707865168,1.6240802886814447,1.8909998339184837
new_preds,OFT-0076-00,medium,1255,2.6108764421335175,4.340464829921502,1.5842696629213484,1.6844711761215327,1.9163410151172793
new_preds,OFT-0077-00,slow,1256,2.4103675535299836,4.502643754130866,1.5308988764044944,1.6840553559125353,1.9362339745909367
new_preds,OFT-0077-00,fast,1257,2.2017043827952736,5.575190454656139,1.5842696629213484,1.5901778787040035,1.8301476743096652
new_preds,OFT-0077-00,medium,1258,2.3869254195634375,4.864278562687729,1.6376404494382022,1.6706838217341735,1.871087634852461
new_preds,OFT-0078-00,slow,1259,2.152693926587603,4.592085979482169,1.5842696629213484,1.6893349340570334,1.9694101750887654
new_preds,OFT-0078-00,fast,1260,2.3890037165143063,5.422121430780332,1.4775280898876404,1.5974468417635377,1.8256108188067852
new_preds,OFT-0078-00,medium,1261,2.25316721620054,5.029427501337613,1.5842696629213484,1.6287312911346703,1.892800938637219
new_preds,OFT-0079-00,fast,1262,2.1653703746832225,5.467495987158909,1.5308988764044944,1.5553927096753344,1.7842883998283048
new_preds,OFT-0079-00,medium,1263,2.2264807580136696,5.2144326633961064,1.851123595505618,1.6849819772072538,1.9006474294697262
new_preds,OFT-0079-00,slow,1264,2.5891548021204938,1.3631857237276934,0.46348314606741575,1.7665169144880184,2.0116881939936526
new_preds,OFT-0080-00,medium,1265,2.2307369624674145,4.884724013016516,1.4775280898876404,1.5675854020274653,1.7972910568597644
new_preds,OFT-0080-00,fast,1266,2.2818990757933584,5.682800345721694,1.4775280898876404,1.546185023578061,1.7508641335589992
new_preds,OFT-0080-00,slow,1267,2.260713451534967,4.31770554663813,1.3707865168539326,1.6204149393027507,1.795954054788464
new_preds,OFT-0081-00,fast,1268,2.350788103419778,4.8746758859118415,1.5842696629213484,1.7114731260760707,1.8915472799516175
new_preds,OFT-0081-00,medium,1269,2.368589786495255,4.536245573191544,1.5308988764044944,1.7000731191718286,1.971819133764833
new_preds,OFT-0081-00,slow,1270,2.481884500032742,4.281041103683687,1.6910112359550562,1.8323037528504327,2.0532350633039127
new_preds,OFT-0082-00,fast,1271,2.3727653683446195,5.094924447888415,1.4775280898876404,1.5478247178461237,1.709742247489773
new_preds,OFT-0082-00,medium,1272,2.3371650397866275,4.581757778738115,1.4775280898876404,1.6501823834644702,1.8375603639124087
new_preds,OFT-0082-00,slow,1273,2.2621614354880717,4.12476485840663,1.3707865168539326,1.6777644332943573,1.935341106740721
new_preds,OFT-0083-00,fast,1274,2.2102443953886137,6.1919882755251585,1.4241573033707866,1.476013460662106,1.6939017914088794
new_preds,OFT-0083-00,medium,1275,2.187051240980644,5.4588014981273405,1.6376404494382022,1.5714117685628972,1.7367044451394624
new_preds,OFT-0083-00,slow,1276,2.0997957417091992,5.286006128702758,1.7443820224719102,1.6374546596781576,1.845126878216705
new_preds,OFT-0084-00,fast,1277,2.237353087942521,5.029427501337613,1.5842696629213484,1.586104401201396,1.790966941341216
new_preds,OFT-0084-00,slow,1278,2.1607772729976245,3.9907012785741958,1.1573033707865168,1.6245181134829574,1.9332025880074313
new_preds,OFT-0084-00,medium,1279,2.2516041251974945,4.299404025897226,1.4241573033707866,1.6608723567192634,1.9120678236696578
new_preds,OFT-0085-00,medium,1280,2.288080669194062,5.040086610486891,1.6376404494382022,1.672017450492793,1.9081866390184132
new_preds,OFT-0085-00,fast,1281,2.323423112834304,5.451193820224719,1.7443820224719102,1.6326225243294845,1.8469922142198465
new_preds,OFT-0085-00,slow,1282,2.4558958459084868,4.444465717755436,1.7443820224719102,1.7768495639117874,2.061046213829106
new_preds,OFT-0086-00,fast,1283,2.2310195037476723,5.776976892092431,1.5308988764044944,1.5838635667513257,1.8733127496620852
new_preds,OFT-0086-00,slow,1284,2.3237654633534137,4.153898535921008,1.3707865168539326,1.7319959620754088,1.991876064059024
new_preds,OFT-0086-00,medium,1285,2.287839422193315,4.6515773552290405,1.5308988764044944,1.6816543861888285,1.9632084764801458
new_preds,OFT-0087-00,medium,1286,2.5463973815880077,4.7791288286901645,1.7443820224719102,1.6936271795966809,1.8545589962863938
new_preds,OFT-0087-00,fast,1287,2.2666459867820987,5.45487495469373,1.6910112359550562,1.6653273448549561,1.8541754648310018
new_preds,OFT-0087-00,slow,1288,2.213900921951451,4.651685393258427,1.7443820224719102,1.7401945487897084,2.003779020961233
new_preds,OFT-0088-00,fast,1289,2.3329199524922557,4.582315583781143,1.3174157303370786,1.6288710944002747,1.8350559185563113
new_preds,OFT-0088-00,medium,1290,2.5676850461002023,4.410531611604897,1.4775280898876404,1.6726803879599303,1.8647468609699691
new_preds,OFT-0088-00,slow,1291,2.261016268122294,4.098506525228558,1.4241573033707866,1.6773612640073579,1.9300956988946332
new_preds,OFT-0089-00,fast,1292,2.3397003624043213,5.4031725049570385,1.5308988764044944,1.621974608181294,1.8310649339321512
new_preds,OFT-0089-00,medium,1293,2.3704478626116816,4.978862025323977,1.5308988764044944,1.6240484676527394,1.8841209488684236
new_preds,OFT-0089-00,slow,1294,2.1811493673652405,4.682795402805317,1.6376404494382022,1.7158213555006356,2.0016915841517444
new_preds,OFT-0090-00,fast,1295,2.351309858367373,4.87830561342395,1.3707865168539326,1.6287593586081097,1.8735832138985675
new_preds,OFT-0090-00,slow,1296,2.5416461351891093,4.282690115616349,1.4775280898876404,1.670935959374798,1.9268767362237327
new_preds,OFT-0090-00,medium,1297,2.3655560008169334,4.769826551761754,1.6376404494382022,1.6818902824589386,1.9328907393751416
new_preds,OFT-0091-00,fast,1298,2.276249567530644,5.042803638309257,1.5842696629213484,1.6528505886715026,1.8650041480592885
new_preds,OFT-0091-00,slow,1299,2.4703605352623272,4.426055268751898,1.6376404494382022,1.7435835578878804,2.015557365819962
new_preds,OFT-0091-00,medium,1300,2.34530145485458,4.730332682738126,1.6910112359550562,1.6954689589126515,1.9472545323982253
new_preds,OFT-0092-00,medium,1301,2.3570316103611075,4.49438202247191,1.3707865168539326,1.6174428503504341,1.8521921701737205
new_preds,OFT-0092-00,fast,1302,2.2134582104656357,5.647036032545524,1.6376404494382022,1.579953778112427,1.80873985592724
new_preds,OFT-0092-00,slow,1303,2.3069136181976986,3.923870132956601,1.4775280898876404,1.7280742786872234,1.9505038838481017
new_preds,OFT-0093-00,fast,1304,2.430094423968207,4.410531611604897,1.4775280898876404,1.6844032579945696,1.904130016250507
new_preds,OFT-0093-00,medium,1305,2.254252623955016,4.622511334516065,1.3174157303370786,1.6826928564347627,1.9577624965575335
new_preds,OFT-0093-00,slow,1306,2.4812364832757177,4.645108248835298,1.904494382022472,1.8871275557383604,2.1743536714559384
new_preds,OFT-0094-00,fast,1307,2.1993791517241488,5.138322013331863,1.5842696629213484,1.5990051100912128,1.8393224529709904
new_preds,OFT-0094-00,slow,1308,2.3509405978603284,4.021403473721242,1.5842696629213484,1.8469330833093494,2.075950184644901
new_preds,OFT-0094-00,medium,1309,2.229643331693436,4.569847392252222,1.5308988764044944,1.7152811749462626,1.9386100837967455
new_preds,OFT-0095-00,slow,1310,2.065123570578327,4.053586862575627,1.3174157303370786,1.640330449848517,1.9117623656444451
new_preds,OFT-0095-00,medium,1311,2.1062453168578066,5.28441011235955,1.6910112359550562,1.5686344529057448,1.7130751901186476
new_preds,OFT-0095-00,fast,1312,2.0713698531738296,5.8880726015557485,1.5308988764044944,1.5312290212192659,1.7403848724999267
new_preds,OFT-0096-00,slow,1313,2.5117701352136144,3.721819932019483,1.3707865168539326,1.7514645328658682,1.9939970794985644
new_preds,OFT-0096-00,fast,1314,2.307830777730734,4.283707865168539,1.3707865168539326,1.661994061745232,1.901287068078671
new_preds,OFT-0096-00,medium,1315,2.374426940760659,4.224719101123595,1.5842696629213484,1.7182125003410211,1.9967179913747768
new_preds,OFT-0097-00,fast,1316,2.3925678987265195,4.603231819238194,1.5842696629213484,1.7025106681662843,1.9437092206081157
new_preds,OFT-0097-00,medium,1317,2.3811956642944794,4.536245573191544,1.5308988764044944,1.715272252006043,1.9728990895241583
new_preds,OFT-0097-00,slow,1318,2.2128491138515503,4.527125382154157,1.797752808988764,1.7604718762408247,2.0512419548699317
new_preds,OFT-0098-00,medium,1319,2.471693526707332,4.382022471910113,1.4241573033707866,1.759198420679122,1.9825043408037162
new_preds,OFT-0098-00,slow,1320,2.4197081991406755,3.8613704700110776,1.3707865168539326,1.7953644778756588,2.090499110272406
new_preds,OFT-0098-00,fast,1321,2.4086054475718326,5.28441011235955,1.6910112359550562,1.705104446034389,1.947395352909465
new_preds,OFT-0099-00,fast,1322,2.20505162941884,5.150420740308381,1.6910112359550562,1.6227973488253613,1.853622698604852
new_preds,OFT-0099-00,medium,1323,2.396432881682567,4.470015900840063,1.5308988764044944,1.6855395921648686,1.9404397606931374
new_preds,OFT-0099-00,slow,1324,2.262319238953816,3.9173323608808035,1.3707865168539326,1.7439970451023261,2.062874992865338
new_preds,OFT-0100-00,fast,1325,2.292139317666602,4.855081716036772,1.4241573033707866,1.6444046151183989,1.886605803291255
new_preds,OFT-0100-00,slow,1326,2.384100468823884,3.9763607179337517,1.5308988764044944,1.7682188663860852,2.0222435168047554
new_preds,OFT-0100-00,medium,1327,2.230043150156202,4.15307724709148,1.4241573033707866,1.6890297608417344,1.9533831072688785
new_preds,OFT-0101-00,fast,1328,2.476425366926798,5.0079099271515,1.7443820224719102,1.6597252980822257,1.8314219769895679
new_preds,OFT-0101-00,slow,1329,2.248889876381101,4.153290529695024,1.7443820224719102,1.796337158407166,2.0111982338185443
new_preds,OFT-0101-00,medium,1330,2.4878417198248326,5.124276472591079,1.6910112359550562,1.7114353552210237,2.0025538158164493
new_preds,OFT-0102-00,medium,1331,2.342370869555969,4.365809915195857,1.4241573033707866,1.6947978617164159,1.9862544107499773
new_preds,OFT-0102-00,fast,1332,2.260271398314677,5.3904890014242755,1.5308988764044944,1.6317296339816918,1.91112070565027
new_preds,OFT-0102-00,slow,1333,2.264391285904202,3.645275994292848,1.1573033707865168,1.6971162356646448,1.9621917557617028
new_preds,OFT-0103-00,fast,1334,2.2934900795661646,5.086276083467094,1.4241573033707866,1.6119044176759956,1.8386585215399232
new_preds,OFT-0103-00,medium,1335,2.2292950908042912,4.76621964479884,1.4775280898876404,1.6217470056416492,1.8579421451347389
new_preds,OFT-0103-00,slow,1336,2.143133894670359,4.426498127340825,1.3707865168539326,1.7193029800239672,1.9310190140959071
new_preds,OFT-0104-00,slow,1337,2.0887506470675152,3.974478455668732,1.4241573033707866,1.6757889985104877,1.9176705153141183
new_preds,OFT-0104-00,fast,1338,2.096782578217084,5.732413113096099,1.4775280898876404,1.5295549205290222,1.7937130957264988
new_preds,OFT-0104-00,medium,1339,2.151305106088191,5.198858569645086,1.6376404494382022,1.6175555793253746,1.8615061391509156
new_preds,OFT-0105-00,fast,1340,2.2317505415331356,4.5647943153039385,1.4241573033707866,1.6599023812682965,1.9715311129723008
new_preds,OFT-0105-00,slow,1341,2.3235060008122064,4.83497191011236,1.9578651685393258,1.8237087129805474,2.0814437372702472
new_preds,OFT-0105-00,medium,1342,2.2969689765176127,4.623951574616236,1.6376404494382022,1.7562254390623324,2.004255279289351
new_preds,OFT-0106-00,fast,1343,2.2437151121575867,5.259076980221005,1.5842696629213484,1.615161644063823,1.8035766250116225
new_preds,OFT-0106-00,slow,1344,2.4584849562833804,4.158345067386994,1.4241573033707866,1.7066080027096806,1.88734160899009
new_preds,OFT-0106-00,medium,1345,2.431446786208879,4.556912554958475,1.6376404494382022,1.7136517427409674,1.9290075283060097
new_preds,OFT-0107-00,fast,1346,2.1742800699889275,5.647036032545524,1.6376404494382022,1.5628882792711785,1.7613427653408684
new_preds,OFT-0107-00,medium,1347,2.2637124127481085,4.781686734293132,1.6376404494382022,1.6075766345992213,1.8110298716630502
new_preds,OFT-0107-00,slow,1348,2.1325282114342077,4.1783103521630665,1.7443820224719102,1.7085155314370633,1.9143923082639245
new_preds,OFT-0108-00,fast,1349,2.3747542382604387,4.410531611604897,1.4775280898876404,1.7095016926479656,1.9287815537074777
new_preds,OFT-0108-00,slow,1350,2.4766531421386304,3.8613704700110776,1.3707865168539326,1.7414734060643524,2.0090386791400365
new_preds,OFT-0108-00,medium,1351,2.36570100258139,3.9540774551631683,1.6376404494382022,1.7918466567663,2.050880483612999
new_preds,OFT-0109-00,fast,1352,2.3635404461772462,5.35576331087721,1.904494382022472,1.7164784281240486,1.8897476547396324
new_preds,OFT-0109-00,medium,1353,2.2841683619576614,5.022805651351652,1.6910112359550562,1.6874331623163126,1.947916111490153
new_preds,OFT-0109-00,slow,1354,2.4294587107721175,4.221508828250402,1.4775280898876404,1.7023015022970978,1.9535574203874175
new_preds,OFT-0110-00,fast,1355,2.2257770358307414,5.6283046926635825,1.5308988764044944,1.5826456897425212,1.7851317935291073
new_preds,OFT-0110-00,medium,1356,2.375238153013014,5.185177362882863,1.6376404494382022,1.6889260332143092,1.8807951566203267
new_preds,OFT-0110-00,slow,1357,2.5101135611705634,4.52304517312543,1.4775280898876404,1.700853688296877,1.895037906606552
new_preds,OFT-0111-00,fast,1358,2.288432386029597,5.042803638309257,1.5842696629213484,1.6955091263006754,1.889512880273042
new_preds,OFT-0111-00,medium,1359,2.3247538083700845,4.311137364854464,1.5842696629213484,1.784160893645767,1.9680458679652635
new_preds,OFT-0111-00,slow,1360,2.34704397724402,3.803622208350673,1.5308988764044944,1.8325798469225902,2.102763398912439
new_preds,OFT-0112-00,fast,1361,2.281151278641001,4.7907786256013365,1.3174157303370786,1.5949210405712857,1.8395000438286433
new_preds,OFT-0112-00,slow,1362,2.1861912266094494,4.400749063670412,1.5842696629213484,1.707112106531574,1.944110903832006
new_preds,OFT-0112-00,medium,1363,2.1260738859332986,4.49438202247191,1.3707865168539326,1.6355786165666912,1.865161906468158
new_preds,OFT-0113-00,fast,1364,2.125739882431481,5.130535360211501,1.7443820224719102,1.6581216668748744,1.893552590955832
new_preds,OFT-0113-00,slow,1365,2.198569825509977,4.328396322778346,1.904494382022472,1.8159851055948149,2.016174633121081
new_preds,OFT-0113-00,medium,1366,2.343224273850204,1.2921348314606742,0.5168539325842697,1.810273722014581,2.0597469252462464
new_preds,OFT-0114-00,medium,1367,2.3973248750059413,4.618402820650012,1.4775280898876404,1.653797266953351,1.8373571050983224
new_preds,OFT-0114-00,slow,1368,2.2947460352852724,3.9173323608808035,1.3707865168539326,1.6163618555391943,1.850672156711994
new_preds,OFT-0114-00,fast,1369,2.1247261555557175,5.435334246057973,1.5308988764044944,1.602079777406922,1.7887634657618006
new_preds,OFT-0115-00,medium,1370,2.2092592367103734,0.8174447612259443,0.25,1.6029747508677983,1.8655718505440702
new_preds,OFT-0115-00,fast,1371,2.1682665816827478,0.8620689655172413,0.25,1.5907202324537761,1.7691548062259295
new_preds,OFT-0115-00,slow,1372,2.1829687433353326,4.162050957429972,1.4775280898876404,1.6941837232660841,1.9787272979662875
new_preds,OFT-0116-00,fast,1373,2.1995114931684348,4.500201510634898,1.4775280898876404,1.6788383238142595,1.9011192222526918
new_preds,OFT-0116-00,medium,1374,2.2627211841497727,4.03172504957039,1.3707865168539326,1.699337274828465,1.9838187790570507
new_preds,OFT-0116-00,slow,1375,2.3072560261355837,3.955992509363296,1.4241573033707866,1.7023989565572697,1.9854073686962468
new_preds,OFT-0117-00,slow,1376,2.1615599056277546,4.673781756544157,1.904494382022472,1.7619536986483513,1.9411825351304126
new_preds,OFT-0117-00,fast,1377,2.3524356653879397,5.647036032545524,1.6376404494382022,1.626343400830872,1.854553878514333
new_preds,OFT-0117-00,medium,1378,2.2469758419798795,4.595947308874208,1.5842696629213484,1.6661616606480834,1.8855782858452943
new_preds,OFT-0118-00,fast,1379,2.2364861478828,4.434616304087975,1.3707865168539326,1.6376563177370176,1.8760336782785443
new_preds,OFT-0118-00,medium,1380,2.3949383994448588,3.888756076181369,1.3707865168539326,1.7309200669838927,2.0053001765958665
new_preds,OFT-0118-00,slow,1381,2.393956592279583,3.8314725139413457,1.3174157303370786,1.7372501713216129,2.016695429433802
new_preds,OFT-0119-00,fast,1382,2.1129349306376923,5.2434456928838955,1.6910112359550562,1.618763273252211,1.8676627718304806
new_preds,OFT-0119-00,slow,1383,2.646123873232032,4.43398795825356,1.851123595505618,1.9114549380414638,2.25876643910604
new_preds,OFT-0119-00,medium,1384,2.397436149121829,1.4832409948394,0.46348314606741575,1.7374219994498503,1.9985599487179793
new_preds,OFT-0120-00,medium,1385,2.3030303075802343,4.069020866773676,1.4241573033707866,1.6935739995962866,1.9554400931385478
new_preds,OFT-0120-00,fast,1386,2.389305642575087,4.542812863231306,1.3174157303370786,1.6363205334204372,1.8514373175392758
new_preds,OFT-0120-00,slow,1387,2.2355943180424167,3.8640723485886546,1.5842696629213484,1.7578092949947852,2.0391416814097387
new_preds,OFT-0121-00,slow,1388,2.312224096404784,4.31770554663813,1.3707865168539326,1.6422663194580924,1.902980980385587
new_preds,OFT-0121-00,medium,1389,2.156715528473307,4.355390802480506,1.3174157303370786,1.5931498503908188,1.8571802308234795
new_preds,OFT-0121-00,fast,1390,2.344760929222772,5.438958415801386,1.4775280898876404,1.5917540771584495,1.8459880758162048
new_preds,OFT-0122-00,slow,1391,2.192594300388937,3.9606741573033712,1.5842696629213484,1.7298481436345814,1.9952553048429171
new_preds,OFT-0122-00,fast,1392,2.2205045408830193,4.747191011235955,1.4241573033707866,1.5773723109747717,1.817241544738012
new_preds,OFT-0122-00,medium,1393,2.2152844095594277,4.137564530822957,1.5308988764044944,1.6585932912154369,1.8962514763517
new_preds,OFT-0123-00,medium,1394,2.14265357937222,4.557957390692245,1.4775280898876404,1.6218275591358926,1.8515296628267854
new_preds,OFT-0123-00,fast,1395,2.1437651741167216,5.1787538304392235,1.4241573033707866,1.5757833010655926,1.7875971698833595
new_preds,OFT-0123-00,slow,1396,2.1390118201116173,4.165904013910786,1.5308988764044944,1.6660468771225285,1.895699380840798
new_preds,OFT-0124-00,fast,1397,2.3099395864598273,5.566905005107253,1.5308988764044944,1.6214879246294576,1.8071522374766604
new_preds,OFT-0124-00,medium,1398,2.318191799945813,5.0388936905790835,1.6376404494382022,1.6579878788853253,1.8713153101659104
new_preds,OFT-0124-00,slow,1399,2.539804870362971,4.437388047549259,1.5308988764044944,1.681037557059562,1.9324143394092566
new_preds,OFT-0125-00,fast,1400,2.3591449027620484,5.595047007567072,1.3707865168539326,1.5641802748622136,1.767502267152112
new_preds,OFT-0125-00,medium,1401,2.3002857503012444,4.969289858154646,1.4775280898876404,1.5919529458744253,1.817099956767318
new_preds,OFT-0125-00,slow,1402,2.265602911776264,5.0388936905790835,1.6376404494382022,1.6412340458238057,1.8841108559669164
new_preds,OFT-0126-00,medium,1403,2.2537235863822476,5.086276083467095,1.4241573033707866,1.5864498513049243,1.8142682488491289
new_preds,OFT-0126-00,fast,1404,2.222505343686542,5.340874582447617,1.3174157303370786,1.5469858663428688,1.784508215955624
new_preds,OFT-0126-00,slow,1405,2.0932871195598834,5.029427501337613,1.5842696629213484,1.5904387604693786,1.8314294510887061
new_preds,OFT-0127-00,medium,1406,2.285489547844999,5.11818176275857,1.6376404494382022,1.6077531609724844,1.8026325722640215
new_preds,OFT-0127-00,fast,1407,2.3208741113995037,5.432088565763384,1.4775280898876404,1.5616245074720556,1.7384066110170355
new_preds,OFT-0127-00,slow,1408,2.288214281495033,4.639087504256044,1.5308988764044944,1.65633888426122,1.8626688173985595
new_preds,OFT-0128-00,medium,1409,2.2381891532581264,5.865599042007825,1.5308988764044944,1.5753174693658414,1.833403293183203
new_preds,OFT-0128-00,fast,1410,2.225377084462642,6.248566842467325,1.5308988764044944,1.5512526549629124,1.801626834829719
new_preds,OFT-0128-00,slow,1411,2.19072277741063,4.792123012433616,1.4775280898876404,1.6008827364548475,1.841598812947985
new_preds,OFT-0129-00,slow,1412,2.2384565819628186,5.078260047536732,1.6376404494382022,1.635721569879763,1.9095845158395093
new_preds,OFT-0129-00,medium,1413,2.175233321904766,5.462998837659822,1.5842696629213484,1.571469602883174,1.7961371185703268
new_preds,OFT-0129-00,fast,1414,2.305370849191925,5.629981753577259,1.3174157303370786,1.5298735265702808,1.7931140933887888
new_preds,OFT-0130-00,medium,1415,2.12492869064309,5.002956830277943,1.5842696629213484,1.609638726606988,1.8283044467820337
new_preds,OFT-0130-00,fast,1416,2.2526685274084293,5.451444622792938,1.4241573033707866,1.5678065927935472,1.787891459269561
new_preds,OFT-0130-00,slow,1417,2.2006273987688263,4.87962889697737,1.7443820224719102,1.681982622085814,1.9255889154530414
new_preds,OFT-0131-00,medium,1418,2.198788062171693,4.800817160367722,1.5842696629213484,1.6291177711868958,1.8469353691406871
new_preds,OFT-0131-00,fast,1419,2.155709454922743,5.237255084037516,1.5842696629213484,1.5818748424710931,1.8147395699127853
new_preds,OFT-0131-00,slow,1420,2.3271743617120495,4.253072920594224,1.5842696629213484,1.6845133712225198,1.9045244794625729
new_preds,OFT-0132-00,fast,1421,2.2088450721286406,5.472326258843113,1.4775280898876404,1.5960973483010636,1.8368804196245068
new_preds,OFT-0132-00,medium,1422,2.3192202388723273,4.662756318053269,1.5308988764044944,1.6740768813567788,1.9090364797130164
new_preds,OFT-0132-00,slow,1423,2.350746149230961,4.884724013016516,1.4775280898876404,1.662519964772404,1.9751791389316604
new_preds,OFT-0133-00,medium,1424,2.4071854838832305,4.747191011235955,1.4241573033707866,1.62776313704214,1.8449417948513436
new_preds,OFT-0133-00,fast,1425,2.4180843620782215,5.226265333470777,1.4241573033707866,1.6216815948803633,1.7787733447190957
new_preds,OFT-0133-00,slow,1426,2.481157319603348,4.221508828250402,1.4775280898876404,1.7060063603465607,1.952972106640351
new_preds,OFT-0134-00,fast,1427,2.3751122569850343,5.472326258843113,1.4775280898876404,1.580198060169584,1.8062632162686902
new_preds,OFT-0134-00,medium,1428,2.2758835196508582,5.28441011235955,1.6910112359550562,1.6369229630812872,1.9264228918476132
new_preds,OFT-0134-00,slow,1429,2.1881139538066634,4.282690115616349,1.4775280898876404,1.6928432298863512,1.9667356237732005
new_preds,OFT-0135-00,medium,1430,2.458710240109179,4.784058988764045,1.5308988764044944,1.6486457827358956,1.8321877393246968
new_preds,OFT-0135-00,fast,1431,2.258281267632288,5.462998837659822,1.5842696629213484,1.6261214092221745,1.8457731511790345
new_preds,OFT-0135-00,slow,1432,2.2224075564819437,4.710458081244599,1.5308988764044944,1.6295014677302704,1.8937759150800608
new_preds,OFT-0136-00,medium,1433,2.2968337177489695,6.06625959166895,1.6376404494382022,1.5654873802961926,1.8305863681363845
new_preds,OFT-0136-00,fast,1434,2.268585877580738,6.177875854741771,1.3174157303370786,1.4425442868598268,1.7240317839700976
new_preds,OFT-0136-00,slow,1435,2.0865293896180725,5.6057332180927695,1.6910112359550562,1.618496631067043,1.8374736905132487
new_preds,OFT-0137-00,slow,1436,2.1602814204354335,5.010678596442769,1.6910112359550562,1.6999537672646745,1.9604049109362638
new_preds,OFT-0137-00,medium,1437,2.2307114841176663,5.5672890090394525,1.851123595505618,1.6488056759926586,1.862302674810545
new_preds,OFT-0137-00,fast,1438,2.355119286735372,5.5755776976892095,1.4775280898876404,1.5843444577390455,1.801758311411247
new_preds,OFT-0138-00,fast,1439,2.3154838478604494,5.677327110619529,1.3707865168539326,1.5115243597059747,1.7360295164624042
new_preds,OFT-0138-00,medium,1440,2.404445220423303,5.086276083467095,1.4241573033707866,1.632168927038673,1.876444098987227
new_preds,OFT-0138-00,slow,1441,2.3250641607968228,4.837746523139782,1.5842696629213484,1.6751843729172735,1.9311234771709935
new_preds,OFT-0139-00,fast,1442,2.242030009720492,5.037027579162411,1.4775280898876404,1.6088805382055495,1.8284005635924838
new_preds,OFT-0139-00,medium,1443,2.2606136530472587,4.569674504807135,1.4775280898876404,1.6535173568764072,1.8976386542471262
new_preds,OFT-0139-00,slow,1444,2.5337325860003213,4.307772677445876,1.7443820224719102,1.716634102540007,1.941645650438235
new_preds,OFT-0140-00,fast,1445,2.309350165726278,5.669995838535164,1.5308988764044944,1.5958339366106091,1.7923401957502916
new_preds,OFT-0140-00,medium,1446,2.1700378864939545,4.3327326690693235,1.5308988764044944,1.6846016843638236,1.905000243868727
new_preds,OFT-0140-00,slow,1447,2.194529734813315,3.7833567415730336,1.2106741573033708,1.6789116596618403,1.9424157789818142
new_preds,OFT-0141-00,fast,1448,2.1792763690285994,5.028304314263659,1.3174157303370786,1.5770280771621723,1.8412638744260783
new_preds,OFT-0141-00,slow,1449,2.424307382833146,4.703040272607569,1.4775280898876404,1.6596595514625356,1.9373904380808598
new_preds,OFT-0141-00,medium,1450,2.417447486991891,4.966831714594046,1.4775280898876404,1.619089616499176,1.8443618614397956
new_preds,OFT-0142-00,medium,1451,2.3063408439614985,4.011710713720525,1.4241573033707866,1.6941432650510206,1.9315559968999074
new_preds,OFT-0142-00,fast,1452,2.271221874544648,4.711573246510044,1.5308988764044944,1.6388138945659743,1.8342396355763244
new_preds,OFT-0142-00,slow,1453,2.164624678401871,3.4703456122884373,1.3707865168539326,1.7124414969051174,1.963635985964925
new_preds,OFT-0143-00,medium,1454,2.1647349289629743,5.240784848432547,1.6376404494382022,1.5973199647755056,1.8187375082963195
new_preds,OFT-0143-00,fast,1455,2.1694892084991806,5.682800345721694,1.4775280898876404,1.54611886560501,1.729425227877373
new_preds,OFT-0143-00,slow,1456,2.217014762590582,4.450491573033708,1.4241573033707866,1.6579359172616572,1.8774763054591042
new_preds,OFT-0144-00,medium,1457,2.1315530505578475,5.760980592441267,1.5842696629213484,1.5610075754944708,1.753614817469369
new_preds,OFT-0144-00,slow,1458,2.1366612315505815,0.819672131147541,0.25,1.6145178416793007,1.8038098137062621
new_preds,OFT-0144-00,fast,1459,2.2684937059453185,6.424035173424523,1.4775280898876404,1.482815156071461,1.7296348907111558
new_preds,OFT-0145-00,fast,1460,2.2705673607815813,5.213803374243346,1.3174157303370786,1.5818208225665036,1.844406341345164
new_preds,OFT-0145-00,slow,1461,2.273693707337074,4.8165895571711825,1.6376404494382022,1.6989337402105855,1.9730997158593908
new_preds,OFT-0145-00,medium,1462,2.3752865349645846,4.925093632958801,1.4775280898876404,1.65135660081969,1.8913458451703453
new_preds,OFT-0146-00,slow,1463,2.560637506027756,4.617275280898876,1.4775280898876404,1.6867748757588585,1.8746869318967285
new_preds,OFT-0146-00,medium,1464,2.1632220149715007,5.210877707213808,1.797752808988764,1.6434239877179866,1.8587093283668132
new_preds,OFT-0146-00,fast,1465,2.2292245629581102,5.831073227431228,1.6910112359550562,1.594027662824409,1.8071539815399982
new_preds,OFT-0147-00,fast,1466,2.3239858996528953,5.494760458809007,1.5842696629213484,1.6069797534602888,1.7763832914166326
new_preds,OFT-0147-00,medium,1467,2.3970028061669972,5.105629848754163,1.7443820224719102,1.6926077005712932,1.9397871569044676
new_preds,OFT-0147-00,slow,1468,2.5466018160906896,4.625851317566598,1.5842696629213484,1.7078842821285147,1.9461576026066145
new_preds,OFT-0148-00,fast,1469,2.2667224238872747,4.542812863231306,1.3174157303370786,1.6492190065669325,1.89573025891537
new_preds,OFT-0148-00,slow,1470,2.216056620290418,4.251215830957572,1.4241573033707866,1.701783098797014,1.9776489137697697
new_preds,OFT-0148-00,medium,1471,2.242287942756739,3.754253997407087,1.2106741573033708,1.6666498267269103,1.9750000032042758
new_preds,OFT-0149-00,fast,1472,2.3831430126949322,5.467495987158908,1.5308988764044944,1.6259345238998864,1.8832348303714423
new_preds,OFT-0149-00,slow,1473,2.400579234580619,4.753284317195765,1.5842696629213484,1.742002616802194,1.9755529356529953
new_preds,OFT-0149-00,medium,1474,2.2935369045253795,5.447735784814436,1.797752808988764,1.6740756248420103,1.9508350836674802
new_preds,OFT-0150-00,fast,1475,2.295505981836847,4.966831714594046,1.4775280898876404,1.6372169624264716,1.8540040531820252
new_preds,OFT-0150-00,medium,1476,2.3980271159742492,4.421891989851395,1.3707865168539326,1.6497941079530847,1.8922180672865523
new_preds,OFT-0150-00,slow,1477,2.3635488961486293,3.8308689036105688,1.6376404494382022,1.779800582221375,2.036774681980603
new_preds,OFT-0151-00,fast,1478,2.2465036992647915,5.205518418432656,1.3707865168539326,1.5771096412790166,1.7753480431584456
new_preds,OFT-0151-00,medium,1479,2.261416372923133,4.990135098983413,1.5842696629213484,1.619085682933753,1.8311639816481686
new_preds,OFT-0151-00,slow,1480,2.2201433606578806,4.194243496998615,1.5308988764044944,1.6502080603493723,1.9079551776715744
new_preds,OFT-0152-00,medium,1481,2.3591424637380785,4.944814395594272,1.5842696629213484,1.6499664047761686,1.8801105890382
new_preds,OFT-0152-00,slow,1482,2.652868919336841,4.450491573033708,1.4241573033707866,1.6820150902201578,1.9095836112980653
new_preds,OFT-0152-00,fast,1483,2.269074580133718,5.472326258843113,1.4775280898876404,1.6026588207512071,1.8097275207060246
new_preds,OFT-0153-00,fast,1484,2.3487596429489397,5.276886035313002,1.4775280898876404,1.5898737461061494,1.7708287550530948
new_preds,OFT-0153-00,medium,1485,2.2854090758401773,4.8557087445420075,1.4241573033707866,1.6293537393529147,1.8675653095966722
new_preds,OFT-0153-00,slow,1486,2.283972357344378,4.495622522721003,1.6910112359550562,1.6930287192696656,1.956977695036917
new_preds,OFT-0154-00,medium,1487,2.3892688660940347,4.06659107308525,1.4775280898876404,1.7028065622799469,1.9479690183994274
new_preds,OFT-0154-00,slow,1488,2.2848293593887865,3.7177792465300734,1.2640449438202248,1.70795676732833,1.9794747518354445
new_preds,OFT-0154-00,fast,1489,2.264535670599043,5.467495987158909,1.5308988764044944,1.6097429365937654,1.8505512988669393
new_preds,OFT-0155-00,fast,1490,2.130254335233671,5.647036032545524,1.6376404494382022,1.5692562180265257,1.7599911056126043
new_preds,OFT-0155-00,slow,1491,2.4059917448557417,4.726850058117009,1.3707865168539326,1.6223310559007416,1.8337173747436106
new_preds,OFT-0155-00,medium,1492,2.207620569404232,5.4588014981273405,1.6376404494382022,1.6067908686427634,1.7939858390585397
new_preds,OFT-0156-00,fast,1493,2.172373175513926,4.754593838457383,1.3174157303370786,1.5787296850725474,1.8289729894955091
new_preds,OFT-0156-00,medium,1494,2.16132532302735,4.746783911415079,1.6376404494382022,1.619618202016336,1.8375394601785964
new_preds,OFT-0156-00,slow,1495,2.2901135586438466,4.104244694132334,1.4775280898876404,1.6584288588725147,1.9437224502802102
new_preds,OFT-0157-00,fast,1496,2.222646011712017,5.210331597698,1.4241573033707866,1.637857277466072,1.8766304448815092
new_preds,OFT-0157-00,medium,1497,2.3752685183941895,5.282711127220007,1.6376404494382022,1.6359309760251,1.8778264102399158
new_preds,OFT-0157-00,slow,1498,2.3442299390291126,5.189487716625404,1.5308988764044944,1.6979265812072863,1.990652396503364
new_preds,OFT-0158-00,fast,1499,2.333208244452871,4.557957390692245,1.4775280898876404,1.6345865210929829,1.8261006837568068
new_preds,OFT-0158-00,medium,1500,2.2723207029587864,4.162050957429972,1.4775280898876404,1.6847441499432054,1.9408323567400472
new_preds,OFT-0158-00,slow,1501,2.140565414431824,3.634423152566141,1.3174157303370786,1.5967660577372886,1.878398422837453
new_preds,OFT-0159-00,fast,1502,2.3413691354691064,5.558840922531047,1.5842696629213484,1.5525073736834556,1.7179924862947322
new_preds,OFT-0159-00,slow,1503,2.2383431418693034,4.5211342964151955,1.4241573033707866,1.6440859498202693,1.9093508309912903
new_preds,OFT-0159-00,medium,1504,2.1902641080334893,5.1660967269174405,1.5842696629213484,1.5877024642500754,1.8138987154611415
new_preds,OFT-0160-00,slow,1505,2.113311027664865,5.1176264044943816,1.6376404494382022,1.6277381554911468,1.8476434197234908
new_preds,OFT-0160-00,medium,1506,2.158324022383724,6.120638675340036,1.7443820224719102,1.5597265229206727,1.7310931824330644
new_preds,OFT-0160-00,fast,1507,2.2332045783727983,6.261884183232498,1.7443820224719102,1.5355240103485148,1.7012375199838201
new_preds,OFT-0161-00,fast,1508,2.2742748642012445,5.702780784534936,1.2640449438202248,1.4542527033672585,1.7402222161693357
new_preds,OFT-0161-00,medium,1509,2.2011327975469506,5.36732929991357,1.7443820224719102,1.6197105865420203,1.8565702920540437
new_preds,OFT-0161-00,slow,1510,2.198874460139242,1.7322097378277153,0.6235955056179775,1.746116462778613,2.002442948287492
new_preds,OFT-0162-00,fast,1511,2.1539025314976867,5.305025471074587,1.4241573033707866,1.536887351259638,1.7666641526603895
new_preds,OFT-0162-00,slow,1512,2.133182562081974,5.286006128702758,1.7443820224719102,1.6243073628901672,1.8856161261150934
new_preds,OFT-0162-00,medium,1513,2.227401222024787,5.291527482538719,1.9578651685393258,1.6643074962387936,1.7964978433986867
new_preds,OFT-0163-00,fast,1514,2.3529355942629233,5.083363537513592,1.5842696629213484,1.6267517267679081,1.7947683584780703
new_preds,OFT-0163-00,medium,1515,2.337960596970022,4.73473879300359,1.5308988764044944,1.690115537720859,1.9121866511470942
new_preds,OFT-0163-00,slow,1516,2.468838719749743,4.290801271138349,1.4775280898876404,1.7524106443212393,1.9973301362270852
new_preds,OFT-0164-00,fast,1517,2.3023351398778935,5.237255084037516,1.5842696629213484,1.6055338549659457,1.8623399860715537
new_preds,OFT-0164-00,medium,1518,2.230726202854059,4.617275280898876,1.4775280898876404,1.6677072938927628,1.9041363400079914
new_preds,OFT-0164-00,slow,1519,2.370937472821548,4.283589840430555,1.4775280898876404,1.721814325736511,2.0002164454424394
new_preds,OFT-0165-00,fast,1520,2.2960766166141395,4.980431763666204,1.4775280898876404,1.6580750212661512,1.835117654642136
new_preds,OFT-0165-00,medium,1521,2.2842824303349056,4.502643754130866,1.5308988764044944,1.6743097601071946,1.890136047342954
new_preds,OFT-0165-00,slow,1522,2.2615389893387534,3.639234614561128,1.2640449438202248,1.742805208532089,2.0115686310437355
new_preds,OFT-0166-00,fast,1523,2.3995349359088958,4.726850058117009,1.3707865168539326,1.5879344891301053,1.8324006448466672
new_preds,OFT-0166-00,medium,1524,2.267891534566873,4.410531611604897,1.4775280898876404,1.6489371183929904,1.896573507298862
new_preds,OFT-0166-00,slow,1525,2.2400421711709986,4.138592179183915,1.3174157303370786,1.6517877813816217,1.9403962438871392
new_preds,OFT-0167-00,fast,1526,2.2612572487197484,5.234224679699762,1.5308988764044944,1.5976163140665796,1.7379006927292384
new_preds,OFT-0167-00,medium,1527,2.0884700679699133,5.0477947341941976,1.6910112359550562,1.6391475776715112,1.8332154284223705
new_preds,OFT-0167-00,slow,1528,2.49028490428557,4.411553331949226,1.5842696629213484,1.6886684422376217,1.911295614652202
new_preds,OFT-0168-00,medium,1529,2.1617625969697487,4.14440965186959,1.2640449438202248,1.6158761177617122,1.9009742485739687
new_preds,OFT-0168-00,slow,1530,2.269818764940364,4.157904223998077,1.797752808988764,1.7183373124331929,1.9458505634437824
new_preds,OFT-0168-00,fast,1531,2.1467290612856984,4.656439066551427,1.2106741573033708,1.5715530445450623,1.7815413695213251
new_preds,OFT-0169-00,fast,1532,2.2265510560482253,5.658105939004816,1.5842696629213484,1.6295411924644132,1.854850118927178
new_preds,OFT-0169-00,medium,1533,2.3517381714082473,5.368289637952559,1.6910112359550562,1.6940021548999473,1.9706758450479196
new_preds,OFT-0169-00,slow,1534,2.2590177739974453,4.351703228107723,1.3707865168539326,1.695976386892387,1.9775265318561157
new_preds,OFT-0170-00,slow,1535,2.3047287773795695,4.124417648670868,1.6910112359550562,1.7765895730806467,2.0707784297486898
new_preds,OFT-0170-00,fast,1536,2.256845786131984,4.635453530036274,1.4775280898876404,1.5893114283502674,1.7949470239111307
new_preds,OFT-0170-00,medium,1537,2.2002711524826646,4.165082108902333,1.3707865168539326,1.6499237583023463,1.9269885243689153
new_preds,OFT-0171-00,fast,1538,2.1514239305983653,5.462998837659822,1.5842696629213484,1.580297520281326,1.7512732533046695
new_preds,OFT-0171-00,medium,1539,2.1595026494482528,4.569847392252222,1.5308988764044944,1.6093122509140374,1.8403203276999058
new_preds,OFT-0171-00,slow,1540,2.1173452009259233,4.282690115616349,1.4775280898876404,1.6449642936202764,1.88485933440884
new_preds,OFT-0172-00,slow,1541,2.26296040476271,4.391385767790262,1.3174157303370786,1.585460007037552,1.8589867099827244
new_preds,OFT-0172-00,medium,1542,2.1997783648434255,5.000720253529242,1.6376404494382022,1.6285756307816035,1.8698622577609085
new_preds,OFT-0172-00,fast,1543,2.262340234284562,5.510503175378603,1.5842696629213484,1.5829484183500653,1.793096639673335
new_preds,OFT-0173-00,medium,1544,2.1299760635543272,4.52304517312543,1.4775280898876404,1.6762020935701742,1.8806322959256732
new_preds,OFT-0173-00,fast,1545,2.2692859525896623,5.2489675425310836,1.5308988764044944,1.5810713505641214,1.7737142275129267
new_preds,OFT-0173-00,slow,1546,2.3616775951378273,4.410531611604897,1.4775280898876404,1.7350884832626658,1.9757997744131683
new_preds,OFT-0174-00,slow,1547,2.525889153296429,1.9341894060995184,0.6769662921348315,1.7046241035978331,1.9469819481854993
new_preds,OFT-0174-00,medium,1548,2.121671323231164,5.282711127220007,1.6376404494382022,1.5880974015282792,1.8635335786477674
new_preds,OFT-0174-00,fast,1549,2.294548824178428,5.274656679151062,1.4241573033707866,1.5699638995743934,1.7810684337036478
new_preds,OFT-0175-00,fast,1550,2.176106758812029,5.397455218328532,1.6910112359550562,1.5679323134960144,1.7654852273546384
new_preds,OFT-0175-00,medium,1551,2.416799417971868,4.887239483555944,1.5842696629213484,1.6711029408242757,1.884002486848899
new_preds,OFT-0175-00,slow,1552,2.3725940649586446,4.6467339554370595,1.3707865168539326,1.6567725054168436,1.8408816373335724
new_preds,OFT-0176-00,fast,1553,2.206556907808611,5.847777214572011,1.4775280898876404,1.492014665723351,1.7044048457823104
new_preds,OFT-0176-00,slow,1554,2.2642914482284517,5.9131593982098645,1.7443820224719102,1.6588270454496246,1.887205474664482
new_preds,OFT-0176-00,medium,1555,2.1261245764443655,5.946756894790603,1.7443820224719102,1.5792187230823582,1.7698764034694991
new_preds,OFT-0177-00,fast,1556,2.262922674229926,5.132098390525357,1.4241573033707866,1.5881105966664204,1.8447057072293378
new_preds,OFT-0177-00,slow,1557,2.177236839123023,4.669368207773071,1.4241573033707866,1.6099925103393606,1.8524658155424134
new_preds,OFT-0177-00,medium,1558,2.1682828626702357,5.3006557922288255,1.4775280898876404,1.57407590486102,1.842036590951405
new_preds,OFT-0178-00,fast,1559,2.153598928974425,5.467495987158909,1.5308988764044944,1.573414430639065,1.804383818110328
new_preds,OFT-0178-00,slow,1560,2.2636818539352968,4.937734082397004,1.6376404494382022,1.6332750614273155,1.891207245965896
new_preds,OFT-0178-00,medium,1561,2.165329664249969,5.457020272333466,1.797752808988764,1.6012171540498898,1.8414297676874265
new_preds,OFT-0179-00,fast,1562,2.240182009064648,5.355959961309073,1.5308988764044944,1.5920631100983176,1.7633777103522046
new_preds,OFT-0179-00,medium,1563,2.2553566066678017,4.581272010732852,1.5308988764044944,1.648722884418577,1.8910143670900579
new_preds,OFT-0179-00,slow,1564,2.2184441458510222,4.866471258752647,1.6910112359550562,1.6658320992477615,1.9611466218925717
new_preds,OFT-0180-00,medium,1565,2.0599574397284472,5.531547104580812,1.797752808988764,1.620144534980495,1.8236732253547452
new_preds,OFT-0180-00,slow,1566,2.147802714321835,5.198858569645086,1.6376404494382022,1.6488981899277608,1.890742602282354
new_preds,OFT-0180-00,fast,1567,2.17088319184245,5.34058988764045,1.4241573033707866,1.5864226160525192,1.8094517416766565
new_preds,OFT-0181-00,fast,1568,2.273900872870021,5.77237230058172,1.3707865168539326,1.5372442620095708,1.7476987094404393
new_preds,OFT-0181-00,medium,1569,2.303248240192904,5.537720706260032,1.7443820224719102,1.608330375589302,1.8517479226682454
new_preds,OFT-0181-00,slow,1570,2.2044657779570063,4.462731444848869,1.5842696629213484,1.6330846200704263,1.9047781179167385
new_preds,OFT-0182-00,slow,1571,2.230388399914014,4.421887265527059,1.5308988764044944,1.6294754902874122,1.8433074517216923
new_preds,OFT-0182-00,medium,1572,2.2401821944077156,5.28441011235955,1.6910112359550562,1.6310091834987357,1.8843639840885469
new_preds,OFT-0182-00,fast,1573,2.271753547506757,5.213781146080961,1.3707865168539326,1.5787782141441349,1.8289413929918232
new_preds,OFT-0183-00,medium,1574,2.1387024007335,5.1176264044943816,1.6376404494382022,1.6113872350535268,1.8503311702283425
new_preds,OFT-0183-00,fast,1575,2.163525172482573,5.402245445959005,1.3707865168539326,1.5329372862393547,1.75028589315302
new_preds,OFT-0183-00,slow,1576,2.1505918949094207,4.9150287914332855,1.904494382022472,1.727706160845483,1.9936217801531024
new_preds,OFT-0184-00,slow,1577,2.0156625641678305,4.221508828250402,1.4775280898876404,1.640800150711495,1.8896177831762706
new_preds,OFT-0184-00,medium,1578,2.095455997774432,5.0388936905790835,1.6376404494382022,1.6275262329526148,1.8390480842427108
new_preds,OFT-0184-00,fast,1579,2.1376144278896043,5.862757434438417,1.4241573033707866,1.536305713365883,1.7654372179681486
new_preds,OFT-0185-00,slow,1580,2.180005541290103,4.852534255359028,1.6376404494382022,1.6003968599467515,1.8435072975855653
new_preds,OFT-0185-00,fast,1581,2.1526029027676117,5.711610486891386,1.3707865168539326,1.5380953994473392,1.761926109939678
new_preds,OFT-0185-00,medium,1582,2.2029469308112133,5.684472798831969,1.6910112359550562,1.5873450265656743,1.8036066796914325
new_preds,OFT-0186-00,slow,1583,2.1265021016605097,5.286006128702758,1.7443820224719102,1.66389747503931,1.8860820697514549
new_preds,OFT-0186-00,medium,1584,2.1544936103149848,5.7436282412592155,1.5842696629213484,1.5846958724909355,1.8179995272737937
new_preds,OFT-0186-00,fast,1585,2.2815128741991817,6.160838277995203,1.3707865168539326,1.504162305151051,1.7205077508297488
new_preds,OFT-0187-00,medium,1586,2.1852176389333176,5.286006128702758,1.7443820224719102,1.6564785779273172,1.9009192197428422
new_preds,OFT-0187-00,slow,1587,2.1617712649310965,4.250500827454055,1.3707865168539326,1.631396824427633,1.8609720629523092
new_preds,OFT-0187-00,fast,1588,2.1498395254228306,5.477528089887642,1.4241573033707866,1.553428921057854,1.7206680921229334
new_preds,OFT-0188-00,fast,1589,2.214777548558059,5.702550974943901,1.3707865168539326,1.5077720828389993,1.7354503764338736
new_preds,OFT-0188-00,medium,1590,2.1182680077571274,5.45487495469373,1.6910112359550562,1.5901674383679443,1.8202982848302398
new_preds,OFT-0188-00,slow,1591,2.0187387644664407,4.570300637716368,1.6910112359550562,1.6661208917241384,1.8711977246031766
new_preds,OFT-0189-00,slow,1592,2.194138228740098,3.9107499156279615,1.4241573033707866,1.7192509279476327,1.9564157461377267
new_preds,OFT-0189-00,fast,1593,2.2445390798413025,5.274656679151062,1.4241573033707866,1.5795812305421597,1.7910868903070447
new_preds,OFT-0189-00,medium,1594,2.1431614042178064,4.18227215980025,1.3174157303370786,1.6242440135184628,1.8988241899558158
new_preds,OFT-0190-00,slow,1595,2.1541839686276165,5.028089887640449,2.0112359550561796,1.7698342050882647,1.9509468977401827
new_preds,OFT-0190-00,medium,1596,2.158782686938081,4.842290273350662,1.5308988764044944,1.6650164778954877,1.9139138363070007
new_preds,OFT-0190-00,fast,1597,2.1350536481221676,5.212556469361751,1.2640449438202248,1.5290689185715836,1.7805351661186908
new_preds,OFT-0191-00,medium,1598,2.506340006917676,3.678556504782245,1.4775280898876404,1.7753476896266516,2.0182939985224753
new_preds,OFT-0191-00,slow,1599,2.376284619047178,3.60372704850644,1.4775280898876404,1.76160000380312,2.076249490559441
new_preds,OFT-0191-00,fast,1600,2.3841451362973305,4.282690115616349,1.4775280898876404,1.7087607995084662,1.9594515931249858
new_preds,OFT-0192-00,fast,1601,2.209110511368302,5.590501627064531,1.6910112359550562,1.5958223521759227,1.7757071708653567
new_preds,OFT-0192-00,medium,1602,2.2623479248728944,4.8064419291202425,1.5308988764044944,1.5988960489681385,1.8397907756297467
new_preds,OFT-0192-00,slow,1603,2.4161767829078054,4.224719101123595,1.5842696629213484,1.7445835268134213,1.9800040046909766
new_preds,OFT-0193-00,fast,1604,2.158022267716863,5.754170922710249,1.4241573033707866,1.545243091018282,1.7637831650529785
new_preds,OFT-0193-00,slow,1605,2.2047275548227163,4.678972712680578,1.6376404494382022,1.685266041632764,1.93624527908056
new_preds,OFT-0193-00,medium,1606,2.198123504041475,5.368289637952559,1.6910112359550562,1.5966862278697715,1.8546377148880964
new_preds,OFT-0194-00,slow,1607,2.3206879954459336,5.003052679020627,1.6376404494382022,1.636803213560218,1.941003566813712
new_preds,OFT-0194-00,fast,1608,2.2707127540870866,5.642980720278261,1.904494382022472,1.6557667945029508,1.8537232627131508
new_preds,OFT-0194-00,medium,1609,2.396309997487591,4.651685393258427,1.7443820224719102,1.7351750450473102,1.9215129861881013
new_preds,OFT-0194-01,slow,1610,2.2943290322805643,4.270312398519192,1.4775280898876404,1.7291500635861414,1.9893547199511452
new_preds,OFT-0194-01,medium,1611,2.0063294029449814,4.315628192032687,1.4241573033707866,1.6296768110102564,1.8425834263751042
new_preds,OFT-0194-01,fast,1612,2.205188298123666,5.8880726015557485,1.5308988764044944,1.522324596515381,1.81084727510809
new_preds,OFT-0195-00,fast,1613,2.212725519846006,5.537720706260032,1.7443820224719102,1.6180252630662453,1.782836468982737
new_preds,OFT-0195-00,slow,1614,2.3486679601977443,4.104244694132334,1.4775280898876404,1.7289061773570245,2.0161353907680133
new_preds,OFT-0195-00,medium,1615,2.1944727842661504,4.912921348314606,1.6376404494382022,1.6500545506890774,1.811700538620222
new_preds,OFT-0196-00,medium,1616,2.178009143785383,4.14440965186959,1.2640449438202248,1.6125782881183843,1.9311706833041702
new_preds,OFT-0196-00,slow,1617,2.3551775629916527,4.122899293115627,1.3707865168539326,1.6808098416195618,1.918837245757679
new_preds,OFT-0196-00,fast,1618,2.123519777482719,5.065976013525413,1.4775280898876404,1.576827026460288,1.7860868221117543
new_preds,OFT-0197-00,fast,1619,2.1152189921192313,6.953073364177132,1.4775280898876404,1.4505883473914936,1.7318599508570642
new_preds,OFT-0197-00,slow,1620,2.2105472343357766,5.286006128702758,1.7443820224719102,1.6237799487479572,1.8454179404701454
new_preds,OFT-0197-00,medium,1621,2.1523720780161555,5.96281015917603,1.6376404494382022,1.5617594835232878,1.7944815660185398
new_preds,OFT-0198-00,fast,1622,2.3574874392466865,5.7461068401340425,1.6376404494382022,1.579880990848255,1.8170714271670874
new_preds,OFT-0198-00,medium,1623,2.141051766967343,5.340383344348975,1.797752808988764,1.6347046457367804,1.8496524320997745
new_preds,OFT-0198-00,slow,1624,2.398608140551766,4.913752175977211,1.7443820224719102,1.7056644450323242,2.022837499556182
new_preds,OFT-0199-00,medium,1625,2.456153418099096,4.030992634373923,1.4241573033707866,1.7074215516866178,1.9140566349395411
new_preds,OFT-0199-00,slow,1626,2.3482549613720085,3.788533563814463,1.4775280898876404,1.7020523461828665,1.9561788090499068
new_preds,OFT-0199-00,fast,1627,2.345508372717315,4.382281778524226,1.4241573033707866,1.6051111523471964,1.832019942000261
new_preds,OFT-0200-00,fast,1628,2.1615743409833437,5.54866481832774,1.4241573033707866,1.5014673188654297,1.6993804229320233
new_preds,OFT-0200-00,medium,1629,2.1135580405414975,5.590501627064531,1.6910112359550562,1.5995780998760625,1.7537261852136579
new_preds,OFT-0200-00,slow,1630,2.2210923951085064,4.6650804644878825,1.6910112359550562,1.6431584062337354,1.8429551111034328
new_preds,OFT-0201-00,medium,1631,2.203851405804814,4.546240276577356,1.4775280898876404,1.6348052706114917,1.9076438318653637
new_preds,OFT-0201-00,slow,1632,2.187244805231408,3.9907012785741958,1.1573033707865168,1.606764036032749,1.840046644493692
new_preds,OFT-0201-00,fast,1633,2.214626635078895,5.507115523297741,1.5308988764044944,1.5620362665124563,1.8162152564241747
new_preds,OFT-0202-00,fast,1634,2.2292900085043037,5.584930601454065,1.4241573033707866,1.5487840787193707,1.7546380915991566
new_preds,OFT-0202-00,medium,1635,2.219178209182016,5.462998837659822,1.5842696629213484,1.5985685483665066,1.8128479651715892
new_preds,OFT-0202-00,slow,1636,2.135553969702621,4.973562458691341,1.6910112359550562,1.6410180151425695,1.9177174185182906
new_preds,OFT-0203-00,medium,1637,2.12197555134684,4.763411932267764,1.6910112359550562,1.602603648484978,1.8127765920186023
new_preds,OFT-0203-00,fast,1638,2.093704506882253,5.608034205031322,1.5842696629213484,1.539338934511405,1.7760523906559558
new_preds,OFT-0203-00,slow,1639,2.1451881670394037,3.854421104054714,1.4775280898876404,1.6766060013774646,1.9048682805741262
new_preds,OFT-0204-00,fast,1640,2.0646162351488266,5.5312293456708534,1.4241573033707866,1.543813106865241,1.7712374843248713
new_preds,OFT-0204-00,medium,1641,2.1657506009710192,5.340131900341963,1.6376404494382022,1.6030545607845634,1.8112231338358995
new_preds,OFT-0204-00,slow,1642,2.1521489693706037,4.595251252094132,1.4241573033707866,1.6231850759353588,1.895120308562699
new_preds,OFT-0205-00,fast,1643,2.156662084946212,5.658105939004815,1.5842696629213484,1.58536694167081,1.8354328985766457
new_preds,OFT-0205-00,slow,1644,2.213535249214532,4.411514350377536,1.4775280898876404,1.6492503384348853,1.9227511068163408
new_preds,OFT-0205-00,medium,1645,2.286865588223202,4.9124640710739484,1.5842696629213484,1.6383001233519872,1.8308701215482757
new_preds,OFT-0206-00,fast,1646,2.1370633580169818,5.189838251636004,1.6910112359550562,1.6162916160200167,1.8786476708142812
new_preds,OFT-0206-00,medium,1647,2.323167877380865,4.0919000503102465,1.3707865168539326,1.7168482643615954,1.9308314931253376
new_preds,OFT-0206-00,slow,1648,2.3797674676144327,3.272092317036137,1.2106741573033708,1.78930006660407,2.08584033323873
new_preds,OFT-0207-00,slow,1649,2.0901942758233045,3.755579498229952,1.3707865168539326,1.67218996348262,1.9018341839574
new_preds,OFT-0207-00,fast,1650,2.1827341172653307,5.184309087325054,1.4775280898876404,1.6467995717430208,1.8288654974907828
new_preds,OFT-0207-00,medium,1651,2.224831993323185,4.221508828250402,1.4775280898876404,1.6837008115910086,1.8946640175127007
new_preds,OFT-0208-00,medium,1652,2.3032495011003724,4.85999643303014,1.5308988764044944,1.66941948583678,1.9103739607877073
new_preds,OFT-0208-00,slow,1653,2.360814251005373,4.613071688558316,1.6376404494382022,1.7050908072354578,2.0034045024353366
new_preds,OFT-0208-00,fast,1654,2.192396658302399,5.575798250604466,1.4775280898876404,1.5602041899197212,1.7460084728107963
new_preds,OFT-0209-00,fast,1655,2.214784464023127,5.989978742787732,1.4775280898876404,1.5383210765257795,1.7924345327736158
new_preds,OFT-0209-00,medium,1656,2.155396541120807,5.6367041198501875,1.6910112359550562,1.5971070548110011,1.8281385674304351
new_preds,OFT-0209-00,slow,1657,2.2456926862449946,4.6905653647226675,1.4775280898876404,1.6511040319212122,1.8364538734496438
new_preds,OFT-0210-00,fast,1658,2.2810068181210137,5.514167073766488,1.6910112359550562,1.6316836791443,1.8623116748115336
new_preds,OFT-0210-00,slow,1659,2.1319043029099567,4.6694878155552315,1.797752808988764,1.730978526516322,1.9707774929221775
new_preds,OFT-0210-00,medium,1660,2.1906365713781315,4.334035580524345,1.7443820224719102,1.7213662857181096,1.8931325548911233
new_preds,OFT-0211-00,fast,1661,2.373787153473988,4.938383472272562,1.5308988764044944,1.6777576026294736,1.8764379302316196
new_preds,OFT-0211-00,medium,1662,2.438442119261607,4.572676949038589,1.5308988764044944,1.656072328421423,1.8473320807593447
new_preds,OFT-0211-00,slow,1663,2.5657728089467606,4.373996789727127,1.5308988764044944,1.7359863024835953,1.9468355617061655
new_preds,OFT-0212-00,fast,1664,2.364940697416551,5.850581509954662,1.6376404494382022,1.5636563255335925,1.7852216659375983
new_preds,OFT-0212-00,medium,1665,2.0599131106027797,5.328239176553783,2.0646067415730336,1.6787285189782408,1.8040838700039858
new_preds,OFT-0212-00,slow,1666,2.1932275542045763,5.362171142778844,2.1713483146067416,1.7486679306113635,1.9422464769120902
new_preds,OFT-0213-00,fast,1667,2.2437352390664373,5.6184504218212075,1.5308988764044944,1.6195558165491093,1.8187729516020057
new_preds,OFT-0213-00,slow,1668,2.217242013760001,4.787213821069528,1.7443820224719102,1.6903934435494272,1.9132245800224472
new_preds,OFT-0213-00,medium,1669,2.2637149354547725,5.414057223552527,1.6376404494382022,1.6275188321426226,1.851434885922493
new_preds,OFT-0214-00,slow,1670,2.128233727961236,4.8746758859118415,1.5842696629213484,1.6456098026168033,1.825290089915566
new_preds,OFT-0214-00,medium,1671,2.103634184535107,6.016213909827906,1.5842696629213484,1.5538579265843342,1.7942803790879076
new_preds,OFT-0214-00,fast,1672,2.2020204780496933,6.587679504896954,1.4241573033707866,1.4668826207509431,1.687365002324625
new_preds,OFT-0215-00,slow,1673,2.129552876543391,4.477357848144365,1.4775280898876404,1.6427135796993844,1.8850265711131031
new_preds,OFT-0215-00,fast,1674,2.1215702484712664,5.6367041198501875,1.6910112359550562,1.5200700247186116,1.7153872084072135
new_preds,OFT-0215-00,medium,1675,2.1456224871711664,5.32442554914465,1.4775280898876404,1.5772785413653143,1.77454514727568
new_preds,OFT-0216-00,medium,1676,2.190098209131306,4.002296399573526,1.3707865168539326,1.729127749780585,1.9733355550015588
new_preds,OFT-0216-00,fast,1677,2.2206205056312216,5.016192165807778,1.5842696629213484,1.6351743802950485,1.892052818872553
new_preds,OFT-0216-00,slow,1678,2.3058582111295323,3.1210986267166043,1.2640449438202248,1.743166607011242,1.9962688717601085
new_preds,OFT-0217-00,fast,1679,2.1653177668056243,5.608620821439773,1.6376404494382022,1.6133546559632395,1.826519780656269
new_preds,OFT-0217-00,slow,1680,2.811881525714339,4.526484751203853,1.5842696629213484,1.6697585150121215,1.9371516291204502
new_preds,OFT-0217-00,medium,1681,2.1512668583874364,4.127992183683439,1.4241573033707866,1.6392592475711631,1.8854278706250986
new_preds,OFT-0218-00,fast,1682,2.2431019103432117,5.595047007567072,1.3707865168539326,1.5542543084493827,1.8143604393180282
new_preds,OFT-0218-00,medium,1683,2.2839409997747318,5.668370996927998,1.6910112359550562,1.6561406442085285,1.8825577810543783
new_preds,OFT-0218-00,slow,1684,2.2458999919863105,5.1176264044943816,1.6376404494382022,1.6722121745277148,1.931246694373586
new_preds,OFT-0219-00,fast,1685,2.0801683273338205,5.859982713915299,1.904494382022472,1.6274895285211992,1.7788572250950152
new_preds,OFT-0219-00,medium,1686,2.2726685021277535,4.729163172899548,1.5842696629213484,1.657897738147811,1.9056211572865513
new_preds,OFT-0219-00,slow,1687,2.2313175474251787,4.590479006505027,1.7443820224719102,1.778719320568144,2.0405006037383187
new_preds,OFT-0220-00,fast,1688,2.197949888770837,5.477528089887641,1.4241573033707866,1.549153186742237,1.7870069044625605
new_preds,OFT-0220-00,slow,1689,2.2974568939320386,4.784058988764045,1.5308988764044944,1.6304341779270601,1.8458496094884438
new_preds,OFT-0220-00,medium,1690,2.092325527644666,5.394995945789413,1.7443820224719102,1.6059788993029394,1.7792533124874852
new_preds,OFT-0221-00,medium,1691,2.374851637584983,4.536245573191544,1.5308988764044944,1.6804038723328745,1.9291721857304414
new_preds,OFT-0221-00,fast,1692,2.2318013357923223,4.879317519766958,1.3174157303370786,1.5958067145150292,1.794774937984999
new_preds,OFT-0221-00,slow,1693,2.214974318426568,4.03558052434457,1.2106741573033708,1.6860637445882978,1.922710145617674
new_preds,OFT-0222-00,fast,1694,2.093273339334466,5.726275890077164,1.5842696629213484,1.5732176038995274,1.8141092042911853
new_preds,OFT-0222-00,slow,1695,2.2291984943227883,4.4317402542596405,1.5842696629213484,1.7513215105826623,2.029943214499641
new_preds,OFT-0222-00,medium,1696,2.172156899912187,5.207110514841523,1.7443820224719102,1.6693431611719733,1.9152759166881672
new_preds,OFT-0223-00,fast,1697,2.1101677748983825,5.546735059436574,1.5308988764044944,1.5446966149226178,1.7636733886574145
new_preds,OFT-0223-00,slow,1698,2.1073155576297524,4.2940500510725235,1.4241573033707866,1.6478506232346815,1.895122505822154
new_preds,OFT-0223-00,medium,1699,2.18303820933056,4.809238246599645,1.5308988764044944,1.5989078590882766,1.797631464333119
new_preds,OFT-0224-00,fast,1700,2.227134400901172,5.91612458111571,1.6910112359550562,1.6082170012503054,1.810911000903308
new_preds,OFT-0224-00,medium,1701,2.2037087212357,4.9625468164794,1.6376404494382022,1.6144839412428165,1.83500365966925
new_preds,OFT-0224-00,slow,1702,2.112941422952191,4.664794007490637,1.6376404494382022,1.674720052473537,1.866148692280856
new_preds,OFT-0225-00,fast,1703,2.2061027933749613,5.812886952533823,1.4241573033707866,1.5652247146226794,1.797109867936618
new_preds,OFT-0225-00,medium,1704,2.2382208191865076,5.00042885324642,1.6376404494382022,1.614883255055464,1.80040843538833
new_preds,OFT-0225-00,slow,1705,2.226046575851365,4.85999643303014,1.5308988764044944,1.6767547290511147,1.8985101602483954
new_preds,OFT-0226-00,medium,1706,2.317007280454617,5.22286702061983,1.5842696629213484,1.6405391831695741,1.8704826305484044
new_preds,OFT-0226-00,fast,1707,2.31453445873123,5.74646409538599,1.4241573033707866,1.5552167242626047,1.766923073259237
new_preds,OFT-0226-00,slow,1708,2.495314804030707,4.287476289186108,1.5308988764044944,1.6939838306424087,1.9084659268441955
new_preds,OFT-0227-00,slow,1709,2.224041061265326,4.7014677737992345,1.6376404494382022,1.7059985104133204,1.9056584913773844
new_preds,OFT-0227-00,medium,1710,2.2463804520126582,4.950842696629214,1.5842696629213484,1.640569432124421,1.842265570916994
new_preds,OFT-0227-00,fast,1711,2.1990199370880728,5.540730337078651,1.4775280898876404,1.5529633824543996,1.778562167662397
new_preds,OFT-0228-00,fast,1712,2.0704767153080716,6.118328651685393,1.9578651685393258,1.582835452633251,1.7610782176274766
new_preds,OFT-0228-00,medium,1713,2.18511343873293,0.9978785259684135,0.35674157303370785,1.6854522260326459,1.8633610731647103
new_preds,OFT-0228-00,slow,1714,2.3297487199392846,1.7138387142653964,0.6769662921348315,1.7846549830024938,2.0151229391215217
new_preds,OFT-0229-00,medium,1715,2.3149602685776274,5.324865657059111,1.5308988764044944,1.6248488964993972,1.8456415732855966
new_preds,OFT-0229-00,fast,1716,2.2202278213477227,5.6125787727483925,1.4241573033707866,1.5449216210692254,1.7409552091746376
new_preds,OFT-0229-00,slow,1717,2.3810396637236946,4.659616655651025,1.5842696629213484,1.6731691250149014,1.9300236381782359
new_preds,OFT-0230-00,fast,1718,2.214049948974163,5.727894479726428,1.3174157303370786,1.4983589266032364,1.738606832580634
new_preds,OFT-0230-00,slow,1719,2.250501522981685,4.925093632958801,1.4775280898876404,1.6612304989812618,1.9010007685409667
new_preds,OFT-0230-00,medium,1720,2.3284488184290724,5.566905005107253,1.5308988764044944,1.594331913132132,1.8258207656966687
new_preds,OFT-0231-00,medium,1721,2.1296563661466514,4.477357848144365,1.4775280898876404,1.6741960875684105,1.8885818722577923
new_preds,OFT-0231-00,fast,1722,2.052415219111332,5.695764909248056,1.851123595505618,1.6226569057006424,1.7792825173243487
new_preds,OFT-0231-00,slow,1723,2.263695892920253,4.622511334516065,1.3174157303370786,1.6522218761880025,1.8691962702883196
new_preds,OFT-0232-00,fast,1724,2.35004479477131,5.627038782167452,1.7443820224719102,1.5799592142343633,1.7585636267782163
new_preds,OFT-0232-00,slow,1725,2.2135589882650955,4.998595071998223,2.0112359550561796,1.7704560812670407,1.9242641097287863
new_preds,OFT-0232-00,medium,1726,2.0913082181420966,5.456522455435105,1.7443820224719102,1.6061807631485632,1.8553182210578694
new_preds,OFT-0233-00,medium,1727,2.2089801095563613,5.008569796229289,1.4775280898876404,1.604640407605824,1.8266304306151877
new_preds,OFT-0233-00,fast,1728,2.217534137013239,5.696629213483146,1.4241573033707866,1.573223941129167,1.8444913761670492
new_preds,OFT-0233-00,slow,1729,2.11192467150854,4.901481843347989,1.6910112359550562,1.6351178872872032,1.8818670071607602
new_preds,OFT-0234-00,fast,1730,2.085957942749034,5.69219091454099,1.5842696629213484,1.5583884446245622,1.7706807844466619
new_preds,OFT-0234-00,medium,1731,2.256063184793385,4.827651875833174,1.4241573033707866,1.6121227454538334,1.8271480067215167
new_preds,OFT-0234-00,slow,1732,2.2378511748920102,5.028089887640449,2.0112359550561796,1.7282904649074362,1.9508056674998482
new_preds,OFT-0235-00,fast,1733,2.2525025406061325,5.467495987158909,1.5308988764044944,1.5678276067702894,1.7610442020597186
new_preds,OFT-0235-00,medium,1734,2.2443792045311355,5.019340578375392,1.5308988764044944,1.6235994703429197,1.8518815562374291
new_preds,OFT-0235-00,slow,1735,2.130342221750403,5.203111495246327,1.6910112359550562,1.6591346706656316,1.8990849278043702
new_preds,OFT-0236-00,fast,1736,2.047589424979727,5.848715890850722,1.6376404494382022,1.5063348944067156,1.7232855577973247
new_preds,OFT-0236-00,slow,1737,2.1335578479719755,11.431733060946543,3.7724719101123596,1.6813037128644857,1.9243376970262998
new_preds,OFT-0236-00,medium,1738,2.112353911506897,5.6367041198501875,1.6910112359550562,1.6161794686817603,1.8187499770737465
new_preds,OFT-0237-00,medium,1739,2.199898484992856,4.5362689516983865,1.4241573033707866,1.6586210409441944,1.9158922263358753
new_preds,OFT-0237-00,fast,1740,2.229294701281257,5.711610486891386,1.3707865168539326,1.546964282358084,1.770723758026877
new_preds,OFT-0237-00,slow,1741,2.278870219623075,4.9625468164794,1.6376404494382022,1.6126656914159352,1.8524144958550066
new_preds,OFT-0238-00,slow,1742,2.0724729995854894,4.883318928262749,1.904494382022472,1.6834353154637287,1.8915948863632206
new_preds,OFT-0238-00,medium,1743,2.1498323665697106,5.531547104580812,1.797752808988764,1.5989416552741018,1.8563092603418943
new_preds,OFT-0238-00,fast,1744,2.1600961155604335,5.227840199750312,1.3174157303370786,1.5449505653386113,1.814078551431935
new_preds,OFT-0239-00,fast,1745,2.09369681328292,5.712699242226287,1.6376404494382022,1.5923803543612043,1.8175466724421587
new_preds,OFT-0239-00,medium,1746,2.1277297615933524,5.198858569645086,1.6376404494382022,1.5806131755371668,1.8212787971140332
new_preds,OFT-0239-00,slow,1747,2.099236142618087,4.517843705641919,1.6376404494382022,1.664036393395646,1.9022813707184252
new_preds,OFT-0240-00,slow,1748,2.1687687093219314,4.712878312047828,1.6376404494382022,1.603833701643685,1.7882372849429609
new_preds,OFT-0240-00,medium,1749,2.2439365117534535,5.494457263242375,1.7443820224719102,1.5663791507005174,1.7934323449664318
new_preds,OFT-0240-00,fast,1750,2.331587341363294,5.860034160595958,1.5308988764044944,1.550671759273818,1.7267722240525387
new_preds,OFT-0241-00,slow,1751,2.204601800864074,3.5603932584269664,1.4241573033707866,1.7272985233217166,1.964418693647362
new_preds,OFT-0241-00,medium,1752,2.2030702643508024,4.244889616923409,1.4241573033707866,1.6525153587096335,1.8801383655845043
new_preds,OFT-0241-00,fast,1753,2.181229246697703,4.895666131621187,1.3707865168539326,1.583860024993403,1.830086988729594
new_preds,OFT-0242-00,slow,1754,2.1500963856932165,4.76621964479884,1.4775280898876404,1.5951993842286962,1.8533113723769599
new_preds,OFT-0242-00,medium,1755,2.281107602184202,5.369312948977712,1.6376404494382022,1.5706143357657876,1.8231283015109383
new_preds,OFT-0242-00,fast,1756,2.2384271621296405,5.584930601454065,1.4241573033707866,1.5068168552002925,1.7130329845884638
new_preds,OFT-0243-00,medium,1757,2.2449586710867817,4.910887253002712,1.4241573033707866,1.6388451376701672,1.8837051837777516
new_preds,OFT-0243-00,fast,1758,2.3206668608854226,5.424169946118907,1.2640449438202248,1.5270257536565888,1.7378893939208966
new_preds,OFT-0243-00,slow,1759,2.249989714778924,5.1170762933140175,1.4775280898876404,1.6026339712193978,1.8704369382615829
new_preds,OFT-0244-00,medium,1760,2.216776416366309,5.194326763676552,1.5842696629213484,1.5648451260876028,1.7885090079341182
new_preds,OFT-0244-00,fast,1761,2.1770393010051436,5.584930601454065,1.4241573033707866,1.5318296118233907,1.7704027885251623
new_preds,OFT-0244-00,slow,1762,2.111108604237061,4.8746758859118415,1.5842696629213484,1.5675889167014965,1.8450778578794023
new_preds,OFT-0245-00,slow,1763,2.065285990044691,5.28441011235955,1.6910112359550562,1.6183371397974333,1.910620564345993
new_preds,OFT-0245-00,medium,1764,2.094067656129975,5.7461068401340425,1.6376404494382022,1.5736647270636597,1.8554031132810676
new_preds,OFT-0245-00,fast,1765,2.312262885658054,5.4019014693172,1.2640449438202248,1.5092288804948826,1.758118802606723
new_preds,OFT-0246-00,slow,1766,2.1353642763780227,4.913752175977211,1.7443820224719102,1.7077096700526488,1.9431871326438739
new_preds,OFT-0246-00,medium,1767,2.120172151851261,4.477357848144365,1.4775280898876404,1.632158126632404,1.8698686706013015
new_preds,OFT-0246-00,fast,1768,2.2468918436160865,5.278961642774118,1.5308988764044944,1.5915718084728903,1.829323938454357
new_preds,OFT-0247-00,slow,1769,2.114020339898569,3.7251512532411413,1.2106741573033708,1.6507655753783983,1.9094321989926346
new_preds,OFT-0247-00,medium,1770,2.210097220022797,4.888478953546873,1.6376404494382022,1.6651736097998155,1.909259373554636
new_preds,OFT-0247-00,fast,1771,2.244120248697242,5.184309087325054,1.4775280898876404,1.5799124716034612,1.8155900851129483
new_preds,OFT-0248-00,medium,1772,2.239147107578877,5.591539986781229,1.5842696629213484,1.5834177538720067,1.7613479233285882
new_preds,OFT-0248-00,slow,1773,2.1691843517075795,5.203111495246327,1.6910112359550562,1.634804700680696,1.8664691158793232
new_preds,OFT-0248-00,fast,1774,2.2487764147602616,5.697290152015863,1.2106741573033708,1.4891113282604769,1.7130364026083402
new_preds,OFT-0249-00,medium,1775,2.2101262155682284,4.137564530822957,1.5308988764044944,1.6298340480366313,1.8654493735682858
new_preds,OFT-0249-00,slow,1776,2.3674454022681535,3.7799972256901095,1.5308988764044944,1.6816019682980567,1.910552905195818
new_preds,OFT-0249-00,fast,1777,2.171340044619151,5.1787538304392235,1.4241573033707866,1.5389438435226876,1.7689835980833575
new_preds,OFT-0250-00,slow,1778,2.3290488031538996,3.9838516115419105,1.4241573033707866,1.6884900600847745,1.9841382258681295
new_preds,OFT-0250-00,fast,1779,2.277058608339987,5.07698709945901,1.3707865168539326,1.5763784514429646,1.7977596139466947
new_preds,OFT-0250-00,medium,1780,2.3445206242904453,4.359665214400367,1.4241573033707866,1.6476000863952909,1.8926802803171447
new_preds,OFT-0251-00,medium,1781,2.4424164213505573,3.950871226152125,1.5308988764044944,1.6904508228321102,1.9200980427939107
new_preds,OFT-0251-00,slow,1782,2.3328590919670087,3.659488139825218,1.3174157303370786,1.6762167317555459,1.9422409833833822
new_preds,OFT-0251-00,fast,1783,2.438014111254079,4.436670170632983,1.4241573033707866,1.6224415063122772,1.8199034993666938
new_preds,OFT-0252-00,fast,1784,2.22487001651832,5.6060243844131,1.3174157303370786,1.5086614825472382,1.7239163957079897
new_preds,OFT-0252-00,medium,1785,2.104727012967202,5.117879824132878,1.5842696629213484,1.6009420959225367,1.8395883896227425
new_preds,OFT-0252-00,slow,1786,2.35588716124155,4.196722232167616,1.3707865168539326,1.668251025980623,1.9430439792824594
new_preds,OFT-0253-00,fast,1787,2.237069948540558,4.480786260178775,1.5308988764044944,1.6312125550339516,1.8471740584883736
new_preds,OFT-0253-00,slow,1788,2.1617491824497392,3.7720706260032104,1.5842696629213484,1.7503871587561428,2.0383101589860932
new_preds,OFT-0253-00,medium,1789,2.4964899761154213,3.9606741573033712,1.5842696629213484,1.6854784668652685,1.8721086065703179
new_preds,OFT-0254-00,slow,1790,2.2090127595710958,3.9184523602462864,1.3174157303370786,1.6783561157419662,1.9079549351269947
new_preds,OFT-0254-00,fast,1791,2.279711165900272,4.669368207773071,1.4241573033707866,1.652119348825579,1.8398923337345479
new_preds,OFT-0254-00,medium,1792,2.293950904922016,4.443693503421475,1.4775280898876404,1.6581093689331368,1.913719542680514
new_preds,OFT-0255-00,fast,1793,2.5057897548675454,4.5211342964151955,1.4241573033707866,1.5994514950785192,1.793119143992951
new_preds,OFT-0255-00,medium,1794,2.3815037960389835,3.9732942517505294,1.3707865168539326,1.6635644362538358,1.9502022111577904
new_preds,OFT-0255-00,slow,1795,2.4438086848114717,3.7944372812672684,1.1573033707865168,1.7067977478879643,1.9793073303869024
new_preds,OFT-0256-00,fast,1796,2.1465488854730377,6.206346796234437,1.5308988764044944,1.513959905069825,1.7400763567919244
new_preds,OFT-0256-00,medium,1797,2.3127855803342436,5.575190454656139,1.5842696629213484,1.542614823123169,1.7152789174076566
new_preds,OFT-0256-00,slow,1798,2.13718200919792,5.102996254681648,1.5308988764044944,1.5585299874724226,1.7960393474023488
new_preds,OFT-0257-00,fast,1799,2.3243545592562462,4.73473879300359,1.5308988764044944,1.639550137140058,1.8436346866115505
new_preds,OFT-0257-00,medium,1800,2.436422735154481,4.450491573033708,1.4241573033707866,1.5986738463055366,1.8454540004638356
new_preds,OFT-0257-00,slow,1801,2.3310990973788757,3.940775488676139,1.4775280898876404,1.7210252526935137,1.9761600068198297
new_preds,OFT-0258-00,slow,1802,2.1405226329396316,4.885847477886684,1.5308988764044944,1.58794172138947,1.8224299163057258
new_preds,OFT-0258-00,fast,1803,2.25031116529709,6.156367041198502,1.4775280898876404,1.510649579085151,1.754474587325727
new_preds,OFT-0258-00,medium,1804,2.0916493545830943,6.050081994539704,1.7443820224719102,1.548269592388774,1.7757993424801943
new_preds,OFT-0259-00,medium,1805,2.3142477587236905,4.669368207773071,1.4241573033707866,1.6371490397390236,1.9049286436316826
new_preds,OFT-0259-00,fast,1806,2.283768544217772,5.480972811901375,1.5842696629213484,1.6211039879255837,1.8044955531898943
new_preds,OFT-0259-00,slow,1807,2.5124478743689442,4.639087504256044,1.5308988764044944,1.6941919474796825,1.9674647742588023
new_preds,OFT-0260-00,medium,1808,2.4120782688201285,4.763411932267764,1.6910112359550562,1.6180783440750761,1.8220077120940383
new_preds,OFT-0260-00,slow,1809,2.168244533432999,3.9018008311528396,1.4241573033707866,1.7025530972615337,1.916021866351541
new_preds,OFT-0260-00,fast,1810,2.1874109307748473,5.396844370069328,1.6910112359550562,1.573700534455106,1.765505242167949
new_preds,OFT-0261-00,fast,1811,2.235931476241844,5.567209461280025,1.6910112359550562,1.5862392687822813,1.7797229294903971
new_preds,OFT-0261-00,medium,1812,2.162157366560187,5.124276472591079,1.6910112359550562,1.62587014063972,1.8723433163280034
new_preds,OFT-0261-00,slow,1813,2.153069194494801,4.582562751529532,1.4241573033707866,1.6464389700375874,1.8753669400631399
new_preds,OFT-0262-00,fast,1814,2.1961806924337335,5.4588014981273405,1.6376404494382022,1.5559193787842753,1.7527078168252763
new_preds,OFT-0262-00,medium,1815,2.173811795427811,4.386797608979559,1.3707865168539326,1.6285511787997942,1.85713684939429
new_preds,OFT-0262-00,slow,1816,2.438041071112689,4.497338852749852,1.4241573033707866,1.664687537349086,1.8748932654924688
new_preds,OFT-0263-00,slow,1817,2.1939243302722025,4.14959815855181,1.3174157303370786,1.656752412715465,1.9413556664652774
new_preds,OFT-0263-00,fast,1818,2.37967667822794,4.844354393074231,1.4775280898876404,1.6009045274046507,1.7988724895732775
new_preds,OFT-0263-00,medium,1819,2.2281072799903345,4.973562458691342,1.6910112359550562,1.6556083020436059,1.9280893297303847
new_preds,OFT-0264-00,fast,1820,2.229271399936479,5.760980592441267,1.5842696629213484,1.6159432738700923,1.8243263867002109
new_preds,OFT-0264-00,medium,1821,2.3336107549023577,4.5211342964151955,1.4241573033707866,1.6591019902895636,1.9078487535534552
new_preds,OFT-0264-00,slow,1822,2.355127174259483,4.526484751203853,1.5842696629213484,1.6521295878211475,1.9820917321006126
new_preds,OFT-0265-00,medium,1823,2.256968627924829,3.9165329052969504,1.3707865168539326,1.6834968800982442,1.9248241680542142
new_preds,OFT-0265-00,fast,1824,2.270984579839035,4.747191011235955,1.4241573033707866,1.6426693509844692,1.8741745586581815
new_preds,OFT-0265-00,slow,1825,2.292724125534262,3.755579498229952,1.3707865168539326,1.7253815007185538,1.9924733862415651
new_preds,OFT-0266-00,medium,1826,2.213161128884967,4.594055817325118,1.4241573033707866,1.6194262638588905,1.856812666055953
new_preds,OFT-0266-00,fast,1827,2.304458965026934,5.472326258843112,1.4775280898876404,1.6022913361894113,1.84608060984277
new_preds,OFT-0266-00,slow,1828,2.299722436127508,4.391385767790262,1.3174157303370786,1.595219681797205,1.8095296269512413
new_preds,OFT-0267-00,fast,1829,2.162235856075998,5.633369247344928,1.3707865168539326,1.5313979162155777,1.8457862572696744
new_preds,OFT-0267-00,slow,1830,2.2849937668042783,5.158242487069733,1.6376404494382022,1.7146069043144703,2.008964975959793
new_preds,OFT-0267-00,medium,1831,2.1857118211435282,5.369312948977712,1.6376404494382022,1.650545689970234,1.9259253308858848
new_preds,OFT-0268-00,fast,1832,2.146661181881506,4.96522251288274,1.5308988764044944,1.6138253355011387,1.797553433095289
new_preds,OFT-0268-00,medium,1833,2.2960394572190315,4.478482086071655,1.4241573033707866,1.6591802425309157,1.8901821097190248
new_preds,OFT-0268-00,slow,1834,2.389783148400356,4.244933068114618,1.5842696629213484,1.747919076212411,1.97122081023607
new_preds,OFT-0269-00,fast,1835,2.261890084408755,5.325276177886885,1.5842696629213484,1.5968598637903435,1.827812232165221
new_preds,OFT-0269-00,medium,1836,2.3575452053234764,4.575679594055818,1.4241573033707866,1.6607474569093552,1.913495193532532
new_preds,OFT-0269-00,slow,1837,2.2377724595054382,4.31770554663813,1.3707865168539326,1.607613464993324,1.8574949401288245
new_preds,OFT-0270-00,slow,1838,2.2061464835790963,4.678972712680578,1.6376404494382022,1.708426924838175,2.022107999043271
new_preds,OFT-0270-00,fast,1839,2.147928937672057,5.551323557417635,1.6376404494382022,1.5765068342680189,1.7785270407037241
new_preds,OFT-0270-00,medium,1840,2.1548131243007838,4.606059227584952,1.4775280898876404,1.6248649541804847,1.847221688582195
new_preds,OFT-0271-00,fast,1841,2.3997795170434704,5.184309087325054,1.4775280898876404,1.629676403801206,1.8481761987649086
new_preds,OFT-0271-00,slow,1842,2.3577502044562455,4.032597151030388,1.3707865168539326,1.7080954403879878,1.9858855947245382
new_preds,OFT-0271-00,medium,1843,2.377839022187923,4.393727072718583,1.3707865168539326,1.6550986841428432,1.908964599508312
new_preds,OFT-0272-00,fast,1844,2.158156758645322,5.582865168539326,1.6376404494382022,1.565886726521255,1.754124602741677
new_preds,OFT-0272-00,slow,1845,2.2182857980549677,4.251215830957572,1.4241573033707866,1.6784113593630954,1.9024578950200222
new_preds,OFT-0272-00,medium,1846,2.258899318703162,4.976899763453578,1.5842696629213484,1.676783106098899,1.9250173744436367
new_preds,OFT-0273-00,fast,1847,2.366136605424375,4.281809899787428,1.5842696629213484,1.6558945754845502,1.8590702472643832
new_preds,OFT-0273-00,slow,1848,2.3257061067725315,3.51123595505618,1.2640449438202248,1.7088415240580588,1.9600430729050864
new_preds,OFT-0273-00,medium,1849,2.306521830219455,3.8613704700110776,1.3707865168539326,1.6688571419297824,1.9212607106833575
new_preds,OFT-0274-00,fast,1850,2.2831849727105493,5.541946321678753,1.6376404494382022,1.6533967436222763,1.851921075038814
new_preds,OFT-0274-00,slow,1851,2.4767717479267937,4.602413459148604,1.3174157303370786,1.6007648466444826,1.8748642216287963
new_preds,OFT-0274-00,medium,1852,2.387383858578151,0.78125,0.25,1.669463965489437,1.8755408622469827
new_preds,OFT-0275-00,medium,1853,2.3507845382078068,4.359665214400367,1.4241573033707866,1.6764824557867484,1.874180925930729
new_preds,OFT-0275-00,slow,1854,2.2228986030740296,4.188697951090549,1.4241573033707866,1.6879558198020024,1.9614261830623005
new_preds,OFT-0275-00,fast,1855,2.421783434577056,4.75433174450141,1.3707865168539326,1.6040142850002252,1.8108390076808576
new_preds,OFT-0276-00,fast,1856,2.215979313994203,5.477528089887642,1.4241573033707866,1.5847111442866353,1.777111538323206
new_preds,OFT-0276-00,slow,1857,2.416222052024712,4.250756266205705,1.3707865168539326,1.6904877728036758,1.9073649693547068
new_preds,OFT-0276-00,medium,1858,2.2045901407373636,4.912115475079624,1.5308988764044944,1.641806257559515,1.8524932743186444
new_preds,OFT-0277-00,fast,1859,2.3687989386967248,4.569847392252222,1.5308988764044944,1.617917993863166,1.8051835477073772
new_preds,OFT-0277-00,medium,1860,2.381109089154358,4.05459171476384,1.4241573033707866,1.7345834537998692,1.9623246065670883
new_preds,OFT-0277-00,slow,1861,2.3033860151723116,3.9942449986297612,1.6376404494382022,1.7624535578567753,2.082440995380057
new_preds,OFT-0278-00,medium,1862,2.366450816287873,4.76621964479884,1.4775280898876404,1.6012927532688486,1.832675807035349
new_preds,OFT-0278-00,slow,1863,2.401777848777012,4.569288389513109,1.3707865168539326,1.72700731628062,1.9890099441339673
new_preds,OFT-0278-00,fast,1864,2.19754742110577,5.340462975497497,1.4775280898876404,1.5883133804333025,1.8070321423077063
new_preds,OFT-0279-00,slow,1865,2.2427025655549864,3.843410023185304,1.2106741573033708,1.5977544260078076,1.8560736117636187
new_preds,OFT-0279-00,medium,1866,2.309182196637439,4.382022471910113,1.4241573033707866,1.6823838896443428,1.922083652994532
new_preds,OFT-0279-00,fast,1867,2.212760820544338,4.827651875833174,1.4241573033707866,1.6164455347828746,1.8473648223101848
new_preds,OFT-0280-00,fast,1868,2.406942784812021,5.696036192264668,1.7443820224719102,1.5934678786248933,1.8576692005338906
new_preds,OFT-0280-00,slow,1869,2.1727571205459,4.283589840430555,1.4775280898876404,1.6803595403250666,1.9378287976662973
new_preds,OFT-0280-00,medium,1870,2.220176087925402,4.569847392252222,1.5308988764044944,1.6685030969723045,1.9034491969487135
new_preds,OFT-0281-00,medium,1871,2.2339642085886133,4.437388047549259,1.5308988764044944,1.6429609697473553,1.8850246444679644
new_preds,OFT-0281-00,fast,1872,2.1050426629499923,4.9846782431052095,1.3707865168539326,1.5837077521216618,1.8480927376224483
new_preds,OFT-0281-00,slow,1873,2.4759890286669233,3.9732942517505294,1.3707865168539326,1.7537911599069491,2.027474224495949
new_preds,OFT-0282-00,slow,1874,2.1552669492180923,4.800817160367722,1.5842696629213484,1.6037912218285066,1.8794777519052
new_preds,OFT-0282-00,medium,1875,2.099822237311888,4.992061553492916,1.5308988764044944,1.5639171400084708,1.8016724480554267
new_preds,OFT-0282-00,fast,1876,2.2657556298343056,5.691152539425221,1.5308988764044944,1.5395273551339608,1.7348233755939722
new_preds,OFT-0283-00,medium,1877,2.269037658727981,5.04691937276207,1.5308988764044944,1.632656541828227,1.9412127526947063
new_preds,OFT-0283-00,fast,1878,2.3300259207687324,5.658105939004816,1.5842696629213484,1.6331729625412559,1.9224660463457754
new_preds,OFT-0283-00,slow,1879,2.2425955062085037,4.788735488264303,1.5308988764044944,1.72950919408984,1.9784502138522373
new_preds,OFT-0284-00,fast,1880,2.155803107875947,5.45487495469373,1.6910112359550562,1.616296296210246,1.8333312513772229
new_preds,OFT-0284-00,slow,1881,2.224799662761624,4.373629952525898,1.6910112359550562,1.7015746746343556,1.918707227357626
new_preds,OFT-0284-00,medium,1882,2.164562682587142,4.11692415730337,1.3174157303370786,1.6288812787591098,1.8616864211844208
new_preds,OFT-0285-00,fast,1883,2.199885967875949,4.6944743727874405,1.3707865168539326,1.6376932489192304,1.8345086493663434
new_preds,OFT-0285-00,slow,1884,2.5183556214739227,4.251215830957572,1.4241573033707866,1.7255390967554396,1.9681331515161198
new_preds,OFT-0285-00,medium,1885,2.242903120905779,3.9325842696629216,1.3174157303370786,1.7098780714677229,2.0117280406266524
new_preds,OFT-0286-00,fast,1886,2.244678108197274,5.4575972014099605,1.5842696629213484,1.5930168301776257,1.8054344198901418
new_preds,OFT-0286-00,slow,1887,2.4111097003404973,4.315628192032687,1.4241573033707866,1.616130778355554,1.857024852358561
new_preds,OFT-0286-00,medium,1888,2.1873084242827856,4.437388047549259,1.5308988764044944,1.6637393504002327,1.889077892300621
new_preds,OFT-0287-00,fast,1889,2.7201390815484845,1.1507792678506703,0.35674157303370785,1.6530835167259346,1.7827037938731265
new_preds,OFT-0287-00,medium,1890,2.181464634748287,5.146241985653527,1.5308988764044944,1.685465991334906,1.9286842397729231
new_preds,OFT-0287-00,slow,1891,2.3634643722924205,3.868276736749969,1.3707865168539326,1.7444689946789498,1.9711145673380273
new_preds,OFT-0288-00,fast,1892,2.2779891274320763,5.919182347366997,1.6376404494382022,1.5829921820847135,1.783545081137177
new_preds,OFT-0288-00,medium,1893,2.112314274550388,5.647036032545524,1.6376404494382022,1.61628500095994,1.83925192146628
new_preds,OFT-0288-00,slow,1894,2.3368480016619815,4.827651875833174,1.4241573033707866,1.6754525735386567,1.9331067426625963
new_preds,OFT-0289-00,fast,1895,2.08896881807042,4.9625468164794,1.6376404494382022,1.662914747957682,1.838877766149041
new_preds,OFT-0289-00,medium,1896,2.507747899696858,1.6408061351881578,0.5168539325842697,1.6783293509735469,1.8715266730294495
new_preds,OFT-0289-00,slow,1897,2.2445015132869384,3.370786516853933,1.2640449438202248,1.7199709177446711,2.0385819794229967
new_preds,OFT-0290-00,fast,1898,2.244650474163054,6.0489846429568335,1.6910112359550562,1.5507304291678237,1.8005477655862878
new_preds,OFT-0290-00,slow,1899,2.1472795974545265,4.625851317566598,1.5842696629213484,1.7255883704926043,2.0221976260319714
new_preds,OFT-0290-00,medium,1900,2.099598353701649,4.816589557171183,1.6376404494382022,1.6195688535583974,1.8170135519099089
new_preds,OFT-0291-00,fast,1901,2.238642193766168,5.460937198347426,1.3174157303370786,1.577553538331148,1.8430669285460488
new_preds,OFT-0291-00,medium,1902,2.285021982150075,5.274656679151061,1.4241573033707866,1.6519458016086341,1.958528852299999
new_preds,OFT-0291-00,slow,1903,2.3848871719922244,1.3674210376790057,0.4101123595505618,1.6806433978493531,1.9240464366094414
new_preds,OFT-0292-00,fast,1904,2.2227938595067926,4.421891989851395,1.3707865168539326,1.620261350450601,1.8940922938867604
new_preds,OFT-0292-00,medium,1905,2.4025694366152415,1.1979827986871423,0.4101123595505618,1.7249093802053637,1.9373309281664677
new_preds,OFT-0292-00,slow,1906,2.3847393405382005,3.655047214917523,1.1573033707865168,1.7043375020694633,2.018846705293219
new_preds,OFT-0293-00,fast,1907,2.177708229127029,4.145523740485683,1.2640449438202248,1.612990255038064,1.8673000935493629
new_preds,OFT-0293-00,medium,1908,2.192668546605398,4.0775643349039505,1.2640449438202248,1.6228930138849207,1.922003693337772
new_preds,OFT-0293-00,slow,1909,2.888769620915382,2.044575428255664,0.6235955056179775,1.7271397969408417,1.9940708439475132
new_preds,OFT-0294-00,fast,1910,2.1760296513023674,5.149151110574755,1.5308988764044944,1.5729927042591918,1.7819798844091954
new_preds,OFT-0294-00,medium,1911,2.0928010016586547,4.450491573033708,1.4241573033707866,1.634849317932491,1.858180299193432
new_preds,OFT-0294-00,slow,1912,2.1843678537234674,4.148030980691612,1.4241573033707866,1.6848923692148765,1.9535951607868476
new_preds,OFT-0295-00,fast,1913,2.1196968617342025,5.537720706260032,1.7443820224719102,1.6119531009128474,1.8643109358224208
new_preds,OFT-0295-00,slow,1914,2.3055756003014833,3.473554398465333,1.4241573033707866,1.800975207101435,2.0415652786774783
new_preds,OFT-0295-00,medium,1915,2.1529762249840982,3.7302039610797495,1.3707865168539326,1.7092012714038851,1.9654171197690304
new_preds,OFT-0296-00,medium,1916,2.211840997791125,5.414057223552527,1.6376404494382022,1.597952369460064,1.825786542365376
new_preds,OFT-0296-00,fast,1917,2.3083982626220005,5.48314606741573,1.3707865168539326,1.5509809771237917,1.7441454889205295
new_preds,OFT-0296-00,slow,1918,2.139007839571366,4.76621964479884,1.4775280898876404,1.6475506683098107,1.858515206266587
new_preds,OFT-0297-00,fast,1919,2.3159002675407176,4.283589840430555,1.4775280898876404,1.671318930788767,1.8670291775101908
new_preds,OFT-0297-00,medium,1920,2.3294143924522066,3.8991439272338146,1.6376404494382022,1.7271827201330634,1.9532139071923202
new_preds,OFT-0297-00,slow,1921,2.2188537393625434,3.72769332452082,1.5842696629213484,1.778536126053094,2.0658624188428734
new_preds,OFT-0298-00,fast,1922,2.14163156853391,5.008569796229289,1.4775280898876404,1.6112176800195621,1.8611935014538323
new_preds,OFT-0298-00,medium,1923,2.0883100813788453,4.71920321560666,1.6910112359550562,1.6947894255133535,1.8915821249952618
new_preds,OFT-0298-00,slow,1924,2.306631063458419,1.5782719153505673,0.5168539325842697,1.685075783954938,1.9248409293296964
new_preds,OFT-0299-00,fast,1925,2.27120482418217,4.898876404494382,1.5308988764044944,1.626112748985587,1.8103999494438383
new_preds,OFT-0299-00,slow,1926,2.228820753560616,3.2832952772816677,1.1573033707865168,1.6958898402628244,2.002187219682039
new_preds,OFT-0299-00,medium,1927,2.3311141278785867,4.283707865168539,1.3707865168539326,1.639576691255403,1.8710523994649575
new_preds,OFT-0300-00,slow,1928,2.067485618199899,5.462998837659822,1.5842696629213484,1.5680555732845407,1.8030391983129903
new_preds,OFT-0300-00,fast,1929,2.207862353554666,5.833134114272053,1.3707865168539326,1.5059715538158949,1.706417539774169
new_preds,OFT-0300-00,medium,1930,2.107614739684088,5.658105939004816,1.5842696629213484,1.5608397713052196,1.7630775964968943
new_preds,OFT-0301-00,slow,1931,2.3123201964400373,3.4590690208667736,1.2106741573033708,1.639614616310265,1.940429810377987
new_preds,OFT-0301-00,medium,1932,2.1630988745903954,4.1789463989685025,1.2640449438202248,1.5982532312413196,1.8482236332085942
new_preds,OFT-0301-00,fast,1933,2.149437823469389,4.838070059484468,1.3707865168539326,1.5621323530053035,1.7713304981361764
new_preds,OFT-0302-00,slow,1934,2.121192993155762,4.252496878901373,1.5308988764044944,1.6523808105538424,1.9294995769889107
new_preds,OFT-0302-00,medium,1935,2.100110348358373,5.369312948977712,1.6376404494382022,1.5734333357053547,1.8011653403563976
new_preds,OFT-0302-00,fast,1936,2.1334188732412036,5.682800345721694,1.4775280898876404,1.5307196377858412,1.7732650578980582
new_preds,OFT-0303-00,fast,1937,2.3346991070957923,5.9599413776257935,1.3707865168539326,1.5854215757128711,1.8674734544275566
new_preds,OFT-0303-00,medium,1938,2.14554215908586,5.558840922531047,1.5842696629213484,1.5967499685678301,1.7844887323917111
new_preds,OFT-0303-00,slow,1939,2.2850396983598715,5.194326763676552,1.5842696629213484,1.6286393098939875,1.8264798595546805
new_preds,OFT-0304-00,slow,1940,2.1263665142298462,4.038115156993277,1.3174157303370786,1.637995755704969,1.9149571271057872
new_preds,OFT-0304-00,medium,1941,2.169319331408328,5.310566847620251,1.5842696629213484,1.567239394123473,1.793849918659789
new_preds,OFT-0304-00,fast,1942,2.2488622451802045,5.539686396291611,1.4241573033707866,1.5652507819605965,1.762195729757199
new_preds,OFT-0305-00,slow,1943,2.2516256007107818,3.685259183063424,1.3174157303370786,1.7014341274677687,2.0173728550333143
new_preds,OFT-0305-00,medium,1944,2.246607101545872,4.594055817325118,1.4241573033707866,1.6277118020947372,1.8726584964302546
new_preds,OFT-0305-00,fast,1945,2.1765357428470575,5.3006557922288255,1.4775280898876404,1.6000849614858643,1.8267546969528652
new_preds,OFT-0306-00,medium,1946,2.1549323512152956,4.369664919105119,1.3707865168539326,1.559646400222128,1.8127907618324628
new_preds,OFT-0306-00,fast,1947,2.2422945062640753,5.069201577498326,1.5308988764044944,1.570621859697538,1.8003502312501702
new_preds,OFT-0306-00,slow,1948,2.044939272533387,3.5610728524827837,1.103932584269663,1.5986760610859865,1.8501232076585632
new_preds,OFT-0307-00,slow,1949,2.147419148310322,4.6435334303905975,1.6910112359550562,1.6852480673510504,1.9894822002463002
new_preds,OFT-0307-00,medium,1950,2.3460107205249967,4.382022471910113,1.4241573033707866,1.6377684569367674,1.887235823067304
new_preds,OFT-0307-00,fast,1951,2.511526771434052,4.69502407704655,1.4241573033707866,1.6246637082738624,1.822240218151505
new_preds,OFT-0308-00,slow,1952,2.126509225540914,4.00250965066046,1.3707865168539326,1.6626865869846827,1.944378578396247
new_preds,OFT-0308-00,fast,1953,2.167836098223364,5.110547299746285,1.5842696629213484,1.5856802293562497,1.8231269562439991
new_preds,OFT-0308-00,medium,1954,2.119593558117974,4.973562458691342,1.6910112359550562,1.6130437264037014,1.8756404411974055
new_preds,OFT-0309-00,slow,1955,2.1491423980931477,4.127992183683439,1.4241573033707866,1.6371472555172994,1.877370355543856
new_preds,OFT-0309-00,medium,1956,2.1963029694300777,4.421891989851395,1.3707865168539326,1.5841952042590985,1.823608060092449
new_preds,OFT-0309-00,fast,1957,2.140472372460746,5.4031725049570385,1.5308988764044944,1.5636080833815438,1.7868814848870844
new_preds,OFT-0310-00,slow,1958,2.1652012341736593,3.51123595505618,1.2640449438202248,1.692718864318292,1.9406560067299607
new_preds,OFT-0310-00,medium,1959,2.308876711962395,4.477357848144365,1.4775280898876404,1.6242226937217277,1.8501435825661394
new_preds,OFT-0310-00,fast,1960,2.181665447214875,5.372829417773238,1.4775280898876404,1.6116105758659733,1.8122688606274922
new_preds,OFT-0311-00,slow,1961,2.074950056297714,4.012841091492777,1.2640449438202248,1.6338986818157764,1.883045089204643
new_preds,OFT-0311-00,fast,1962,2.1815109853127215,5.696629213483146,1.4241573033707866,1.5545181409426774,1.7819394364997623
new_preds,OFT-0311-00,medium,1963,2.1544176315913637,5.4288080833024654,1.6376404494382022,1.601308928023406,1.8350634131225294
new_preds,OFT-0312-00,fast,1964,2.267344582128986,4.844354393074231,1.4775280898876404,1.5993100176005455,1.76069816137006
new_preds,OFT-0312-00,slow,1965,2.343827431074836,4.00228098335727,1.2640449438202248,1.6160502307272304,1.8610115261312463
new_preds,OFT-0312-00,medium,1966,2.3723115456416544,4.328785595057177,1.4241573033707866,1.6423853496148817,1.874163423469538
new_preds,OFT-0313-00,fast,1967,2.258904106598126,4.6467339554370595,1.3707865168539326,1.5969639722223987,1.8347834675106602
new_preds,OFT-0313-00,medium,1968,2.295955163805666,4.137564530822957,1.5308988764044944,1.652695499648883,1.8943968780423013
new_preds,OFT-0313-00,slow,1969,2.335340150412895,3.7110302263016295,1.3174157303370786,1.6672753334113004,1.954404696683779
new_preds,OFT-0314-00,fast,1970,2.215349822390854,4.686449630269855,1.3707865168539326,1.6234211018516214,1.8964297416594307
new_preds,OFT-0314-00,slow,1971,2.4399485787821775,3.764555503283992,1.4775280898876404,1.8075742158500994,2.074296724901312
new_preds,OFT-0314-00,medium,1972,2.3916623077762984,4.188697951090549,1.4241573033707866,1.6463529189395283,1.8721663412313474
new_preds,OFT-0315-00,fast,1973,2.4565196653217063,1.1520409614564076,0.30337078651685395,1.5963173761885132,1.8058031935832248
new_preds,OFT-0315-00,medium,1974,2.180028895763525,4.9846782431052095,1.3707865168539326,1.594445447450974,1.85138386121126
new_preds,OFT-0315-00,slow,1975,2.1640517898250438,4.6905653647226675,1.4775280898876404,1.6109272334638,1.8989191290815182
new_preds,OFT-0316-00,fast,1976,2.1910852804606145,5.836217279282851,1.5842696629213484,1.5615272800045306,1.765389964553096
new_preds,OFT-0316-00,slow,1977,2.255180482272046,4.729163172899548,1.5842696629213484,1.6526856187604761,1.8912476017994468
new_preds,OFT-0316-00,medium,1978,2.2994625058542844,4.759398890883817,1.5308988764044944,1.6394074725861347,1.841623420045242
new_preds,OFT-0317-00,fast,1979,2.3069470283984037,4.6351124719550745,1.3707865168539326,1.566208320361494,1.7864729044990977
new_preds,OFT-0317-00,medium,1980,2.3157751729027667,4.188697951090549,1.4241573033707866,1.6570466480631072,1.9306831482501743
new_preds,OFT-0317-00,slow,1981,2.30938109113648,3.364019907365116,1.3707865168539326,1.6990722117777908,1.9573971600634446
new_preds,OFT-0318-00,medium,1982,2.166757805155829,4.188697951090549,1.4241573033707866,1.6466834995794455,1.9195230949721633
new_preds,OFT-0318-00,fast,1983,2.1387933090486926,4.299472598027975,1.2640449438202248,1.5730343835373817,1.827788429261228
new_preds,OFT-0318-00,slow,1984,2.236512182482927,3.9763607179337517,1.5308988764044944,1.6687150700036861,1.9756614131039765
new_preds,OFT-0319-00,fast,1985,2.119457935370539,5.832347723240686,1.4775280898876404,1.5569702148561122,1.7999044772073776
new_preds,OFT-0319-00,slow,1986,2.161160320409675,4.5451828830982555,1.4241573033707866,1.6520523449327542,1.9561958013290184
new_preds,OFT-0319-00,medium,1987,2.1965388939496124,5.494457263242375,1.7443820224719102,1.6426726124171327,1.898038668863774
new_preds,OFT-0320-00,medium,1988,2.3583479080977927,4.302315520762926,1.5308988764044944,1.6227810538320417,1.8188003392551897
new_preds,OFT-0320-00,fast,1989,2.1807134247159152,4.5187728967313,1.2640449438202248,1.5982646970502723,1.816403211421656
new_preds,OFT-0320-00,slow,1990,2.3243265563344235,3.9877953256620278,1.3707865168539326,1.672493718821196,1.8717262975994522
new_preds,OFT-0321-00,fast,1991,2.199027990833525,5.324865657059111,1.5308988764044944,1.5518253263434139,1.7280931592613855
new_preds,OFT-0321-00,medium,1992,2.3181159095161634,4.426055268751898,1.6376404494382022,1.6430549305540476,1.8364194554682125
new_preds,OFT-0321-00,slow,1993,2.24582075463925,4.0775643349039505,1.2640449438202248,1.623339128145354,1.8840026468932793
new_preds,OFT-0322-00,medium,1994,2.2334141290947063,4.3456708526107075,1.4775280898876404,1.6405454740103396,1.8610980567722641
new_preds,OFT-0322-00,fast,1995,2.1842760905064895,5.510919880095434,1.5842696629213484,1.5683592608316157,1.7724580945383226
new_preds,OFT-0322-00,slow,1996,2.2739732460115616,3.4668835008870493,1.3174157303370786,1.724512863134399,2.0019868760041923
new_preds,OFT-0323-00,slow,1997,2.199738826468844,3.955992509363296,1.4241573033707866,1.6961057246795048,1.950124230296861
new_preds,OFT-0323-00,medium,1998,2.3735033952295117,4.454971058903643,1.4775280898876404,1.6145158693467339,1.8465619839056617
new_preds,OFT-0323-00,fast,1999,2.2315071222615446,4.76621964479884,1.4775280898876404,1.5903602735713063,1.8114828897176236
new_preds,OFT-0324-00,fast,2000,2.363474601976469,5.37040563702152,1.5842696629213484,1.6150755995070913,1.8511591944821242
new_preds,OFT-0324-00,slow,2001,2.3389615330798854,4.712878312047828,1.6376404494382022,1.714500048931734,1.9969698585465865
new_preds,OFT-0324-00,medium,2002,2.3585233832392207,4.787421443534566,1.4241573033707866,1.623369719723881,1.8397365821696625
new_preds,OFT-0325-00,fast,2003,2.171811009923451,4.237154399697009,1.2640449438202248,1.6032086902434992,1.8477904171626545
new_preds,OFT-0325-00,medium,2004,2.3656579463252405,4.221508828250402,1.4775280898876404,1.6830973635930604,1.8987128136845015
new_preds,OFT-0325-00,slow,2005,2.318400757304299,3.7302039610797495,1.3707865168539326,1.7401044400147865,2.0197670894813684
new_preds,OFT-0326-00,fast,2006,2.4574418805696396,4.511536152328674,1.4775280898876404,1.6774041263325836,1.9412749009841153
new_preds,OFT-0326-00,slow,2007,2.6253945917883112,3.8640723485886546,1.5842696629213484,1.769364129002337,2.048449642250874
new_preds,OFT-0326-00,medium,2008,2.2806760660843017,4.117929511187938,1.3174157303370786,1.658739915113513,1.923175329847318
new_preds,OFT-0327-00,medium,2009,2.2901257476968437,4.997043169722058,1.4241573033707866,1.5937083923558386,1.8659347060298572
new_preds,OFT-0327-00,slow,2010,2.284643289852867,5.4588014981273405,1.6376404494382022,1.6427457838183563,1.9374018063436889
new_preds,OFT-0327-00,fast,2011,2.1616804372455913,5.413692119993075,1.2640449438202248,1.4924511764187298,1.7282327743503527
new_preds,OFT-0328-00,fast,2012,2.2037231765370695,5.331883211096693,1.3174157303370786,1.535966191115681,1.7180547801057109
new_preds,OFT-0328-00,medium,2013,2.336463059804902,4.673135852911134,1.3707865168539326,1.5824292801302726,1.785844590658226
new_preds,OFT-0328-00,slow,2014,2.2756108175977197,4.162050957429972,1.4775280898876404,1.639777318433147,1.880306576365923
new_preds,OFT-0329-00,fast,2015,2.1975546414142446,4.884390379793853,1.4775280898876404,1.6234738852487522,1.8204555780737521
new_preds,OFT-0329-00,medium,2016,2.2524300086111606,4.502643754130866,1.5308988764044944,1.6650255269588456,1.8836260305593868
new_preds,OFT-0329-00,slow,2017,2.2782406636858448,3.6411252851229197,1.2106741573033708,1.6754425682726286,1.9228354994373797
new_preds,OFT-0330-00,fast,2018,2.165647344866835,4.714273693161435,1.3707865168539326,1.6243366014322662,1.8440593154174365
new_preds,OFT-0330-00,medium,2019,2.2879762515261057,4.221508828250402,1.4775280898876404,1.6719611152460383,1.9116061136641924
new_preds,OFT-0330-00,slow,2020,2.2981165659684044,4.019306750492372,1.5842696629213484,1.758379097839856,2.0141085163822403
new_preds,OFT-0331-00,fast,2021,2.189381802805182,4.966480974412237,1.4775280898876404,1.5670223702141761,1.8166564130835325
new_preds,OFT-0331-00,slow,2022,2.2174923276814464,3.6139527083682714,1.2106741573033708,1.6610117438158003,1.9302668061982788
new_preds,OFT-0331-00,medium,2023,2.3118923776731477,4.153898535921008,1.3707865168539326,1.6515930583797858,1.8808473709325417
new_preds,OFT-0332-00,medium,2024,2.202191012756409,4.227123225343749,1.3174157303370786,1.6563240756412743,1.907959573417603
new_preds,OFT-0332-00,fast,2025,2.180562369571901,5.64195670046588,1.3707865168539326,1.5689719558911475,1.7356753801051377
new_preds,OFT-0332-00,slow,2026,2.2426738971365174,4.069780359296642,1.2106741573033708,1.693514651547038,1.9412863938929668
new_preds,OFT-0333-00,fast,2027,2.3826815465784956,4.252496878901373,1.5308988764044944,1.727936990688508,1.957956635181025
new_preds,OFT-0333-00,slow,2028,2.3251993786725857,3.333813502352829,1.103932584269663,1.7431109861099723,2.0234272886223095
new_preds,OFT-0333-00,medium,2029,2.409220267241917,3.655430711610487,1.3707865168539326,1.7220144230047563,2.0104977751883446
new_preds,OFT-0334-00,fast,2030,2.181046521780165,5.117843586205502,1.4775280898876404,1.639983679036603,1.8763051178372216
new_preds,OFT-0334-00,slow,2031,2.593611637600944,1.3907919978076184,0.5702247191011236,1.8416168558385164,2.120162296064558
new_preds,OFT-0334-00,medium,2032,2.3360498923119297,4.252496878901373,1.5308988764044944,1.699072910197434,1.9388620315101794
new_preds,OFT-0335-00,fast,2033,2.2503175129515096,5.558840922531047,1.5842696629213484,1.6080403654588145,1.8356359086519565
new_preds,OFT-0335-00,slow,2034,2.2019166908033485,4.391385767790262,1.3174157303370786,1.6806118919168302,1.9174603691752272
new_preds,OFT-0335-00,medium,2035,2.242135675365688,4.858791375645308,1.797752808988764,1.6855337788078701,1.93823276741669
new_preds,OFT-0336-00,medium,2036,2.250046284401398,5.029427501337613,1.5842696629213484,1.6117385865042049,1.8451122726520222
new_preds,OFT-0336-00,fast,2037,2.2223563687975116,5.640779907468606,1.4241573033707866,1.5853329421038442,1.7936527091279535
new_preds,OFT-0336-00,slow,2038,2.2101416051491616,4.179680949186651,1.4241573033707866,1.6124355928085399,1.8454531583481413
new_preds,OFT-0337-00,medium,2039,2.060623400389555,4.988235859022375,1.4775280898876404,1.5994535191533281,1.8215486806722097
new_preds,OFT-0337-00,fast,2040,2.151452112554093,5.745658835546477,1.2640449438202248,1.5230138551754655,1.7986940689245818
new_preds,OFT-0337-00,slow,2041,2.203533280909868,4.18227215980025,1.3174157303370786,1.6414335311053647,1.9169935012942931
new_preds,OFT-0338-00,fast,2042,2.275383725247718,4.351825056305598,1.3707865168539326,1.6261598770320456,1.9132886699172305
new_preds,OFT-0338-00,medium,2043,2.4144624678082205,4.031725049570389,1.3707865168539326,1.6786997149101652,1.9295337552567917
new_preds,OFT-0338-00,slow,2044,2.3288632199294645,3.3351168182628856,1.050561797752809,1.6797590237079467,1.9893794408023688
new_preds,OFT-0339-00,fast,2045,2.31052370864105,4.888478953546873,1.6376404494382022,1.641507307739766,1.846030585470166
new_preds,OFT-0339-00,slow,2046,2.377341198112344,3.136704119850187,1.3174157303370786,1.7780900125317396,2.035399107861891
new_preds,OFT-0339-00,medium,2047,2.2496181828622706,4.373996789727127,1.5308988764044944,1.6910869105878854,1.9446826126828036
new_preds,OFT-0340-00,medium,2048,2.2715061232284204,5.372829417773238,1.4775280898876404,1.6127696436542194,1.8302328700441217
new_preds,OFT-0340-00,fast,2049,2.2684707567033304,5.550137218947292,1.5308988764044944,1.611551680979166,1.8296670770956693
new_preds,OFT-0340-00,slow,2050,2.119051990488168,3.8734476641040807,1.103932584269663,1.6213492107761005,1.8557117854221996
new_preds,OFT-0341-00,fast,2051,2.2599039868452433,5.297344363383357,1.5842696629213484,1.6551786053874176,1.885640013090692
new_preds,OFT-0341-00,slow,2052,2.3724394019138155,3.4841347384092867,1.2106741573033708,1.7365643704955205,1.9755320449400253
new_preds,OFT-0341-00,medium,2053,2.4276865535550693,3.631222561202471,1.3707865168539326,1.7650254344979828,1.9952431346008601
new_preds,OFT-0342-00,fast,2054,2.199100615656815,5.472795462843699,1.4775280898876404,1.5805498032579557,1.8128635557286568
new_preds,OFT-0342-00,medium,2055,2.148133522446503,4.162050957429972,1.4775280898876404,1.6763281438243407,1.9543182679124695
new_preds,OFT-0342-00,slow,2056,2.1438064849788865,4.124417648670868,1.6910112359550562,1.7325548154040569,1.9607069309598883
new_preds,OFT-0343-00,fast,2057,2.3349845448087776,5.24357548114362,1.3174157303370786,1.588929164133707,1.8398026388015973
new_preds,OFT-0343-00,slow,2058,2.3606349142628043,4.421891989851395,1.3707865168539326,1.694667032454373,1.9378365767326076
new_preds,OFT-0343-00,medium,2059,2.248756043639466,5.177104065092018,1.6910112359550562,1.6805811727671602,1.9234840293431654
new_preds,OFT-0344-00,fast,2060,2.52630295114756,4.843440185062789,1.3174157303370786,1.616526280398954,1.8194497697122263
new_preds,OFT-0344-00,medium,2061,2.4578458442582884,4.470015900840063,1.5308988764044944,1.657247272903489,1.861777938707879
new_preds,OFT-0344-00,slow,2062,2.3469701297758423,3.8490737928940177,1.4241573033707866,1.7188056187023812,1.996908796921257
new_preds,OFT-0345-00,medium,2063,2.378011613064083,4.07613342910403,1.4775280898876404,1.723891215431788,1.9610202212135264
new_preds,OFT-0345-00,fast,2064,2.252569797928661,4.506826909401223,1.4241573033707866,1.7148699078141387,1.9701237346079477
new_preds,OFT-0345-00,slow,2065,2.3738204945340926,1.079243051448847,0.4101123595505618,1.7463056198564186,1.9560384222338771
new_preds,OFT-0346-00,fast,2066,2.229422483371835,4.6463147480743405,1.4775280898876404,1.6616785283486883,1.9709906309439602
new_preds,OFT-0346-00,slow,2067,2.5226702288042224,3.6377276851141045,1.2640449438202248,1.8383564036056097,2.1410710069021737
new_preds,OFT-0346-00,medium,2068,2.3970435669818904,3.8879246470367326,1.5842696629213484,1.8101580382728943,2.0684191336433106
new_preds,OFT-0347-00,medium,2069,2.255618311704685,5.272255834053587,1.3707865168539326,1.5892951212913646,1.8645860355863662
new_preds,OFT-0347-00,slow,2070,2.257888951571779,5.214805023132849,1.4775280898876404,1.6005988248960894,1.8161399257573145
new_preds,OFT-0347-00,fast,2071,2.2575933440493654,6.211807380653756,1.3174157303370786,1.505387018796336,1.816884524079487
new_preds,OFT-0348-00,medium,2072,2.263056840356466,4.502643754130866,1.5308988764044944,1.6835535146781584,1.9020466042768647
new_preds,OFT-0348-00,fast,2073,2.553912443085776,4.638469331368576,1.4775280898876404,1.62843088850021,1.8511955160649989
new_preds,OFT-0348-00,slow,2074,2.3988804376136814,3.797752808988764,1.4241573033707866,1.680657636128617,1.9484539655722937
new_preds,OFT-0349-00,fast,2075,2.2702293893694065,4.249728162377672,1.3174157303370786,1.6467495857091048,1.8784416759378044
new_preds,OFT-0349-00,slow,2076,2.316641983688719,3.7732684890155967,1.2640449438202248,1.6546718885480058,1.9151221406751149
new_preds,OFT-0349-00,medium,2077,2.33882714122159,4.085417883608792,1.4775280898876404,1.7282366546995525,1.9890356181994795
new_preds,OFT-0350-00,medium,2078,2.293321913614458,3.8747521480502316,1.3174157303370786,1.7316844762447867,2.005654725423079
new_preds,OFT-0350-00,fast,2079,2.339904364938839,4.465816035040945,1.3174157303370786,1.65849085755927,1.876065643849393
new_preds,OFT-0350-00,slow,2080,2.3510796581932905,1.7322097378277153,0.6235955056179775,1.7941480140968376,1.9895157758404522
new_preds,OFT-0351-00,fast,2081,2.1658456782312037,5.272255834053587,1.3707865168539326,1.6004029927607752,1.8470495551057353
new_preds,OFT-0351-00,medium,2082,2.189635568260025,5.226705254795143,1.4241573033707866,1.6114799561469668,1.8662812306302665
new_preds,OFT-0351-00,slow,2083,2.233299552187285,5.015072622636338,1.3707865168539326,1.6451379074488108,1.9450008787894035
new_preds,OFT-0352-00,slow,2084,2.4152904418890486,3.7048284239295475,1.3707865168539326,1.7370126461035673,1.9421195307308208
new_preds,OFT-0352-00,medium,2085,2.3479364782430796,4.272105520273571,1.6376404494382022,1.640296431073381,1.8344482271124405
new_preds,OFT-0352-00,fast,2086,2.40952368716662,4.52530105236949,1.3707865168539326,1.6300838208370414,1.8670555287974897
new_preds,OFT-0353-00,fast,2087,2.1005651568260237,4.997043169722058,1.4241573033707866,1.5815520428324805,1.785143780843963
new_preds,OFT-0353-00,slow,2088,2.1743563448953953,3.7251512532411413,1.2106741573033708,1.686177775182561,1.9794948164161104
new_preds,OFT-0353-00,medium,2089,2.1691715457021865,5.198858569645086,1.6376404494382022,1.66624647245965,1.8820508864530834
new_preds,OFT-0354-00,fast,2090,2.2052442170333224,4.11692415730337,1.3174157303370786,1.655162257802431,1.926884125789748
new_preds,OFT-0354-00,medium,2091,2.327501817496018,4.3456708526107075,1.4775280898876404,1.7238271608236944,2.029418725975507
new_preds,OFT-0354-00,slow,2092,2.3014699762164432,3.5608063450099143,1.2106741573033708,1.7325144474965617,1.9856218770392433
new_preds,OFT-0355-00,fast,2093,2.2031570956705404,5.653328747229229,1.3707865168539326,1.5418550189279874,1.7440404875128876
new_preds,OFT-0355-00,medium,2094,2.149518850465905,5.1660967269174405,1.5842696629213484,1.6063730089509982,1.8275958228639877
new_preds,OFT-0355-00,slow,2095,2.146414617022452,4.444465717755436,1.7443820224719102,1.7125426977356644,1.9973109652368115
new_preds,OFT-0356-00,fast,2096,2.157220897923965,5.008569796229289,1.4775280898876404,1.596242115807937,1.8143711135693736
new_preds,OFT-0356-00,slow,2097,2.131328066962975,4.966831714594046,1.4775280898876404,1.6260111292752897,1.9108672128249808
new_preds,OFT-0356-00,medium,2098,2.1123827584039754,4.96522251288274,1.5308988764044944,1.635992148144506,1.85183750289382
new_preds,OFT-0357-00,fast,2099,2.2789884510426437,5.07698709945901,1.3707865168539326,1.5719953959635344,1.7768973562231631
new_preds,OFT-0357-00,slow,2100,2.24562103355306,3.7302039610797495,1.3707865168539326,1.6955306497114757,1.9299264880825049
new_preds,OFT-0357-00,medium,2101,2.2944657253308898,4.316619151433843,1.4241573033707866,1.6634942209864574,1.9072319142152458
new_preds,OFT-0358-00,slow,2102,2.324196595226872,4.410531611604897,1.4775280898876404,1.6814425073141979,1.9160520661687286
new_preds,OFT-0358-00,fast,2103,2.1140324552432377,5.140449438202247,1.3707865168539326,1.5632256431438716,1.8026082606439913
new_preds,OFT-0358-00,medium,2104,2.1641682028328866,5.029427501337613,1.5842696629213484,1.6389661887566929,1.8534221105100275
new_preds,OFT-0359-00,fast,2105,2.242751903266264,5.658105939004816,1.5842696629213484,1.6171697002391707,1.8733869254443338
new_preds,OFT-0359-00,medium,2106,2.291936085512557,5.73224147781375,1.6910112359550562,1.6583340602001695,1.9142464992943204
new_preds,OFT-0359-00,slow,2107,2.272207893736484,4.686792006777034,1.3707865168539326,1.6367103081484737,1.903466137650404
