group,subject,speed_bin,model_index,peak_log_gain,peak_frequency,peak_stride_multiple,mean_log_gain,band_0p75_2x_log_gain
Cntnap_het,OFT-0366-00,slow,1,4.293967591231024,0.9971910112359551,0.9971910112359551,2.3315889598960737,2.9877871752769924
Cntnap_het,OFT-0366-00,medium,2,4.002021316204713,0.9971910112359551,0.9971910112359551,2.281368708338879,2.8558499193546334
Cntnap_het,OFT-0366-00,fast,3,4.528734623023139,0.9971910112359551,0.9971910112359551,2.3959525732864666,3.1227179074700935
Cntnap_het,OFT-0371-00,fast,4,4.735689411058644,0.9971910112359551,0.9971910112359551,2.516902841420936,3.152681420774103
Cntnap_het,OFT-0371-00,medium,5,4.3756190025169674,0.9971910112359551,0.9971910112359551,2.4801999343800913,3.104718373144727
Cntnap_het,OFT-0371-00,slow,6,4.107380714734065,0.9971910112359551,0.9971910112359551,2.4308388854369456,3.0718319907823743
Cntnap_het,OFT-0376-00,fast,7,4.70160497436007,0.9971910112359551,0.9971910112359551,2.3804557612102997,3.0968888881650907
Cntnap_het,OFT-0376-00,slow,8,4.366732150628682,0.9971910112359551,0.9971910112359551,2.3858546736112745,3.03008452273717
Cntnap_het,OFT-0376-00,medium,9,4.363525718658047,0.9971910112359551,0.9971910112359551,2.5553508053489598,3.195627358289886
Cntnap_het,OFT-0385-00,medium,10,4.453238707074564,0.9971910112359551,0.9971910112359551,2.2907523622079955,2.969397486587581
Cntnap_het,OFT-0385-00,fast,11,4.414133575935207,0.9971910112359551,0.9971910112359551,2.365133081006689,3.0904982396714935
Cntnap_het,OFT-0385-00,slow,12,4.089637324331024,0.9971910112359551,0.9971910112359551,2.4781108513743515,3.1004963067224436
Cntnap_het,OFT-0391-00,slow,13,4.425442431976717,0.9971910112359551,0.9971910112359551,2.5103391860561106,3.1428128111400198
Cntnap_het,OFT-0391-00,fast,14,4.344437549576494,0.9971910112359551,0.9971910112359551,2.288242212012928,2.9934398369649795
Cntnap_het,OFT-0391-00,medium,15,4.239166331118407,0.9971910112359551,0.9971910112359551,2.3050543207100205,2.9830704037616207
Cntnap_het,OFT-0403-00,medium,16,3.9239553271596828,0.9971910112359551,0.9971910112359551,2.2518335060931025,2.866467814526629
Cntnap_het,OFT-0403-00,fast,17,4.222599649469846,0.9971910112359551,0.9971910112359551,2.1997732625282813,2.898462425997402
Cntnap_het,OFT-0403-00,slow,18,3.8301305817125475,0.9971910112359551,0.9971910112359551,2.2503568899933977,2.8657391055892645
Cntnap_het,OFT-0407-00,fast,19,4.647627328106434,0.9971910112359551,0.9971910112359551,2.432466492499029,3.1232427979892825
Cntnap_het,OFT-0407-00,medium,20,4.583737731526751,0.9971910112359551,0.9971910112359551,2.465441835994742,3.1479625157117472
Cntnap_het,OFT-0407-00,slow,21,4.344403913436145,0.9971910112359551,0.9971910112359551,2.5777922213143074,3.230571375374238
Cntnap_het,OFT-0419-00,fast,22,4.600932034615819,0.9971910112359551,0.9971910112359551,2.372423221740504,3.1110613445924313
Cntnap_het,OFT-0419-00,slow,23,4.643134707958484,0.9971910112359551,0.9971910112359551,2.499510108460406,3.1105303052716047
Cntnap_het,OFT-0419-00,medium,24,4.696942527539578,0.9971910112359551,0.9971910112359551,2.590755201705313,3.253235100352889
Cntnap_het,OFT-0420-00,medium,25,4.631893612231557,0.9971910112359551,0.9971910112359551,2.6377189405694628,3.3102420348917976
Cntnap_het,OFT-0420-00,fast,26,4.476243113433668,0.9971910112359551,0.9971910112359551,2.475440870140898,3.1206228064990915
Cntnap_het,OFT-0420-00,slow,27,4.103115267180684,0.9971910112359551,0.9971910112359551,2.2195965461841283,2.914756254004612
Cntnap_het,OFT-0421-00,slow,28,4.276216897557785,0.9971910112359551,0.9971910112359551,2.487242788382373,3.1660231785674897
Cntnap_het,OFT-0421-00,fast,29,4.60026053797075,0.9971910112359551,0.9971910112359551,2.5393085743954686,3.19865758278791
Cntnap_het,OFT-0421-00,medium,30,4.2951721557401585,0.9971910112359551,0.9971910112359551,2.3614938211633842,3.0894042447580783
Cntnap_het,OFT-0423-00,slow,31,4.215735609603398,0.9971910112359551,0.9971910112359551,2.436120253109403,3.1330456748653606
Cntnap_het,OFT-0423-00,fast,32,4.513848128538473,0.9971910112359551,0.9971910112359551,2.502067019532957,3.1595129491018237
Cntnap_het,OFT-0423-00,medium,33,4.658520230353257,0.9971910112359551,0.9971910112359551,2.5835610295813876,3.2425112912198464
Cntnap_het,OFT-0425-00,slow,34,4.661551848829069,0.9971910112359551,0.9971910112359551,2.327092597951068,3.0234737718304827
Cntnap_het,OFT-0425-00,fast,35,4.454598780055687,0.9971910112359551,0.9971910112359551,2.4169036534534114,3.0785205648501797
Cntnap_het,OFT-0425-00,medium,36,4.547186915853384,0.9971910112359551,0.9971910112359551,2.399865154405345,3.1271138708918444
Cntnap_het,OFT-0428-00,slow,37,4.31552961346354,0.9971910112359551,0.9971910112359551,2.369139236041135,3.0689913078026394
Cntnap_het,OFT-0428-00,medium,38,4.392756575110185,0.9971910112359551,0.9971910112359551,2.423744061597056,3.099599799764614
Cntnap_het,OFT-0428-00,fast,39,4.5234042055207,0.9971910112359551,0.9971910112359551,2.3393610327228918,3.044407441666092
Cntnap_het,OFT-0430-00,fast,40,4.307820152885414,0.9971910112359551,0.9971910112359551,2.2847404559589326,2.963186932219864
Cntnap_het,OFT-0430-00,medium,41,4.122585207713538,0.9971910112359551,0.9971910112359551,2.405119779410764,3.094866137825074
Cntnap_het,OFT-0430-00,slow,42,4.511457022380026,0.9971910112359551,0.9971910112359551,2.5090058188899325,3.198140139394425
Cntnap_het,OFT-0431-00,medium,43,5.052294427103069,0.9971910112359551,0.9971910112359551,2.6628507265696317,3.3078510329666306
Cntnap_het,OFT-0431-00,slow,44,4.4775788687495055,0.9971910112359551,0.9971910112359551,2.598536403311209,3.2072111367026452
Cntnap_het,OFT-0431-00,fast,45,4.727134440864251,0.9971910112359551,0.9971910112359551,2.6153325133263214,3.252071843378748
Cntnap_het,OFT-0432-00,fast,46,4.5615465268729825,0.9971910112359551,0.9971910112359551,2.413981428997649,3.1720800418365607
Cntnap_het,OFT-0432-00,medium,47,4.796311488502391,0.9971910112359551,0.9971910112359551,2.3874742579637376,3.1671833007710433
Cntnap_het,OFT-0432-00,slow,48,3.8898128233613636,1.050561797752809,1.050561797752809,2.213643785414874,2.8636903315521245
Cntnap_het,OFT-0434-00,medium,49,4.553815391948349,0.9971910112359551,0.9971910112359551,2.5345251634181714,3.211113962337021
Cntnap_het,OFT-0434-00,fast,50,4.420137853361408,0.9971910112359551,0.9971910112359551,2.5023574558539576,3.171153252471817
Cntnap_het,OFT-0434-00,slow,51,4.395692306201299,0.9971910112359551,0.9971910112359551,2.3968654953855686,3.1036298825364987
Cntnap_het,OFT-0436-00,fast,52,4.227366141765917,0.9971910112359551,0.9971910112359551,2.3373012732835887,2.991720990863691
Cntnap_het,OFT-0436-00,slow,53,3.9122155318721825,0.9971910112359551,0.9971910112359551,2.175986737810527,2.825586598372889
Cntnap_het,OFT-0436-00,medium,54,4.634019103852734,0.9971910112359551,0.9971910112359551,2.5312231394941205,3.2346017757236436
Cntnap_het,OFT-0439-00,fast,55,4.3164640837571335,0.9971910112359551,0.9971910112359551,2.50225193343711,3.1598174286363228
Cntnap_het,OFT-0439-00,medium,56,4.6313481390805995,0.9971910112359551,0.9971910112359551,2.550767377727011,3.212797879149115
Cntnap_het,OFT-0439-00,slow,57,4.419479991926234,1.050561797752809,1.050561797752809,2.340663177279664,3.043717522387126
Cntnap_het,OFT-0442-00,fast,58,4.368089101169316,0.9971910112359551,0.9971910112359551,2.4390728230958825,3.1064413849563093
Cntnap_het,OFT-0442-00,medium,59,4.386455870645708,0.9971910112359551,0.9971910112359551,2.3048613914469986,2.967660706053954
Cntnap_het,OFT-0442-00,slow,60,3.8953266984325694,0.9971910112359551,0.9971910112359551,2.2691392184537653,2.8403189577418146
Cntnap_het,OFT-0443-00,fast,61,4.603280076253133,0.9971910112359551,0.9971910112359551,2.489114267975175,3.1728343297724693
Cntnap_het,OFT-0443-00,slow,62,4.442705103056097,0.9971910112359551,0.9971910112359551,2.5639014736234826,3.1737263965703844
Cntnap_het,OFT-0443-00,medium,63,4.452959577806593,0.9971910112359551,0.9971910112359551,2.559321427071033,3.204525732234209
Cntnap_het,OFT-0444-00,fast,64,4.126698427331279,0.9971910112359551,0.9971910112359551,2.4842120457058487,2.9869990258454977
Cntnap_het,OFT-0444-00,medium,65,4.587245178502998,0.9971910112359551,0.9971910112359551,2.564492506764897,3.2514936895944655
Cntnap_het,OFT-0444-00,slow,66,4.367197617925058,0.9971910112359551,0.9971910112359551,2.593194326351524,3.2273079927701183
Cntnap_het,OFT-0446-00,fast,67,4.483969470633273,0.9971910112359551,0.9971910112359551,2.4884882487623083,3.111868450983317
Cntnap_het,OFT-0446-00,medium,68,4.343722820270464,0.9971910112359551,0.9971910112359551,2.4709400976854914,3.0948102191312343
Cntnap_het,OFT-0446-00,slow,69,4.418058027601471,0.9971910112359551,0.9971910112359551,2.4576471086084726,3.148499473978018
Cntnap_het,OFT-0447-00,fast,70,4.575476832100498,0.9971910112359551,0.9971910112359551,2.6288482705498115,3.2417392210476352
Cntnap_het,OFT-0447-00,medium,71,4.517100482386452,0.9971910112359551,0.9971910112359551,2.4784811876587383,3.133632941504239
Cntnap_het,OFT-0447-00,slow,72,4.265819169633298,0.9971910112359551,0.9971910112359551,2.535259419215267,3.168638385889179
Cntnap_het,OFT-0448-00,fast,73,4.566537644008936,0.9971910112359551,0.9971910112359551,2.2662797405049337,3.0331562319241687
Cntnap_het,OFT-0448-00,slow,74,4.1569000354977925,0.9971910112359551,0.9971910112359551,2.4578813098144314,3.111004140178164
Cntnap_het,OFT-0448-00,medium,75,4.30435130258446,0.9971910112359551,0.9971910112359551,2.3786152550282345,3.108814158978076
Cntnap_het,OFT-0450-00,fast,76,4.840566598586074,0.9971910112359551,0.9971910112359551,2.4183724799858592,3.1591307725369453
Cntnap_het,OFT-0450-00,medium,77,4.773176763322889,0.9971910112359551,0.9971910112359551,2.563779061205293,3.2404011551591214
Cntnap_het,OFT-0450-00,slow,78,4.662611694749135,0.9971910112359551,0.9971910112359551,2.535777714281349,3.2465685433839755
Cntnap_het,OFT-0452-00,fast,79,4.676884419624502,0.9971910112359551,0.9971910112359551,2.48830606206288,3.1954321077639807
Cntnap_het,OFT-0452-00,slow,80,4.188318825385675,0.9971910112359551,0.9971910112359551,2.3331215364560722,3.015559903632035
Cntnap_het,OFT-0452-00,medium,81,4.508834130300796,0.9971910112359551,0.9971910112359551,2.4209221778581496,3.129452372902237
Cntnap_het,OFT-0454-00,medium,82,4.646685442042328,0.9971910112359551,0.9971910112359551,2.4526276193778758,3.149514591201185
Cntnap_het,OFT-0454-00,slow,83,4.696808067112233,0.9971910112359551,0.9971910112359551,2.6444749756010024,3.2953124283400808
Cntnap_het,OFT-0454-00,fast,84,4.182279379073067,0.9971910112359551,0.9971910112359551,2.318681550646613,2.9327143042458714
Cntnap_het,OFT-0492-00,slow,85,4.241044385248424,0.9971910112359551,0.9971910112359551,2.3511805108310497,3.0404229673040644
Cntnap_het,OFT-0492-00,medium,86,4.453831203953122,0.9971910112359551,0.9971910112359551,2.2694157622187654,3.0153685046506986
Cntnap_het,OFT-0492-00,fast,87,4.545901745196267,0.9971910112359551,0.9971910112359551,2.406302525329565,3.1390660583580883
Cntnap_het,OFT-0493-00,slow,88,4.484760212787127,0.9971910112359551,0.9971910112359551,2.638503598063527,3.2473952446180494
Cntnap_het,OFT-0493-00,fast,89,4.46935576819976,0.9971910112359551,0.9971910112359551,2.2548826547039074,2.9779394898897698
Cntnap_het,OFT-0493-00,medium,90,4.733155254218897,0.9971910112359551,0.9971910112359551,2.6127014542711664,3.295413027500227
Cntnap_het,OFT-0494-00,slow,91,4.317888232035264,0.9971910112359551,0.9971910112359551,2.3109177234557863,2.994074438608755
Cntnap_het,OFT-0494-00,medium,92,4.316339065551936,0.9971910112359551,0.9971910112359551,2.252176373456988,2.9415451150574734
Cntnap_het,OFT-0494-00,fast,93,4.4190446964867505,0.9971910112359551,0.9971910112359551,2.3358138813024447,3.068551163395592
Cntnap_het,OFT-0496-00,medium,94,4.47868038455584,0.9971910112359551,0.9971910112359551,2.521102320684277,3.2046282618156674
Cntnap_het,OFT-0496-00,fast,95,4.474169552615527,0.9971910112359551,0.9971910112359551,2.360813992608354,3.0895872045325583
Cntnap_het,OFT-0496-00,slow,96,3.8161005918120243,1.050561797752809,1.050561797752809,2.290233219336321,2.8546464660462427
Cntnap_het,OFT-0498-00,fast,97,4.409702706256529,0.9971910112359551,0.9971910112359551,2.462891432486554,3.0610956724385145
Cntnap_het,OFT-0498-00,medium,98,4.203265235770568,0.9971910112359551,0.9971910112359551,2.2970897531784122,2.972461812053966
Cntnap_het,OFT-0498-00,slow,99,4.04599510235445,1.050561797752809,1.050561797752809,2.3301243866101946,3.010827582592978
Cntnap_het,OFT-0499-00,fast,100,4.4710743169821185,0.9971910112359551,0.9971910112359551,2.2508049476330307,2.9779170872371084
Cntnap_het,OFT-0499-00,medium,101,4.600161694694413,0.9971910112359551,0.9971910112359551,2.538411739215484,3.2000197958049217
Cntnap_het,OFT-0499-00,slow,102,4.127116524066448,1.050561797752809,1.050561797752809,2.47578037104861,3.109193080165197
Cntnap_het,OFT-0500-00,fast,103,4.608618579179117,0.9971910112359551,0.9971910112359551,2.4281039680871634,3.1380787432767865
Cntnap_het,OFT-0500-00,medium,104,4.474281452818373,0.9971910112359551,0.9971910112359551,2.377425166692688,3.0449689695355904
Cntnap_het,OFT-0500-00,slow,105,4.287000935484259,0.9971910112359551,0.9971910112359551,2.5377575638737393,3.166240439526642
Cntnap_het,OFT-0501-00,medium,106,4.622833619415686,0.9971910112359551,0.9971910112359551,2.3573850352119217,3.1223773344316443
Cntnap_het,OFT-0501-00,fast,107,4.7004950303683914,0.9971910112359551,0.9971910112359551,2.573381552927864,3.2618186486425067
Cntnap_het,OFT-0501-00,slow,108,4.089938970770047,0.9971910112359551,0.9971910112359551,2.4693195044082237,3.03117413873639
Cntnap_het,OFT-0502-00,fast,109,4.498801498470699,0.9971910112359551,0.9971910112359551,2.311308910864353,3.0550794723089756
Cntnap_het,OFT-0502-00,medium,110,4.436786815437343,0.9971910112359551,0.9971910112359551,2.436051305532165,3.0788804027734487
Cntnap_het,OFT-0502-00,slow,111,4.1208389520237,0.9971910112359551,0.9971910112359551,2.353360091187791,3.031595539122133
Cntnap_het,OFT-0503-00,fast,112,4.549294787513215,0.9971910112359551,0.9971910112359551,2.5665208612278456,3.2331699996682963
Cntnap_het,OFT-0503-00,slow,113,3.905662639643804,1.050561797752809,1.050561797752809,2.2952263765253353,2.8772303284471503
Cntnap_het,OFT-0503-00,medium,114,4.3825509740116,0.9971910112359551,0.9971910112359551,2.426139640120662,3.063629159003719
Cntnap_het,OFT-0505-00,slow,115,4.22280237571826,0.9971910112359551,0.9971910112359551,2.5394089213786257,3.184285337540093
Cntnap_het,OFT-0505-00,fast,116,4.733039048296328,0.9971910112359551,0.9971910112359551,2.56308154441016,3.2285877159966136
Cntnap_het,OFT-0505-00,medium,117,4.4618011587272415,0.9971910112359551,0.9971910112359551,2.4830204013643637,3.17270318248732
Cntnap_het,OFT-0506-00,medium,118,4.289206337764546,0.9971910112359551,0.9971910112359551,2.286832959986483,2.950118794178983
Cntnap_het,OFT-0506-00,fast,119,4.6041569268459375,0.9971910112359551,0.9971910112359551,2.4618550818484337,3.1274724797634215
Cntnap_het,OFT-0506-00,slow,120,4.446978288730993,0.9971910112359551,0.9971910112359551,2.406230648276031,3.1091795405695772
Cntnap_het,OFT-0507-00,fast,121,4.5278494270939005,0.9971910112359551,0.9971910112359551,2.3357954161520667,3.0235809706299785
Cntnap_het,OFT-0507-00,slow,122,4.293336378993239,0.9971910112359551,0.9971910112359551,2.4017279920636327,3.0535254519092327
Cntnap_het,OFT-0507-00,medium,123,4.356073788709286,0.9971910112359551,0.9971910112359551,2.2982755277533684,2.99358064309616
Cntnap_het,OFT-0508-00,fast,124,4.700362432485046,0.9971910112359551,0.9971910112359551,2.6174780352534452,3.2463870432355453
Cntnap_het,OFT-0508-00,slow,125,4.266181522493418,0.9971910112359551,0.9971910112359551,2.5802275001330557,3.1838219518585005
Cntnap_het,OFT-0508-00,medium,126,4.476213303974175,0.9971910112359551,0.9971910112359551,2.5916658729857254,3.2427481411543404
Cntnap_het,OFT-0510-00,fast,127,4.27913430004948,0.9971910112359551,0.9971910112359551,2.3013643906055052,2.9134071591219275
Cntnap_het,OFT-0510-00,slow,128,3.9967506094680445,0.9971910112359551,0.9971910112359551,2.4247944058114763,3.0130940843486336
Cntnap_het,OFT-0510-00,medium,129,4.285985242433692,0.9971910112359551,0.9971910112359551,2.4935605101146723,3.099205460651669
Cntnap_het,OFT-0511-00,fast,130,4.539223170104098,0.9971910112359551,0.9971910112359551,2.3737022007097965,3.126003026776819
Cntnap_het,OFT-0511-00,slow,131,4.098123460777031,0.9971910112359551,0.9971910112359551,2.455918949804536,3.0764790281238414
Cntnap_het,OFT-0511-00,medium,132,4.543998097881045,0.9971910112359551,0.9971910112359551,2.342149502223265,3.0452776976038964
Cntnap_het,OFT-0516-00,slow,133,4.242458249644495,0.9971910112359551,0.9971910112359551,2.5009750325378826,3.152254121512754
Cntnap_het,OFT-0516-00,fast,134,4.176731120396607,0.9971910112359551,0.9971910112359551,2.2664571191217595,2.905665303557581
Cntnap_het,OFT-0516-00,medium,135,4.440081468951226,0.9971910112359551,0.9971910112359551,2.3449666566853478,3.0057661696446987
Cntnap_het,OFT-0519-00,slow,136,4.357420129943169,0.9971910112359551,0.9971910112359551,2.394250316703186,3.0898998580709387
Cntnap_het,OFT-0519-00,fast,137,4.204006689036694,0.9971910112359551,0.9971910112359551,2.265351744048197,2.929828581974959
Cntnap_het,OFT-0519-00,medium,138,4.39400244824806,0.9971910112359551,0.9971910112359551,2.3474205307869354,3.074646700319932
Cntnap_het,OFT-0520-00,fast,139,4.4506414645395695,0.9971910112359551,0.9971910112359551,2.3583391593710124,3.079329675085724
Cntnap_het,OFT-0520-00,slow,140,4.281627673471323,0.9971910112359551,0.9971910112359551,2.4568004477994383,3.1184430805422885
Cntnap_het,OFT-0520-00,medium,141,4.445903431101619,0.9971910112359551,0.9971910112359551,2.4356960167242576,3.1799287150631073
Cntnap_het,OFT-0523-00,slow,142,4.1288300387542805,1.050561797752809,1.050561797752809,2.367871324125709,2.9659657253201517
Cntnap_het,OFT-0523-00,fast,143,4.590493605496936,0.9971910112359551,0.9971910112359551,2.4146830755851023,3.0995332710325125
Cntnap_het,OFT-0523-00,medium,144,4.47850152282414,0.9971910112359551,0.9971910112359551,2.3908004477199962,3.028251251981355
Cntnap_het,OFT-0529-00,medium,145,4.139851661338462,0.9971910112359551,0.9971910112359551,2.2683599617391956,2.86914726978778
Cntnap_het,OFT-0529-00,fast,146,4.5327992200931,0.9971910112359551,0.9971910112359551,2.4699622476703267,3.0304613466737775
Cntnap_het,OFT-0529-00,slow,147,4.367897786050744,1.050561797752809,1.050561797752809,2.642151775497538,3.233254142384616
Cntnap_het,OFT-0534-00,fast,148,4.356164698700493,0.9971910112359551,0.9971910112359551,2.317309512221436,3.0148464905807453
Cntnap_het,OFT-0534-00,medium,149,4.5213455254669395,0.9971910112359551,0.9971910112359551,2.4295888961104217,3.105936437031464
Cntnap_het,OFT-0534-00,slow,150,4.3233427987637,0.9971910112359551,0.9971910112359551,2.4227580769616495,3.0880253654027
Cntnap_het,OFT-0539-00,fast,151,4.46625527081317,0.9971910112359551,0.9971910112359551,2.451715789714395,3.0632750433189857
Cntnap_het,OFT-0539-00,slow,152,4.341592659169946,0.9971910112359551,0.9971910112359551,2.615981992729805,3.2373538767639225
Cntnap_het,OFT-0539-00,medium,153,4.777560569487458,0.9971910112359551,0.9971910112359551,2.5761722383137244,3.2516248568099586
Cntnap_het,OFT-0542-00,fast,154,4.855698830667765,0.9971910112359551,0.9971910112359551,2.5666558650054414,3.211399886258525
Cntnap_het,OFT-0542-00,medium,155,4.632048370712528,0.9971910112359551,0.9971910112359551,2.3661582044752225,2.9946561582568516
Cntnap_het,OFT-0542-00,slow,156,4.010424676154818,0.9971910112359551,0.9971910112359551,2.403086317657369,3.0013890253697686
Cntnap_het,OFT-0586-00,slow,157,4.284199585825693,0.9971910112359551,0.9971910112359551,2.4832690510790525,3.0934216143476805
Cntnap_het,OFT-0586-00,medium,158,4.260518477090178,0.9971910112359551,0.9971910112359551,2.3071198943213957,3.0060274891151693
Cntnap_het,OFT-0586-00,fast,159,4.461728907194694,0.9971910112359551,0.9971910112359551,2.3301978452119028,3.0666609635411457
Cntnap_het,OFT-0597-00,medium,160,4.246164978750339,0.9971910112359551,0.9971910112359551,2.299576851159938,2.968433059694365
Cntnap_het,OFT-0597-00,fast,161,4.211980560472035,0.9971910112359551,0.9971910112359551,2.230505806280734,2.936917941154704
Cntnap_het,OFT-0597-00,slow,162,4.418837684779505,0.9971910112359551,0.9971910112359551,2.5881921130770658,3.2282113529899674
Cntnap_het,OFT-0607-00,medium,163,4.286378361207008,0.9971910112359551,0.9971910112359551,2.3234780440508156,2.9676024966206587
Cntnap_het,OFT-0607-00,fast,164,4.669528645848186,0.9971910112359551,0.9971910112359551,2.542982393583802,3.2105890710577274
Cntnap_het,OFT-0607-00,slow,165,4.292944165126148,0.9971910112359551,0.9971910112359551,2.540592595820231,3.156998832838428
Cntnap_het,OFT-0611-00,fast,166,4.650957990266287,0.9971910112359551,0.9971910112359551,2.3622684848506434,3.1009498447113146
Cntnap_het,OFT-0611-00,medium,167,4.5046432457345595,0.9971910112359551,0.9971910112359551,2.4730150689965003,3.133319094200408
Cntnap_het,OFT-0611-00,slow,168,4.494279221823583,0.9971910112359551,0.9971910112359551,2.422819518386302,3.1107671718018737
Cntnap_het,OFT-0641-00,slow,169,4.26051580150233,0.9971910112359551,0.9971910112359551,2.4451608463120373,3.1432104254765347
Cntnap_het,OFT-0641-00,medium,170,4.445708388971127,0.9971910112359551,0.9971910112359551,2.4319546019736746,3.13775630786934
Cntnap_het,OFT-0641-00,fast,171,4.4217425350682396,0.9971910112359551,0.9971910112359551,2.2999181362989547,3.008515011669352
Cntnap_het,OFT-0643-00,slow,172,4.061686502639946,0.9971910112359551,0.9971910112359551,2.35799038917819,2.9444286092860805
Cntnap_het,OFT-0643-00,medium,173,4.687937021597351,0.9971910112359551,0.9971910112359551,2.4401976916123194,3.1605680471859223
Cntnap_het,OFT-0643-00,fast,174,4.662841173700872,0.9971910112359551,0.9971910112359551,2.3904968391786583,3.134713523099669
Cntnap_het,OFT-0644-00,slow,175,4.334145176903194,0.9971910112359551,0.9971910112359551,2.521166560712819,3.213075217736031
Cntnap_het,OFT-0644-00,medium,176,3.9344636686557677,1.050561797752809,1.050561797752809,2.1806878039489446,2.8631198862171545
Cntnap_het,OFT-0644-00,fast,177,4.297488179260603,0.9971910112359551,0.9971910112359551,2.234998603876656,2.9585831880227857
Cntnap_het,OFT-0645-00,slow,178,4.010125364832621,1.050561797752809,1.050561797752809,2.4034242449169216,2.9995507894797426
Cntnap_het,OFT-0645-00,fast,179,4.338651960820879,0.9971910112359551,0.9971910112359551,2.1893950515639617,2.9113905925444046
Cntnap_het,OFT-0645-00,medium,180,3.8429428674456845,0.9971910112359551,0.9971910112359551,2.1910355819911143,2.8128551414772636
Cntnap_het,OFT-0652-00,medium,181,3.9954394200692587,0.9971910112359551,0.9971910112359551,2.193631056964594,2.783186576411236
Cntnap_het,OFT-0652-00,slow,182,4.203151483391349,0.9971910112359551,0.9971910112359551,2.3558718337871607,3.002774150694419
Cntnap_het,OFT-0652-00,fast,183,4.671465496689896,0.9971910112359551,0.9971910112359551,2.4681044907384253,3.1485795390501137
Cntnap_het,OFT-0653-00,slow,184,3.9690802979524773,1.050561797752809,1.050561797752809,2.2904198084607152,2.9412626512358018
Cntnap_het,OFT-0653-00,fast,185,4.371621086961372,0.9971910112359551,0.9971910112359551,2.376081213176659,3.043472120082929
Cntnap_het,OFT-0653-00,medium,186,4.435870611846008,0.9971910112359551,0.9971910112359551,2.4005957150760078,3.080929974798083
Cntnap_het,OFT-0654-00,medium,187,4.357416063637981,0.9971910112359551,0.9971910112359551,2.400095280908342,3.1415525622661606
Cntnap_het,OFT-0654-00,fast,188,4.650900803675144,0.9971910112359551,0.9971910112359551,2.4860757248133125,3.1890322369020985
Cntnap_het,OFT-0654-00,slow,189,4.310412535714191,0.9971910112359551,0.9971910112359551,2.4777243807066824,3.0890100754093215
Cntnap_het,OFT-0656-00,fast,190,4.591617771358176,0.9971910112359551,0.9971910112359551,2.3269362728853213,3.0918788757616653
Cntnap_het,OFT-0656-00,slow,191,4.170864656456246,0.9971910112359551,0.9971910112359551,2.5409767506027663,3.1418122785884237
Cntnap_het,OFT-0656-00,medium,192,4.632089758311654,0.9971910112359551,0.9971910112359551,2.6366047706346594,3.286357672120666
Cntnap_het,OFT-0662-00,fast,193,4.75668179077571,0.9971910112359551,0.9971910112359551,2.533680708342266,3.2190521149139384
Cntnap_het,OFT-0662-00,slow,194,4.033034056704262,1.050561797752809,1.050561797752809,2.376094854083505,3.0183804572359887
Cntnap_het,OFT-0662-00,medium,195,4.248683712741938,0.9971910112359551,0.9971910112359551,2.444130615210681,3.054758782009641
Cntnap_het,OFT-0664-00,fast,196,4.543418140078701,0.9971910112359551,0.9971910112359551,2.3835088755463785,3.0818703774442735
Cntnap_het,OFT-0664-00,medium,197,4.454848849141705,0.9971910112359551,0.9971910112359551,2.285404373159927,2.9597416548520727
Cntnap_het,OFT-0664-00,slow,198,4.565495079798713,0.9971910112359551,0.9971910112359551,2.546111801776285,3.192032666263109
Cntnap_het,OFT-0665-00,fast,199,4.2154987803756025,0.9971910112359551,0.9971910112359551,2.1556919385169397,2.82278922825521
Cntnap_het,OFT-0665-00,medium,200,4.279953670513772,0.9971910112359551,0.9971910112359551,2.260633338919348,2.9852253169422043
Cntnap_het,OFT-0665-00,slow,201,4.227292769730027,1.050561797752809,1.050561797752809,2.481037776690431,3.142923200876999
Cntnap_het,OFT-0666-00,medium,202,4.560460217781479,0.9971910112359551,0.9971910112359551,2.4753240542876647,3.142553571840637
Cntnap_het,OFT-0666-00,fast,203,4.675685025645066,0.9971910112359551,0.9971910112359551,2.4145103603757594,3.1361142805748474
Cntnap_het,OFT-0666-00,slow,204,4.478329027232615,0.9971910112359551,0.9971910112359551,2.354631555640746,3.068046022814869
Cntnap_het,OFT-0675-00,fast,205,4.634573943324836,0.9971910112359551,0.9971910112359551,2.303328020745745,3.0408763823347833
Cntnap_het,OFT-0675-00,medium,206,4.529167046382185,0.9971910112359551,0.9971910112359551,2.5164104484724605,3.206682306174328
Cntnap_het,OFT-0675-00,slow,207,4.172563044305081,0.9971910112359551,0.9971910112359551,2.4425250132638388,3.116011114148755
Cntnap_het,OFT-0676-00,fast,208,4.36744996915887,0.9971910112359551,0.9971910112359551,2.2816618304819247,2.960234010964224
Cntnap_het,OFT-0676-00,medium,209,4.6231725860663815,0.9971910112359551,0.9971910112359551,2.548643476756528,3.2355094269672016
Cntnap_het,OFT-0676-00,slow,210,4.422027566155958,0.9971910112359551,0.9971910112359551,2.5861812129195103,3.219858727465756
Cntnap_het,OFT-0685-00,fast,211,4.158223886133509,0.9971910112359551,0.9971910112359551,2.2216331824026248,2.8307476188944127
Cntnap_het,OFT-0685-00,medium,212,4.4060043824561115,0.9971910112359551,0.9971910112359551,2.367238732483165,3.0505335928264428
Cntnap_het,OFT-0685-00,slow,213,4.351702532105196,0.9971910112359551,0.9971910112359551,2.4445597857105033,3.1080731989830657
Cntnap_het,OFT-0687-00,fast,214,4.5392570399625045,0.9971910112359551,0.9971910112359551,2.448618490746211,3.1143149102438685
Cntnap_het,OFT-0687-00,slow,215,4.708411878275888,0.9971910112359551,0.9971910112359551,2.6227764121512966,3.2681585175572745
Cntnap_het,OFT-0687-00,medium,216,4.7515810637208045,0.9971910112359551,0.9971910112359551,2.6383801248580907,3.2582691471503513
Cntnap_hom,OFT-0364-00,fast,217,4.509088238728753,0.9971910112359551,0.9971910112359551,2.3756878153104615,2.9732596388888717
Cntnap_hom,OFT-0364-00,medium,218,4.458464581169077,0.9971910112359551,0.9971910112359551,2.378443617130574,3.136278806717114
Cntnap_hom,OFT-0364-00,slow,219,4.231967982173183,0.9971910112359551,0.9971910112359551,2.369649538508167,2.9941202756106158
Cntnap_hom,OFT-0367-00,fast,220,4.685599753993748,0.9971910112359551,0.9971910112359551,2.577617085300693,3.2411389973386235
Cntnap_hom,OFT-0367-00,slow,221,4.367057108348844,0.9971910112359551,0.9971910112359551,2.5598273529040716,3.2128503452492665
Cntnap_hom,OFT-0367-00,medium,222,4.029323166652836,0.9971910112359551,0.9971910112359551,2.2974272793288937,2.9212797089535236
Cntnap_hom,OFT-0374-00,fast,223,4.693434356231878,0.9971910112359551,0.9971910112359551,2.512563671989282,3.2031307486914735
Cntnap_hom,OFT-0374-00,slow,224,3.9979619896882665,1.050561797752809,1.050561797752809,2.36246545093031,3.044420003218323
Cntnap_hom,OFT-0374-00,medium,225,4.451556053122136,0.9971910112359551,0.9971910112359551,2.3984287135375006,3.147107070203162
Cntnap_hom,OFT-0383-00,fast,226,4.202132690837604,0.9971910112359551,0.9971910112359551,2.4462986134833202,3.0440784975582242
Cntnap_hom,OFT-0383-00,medium,227,4.65782623181374,0.9971910112359551,0.9971910112359551,2.3944329682342125,3.1490859180563384
Cntnap_hom,OFT-0383-00,slow,228,4.7056153760271275,0.9971910112359551,0.9971910112359551,2.6211605055612073,3.312912112356173
Cntnap_hom,OFT-0388-00,slow,229,4.082378010051915,0.9971910112359551,0.9971910112359551,2.358563952871951,3.0902416517054734
Cntnap_hom,OFT-0388-00,medium,230,4.1524238207233495,0.9971910112359551,0.9971910112359551,2.24844440682265,2.949233524388962
Cntnap_hom,OFT-0388-00,fast,231,4.319445755736788,0.9971910112359551,0.9971910112359551,2.301677594282527,2.973038212515269
Cntnap_hom,OFT-0389-00,slow,232,3.9782522731470227,0.9971910112359551,0.9971910112359551,2.2530156019167835,2.892034113703044
Cntnap_hom,OFT-0389-00,medium,233,4.035434193419337,0.9971910112359551,0.9971910112359551,2.187147151168428,2.8643582146962556
Cntnap_hom,OFT-0389-00,fast,234,4.292588789270263,0.9971910112359551,0.9971910112359551,2.25939591049982,2.983563259631138
Cntnap_hom,OFT-0390-00,slow,235,3.8827986731853916,0.9971910112359551,0.9971910112359551,2.1570374656526434,2.7552931395551092
Cntnap_hom,OFT-0390-00,medium,236,4.379204786444453,0.9971910112359551,0.9971910112359551,2.375776168230875,3.0537418454036596
Cntnap_hom,OFT-0390-00,fast,237,4.511022281783022,0.9971910112359551,0.9971910112359551,2.3669417233373324,3.091959298767749
Cntnap_hom,OFT-0400-00,fast,238,4.368756943202227,0.9971910112359551,0.9971910112359551,2.3083328973702475,3.031308182379916
Cntnap_hom,OFT-0400-00,medium,239,4.047767032737413,0.9971910112359551,0.9971910112359551,2.210403717876969,2.8986388304687587
Cntnap_hom,OFT-0400-00,slow,240,4.263585475523997,0.9971910112359551,0.9971910112359551,2.4254412761129713,3.068915268715314
Cntnap_hom,OFT-0401-00,fast,241,4.7440267216534595,0.9971910112359551,0.9971910112359551,2.5856521615864545,3.2258305239266183
Cntnap_hom,OFT-0401-00,slow,242,4.127132593634974,1.050561797752809,1.050561797752809,2.458458450438235,3.093849062662072
Cntnap_hom,OFT-0401-00,medium,243,3.9907626700135292,0.9971910112359551,0.9971910112359551,2.233638652901078,2.8531648514269676
Cntnap_hom,OFT-0402-00,fast,244,4.658562442079299,0.9971910112359551,0.9971910112359551,2.486030355125533,3.1368580357027094
Cntnap_hom,OFT-0402-00,slow,245,4.628445900926368,0.9971910112359551,0.9971910112359551,2.581964406636546,3.283178538562909
Cntnap_hom,OFT-0402-00,medium,246,4.3086452525545775,0.9971910112359551,0.9971910112359551,2.2931163339019665,2.9810611216901917
Cntnap_hom,OFT-0404-00,fast,247,4.4196453517577075,0.9971910112359551,0.9971910112359551,2.35381546877315,3.0950292211041806
Cntnap_hom,OFT-0404-00,slow,248,4.395497868265137,1.050561797752809,1.050561797752809,2.556410266830245,3.200217645496644
Cntnap_hom,OFT-0404-00,medium,249,4.437756893112691,0.9971910112359551,0.9971910112359551,2.306608691196551,3.0585713468401017
Cntnap_hom,OFT-0405-00,fast,250,4.318566767451133,0.9971910112359551,0.9971910112359551,2.3037744846802752,3.0206784678677807
Cntnap_hom,OFT-0405-00,medium,251,4.2136324729758226,0.9971910112359551,0.9971910112359551,2.333594406994344,2.979058920447403
Cntnap_hom,OFT-0405-00,slow,252,4.2539633327357675,0.9971910112359551,0.9971910112359551,2.3984947899772213,3.0530126944600404
Cntnap_hom,OFT-0406-00,fast,253,4.535682478336889,0.9971910112359551,0.9971910112359551,2.3014388897526215,3.0697119188964375
Cntnap_hom,OFT-0406-00,medium,254,4.667759910255589,0.9971910112359551,0.9971910112359551,2.541889599512653,3.20497801882145
Cntnap_hom,OFT-0406-00,slow,255,4.5220361131078555,1.050561797752809,1.050561797752809,2.6093574108892814,3.302607582333753
Cntnap_hom,OFT-0416-00,fast,256,4.106780262826791,0.9971910112359551,0.9971910112359551,2.1315523862258035,2.7733011058827457
Cntnap_hom,OFT-0416-00,medium,257,4.57609201474107,0.9971910112359551,0.9971910112359551,2.4373567864703203,3.168329547723766
Cntnap_hom,OFT-0416-00,slow,258,4.12209013168281,1.050561797752809,1.050561797752809,2.527568372765809,3.1683718614433585
Cntnap_hom,OFT-0417-00,fast,259,4.35681201252489,0.9971910112359551,0.9971910112359551,2.364499785909969,3.033957137705232
Cntnap_hom,OFT-0417-00,medium,260,4.481155860589756,0.9971910112359551,0.9971910112359551,2.5268875187063666,3.1950313722389665
Cntnap_hom,OFT-0417-00,slow,261,4.065654954649221,1.050561797752809,1.050561797752809,2.403187044056976,3.0217480924156694
Cntnap_hom,OFT-0418-00,fast,262,5.618562216397227,0.9971910112359551,0.9971910112359551,2.656327138372356,3.4013698921497166
Cntnap_hom,OFT-0418-00,slow,263,4.591034690842203,0.9971910112359551,0.9971910112359551,2.5674066951763077,3.3323728021673586
Cntnap_hom,OFT-0418-00,medium,264,4.895829766706861,0.9971910112359551,0.9971910112359551,2.6653715500180564,3.3154026000850347
Cntnap_hom,OFT-0422-00,slow,265,3.9827085428611753,0.9971910112359551,0.9971910112359551,2.4133454590003067,2.951275786840278
Cntnap_hom,OFT-0422-00,fast,266,4.39286343232756,0.9971910112359551,0.9971910112359551,2.2420032985586262,2.97960642824946
Cntnap_hom,OFT-0422-00,medium,267,4.654209036189907,0.9971910112359551,0.9971910112359551,2.389314742044997,3.1452945262441876
Cntnap_hom,OFT-0433-00,medium,268,4.6578479398830215,0.9971910112359551,0.9971910112359551,2.547332037447584,3.167184765786228
Cntnap_hom,OFT-0433-00,slow,269,4.23674909905578,0.9971910112359551,0.9971910112359551,2.3786017294388353,3.009321661009831
Cntnap_hom,OFT-0433-00,fast,270,4.509271294174352,0.9971910112359551,0.9971910112359551,2.289519293067582,3.0243050582626294
Cntnap_hom,OFT-0445-00,fast,271,4.541638155880803,0.9971910112359551,0.9971910112359551,2.5612738356629494,3.2000814768002273
Cntnap_hom,OFT-0445-00,medium,272,4.629953371427473,0.9971910112359551,0.9971910112359551,2.5705766393198277,3.1909119151453997
Cntnap_hom,OFT-0445-00,slow,273,4.041250204366961,1.050561797752809,1.050561797752809,2.426963893355577,3.01773215810058
Cntnap_hom,OFT-0449-00,fast,274,4.730832687255284,0.9971910112359551,0.9971910112359551,2.4775241680214943,3.1748191424829635
Cntnap_hom,OFT-0449-00,medium,275,4.558357491087316,0.9971910112359551,0.9971910112359551,2.462680055859474,3.1277649586001472
Cntnap_hom,OFT-0449-00,slow,276,4.027810741744295,0.9971910112359551,0.9971910112359551,2.4531127313000494,3.0148583605207353
Cntnap_hom,OFT-0517-00,fast,277,4.245653928694196,0.9971910112359551,0.9971910112359551,2.2120835476063485,2.934386775136169
Cntnap_hom,OFT-0517-00,medium,278,4.17878820042764,0.9971910112359551,0.9971910112359551,2.2433993601290134,2.887942461040323
Cntnap_hom,OFT-0517-00,slow,279,4.309138789711239,0.9971910112359551,0.9971910112359551,2.2958348082885736,3.0384006367314575
Cntnap_hom,OFT-0518-00,slow,280,3.9952102384980157,0.9971910112359551,0.9971910112359551,2.325812507597773,2.9518983823523666
Cntnap_hom,OFT-0518-00,medium,281,4.539067003035905,0.9971910112359551,0.9971910112359551,2.3500108279932945,3.1352540549036916
Cntnap_hom,OFT-0518-00,fast,282,4.569231208893696,0.9971910112359551,0.9971910112359551,2.4078423881112614,3.128384061784604
Cntnap_hom,OFT-0521-00,slow,283,4.010663674365674,0.9971910112359551,0.9971910112359551,2.2594868238333934,2.9360252685337143
Cntnap_hom,OFT-0521-00,medium,284,4.35405767887679,0.9971910112359551,0.9971910112359551,2.3075456365676565,3.0289789613654823
Cntnap_hom,OFT-0521-00,fast,285,4.166403626027077,0.9971910112359551,0.9971910112359551,2.233012094300701,2.9343461275601284
Cntnap_hom,OFT-0522-00,fast,286,4.2132175890841115,0.9971910112359551,0.9971910112359551,2.2604759534142724,2.9295090090696614
Cntnap_hom,OFT-0522-00,medium,287,4.601706838645042,0.9971910112359551,0.9971910112359551,2.34219899742948,3.079541062566015
Cntnap_hom,OFT-0522-00,slow,288,4.299626709930602,0.9971910112359551,0.9971910112359551,2.3549199822401228,3.0736614118670977
Cntnap_hom,OFT-0533-00,fast,289,4.379607898770184,0.9971910112359551,0.9971910112359551,2.2216591229483673,2.8851499997462704
Cntnap_hom,OFT-0533-00,medium,290,4.523389079741022,0.9971910112359551,0.9971910112359551,2.4065068673199006,3.1004664786622844
Cntnap_hom,OFT-0533-00,slow,291,4.2773489669833005,0.9971910112359551,0.9971910112359551,2.303191159346047,2.985486932205777
Cntnap_hom,OFT-0535-00,fast,292,4.684125178715239,0.9971910112359551,0.9971910112359551,2.4259197269923383,3.1763706248545533
Cntnap_hom,OFT-0535-00,slow,293,4.411136259153543,0.9971910112359551,0.9971910112359551,2.612586437358794,3.248737709157589
Cntnap_hom,OFT-0535-00,medium,294,4.706069501712329,0.9971910112359551,0.9971910112359551,2.511283005311433,3.1782909010482805
Cntnap_hom,OFT-0540-00,medium,295,4.689923408119926,0.9971910112359551,0.9971910112359551,2.6111889425664314,3.2749293811125457
Cntnap_hom,OFT-0540-00,slow,296,4.121939924552814,0.9971910112359551,0.9971910112359551,2.3902817790746465,3.0041774801700556
Cntnap_hom,OFT-0540-00,fast,297,4.62032564336482,0.9971910112359551,0.9971910112359551,2.3227072192288776,3.156863148560767
Cntnap_hom,OFT-0541-00,medium,298,4.470636873754509,0.9971910112359551,0.9971910112359551,2.526346965759632,3.199142333931227
Cntnap_hom,OFT-0541-00,fast,299,4.241517690212805,0.9971910112359551,0.9971910112359551,2.2040574668637847,2.9057574898682175
Cntnap_hom,OFT-0541-00,slow,300,4.060610563143466,1.050561797752809,1.050561797752809,2.405584742771085,3.043374975122209
Cntnap_hom,OFT-0546-00,slow,301,3.9935546169378306,0.9971910112359551,0.9971910112359551,2.20884264865964,2.8471149790688917
Cntnap_hom,OFT-0546-00,medium,302,3.9785550878080995,0.9971910112359551,0.9971910112359551,2.261569359995979,2.9105161807432665
Cntnap_hom,OFT-0546-00,fast,303,4.404784769680626,0.9971910112359551,0.9971910112359551,2.320851375418807,3.044133460068184
Cntnap_hom,OFT-0548-00,slow,304,3.6623766817727543,0.9971910112359551,0.9971910112359551,2.146604759527903,2.6878804414489736
Cntnap_hom,OFT-0548-00,fast,305,4.232871251269444,0.9971910112359551,0.9971910112359551,2.2567846863848566,2.997078125605101
Cntnap_hom,OFT-0548-00,medium,306,4.138532780217264,0.9971910112359551,0.9971910112359551,2.329276368126561,3.0269385372731397
Cntnap_hom,OFT-0580-00,fast,307,4.6276205552038645,0.9971910112359551,0.9971910112359551,2.4623338142921662,3.1719085822171458
Cntnap_hom,OFT-0580-00,slow,308,4.388580887189517,0.9971910112359551,0.9971910112359551,2.5161710054793986,3.148220133918627
Cntnap_hom,OFT-0580-00,medium,309,4.06989279030489,0.9971910112359551,0.9971910112359551,2.308723215566264,2.9011986251330626
Cntnap_hom,OFT-0581-00,fast,310,4.203442780552291,0.9971910112359551,0.9971910112359551,2.3780268078734617,3.0989749941508853
Cntnap_hom,OFT-0581-00,medium,311,4.295263060167257,0.9971910112359551,0.9971910112359551,2.449066122539926,3.139891911023207
Cntnap_hom,OFT-0581-00,slow,312,4.133323495453757,0.9971910112359551,0.9971910112359551,2.4187020531279186,3.0499193991379183
Cntnap_hom,OFT-0583-00,fast,313,3.905433407853705,0.9971910112359551,0.9971910112359551,2.149035431133195,2.773679955533951
Cntnap_hom,OFT-0583-00,medium,314,3.986969984955621,0.9971910112359551,0.9971910112359551,2.2383945052285146,2.9054981449047763
Cntnap_hom,OFT-0583-00,slow,315,3.8906567950108695,0.9971910112359551,0.9971910112359551,2.30597443139665,2.9212498616880502
Cntnap_hom,OFT-0584-00,slow,316,4.080932539361888,0.9971910112359551,0.9971910112359551,2.319799069552047,2.963271626588019
Cntnap_hom,OFT-0584-00,medium,317,4.289772405756195,0.9971910112359551,0.9971910112359551,2.352089092106538,2.9893186725740764
Cntnap_hom,OFT-0584-00,fast,318,4.21269140081152,0.9971910112359551,0.9971910112359551,2.231213706804234,2.912596099476438
Cntnap_hom,OFT-0599-00,medium,319,4.235726037672438,0.9971910112359551,0.9971910112359551,2.3449234582291854,2.9675002941278668
Cntnap_hom,OFT-0599-00,fast,320,4.343720517426773,0.9971910112359551,0.9971910112359551,2.1755783511615894,2.8953609516409005
Cntnap_hom,OFT-0599-00,slow,321,4.253103077028384,0.9971910112359551,0.9971910112359551,2.3505510561345417,3.0298052448998476
Cntnap_hom,OFT-0605-00,fast,322,4.302040626586769,0.9971910112359551,0.9971910112359551,2.2361227939352233,2.978570230906565
Cntnap_hom,OFT-0605-00,medium,323,4.336383713799192,0.9971910112359551,0.9971910112359551,2.297664272009917,3.039377139470485
Cntnap_hom,OFT-0605-00,slow,324,4.324185966245833,0.9971910112359551,0.9971910112359551,2.550237409117,3.194973525423639
Cntnap_hom,OFT-0613-00,fast,325,4.036916101100611,0.9971910112359551,0.9971910112359551,2.112949437667911,2.768066569854797
Cntnap_hom,OFT-0613-00,slow,326,4.307930336578996,0.9971910112359551,0.9971910112359551,2.482039440208481,3.185944711268693
Cntnap_hom,OFT-0613-00,medium,327,4.296533448047475,0.9971910112359551,0.9971910112359551,2.308160211297369,3.006487513062126
Cntnap_neg,OFT-0365-00,medium,328,4.659848853563411,0.9971910112359551,0.9971910112359551,2.3678219179148763,3.1397011240778356
Cntnap_neg,OFT-0365-00,fast,329,4.528834948018338,0.9971910112359551,0.9971910112359551,2.363918260134749,3.119909510351991
Cntnap_neg,OFT-0365-00,slow,330,4.228642786511377,0.9971910112359551,0.9971910112359551,2.3858335287621393,3.0790044045852865
Cntnap_neg,OFT-0370-00,slow,331,4.392832854664472,0.9971910112359551,0.9971910112359551,2.3774282008623664,3.10094002889204
Cntnap_neg,OFT-0370-00,medium,332,4.2784902048543145,0.9971910112359551,0.9971910112359551,2.3152463134940047,2.9878338030801253
Cntnap_neg,OFT-0370-00,fast,333,4.508683692276526,0.9971910112359551,0.9971910112359551,2.507593395571389,3.124347281225375
Cntnap_neg,OFT-0375-00,fast,334,4.784405290706474,0.9971910112359551,0.9971910112359551,2.668716456007794,3.25929626360019
Cntnap_neg,OFT-0375-00,medium,335,4.829201679010484,0.9971910112359551,0.9971910112359551,2.552943996993295,3.276311477630816
Cntnap_neg,OFT-0375-00,slow,336,4.349522792705841,0.9971910112359551,0.9971910112359551,2.5312684821854385,3.1958882206155907
Cntnap_neg,OFT-0384-00,fast,337,4.278846133838949,0.9971910112359551,0.9971910112359551,2.2255700036797865,2.910525117025953
Cntnap_neg,OFT-0384-00,medium,338,4.381891749655817,0.9971910112359551,0.9971910112359551,2.3722639548195517,3.037139556207026
Cntnap_neg,OFT-0384-00,slow,339,4.3823774681246785,0.9971910112359551,0.9971910112359551,2.525180627376253,3.1247787153554167
Cntnap_neg,OFT-0426-00,slow,340,4.295362312828295,0.9971910112359551,0.9971910112359551,2.401206240272057,3.0955522206380253
Cntnap_neg,OFT-0426-00,fast,341,4.461230229830928,0.9971910112359551,0.9971910112359551,2.5769096488568293,3.215207513275789
Cntnap_neg,OFT-0426-00,medium,342,4.31155197171943,0.9971910112359551,0.9971910112359551,2.42363609904585,3.1095759346797247
Cntnap_neg,OFT-0427-00,medium,343,4.6064174290063375,0.9971910112359551,0.9971910112359551,2.3900327693371124,3.130372810366838
Cntnap_neg,OFT-0427-00,slow,344,4.177139949911949,0.9971910112359551,0.9971910112359551,2.3312721079759084,3.0560726210533162
Cntnap_neg,OFT-0427-00,fast,345,4.592347838519329,0.9971910112359551,0.9971910112359551,2.5217516679939256,3.159620012770257
Cntnap_neg,OFT-0429-00,fast,346,4.732838592853274,0.9971910112359551,0.9971910112359551,2.340270203417845,3.101272219647058
Cntnap_neg,OFT-0429-00,medium,347,4.426614428588512,0.9971910112359551,0.9971910112359551,2.501026290242937,3.1111689486337024
Cntnap_neg,OFT-0429-00,slow,348,3.8903965515471874,0.9971910112359551,0.9971910112359551,2.3177759500470287,2.86836247520554
Cntnap_neg,OFT-0435-00,slow,349,4.593886477788177,0.9971910112359551,0.9971910112359551,2.6343836305718376,3.343022764116108
Cntnap_neg,OFT-0435-00,medium,350,4.30974867112254,0.9971910112359551,0.9971910112359551,2.6099708036985825,3.300996679281042
Cntnap_neg,OFT-0435-00,fast,351,5.042111198519477,0.9971910112359551,0.9971910112359551,2.6229717736331337,3.3396062288265695
Cntnap_neg,OFT-0437-00,fast,352,4.3273672350342975,0.9971910112359551,0.9971910112359551,2.317758522481879,3.0339853065653477
Cntnap_neg,OFT-0437-00,medium,353,4.445354836773766,0.9971910112359551,0.9971910112359551,2.4874176614717944,3.1503180164040936
Cntnap_neg,OFT-0437-00,slow,354,4.0316998943095115,0.9971910112359551,0.9971910112359551,2.3835579126908266,3.0231254066868685
Cntnap_neg,OFT-0440-00,medium,355,4.597860415542299,0.9971910112359551,0.9971910112359551,2.521438185377796,3.142978118659345
Cntnap_neg,OFT-0440-00,fast,356,4.704553159172771,0.9971910112359551,0.9971910112359551,2.4499012609451043,3.1793986640884686
Cntnap_neg,OFT-0440-00,slow,357,4.28553149362526,0.9971910112359551,0.9971910112359551,2.6324835309378654,3.2431437157580545
Cntnap_neg,OFT-0441-00,slow,358,4.32065494888905,1.050561797752809,1.050561797752809,2.519593260975122,3.2434183057056596
Cntnap_neg,OFT-0441-00,fast,359,4.724018031821023,0.9971910112359551,0.9971910112359551,2.4550270943320904,3.2119820981626974
Cntnap_neg,OFT-0441-00,medium,360,4.437314669533672,0.9971910112359551,0.9971910112359551,2.392059582523726,3.161764254468991
Cntnap_neg,OFT-0451-00,fast,361,4.43725908055203,0.9971910112359551,0.9971910112359551,2.296204861857398,3.037902883882048
Cntnap_neg,OFT-0451-00,medium,362,4.449617978476627,0.9971910112359551,0.9971910112359551,2.4671051196222855,3.1935081887790484
Cntnap_neg,OFT-0451-00,slow,363,3.7417733675913896,1.050561797752809,1.050561797752809,2.2207538580304824,2.782159387632281
Cntnap_neg,OFT-0453-00,fast,364,4.4597972442470235,0.9971910112359551,0.9971910112359551,2.335899345153791,3.0744727766579683
Cntnap_neg,OFT-0455-00,fast,365,4.797069891172055,0.9971910112359551,0.9971910112359551,2.5749802869364466,3.2152928298962764
Cntnap_neg,OFT-0455-00,medium,366,4.628232691031007,0.9971910112359551,0.9971910112359551,2.358784200392369,3.0814223266329197
Cntnap_neg,OFT-0455-00,slow,367,4.485291710940412,1.050561797752809,1.050561797752809,2.485833792176394,3.1672662752036778
Cntnap_neg,OFT-0495-00,medium,368,4.2796446629572715,0.9971910112359551,0.9971910112359551,2.2697321672410298,2.919584265163098
Cntnap_neg,OFT-0495-00,fast,369,4.393344207542607,0.9971910112359551,0.9971910112359551,2.3316430943258832,3.0454407303565487
Cntnap_neg,OFT-0495-00,slow,370,4.092767461642865,0.9971910112359551,0.9971910112359551,2.39640732561718,3.046351709971657
Cntnap_neg,OFT-0497-00,fast,371,4.581168892796689,0.9971910112359551,0.9971910112359551,2.4300868947241123,3.0874678821632577
Cntnap_neg,OFT-0497-00,medium,372,4.488015325684553,0.9971910112359551,0.9971910112359551,2.6038308840799713,3.202227122531234
Cntnap_neg,OFT-0497-00,slow,373,4.115395723705868,1.050561797752809,1.050561797752809,2.37185246033166,3.03191897975585
Cntnap_neg,OFT-0504-00,fast,374,4.546152899014318,0.9971910112359551,0.9971910112359551,2.581233579147563,3.201957847614908
Cntnap_neg,OFT-0504-00,medium,375,4.418384915032797,0.9971910112359551,0.9971910112359551,2.485691487108319,3.1503250854887823
Cntnap_neg,OFT-0504-00,slow,376,4.105242732381237,1.050561797752809,1.050561797752809,2.291728232042513,2.9078982207817345
Cntnap_neg,OFT-0509-00,fast,377,4.85127701911025,0.9971910112359551,0.9971910112359551,2.5476434303347903,3.243518624649422
Cntnap_neg,OFT-0509-00,medium,378,4.542055172213708,0.9971910112359551,0.9971910112359551,2.6343404161586306,3.276395799012066
Cntnap_neg,OFT-0509-00,slow,379,4.233723040164014,0.9971910112359551,0.9971910112359551,2.4951603538726466,3.2063611067716065
Cntnap_neg,OFT-0515-00,slow,380,3.9162288072132347,0.9971910112359551,0.9971910112359551,2.24845787330161,2.8677711420892074
Cntnap_neg,OFT-0515-00,medium,381,4.34718036547667,0.9971910112359551,0.9971910112359551,2.3482423206070595,3.0829587942832
Cntnap_neg,OFT-0515-00,fast,382,4.3658472565176165,0.9971910112359551,0.9971910112359551,2.3581031755509723,3.034000331206112
Cntnap_neg,OFT-0524-00,slow,383,4.0360935881381135,0.9971910112359551,0.9971910112359551,2.365357708811497,3.0290554356643975
Cntnap_neg,OFT-0524-00,medium,384,4.4544393205308,0.9971910112359551,0.9971910112359551,2.4648078888985596,3.137549906413404
Cntnap_neg,OFT-0524-00,fast,385,4.310152584185582,0.9971910112359551,0.9971910112359551,2.296431867886339,3.01680210009017
Cntnap_neg,OFT-0528-00,fast,386,4.4506369919421545,0.9971910112359551,0.9971910112359551,2.454053600881125,3.074900048512086
Cntnap_neg,OFT-0528-00,medium,387,4.310707015713419,0.9971910112359551,0.9971910112359551,2.259657761256035,3.010984825659763
Cntnap_neg,OFT-0528-00,slow,388,3.9619358450458115,0.9971910112359551,0.9971910112359551,2.3073242242927283,2.876952244178399
Cntnap_neg,OFT-0543-00,medium,389,4.484781453492129,0.9971910112359551,0.9971910112359551,2.31216057544588,3.0902731838222954
Cntnap_neg,OFT-0543-00,fast,390,4.254187719844039,0.9971910112359551,0.9971910112359551,2.3507643251231234,3.0575689652626927
Cntnap_neg,OFT-0543-00,slow,391,4.066167366726171,0.9971910112359551,0.9971910112359551,2.510792620265676,3.1803698965373304
Cntnap_neg,OFT-0547-00,slow,392,4.083142660231399,0.9971910112359551,0.9971910112359551,2.327908300158637,2.9788681462421773
Cntnap_neg,OFT-0547-00,medium,393,4.1226082626346505,0.9971910112359551,0.9971910112359551,2.2419687210012857,2.9234930852507217
Cntnap_neg,OFT-0547-00,fast,394,4.4334884892267095,0.9971910112359551,0.9971910112359551,2.363280931088236,3.0414971338204886
Cntnap_neg,OFT-0549-00,slow,395,4.081640492101764,0.9971910112359551,0.9971910112359551,2.3399202823258825,3.0003064664742816
Cntnap_neg,OFT-0549-00,fast,396,4.311506985855787,0.9971910112359551,0.9971910112359551,2.2241457127902335,2.896832371203621
Cntnap_neg,OFT-0549-00,medium,397,4.323042141517155,0.9971910112359551,0.9971910112359551,2.3695838564864755,3.0297651932140575
Cntnap_neg,OFT-0582-00,slow,398,4.431264789946811,0.9971910112359551,0.9971910112359551,2.3413639543132865,3.1101933861490068
Cntnap_neg,OFT-0582-00,medium,399,4.441997567002515,0.9971910112359551,0.9971910112359551,2.502226229816173,3.1691062121843614
Cntnap_neg,OFT-0582-00,fast,400,4.365136518627103,0.9971910112359551,0.9971910112359551,2.300091347176002,2.953308041666707
Cntnap_neg,OFT-0585-00,slow,401,4.073272435690768,0.9971910112359551,0.9971910112359551,2.3351416434341425,2.981318177249152
Cntnap_neg,OFT-0585-00,medium,402,4.188702449998019,0.9971910112359551,0.9971910112359551,2.248489023114477,2.96671638831293
Cntnap_neg,OFT-0585-00,fast,403,4.3807181543747955,0.9971910112359551,0.9971910112359551,2.325515330303627,3.052495743729532
Cntnap_neg,OFT-0598-00,fast,404,4.459068381814925,0.9971910112359551,0.9971910112359551,2.303565772396667,3.0350845554666708
Cntnap_neg,OFT-0598-00,slow,405,4.187586960857366,0.9971910112359551,0.9971910112359551,2.257713528194308,2.9050493452253106
Cntnap_neg,OFT-0598-00,medium,406,4.458906385230587,0.9971910112359551,0.9971910112359551,2.2681961969542996,2.992539075764955
Cntnap_neg,OFT-0606-00,fast,407,4.5550519920705765,0.9971910112359551,0.9971910112359551,2.3860271899991665,3.123828330141794
Cntnap_neg,OFT-0606-00,slow,408,4.261920510994981,0.9971910112359551,0.9971910112359551,2.3175062965356705,3.034634734686048
Cntnap_neg,OFT-0606-00,medium,409,4.495601259275915,0.9971910112359551,0.9971910112359551,2.501825602589226,3.135771727102468
Cntnap_neg,OFT-0612-00,fast,410,4.5988900777272415,0.9971910112359551,0.9971910112359551,2.483794995933611,3.1277200528105737
Cntnap_neg,OFT-0612-00,slow,411,4.302880024131031,0.9971910112359551,0.9971910112359551,2.3968268862483857,3.1306640003509805
Cntnap_neg,OFT-0612-00,medium,412,4.31032406399703,0.9971910112359551,0.9971910112359551,2.3409982897058543,2.9574796610211895
Cntnap_neg,OFT-0642-00,slow,413,4.001080826396198,0.9971910112359551,0.9971910112359551,2.236893145406664,2.8922957510779144
Cntnap_neg,OFT-0642-00,medium,414,4.427065854283683,0.9971910112359551,0.9971910112359551,2.408047259645942,3.0838696202983504
Cntnap_neg,OFT-0642-00,fast,415,4.510688221885511,0.9971910112359551,0.9971910112359551,2.326138462549086,3.0948155354007953
Cntnap_neg,OFT-0646-00,slow,416,3.9433184249878757,1.050561797752809,1.050561797752809,2.3432987945137618,2.9226520573314754
Cntnap_neg,OFT-0646-00,medium,417,4.210673039545939,0.9971910112359551,0.9971910112359551,2.2615385730372437,2.9206768913927004
Cntnap_neg,OFT-0646-00,fast,418,4.532431305940412,0.9971910112359551,0.9971910112359551,2.3884121759500236,3.1053939664414436
Cntnap_neg,OFT-0651-00,slow,419,3.8375332322040827,1.050561797752809,1.050561797752809,2.197854224609368,2.833259309110586
Cntnap_neg,OFT-0651-00,medium,420,4.306254349103418,0.9971910112359551,0.9971910112359551,2.389121284596953,3.0205236570008593
Cntnap_neg,OFT-0651-00,fast,421,4.514762646711477,0.9971910112359551,0.9971910112359551,2.3520349969918235,3.0250161824520365
Cntnap_neg,OFT-0655-00,slow,422,4.332080956266247,0.9971910112359551,0.9971910112359551,2.382595220433767,3.098138463912258
Cntnap_neg,OFT-0655-00,medium,423,4.295923493004026,0.9971910112359551,0.9971910112359551,2.314472420276696,2.9607381654287677
Cntnap_neg,OFT-0655-00,fast,424,4.47672646663347,0.9971910112359551,0.9971910112359551,2.366864836546844,3.064657867772073
Cntnap_neg,OFT-0663-00,fast,425,4.624280938604518,0.9971910112359551,0.9971910112359551,2.4214969148544054,3.1213531855144425
Cntnap_neg,OFT-0663-00,medium,426,4.749994569721023,0.9971910112359551,0.9971910112359551,2.5199791731664383,3.2091255098002445
Cntnap_neg,OFT-0663-00,slow,427,4.326550515693042,0.9971910112359551,0.9971910112359551,2.5867245444868456,3.1987578388934024
Cntnap_neg,OFT-0667-00,medium,428,4.313586457379065,0.9971910112359551,0.9971910112359551,2.3656264636479816,2.9921398025064745
Cntnap_neg,OFT-0667-00,slow,429,4.2208472303192535,0.9971910112359551,0.9971910112359551,2.3290369394959276,2.9949798015450346
Cntnap_neg,OFT-0667-00,fast,430,4.464640106958689,0.9971910112359551,0.9971910112359551,2.3714342652711355,3.0404405117256563
Cntnap_neg,OFT-0677-00,fast,431,4.4424089364460535,0.9971910112359551,0.9971910112359551,2.316981255896708,3.0312989905276244
Cntnap_neg,OFT-0677-00,medium,432,4.133897978337864,0.9971910112359551,0.9971910112359551,2.289384828815613,2.9479550712509606
Cntnap_neg,OFT-0677-00,slow,433,4.37074821315676,0.9971910112359551,0.9971910112359551,2.3941866163565746,3.14746626805098
Cntnap_neg,OFT-0686-00,fast,434,4.514830138821438,0.9971910112359551,0.9971910112359551,2.2479488530831704,3.0116476901889375
Cntnap_neg,OFT-0686-00,medium,435,4.646471007853687,0.9971910112359551,0.9971910112359551,2.5396598844034317,3.238111815687931
Cntnap_neg,OFT-0686-00,slow,436,4.543298530632451,0.9971910112359551,0.9971910112359551,2.526278083693389,3.2347338179722915
Cntnap_neg,OFT-0688-00,slow,437,3.9887850979182544,0.9971910112359551,0.9971910112359551,2.3282299177125814,2.953448410079528
Cntnap_neg,OFT-0688-00,medium,438,4.586742929682531,0.9971910112359551,0.9971910112359551,2.375985502914685,3.112537700713511
Cntnap_neg,OFT-0688-00,fast,439,4.409184933534529,0.9971910112359551,0.9971910112359551,2.2952535626560886,3.005781109501696
Cntnap_neg,OFT-0689-00,medium,440,4.313536086994248,0.9971910112359551,0.9971910112359551,2.4316373973628984,3.0271574960837553
Cntnap_neg,OFT-0689-00,slow,441,4.206491421219329,0.9971910112359551,0.9971910112359551,2.274309180303124,2.8976292239982953
Cntnap_neg,OFT-0689-00,fast,442,4.533802451856454,0.9971910112359551,0.9971910112359551,2.403144439837285,3.116602851004938
Cntnap_neg,OFT-0690-00,slow,443,4.132704190843796,0.9971910112359551,0.9971910112359551,2.3799790673992063,2.9981039957944926
Cntnap_neg,OFT-0690-00,medium,444,4.070263791051141,0.9971910112359551,0.9971910112359551,2.2180041922343845,2.8463667409201068
Cntnap_neg,OFT-0690-00,fast,445,4.456161904428545,0.9971910112359551,0.9971910112359551,2.4270455285178354,3.045080634605531
Cntnap_neg,OFT-0691-00,slow,446,4.214885395459726,0.9971910112359551,0.9971910112359551,2.342649737157987,3.0086312941468334
Cntnap_neg,OFT-0691-00,fast,447,4.199922678426419,0.9971910112359551,0.9971910112359551,2.1300651502325856,2.846047116313218
Cntnap_neg,OFT-0691-00,medium,448,4.367666399177663,0.9971910112359551,0.9971910112359551,2.36589825343915,2.999449388499965
Cntnap_neg,OFT-0692-00,slow,449,3.843302183463081,1.050561797752809,1.050561797752809,2.1635109722551378,2.819861837583754
Cntnap_neg,OFT-0692-00,fast,450,4.327343187205877,0.9971910112359551,0.9971910112359551,2.2677440538694253,2.9501470147844553
Cntnap_neg,OFT-0692-00,medium,451,4.448662339868626,0.9971910112359551,0.9971910112359551,2.4531432049303383,3.1450588145015974
Cntnap_neg,OFT-0695-00,medium,452,4.0162349264834765,0.9971910112359551,0.9971910112359551,2.169507333055163,2.834489614031736
Cntnap_neg,OFT-0695-00,fast,453,4.366009881376305,0.9971910112359551,0.9971910112359551,2.2338258314673562,2.953336971819789
Cntnap_neg,OFT-0695-00,slow,454,4.102200181777554,0.9971910112359551,0.9971910112359551,2.3901380762907074,2.9958778525085137
Cntnap_neg,OFT-0696-00,fast,455,4.5992107949965435,0.9971910112359551,0.9971910112359551,2.4027188873086094,3.118690486134653
Cntnap_neg,OFT-0696-00,slow,456,4.213306118343653,1.050561797752809,1.050561797752809,2.5248017805492484,3.143277667121851
Cntnap_neg,OFT-0696-00,medium,457,4.3299489909515785,0.9971910112359551,0.9971910112359551,2.4440308845458265,3.1144165579803267
Cntnap_neg,OFT-0697-00,medium,458,4.64441822463795,0.9971910112359551,0.9971910112359551,2.4926321270421066,3.216373102993136
Cntnap_neg,OFT-0697-00,fast,459,4.510227822832302,0.9971910112359551,0.9971910112359551,2.3923827080295257,3.11346001447117
Cntnap_neg,OFT-0697-00,slow,460,4.290782601258241,0.9971910112359551,0.9971910112359551,2.4020640076585518,3.0569612354409514
Cntnap_neg,OFT-0698-00,fast,461,4.366603484737532,0.9971910112359551,0.9971910112359551,2.3391955441464893,2.961908502221206
Cntnap_neg,OFT-0698-00,medium,462,4.35835725221442,0.9971910112359551,0.9971910112359551,2.272869975323484,2.9496055112884103
Cntnap_neg,OFT-0698-00,slow,463,4.17672498910844,0.9971910112359551,0.9971910112359551,2.2837143516396163,2.917062368267392
Cntnap_neg,OFT-0699-00,fast,464,4.445150866430294,0.9971910112359551,0.9971910112359551,2.343073620887537,3.0640809775707285
Cntnap_neg,OFT-0699-00,medium,465,4.268025697502817,0.9971910112359551,0.9971910112359551,2.3295140652741866,2.968239475713868
Cntnap_neg,OFT-0699-00,slow,466,4.261350888270599,0.9971910112359551,0.9971910112359551,2.4123959628400544,3.0388907420160587
Cntnap_neg,OFT-0700-00,fast,467,4.436196296239624,0.9971910112359551,0.9971910112359551,2.3930226789882516,3.017649750961779
Cntnap_neg,OFT-0700-00,slow,468,4.060977254443674,1.050561797752809,1.050561797752809,2.3901314572933297,2.995100423245307
Cntnap_neg,OFT-0700-00,medium,469,4.566677827073745,0.9971910112359551,0.9971910112359551,2.316960603573514,2.9991457091495146
Cntnap_neg,OFT-0701-00,fast,470,4.537517968617283,0.9971910112359551,0.9971910112359551,2.3377569834169263,3.065814317650907
Cntnap_neg,OFT-0701-00,medium,471,4.622892716180887,0.9971910112359551,0.9971910112359551,2.469422685153334,3.121914025974974
Cntnap_neg,OFT-0701-00,slow,472,4.091881976926055,0.9971910112359551,0.9971910112359551,2.4158309590230345,2.989653158649119
Cntnap_neg,OFT-0703-00,fast,473,4.545525368044067,0.9971910112359551,0.9971910112359551,2.376742249337641,3.0930431787858454
Cntnap_neg,OFT-0703-00,slow,474,4.394478050402235,0.9971910112359551,0.9971910112359551,2.3938902449208066,3.0603140728311873
Cntnap_neg,OFT-0703-00,medium,475,4.540834727623921,0.9971910112359551,0.9971910112359551,2.2910984355853365,3.0136005269747983
Cntnap_neg,OFT-0704-00,fast,476,4.144087427627488,0.9971910112359551,0.9971910112359551,2.2470904415407706,2.8515699095591573
Cntnap_neg,OFT-0704-00,slow,477,4.2391372533760325,1.050561797752809,1.050561797752809,2.506251270823181,3.1579088030453213
Cntnap_neg,OFT-0704-00,medium,478,4.087093562391448,0.9971910112359551,0.9971910112359551,2.2498467021195254,2.9476856124418136
Cntnap_neg,OFT-0705-00,fast,479,4.539391344912277,0.9971910112359551,0.9971910112359551,2.3963676792955,3.0557357327371006
Cntnap_neg,OFT-0705-00,medium,480,4.602708153454543,0.9971910112359551,0.9971910112359551,2.380230803860431,3.117463599693273
Cntnap_neg,OFT-0705-00,slow,481,4.121119391443421,0.9971910112359551,0.9971910112359551,2.3600354056982873,3.0615649998823233
Cntnap_neg,OFT-0706-00,fast,482,4.550991918212469,0.9971910112359551,0.9971910112359551,2.427293704044995,3.0926007922106815
Cntnap_neg,OFT-0706-00,medium,483,4.335258350831259,0.9971910112359551,0.9971910112359551,2.3528917702845855,3.048062425557188
Cntnap_neg,OFT-0706-00,slow,484,3.8172487059952953,0.9971910112359551,0.9971910112359551,2.384421081389813,2.934357182314139
Cntnap_neg,OFT-0707-00,fast,485,4.507114167621124,0.9971910112359551,0.9971910112359551,2.288771979562049,3.0803680389976713
Cntnap_neg,OFT-0707-00,slow,486,4.365464525443678,0.9971910112359551,0.9971910112359551,2.552402988902077,3.221160351419352
Cntnap_neg,OFT-0707-00,medium,487,4.165725083324379,0.9971910112359551,0.9971910112359551,2.0714195071841734,2.7718162677399376
Cntnap_neg,OFT-0709-00,fast,488,4.761895218746941,0.9971910112359551,0.9971910112359551,2.4538827332589053,3.1598565401602845
Cntnap_neg,OFT-0709-00,slow,489,4.292027966113801,0.9971910112359551,0.9971910112359551,2.473401365734545,3.0954377506924264
Cntnap_neg,OFT-0709-00,medium,490,4.513588362410827,0.9971910112359551,0.9971910112359551,2.381842446656403,3.059279740516145
Cntnap_neg,OFT-0710-00,fast,491,4.460648344516803,0.9971910112359551,0.9971910112359551,2.338715977290403,3.0519346999560466
Cntnap_neg,OFT-0710-00,medium,492,4.412193814688726,0.9971910112359551,0.9971910112359551,2.391657688976445,3.0729180538392513
Cntnap_neg,OFT-0710-00,slow,493,4.2976405168686656,0.9971910112359551,0.9971910112359551,2.4932043291845813,3.121559009890417
Cntnap_neg,OFT-0711-00,fast,494,4.637024738742098,0.9971910112359551,0.9971910112359551,2.55568826284582,3.223316112077398
Cntnap_neg,OFT-0711-00,slow,495,4.343533701900004,0.9971910112359551,0.9971910112359551,2.4824298371446405,3.1645917548833955
Cntnap_neg,OFT-0711-00,medium,496,4.30466931913276,0.9971910112359551,0.9971910112359551,2.4145642508781786,3.030005440614847
TSC_het,OFT-0361-00,slow,497,4.107878176765582,0.9971910112359551,0.9971910112359551,2.4173558982492644,3.0690473918238728
TSC_het,OFT-0361-00,fast,498,4.323955630030868,0.9971910112359551,0.9971910112359551,2.3113965892481962,2.9876939287478463
TSC_het,OFT-0361-00,medium,499,4.297537022728411,0.9971910112359551,0.9971910112359551,2.3538118918300097,3.020725428844789
TSC_het,OFT-0373-00,fast,500,4.732807038227064,0.9971910112359551,0.9971910112359551,2.437807118448849,3.1461373999040263
TSC_het,OFT-0373-00,medium,501,4.211962522552406,0.9971910112359551,0.9971910112359551,2.3613796595393195,3.064491900033245
TSC_het,OFT-0373-00,slow,502,4.2331345833904654,0.9971910112359551,0.9971910112359551,2.393567939251493,3.0848452241773696
TSC_het,OFT-0378-00,fast,503,4.571010383956778,0.9971910112359551,0.9971910112359551,2.5370560073383395,3.243930322288285
TSC_het,OFT-0378-00,slow,504,4.3888932069060145,0.9971910112359551,0.9971910112359551,2.5716193924520336,3.191600452799929
TSC_het,OFT-0378-00,medium,505,4.5122985024265025,0.9971910112359551,0.9971910112359551,2.681258827313578,3.317533699658314
TSC_het,OFT-0387-00,fast,506,4.562247303214016,0.9971910112359551,0.9971910112359551,2.2398155299852913,3.051252985950572
TSC_het,OFT-0387-00,medium,507,4.849961288574459,0.9971910112359551,0.9971910112359551,2.6188085225313866,3.359463494406739
TSC_het,OFT-0387-00,slow,508,4.372208643657326,0.9971910112359551,0.9971910112359551,2.5818758065567833,3.2731454167338625
TSC_het,OFT-0392-00,fast,509,4.297640753305197,0.9971910112359551,0.9971910112359551,2.539826072772126,3.2176980143394185
TSC_het,OFT-0392-00,slow,510,4.464349379274809,1.050561797752809,1.050561797752809,2.7020051447014968,3.392263425408057
TSC_het,OFT-0392-00,medium,511,4.16642912799526,0.9971910112359551,0.9971910112359551,2.5044968058889294,3.1508461708201594
TSC_het,OFT-0393-00,slow,512,4.479395917112506,0.9971910112359551,0.9971910112359551,2.546135949497571,3.197714856832661
TSC_het,OFT-0393-00,fast,513,4.680761857485731,0.9971910112359551,0.9971910112359551,2.501294172667022,3.1724919998406595
TSC_het,OFT-0393-00,medium,514,4.38300317067309,0.9971910112359551,0.9971910112359551,2.346182568270931,3.0346625288520044
TSC_het,OFT-0396-00,fast,515,4.391375536741665,0.9971910112359551,0.9971910112359551,2.374921829205249,3.007848512710102
TSC_het,OFT-0396-00,medium,516,4.440405669615939,0.9971910112359551,0.9971910112359551,2.5058812820760177,3.1877069077121116
TSC_het,OFT-0396-00,slow,517,4.418086038301046,1.050561797752809,1.050561797752809,2.7118478422709535,3.3920446324267375
TSC_het,OFT-0397-00,medium,518,4.713932067330982,0.9971910112359551,0.9971910112359551,2.690330062624982,3.297810177586394
TSC_het,OFT-0397-00,fast,519,4.515267104559145,0.9971910112359551,0.9971910112359551,2.3929703972166356,3.1143754708264457
TSC_het,OFT-0397-00,slow,520,4.342188413984729,0.9971910112359551,0.9971910112359551,2.5894793596391366,3.176857191326735
TSC_het,OFT-0408-00,fast,521,5.2663129944300735,0.9971910112359551,0.9971910112359551,2.715505440222865,3.3116621598685234
TSC_het,OFT-0408-00,medium,522,4.576054437795749,0.9971910112359551,0.9971910112359551,2.7247948144920326,3.450559515795054
TSC_het,OFT-0408-00,slow,523,4.089988682668332,1.050561797752809,1.050561797752809,2.6257126964514073,3.112601071525186
TSC_het,OFT-0409-00,fast,524,4.565387980941948,0.9971910112359551,0.9971910112359551,2.291636212027507,3.0356276524934267
TSC_het,OFT-0409-00,slow,525,4.268974358831818,0.9971910112359551,0.9971910112359551,2.357874029632509,2.9775531186115636
TSC_het,OFT-0409-00,medium,526,4.363203497757515,0.9971910112359551,0.9971910112359551,2.5604537115488677,3.1900162647785892
TSC_het,OFT-0413-00,fast,527,4.942158488629863,0.9971910112359551,0.9971910112359551,2.520413599517844,3.218313639426807
TSC_het,OFT-0413-00,medium,528,4.643605551219904,0.9971910112359551,0.9971910112359551,2.629392467423136,3.30243756016438
TSC_het,OFT-0413-00,slow,529,4.436253419416235,0.9971910112359551,0.9971910112359551,2.5074219134183147,3.161884006081195
TSC_het,OFT-0459-00,slow,530,4.168011968821376,1.050561797752809,1.050561797752809,2.4811657005908376,3.129076329318484
TSC_het,OFT-0459-00,medium,531,4.227167259305741,0.9971910112359551,0.9971910112359551,2.512450601428531,3.0764931871148944
TSC_het,OFT-0459-00,fast,532,4.522975223601018,0.9971910112359551,0.9971910112359551,2.4418362144085686,3.08940890165493
TSC_het,OFT-0462-00,slow,533,4.150136664006723,1.050561797752809,1.050561797752809,2.380202113754241,3.0750337968838832
TSC_het,OFT-0462-00,fast,534,4.487946006018169,0.9971910112359551,0.9971910112359551,2.3380471415904416,3.013711729581595
TSC_het,OFT-0462-00,medium,535,4.49304677253586,0.9971910112359551,0.9971910112359551,2.34004726934159,3.019762150267741
TSC_het,OFT-0467-00,fast,536,4.827478230062759,0.9971910112359551,0.9971910112359551,2.5007657504789336,3.205519556486574
TSC_het,OFT-0467-00,medium,537,4.543559542008725,0.9971910112359551,0.9971910112359551,2.534279028769256,3.1573174292311816
TSC_het,OFT-0467-00,slow,538,4.257573831497278,0.9971910112359551,0.9971910112359551,2.454577483141623,3.113278104874351
TSC_het,OFT-0470-00,medium,539,4.402997197785335,0.9971910112359551,0.9971910112359551,2.3812698967049806,3.0348058203655803
TSC_het,OFT-0470-00,fast,540,4.6880317787670345,0.9971910112359551,0.9971910112359551,2.5605489361383844,3.234432874536523
TSC_het,OFT-0470-00,slow,541,4.515271775516527,0.9971910112359551,0.9971910112359551,2.463540203893577,3.1073822430089106
TSC_het,OFT-0475-00,slow,542,4.512727239256517,0.9971910112359551,0.9971910112359551,2.7963816156637193,3.3619067805517635
TSC_het,OFT-0475-00,fast,543,4.487637196848876,0.9971910112359551,0.9971910112359551,2.4313265325957407,3.113774993677145
TSC_het,OFT-0475-00,medium,544,4.884691062130858,0.9971910112359551,0.9971910112359551,2.4983591910920535,3.083012649358426
TSC_het,OFT-0480-00,fast,545,4.587450693313364,0.9971910112359551,0.9971910112359551,2.5782145401224343,3.221045261240502
TSC_het,OFT-0480-00,slow,546,4.280283546616861,0.9971910112359551,0.9971910112359551,2.6025148643805105,3.2260581789780693
TSC_het,OFT-0480-00,medium,547,4.80998290366348,0.9971910112359551,0.9971910112359551,2.559234311182753,3.2290478066801716
TSC_het,OFT-0485-00,fast,548,5.003758009473768,0.9971910112359551,0.9971910112359551,2.6631290234619764,3.317368232463617
TSC_het,OFT-0485-00,medium,549,4.61382561217537,0.9971910112359551,0.9971910112359551,2.448189195358433,3.1446613030119344
TSC_het,OFT-0485-00,slow,550,4.3493293582065435,0.9971910112359551,0.9971910112359551,2.426470650585637,3.114302931862672
TSC_het,OFT-0489-00,medium,551,4.276685622832919,0.9971910112359551,0.9971910112359551,2.447798060636308,3.0790451600171447
TSC_het,OFT-0489-00,fast,552,4.253260505033333,0.9971910112359551,0.9971910112359551,2.511922299529243,3.1055048440703055
TSC_het,OFT-0489-00,slow,553,4.188356337646221,1.050561797752809,1.050561797752809,2.5850131944902377,3.2069757232131493
TSC_het,OFT-0513-00,slow,554,4.386698998282423,0.9971910112359551,0.9971910112359551,2.616161024904315,3.17015789919431
TSC_het,OFT-0513-00,medium,555,4.172299360909675,0.9971910112359551,0.9971910112359551,2.499411587772887,3.1120045109911576
TSC_het,OFT-0513-00,fast,556,5.223929989079658,0.9971910112359551,0.9971910112359551,2.432492166151761,3.1543257967205642
TSC_het,OFT-0514-00,slow,557,4.299640249523173,0.9971910112359551,0.9971910112359551,2.421234869860255,3.1383406635371074
TSC_het,OFT-0514-00,medium,558,4.523428406015638,0.9971910112359551,0.9971910112359551,2.362008702571072,3.0529141686138637
TSC_het,OFT-0514-00,fast,559,4.837956928165908,0.9971910112359551,0.9971910112359551,2.353578565719809,3.067885584219474
TSC_het,OFT-0525-00,slow,560,4.380694975817767,0.9971910112359551,0.9971910112359551,2.497573328999549,3.1856308986730384
TSC_het,OFT-0525-00,medium,561,4.137575020359751,0.9971910112359551,0.9971910112359551,2.1536144698724713,2.784677203442404
TSC_het,OFT-0525-00,fast,562,4.23038611182333,0.9971910112359551,0.9971910112359551,2.222460520687121,2.8971990829184593
TSC_het,OFT-0526-00,medium,563,4.3660733439098465,0.9971910112359551,0.9971910112359551,2.4417448682347516,3.06386197109093
TSC_het,OFT-0526-00,slow,564,4.245299343553887,0.9971910112359551,0.9971910112359551,2.5165961570922484,3.099009411454907
TSC_het,OFT-0526-00,fast,565,4.467655240778249,0.9971910112359551,0.9971910112359551,2.4753857892761095,3.070480607553263
TSC_het,OFT-0531-00,medium,566,4.490810818141467,0.9971910112359551,0.9971910112359551,2.3879815716842296,2.9843126003047145
TSC_het,OFT-0531-00,fast,567,4.884295448114084,0.9971910112359551,0.9971910112359551,2.6229533161888043,3.2654579673094775
TSC_het,OFT-0531-00,slow,568,4.142522892565572,0.9971910112359551,0.9971910112359551,2.4091630534632587,3.0981687404695686
TSC_het,OFT-0532-00,medium,569,4.817131213013096,0.9971910112359551,0.9971910112359551,2.797853837613215,3.3690109438677887
TSC_het,OFT-0532-00,slow,570,4.23523625662635,0.9971910112359551,0.9971910112359551,2.490520124793347,3.1382625800349935
TSC_het,OFT-0532-00,fast,571,4.571834377925933,0.9971910112359551,0.9971910112359551,2.433814713662794,3.1265742983084457
TSC_het,OFT-0536-00,medium,572,4.3610131347128975,0.9971910112359551,0.9971910112359551,2.352264774820388,2.973833043905666
TSC_het,OFT-0536-00,fast,573,4.804034379050745,0.9971910112359551,0.9971910112359551,2.620258461826237,3.2920912782604885
TSC_het,OFT-0536-00,slow,574,4.2244813103151,0.9971910112359551,0.9971910112359551,2.5060568631179647,3.0769726011492535
TSC_het,OFT-0537-00,medium,575,4.595076317781427,0.9971910112359551,0.9971910112359551,2.679668865674256,3.2103615706270863
TSC_het,OFT-0537-00,fast,576,4.900621764983345,0.9971910112359551,0.9971910112359551,2.4306712689370724,3.0888261591902806
TSC_het,OFT-0537-00,slow,577,4.456040607444742,0.9971910112359551,0.9971910112359551,2.6069943807269294,3.2255512649187295
TSC_het,OFT-0544-00,medium,578,4.076927439671365,0.9971910112359551,0.9971910112359551,2.226940798925089,2.8812650274423364
TSC_het,OFT-0544-00,fast,579,4.626516901919436,0.9971910112359551,0.9971910112359551,2.503610846425941,3.175184699932103
TSC_het,OFT-0544-00,slow,580,4.1696090143675555,0.9971910112359551,0.9971910112359551,2.4364109033892656,3.051313826099849
TSC_het,OFT-0588-00,medium,581,4.4970066542167135,0.9971910112359551,0.9971910112359551,2.4975751262540635,3.1479989399768336
TSC_het,OFT-0588-00,fast,582,4.489529029433609,0.9971910112359551,0.9971910112359551,2.3415872508129305,2.986083866923252
TSC_het,OFT-0588-00,slow,583,4.08140866028946,0.9971910112359551,0.9971910112359551,2.5177666823255094,3.0645613918710346
TSC_het,OFT-0589-00,slow,584,4.315294970605447,0.9971910112359551,0.9971910112359551,2.6319530231567683,3.251811613100529
TSC_het,OFT-0589-00,medium,585,3.932720321890387,0.9971910112359551,0.9971910112359551,2.25299247281378,2.9427624393363563
TSC_het,OFT-0589-00,fast,586,3.626583890176378,0.9971910112359551,0.9971910112359551,2.2119245133626526,2.79417976409349
TSC_het,OFT-0591-00,slow,587,4.252171103382156,1.050561797752809,1.050561797752809,2.5262341394952603,3.1358251899895886
TSC_het,OFT-0591-00,medium,588,4.143509739865739,0.9971910112359551,0.9971910112359551,2.507291932505955,3.0850718220520306
TSC_het,OFT-0591-00,fast,589,4.375163444102041,0.9971910112359551,0.9971910112359551,2.453430559620829,3.1029214342288616
TSC_het,OFT-0592-00,fast,590,4.637313257864566,0.9971910112359551,0.9971910112359551,2.373077331310081,3.041301593592681
TSC_het,OFT-0592-00,medium,591,4.405096852335475,0.9971910112359551,0.9971910112359551,2.4624684105395644,3.123128442091189
TSC_het,OFT-0592-00,slow,592,4.408242185945745,0.9971910112359551,0.9971910112359551,2.6240340579608223,3.2056247814697594
TSC_het,OFT-0594-00,medium,593,5.009782874563017,0.9971910112359551,0.9971910112359551,2.3662460059509822,3.065053499312774
TSC_het,OFT-0594-00,fast,594,4.743189630471709,0.9971910112359551,0.9971910112359551,2.399550843961613,3.052228208746003
TSC_het,OFT-0594-00,slow,595,4.478952236916196,1.050561797752809,1.050561797752809,2.647858309142937,3.2621643404415788
TSC_het,OFT-0595-00,medium,596,4.282429999005397,1.050561797752809,1.050561797752809,2.4553700513997634,3.134877624449171
TSC_het,OFT-0595-00,slow,597,4.182192601438185,1.050561797752809,1.050561797752809,2.457415914039163,3.0562952395132785
TSC_het,OFT-0595-00,fast,598,4.697488827444327,0.9971910112359551,0.9971910112359551,2.481061092690989,3.144754696892471
TSC_het,OFT-0601-00,medium,599,4.543804870300799,0.9971910112359551,0.9971910112359551,2.420830224122384,3.003467955596911
TSC_het,OFT-0601-00,fast,600,4.787409325504277,0.9971910112359551,0.9971910112359551,2.4367547855094696,3.150071418411682
TSC_het,OFT-0601-00,slow,601,4.694086415558831,0.9971910112359551,0.9971910112359551,2.410417737924306,3.0585596056709776
TSC_het,OFT-0602-00,fast,602,4.33323133955008,0.9971910112359551,0.9971910112359551,2.3339269200034796,3.0458585729063485
TSC_het,OFT-0602-00,medium,603,4.718426352418912,0.9971910112359551,0.9971910112359551,2.436108758053842,3.076033806174398
TSC_het,OFT-0602-00,slow,604,4.478143712715511,0.9971910112359551,0.9971910112359551,2.6412019598062613,3.1948657265783074
TSC_het,OFT-0604-00,medium,605,4.2746654349006175,0.9971910112359551,0.9971910112359551,2.5107924296966257,3.1449226932383
TSC_het,OFT-0604-00,slow,606,5.702409702077724,1.050561797752809,1.050561797752809,2.519943271781603,3.2340321916868966
TSC_het,OFT-0604-00,fast,607,4.425329353243586,0.9971910112359551,0.9971910112359551,2.554098880053788,3.2258095891356615
TSC_het,OFT-0610-00,fast,608,5.174597857969036,0.9971910112359551,0.9971910112359551,2.6082704757492623,3.2756480785862907
TSC_het,OFT-0610-00,slow,609,4.19473539294337,0.9971910112359551,0.9971910112359551,2.4532530253645826,3.0522163589257993
TSC_het,OFT-0610-00,medium,610,4.898487702620587,0.9971910112359551,0.9971910112359551,2.6492614772226206,3.2960543323771363
TSC_het,OFT-0614-00,fast,611,4.516911227603641,0.9971910112359551,0.9971910112359551,2.576347620479668,3.2429926946771968
TSC_het,OFT-0614-00,medium,612,4.476571738082441,0.9971910112359551,0.9971910112359551,2.3352758669817084,3.027117704924902
TSC_het,OFT-0614-00,slow,613,4.445192549577108,0.9971910112359551,0.9971910112359551,2.6152979803556087,3.237909066328173
TSC_het,OFT-0617-00,slow,614,4.211725891054786,0.9971910112359551,0.9971910112359551,2.43835611315583,3.1481904660535034
TSC_het,OFT-0617-00,medium,615,4.487656108244049,0.9971910112359551,0.9971910112359551,2.465256455191212,3.143929865071982
TSC_het,OFT-0617-00,fast,616,4.166896946854283,0.9971910112359551,0.9971910112359551,2.2665606236534916,2.940033795476455
TSC_het,OFT-0620-00,slow,617,4.363056700530276,0.9971910112359551,0.9971910112359551,2.6713473239088033,3.2720029121719167
TSC_het,OFT-0620-00,fast,618,4.696129642043789,0.9971910112359551,0.9971910112359551,2.448659488575143,3.1181840642542844
TSC_het,OFT-0620-00,medium,619,4.448688565367337,0.9971910112359551,0.9971910112359551,2.467242204673055,3.1429179199454156
TSC_het,OFT-0621-00,slow,620,4.334644930807472,0.9971910112359551,0.9971910112359551,2.6097913368461927,3.2483755808867487
TSC_het,OFT-0621-00,medium,621,4.795611119320353,0.9971910112359551,0.9971910112359551,2.390204903615156,3.0894475734285725
TSC_het,OFT-0621-00,fast,622,4.55592192614103,0.9971910112359551,0.9971910112359551,2.4831723438902853,3.163410960717787
TSC_het,OFT-0624-00,slow,623,4.411423719804455,0.9971910112359551,0.9971910112359551,2.693622073425779,3.3479576768565886
TSC_het,OFT-0624-00,medium,624,4.59055163186571,0.9971910112359551,0.9971910112359551,2.574260885457391,3.1951025808451363
TSC_het,OFT-0624-00,fast,625,4.838084068503919,0.9971910112359551,0.9971910112359551,2.5648765907654982,3.26555161738947
TSC_het,OFT-0628-00,medium,626,4.6762458990512545,0.9971910112359551,0.9971910112359551,2.6261205954449705,3.2567804497593476
TSC_het,OFT-0628-00,slow,627,4.438945248573677,0.9971910112359551,0.9971910112359551,2.7123054593078626,3.3046272609496437
TSC_het,OFT-0628-00,fast,628,4.636384167425494,0.9971910112359551,0.9971910112359551,2.616073071483254,3.254692010178017
TSC_het,OFT-0630-00,medium,629,4.417917402849243,0.9971910112359551,0.9971910112359551,2.4083868328196343,3.1625637049839592
TSC_het,OFT-0630-00,slow,630,4.515618360404173,0.9971910112359551,0.9971910112359551,2.622133717067709,3.228310175713217
TSC_het,OFT-0630-00,fast,631,4.689772499418717,0.9971910112359551,0.9971910112359551,2.5636554957707762,3.138237845092301
TSC_het,OFT-0632-00,medium,632,4.996746024519729,0.9971910112359551,0.9971910112359551,2.72971447083738,3.311508534768647
TSC_het,OFT-0632-00,fast,633,4.749605988168429,0.9971910112359551,0.9971910112359551,2.7924681177360946,3.388987120178735
TSC_het,OFT-0632-00,slow,634,4.586129094542661,0.9971910112359551,0.9971910112359551,2.7456397069913203,3.318736263511031
TSC_het,OFT-0634-00,medium,635,4.70273134703234,0.9971910112359551,0.9971910112359551,2.65327058688674,3.223238827902642
TSC_het,OFT-0634-00,slow,636,4.349425725560209,0.9971910112359551,0.9971910112359551,2.6790370265213745,3.2567219870379667
TSC_het,OFT-0634-00,fast,637,4.527135902959268,0.9971910112359551,0.9971910112359551,2.4570511591860105,3.1035060973216684
TSC_het,OFT-0636-00,slow,638,3.99759713291659,1.050561797752809,1.050561797752809,2.2664024162202474,2.9086759679161607
TSC_het,OFT-0636-00,medium,639,4.547251911713719,0.9971910112359551,0.9971910112359551,2.3278388072226344,3.0548632392261603
TSC_het,OFT-0636-00,fast,640,4.679313728075386,0.9971910112359551,0.9971910112359551,2.347555728718352,3.058665280709468
TSC_het,OFT-0640-00,fast,641,4.385085884757867,0.9971910112359551,0.9971910112359551,2.5015376739530133,3.113848651357992
TSC_het,OFT-0640-00,slow,642,4.239631526013732,0.9971910112359551,0.9971910112359551,2.6479702963092064,3.214131635381911
TSC_het,OFT-0640-00,medium,643,4.442355090198196,0.9971910112359551,0.9971910112359551,2.6752317049878775,3.285813105209925
TSC_het,OFT-0647-00,slow,644,4.2396668578597065,0.9971910112359551,0.9971910112359551,2.3015373394294305,2.9920362191756427
TSC_het,OFT-0647-00,medium,645,4.57679271749637,0.9971910112359551,0.9971910112359551,2.565791689212026,3.2500875148094535
TSC_het,OFT-0647-00,fast,646,4.596886376828478,0.9971910112359551,0.9971910112359551,2.52490979305733,3.2711258265594823
TSC_het,OFT-0650-00,slow,647,4.48415221303581,0.9971910112359551,0.9971910112359551,2.4935737493113197,3.167144953127033
TSC_het,OFT-0650-00,fast,648,4.671628998981452,0.9971910112359551,0.9971910112359551,2.2650153198494354,3.0180437254861054
TSC_het,OFT-0650-00,medium,649,4.641652133904099,0.9971910112359551,0.9971910112359551,2.572308755509745,3.1970740669527324
TSC_het,OFT-0657-00,slow,650,4.354318067336192,0.9971910112359551,0.9971910112359551,2.7663676002270003,3.3573945214464627
TSC_het,OFT-0657-00,medium,651,4.4616187666116955,0.9971910112359551,0.9971910112359551,2.7009553490009175,3.2756969361736576
TSC_het,OFT-0657-00,fast,652,4.677633163814306,0.9971910112359551,0.9971910112359551,2.706349973248532,3.2989884569751826
TSC_het,OFT-0661-00,medium,653,4.240926845945407,1.050561797752809,1.050561797752809,2.576371695655628,3.2058333418620637
TSC_het,OFT-0661-00,fast,654,4.29760602637287,0.9971910112359551,0.9971910112359551,2.564851565172195,3.1848714145453583
TSC_het,OFT-0661-00,slow,655,4.370295699064909,1.050561797752809,1.050561797752809,2.651478382977209,3.2204768412633014
TSC_het,OFT-0668-00,fast,656,4.704844771156922,0.9971910112359551,0.9971910112359551,2.3499575325815,3.098723658654363
TSC_het,OFT-0668-00,slow,657,4.4044926780457665,0.9971910112359551,0.9971910112359551,2.351596806725316,3.071920319897695
TSC_het,OFT-0668-00,medium,658,4.504462891289801,0.9971910112359551,0.9971910112359551,2.4029015932262254,3.097147732831265
TSC_het,OFT-0670-00,medium,659,4.409108977536686,0.9971910112359551,0.9971910112359551,2.7263008467876273,3.3392314582725633
TSC_het,OFT-0670-00,slow,660,4.728900637653313,1.050561797752809,1.050561797752809,2.8627869805416584,3.4675172331012254
TSC_het,OFT-0670-00,fast,661,4.043567857455592,0.9971910112359551,0.9971910112359551,2.3224101883709145,2.9386405279439867
TSC_het,OFT-0674-00,slow,662,4.260581080137742,0.9971910112359551,0.9971910112359551,2.550289169664656,3.194770034023703
TSC_het,OFT-0674-00,fast,663,4.652669705862062,0.9971910112359551,0.9971910112359551,2.6971481420735994,3.2740046480093237
TSC_het,OFT-0674-00,medium,664,4.412865608538366,0.9971910112359551,0.9971910112359551,2.7461148412275693,3.3116422693021565
TSC_het,OFT-0678-00,medium,665,4.3679220039355044,1.050561797752809,1.050561797752809,2.683325369799996,3.300745145101334
TSC_het,OFT-0678-00,fast,666,4.345009253052898,0.9971910112359551,0.9971910112359551,2.7334777380428226,3.3335486019937455
TSC_het,OFT-0678-00,slow,667,4.568857240913407,1.050561797752809,1.050561797752809,2.693972190169812,3.2848663022546982
TSC_het,OFT-0683-00,medium,668,4.632324339638776,0.9971910112359551,0.9971910112359551,2.428532610851953,3.1198394173723405
TSC_het,OFT-0683-00,slow,669,4.171570051768881,0.9971910112359551,0.9971910112359551,2.373062837774532,3.032728697514122
TSC_het,OFT-0683-00,fast,670,4.554126070810513,0.9971910112359551,0.9971910112359551,2.344886593566799,3.0845956207371596
TSC_het,OFT-0693-00,slow,671,4.236011505994191,0.9971910112359551,0.9971910112359551,2.49330953422397,3.1684081494406415
TSC_het,OFT-0693-00,medium,672,4.508380363950833,0.9971910112359551,0.9971910112359551,2.5380364324126043,3.2355411144708657
TSC_het,OFT-0693-00,fast,673,4.622127210939951,0.9971910112359551,0.9971910112359551,2.5349400550514902,3.2278987635069507
TSC_het,OFT-0694-00,slow,674,4.288012156868632,0.9971910112359551,0.9971910112359551,2.463899047137523,3.1256594286547137
TSC_het,OFT-0694-00,medium,675,4.552781654369601,0.9971910112359551,0.9971910112359551,2.4050435496098825,3.0902662092668787
TSC_het,OFT-0694-00,fast,676,4.661164095805242,0.9971910112359551,0.9971910112359551,2.5510367688595057,3.177318006166956
TSC_het,OFT-0702-00,fast,677,4.6977499716839946,0.9971910112359551,0.9971910112359551,2.4070872784596773,3.1099724462126948
TSC_het,OFT-0702-00,slow,678,4.270791387848378,0.9971910112359551,0.9971910112359551,2.3556811976211613,3.0718069602647278
TSC_het,OFT-0702-00,medium,679,4.709525440317744,0.9971910112359551,0.9971910112359551,2.6236306771872,3.2572433420089055
TSC_het,OFT-0708-00,fast,680,4.717353697038132,0.9971910112359551,0.9971910112359551,2.6315638485919823,3.2075869668348895
TSC_het,OFT-0708-00,medium,681,4.664625678248401,0.9971910112359551,0.9971910112359551,2.5328849308478487,3.1803247821744667
TSC_het,OFT-0708-00,slow,682,4.473039769754273,0.9971910112359551,0.9971910112359551,2.5748898654806336,3.172989069499672
TSC_hom,OFT-0637-00,medium,683,4.405853221027596,0.9971910112359551,0.9971910112359551,2.4538259169571344,3.0480184669744737
TSC_hom,OFT-0637-00,fast,684,4.492193063450515,0.9971910112359551,0.9971910112359551,2.559070114875618,3.132994938591212
TSC_hom,OFT-0637-00,slow,685,4.018050644152231,1.050561797752809,1.050561797752809,2.4257717106828562,2.997478937313943
TSC_hom,OFT-0639-00,slow,686,3.946298119001083,1.050561797752809,1.050561797752809,2.4114918903803826,2.9320456370076933
TSC_hom,OFT-0639-00,fast,687,4.2510608750355425,0.9971910112359551,0.9971910112359551,2.463755852829107,3.1197141199600575
TSC_hom,OFT-0639-00,medium,688,4.259650117810466,0.9971910112359551,0.9971910112359551,2.3745247456028946,3.006104454620626
TSC_hom,OFT-0648-00,medium,689,3.9671070477984505,0.9971910112359551,0.9971910112359551,2.4654016611796328,2.952234052381725
TSC_hom,OFT-0648-00,fast,690,4.313775739967945,0.9971910112359551,0.9971910112359551,2.389416828101489,2.999249689386948
TSC_hom,OFT-0648-00,slow,691,4.305677127816227,1.050561797752809,1.050561797752809,2.652433082688374,3.23563960235464
TSC_hom,OFT-0649-00,slow,692,4.250860661961683,1.050561797752809,1.050561797752809,2.567703952660015,3.132027506396445
TSC_hom,OFT-0649-00,medium,693,4.666818966061056,0.9971910112359551,0.9971910112359551,2.6843509534984342,3.255864341293497
TSC_hom,OFT-0649-00,fast,694,4.335514123277874,0.9971910112359551,0.9971910112359551,2.377485672385963,2.972376913645628
TSC_hom,OFT-0658-00,slow,695,4.161215008713512,1.050561797752809,1.050561797752809,2.5733464605228438,3.162114546240326
TSC_hom,OFT-0658-00,medium,696,4.315874728688486,0.9971910112359551,0.9971910112359551,2.565172753491616,3.082949861265463
TSC_hom,OFT-0658-00,fast,697,4.384746752072012,0.9971910112359551,0.9971910112359551,2.3971945916907105,3.016083360848193
TSC_hom,OFT-0660-00,slow,698,4.307045094555962,1.050561797752809,1.050561797752809,2.582680147884953,3.1144403234460327
TSC_hom,OFT-0660-00,medium,699,4.259019276019101,0.9971910112359551,0.9971910112359551,2.4069397515347313,3.002441970961524
TSC_hom,OFT-0660-00,fast,700,4.422325820895844,0.9971910112359551,0.9971910112359551,2.602725459321771,3.2040858493188202
TSC_hom,OFT-0669-00,fast,701,4.261878724107692,0.9971910112359551,0.9971910112359551,2.3667691306385117,2.975010599290127
TSC_hom,OFT-0669-00,medium,702,4.5514060790446615,0.9971910112359551,0.9971910112359551,2.604117722158603,3.1443160623779134
TSC_hom,OFT-0669-00,slow,703,4.259272940693808,1.050561797752809,1.050561797752809,2.559045478915907,3.1248901717087394
TSC_hom,OFT-0673-00,slow,704,4.447350102002112,0.9971910112359551,0.9971910112359551,2.7179234136002064,3.280960492187747
TSC_hom,OFT-0673-00,medium,705,4.36505319712002,0.9971910112359551,0.9971910112359551,2.505998103314085,3.076993285483383
TSC_hom,OFT-0673-00,fast,706,4.604637690895702,0.9971910112359551,0.9971910112359551,2.410605617290403,3.074425847800646
TSC_hom,OFT-0679-00,slow,707,4.183346274946908,0.9971910112359551,0.9971910112359551,2.533576986327662,3.106138372475216
TSC_hom,OFT-0679-00,medium,708,4.637796642981043,0.9971910112359551,0.9971910112359551,2.6271101353142225,3.2167271685478203
TSC_hom,OFT-0679-00,fast,709,4.632370014044997,0.9971910112359551,0.9971910112359551,2.6610277065723467,3.2417173890060385
TSC_hom,OFT-0681-00,medium,710,4.597765688344572,0.9971910112359551,0.9971910112359551,2.768252670058129,3.2578330804500144
TSC_hom,OFT-0681-00,slow,711,4.398329460231649,0.9971910112359551,0.9971910112359551,2.7634841695074677,3.2805139476056504
TSC_hom,OFT-0681-00,fast,712,4.718286510277427,0.9971910112359551,0.9971910112359551,2.766913702611161,3.319424217670554
TSC_hom,OFT-0684-00,slow,713,4.257128084274676,1.050561797752809,1.050561797752809,2.6091710692624974,3.1747204181339996
TSC_hom,OFT-0684-00,fast,714,4.2539665107913,0.9971910112359551,0.9971910112359551,2.6435695597824616,3.2017929625738106
TSC_hom,OFT-0684-00,medium,715,4.568797582772282,0.9971910112359551,0.9971910112359551,2.704877499466284,3.2286084890695768
TSC_hom,OFT-0712-00,medium,716,4.19939735287614,1.050561797752809,1.050561797752809,2.497359000999166,3.141364464763492
TSC_hom,OFT-0712-00,slow,717,3.782623806321241,0.9971910112359551,0.9971910112359551,2.220552250651877,2.7323014109116097
TSC_hom,OFT-0712-00,fast,718,4.329469676843626,0.9971910112359551,0.9971910112359551,2.5424776474429795,3.11798285130083
TSC_hom,OFT-0713-00,slow,719,4.212503726022854,0.9971910112359551,0.9971910112359551,2.3958013504011366,3.099264564412906
TSC_hom,OFT-0713-00,fast,720,4.440177207368959,0.9971910112359551,0.9971910112359551,2.3641090735707846,3.0229114777889348
TSC_hom,OFT-0713-00,medium,721,4.2441556594595715,0.9971910112359551,0.9971910112359551,2.4415836104101065,3.1057523881599884
TSC_hom,OFT-0714-00,slow,722,4.163558481870439,0.9971910112359551,0.9971910112359551,2.506621765288456,3.1652917854151763
TSC_hom,OFT-0714-00,medium,723,4.157056331011864,0.9971910112359551,0.9971910112359551,2.2309717131898017,2.859014521082462
TSC_hom,OFT-0714-00,fast,724,4.52709638027652,0.9971910112359551,0.9971910112359551,2.4083786419659474,3.0431793519316073
TSC_hom,OFT-0715-00,slow,725,4.109639606610774,0.9971910112359551,0.9971910112359551,2.4725433599140736,3.0729764867439906
TSC_hom,OFT-0715-00,fast,726,4.669578345131605,0.9971910112359551,0.9971910112359551,2.5840643270509775,3.2595931932577344
TSC_hom,OFT-0715-00,medium,727,4.2443578856700706,0.9971910112359551,0.9971910112359551,2.430527586792271,3.0152654525482343
TSC_hom,OFT-0716-00,medium,728,4.53374799260263,0.9971910112359551,0.9971910112359551,2.5251449685361496,3.1964118836137154
TSC_hom,OFT-0716-00,fast,729,4.763169346562292,0.9971910112359551,0.9971910112359551,2.619961203637223,3.2421373690239177
TSC_hom,OFT-0716-00,slow,730,4.220638595154742,0.9971910112359551,0.9971910112359551,2.501327625737351,3.128420533441079
TSC_hom,OFT-0717-00,slow,731,4.41305224527958,0.9971910112359551,0.9971910112359551,2.550567628338107,3.046132882170885
TSC_hom,OFT-0717-00,fast,732,4.311657004786493,0.9971910112359551,0.9971910112359551,2.5274596285279354,3.082400990717307
TSC_hom,OFT-0717-00,medium,733,4.4504536183566845,0.9971910112359551,0.9971910112359551,2.4334502601925556,3.0348928214935724
TSC_hom,OFT-0718-00,fast,734,4.749841398991125,0.9971910112359551,0.9971910112359551,2.4037698621936463,3.115624464273468
TSC_hom,OFT-0718-00,medium,735,4.511321251423902,0.9971910112359551,0.9971910112359551,2.49866950822009,3.1405322265600195
TSC_hom,OFT-0718-00,slow,736,4.140455062228436,0.9971910112359551,0.9971910112359551,2.436081714855172,3.031132326187727
TSC_hom,OFT-0719-00,medium,737,4.650967746397107,0.9971910112359551,0.9971910112359551,2.698283649536881,3.2220542501493386
TSC_hom,OFT-0719-00,slow,738,4.294561223664998,1.050561797752809,1.050561797752809,2.703504032998803,3.207617350428732
TSC_hom,OFT-0719-00,fast,739,5.01600461777303,0.9971910112359551,0.9971910112359551,2.7100919003622006,3.2563077411554566
TSC_hom,OFT-0720-00,fast,740,4.523301944162138,0.9971910112359551,0.9971910112359551,2.4414646040261747,3.138385500671272
TSC_hom,OFT-0720-00,medium,741,4.429288913623357,0.9971910112359551,0.9971910112359551,2.4149258086222942,3.1219982132394835
TSC_hom,OFT-0720-00,slow,742,4.217529602536616,0.9971910112359551,0.9971910112359551,2.42406788050268,3.1395221184545945
TSC_hom,OFT-0721-00,slow,743,4.0357291772842245,0.9971910112359551,0.9971910112359551,2.4135129030784155,2.985909439059678
TSC_hom,OFT-0721-00,medium,744,4.532790442471428,0.9971910112359551,0.9971910112359551,2.5878451483931904,3.146914535335788
TSC_hom,OFT-0721-00,fast,745,4.6756177412229345,0.9971910112359551,0.9971910112359551,2.4249352551097068,3.0429698749631657
TSC_hom,OFT-0722-00,medium,746,4.5115815599167615,0.9971910112359551,0.9971910112359551,2.5733505039138356,3.166579158864536
TSC_hom,OFT-0722-00,fast,747,4.576349507331184,0.9971910112359551,0.9971910112359551,2.3889899731791804,3.054585345374632
TSC_hom,OFT-0722-00,slow,748,4.354246975926811,0.9971910112359551,0.9971910112359551,2.554305082461478,3.1741495970556595
TSC_hom,OFT-0723-00,medium,749,4.383816801654144,0.9971910112359551,0.9971910112359551,2.3977317927020554,3.0992178299533437
TSC_hom,OFT-0723-00,fast,750,4.425808317997387,0.9971910112359551,0.9971910112359551,2.3601010598104892,3.041295288106934
TSC_hom,OFT-0723-00,slow,751,3.863838414714068,1.050561797752809,1.050561797752809,2.2117875602759596,2.8358648856849284
TSC_hom,OFT-0724,slow,752,3.793807762164129,1.050561797752809,1.050561797752809,2.3060546992525683,2.8392127625530983
TSC_hom,OFT-0724,medium,753,4.091104288481535,0.9971910112359551,0.9971910112359551,2.3354675442785107,2.967772389536402
TSC_hom,OFT-0724,fast,754,4.416032571079359,0.9971910112359551,0.9971910112359551,2.3523981187950964,3.035912529006858
TSC_hom,OFT-0725,slow,755,4.008058479362166,1.050561797752809,1.050561797752809,2.5849026524385983,3.0426271753701597
TSC_hom,OFT-0725,fast,756,4.295413417859294,0.9971910112359551,0.9971910112359551,2.4443828859935555,3.0520435278616374
TSC_hom,OFT-0725,medium,757,4.219788945289959,0.9971910112359551,0.9971910112359551,2.4489699280545136,3.0460953064651126
TSC_hom,OFT-0726,slow,758,4.422787281399074,1.050561797752809,1.050561797752809,2.5575487927842997,3.2233079141073735
TSC_hom,OFT-0726,fast,759,4.593882382924306,0.9971910112359551,0.9971910112359551,2.6170209007441576,3.2380372298065256
TSC_hom,OFT-0726,medium,760,4.275124786370821,0.9971910112359551,0.9971910112359551,2.633685122902849,3.1873393060155575
TSC_hom,OFT-0727,slow,761,4.176007689071084,0.9971910112359551,0.9971910112359551,2.5075941835652684,3.0878711754325865
TSC_hom,OFT-0727,fast,762,4.506138901111807,0.9971910112359551,0.9971910112359551,2.4775734725680203,3.083293014358165
TSC_hom,OFT-0727,medium,763,4.44075797652261,0.9971910112359551,0.9971910112359551,2.4705312239564274,3.1193765492876637
TSC_hom,OFT-0728,medium,764,4.211994919488614,0.9971910112359551,0.9971910112359551,2.5050796084847025,3.0570603593492587
TSC_hom,OFT-0728,slow,765,4.1506784540808095,1.050561797752809,1.050561797752809,2.5154088653986473,3.111352408905235
TSC_hom,OFT-0728,fast,766,4.349087165308651,0.9971910112359551,0.9971910112359551,2.4319320278419783,3.0551480221279963
TSC_hom,OFT-0729,medium,767,4.228006206849464,0.9971910112359551,0.9971910112359551,2.5223803133367655,3.188512278556501
TSC_hom,OFT-0729,fast,768,4.322797351058304,0.9971910112359551,0.9971910112359551,2.544112472254471,3.1709534068728247
TSC_hom,OFT-0729,slow,769,3.9671865348840942,1.050561797752809,1.050561797752809,2.3110975873851887,2.8656150027157343
TSC_hom,OFT-0730,medium,770,4.337698637427265,0.9971910112359551,0.9971910112359551,2.451171187298097,3.006048318753191
TSC_hom,OFT-0730,slow,771,4.168230873954556,1.050561797752809,1.050561797752809,2.5544613109984735,3.133110024503007
TSC_hom,OFT-0730,fast,772,4.459975396546479,0.9971910112359551,0.9971910112359551,2.5857235243369696,3.15756973744292
TSC_hom,OFT-0731,slow,773,4.106080881528758,0.9971910112359551,0.9971910112359551,2.479945739674409,3.0272067310835205
TSC_hom,OFT-0731,medium,774,4.066345425364475,0.9971910112359551,0.9971910112359551,2.287401614161011,2.888735337886909
TSC_hom,OFT-0731,fast,775,4.357264520769072,0.9971910112359551,0.9971910112359551,2.373260177686487,3.032348532541173
TSC_hom,OFT-0732,fast,776,4.410680721976165,0.9971910112359551,0.9971910112359551,2.492590782108879,3.1228653207868815
TSC_hom,OFT-0732,medium,777,4.332894603018955,0.9971910112359551,0.9971910112359551,2.327758590068364,2.982029098083131
TSC_hom,OFT-0732,slow,778,4.436277279894612,1.050561797752809,1.050561797752809,2.7011104384103004,3.360618752512157
TSC_hom,OFT-0733,medium,779,4.238157635510038,0.9971910112359551,0.9971910112359551,2.3224559810331447,2.9679672161661785
TSC_hom,OFT-0733,fast,780,4.126730510694792,0.9971910112359551,0.9971910112359551,2.3411038954570396,2.983400509110695
TSC_hom,OFT-0733,slow,781,4.256604203336515,1.050561797752809,1.050561797752809,2.5652810464277653,3.1890062093882534
TSC_hom,OFT-0734,fast,782,4.817252450408802,0.9971910112359551,0.9971910112359551,2.7543145820447723,3.430005029275293
TSC_hom,OFT-0734,slow,783,4.312518986700882,0.9971910112359551,0.9971910112359551,2.648877133356628,3.260125946264335
TSC_hom,OFT-0734,medium,784,4.650387854539904,0.9971910112359551,0.9971910112359551,2.719676049735066,3.33885122504744
TSC_hom,OFT-0735,slow,785,4.398278977001908,0.9971910112359551,0.9971910112359551,2.6595351397871987,3.1708229675387587
TSC_hom,OFT-0735,medium,786,4.527215684093452,0.9971910112359551,0.9971910112359551,2.5933853703085066,3.1558225643268853
TSC_hom,OFT-0735,fast,787,4.738030149008567,0.9971910112359551,0.9971910112359551,2.57679054865358,3.2426224006803754
TSC_neg,OFT-0360-00,fast,788,4.499524962827834,0.9971910112359551,0.9971910112359551,2.449627970104672,3.086985771070616
TSC_neg,OFT-0360-00,slow,789,4.153794897442737,0.9971910112359551,0.9971910112359551,2.3193479897819174,2.9969537943903974
TSC_neg,OFT-0360-00,medium,790,4.421601549074947,0.9971910112359551,0.9971910112359551,2.305629098148393,2.993087510402213
TSC_neg,OFT-0362-00,slow,791,4.388826607005265,0.9971910112359551,0.9971910112359551,2.5954406881389556,3.256382426463958
TSC_neg,OFT-0362-00,fast,792,4.225969600148777,0.9971910112359551,0.9971910112359551,2.252085632419325,2.8967316067138724
TSC_neg,OFT-0362-00,medium,793,4.439704052190464,0.9971910112359551,0.9971910112359551,2.308034443844003,3.050876608251864
TSC_neg,OFT-0363-00,fast,794,4.519944296606663,0.9971910112359551,0.9971910112359551,2.451251677099615,3.135016582995025
TSC_neg,OFT-0363-00,medium,795,4.39977084454539,0.9971910112359551,0.9971910112359551,2.368554775299405,3.006633603100287
TSC_neg,OFT-0363-00,slow,796,4.31474579741962,0.9971910112359551,0.9971910112359551,2.6029407786648835,3.2448895565730855
TSC_neg,OFT-0368-00,fast,797,4.79332178712609,0.9971910112359551,0.9971910112359551,2.5574906533838897,3.214909442539113
TSC_neg,OFT-0368-00,medium,798,4.655236365688056,0.9971910112359551,0.9971910112359551,2.668299195668639,3.3547924060702723
TSC_neg,OFT-0368-00,slow,799,4.306274780007477,0.9971910112359551,0.9971910112359551,2.6610729061359972,3.3097330173950814
TSC_neg,OFT-0369-00,slow,800,4.238827411987852,0.9971910112359551,0.9971910112359551,2.331259207388276,3.0782683801598867
TSC_neg,OFT-0369-00,medium,801,4.358129389638904,0.9971910112359551,0.9971910112359551,2.42166676638291,3.0885844240957074
TSC_neg,OFT-0369-00,fast,802,4.812879154334405,0.9971910112359551,0.9971910112359551,2.5964074425020054,3.247926506804251
TSC_neg,OFT-0372-00,fast,803,4.838225584466254,0.9971910112359551,0.9971910112359551,2.3509763362796896,3.084529578056816
TSC_neg,OFT-0372-00,medium,804,4.524822760078482,0.9971910112359551,0.9971910112359551,2.4672713727894426,3.1182081131537034
TSC_neg,OFT-0372-00,slow,805,4.062882598485497,0.9971910112359551,0.9971910112359551,2.42362341235234,3.049138241304511
TSC_neg,OFT-0377-00,fast,806,4.364357855756208,0.9971910112359551,0.9971910112359551,2.3371310366859968,2.9909803984301986
TSC_neg,OFT-0377-00,medium,807,4.66851912009665,0.9971910112359551,0.9971910112359551,2.4878384599561683,3.0939700745591376
TSC_neg,OFT-0377-00,slow,808,3.9377246721010732,0.9971910112359551,0.9971910112359551,2.379628421997547,2.9768368338348172
TSC_neg,OFT-0379-00,fast,809,4.618096729945778,0.9971910112359551,0.9971910112359551,2.481207029130157,3.202219363225918
TSC_neg,OFT-0379-00,slow,810,4.259551311337048,1.050561797752809,1.050561797752809,2.5483148959305004,3.1554614124504066
TSC_neg,OFT-0379-00,medium,811,4.46450247870783,0.9971910112359551,0.9971910112359551,2.4987055760446757,3.1479930872924986
TSC_neg,OFT-0380-00,medium,812,4.547910023756381,0.9971910112359551,0.9971910112359551,2.450625353328909,3.1712578664927595
TSC_neg,OFT-0380-00,fast,813,4.836425364166191,0.9971910112359551,0.9971910112359551,2.6203211047434407,3.2952654709671547
TSC_neg,OFT-0380-00,slow,814,4.217136940700625,0.9971910112359551,0.9971910112359551,2.3444866581879875,3.0906217897385457
TSC_neg,OFT-0381-00,fast,815,4.8371421911792885,0.9971910112359551,0.9971910112359551,2.6805096015413734,3.3425352040512215
TSC_neg,OFT-0381-00,medium,816,4.642925796983701,0.9971910112359551,0.9971910112359551,2.445458877068735,3.154981435394542
TSC_neg,OFT-0381-00,slow,817,4.592951528647712,0.9971910112359551,0.9971910112359551,2.7060653677414117,3.314720750806226
TSC_neg,OFT-0382-00,fast,818,4.640970054556882,0.9971910112359551,0.9971910112359551,2.5952182542423348,3.2132388837964116
TSC_neg,OFT-0382-00,medium,819,4.554545135919209,0.9971910112359551,0.9971910112359551,2.6849247955193185,3.307359239031405
TSC_neg,OFT-0382-00,slow,820,4.304433042535183,1.050561797752809,1.050561797752809,2.4679152516054748,3.1668407419571625
TSC_neg,OFT-0386-00,fast,821,4.062825423309983,0.9971910112359551,0.9971910112359551,2.1910693392263076,2.777952450207136
TSC_neg,OFT-0386-00,slow,822,4.23436530176143,0.9971910112359551,0.9971910112359551,2.424066542997615,3.0704704437982575
TSC_neg,OFT-0386-00,medium,823,4.432631547703799,0.9971910112359551,0.9971910112359551,2.479308606482041,3.0888911179040535
TSC_neg,OFT-0394-00,medium,824,4.46075756132643,0.9971910112359551,0.9971910112359551,2.404744297774136,3.0844828384083804
TSC_neg,OFT-0394-00,slow,825,4.180343209366268,0.9971910112359551,0.9971910112359551,2.313371770319018,2.951464641647514
TSC_neg,OFT-0394-00,fast,826,4.581981891247585,0.9971910112359551,0.9971910112359551,2.49676364489329,3.1657220299398148
TSC_neg,OFT-0395-00,medium,827,4.88246704272661,0.9971910112359551,0.9971910112359551,2.480157294788757,3.271277080741783
TSC_neg,OFT-0395-00,fast,828,4.615087155627409,0.9971910112359551,0.9971910112359551,2.700066108628181,3.4134764672093754
TSC_neg,OFT-0395-00,slow,829,4.680290195099283,0.9971910112359551,0.9971910112359551,2.689419794768004,3.411791115862002
TSC_neg,OFT-0398-00,medium,830,4.631689019151525,0.9971910112359551,0.9971910112359551,2.6590030267223312,3.238793066942016
TSC_neg,OFT-0398-00,slow,831,4.191831648488525,0.9971910112359551,0.9971910112359551,2.5552291994737213,3.1692952213248415
TSC_neg,OFT-0398-00,fast,832,4.850134013986835,0.9971910112359551,0.9971910112359551,2.39240894045087,3.0850155735346134
TSC_neg,OFT-0399-00,medium,833,4.609758866833477,0.9971910112359551,0.9971910112359551,2.667276310557419,3.271047319439165
TSC_neg,OFT-0399-00,slow,834,4.185770929771253,0.9971910112359551,0.9971910112359551,2.593163050308611,3.1513723317550255
TSC_neg,OFT-0399-00,fast,835,4.817215870349517,0.9971910112359551,0.9971910112359551,2.6081152006994466,3.305231349350842
TSC_neg,OFT-0410-00,fast,836,4.905489739495274,0.9971910112359551,0.9971910112359551,2.5438241371048824,3.2274609008840445
TSC_neg,OFT-0410-00,medium,837,4.708093216968174,0.9971910112359551,0.9971910112359551,2.51291659814966,3.188181152072482
TSC_neg,OFT-0410-00,slow,838,4.147802084629814,0.9971910112359551,0.9971910112359551,2.3918483180169674,3.086761639564527
TSC_neg,OFT-0411-00,fast,839,4.652715493175695,0.9971910112359551,0.9971910112359551,2.5063830102227938,3.2425524456637804
TSC_neg,OFT-0411-00,slow,840,4.391615958401598,0.9971910112359551,0.9971910112359551,2.6423468693750967,3.197992311420189
TSC_neg,OFT-0411-00,medium,841,4.504107951755916,0.9971910112359551,0.9971910112359551,2.635889259560739,3.2769364912615577
TSC_neg,OFT-0414-00,fast,842,4.431450743897212,0.9971910112359551,0.9971910112359551,2.315763073615388,2.964776141233426
TSC_neg,OFT-0414-00,medium,843,4.799213477621693,0.9971910112359551,0.9971910112359551,2.666512624379253,3.333462252489563
TSC_neg,OFT-0414-00,slow,844,4.423011703432854,0.9971910112359551,0.9971910112359551,2.6905205651150133,3.3017931830004774
TSC_neg,OFT-0415-00,medium,845,4.50045338095463,0.9971910112359551,0.9971910112359551,2.670911261570138,3.243071687747589
TSC_neg,OFT-0415-00,fast,846,4.297136178217744,0.9971910112359551,0.9971910112359551,2.643954003653181,3.127708558203636
TSC_neg,OFT-0415-00,slow,847,4.427902846590543,1.050561797752809,1.050561797752809,2.7201714469963587,3.292064347807201
TSC_neg,OFT-0456-00,medium,848,4.119814597706974,0.9971910112359551,0.9971910112359551,2.217484050510333,2.845295072914545
TSC_neg,OFT-0456-00,fast,849,4.005894138757221,0.9971910112359551,0.9971910112359551,2.106238293662907,2.7065735258013315
TSC_neg,OFT-0456-00,slow,850,4.191232331648175,0.9971910112359551,0.9971910112359551,2.340133987941445,2.9645088158754778
TSC_neg,OFT-0457-00,medium,851,4.2495714671045866,0.9971910112359551,0.9971910112359551,2.5266412488933843,3.1329777768175773
TSC_neg,OFT-0457-00,slow,852,4.187624963487772,1.050561797752809,1.050561797752809,2.4444737464608046,3.0841059349297257
TSC_neg,OFT-0457-00,fast,853,4.462483369639285,0.9971910112359551,0.9971910112359551,2.4408756620035015,3.115297679381833
TSC_neg,OFT-0458-00,fast,854,4.473904604942071,0.9971910112359551,0.9971910112359551,2.4954362394208416,3.191815154734133
TSC_neg,OFT-0458-00,slow,855,3.934117676320512,0.9971910112359551,0.9971910112359551,2.391550532317519,2.975863247166731
TSC_neg,OFT-0458-00,medium,856,4.353610790971281,0.9971910112359551,0.9971910112359551,2.424922724408565,3.124672233898767
TSC_neg,OFT-0460-00,slow,857,4.145682537125401,0.9971910112359551,0.9971910112359551,2.388316611092709,3.098214055731712
TSC_neg,OFT-0460-00,medium,858,4.075652688852252,0.9971910112359551,0.9971910112359551,2.189396031352726,2.907586502984
TSC_neg,OFT-0460-00,fast,859,4.393976351186827,0.9971910112359551,0.9971910112359551,2.238812817895559,2.977200656519228
TSC_neg,OFT-0469-00,slow,860,4.1328238188522155,0.9971910112359551,0.9971910112359551,2.359682932280018,2.9981200547878095
TSC_neg,OFT-0469-00,fast,861,4.684105467044276,0.9971910112359551,0.9971910112359551,2.5272967693404103,3.181016427524568
TSC_neg,OFT-0469-00,medium,862,4.517408819999935,0.9971910112359551,0.9971910112359551,2.3990388112212004,3.1072073306976544
TSC_neg,OFT-0471-00,medium,863,4.426471165142343,0.9971910112359551,0.9971910112359551,2.4029190045366766,3.0927654562885967
TSC_neg,OFT-0471-00,fast,864,4.578342272740857,0.9971910112359551,0.9971910112359551,2.3548370909648977,3.0918642890355037
TSC_neg,OFT-0471-00,slow,865,3.9880059223341737,0.9971910112359551,0.9971910112359551,2.2175722998263914,2.8663942782995413
TSC_neg,OFT-0472-00,medium,866,4.18247898234498,0.9971910112359551,0.9971910112359551,2.3317597590840973,2.9872370185393575
TSC_neg,OFT-0472-00,fast,867,4.836215196386126,0.9971910112359551,0.9971910112359551,2.6273103346185613,3.2587176119276755
TSC_neg,OFT-0472-00,slow,868,4.2829654647542394,0.9971910112359551,0.9971910112359551,2.64339075008723,3.2378362669942597
TSC_neg,OFT-0473-00,slow,869,4.24215756571018,0.9971910112359551,0.9971910112359551,2.3698138918960265,3.0412626084606673
TSC_neg,OFT-0473-00,medium,870,4.323154540015709,0.9971910112359551,0.9971910112359551,2.378004749819551,2.9913772356882746
TSC_neg,OFT-0473-00,fast,871,4.502278183702485,0.9971910112359551,0.9971910112359551,2.25343802134159,2.9731017864031024
TSC_neg,OFT-0474-00,medium,872,4.377986969413786,0.9971910112359551,0.9971910112359551,2.4644370632856933,3.1356186872169416
TSC_neg,OFT-0474-00,fast,873,4.257518754195145,0.9971910112359551,0.9971910112359551,2.190413490876934,2.8752806211972457
TSC_neg,OFT-0474-00,slow,874,4.273182193444268,0.9971910112359551,0.9971910112359551,2.5401650726450318,3.1858876737020707
TSC_neg,OFT-0476-00,fast,875,4.189698648660874,0.9971910112359551,0.9971910112359551,2.2866457490018517,2.915528437610159
TSC_neg,OFT-0476-00,slow,876,4.030598890152562,0.9971910112359551,0.9971910112359551,2.187359908378928,2.7914225650747775
TSC_neg,OFT-0476-00,medium,877,4.583193416937577,0.9971910112359551,0.9971910112359551,2.3601764066778816,3.033858797575232
TSC_neg,OFT-0481-00,slow,878,4.333139066012386,0.9971910112359551,0.9971910112359551,2.5079138756953085,3.184833333137869
TSC_neg,OFT-0481-00,medium,879,4.122106761499779,0.9971910112359551,0.9971910112359551,2.3350356127369767,2.897644170520373
TSC_neg,OFT-0481-00,fast,880,4.890436091649646,0.9971910112359551,0.9971910112359551,2.584490228897656,3.308831750538774
TSC_neg,OFT-0482-00,medium,881,4.397433835894081,0.9971910112359551,0.9971910112359551,2.5205487807916453,3.17781237732965
TSC_neg,OFT-0482-00,fast,882,4.870377791267973,0.9971910112359551,0.9971910112359551,2.322949262221209,3.097143225521427
TSC_neg,OFT-0482-00,slow,883,4.34944373538341,1.050561797752809,1.050561797752809,2.6236851207312566,3.2452075182936824
TSC_neg,OFT-0483-00,fast,884,4.050283643422307,0.9971910112359551,0.9971910112359551,2.1976717955039557,2.7979730473587496
TSC_neg,OFT-0483-00,medium,885,4.502000876330769,0.9971910112359551,0.9971910112359551,2.360640992621293,3.0197544316779807
TSC_neg,OFT-0483-00,slow,886,4.117797046037929,0.9971910112359551,0.9971910112359551,2.397698991008649,3.0161133509689266
TSC_neg,OFT-0488-00,fast,887,4.449510362686461,0.9971910112359551,0.9971910112359551,2.285131263198714,2.962364638413527
TSC_neg,OFT-0488-00,medium,888,4.616672727267716,0.9971910112359551,0.9971910112359551,2.3816861384324293,3.077768360429605
TSC_neg,OFT-0488-00,slow,889,4.310594304941044,1.050561797752809,1.050561797752809,2.531364707950723,3.2090620036561903
TSC_neg,OFT-0490-00,fast,890,4.653429458827867,0.9971910112359551,0.9971910112359551,2.6118907486634635,3.17707488171036
TSC_neg,OFT-0490-00,medium,891,4.45518505057697,0.9971910112359551,0.9971910112359551,2.44274605133697,3.105640098985291
TSC_neg,OFT-0490-00,slow,892,4.4865971170312084,0.9971910112359551,0.9971910112359551,2.576823736402909,3.183606731538696
TSC_neg,OFT-0491-00,fast,893,4.84499611935674,0.9971910112359551,0.9971910112359551,2.7477532886327367,3.362097976070868
TSC_neg,OFT-0491-00,medium,894,5.285302419357001,0.9971910112359551,0.9971910112359551,2.506905178427604,3.1658108054073155
TSC_neg,OFT-0491-00,slow,895,4.445241303667258,0.9971910112359551,0.9971910112359551,2.485458697152038,3.1609144053986427
TSC_neg,OFT-0512-00,slow,896,4.239848489082237,1.050561797752809,1.050561797752809,2.4834261038162557,3.1395050960529525
TSC_neg,OFT-0512-00,medium,897,4.383154877952931,0.9971910112359551,0.9971910112359551,2.3731303765542746,3.0491356331911463
TSC_neg,OFT-0512-00,fast,898,4.344980862574256,0.9971910112359551,0.9971910112359551,2.284783282382746,2.9577953633972083
TSC_neg,OFT-0527-00,medium,899,4.445814704857377,0.9971910112359551,0.9971910112359551,2.6423080925358717,3.2577481335767025
TSC_neg,OFT-0527-00,slow,900,4.326632493778098,1.050561797752809,1.050561797752809,2.674251722646766,3.274875319956323
TSC_neg,OFT-0527-00,fast,901,4.795941497999141,0.9971910112359551,0.9971910112359551,2.3160715033374197,2.9490072512032177
TSC_neg,OFT-0530-00,fast,902,4.724521468236402,0.9971910112359551,0.9971910112359551,2.6625889776473946,3.255898999083341
TSC_neg,OFT-0530-00,slow,903,4.949834335939318,1.050561797752809,1.050561797752809,2.4966287417066964,3.0905458937463863
TSC_neg,OFT-0530-00,medium,904,5.1150499178126845,0.9971910112359551,0.9971910112359551,2.4375598585849456,3.112509481397244
TSC_neg,OFT-0538-00,slow,905,4.430374646449722,1.050561797752809,1.050561797752809,2.6199659810190803,3.284517116374137
TSC_neg,OFT-0538-00,medium,906,4.312441829692617,0.9971910112359551,0.9971910112359551,2.470188738429812,3.100853319346762
TSC_neg,OFT-0538-00,fast,907,4.482629599060061,0.9971910112359551,0.9971910112359551,2.397184451385619,3.070921248190252
TSC_neg,OFT-0545-00,slow,908,4.38757098516414,0.9971910112359551,0.9971910112359551,2.435351895679347,3.075779496523399
TSC_neg,OFT-0545-00,medium,909,4.429352715992109,0.9971910112359551,0.9971910112359551,2.37823286250287,3.0600634581258626
TSC_neg,OFT-0545-00,fast,910,4.711958410650935,0.9971910112359551,0.9971910112359551,2.3798582830300097,3.067229295033892
TSC_neg,OFT-0587-00,slow,911,4.2814563824551195,1.050561797752809,1.050561797752809,2.5198100183835024,3.2101345428099615
TSC_neg,OFT-0587-00,fast,912,4.548194833272465,0.9971910112359551,0.9971910112359551,2.307871671921526,3.0297846798393295
TSC_neg,OFT-0587-00,medium,913,4.0851828938202175,0.9971910112359551,0.9971910112359551,2.4004889032705217,2.959988040271032
TSC_neg,OFT-0590-00,slow,914,4.088787271870183,0.9971910112359551,0.9971910112359551,2.3429684166769613,2.9833041364708692
TSC_neg,OFT-0590-00,fast,915,4.667796716254939,0.9971910112359551,0.9971910112359551,2.3340643570630317,3.096015928805187
TSC_neg,OFT-0590-00,medium,916,4.609777323263375,0.9971910112359551,0.9971910112359551,2.493480745160877,3.2086302407461385
TSC_neg,OFT-0593-00,medium,917,4.668435418326662,0.9971910112359551,0.9971910112359551,2.457666125656533,3.1645694924450067
TSC_neg,OFT-0593-00,fast,918,4.689079627074844,0.9971910112359551,0.9971910112359551,2.4566159918183668,3.1919495764129273
TSC_neg,OFT-0593-00,slow,919,4.559470180379668,0.9971910112359551,0.9971910112359551,2.5811949538763055,3.2443675902818794
TSC_neg,OFT-0596-00,fast,920,4.717252279517806,0.9971910112359551,0.9971910112359551,2.5156653685381793,3.176694089374242
TSC_neg,OFT-0596-00,slow,921,4.318364324745129,1.050561797752809,1.050561797752809,2.606945544785479,3.2335673804381617
TSC_neg,OFT-0596-00,medium,922,4.622035859854375,0.9971910112359551,0.9971910112359551,2.6126935432126017,3.253160654703737
TSC_neg,OFT-0600-00,medium,923,4.702574218964227,0.9971910112359551,0.9971910112359551,2.3581009410676437,3.038425494431304
TSC_neg,OFT-0600-00,fast,924,4.6554143541403,0.9971910112359551,0.9971910112359551,2.5915564633992,3.1929524863550394
TSC_neg,OFT-0600-00,slow,925,4.507654125183748,0.9971910112359551,0.9971910112359551,2.631313387568337,3.2060026384128837
TSC_neg,OFT-0603-00,medium,926,4.915913511669006,0.9971910112359551,0.9971910112359551,2.596306512445292,3.2862950490851417
TSC_neg,OFT-0603-00,fast,927,4.8471100896500845,0.9971910112359551,0.9971910112359551,2.489592429550296,3.1625382912286075
TSC_neg,OFT-0603-00,slow,928,4.459561684710081,0.9971910112359551,0.9971910112359551,2.6683418718209277,3.264947339608908
TSC_neg,OFT-0609-00,fast,929,4.7394491905982985,0.9971910112359551,0.9971910112359551,2.341138684276467,3.0605270505018756
TSC_neg,OFT-0609-00,slow,930,4.322094625536702,0.9971910112359551,0.9971910112359551,2.4374538958828813,3.1205626670084565
TSC_neg,OFT-0609-00,medium,931,4.456546325369672,0.9971910112359551,0.9971910112359551,2.3697228114580318,3.064259676663137
TSC_neg,OFT-0615-00,fast,932,4.810211262740199,0.9971910112359551,0.9971910112359551,2.6339890837774043,3.2707872968777725
TSC_neg,OFT-0615-00,slow,933,4.135000407465732,0.9971910112359551,0.9971910112359551,2.4889819450360657,3.1186055924700438
TSC_neg,OFT-0615-00,medium,934,4.32157987766334,0.9971910112359551,0.9971910112359551,2.4533556810178707,2.960544398583256
TSC_neg,OFT-0616-00,slow,935,4.1235074593624255,0.9971910112359551,0.9971910112359551,2.3167884709330866,2.9453604595270035
TSC_neg,OFT-0616-00,fast,936,4.3263110436774825,0.9971910112359551,0.9971910112359551,2.3637475748792443,3.0585067266348913
TSC_neg,OFT-0616-00,medium,937,4.324839626792522,0.9971910112359551,0.9971910112359551,2.2521963698304086,2.88985816820532
TSC_neg,OFT-0618-00,slow,938,4.176585778735734,0.9971910112359551,0.9971910112359551,2.446566472233127,3.1464416495488683
TSC_neg,OFT-0618-00,medium,939,4.021786317823916,0.9971910112359551,0.9971910112359551,2.236990488083227,2.8412848478661696
TSC_neg,OFT-0618-00,fast,940,4.554012855292996,0.9971910112359551,0.9971910112359551,2.57227280590953,3.217403359018358
TSC_neg,OFT-0619-00,slow,941,4.20831796313807,0.9971910112359551,0.9971910112359551,2.606593739093986,3.1936203488542296
TSC_neg,OFT-0619-00,medium,942,4.41384019205817,0.9971910112359551,0.9971910112359551,2.415693560528228,3.0714921404298643
TSC_neg,OFT-0619-00,fast,943,4.656551189969049,0.9971910112359551,0.9971910112359551,2.5039232770223525,3.0944736614299986
TSC_neg,OFT-0622-00,slow,944,4.322429758279605,1.050561797752809,1.050561797752809,2.6590158369930186,3.282886404360039
TSC_neg,OFT-0622-00,medium,945,4.6308014048342,0.9971910112359551,0.9971910112359551,2.76544451873018,3.295247331093508
TSC_neg,OFT-0622-00,fast,946,4.713738057057069,0.9971910112359551,0.9971910112359551,2.5038489910029926,3.183907801893262
TSC_neg,OFT-0623-00,slow,947,4.301172810828767,1.050561797752809,1.050561797752809,2.60343978731148,3.2043297107002986
TSC_neg,OFT-0623-00,medium,948,4.320924599851088,0.9971910112359551,0.9971910112359551,2.5453758321156257,3.199114349766063
TSC_neg,OFT-0623-00,fast,949,4.156837896890317,0.9971910112359551,0.9971910112359551,2.3108705347330596,2.918490581832982
TSC_neg,OFT-0625-00,medium,950,4.521226940823367,0.9971910112359551,0.9971910112359551,2.5357639925738757,3.150073569210298
TSC_neg,OFT-0625-00,slow,951,4.225701206477792,0.9971910112359551,0.9971910112359551,2.4512592066470917,3.083864005984727
TSC_neg,OFT-0625-00,fast,952,4.738511786311513,0.9971910112359551,0.9971910112359551,2.4691600414871453,3.0877364800809035
TSC_neg,OFT-0626-00,medium,953,4.293214508627211,0.9971910112359551,0.9971910112359551,2.374866018346395,3.0540711738979915
TSC_neg,OFT-0626-00,slow,954,4.235307862219638,0.9971910112359551,0.9971910112359551,2.5590287288159654,3.1860383675781203
TSC_neg,OFT-0626-00,fast,955,4.777205115366758,0.9971910112359551,0.9971910112359551,2.6832722077998805,3.275386626311365
TSC_neg,OFT-0627-00,fast,956,4.72911542500733,0.9971910112359551,0.9971910112359551,2.4812592955780857,3.116452682653488
TSC_neg,OFT-0627-00,medium,957,4.487782159203695,0.9971910112359551,0.9971910112359551,2.8125237905731075,3.3167146518340505
TSC_neg,OFT-0627-00,slow,958,4.269656896850707,1.050561797752809,1.050561797752809,2.624598167096862,3.2440640550683684
TSC_neg,OFT-0629-00,fast,959,4.759423025465062,0.9971910112359551,0.9971910112359551,2.473280245921612,3.0507298406859404
TSC_neg,OFT-0629-00,medium,960,4.402284558131322,0.9971910112359551,0.9971910112359551,2.537483685377507,3.0698321726650257
TSC_neg,OFT-0629-00,slow,961,4.998739128435627,0.9971910112359551,0.9971910112359551,2.8145450429022882,3.3138529925962543
TSC_neg,OFT-0631-00,medium,962,4.301328232184985,0.9971910112359551,0.9971910112359551,2.7055755659312517,3.264351507588581
TSC_neg,OFT-0631-00,slow,963,4.320340792892366,0.9971910112359551,0.9971910112359551,2.732636056398509,3.215993893194598
TSC_neg,OFT-0631-00,fast,964,4.9356292018788945,0.9971910112359551,0.9971910112359551,2.4470969668331146,3.232470410271574
TSC_neg,OFT-0633-00,fast,965,4.470045067816379,0.9971910112359551,0.9971910112359551,2.5628728011202346,3.11835795375144
TSC_neg,OFT-0633-00,slow,966,4.287653537877192,0.9971910112359551,0.9971910112359551,2.6472146811145745,3.205590979352751
TSC_neg,OFT-0633-00,medium,967,4.353696329773725,0.9971910112359551,0.9971910112359551,2.7850093760850854,3.295083329826123
TSC_neg,OFT-0635-00,medium,968,4.229910310390771,0.9971910112359551,0.9971910112359551,2.5539345603065002,3.1401577653883286
TSC_neg,OFT-0635-00,fast,969,4.628663922689918,0.9971910112359551,0.9971910112359551,2.330646978099865,3.0602400387025908
TSC_neg,OFT-0635-00,slow,970,4.2523967795093185,0.9971910112359551,0.9971910112359551,2.5363109980695517,3.145853730599097
TSC_neg,OFT-0638-00,slow,971,4.20726040452005,0.9971910112359551,0.9971910112359551,2.332738065046742,3.005428061439716
TSC_neg,OFT-0638-00,medium,972,4.467214217614096,0.9971910112359551,0.9971910112359551,2.4165890951719002,3.0304622618866723
TSC_neg,OFT-0638-00,fast,973,4.444141991950487,0.9971910112359551,0.9971910112359551,2.4265898442726774,3.10002296358623
TSC_neg,OFT-0659-00,fast,974,4.623074918547515,0.9971910112359551,0.9971910112359551,2.69197764546202,3.305900296918773
TSC_neg,OFT-0659-00,medium,975,4.716794365795748,0.9971910112359551,0.9971910112359551,2.4220658044981227,3.0658400150838725
TSC_neg,OFT-0659-00,slow,976,4.1818113684059846,0.9971910112359551,0.9971910112359551,2.428934919680656,3.092464696150535
TSC_neg,OFT-0672-00,medium,977,4.368494257941632,0.9971910112359551,0.9971910112359551,2.6124853685941365,3.260997301447958
TSC_neg,OFT-0672-00,slow,978,4.414561161733074,0.9971910112359551,0.9971910112359551,2.645092751699316,3.280410588398807
TSC_neg,OFT-0672-00,fast,979,4.802967402740264,0.9971910112359551,0.9971910112359551,2.7977771324261864,3.4086299664187183
TSC_neg,OFT-0680-00,medium,980,4.694784682154791,0.9971910112359551,0.9971910112359551,2.7424938035837587,3.255329721528587
TSC_neg,OFT-0680-00,fast,981,4.799071233381332,0.9971910112359551,0.9971910112359551,2.7277503069930544,3.3041785456390755
TSC_neg,OFT-0680-00,slow,982,4.771839227663114,0.9971910112359551,0.9971910112359551,2.741759142832353,3.336702943103764
new_preds,OFT-0000-00,fast,983,4.339172630606811,0.9971910112359551,0.9971910112359551,2.424032776603106,3.0437542898079313
new_preds,OFT-0000-00,medium,984,4.4928755966521186,0.9971910112359551,0.9971910112359551,2.457774181727422,3.165114792434743
new_preds,OFT-0000-00,slow,985,4.389569532480335,0.9971910112359551,0.9971910112359551,2.494794079219168,3.1651581991939066
new_preds,OFT-0000-01,fast,986,4.320616182102479,0.9971910112359551,0.9971910112359551,2.428401359516612,3.068088531805241
new_preds,OFT-0000-01,medium,987,4.307319066954321,0.9971910112359551,0.9971910112359551,2.507661791817173,3.084884743841225
new_preds,OFT-0000-01,slow,988,4.335676548161947,0.9971910112359551,0.9971910112359551,2.495634756033688,3.160877092991519
new_preds,OFT-0001-00,slow,989,4.3906405379639155,0.9971910112359551,0.9971910112359551,2.5200130356899266,3.1679326960101926
new_preds,OFT-0001-00,medium,990,4.509307014538478,0.9971910112359551,0.9971910112359551,2.395169588869091,3.0305078314592877
new_preds,OFT-0001-00,fast,991,4.752383260343882,0.9971910112359551,0.9971910112359551,2.447385058080325,3.1552540800366877
new_preds,OFT-0001-01,medium,992,4.614901044250383,0.9971910112359551,0.9971910112359551,2.5780767694054254,3.1768536670215517
new_preds,OFT-0001-01,fast,993,4.841456688064284,0.9971910112359551,0.9971910112359551,2.493572153752825,3.2005075899642685
new_preds,OFT-0001-01,slow,994,4.472884450159829,0.9971910112359551,0.9971910112359551,2.7413077079593466,3.376191659173307
new_preds,OFT-0003-00,slow,995,4.3158128605373225,0.9971910112359551,0.9971910112359551,2.5804273116319143,3.1346004635809934
new_preds,OFT-0003-00,fast,996,4.557266124793375,0.9971910112359551,0.9971910112359551,2.3043104290119114,3.059168952581962
new_preds,OFT-0003-00,medium,997,4.5784104717957606,0.9971910112359551,0.9971910112359551,2.6233906636318123,3.2414790441384236
new_preds,OFT-0004-00,slow,998,4.878181063614167,0.9971910112359551,0.9971910112359551,2.705470618270496,3.33272899495971
new_preds,OFT-0004-00,fast,999,4.150521365938077,0.9971910112359551,0.9971910112359551,2.3156600522972215,2.907315851284459
new_preds,OFT-0004-00,medium,1000,4.550497517331834,0.9971910112359551,0.9971910112359551,2.4961736627716804,3.1757227242011385
new_preds,OFT-0004-02,slow,1001,4.800917237534136,0.9971910112359551,0.9971910112359551,2.6861962902716745,3.272236389257066
new_preds,OFT-0004-02,medium,1002,5.086475423352093,0.9971910112359551,0.9971910112359551,2.764278672043185,3.356318840733707
new_preds,OFT-0004-02,fast,1003,4.978991547431682,0.9971910112359551,0.9971910112359551,2.733484507140559,3.3031662088913505
new_preds,OFT-0005-00,medium,1004,4.459984657213054,0.9971910112359551,0.9971910112359551,2.6197401768450543,3.238877535881171
new_preds,OFT-0005-00,fast,1005,4.809320453939412,0.9971910112359551,0.9971910112359551,2.5237002805352096,3.197194050983928
new_preds,OFT-0005-00,slow,1006,4.242121248788878,0.9971910112359551,0.9971910112359551,2.528543006838035,3.136921694630825
new_preds,OFT-0005-01,fast,1007,4.539018503018691,0.9971910112359551,0.9971910112359551,2.662303105315632,3.226119144247323
new_preds,OFT-0005-01,slow,1008,4.669303089545408,0.9971910112359551,0.9971910112359551,2.8352826527242394,3.396597070290274
new_preds,OFT-0005-01,medium,1009,4.679584873439933,0.9971910112359551,0.9971910112359551,2.626138175190972,3.2372848091043585
new_preds,OFT-0005-02,slow,1010,4.731873977416273,1.050561797752809,1.050561797752809,2.7460032223523565,3.343689815412202
new_preds,OFT-0005-02,fast,1011,4.564481489461954,0.9971910112359551,0.9971910112359551,2.6461577633872486,3.2183025194210053
new_preds,OFT-0005-02,medium,1012,4.368088799662377,1.050561797752809,1.050561797752809,2.696790383697558,3.3411318328772506
new_preds,OFT-0006-00,medium,1013,4.2608058621567775,0.9971910112359551,0.9971910112359551,2.497157271652907,3.162996839121763
new_preds,OFT-0006-00,fast,1014,4.688719012258557,0.9971910112359551,0.9971910112359551,2.6137238771120415,3.297659229368733
new_preds,OFT-0006-00,slow,1015,3.9358413753115316,0.9971910112359551,0.9971910112359551,2.3132427610428663,2.9338103211396005
new_preds,OFT-0006-01,medium,1016,4.6271369715725985,0.9971910112359551,0.9971910112359551,2.514370515309455,3.182977388590138
new_preds,OFT-0006-01,slow,1017,4.4862801928197875,0.9971910112359551,0.9971910112359551,2.702988189091034,3.3734043016348383
new_preds,OFT-0006-01,fast,1018,4.974531558778975,0.9971910112359551,0.9971910112359551,2.4014426798921393,3.1662014700564467
new_preds,OFT-0006-02,slow,1019,4.54409211865088,0.9971910112359551,0.9971910112359551,2.7566986041336485,3.2956775488237815
new_preds,OFT-0006-02,fast,1020,4.940694048869563,0.9971910112359551,0.9971910112359551,2.6262514069288816,3.3079833443889144
new_preds,OFT-0006-02,medium,1021,4.509803973386269,0.9971910112359551,0.9971910112359551,2.793479494778218,3.363669414401874
new_preds,OFT-0007-00,medium,1022,4.388058504076686,0.9971910112359551,0.9971910112359551,2.365276087138477,3.0408958919270614
new_preds,OFT-0007-00,fast,1023,4.7861385003461265,0.9971910112359551,0.9971910112359551,2.6822954514082693,3.336622086566338
new_preds,OFT-0007-00,slow,1024,4.255065343724399,0.9971910112359551,0.9971910112359551,2.612747925308029,3.246458497552279
new_preds,OFT-0007-01,fast,1025,4.7158186312340264,0.9971910112359551,0.9971910112359551,2.600254864803823,3.204103527571855
new_preds,OFT-0007-01,medium,1026,4.389099511929319,0.9971910112359551,0.9971910112359551,2.676028105666251,3.2596969870660217
new_preds,OFT-0007-01,slow,1027,4.183437441997125,0.9971910112359551,0.9971910112359551,2.5056368974093455,3.1355482010422673
new_preds,OFT-0008-00,medium,1028,4.650714711997761,0.9971910112359551,0.9971910112359551,2.52036020043937,3.192630752337899
new_preds,OFT-0008-00,fast,1029,4.790844987477612,0.9971910112359551,0.9971910112359551,2.4373180363157743,3.1202349522418005
new_preds,OFT-0008-00,slow,1030,4.450855294502223,0.9971910112359551,0.9971910112359551,2.724566515344053,3.3434403020239185
new_preds,OFT-0008-01,slow,1031,4.688191905000122,0.9971910112359551,0.9971910112359551,2.6152404346069087,3.29507333339494
new_preds,OFT-0008-01,fast,1032,4.6399784901347525,0.9971910112359551,0.9971910112359551,2.572775316080123,3.2194691549874164
new_preds,OFT-0008-01,medium,1033,4.7685761131346505,0.9971910112359551,0.9971910112359551,2.6740620940137876,3.27990490650183
new_preds,OFT-0009-00,fast,1034,4.686267177924436,0.9971910112359551,0.9971910112359551,2.3587628937234757,3.092374990732572
new_preds,OFT-0009-00,medium,1035,4.186118364383921,0.9971910112359551,0.9971910112359551,2.29911466477732,2.929337058896992
new_preds,OFT-0009-00,slow,1036,4.402980825780532,0.9971910112359551,0.9971910112359551,2.395530921703607,3.0741073254274243
new_preds,OFT-0009-01,medium,1037,4.459295733978376,0.9971910112359551,0.9971910112359551,2.5147589387463807,3.109329063839794
new_preds,OFT-0009-01,fast,1038,4.172948104438138,0.9971910112359551,0.9971910112359551,2.424942289827766,3.1007787050050664
new_preds,OFT-0009-01,slow,1039,4.468831777100438,0.9971910112359551,0.9971910112359551,2.6007799189979814,3.247920028168937
new_preds,OFT-0010-00,medium,1040,4.711366783735875,0.9971910112359551,0.9971910112359551,2.7424323062643987,3.324607023111734
new_preds,OFT-0010-00,slow,1041,4.531345306688412,0.9971910112359551,0.9971910112359551,2.80049270384896,3.3303076397995004
new_preds,OFT-0010-00,fast,1042,4.494046760488243,0.9971910112359551,0.9971910112359551,2.366572358602898,3.106187365267589
new_preds,OFT-0010-01,slow,1043,4.424862591773453,0.9971910112359551,0.9971910112359551,2.663080940501642,3.258488591720526
new_preds,OFT-0010-01,medium,1044,4.470123117146025,0.9971910112359551,0.9971910112359551,2.5966065534719465,3.237523269980261
new_preds,OFT-0010-01,fast,1045,4.261659594360239,0.9971910112359551,0.9971910112359551,2.425133619549908,2.9633854741703707
new_preds,OFT-0010-02,fast,1046,4.772473320802931,0.9971910112359551,0.9971910112359551,2.546552964785778,3.2001352799808855
new_preds,OFT-0010-02,slow,1047,4.662253138227775,0.9971910112359551,0.9971910112359551,2.7686567348338214,3.402573157144221
new_preds,OFT-0010-02,medium,1048,4.744627965912743,0.9971910112359551,0.9971910112359551,2.7264017752925302,3.304904028010352
new_preds,OFT-0011-00,medium,1049,4.746438613004286,0.9971910112359551,0.9971910112359551,2.3634321947420216,3.073522426860734
new_preds,OFT-0011-00,fast,1050,4.815381413463331,0.9971910112359551,0.9971910112359551,2.6662711433887383,3.2888271726581446
new_preds,OFT-0011-00,slow,1051,4.634284703012491,0.9971910112359551,0.9971910112359551,2.578156800192941,3.2420683170216735
new_preds,OFT-0011-01,fast,1052,4.5193615434491194,0.9971910112359551,0.9971910112359551,2.322005415815887,3.0425608320047415
new_preds,OFT-0011-01,slow,1053,4.129960847712694,1.050561797752809,1.050561797752809,2.344274544632585,3.0070271669691233
new_preds,OFT-0011-01,medium,1054,4.644414716795326,0.9971910112359551,0.9971910112359551,2.6328888457835093,3.33269669326796
new_preds,OFT-0011-02,fast,1055,4.507542615687068,0.9971910112359551,0.9971910112359551,2.594459176300504,3.125858397547072
new_preds,OFT-0011-02,medium,1056,4.933969769444302,0.9971910112359551,0.9971910112359551,2.6949201964004343,3.3165429653311422
new_preds,OFT-0011-02,slow,1057,4.603966012531349,0.9971910112359551,0.9971910112359551,2.723375712964203,3.281884548490824
new_preds,OFT-0012-00,fast,1058,4.603115917293679,0.9971910112359551,0.9971910112359551,2.5185003301550686,3.1742870404086605
new_preds,OFT-0012-00,medium,1059,4.628474148488204,0.9971910112359551,0.9971910112359551,2.6320364177856805,3.2745945547612574
new_preds,OFT-0012-00,slow,1060,4.487526220836696,0.9971910112359551,0.9971910112359551,2.679252752432195,3.3398286291650647
new_preds,OFT-0013-00,slow,1061,4.522419848491494,0.9971910112359551,0.9971910112359551,2.7261437098405548,3.2772783558589036
new_preds,OFT-0013-00,fast,1062,4.722193097741487,0.9971910112359551,0.9971910112359551,2.473869336865661,3.1143656668140647
new_preds,OFT-0013-00,medium,1063,4.718897877742065,0.9971910112359551,0.9971910112359551,2.605247889084124,3.1729879395132157
new_preds,OFT-0014-00,slow,1064,4.455986699854254,0.9971910112359551,0.9971910112359551,2.550100729653393,3.166372885418607
new_preds,OFT-0014-00,fast,1065,4.553737794692081,0.9971910112359551,0.9971910112359551,2.3993828554647028,3.045563099598053
new_preds,OFT-0014-00,medium,1066,4.666816029505373,0.9971910112359551,0.9971910112359551,2.534961394172512,3.1969219711619115
new_preds,OFT-0015-00,slow,1067,4.338379777639093,0.9971910112359551,0.9971910112359551,2.5813945711922566,3.2143651053978077
new_preds,OFT-0015-00,fast,1068,4.743508511222101,0.9971910112359551,0.9971910112359551,2.463759430386337,3.2033566713531654
new_preds,OFT-0015-00,medium,1069,4.415389857851697,0.9971910112359551,0.9971910112359551,2.5008494612121797,3.1349800414335562
new_preds,OFT-0016-00,medium,1070,4.001328056886841,0.9971910112359551,0.9971910112359551,2.2002249248099823,2.863157270964604
new_preds,OFT-0016-00,fast,1071,4.718897892647079,0.9971910112359551,0.9971910112359551,2.497792646040894,3.184265837875293
new_preds,OFT-0016-00,slow,1072,4.149104169800584,1.050561797752809,1.050561797752809,2.454226612970582,3.0997103100254093
new_preds,OFT-0017-00,medium,1073,4.481361175554816,0.9971910112359551,0.9971910112359551,2.6433171785527088,3.2039160073513875
new_preds,OFT-0017-00,fast,1074,4.54232254578862,0.9971910112359551,0.9971910112359551,2.5460835994434756,3.1973554215217446
new_preds,OFT-0017-00,slow,1075,4.498178453174747,0.9971910112359551,0.9971910112359551,2.663847544013999,3.297479844476336
new_preds,OFT-0018-00,slow,1076,3.8406229806044268,1.050561797752809,1.050561797752809,2.332735948745374,2.8734303983761262
new_preds,OFT-0018-00,medium,1077,4.734860381061256,0.9971910112359551,0.9971910112359551,2.580531847127353,3.2234292320525593
new_preds,OFT-0018-00,fast,1078,4.49311293941504,0.9971910112359551,0.9971910112359551,2.326280348606348,3.0769582706308047
new_preds,OFT-0019-00,fast,1079,4.622260952330232,0.9971910112359551,0.9971910112359551,2.475872762976094,3.0842674645635317
new_preds,OFT-0019-00,medium,1080,4.830299605184628,0.9971910112359551,0.9971910112359551,2.5435269435380574,3.2103984319596734
new_preds,OFT-0019-00,slow,1081,4.514959249491482,0.9971910112359551,0.9971910112359551,2.5887346092960546,3.2098758976699377
new_preds,OFT-0020-00,fast,1082,4.674861370201866,0.9971910112359551,0.9971910112359551,2.444866907915993,3.133150214089355
new_preds,OFT-0020-00,medium,1083,4.730650547548496,0.9971910112359551,0.9971910112359551,2.6709425487584655,3.2303121819408256
new_preds,OFT-0020-00,slow,1084,4.482386399442053,0.9971910112359551,0.9971910112359551,2.603952571739744,3.205356042510252
new_preds,OFT-0021-00,fast,1085,4.63681036271696,0.9971910112359551,0.9971910112359551,2.3961487471728806,3.1110093247007713
new_preds,OFT-0021-00,medium,1086,4.29624119465824,0.9971910112359551,0.9971910112359551,2.356161277653766,2.953864694203013
new_preds,OFT-0021-00,slow,1087,4.278472953427536,0.9971910112359551,0.9971910112359551,2.58692176978094,3.23603852204753
new_preds,OFT-0022-00,fast,1088,4.504438545773968,0.9971910112359551,0.9971910112359551,2.2842035079666694,3.0136815928629663
new_preds,OFT-0022-00,medium,1089,4.557845564953363,0.9971910112359551,0.9971910112359551,2.576301294798919,3.1679658571128813
new_preds,OFT-0022-00,slow,1090,4.133175446867353,0.9971910112359551,0.9971910112359551,2.5406812295811068,3.092428483287926
new_preds,OFT-0023-00,fast,1091,4.762108003900342,0.9971910112359551,0.9971910112359551,2.6185164449153033,3.2444086779919665
new_preds,OFT-0023-00,medium,1092,4.4495289853575475,0.9971910112359551,0.9971910112359551,2.389019112029907,3.1404835301716374
new_preds,OFT-0023-00,slow,1093,4.309385058478283,1.050561797752809,1.050561797752809,2.655508439120749,3.281575672874371
new_preds,OFT-0024-00,fast,1094,4.7493709810155345,0.9971910112359551,0.9971910112359551,2.3822776486065806,3.193008360072279
new_preds,OFT-0024-00,medium,1095,4.681226879126582,0.9971910112359551,0.9971910112359551,2.4991770947772607,3.2136388881187856
new_preds,OFT-0024-00,slow,1096,4.216873392957367,0.9971910112359551,0.9971910112359551,2.430206429777669,3.1116561996149743
new_preds,OFT-0025-00,fast,1097,4.610797570237605,0.9971910112359551,0.9971910112359551,2.4089367573775604,3.1410415134509515
new_preds,OFT-0025-00,slow,1098,4.368554883332997,0.9971910112359551,0.9971910112359551,2.6022796480869865,3.2618679117842047
new_preds,OFT-0025-00,medium,1099,4.4623974660649255,0.9971910112359551,0.9971910112359551,2.437641009031774,3.12011201154975
new_preds,OFT-0026-00,medium,1100,4.6876409797474565,0.9971910112359551,0.9971910112359551,2.6102894629217537,3.2250638757661014
new_preds,OFT-0026-00,slow,1101,4.697097670997112,0.9971910112359551,0.9971910112359551,2.7241886171164404,3.345193606953817
new_preds,OFT-0026-00,fast,1102,4.625379623838351,0.9971910112359551,0.9971910112359551,2.5551559950449896,3.1923651012290084
new_preds,OFT-0027-00,medium,1103,4.203335199610561,0.9971910112359551,0.9971910112359551,2.43639906316493,2.9556205695301934
new_preds,OFT-0027-00,fast,1104,4.386438740517325,0.9971910112359551,0.9971910112359551,2.3758085479355056,2.9993356146163026
new_preds,OFT-0027-00,slow,1105,4.058966584500506,0.9971910112359551,0.9971910112359551,2.51137950925845,3.061023664869988
new_preds,OFT-0028-00,fast,1106,5.055042369054005,0.9971910112359551,0.9971910112359551,2.364718968256404,3.1424421664091966
new_preds,OFT-0028-00,medium,1107,5.05568484055419,0.9971910112359551,0.9971910112359551,2.710171928670125,3.31180502863093
new_preds,OFT-0028-00,slow,1108,4.714878299048689,0.9971910112359551,0.9971910112359551,2.6263792557968992,3.2516393563107315
new_preds,OFT-0029-00,medium,1109,4.562971483719816,0.9971910112359551,0.9971910112359551,2.577489314399576,3.2268749235035976
new_preds,OFT-0029-00,fast,1110,4.43409520318916,0.9971910112359551,0.9971910112359551,2.427530541245831,3.073384361893431
new_preds,OFT-0029-00,slow,1111,4.363471873783794,0.9971910112359551,0.9971910112359551,2.579064848120298,3.22034741943316
new_preds,OFT-0030-00,slow,1112,4.4150248420842395,0.9971910112359551,0.9971910112359551,2.626161791544347,3.2126651398545376
new_preds,OFT-0030-00,fast,1113,4.531670433982572,0.9971910112359551,0.9971910112359551,2.3966686433100217,3.1176570293045756
new_preds,OFT-0030-00,medium,1114,4.388811123168418,0.9971910112359551,0.9971910112359551,2.442890624369433,3.097810941356904
new_preds,OFT-0031-00,fast,1115,4.631356863655001,0.9971910112359551,0.9971910112359551,2.637371568700358,3.254970831116899
new_preds,OFT-0031-00,slow,1116,4.632174547405657,0.9971910112359551,0.9971910112359551,2.668840619888856,3.2806354832721367
new_preds,OFT-0031-00,medium,1117,4.779408759588929,0.9971910112359551,0.9971910112359551,2.6552646609414174,3.2649394214031338
new_preds,OFT-0032-00,fast,1118,4.455950746767238,0.9971910112359551,0.9971910112359551,2.413630538111892,3.049666728925543
new_preds,OFT-0032-00,slow,1119,4.2101085296065,0.9971910112359551,0.9971910112359551,2.4182921010069145,3.0991778471824443
new_preds,OFT-0032-00,medium,1120,4.628321409788935,0.9971910112359551,0.9971910112359551,2.615205939124763,3.258956305931589
new_preds,OFT-0033-00,fast,1121,4.693844738587191,0.9971910112359551,0.9971910112359551,2.5033445356180084,3.1194279112231813
new_preds,OFT-0033-00,slow,1122,4.270143474479808,0.9971910112359551,0.9971910112359551,2.5057182440239094,3.067991806347098
new_preds,OFT-0033-00,medium,1123,4.645926144240679,0.9971910112359551,0.9971910112359551,2.5697675101412796,3.1921845391370347
new_preds,OFT-0034-00,fast,1124,4.890487666283511,0.9971910112359551,0.9971910112359551,2.3778633144974117,3.079620194743185
new_preds,OFT-0034-00,medium,1125,4.442553373729767,0.9971910112359551,0.9971910112359551,2.429172179949548,3.1243444137601966
new_preds,OFT-0034-00,slow,1126,4.436239364601234,0.9971910112359551,0.9971910112359551,2.692187365366097,3.3238110174532314
new_preds,OFT-0035-00,fast,1127,4.405598448001689,0.9971910112359551,0.9971910112359551,2.235137957172497,2.903733021930264
new_preds,OFT-0035-00,slow,1128,4.481746791073066,0.9971910112359551,0.9971910112359551,2.5312395813789808,3.1984742448519072
new_preds,OFT-0035-00,medium,1129,4.584635886083203,0.9971910112359551,0.9971910112359551,2.2888653790601423,3.034306718654625
new_preds,OFT-0036-00,fast,1130,4.329479452760652,0.9971910112359551,0.9971910112359551,2.225136071819687,2.929733257843882
new_preds,OFT-0036-00,medium,1131,4.4793558356291925,0.9971910112359551,0.9971910112359551,2.273216276143244,3.084308359055953
new_preds,OFT-0036-00,slow,1132,4.385253191922027,0.9971910112359551,0.9971910112359551,2.3986624479106284,3.092758213696817
new_preds,OFT-0037-00,fast,1133,4.525020382658867,0.9971910112359551,0.9971910112359551,2.313305012760793,3.047119185080247
new_preds,OFT-0037-00,slow,1134,4.319063619593156,1.050561797752809,1.050561797752809,2.515588897062008,3.2387681456167114
new_preds,OFT-0037-00,medium,1135,4.3894302111831625,0.9971910112359551,0.9971910112359551,2.388845627310882,3.0957687422739295
new_preds,OFT-0038-00,fast,1136,4.664629102999313,0.9971910112359551,0.9971910112359551,2.5473096083825415,3.2538416219097637
new_preds,OFT-0038-00,slow,1137,4.209214862866894,0.9971910112359551,0.9971910112359551,2.387026628201612,3.068266751837362
new_preds,OFT-0038-00,medium,1138,4.461431344396254,0.9971910112359551,0.9971910112359551,2.532430363561127,3.206213209694448
new_preds,OFT-0039-00,slow,1139,4.089155600566354,0.9971910112359551,0.9971910112359551,2.3948945483511044,2.982043667388925
new_preds,OFT-0039-00,medium,1140,4.375175475582236,0.9971910112359551,0.9971910112359551,2.5164132376966717,3.140437573420192
new_preds,OFT-0039-00,fast,1141,5.000258601370861,0.9971910112359551,0.9971910112359551,2.675513237809263,3.319724949759536
new_preds,OFT-0040-00,fast,1142,4.49812768055385,0.9971910112359551,0.9971910112359551,2.389629017175899,3.1257180107556986
new_preds,OFT-0040-00,slow,1143,3.981509873304606,0.9971910112359551,0.9971910112359551,2.4524105921673094,3.0687084301589063
new_preds,OFT-0040-00,medium,1144,4.694224598326492,0.9971910112359551,0.9971910112359551,2.4416695282653795,3.174242195865901
new_preds,OFT-0041-00,fast,1145,4.325886926892397,0.9971910112359551,0.9971910112359551,2.396770938264766,2.9656103843079644
new_preds,OFT-0041-00,slow,1146,4.439671223825373,0.9971910112359551,0.9971910112359551,2.314078518066345,3.048208048010718
new_preds,OFT-0041-00,medium,1147,4.343307701881064,0.9971910112359551,0.9971910112359551,2.427555226329641,3.058466289956798
new_preds,OFT-0042-00,fast,1148,4.6878024360425705,0.9971910112359551,0.9971910112359551,2.5542149994764944,3.1897828125824863
new_preds,OFT-0042-00,slow,1149,4.421424407217231,0.9971910112359551,0.9971910112359551,2.6688901731271626,3.2342398320233907
new_preds,OFT-0042-00,medium,1150,4.851681426619428,0.9971910112359551,0.9971910112359551,2.3601513270537438,3.110609347244619
new_preds,OFT-0043-00,medium,1151,4.401147157183103,0.9971910112359551,0.9971910112359551,2.5540687432424374,3.1483874630777002
new_preds,OFT-0043-00,fast,1152,4.80836524684265,0.9971910112359551,0.9971910112359551,2.59776267014692,3.251320858524536
new_preds,OFT-0043-00,slow,1153,4.359647798997636,0.9971910112359551,0.9971910112359551,2.5661227556513557,3.152065993595109
new_preds,OFT-0044-00,fast,1154,4.172929963938837,0.9971910112359551,0.9971910112359551,2.27261849125875,2.8755827891198225
new_preds,OFT-0044-00,medium,1155,4.461527351672153,0.9971910112359551,0.9971910112359551,2.485314498288633,3.214445344204322
new_preds,OFT-0044-00,slow,1156,3.989439494506292,1.050561797752809,1.050561797752809,2.4682075758078987,2.988905596952972
new_preds,OFT-0045-00,fast,1157,4.871985440155497,0.9971910112359551,0.9971910112359551,2.6268275321396737,3.2629976686706983
new_preds,OFT-0045-00,slow,1158,4.24183390266097,0.9971910112359551,0.9971910112359551,2.464799130144572,2.9965237428498517
new_preds,OFT-0045-00,medium,1159,4.882044202584655,0.9971910112359551,0.9971910112359551,2.5994460339546017,3.2646449748796273
new_preds,OFT-0046-00,fast,1160,4.802073791509754,0.9971910112359551,0.9971910112359551,2.5833735769868946,3.257602224586397
new_preds,OFT-0046-00,slow,1161,4.3174370936310735,0.9971910112359551,0.9971910112359551,2.5445609159917115,3.2181022728996016
new_preds,OFT-0046-00,medium,1162,4.516807936553054,0.9971910112359551,0.9971910112359551,2.5453918524621018,3.163684471948163
new_preds,OFT-0047-00,medium,1163,4.488050749004495,0.9971910112359551,0.9971910112359551,2.60941192306821,3.220140774634046
new_preds,OFT-0047-00,fast,1164,4.573165763790181,0.9971910112359551,0.9971910112359551,2.3630838053417027,3.0912082551863564
new_preds,OFT-0047-00,slow,1165,4.385622812079428,0.9971910112359551,0.9971910112359551,2.4108209408946624,3.085411020574666
new_preds,OFT-0048-00,fast,1166,4.37794227740452,0.9971910112359551,0.9971910112359551,2.3753377018962727,3.1349361905233257
new_preds,OFT-0048-00,medium,1167,4.5667706843964675,0.9971910112359551,0.9971910112359551,2.5805901653656633,3.245551653154995
new_preds,OFT-0048-00,slow,1168,4.400493812650975,1.050561797752809,1.050561797752809,2.7020970185292703,3.3560433719954124
new_preds,OFT-0049-00,medium,1169,3.9183366196012517,0.9971910112359551,0.9971910112359551,2.322826760155823,2.931529605865552
new_preds,OFT-0049-00,fast,1170,4.893257013886274,0.9971910112359551,0.9971910112359551,2.3595422721696346,3.1725163322510483
new_preds,OFT-0049-00,slow,1171,4.345611684195665,1.050561797752809,1.050561797752809,2.4441885767358165,3.1448475680916963
new_preds,OFT-0050-00,slow,1172,4.198836923144336,1.050561797752809,1.050561797752809,2.442602577305278,3.13512388717983
new_preds,OFT-0050-00,medium,1173,4.198541329861074,0.9971910112359551,0.9971910112359551,2.2200271720846683,2.864244973230334
new_preds,OFT-0050-00,fast,1174,4.117968160901143,0.9971910112359551,0.9971910112359551,2.2058121721657864,2.7610495481779638
new_preds,OFT-0051-00,fast,1175,4.79214614977874,0.9971910112359551,0.9971910112359551,2.5841572059665356,3.202401998348858
new_preds,OFT-0051-00,medium,1176,4.979108716079321,0.9971910112359551,0.9971910112359551,2.629119291622896,3.2931582266003026
new_preds,OFT-0051-00,slow,1177,4.396204736549175,0.9971910112359551,0.9971910112359551,2.536196614358764,3.1412721089156106
new_preds,OFT-0052-00,medium,1178,4.306184919137157,0.9971910112359551,0.9971910112359551,2.3889725747588284,3.0949491498000437
new_preds,OFT-0052-00,fast,1179,4.698904201823417,0.9971910112359551,0.9971910112359551,2.5874875354295668,3.247603730594971
new_preds,OFT-0052-00,slow,1180,4.340319530199363,1.050561797752809,1.050561797752809,2.549776409878171,3.2112570982614823
new_preds,OFT-0053-00,fast,1181,4.3501938124344495,0.9971910112359551,0.9971910112359551,2.5080189958618475,3.319877059343852
new_preds,OFT-0053-00,slow,1182,4.097877883354653,0.9971910112359551,0.9971910112359551,2.4933603811842127,3.0930355125610873
new_preds,OFT-0053-00,medium,1183,4.854392387538863,0.9971910112359551,0.9971910112359551,2.6694272323706607,3.298244926994078
new_preds,OFT-0054-00,fast,1184,4.400553103433051,0.9971910112359551,0.9971910112359551,2.177268102556929,2.887301370013661
new_preds,OFT-0054-00,slow,1185,4.413923498431505,0.9971910112359551,0.9971910112359551,2.4972334397407927,3.1612987038640417
new_preds,OFT-0054-00,medium,1186,4.554406174546953,0.9971910112359551,0.9971910112359551,2.37333608989775,3.1274421646601054
new_preds,OFT-0055-00,fast,1187,4.528198057028074,0.9971910112359551,0.9971910112359551,2.3993510182041162,3.0894980237544827
new_preds,OFT-0055-00,slow,1188,4.369319563164845,0.9971910112359551,0.9971910112359551,2.5201118419290296,3.1803826995333173
new_preds,OFT-0055-00,medium,1189,4.474648525572072,0.9971910112359551,0.9971910112359551,2.361502675009823,3.0604744261402614
new_preds,OFT-0056-00,fast,1190,4.662288240630274,0.9971910112359551,0.9971910112359551,2.513915765449174,3.150310072221796
new_preds,OFT-0056-00,slow,1191,4.521229030702265,0.9971910112359551,0.9971910112359551,2.4144520553149365,3.1224961980428283
new_preds,OFT-0056-00,medium,1192,4.6962782460894745,0.9971910112359551,0.9971910112359551,2.629529058560307,3.3000183214626446
new_preds,OFT-0057-00,medium,1193,4.685070091068427,0.9971910112359551,0.9971910112359551,2.464734048691834,3.131020542082772
new_preds,OFT-0057-00,fast,1194,4.465006536971501,0.9971910112359551,0.9971910112359551,2.274272483900396,3.03212937588932
new_preds,OFT-0057-00,slow,1195,4.189079894924145,0.9971910112359551,0.9971910112359551,2.47785536407097,3.1453056923461244
new_preds,OFT-0058-00,slow,1196,4.2622710152589,1.050561797752809,1.050561797752809,2.5341451571412694,3.1925781553129706
new_preds,OFT-0058-00,fast,1197,5.000962413844688,0.9971910112359551,0.9971910112359551,2.5634237210304525,3.2265611391097493
new_preds,OFT-0058-00,medium,1198,4.637595563710862,0.9971910112359551,0.9971910112359551,2.3828185962348747,3.056563983171035
new_preds,OFT-0059-00,fast,1199,4.613961123588185,0.9971910112359551,0.9971910112359551,2.655772028053355,3.2960948847897713
new_preds,OFT-0059-00,medium,1200,4.493070552872954,0.9971910112359551,0.9971910112359551,2.601206889454399,3.19562849905669
new_preds,OFT-0059-00,slow,1201,4.158303143635743,0.9971910112359551,0.9971910112359551,2.472181884303928,3.0531628237411987
new_preds,OFT-0060-00,medium,1202,4.491517158351333,0.9971910112359551,0.9971910112359551,2.330660460325949,3.0407473400440876
new_preds,OFT-0060-00,slow,1203,4.2310822078741674,0.9971910112359551,0.9971910112359551,2.4735549501339014,3.1032630358689217
new_preds,OFT-0060-00,fast,1204,4.344703854607229,0.9971910112359551,0.9971910112359551,2.3641715722651635,3.0604757968308722
new_preds,OFT-0061-00,slow,1205,4.390217801744066,0.9971910112359551,0.9971910112359551,2.390588033810287,3.081946290419591
new_preds,OFT-0061-00,medium,1206,4.217654183813479,0.9971910112359551,0.9971910112359551,2.179446432412337,2.8844608306793362
new_preds,OFT-0061-00,fast,1207,4.43113095464259,0.9971910112359551,0.9971910112359551,2.2398047935425844,2.924507655195724
new_preds,OFT-0062-00,medium,1208,4.426498451155136,0.9971910112359551,0.9971910112359551,2.3600772523465254,3.071316736095816
new_preds,OFT-0062-00,fast,1209,4.206927503503045,0.9971910112359551,0.9971910112359551,2.195365626908703,2.888051405281019
new_preds,OFT-0062-00,slow,1210,4.436263311187623,0.9971910112359551,0.9971910112359551,2.3714710220415927,3.0937462906715645
new_preds,OFT-0063-00,slow,1211,4.221368263955944,0.9971910112359551,0.9971910112359551,2.429995828921327,3.122563132945109
new_preds,OFT-0063-00,medium,1212,4.4422259431265605,0.9971910112359551,0.9971910112359551,2.3723481564674205,3.0240284784481464
new_preds,OFT-0063-00,fast,1213,4.027743526591643,0.9971910112359551,0.9971910112359551,2.1235987277960007,2.8006987157780667
new_preds,OFT-0064-00,fast,1214,4.778976645745722,0.9971910112359551,0.9971910112359551,2.3328450890891808,3.0734488724971842
new_preds,OFT-0064-00,medium,1215,4.855163989692407,0.9971910112359551,0.9971910112359551,2.6942707840205045,3.298445551865686
new_preds,OFT-0064-00,slow,1216,4.6683376904789045,0.9971910112359551,0.9971910112359551,2.7343615078767796,3.3514150096878508
new_preds,OFT-0065-00,fast,1217,4.2574612439667945,0.9971910112359551,0.9971910112359551,2.3003656337981377,3.027088878369858
new_preds,OFT-0065-00,medium,1218,4.26119651040277,0.9971910112359551,0.9971910112359551,2.359901448094544,3.008217725299605
new_preds,OFT-0065-00,slow,1219,4.536687380493571,0.9971910112359551,0.9971910112359551,2.5888020124812403,3.261042353739234
new_preds,OFT-0066-00,medium,1220,5.7010325028471875,0.8370786516853933,0.8370786516853933,2.473913989675619,3.2031788805230104
new_preds,OFT-0066-00,fast,1221,4.6589436803384,0.9971910112359551,0.9971910112359551,2.3930534323368318,3.0951635224244414
new_preds,OFT-0066-00,slow,1222,4.477576295190804,0.9971910112359551,0.9971910112359551,2.4787148694537477,3.1296670218062452
new_preds,OFT-0067-00,medium,1223,4.455408267409839,0.9971910112359551,0.9971910112359551,2.48783535855492,3.1284831754578275
new_preds,OFT-0067-00,fast,1224,4.306539912748317,0.9971910112359551,0.9971910112359551,2.228930897340381,2.9194709144803177
new_preds,OFT-0067-00,slow,1225,3.9488951907721783,0.9971910112359551,0.9971910112359551,2.415852164212653,2.935145373930268
new_preds,OFT-0068-00,fast,1226,4.788594148001442,0.9971910112359551,0.9971910112359551,2.4972314325797353,3.1693345753364013
new_preds,OFT-0068-00,medium,1227,4.857446275239805,0.9971910112359551,0.9971910112359551,2.5735705406184057,3.2096962341977395
new_preds,OFT-0068-00,slow,1228,4.535754021569524,0.9971910112359551,0.9971910112359551,2.3299484461607816,3.053211568151391
new_preds,OFT-0069-00,fast,1229,4.760048225336191,0.9971910112359551,0.9971910112359551,2.353139288436292,3.0626604204643066
new_preds,OFT-0069-00,medium,1230,4.490508204658891,0.9971910112359551,0.9971910112359551,2.390299812546499,3.067971641868768
new_preds,OFT-0069-00,slow,1231,4.224691733039778,1.050561797752809,1.050561797752809,2.4313018902806434,3.111506662025546
new_preds,OFT-0070-00,fast,1232,4.710949803428415,0.9971910112359551,0.9971910112359551,2.41465812702253,3.138976399697465
new_preds,OFT-0070-00,medium,1233,4.655579513239011,0.9971910112359551,0.9971910112359551,2.4845942867593678,3.1837667772417544
new_preds,OFT-0070-00,slow,1234,4.247972766305601,0.9971910112359551,0.9971910112359551,2.4941484586349705,3.05130615090146
new_preds,OFT-0071-00,medium,1235,4.683143460701383,0.9971910112359551,0.9971910112359551,2.525511112143035,3.16854189469121
new_preds,OFT-0071-00,slow,1236,4.291197625363258,0.9971910112359551,0.9971910112359551,2.4066594393405665,3.1084903835485087
new_preds,OFT-0071-00,fast,1237,4.6573653924739045,0.9971910112359551,0.9971910112359551,2.3476241565510545,3.0674258261627103
new_preds,OFT-0072-00,medium,1238,4.5598471842986115,0.9971910112359551,0.9971910112359551,2.5123337239328016,3.15573399069867
new_preds,OFT-0072-00,slow,1239,4.253974019734218,0.9971910112359551,0.9971910112359551,2.4666705455588813,3.0631014997630093
new_preds,OFT-0072-00,fast,1240,4.596595102078389,0.9971910112359551,0.9971910112359551,2.427978801486857,3.055872959064929
new_preds,OFT-0073-00,fast,1241,4.627057035327594,0.9971910112359551,0.9971910112359551,2.329755097142063,3.0790713131214575
new_preds,OFT-0073-00,slow,1242,4.641686538875379,0.9971910112359551,0.9971910112359551,2.6665371183822475,3.353208357550755
new_preds,OFT-0073-00,medium,1243,4.600996681980382,0.9971910112359551,0.9971910112359551,2.525489927492916,3.197234100237397
new_preds,OFT-0074-00,medium,1244,5.125316815662919,0.9971910112359551,0.9971910112359551,2.5119545308806437,3.203269928816507
new_preds,OFT-0074-00,slow,1245,4.4870410145266275,0.9971910112359551,0.9971910112359551,2.5875517838339084,3.2324048754056007
new_preds,OFT-0074-00,fast,1246,4.967039407589046,0.9971910112359551,0.9971910112359551,2.5982756905457487,3.1857386105286496
new_preds,OFT-0075-00,fast,1247,4.683462023330634,0.9971910112359551,0.9971910112359551,2.4138444557007817,3.1116060957490874
new_preds,OFT-0075-00,slow,1248,4.0126910889288245,1.050561797752809,1.050561797752809,2.3715573477453775,2.94490009131755
new_preds,OFT-0075-00,medium,1249,4.439332016530014,0.9971910112359551,0.9971910112359551,2.353787432269365,3.0067446683289454
new_preds,OFT-0076-00,fast,1250,4.708634749128798,0.9971910112359551,0.9971910112359551,2.5186589553404306,3.170394857729274
new_preds,OFT-0076-00,slow,1251,4.568165628510256,0.9971910112359551,0.9971910112359551,2.6352134662004354,3.2283894930708263
new_preds,OFT-0076-00,medium,1252,4.072389633124368,0.9971910112359551,0.9971910112359551,2.3410301906651627,2.8578281579996743
new_preds,OFT-0077-00,slow,1253,4.350334383013307,0.9971910112359551,0.9971910112359551,2.5539801455603977,3.1964521301675655
new_preds,OFT-0077-00,fast,1254,4.631858056257061,0.9971910112359551,0.9971910112359551,2.451227166247858,3.155669799649849
new_preds,OFT-0077-00,medium,1255,4.755282592101947,0.9971910112359551,0.9971910112359551,2.3960871684571354,3.1304098661894857
new_preds,OFT-0078-00,slow,1256,4.593591695023566,0.9971910112359551,0.9971910112359551,2.692527052581162,3.2909059061115626
new_preds,OFT-0078-00,fast,1257,4.699419209739372,0.9971910112359551,0.9971910112359551,2.5444338670472226,3.1917307326798454
new_preds,OFT-0078-00,medium,1258,4.675561761602436,0.9971910112359551,0.9971910112359551,2.5746922809890695,3.0899713506339155
new_preds,OFT-0079-00,fast,1259,4.6695056229865335,0.9971910112359551,0.9971910112359551,2.515727813032995,3.182705429776558
new_preds,OFT-0079-00,medium,1260,4.436400333996175,0.9971910112359551,0.9971910112359551,2.546474021105717,3.1720999508018077
new_preds,OFT-0079-00,slow,1261,4.346350976088547,0.9971910112359551,0.9971910112359551,2.545024959282806,3.1772032705883286
new_preds,OFT-0080-00,medium,1262,4.467815804366503,0.9971910112359551,0.9971910112359551,2.36593983796327,3.0198640610571106
new_preds,OFT-0080-00,fast,1263,4.67815364318467,0.9971910112359551,0.9971910112359551,2.407261714729703,3.0557225187141563
new_preds,OFT-0080-00,slow,1264,4.608279535820024,0.9971910112359551,0.9971910112359551,2.618340710500889,3.2520517891173313
new_preds,OFT-0081-00,fast,1265,4.640225034973575,0.9971910112359551,0.9971910112359551,2.593261522431005,3.280323999105677
new_preds,OFT-0081-00,medium,1266,4.398478007033689,0.9971910112359551,0.9971910112359551,2.5443304739847994,3.2143390468682553
new_preds,OFT-0081-00,slow,1267,4.333358721776572,1.050561797752809,1.050561797752809,2.6160970068901506,3.2657970180326448
new_preds,OFT-0082-00,fast,1268,4.71920710902747,0.9971910112359551,0.9971910112359551,2.4581398096304943,3.1226139889242286
new_preds,OFT-0082-00,medium,1269,4.757495313613743,0.9971910112359551,0.9971910112359551,2.548852384427652,3.2223442932417568
new_preds,OFT-0082-00,slow,1270,4.45754087973112,0.9971910112359551,0.9971910112359551,2.6557542774490077,3.2924215427922956
new_preds,OFT-0083-00,fast,1271,4.58261538850381,0.9971910112359551,0.9971910112359551,2.4792500650990754,3.172179526466497
new_preds,OFT-0083-00,medium,1272,4.403292727568305,0.9971910112359551,0.9971910112359551,2.2361518528847295,2.978356215640934
new_preds,OFT-0083-00,slow,1273,4.293585078958947,0.9971910112359551,0.9971910112359551,2.259089258199562,2.9595250881632165
new_preds,OFT-0084-00,fast,1274,4.425037628137329,0.9971910112359551,0.9971910112359551,2.379653806693734,3.0674593595159116
new_preds,OFT-0084-00,slow,1275,4.067772193644789,0.9971910112359551,0.9971910112359551,2.4223948190562044,3.0206381673225056
new_preds,OFT-0084-00,medium,1276,4.493481640204785,0.9971910112359551,0.9971910112359551,2.345992085462571,2.9875964499218206
new_preds,OFT-0085-00,medium,1277,4.144252059259943,0.9971910112359551,0.9971910112359551,2.380339551722588,3.0104037020557697
new_preds,OFT-0085-00,fast,1278,4.7331463296784175,0.9971910112359551,0.9971910112359551,2.496385474717207,3.197074706670213
new_preds,OFT-0085-00,slow,1279,4.278507438471069,0.9971910112359551,0.9971910112359551,2.4649896584646362,3.1278971794088855
new_preds,OFT-0086-00,fast,1280,4.722954764923046,0.9971910112359551,0.9971910112359551,2.350974965645784,3.052155351882982
new_preds,OFT-0086-00,slow,1281,4.228189554695181,0.9971910112359551,0.9971910112359551,2.460128066479796,3.1084170829437308
new_preds,OFT-0086-00,medium,1282,4.69649668041379,0.9971910112359551,0.9971910112359551,2.52464164327688,3.1656882826830874
new_preds,OFT-0087-00,medium,1283,4.621343600878224,0.9971910112359551,0.9971910112359551,2.5709422666003987,3.176078391845446
new_preds,OFT-0087-00,fast,1284,4.576624447902894,0.9971910112359551,0.9971910112359551,2.3987329975969804,3.0846965767295793
new_preds,OFT-0087-00,slow,1285,4.172608188579726,0.9971910112359551,0.9971910112359551,2.4702908811054596,3.118761619492454
new_preds,OFT-0088-00,fast,1286,4.725065902176383,0.9971910112359551,0.9971910112359551,2.3779641718926854,3.0741092887157495
new_preds,OFT-0088-00,medium,1287,4.855625092454286,0.9971910112359551,0.9971910112359551,2.528983777866123,3.210632141330388
new_preds,OFT-0088-00,slow,1288,4.318433261797917,0.9971910112359551,0.9971910112359551,2.452042141433783,3.1547111702983957
new_preds,OFT-0089-00,fast,1289,4.680235536033955,0.9971910112359551,0.9971910112359551,2.4721239976339375,3.1537600385035027
new_preds,OFT-0089-00,medium,1290,4.3751447063852895,0.9971910112359551,0.9971910112359551,2.430875445117696,3.0518890656280098
new_preds,OFT-0089-00,slow,1291,4.163980617968339,0.9971910112359551,0.9971910112359551,2.532519000635832,3.1005030080891065
new_preds,OFT-0090-00,fast,1292,4.582973601240918,0.9971910112359551,0.9971910112359551,2.4372536704512004,3.0456573474506228
new_preds,OFT-0090-00,slow,1293,4.179245693354891,0.9971910112359551,0.9971910112359551,2.5280608976634356,3.1406840535466576
new_preds,OFT-0090-00,medium,1294,4.462222892831686,0.9971910112359551,0.9971910112359551,2.482845381931537,3.1021039139572464
new_preds,OFT-0091-00,fast,1295,4.651479675362914,0.9971910112359551,0.9971910112359551,2.532256537787163,3.218806086951648
new_preds,OFT-0091-00,slow,1296,4.119838219584431,0.9971910112359551,0.9971910112359551,2.4488295325107337,3.0176048355387164
new_preds,OFT-0091-00,medium,1297,4.1925899868306695,0.9971910112359551,0.9971910112359551,2.343943339482024,2.882507887080594
new_preds,OFT-0092-00,medium,1298,4.778693099657516,0.9971910112359551,0.9971910112359551,2.6521089437653576,3.244938864942816
new_preds,OFT-0092-00,fast,1299,4.809556875680213,0.9971910112359551,0.9971910112359551,2.552347675889675,3.170061094139909
new_preds,OFT-0092-00,slow,1300,4.603358103270016,0.9971910112359551,0.9971910112359551,2.7260487437518788,3.337055892000709
new_preds,OFT-0093-00,fast,1301,4.4016831885588035,0.9971910112359551,0.9971910112359551,2.372813208797742,3.0284643295462534
new_preds,OFT-0093-00,medium,1302,4.225244797028434,0.9971910112359551,0.9971910112359551,2.575325628872236,3.228366273421606
new_preds,OFT-0093-00,slow,1303,4.217217270984768,0.9971910112359551,0.9971910112359551,2.6045103471838833,3.1879359262206384
new_preds,OFT-0094-00,fast,1304,4.6815175121222845,0.9971910112359551,0.9971910112359551,2.546062350895989,3.1969405366884946
new_preds,OFT-0094-00,slow,1305,4.420567851267832,0.9971910112359551,0.9971910112359551,2.490759702833987,3.1248245361079654
new_preds,OFT-0094-00,medium,1306,4.534048105887992,0.9971910112359551,0.9971910112359551,2.4593161882784655,3.1397686374936216
new_preds,OFT-0095-00,slow,1307,4.289556608391641,0.9971910112359551,0.9971910112359551,2.48955770834286,3.158715684036735
new_preds,OFT-0095-00,medium,1308,4.692437714024976,0.9971910112359551,0.9971910112359551,2.4891666390000973,3.1761474269253087
new_preds,OFT-0095-00,fast,1309,4.5976033178964055,0.9971910112359551,0.9971910112359551,2.4280871968937356,3.0750337896749302
new_preds,OFT-0096-00,slow,1310,4.71047460696587,0.9971910112359551,0.9971910112359551,2.692976479369684,3.2924582468198436
new_preds,OFT-0096-00,fast,1311,4.706604989909177,0.9971910112359551,0.9971910112359551,2.4834101053240123,3.2020343056894136
new_preds,OFT-0096-00,medium,1312,4.860035268567287,0.9971910112359551,0.9971910112359551,2.710091130948401,3.2598643746488563
new_preds,OFT-0097-00,fast,1313,4.7672302828749125,0.9971910112359551,0.9971910112359551,2.673546186207306,3.2570346930402883
new_preds,OFT-0097-00,medium,1314,4.573190581580467,0.9971910112359551,0.9971910112359551,2.617264094454502,3.2046716231509094
new_preds,OFT-0097-00,slow,1315,4.578265371216933,0.9971910112359551,0.9971910112359551,2.6458937845068737,3.247723195684579
new_preds,OFT-0098-00,medium,1316,4.940142950428737,0.9971910112359551,0.9971910112359551,2.6628688770339384,3.3091227353617994
new_preds,OFT-0098-00,fast,1317,4.81020203786011,0.9971910112359551,0.9971910112359551,2.546390644553807,3.148196569181561
new_preds,OFT-0098-00,slow,1318,4.312261824100694,0.9971910112359551,0.9971910112359551,2.5466613667055444,3.182382890874635
new_preds,OFT-0099-00,fast,1319,4.60625836150299,0.9971910112359551,0.9971910112359551,2.5965755104198993,3.256984122503709
new_preds,OFT-0099-00,slow,1320,4.114176434447276,1.050561797752809,1.050561797752809,2.491046173526372,3.151549894745009
new_preds,OFT-0099-00,medium,1321,4.237239319546008,0.9971910112359551,0.9971910112359551,2.495266883677764,3.102646763537138
new_preds,OFT-0100-00,fast,1322,4.697932154238039,0.9971910112359551,0.9971910112359551,2.4043478142481898,3.1490266424898974
new_preds,OFT-0100-00,slow,1323,4.223441872907073,0.9971910112359551,0.9971910112359551,2.548573111253909,3.115095445484081
new_preds,OFT-0100-00,medium,1324,4.480111171953976,0.9971910112359551,0.9971910112359551,2.4346042299751374,3.046990819683335
new_preds,OFT-0101-00,fast,1325,4.660410890881475,0.9971910112359551,0.9971910112359551,2.559229697517288,3.2266934567383116
new_preds,OFT-0101-00,slow,1326,4.817218812112184,0.9971910112359551,0.9971910112359551,2.6070860555931548,3.276857175723159
new_preds,OFT-0101-00,medium,1327,4.553039985405857,0.9971910112359551,0.9971910112359551,2.532044514491007,3.212053708749044
new_preds,OFT-0102-00,medium,1328,4.747828706560799,0.9971910112359551,0.9971910112359551,2.7164250298913717,3.3271824568493917
new_preds,OFT-0102-00,fast,1329,4.662108171707111,0.9971910112359551,0.9971910112359551,2.658438116365497,3.2271994140059137
new_preds,OFT-0102-00,slow,1330,4.457327620670472,0.9971910112359551,0.9971910112359551,2.794697551177024,3.4327171013851925
new_preds,OFT-0103-00,fast,1331,4.3961156554954774,0.9971910112359551,0.9971910112359551,2.4136003046059487,3.0449869790401305
new_preds,OFT-0103-00,medium,1332,3.9072012807752645,0.9971910112359551,0.9971910112359551,2.3989888681704943,2.9496046479412996
new_preds,OFT-0103-00,slow,1333,4.348576236770355,0.9971910112359551,0.9971910112359551,2.6464110921694424,3.2338838898672657
new_preds,OFT-0104-00,slow,1334,4.429654768289973,0.9971910112359551,0.9971910112359551,2.3841385572361604,2.9646995703782575
new_preds,OFT-0104-00,fast,1335,4.689727713302565,0.9971910112359551,0.9971910112359551,2.4640881757631865,3.0832349055690047
new_preds,OFT-0104-00,medium,1336,4.524367574480917,0.9971910112359551,0.9971910112359551,2.40844602769446,3.0519543647713316
new_preds,OFT-0105-00,fast,1337,4.523048166261562,0.9971910112359551,0.9971910112359551,2.597786005463134,3.2395837924200093
new_preds,OFT-0105-00,slow,1338,4.293845150508218,1.050561797752809,1.050561797752809,2.4619173050582934,3.142710926511665
new_preds,OFT-0105-00,medium,1339,4.397518593620797,0.9971910112359551,0.9971910112359551,2.448205477868524,3.0803824883763693
new_preds,OFT-0106-00,fast,1340,4.672341059488097,0.9971910112359551,0.9971910112359551,2.4348242470749333,3.146939131501742
new_preds,OFT-0106-00,slow,1341,4.405893669591949,0.9971910112359551,0.9971910112359551,2.4216740989693712,3.1066997299335184
new_preds,OFT-0106-00,medium,1342,4.548155718813268,0.9971910112359551,0.9971910112359551,2.4449728157449475,3.079132497296698
new_preds,OFT-0107-00,fast,1343,4.314054193077026,0.9971910112359551,0.9971910112359551,2.1848692595055375,2.856654770847789
new_preds,OFT-0107-00,medium,1344,4.662298791044389,0.9971910112359551,0.9971910112359551,2.4133118275674748,3.089108364539985
new_preds,OFT-0107-00,slow,1345,4.471242724050491,0.9971910112359551,0.9971910112359551,2.593101326581925,3.208542950747332
new_preds,OFT-0108-00,fast,1346,4.8796820512906605,0.9971910112359551,0.9971910112359551,2.7340042997559886,3.316126805862021
new_preds,OFT-0108-00,slow,1347,4.479630584138486,0.9971910112359551,0.9971910112359551,2.6853996469528982,3.301088376678766
new_preds,OFT-0108-00,medium,1348,4.553544389562428,0.9971910112359551,0.9971910112359551,2.6104378418240826,3.168696321569219
new_preds,OFT-0109-00,fast,1349,4.808650778437446,0.9971910112359551,0.9971910112359551,2.374714476257263,3.1497114419268457
new_preds,OFT-0109-00,medium,1350,4.707261224765973,0.9971910112359551,0.9971910112359551,2.579550900240595,3.2281818179322515
new_preds,OFT-0109-00,slow,1351,4.292780365216534,0.9971910112359551,0.9971910112359551,2.489560338264051,3.1535071393263787
new_preds,OFT-0110-00,fast,1352,4.597121092666956,0.9971910112359551,0.9971910112359551,2.52259840729897,3.1789461438805797
new_preds,OFT-0110-00,medium,1353,4.321709650518639,0.9971910112359551,0.9971910112359551,2.3183338469469774,2.9586299917459162
new_preds,OFT-0110-00,slow,1354,4.371247613108947,0.9971910112359551,0.9971910112359551,2.4951286445047964,3.153559399027095
new_preds,OFT-0111-00,fast,1355,5.032229407126352,0.9971910112359551,0.9971910112359551,2.718194781269162,3.3583513262563116
new_preds,OFT-0111-00,medium,1356,4.5885501770942785,0.9971910112359551,0.9971910112359551,2.2873424226708776,3.0098205976946404
new_preds,OFT-0111-00,slow,1357,4.075065586975454,0.9971910112359551,0.9971910112359551,2.5007672313647307,3.042378507819312
new_preds,OFT-0112-00,fast,1358,4.609161514640275,0.9971910112359551,0.9971910112359551,2.49006588747256,3.0559504728093714
new_preds,OFT-0112-00,medium,1359,4.72373564895977,0.9971910112359551,0.9971910112359551,2.4974789513624596,3.2271645895152705
new_preds,OFT-0112-00,slow,1360,4.804280840045488,0.9971910112359551,0.9971910112359551,2.6976692935778774,3.288039848914806
new_preds,OFT-0113-00,fast,1361,4.520244529410928,0.9971910112359551,0.9971910112359551,2.6100269440366266,3.2039622894406175
new_preds,OFT-0113-00,slow,1362,4.167028250596194,0.9971910112359551,0.9971910112359551,2.48341583536018,3.0661564261138703
new_preds,OFT-0113-00,medium,1363,4.313771237130797,0.9971910112359551,0.9971910112359551,2.447875956589411,3.123743601528698
new_preds,OFT-0114-00,medium,1364,4.36861344645909,0.9971910112359551,0.9971910112359551,2.4093995284575866,2.9818427793043965
new_preds,OFT-0114-00,slow,1365,4.255881620242895,0.9971910112359551,0.9971910112359551,2.454357664235227,3.0920216263404985
new_preds,OFT-0114-00,fast,1366,4.603848202141349,0.9971910112359551,0.9971910112359551,2.539032482270024,3.18264062731111
new_preds,OFT-0115-00,medium,1367,4.618319132731694,0.9971910112359551,0.9971910112359551,2.4738881178881043,3.174187926049617
new_preds,OFT-0115-00,fast,1368,4.388936249706601,0.9971910112359551,0.9971910112359551,2.3761788002044266,2.999132363551654
new_preds,OFT-0115-00,slow,1369,4.361594975281964,0.9971910112359551,0.9971910112359551,2.3683692416632436,3.0429570929933223
new_preds,OFT-0116-00,fast,1370,4.361736912852214,0.9971910112359551,0.9971910112359551,2.26648045400171,2.9580316604146066
new_preds,OFT-0116-00,medium,1371,4.36770666957466,0.9971910112359551,0.9971910112359551,2.4361912369689223,3.0594811883223434
new_preds,OFT-0116-00,slow,1372,4.203074298082942,0.9971910112359551,0.9971910112359551,2.430655051051529,3.1113162121353533
new_preds,OFT-0117-00,slow,1373,4.459398921739273,0.9971910112359551,0.9971910112359551,2.593928869565275,3.1864920545596376
new_preds,OFT-0117-00,fast,1374,4.475094255903902,0.9971910112359551,0.9971910112359551,2.421094096976316,3.051702797404355
new_preds,OFT-0117-00,medium,1375,4.668916871183041,0.9971910112359551,0.9971910112359551,2.5567256827838345,3.2406437361360405
new_preds,OFT-0118-00,fast,1376,4.502721626372971,0.9971910112359551,0.9971910112359551,2.3079090077286977,2.931572842134178
new_preds,OFT-0118-00,medium,1377,4.896472160101781,0.9971910112359551,0.9971910112359551,2.699005628571004,3.333576755614066
new_preds,OFT-0118-00,slow,1378,4.379057451261104,0.9971910112359551,0.9971910112359551,2.6151894206080124,3.207218418007328
new_preds,OFT-0119-00,fast,1379,4.770312868935462,0.9971910112359551,0.9971910112359551,2.5358330635745467,3.194163237527579
new_preds,OFT-0119-00,medium,1380,4.5819818025041705,0.9971910112359551,0.9971910112359551,2.654881416636779,3.29517680692514
new_preds,OFT-0119-00,slow,1381,4.3428835100101315,0.9971910112359551,0.9971910112359551,2.562745884589055,3.1482782565826604
new_preds,OFT-0120-00,medium,1382,4.602733753757217,0.9971910112359551,0.9971910112359551,2.503926172227562,3.1845819064817213
new_preds,OFT-0120-00,fast,1383,4.643220747692464,0.9971910112359551,0.9971910112359551,2.5506263046554207,3.124903839312939
new_preds,OFT-0120-00,slow,1384,4.258459753941824,0.9971910112359551,0.9971910112359551,2.492858452743692,3.1280702818725357
new_preds,OFT-0121-00,slow,1385,4.385066336902366,0.9971910112359551,0.9971910112359551,2.532098824437101,3.1943089448558166
new_preds,OFT-0121-00,medium,1386,4.778215956680875,0.9971910112359551,0.9971910112359551,2.603816603342384,3.262687992469161
new_preds,OFT-0121-00,fast,1387,4.64872663101014,0.9971910112359551,0.9971910112359551,2.5219708173276367,3.192362167678734
new_preds,OFT-0122-00,slow,1388,4.310646901032766,0.9971910112359551,0.9971910112359551,2.6187618113112636,3.2194066136655444
new_preds,OFT-0122-00,fast,1389,4.592857015959799,0.9971910112359551,0.9971910112359551,2.3905360397340143,3.075640631522433
new_preds,OFT-0122-00,medium,1390,4.565645677906755,0.9971910112359551,0.9971910112359551,2.3905895822896066,3.08264028310439
new_preds,OFT-0123-00,medium,1391,4.874232192612422,0.9971910112359551,0.9971910112359551,2.608783061004217,3.248164869963451
new_preds,OFT-0123-00,fast,1392,4.5369096279229595,0.9971910112359551,0.9971910112359551,2.3106964275391197,3.0276201209508966
new_preds,OFT-0123-00,slow,1393,4.1434646521225185,0.9971910112359551,0.9971910112359551,2.2302520821731835,2.918204556996819
new_preds,OFT-0124-00,fast,1394,4.290061052078492,0.9971910112359551,0.9971910112359551,2.350029421093439,2.979787011818197
new_preds,OFT-0124-00,medium,1395,4.636533899233091,0.9971910112359551,0.9971910112359551,2.3657585302813606,3.1102918572771516
new_preds,OFT-0124-00,slow,1396,4.33995904919089,0.9971910112359551,0.9971910112359551,2.5286484840970878,3.14573234170973
new_preds,OFT-0125-00,fast,1397,4.778692328586252,0.9971910112359551,0.9971910112359551,2.472253301918683,3.182140416401962
new_preds,OFT-0125-00,medium,1398,4.596648709507251,0.9971910112359551,0.9971910112359551,2.4017663398237477,3.1219169303253222
new_preds,OFT-0125-00,slow,1399,4.41374635229671,0.9971910112359551,0.9971910112359551,2.47017793808933,3.1198602176410297
new_preds,OFT-0126-00,medium,1400,4.568294818688322,0.9971910112359551,0.9971910112359551,2.3708459530041193,3.0718981438908735
new_preds,OFT-0126-00,fast,1401,4.507293281905581,0.9971910112359551,0.9971910112359551,2.36842435953984,3.0802589572339274
new_preds,OFT-0126-00,slow,1402,4.2603206465775765,0.9971910112359551,0.9971910112359551,2.235210825006377,2.9343770232475554
new_preds,OFT-0127-00,slow,1403,4.08791514702671,0.9971910112359551,0.9971910112359551,2.295857468935423,2.9865272006954284
new_preds,OFT-0127-00,medium,1404,4.195909470016245,0.9971910112359551,0.9971910112359551,2.338457499707153,2.988512960543222
new_preds,OFT-0127-00,fast,1405,4.336473034150992,0.9971910112359551,0.9971910112359551,2.2410804935469133,2.902355652676765
new_preds,OFT-0128-00,medium,1406,4.64100641959206,0.9971910112359551,0.9971910112359551,2.4696573803864132,3.158039476492287
new_preds,OFT-0128-00,fast,1407,4.6135905476587915,0.9971910112359551,0.9971910112359551,2.313516650196599,3.01694211980822
new_preds,OFT-0128-00,slow,1408,4.258204144702773,0.9971910112359551,0.9971910112359551,2.314685638823218,2.991402731874531
new_preds,OFT-0129-00,slow,1409,4.354208617968042,0.9971910112359551,0.9971910112359551,2.3298773754216673,3.043954939101332
new_preds,OFT-0129-00,medium,1410,4.345908189034486,0.9971910112359551,0.9971910112359551,2.2519607119885774,2.8939859135950328
new_preds,OFT-0129-00,fast,1411,4.586408914918889,0.9971910112359551,0.9971910112359551,2.3554647468885466,3.1085468525893685
new_preds,OFT-0130-00,medium,1412,4.724876883100824,0.9971910112359551,0.9971910112359551,2.567507305085143,3.2055235018591075
new_preds,OFT-0130-00,fast,1413,4.821110503703366,0.9971910112359551,0.9971910112359551,2.4587356777827027,3.1373571845016186
new_preds,OFT-0130-00,slow,1414,4.462967081769396,0.9971910112359551,0.9971910112359551,2.5227460056853888,3.1539550501560543
new_preds,OFT-0131-00,medium,1415,4.5045203591408915,0.9971910112359551,0.9971910112359551,2.4092759599612856,3.117651410796565
new_preds,OFT-0131-00,fast,1416,4.631283109756852,0.9971910112359551,0.9971910112359551,2.5523735423500606,3.1922173561789977
new_preds,OFT-0131-00,slow,1417,3.9809099801910803,0.9971910112359551,0.9971910112359551,2.3048740492459614,2.914530323792339
new_preds,OFT-0132-00,fast,1418,4.562896614209266,0.9971910112359551,0.9971910112359551,2.549513526267628,3.1836959594937424
new_preds,OFT-0132-00,slow,1419,4.587473171032426,0.9971910112359551,0.9971910112359551,2.640921627148962,3.2219896100432948
new_preds,OFT-0132-00,medium,1420,4.409035466890063,0.9971910112359551,0.9971910112359551,2.493181463016681,3.157306174940661
new_preds,OFT-0133-00,medium,1421,4.597235945346032,0.9971910112359551,0.9971910112359551,2.4674699331035317,3.1779907529270512
new_preds,OFT-0133-00,fast,1422,4.792293555888668,0.9971910112359551,0.9971910112359551,2.5467249982030626,3.191627972089393
new_preds,OFT-0133-00,slow,1423,4.3683989954794455,0.9971910112359551,0.9971910112359551,2.494992482599724,3.1299864340482344
new_preds,OFT-0134-00,fast,1424,4.485334934649929,0.9971910112359551,0.9971910112359551,2.327741057053375,3.031539302062388
new_preds,OFT-0134-00,medium,1425,4.532040993756141,0.9971910112359551,0.9971910112359551,2.3460361053086753,3.037636079844071
new_preds,OFT-0134-00,slow,1426,4.51246969666855,0.9971910112359551,0.9971910112359551,2.631858086928721,3.2629351668144424
new_preds,OFT-0135-00,medium,1427,4.59850626685039,0.9971910112359551,0.9971910112359551,2.393918568890685,3.128872094332804
new_preds,OFT-0135-00,fast,1428,4.640976569471048,0.9971910112359551,0.9971910112359551,2.573743730171056,3.2040676748475705
new_preds,OFT-0135-00,slow,1429,4.150261177966857,0.9971910112359551,0.9971910112359551,2.336076487004879,3.018243914407211
new_preds,OFT-0136-00,medium,1430,4.350404211298343,0.9971910112359551,0.9971910112359551,2.3104802620418994,2.9917918542565425
new_preds,OFT-0136-00,fast,1431,4.30715425533076,0.9971910112359551,0.9971910112359551,2.201492221690468,2.834787858117366
new_preds,OFT-0136-00,slow,1432,4.330283798198948,0.9971910112359551,0.9971910112359551,2.526901569403482,3.2013611994529834
new_preds,OFT-0137-00,slow,1433,3.822719276423856,0.9971910112359551,0.9971910112359551,2.235628144306686,2.872475397448953
new_preds,OFT-0137-00,medium,1434,4.58750983421176,0.9971910112359551,0.9971910112359551,2.4348164992070505,3.087122909723285
new_preds,OFT-0137-00,fast,1435,4.76453591918239,0.9971910112359551,0.9971910112359551,2.4055616082602143,3.1426174591109213
new_preds,OFT-0138-00,fast,1436,4.562087759414675,0.9971910112359551,0.9971910112359551,2.4644222922100707,3.1006330690257835
new_preds,OFT-0138-00,medium,1437,4.821965292464443,0.9971910112359551,0.9971910112359551,2.5315820957364426,3.206298724705241
new_preds,OFT-0138-00,slow,1438,4.386455713712664,0.9971910112359551,0.9971910112359551,2.5088458701023937,3.096548612667402
new_preds,OFT-0139-00,fast,1439,4.673798796948536,0.9971910112359551,0.9971910112359551,2.5702336029171433,3.2150031719928545
new_preds,OFT-0139-00,medium,1440,4.30681982678396,0.9971910112359551,0.9971910112359551,2.3481767352815472,2.9951738333914255
new_preds,OFT-0139-00,slow,1441,4.184520414505704,0.9971910112359551,0.9971910112359551,2.5755182785483357,3.166576735474014
new_preds,OFT-0140-00,fast,1442,4.581432062617506,0.9971910112359551,0.9971910112359551,2.387322235271743,3.1150677065680963
new_preds,OFT-0140-00,medium,1443,4.409143153713305,0.9971910112359551,0.9971910112359551,2.511617116895607,3.0680328815875586
new_preds,OFT-0140-00,slow,1444,4.33002396303159,0.9971910112359551,0.9971910112359551,2.3482996629644215,3.0747728977876743
new_preds,OFT-0141-00,fast,1445,4.731767706189768,0.9971910112359551,0.9971910112359551,2.4204425480519163,3.16553971109187
new_preds,OFT-0141-00,slow,1446,4.463195514441055,0.9971910112359551,0.9971910112359551,2.590488200946904,3.217483010322615
new_preds,OFT-0141-00,medium,1447,4.510702463952155,0.9971910112359551,0.9971910112359551,2.3531450345478087,3.050190767394476
new_preds,OFT-0142-00,medium,1448,4.350131253719874,0.9971910112359551,0.9971910112359551,2.4372072278675643,3.0390267746215773
new_preds,OFT-0142-00,fast,1449,4.816384715706743,0.9971910112359551,0.9971910112359551,2.5808478279711555,3.239380717073561
new_preds,OFT-0142-00,slow,1450,4.058818923018094,0.9971910112359551,0.9971910112359551,2.4575291479365595,3.036611747791333
new_preds,OFT-0143-00,medium,1451,4.607013227487583,0.9971910112359551,0.9971910112359551,2.3844542334031957,3.063938918364995
new_preds,OFT-0143-00,fast,1452,4.624121072418923,0.9971910112359551,0.9971910112359551,2.38710520581709,3.0541638872006094
new_preds,OFT-0143-00,slow,1453,4.093253028399525,0.9971910112359551,0.9971910112359551,2.227469203690054,2.9255995497208698
new_preds,OFT-0144-00,medium,1454,4.276430119976416,0.9971910112359551,0.9971910112359551,2.3133458720588553,3.001371574472748
new_preds,OFT-0144-00,slow,1455,3.7895251892971973,1.050561797752809,1.050561797752809,2.1399263655305893,2.7541281888786937
new_preds,OFT-0144-00,fast,1456,4.501043792201637,0.9971910112359551,0.9971910112359551,2.2906586234257866,3.0206757168511036
new_preds,OFT-0145-00,fast,1457,4.565848324017166,0.9971910112359551,0.9971910112359551,2.3700002867505647,3.0185368351345527
new_preds,OFT-0145-00,slow,1458,4.176684044588928,0.9971910112359551,0.9971910112359551,2.459892899946327,3.0786967152337006
new_preds,OFT-0145-00,medium,1459,4.576609671397573,0.9971910112359551,0.9971910112359551,2.4108483883754652,3.160478216088578
new_preds,OFT-0146-00,slow,1460,4.187753045607621,0.9971910112359551,0.9971910112359551,2.4088521104810927,3.0639046943377637
new_preds,OFT-0146-00,medium,1461,4.465459688739148,0.9971910112359551,0.9971910112359551,2.356562191495539,3.0480776043774656
new_preds,OFT-0146-00,fast,1462,4.586080892947436,0.9971910112359551,0.9971910112359551,2.4448216720021287,3.1160089829632356
new_preds,OFT-0147-00,fast,1463,4.562218166397154,0.9971910112359551,0.9971910112359551,2.423985675725012,3.0834360354854327
new_preds,OFT-0147-00,medium,1464,4.815153212906747,0.9971910112359551,0.9971910112359551,2.397443721460697,3.1843478732076376
new_preds,OFT-0147-00,slow,1465,4.188449817534402,0.9971910112359551,0.9971910112359551,2.41875890744286,3.1045617524792943
new_preds,OFT-0148-00,fast,1466,4.872269550011673,0.9971910112359551,0.9971910112359551,2.4768883974143394,3.1937133125531587
new_preds,OFT-0148-00,slow,1467,4.356183513682134,0.9971910112359551,0.9971910112359551,2.543730300300036,3.1299957528931057
new_preds,OFT-0148-00,medium,1468,4.543538376335478,0.9971910112359551,0.9971910112359551,2.475779279461829,3.158489653947184
new_preds,OFT-0149-00,fast,1469,4.650272862099513,0.9971910112359551,0.9971910112359551,2.5086841623466616,3.2723800519223145
new_preds,OFT-0149-00,slow,1470,4.313868829928286,0.9971910112359551,0.9971910112359551,2.602293084858575,3.2019349954654013
new_preds,OFT-0149-00,medium,1471,4.115512167156873,0.9971910112359551,0.9971910112359551,2.2283271518108343,2.8162336905075533
new_preds,OFT-0150-00,fast,1472,4.849972930755414,0.9971910112359551,0.9971910112359551,2.5914049069683958,3.2167447288293185
new_preds,OFT-0150-00,medium,1473,4.711812793727711,0.9971910112359551,0.9971910112359551,2.7218743962731065,3.296387709926249
new_preds,OFT-0150-00,slow,1474,4.541587467834644,0.9971910112359551,0.9971910112359551,2.587166777451762,3.186608013667656
new_preds,OFT-0151-00,fast,1475,4.47581209938029,0.9971910112359551,0.9971910112359551,2.2827392891087896,3.003690629108975
new_preds,OFT-0151-00,medium,1476,4.586848617875488,0.9971910112359551,0.9971910112359551,2.5205025099518936,3.219870686254041
new_preds,OFT-0151-00,slow,1477,4.509104576626961,0.9971910112359551,0.9971910112359551,2.3914517920411553,3.1834282629017534
new_preds,OFT-0152-00,medium,1478,4.565068257176772,0.9971910112359551,0.9971910112359551,2.5592049631432583,3.2361928945683696
new_preds,OFT-0152-00,slow,1479,4.378417757219085,1.050561797752809,1.050561797752809,2.5320225530385985,3.1608255697128964
new_preds,OFT-0152-00,fast,1480,4.933858541367103,0.9971910112359551,0.9971910112359551,2.4070667486162773,3.1891997811475155
new_preds,OFT-0153-00,fast,1481,4.790392805488765,0.9971910112359551,0.9971910112359551,2.6064792811329833,3.2539639409090837
new_preds,OFT-0153-00,slow,1482,4.298852263622224,0.9971910112359551,0.9971910112359551,2.319280605426005,3.0305839296268506
new_preds,OFT-0153-00,medium,1483,4.803599519897697,0.9971910112359551,0.9971910112359551,2.567863106963662,3.250003175003315
new_preds,OFT-0154-00,medium,1484,4.883937056610819,0.9971910112359551,0.9971910112359551,2.713115938412988,3.34293404150861
new_preds,OFT-0154-00,slow,1485,4.801769511198151,0.9971910112359551,0.9971910112359551,2.666260203354453,3.2920115026632573
new_preds,OFT-0154-00,fast,1486,4.687417110813602,0.9971910112359551,0.9971910112359551,2.48952537312141,3.110632940246134
new_preds,OFT-0155-00,fast,1487,4.694246666695921,0.9971910112359551,0.9971910112359551,2.469650212329316,3.129073611516277
new_preds,OFT-0155-00,slow,1488,4.202581086807991,0.9971910112359551,0.9971910112359551,2.2868529387867413,3.0469013339728046
new_preds,OFT-0155-00,medium,1489,4.61826719166661,0.9971910112359551,0.9971910112359551,2.3305495689232254,3.0569159456309856
new_preds,OFT-0156-00,fast,1490,4.773579803934737,0.9971910112359551,0.9971910112359551,2.5604978175278954,3.2252227604924677
new_preds,OFT-0156-00,medium,1491,4.602015642816863,0.9971910112359551,0.9971910112359551,2.523210584083434,3.2291987916612954
new_preds,OFT-0156-00,slow,1492,4.59822505960637,0.9971910112359551,0.9971910112359551,2.6114181621422365,3.258013289150425
new_preds,OFT-0157-00,fast,1493,4.60712739082767,0.9971910112359551,0.9971910112359551,2.453208848844829,3.1345760639350493
new_preds,OFT-0157-00,medium,1494,4.48409438862884,0.9971910112359551,0.9971910112359551,2.322692432668482,3.069822638986955
new_preds,OFT-0157-00,slow,1495,4.461144117390391,0.9971910112359551,0.9971910112359551,2.6616872858131626,3.325103663852174
new_preds,OFT-0158-00,fast,1496,4.504362617530443,0.9971910112359551,0.9971910112359551,2.2621990235696083,2.9905729866707276
new_preds,OFT-0158-00,medium,1497,4.829789917520121,0.9971910112359551,0.9971910112359551,2.6730433429378766,3.2671615851480094
new_preds,OFT-0158-00,slow,1498,4.447069263610625,0.9971910112359551,0.9971910112359551,2.505018837041369,3.0943670132458947
new_preds,OFT-0159-00,fast,1499,4.637014764894575,0.9971910112359551,0.9971910112359551,2.263203646047345,2.986893951996072
new_preds,OFT-0159-00,slow,1500,4.715465397430315,0.9971910112359551,0.9971910112359551,2.6836392320888645,3.3670957220638793
new_preds,OFT-0159-00,medium,1501,4.720074776769278,0.9971910112359551,0.9971910112359551,2.5783889567445617,3.27023757909519
new_preds,OFT-0160-00,slow,1502,4.192659913632532,1.050561797752809,1.050561797752809,2.457724110626723,3.165426401125242
new_preds,OFT-0160-00,medium,1503,4.336646528954018,0.9971910112359551,0.9971910112359551,2.257960495442459,2.966171630345888
new_preds,OFT-0160-00,fast,1504,3.9418265404543393,0.9971910112359551,0.9971910112359551,2.146868697984926,2.7282151930348357
new_preds,OFT-0161-00,fast,1505,4.694629713203494,0.9971910112359551,0.9971910112359551,2.3485068878675435,3.0830575738683565
new_preds,OFT-0161-00,medium,1506,4.266588530084356,0.9971910112359551,0.9971910112359551,2.3583623661281448,2.93857638500227
new_preds,OFT-0161-00,slow,1507,4.094752036646824,0.9971910112359551,0.9971910112359551,2.3401134356469906,2.981803998328408
new_preds,OFT-0162-00,fast,1508,4.525234406087257,0.9971910112359551,0.9971910112359551,2.2469069165732893,2.970789907788174
new_preds,OFT-0162-00,slow,1509,4.464346621342359,0.9971910112359551,0.9971910112359551,2.490078470299556,3.1504499325011164
new_preds,OFT-0162-00,medium,1510,4.4424016776167505,0.9971910112359551,0.9971910112359551,2.41602422435323,3.053208894279908
new_preds,OFT-0163-00,fast,1511,4.75833127543096,0.9971910112359551,0.9971910112359551,2.654356332496778,3.2690159183423932
new_preds,OFT-0163-00,medium,1512,4.703968149468646,0.9971910112359551,0.9971910112359551,2.416749189528248,3.131852811192107
new_preds,OFT-0163-00,slow,1513,4.313376371409123,0.9971910112359551,0.9971910112359551,2.5546479981752537,3.150977127363333
new_preds,OFT-0164-00,fast,1514,4.653549142132256,0.9971910112359551,0.9971910112359551,2.5540665120606594,3.2028617143037157
new_preds,OFT-0164-00,medium,1515,4.677610268516664,0.9971910112359551,0.9971910112359551,2.6156674060294063,3.2298002383238327
new_preds,OFT-0164-00,slow,1516,4.422427332913093,0.9971910112359551,0.9971910112359551,2.6670139977726643,3.268164208177638
new_preds,OFT-0165-00,fast,1517,4.662389465611315,0.9971910112359551,0.9971910112359551,2.568109293218331,3.227568273138857
new_preds,OFT-0165-00,slow,1518,4.480252033891773,0.9971910112359551,0.9971910112359551,2.4594712794217743,3.066716749110836
new_preds,OFT-0165-00,medium,1519,4.6057169870523005,0.9971910112359551,0.9971910112359551,2.606757152681279,3.198550563118524
new_preds,OFT-0166-00,fast,1520,4.766872315325636,0.9971910112359551,0.9971910112359551,2.5628755921793482,3.1844232062010702
new_preds,OFT-0166-00,medium,1521,4.568759513033559,0.9971910112359551,0.9971910112359551,2.4229915441855305,3.0674660223609735
new_preds,OFT-0166-00,slow,1522,4.370448601080603,0.9971910112359551,0.9971910112359551,2.729643681883535,3.3558484371695165
new_preds,OFT-0167-00,fast,1523,4.571063897417393,0.9971910112359551,0.9971910112359551,2.4567735639109554,3.173101040053428
new_preds,OFT-0167-00,medium,1524,4.488965554627943,0.9971910112359551,0.9971910112359551,2.557522480365326,3.159601451069147
new_preds,OFT-0167-00,slow,1525,4.178340578707507,0.9971910112359551,0.9971910112359551,2.507931931114413,3.0859932273320765
new_preds,OFT-0168-00,medium,1526,4.584144490715744,0.9971910112359551,0.9971910112359551,2.3932438524773505,3.0923808517623628
new_preds,OFT-0168-00,fast,1527,4.748869592116157,0.9971910112359551,0.9971910112359551,2.5614426134638992,3.203228949517988
new_preds,OFT-0168-00,slow,1528,4.3130224541031605,0.9971910112359551,0.9971910112359551,2.463753973894404,3.120895181624281
new_preds,OFT-0169-00,fast,1529,4.44717752860677,0.9971910112359551,0.9971910112359551,2.3968098954628445,3.0230654319839623
new_preds,OFT-0169-00,medium,1530,4.543264357043515,0.9971910112359551,0.9971910112359551,2.512792817423951,3.1940636050728197
new_preds,OFT-0169-00,slow,1531,4.357252672547332,0.9971910112359551,0.9971910112359551,2.633827127382099,3.279024585261963
new_preds,OFT-0170-00,slow,1532,4.3464770103084405,0.9971910112359551,0.9971910112359551,2.598565999172263,3.1560183395565757
new_preds,OFT-0170-00,fast,1533,4.63616656443175,0.9971910112359551,0.9971910112359551,2.5748530007750463,3.2315928086648724
new_preds,OFT-0170-00,medium,1534,4.368982746261139,0.9971910112359551,0.9971910112359551,2.358065368289884,2.9818985708327004
new_preds,OFT-0171-00,fast,1535,4.646116767779435,0.9971910112359551,0.9971910112359551,2.5167221388802288,3.206838732406369
new_preds,OFT-0171-00,medium,1536,4.825215669476662,0.9971910112359551,0.9971910112359551,2.626858503295297,3.281276586655241
new_preds,OFT-0171-00,slow,1537,4.642338541301598,0.9971910112359551,0.9971910112359551,2.4679995652297344,3.2280921385737646
new_preds,OFT-0172-00,slow,1538,4.210533316577904,0.9971910112359551,0.9971910112359551,2.418194323507044,3.1005548562624456
new_preds,OFT-0172-00,medium,1539,4.50722123588058,0.9971910112359551,0.9971910112359551,2.395445691440473,3.116019811266327
new_preds,OFT-0172-00,fast,1540,4.469752408431079,0.9971910112359551,0.9971910112359551,2.3538207688509107,3.0754118105084065
new_preds,OFT-0173-00,medium,1541,4.61588850211504,0.9971910112359551,0.9971910112359551,2.6086714170238077,3.1922247322654425
new_preds,OFT-0173-00,fast,1542,4.57203586181468,0.9971910112359551,0.9971910112359551,2.351519739896415,3.0154436719373034
new_preds,OFT-0173-00,slow,1543,4.413186101172026,1.050561797752809,1.050561797752809,2.640097950506055,3.250865407627887
new_preds,OFT-0174-00,slow,1544,4.069383984025186,0.9971910112359551,0.9971910112359551,2.441538325923285,3.0133783207966633
new_preds,OFT-0174-00,medium,1545,4.623183203207628,0.9971910112359551,0.9971910112359551,2.259507216717786,2.949566984364009
new_preds,OFT-0174-00,fast,1546,4.7727390073721745,0.9971910112359551,0.9971910112359551,2.438502582717946,3.1097882954940412
new_preds,OFT-0175-00,fast,1547,4.6855127910008765,0.9971910112359551,0.9971910112359551,2.4851666116199413,3.1806304053713093
new_preds,OFT-0175-00,medium,1548,4.532537613960302,0.9971910112359551,0.9971910112359551,2.432682887430285,3.1942039761712437
new_preds,OFT-0175-00,slow,1549,3.8812272926244393,0.9971910112359551,0.9971910112359551,2.358615241638277,2.8983550561173876
new_preds,OFT-0176-00,fast,1550,4.314683304159717,0.9971910112359551,0.9971910112359551,2.2634377519554354,2.93370345452093
new_preds,OFT-0176-00,slow,1551,3.8600012187896247,1.050561797752809,1.050561797752809,2.2456193191025684,2.9379255286616894
new_preds,OFT-0176-00,medium,1552,4.252390487158367,0.9971910112359551,0.9971910112359551,2.286535889505446,3.000178188006094
new_preds,OFT-0177-00,fast,1553,4.669281373325267,0.9971910112359551,0.9971910112359551,2.472415028374771,3.166110700969976
new_preds,OFT-0177-00,slow,1554,4.167280064371541,0.9971910112359551,0.9971910112359551,2.3557642652386943,2.9754769527288367
new_preds,OFT-0177-00,medium,1555,4.719109216132561,0.9971910112359551,0.9971910112359551,2.557848452136084,3.2579529696452854
new_preds,OFT-0178-00,fast,1556,4.734523923327563,0.9971910112359551,0.9971910112359551,2.491369381672359,3.1804391506928233
new_preds,OFT-0178-00,slow,1557,4.27391943869293,0.9971910112359551,0.9971910112359551,2.4484743589067874,3.1638365014165073
new_preds,OFT-0178-00,medium,1558,4.559592073315338,0.9971910112359551,0.9971910112359551,2.4918791414703336,3.109073085259767
new_preds,OFT-0179-00,fast,1559,4.816450285697773,0.9971910112359551,0.9971910112359551,2.561738447023222,3.1941443602290143
new_preds,OFT-0179-00,medium,1560,4.522123684599462,0.9971910112359551,0.9971910112359551,2.4940868713900275,3.158593672815602
new_preds,OFT-0179-00,slow,1561,4.198003115830007,0.9971910112359551,0.9971910112359551,2.5400102929504933,3.134798058505905
new_preds,OFT-0180-00,medium,1562,4.238319735810597,0.9971910112359551,0.9971910112359551,2.3144629848031095,3.007432750174886
new_preds,OFT-0180-00,slow,1563,4.068593107903358,0.9971910112359551,0.9971910112359551,2.3607663781872867,3.0534020542232034
new_preds,OFT-0180-00,fast,1564,4.372589475904976,0.9971910112359551,0.9971910112359551,2.3414167924632427,2.9542218894622465
new_preds,OFT-0181-00,fast,1565,4.433705681280083,0.9971910112359551,0.9971910112359551,2.468875562613434,3.07125106348568
new_preds,OFT-0181-00,medium,1566,4.705364579484432,0.9971910112359551,0.9971910112359551,2.310556490847042,3.049325131895886
new_preds,OFT-0181-00,slow,1567,4.3563889036081935,0.9971910112359551,0.9971910112359551,2.4599657656338203,3.045291164183536
new_preds,OFT-0182-00,slow,1568,4.357990242490277,0.9971910112359551,0.9971910112359551,2.5031603194417356,3.1563090044175244
new_preds,OFT-0182-00,medium,1569,4.4890162641635865,0.9971910112359551,0.9971910112359551,2.3526868164043764,3.071080141495458
new_preds,OFT-0182-00,fast,1570,4.594638213774002,0.9971910112359551,0.9971910112359551,2.3440839398816995,3.0936916147062057
new_preds,OFT-0183-00,medium,1571,4.721872131881256,0.9971910112359551,0.9971910112359551,2.329579376560034,3.08885009463353
new_preds,OFT-0183-00,fast,1572,4.269891483660928,0.9971910112359551,0.9971910112359551,2.224580261062268,2.8745047860363955
new_preds,OFT-0183-00,slow,1573,4.59420958023498,0.9971910112359551,0.9971910112359551,2.39709376714959,3.128157136414292
new_preds,OFT-0184-00,slow,1574,3.853884732014169,0.9971910112359551,0.9971910112359551,2.234915456837539,2.886450808351528
new_preds,OFT-0184-00,medium,1575,4.01226735843207,0.9971910112359551,0.9971910112359551,2.297151577030214,3.0818875805924937
new_preds,OFT-0184-00,fast,1576,4.67012111878591,0.9971910112359551,0.9971910112359551,2.509032122564723,3.1723715562123673
new_preds,OFT-0185-00,slow,1577,4.278647528093375,1.050561797752809,1.050561797752809,2.5100100639525516,3.192714947768833
new_preds,OFT-0185-00,fast,1578,4.439485406330292,0.9971910112359551,0.9971910112359551,2.2737747123905385,3.0172020083859605
new_preds,OFT-0185-00,medium,1579,4.588484408785564,0.9971910112359551,0.9971910112359551,2.385174366919772,3.1397414452556673
new_preds,OFT-0186-00,slow,1580,4.213729592008987,0.9971910112359551,0.9971910112359551,2.323071537046342,2.9760966789127288
new_preds,OFT-0186-00,medium,1581,4.70562065479045,0.9971910112359551,0.9971910112359551,2.391759807035395,3.1246340531625534
new_preds,OFT-0186-00,fast,1582,4.35597388333946,0.9971910112359551,0.9971910112359551,2.2321215266414356,2.9755763920621434
new_preds,OFT-0187-00,slow,1583,4.43599935149154,0.9971910112359551,0.9971910112359551,2.4856025889360596,3.147234660491478
new_preds,OFT-0187-00,fast,1584,4.4867037047253016,0.9971910112359551,0.9971910112359551,2.402109083357921,3.061194414114123
new_preds,OFT-0187-00,medium,1585,4.487122648964226,0.9971910112359551,0.9971910112359551,2.3999769202228185,3.0290922944461567
new_preds,OFT-0188-00,fast,1586,4.388516006043243,0.9971910112359551,0.9971910112359551,2.2963927881942583,3.031407622062781
new_preds,OFT-0188-00,medium,1587,4.273103590179529,0.9971910112359551,0.9971910112359551,2.414334504620544,3.0283660941676738
new_preds,OFT-0188-00,slow,1588,4.411091046926462,0.9971910112359551,0.9971910112359551,2.552556325455722,3.197105902182932
new_preds,OFT-0189-00,slow,1589,4.187757449337278,0.9971910112359551,0.9971910112359551,2.400806501683137,2.944399213618908
new_preds,OFT-0189-00,fast,1590,4.528995862918418,0.9971910112359551,0.9971910112359551,2.448574519110492,3.1014859492095375
new_preds,OFT-0189-00,medium,1591,4.628422350160148,0.9971910112359551,0.9971910112359551,2.504267743304045,3.177563233696898
new_preds,OFT-0190-00,slow,1592,3.9765030077091916,0.9971910112359551,0.9971910112359551,2.4195836748814337,2.922710446501872
new_preds,OFT-0190-00,medium,1593,4.73990758935286,0.9971910112359551,0.9971910112359551,2.439103950268799,3.1243840477373936
new_preds,OFT-0190-00,fast,1594,4.19405825690559,0.9971910112359551,0.9971910112359551,2.3246765670258243,2.9302239580828435
new_preds,OFT-0191-00,medium,1595,4.411849807434092,0.9971910112359551,0.9971910112359551,2.44678437742845,3.097358607229279
new_preds,OFT-0191-00,slow,1596,4.24174577310935,0.9971910112359551,0.9971910112359551,2.5842194067521724,3.1698677558475414
new_preds,OFT-0191-00,fast,1597,4.8459350382483075,0.9971910112359551,0.9971910112359551,2.712390523740603,3.2941142902122063
new_preds,OFT-0192-00,fast,1598,4.184752361740521,0.9971910112359551,0.9971910112359551,2.3139547018888864,2.9581966106461137
new_preds,OFT-0192-00,medium,1599,4.337662478392766,0.9971910112359551,0.9971910112359551,2.427054512896973,3.026230207979411
new_preds,OFT-0192-00,slow,1600,4.190760480972889,0.9971910112359551,0.9971910112359551,2.337342986395022,2.9877291309326033
new_preds,OFT-0193-00,fast,1601,4.341281636548333,0.9971910112359551,0.9971910112359551,2.2472235007645867,2.9626080016293703
new_preds,OFT-0193-00,slow,1602,4.422021435434343,1.050561797752809,1.050561797752809,2.33671080057045,3.035394104928747
new_preds,OFT-0193-00,medium,1603,4.415348398672627,0.9971910112359551,0.9971910112359551,2.3569856888929093,3.0765336257135685
new_preds,OFT-0194-00,slow,1604,4.3846952073999805,0.9971910112359551,0.9971910112359551,2.532876383449228,3.1597442007970393
new_preds,OFT-0194-00,medium,1605,4.562253993327164,0.9971910112359551,0.9971910112359551,2.411913361860409,3.1053716401328306
new_preds,OFT-0194-00,fast,1606,4.568523311731711,0.9971910112359551,0.9971910112359551,2.4163962584707126,3.057112119412193
new_preds,OFT-0194-01,slow,1607,4.456727950891998,0.9971910112359551,0.9971910112359551,2.539584041679592,3.149852101719471
new_preds,OFT-0194-01,medium,1608,4.706674156921404,0.9971910112359551,0.9971910112359551,2.5998327707294795,3.279061472090795
new_preds,OFT-0194-01,fast,1609,4.735481968408568,0.9971910112359551,0.9971910112359551,2.509887803827856,3.157893456219652
new_preds,OFT-0195-00,fast,1610,4.346760556027011,0.9971910112359551,0.9971910112359551,2.4405757930332768,3.125033922468807
new_preds,OFT-0195-00,slow,1611,3.9792869447034334,0.9971910112359551,0.9971910112359551,2.376873743386459,2.981458412338302
new_preds,OFT-0195-00,medium,1612,4.514271640881114,0.9971910112359551,0.9971910112359551,2.575741364281747,3.239411875437446
new_preds,OFT-0196-00,medium,1613,4.250457964621797,0.9971910112359551,0.9971910112359551,2.3479553489742218,3.0201416457610146
new_preds,OFT-0196-00,slow,1614,4.206687143250124,0.9971910112359551,0.9971910112359551,2.470687817423821,3.167707755777608
new_preds,OFT-0196-00,fast,1615,4.752267938012689,0.9971910112359551,0.9971910112359551,2.473674839677619,3.1809577141735996
new_preds,OFT-0197-00,fast,1616,4.653325480892524,0.9971910112359551,0.9971910112359551,2.289986644950245,3.0426049184219326
new_preds,OFT-0197-00,slow,1617,4.359615855080564,0.9971910112359551,0.9971910112359551,2.3648725607851726,3.0490853367734694
new_preds,OFT-0197-00,medium,1618,4.482442870060666,0.9971910112359551,0.9971910112359551,2.2962882879222026,3.0327434042374253
new_preds,OFT-0198-00,fast,1619,4.260660927659387,0.9971910112359551,0.9971910112359551,2.323284282534054,2.961169399792395
new_preds,OFT-0198-00,medium,1620,4.3515735981675965,0.9971910112359551,0.9971910112359551,2.400855509733013,3.024440443768291
new_preds,OFT-0198-00,slow,1621,4.151175396186468,0.9971910112359551,0.9971910112359551,2.422475255663296,3.03249906471884
new_preds,OFT-0199-00,medium,1622,4.575359962737132,0.9971910112359551,0.9971910112359551,2.5682377438166126,3.172653781451915
new_preds,OFT-0199-00,slow,1623,4.502518610979533,0.9971910112359551,0.9971910112359551,2.5630233002584544,3.186445856666182
new_preds,OFT-0199-00,fast,1624,4.457639063123587,0.9971910112359551,0.9971910112359551,2.403721887553355,3.0789878184518322
new_preds,OFT-0200-00,fast,1625,4.356722292441123,0.9971910112359551,0.9971910112359551,2.4645638483710397,3.0316674867171134
new_preds,OFT-0200-00,medium,1626,3.8945437346509046,0.9971910112359551,0.9971910112359551,2.2908532007458535,2.884648442029437
new_preds,OFT-0200-00,slow,1627,4.254138694396021,0.9971910112359551,0.9971910112359551,2.3496289424381294,3.0186849720107904
new_preds,OFT-0201-00,medium,1628,4.387966622286425,0.9971910112359551,0.9971910112359551,2.4423802320091395,3.080655301817438
new_preds,OFT-0201-00,slow,1629,4.345537265911358,0.9971910112359551,0.9971910112359551,2.652444435814776,3.2553502783372177
new_preds,OFT-0201-00,fast,1630,4.546128721003014,0.9971910112359551,0.9971910112359551,2.272956428816241,3.0210654611736616
new_preds,OFT-0202-00,fast,1631,4.768515075215588,0.9971910112359551,0.9971910112359551,2.542345563044123,3.215980934633093
new_preds,OFT-0202-00,medium,1632,4.610777101728579,0.9971910112359551,0.9971910112359551,2.4634414407043987,3.117294877043956
new_preds,OFT-0202-00,slow,1633,4.469149984506814,0.9971910112359551,0.9971910112359551,2.594510524131707,3.1930041397430844
new_preds,OFT-0203-00,medium,1634,4.649103203275533,0.9971910112359551,0.9971910112359551,2.522350752756795,3.188347196191759
new_preds,OFT-0203-00,fast,1635,4.411574928639005,0.9971910112359551,0.9971910112359551,2.3062376443477373,2.965183143487603
new_preds,OFT-0203-00,slow,1636,4.5797933720352075,0.9971910112359551,0.9971910112359551,2.6275046644515943,3.2678533785777684
new_preds,OFT-0204-00,fast,1637,4.017754251378111,0.9971910112359551,0.9971910112359551,2.1450262904482917,2.7317162021512167
new_preds,OFT-0204-00,medium,1638,4.642275756850453,0.9971910112359551,0.9971910112359551,2.5462520596485887,3.2270531463632977
new_preds,OFT-0204-00,slow,1639,4.246626540151304,0.9971910112359551,0.9971910112359551,2.578616400501038,3.2149992329760106
new_preds,OFT-0205-00,fast,1640,4.478427799870398,0.9971910112359551,0.9971910112359551,2.34425313621271,3.0495937719980772
new_preds,OFT-0205-00,slow,1641,4.0097319282048245,0.9971910112359551,0.9971910112359551,2.2721201588168567,2.968764385344907
new_preds,OFT-0205-00,medium,1642,4.675492136303899,0.9971910112359551,0.9971910112359551,2.441718589413808,3.1618028401922182
new_preds,OFT-0206-00,fast,1643,4.677010526968799,0.9971910112359551,0.9971910112359551,2.480735483041859,3.13152018185474
new_preds,OFT-0206-00,slow,1644,4.222070821864539,0.9971910112359551,0.9971910112359551,2.5804209622747463,3.1793753771284954
new_preds,OFT-0206-00,medium,1645,4.693304300426045,0.9971910112359551,0.9971910112359551,2.5981755932318973,3.2585549292718543
new_preds,OFT-0207-00,fast,1646,4.846147380285002,0.9971910112359551,0.9971910112359551,2.5264177406568944,3.1966910880562507
new_preds,OFT-0207-00,slow,1647,4.284376781914953,0.9971910112359551,0.9971910112359551,2.2891995257237774,3.035630978717773
new_preds,OFT-0207-00,medium,1648,4.87418252789565,0.9971910112359551,0.9971910112359551,2.601459807166919,3.2717197108373113
new_preds,OFT-0208-00,medium,1649,4.486836695068677,0.9971910112359551,0.9971910112359551,2.31462004572679,3.094001427579948
new_preds,OFT-0208-00,slow,1650,3.985357617151559,1.050561797752809,1.050561797752809,2.3665203257970147,2.9290369357665957
new_preds,OFT-0208-00,fast,1651,4.668193370016321,0.9971910112359551,0.9971910112359551,2.530834648018836,3.150623453318835
new_preds,OFT-0209-00,fast,1652,4.161765238076263,0.9971910112359551,0.9971910112359551,2.326320230788705,3.129288134163701
new_preds,OFT-0209-00,medium,1653,4.369768066753487,0.9971910112359551,0.9971910112359551,2.2180604240262562,2.928165841230356
new_preds,OFT-0209-00,slow,1654,4.323408406004764,0.9971910112359551,0.9971910112359551,2.4869436270519767,3.209774986235547
new_preds,OFT-0210-00,fast,1655,4.766785350336149,0.9971910112359551,0.9971910112359551,2.5127944123300234,3.1644139088744923
new_preds,OFT-0210-00,medium,1656,4.544217247660497,0.9971910112359551,0.9971910112359551,2.48665829745619,3.130264715952097
new_preds,OFT-0210-00,slow,1657,4.2024869323659635,0.9971910112359551,0.9971910112359551,2.4470690861722426,3.1290154021688323
new_preds,OFT-0211-00,fast,1658,4.734381198606315,0.9971910112359551,0.9971910112359551,2.612746465529378,3.2228048232466713
new_preds,OFT-0211-00,medium,1659,4.601901016954104,0.9971910112359551,0.9971910112359551,2.3804303844801824,3.0993175305475575
new_preds,OFT-0211-00,slow,1660,4.243627000267174,0.9971910112359551,0.9971910112359551,2.438943931853838,3.091327239656635
new_preds,OFT-0212-00,fast,1661,4.756815555472097,0.9971910112359551,0.9971910112359551,2.4999882015110937,3.1388582396841245
new_preds,OFT-0212-00,medium,1662,4.718050910653353,0.9971910112359551,0.9971910112359551,2.4329436819439048,3.1308551222500567
new_preds,OFT-0212-00,slow,1663,4.334102436414984,0.9971910112359551,0.9971910112359551,2.66464274527903,3.298357134053364
new_preds,OFT-0213-00,fast,1664,4.478259002365105,0.9971910112359551,0.9971910112359551,2.423282625201782,3.10230978984085
new_preds,OFT-0213-00,slow,1665,4.346555748425818,0.9971910112359551,0.9971910112359551,2.4527168052422943,3.245932325200335
new_preds,OFT-0213-00,medium,1666,4.552194159407815,0.9971910112359551,0.9971910112359551,2.5097560056880304,3.1587580215146276
new_preds,OFT-0214-00,slow,1667,4.348902349815013,0.9971910112359551,0.9971910112359551,2.4355830858914094,3.1575806275591494
new_preds,OFT-0214-00,medium,1668,4.439786817899139,0.9971910112359551,0.9971910112359551,2.329960546605711,3.0388750036036107
new_preds,OFT-0214-00,fast,1669,4.589218167928587,0.9971910112359551,0.9971910112359551,2.3043705339732825,3.0063456034031635
new_preds,OFT-0215-00,slow,1670,4.1893309812101345,0.9971910112359551,0.9971910112359551,2.3839337611693554,3.0333829714559766
new_preds,OFT-0215-00,fast,1671,3.980549508244708,0.9971910112359551,0.9971910112359551,2.3138925851546097,2.8883102336246416
new_preds,OFT-0215-00,medium,1672,4.478597361200302,0.9971910112359551,0.9971910112359551,2.532318308310433,3.1729751394284706
new_preds,OFT-0216-00,medium,1673,4.6817260889888415,0.9971910112359551,0.9971910112359551,2.6575301300416396,3.2125573312660296
new_preds,OFT-0216-00,fast,1674,4.6655718538000555,0.9971910112359551,0.9971910112359551,2.498102897735074,3.1676470591988783
new_preds,OFT-0216-00,slow,1675,4.180145947644337,0.9971910112359551,0.9971910112359551,2.4290228222423447,3.0494710646505014
new_preds,OFT-0217-00,fast,1676,4.615319009005021,0.9971910112359551,0.9971910112359551,2.4801209434817717,3.12443813078092
new_preds,OFT-0217-00,slow,1677,4.319566462993901,1.050561797752809,1.050561797752809,2.5719816057292957,3.2362595893957717
new_preds,OFT-0217-00,medium,1678,4.438435030310987,0.9971910112359551,0.9971910112359551,2.427028467430532,3.0879419297165986
new_preds,OFT-0218-00,fast,1679,4.266458623383337,0.9971910112359551,0.9971910112359551,2.173202562424696,2.8622327692212304
new_preds,OFT-0218-00,medium,1680,4.601191762911843,0.9971910112359551,0.9971910112359551,2.3416206938829114,3.12429175339853
new_preds,OFT-0218-00,slow,1681,4.023861554905046,0.9971910112359551,0.9971910112359551,2.2952065368659924,2.9380313242643625
new_preds,OFT-0219-00,fast,1682,4.284988703113413,0.9971910112359551,0.9971910112359551,2.296200680393293,2.97307854300618
new_preds,OFT-0219-00,medium,1683,4.70969707391916,0.9971910112359551,0.9971910112359551,2.525685216581448,3.24395325896925
new_preds,OFT-0219-00,slow,1684,4.327827846839946,0.9971910112359551,0.9971910112359551,2.5842376736447545,3.187987031809756
new_preds,OFT-0220-00,fast,1685,4.665325775770618,0.9971910112359551,0.9971910112359551,2.38165352352411,3.1526809023500038
new_preds,OFT-0220-00,medium,1686,4.322848971222533,0.9971910112359551,0.9971910112359551,2.3273392390514376,3.0308811161717735
new_preds,OFT-0220-00,slow,1687,4.435578427734346,0.9971910112359551,0.9971910112359551,2.584046026862887,3.279122386861085
new_preds,OFT-0221-00,medium,1688,4.794149387104227,0.9971910112359551,0.9971910112359551,2.549093093536782,3.2491227174417032
new_preds,OFT-0221-00,fast,1689,4.828316521503749,0.9971910112359551,0.9971910112359551,2.5580664897171648,3.171084621138894
new_preds,OFT-0221-00,slow,1690,4.6326675489311,0.9971910112359551,0.9971910112359551,2.6747049024732656,3.32565961751981
new_preds,OFT-0222-00,fast,1691,4.4214824149535765,0.9971910112359551,0.9971910112359551,2.342226054093736,3.0708810397524395
new_preds,OFT-0222-00,slow,1692,4.418915542229075,0.9971910112359551,0.9971910112359551,2.390540402551697,3.083051486859078
new_preds,OFT-0222-00,medium,1693,4.420990742851322,0.9971910112359551,0.9971910112359551,2.36463384956753,3.02975017239252
new_preds,OFT-0223-00,fast,1694,4.517461737569289,0.9971910112359551,0.9971910112359551,2.283803983553835,2.9934142449976413
new_preds,OFT-0223-00,slow,1695,4.375610085421262,0.9971910112359551,0.9971910112359551,2.4133927435233757,3.132352811617641
new_preds,OFT-0223-00,medium,1696,4.677410181521882,0.9971910112359551,0.9971910112359551,2.5575191382253775,3.227053623997296
new_preds,OFT-0224-00,fast,1697,4.738419293352072,0.9971910112359551,0.9971910112359551,2.331823059578071,3.1481946358687183
new_preds,OFT-0224-00,slow,1698,4.0528201263488475,0.9971910112359551,0.9971910112359551,2.302544997200277,2.96549612708437
new_preds,OFT-0224-00,medium,1699,4.269300126256004,0.9971910112359551,0.9971910112359551,2.4165216705853467,2.9903549518734835
new_preds,OFT-0225-00,fast,1700,4.5785000771596875,0.9971910112359551,0.9971910112359551,2.4241172134648705,3.116063217340259
new_preds,OFT-0225-00,medium,1701,4.610322440067688,0.9971910112359551,0.9971910112359551,2.383827969013181,3.1222585649289445
new_preds,OFT-0225-00,slow,1702,4.319089049119248,0.9971910112359551,0.9971910112359551,2.3957784010244816,3.113981303096631
new_preds,OFT-0226-00,medium,1703,4.663468721882632,0.9971910112359551,0.9971910112359551,2.5974955155700084,3.2229743302024456
new_preds,OFT-0226-00,fast,1704,4.633750606018918,0.9971910112359551,0.9971910112359551,2.3880664119167694,3.096380936487972
new_preds,OFT-0226-00,slow,1705,3.9991259677873185,1.050561797752809,1.050561797752809,2.376830221500936,2.985891140085637
new_preds,OFT-0227-00,slow,1706,4.436572929844418,0.9971910112359551,0.9971910112359551,2.4364289026238284,3.152766455794757
new_preds,OFT-0227-00,medium,1707,4.452181186452564,0.9971910112359551,0.9971910112359551,2.4170893024222164,3.059328871442762
new_preds,OFT-0227-00,fast,1708,4.722087044496945,0.9971910112359551,0.9971910112359551,2.4354788138115584,3.111950287379942
new_preds,OFT-0228-00,fast,1709,4.793213679381019,0.9971910112359551,0.9971910112359551,2.440542573338532,3.141241935128677
new_preds,OFT-0228-00,medium,1710,4.583168515104535,0.9971910112359551,0.9971910112359551,2.475574162163863,3.1270289274106373
new_preds,OFT-0228-00,slow,1711,4.373587010533715,0.9971910112359551,0.9971910112359551,2.6002775551081636,3.2324047461362397
new_preds,OFT-0229-00,medium,1712,4.876151506205294,0.9971910112359551,0.9971910112359551,2.4229047054810593,3.19961975547683
new_preds,OFT-0229-00,fast,1713,4.685765493705235,0.9971910112359551,0.9971910112359551,2.330240961420375,3.0728993190866714
new_preds,OFT-0229-00,slow,1714,4.211671899056982,0.9971910112359551,0.9971910112359551,2.516366482799837,3.1057321976800565
new_preds,OFT-0230-00,fast,1715,4.713134393221308,0.9971910112359551,0.9971910112359551,2.3529701993415464,3.1130340007952846
new_preds,OFT-0230-00,slow,1716,4.182187821265358,0.9971910112359551,0.9971910112359551,2.2980708467906843,2.982992546229221
new_preds,OFT-0230-00,medium,1717,4.518058364277234,0.9971910112359551,0.9971910112359551,2.367941441137994,3.1213591279281365
new_preds,OFT-0231-00,medium,1718,4.49039437589355,0.9971910112359551,0.9971910112359551,2.333134782240344,3.0785559620445513
new_preds,OFT-0231-00,fast,1719,4.542021108489647,0.9971910112359551,0.9971910112359551,2.5590282334406593,3.2131332708376665
new_preds,OFT-0231-00,slow,1720,4.455021444821537,0.9971910112359551,0.9971910112359551,2.6218575861298725,3.3140247376049503
new_preds,OFT-0232-00,fast,1721,4.530654191655474,0.9971910112359551,0.9971910112359551,2.555385913707446,3.2398303060003206
new_preds,OFT-0232-00,slow,1722,4.33883769171791,0.9971910112359551,0.9971910112359551,2.417825405167407,3.0964075682746635
new_preds,OFT-0232-00,medium,1723,4.436531405307958,0.9971910112359551,0.9971910112359551,2.522738846769706,3.1487663825103898
new_preds,OFT-0233-00,medium,1724,4.55994252287741,0.9971910112359551,0.9971910112359551,2.4682126792945818,3.1255614240918304
new_preds,OFT-0233-00,fast,1725,4.549802003008764,0.9971910112359551,0.9971910112359551,2.24958299028529,3.0135454699818953
new_preds,OFT-0233-00,slow,1726,4.0582332766287905,0.9971910112359551,0.9971910112359551,2.2831581759234423,2.9000227966834338
new_preds,OFT-0234-00,fast,1727,4.322538157255334,0.9971910112359551,0.9971910112359551,2.290231389500028,3.0086258915271897
new_preds,OFT-0234-00,medium,1728,4.617573682824295,0.9971910112359551,0.9971910112359551,2.3813208681762017,3.0246925135366594
new_preds,OFT-0234-00,slow,1729,4.58825978643974,0.9971910112359551,0.9971910112359551,2.4578245893825432,3.138770766564008
new_preds,OFT-0235-00,fast,1730,4.298681556667113,0.9971910112359551,0.9971910112359551,2.3887998859010673,3.0201065584708875
new_preds,OFT-0235-00,medium,1731,4.560132932053672,0.9971910112359551,0.9971910112359551,2.44648941150054,3.1489322406499296
new_preds,OFT-0235-00,slow,1732,4.382073591753294,0.9971910112359551,0.9971910112359551,2.5093927745732216,3.1463186210499394
new_preds,OFT-0236-00,fast,1733,4.659757511033902,0.9971910112359551,0.9971910112359551,2.3663591121936234,3.1444135711251575
new_preds,OFT-0236-00,slow,1734,4.210885982481015,0.9971910112359551,0.9971910112359551,2.456866130283589,3.0672011810060194
new_preds,OFT-0236-00,medium,1735,4.579835773079233,0.9971910112359551,0.9971910112359551,2.5855414103326204,3.220162875314322
new_preds,OFT-0237-00,medium,1736,4.326114654335895,0.9971910112359551,0.9971910112359551,2.4480548245776417,3.01990419941445
new_preds,OFT-0237-00,fast,1737,4.865010534647235,0.9971910112359551,0.9971910112359551,2.5583448665060895,3.2040307876750345
new_preds,OFT-0237-00,slow,1738,4.413718468822961,0.9971910112359551,0.9971910112359551,2.4896612189764014,3.10551615460672
new_preds,OFT-0238-00,medium,1739,4.66951464770074,0.9971910112359551,0.9971910112359551,2.451567552628384,3.1462143610424387
new_preds,OFT-0238-00,fast,1740,4.472166263515288,0.9971910112359551,0.9971910112359551,2.244312983089079,2.981340091879228
new_preds,OFT-0238-00,slow,1741,4.229979832897398,0.9971910112359551,0.9971910112359551,2.3924689356359776,3.0503635094341943
new_preds,OFT-0239-00,fast,1742,4.595059007488043,0.9971910112359551,0.9971910112359551,2.274099699582841,3.0400158413686884
new_preds,OFT-0239-00,medium,1743,4.80836191839951,0.9971910112359551,0.9971910112359551,2.5296542246695974,3.214360257789884
new_preds,OFT-0239-00,slow,1744,4.255969714933747,0.9971910112359551,0.9971910112359551,2.517923238265366,3.202986741592749
new_preds,OFT-0240-00,slow,1745,4.4414608527173325,0.9971910112359551,0.9971910112359551,2.492446187126799,3.1585257491248835
new_preds,OFT-0240-00,medium,1746,4.219531197802387,0.9971910112359551,0.9971910112359551,2.3493288389159286,2.941376337034702
new_preds,OFT-0240-00,fast,1747,4.617358811198538,0.9971910112359551,0.9971910112359551,2.4626738143962768,3.1265059164987736
new_preds,OFT-0241-00,slow,1748,4.351225679412863,0.9971910112359551,0.9971910112359551,2.42854021985168,3.0878369030012407
new_preds,OFT-0241-00,medium,1749,4.576243287061828,0.9971910112359551,0.9971910112359551,2.349428613708842,3.0303972270497725
new_preds,OFT-0241-00,fast,1750,4.6247372780615,0.9971910112359551,0.9971910112359551,2.4324495611783052,3.165672182203429
new_preds,OFT-0242-00,slow,1751,4.307412503396336,0.9971910112359551,0.9971910112359551,2.4484046885745205,3.119183889467729
new_preds,OFT-0242-00,medium,1752,4.504654702483138,0.9971910112359551,0.9971910112359551,2.4804755083691217,3.1482339140956337
new_preds,OFT-0242-00,fast,1753,4.458612752459992,0.9971910112359551,0.9971910112359551,2.364013386427951,3.103469298700004
new_preds,OFT-0243-00,medium,1754,4.509268717426101,0.9971910112359551,0.9971910112359551,2.4467912578195263,3.0822828515757914
new_preds,OFT-0243-00,fast,1755,4.658399891834038,0.9971910112359551,0.9971910112359551,2.347495618783846,3.073948890242952
new_preds,OFT-0243-00,slow,1756,4.092496847449866,0.9971910112359551,0.9971910112359551,2.350950952874461,2.8931136801328132
new_preds,OFT-0244-00,medium,1757,4.493552558773936,0.9971910112359551,0.9971910112359551,2.347574431994839,3.053620966180634
new_preds,OFT-0244-00,fast,1758,4.431551704580195,0.9971910112359551,0.9971910112359551,2.2752672790221027,2.9561854821861333
new_preds,OFT-0244-00,slow,1759,4.223544733527796,0.9971910112359551,0.9971910112359551,2.294629281604128,2.9341772284354573
new_preds,OFT-0245-00,slow,1760,4.0998840196727055,0.9971910112359551,0.9971910112359551,2.339646960361793,3.008605407848802
new_preds,OFT-0245-00,medium,1761,4.360664033439481,0.9971910112359551,0.9971910112359551,2.2272411859469914,2.947310161387602
new_preds,OFT-0245-00,fast,1762,4.372386228651819,0.9971910112359551,0.9971910112359551,2.2487621085882727,2.873345333767427
new_preds,OFT-0246-00,slow,1763,4.443660383063337,0.9971910112359551,0.9971910112359551,2.5931837719958843,3.2232355954195873
new_preds,OFT-0246-00,medium,1764,4.738214929198119,0.9971910112359551,0.9971910112359551,2.379936043912932,3.094511573601655
new_preds,OFT-0246-00,fast,1765,4.589384159923263,0.9971910112359551,0.9971910112359551,2.4052991559198182,3.089032041183629
new_preds,OFT-0247-00,slow,1766,4.142673096868295,0.9971910112359551,0.9971910112359551,2.5060615749562154,3.0990116430573758
new_preds,OFT-0247-00,medium,1767,4.565361857786385,0.9971910112359551,0.9971910112359551,2.529918792712627,3.1813372496154186
new_preds,OFT-0247-00,fast,1768,4.506478780951522,0.9971910112359551,0.9971910112359551,2.2346589388178044,2.9791579520037965
new_preds,OFT-0248-00,medium,1769,4.560043940056465,0.9971910112359551,0.9971910112359551,2.315040905263295,3.025475200564999
new_preds,OFT-0248-00,slow,1770,4.152894291007401,0.9971910112359551,0.9971910112359551,2.2498584575057774,2.8638548017138747
new_preds,OFT-0248-00,fast,1771,4.494581395528277,0.9971910112359551,0.9971910112359551,2.302854155514333,3.0218596473525836
new_preds,OFT-0249-00,medium,1772,4.810706220705353,0.9971910112359551,0.9971910112359551,2.4376519630423665,3.119226222745954
new_preds,OFT-0249-00,slow,1773,4.481062291703516,0.9971910112359551,0.9971910112359551,2.3513432619649866,3.006330129346878
new_preds,OFT-0249-00,fast,1774,4.443536395640383,0.9971910112359551,0.9971910112359551,2.274041477383938,2.9420163489965163
new_preds,OFT-0250-00,slow,1775,4.421688630701124,0.9971910112359551,0.9971910112359551,2.508936174987563,3.1797919350899884
new_preds,OFT-0250-00,fast,1776,4.6952841780622565,0.9971910112359551,0.9971910112359551,2.495334184026815,3.179285612091974
new_preds,OFT-0250-00,medium,1777,4.860341162232399,0.9971910112359551,0.9971910112359551,2.5940764158216303,3.253138711982942
new_preds,OFT-0251-00,medium,1778,4.660206245040572,0.9971910112359551,0.9971910112359551,2.5406435529861238,3.223743219040379
new_preds,OFT-0251-00,slow,1779,4.400964550327905,0.9971910112359551,0.9971910112359551,2.3922663277675595,3.118773666180778
new_preds,OFT-0251-00,fast,1780,4.677289271504474,0.9971910112359551,0.9971910112359551,2.499679909390849,3.151857110020281
new_preds,OFT-0252-00,fast,1781,4.132513234575588,0.9971910112359551,0.9971910112359551,2.382130664912777,3.0207108360220984
new_preds,OFT-0252-00,medium,1782,4.463391539346402,0.9971910112359551,0.9971910112359551,2.33829476618889,2.999833736037928
new_preds,OFT-0252-00,slow,1783,4.4766748810824835,0.9971910112359551,0.9971910112359551,2.6271319939653512,3.203447220242865
new_preds,OFT-0253-00,fast,1784,4.752724852778357,0.9971910112359551,0.9971910112359551,2.5017223835847178,3.160109941858391
new_preds,OFT-0253-00,slow,1785,4.257520706579451,0.9971910112359551,0.9971910112359551,2.6079999638876,3.2141805933210095
new_preds,OFT-0253-00,medium,1786,4.542672312990608,0.9971910112359551,0.9971910112359551,2.4258667890555214,3.110873157251053
new_preds,OFT-0254-00,slow,1787,4.3046228718921675,0.9971910112359551,0.9971910112359551,2.5948781127940794,3.1480918031270892
new_preds,OFT-0254-00,medium,1788,4.6533315685019385,0.9971910112359551,0.9971910112359551,2.565662134975715,3.203756081393335
new_preds,OFT-0254-00,fast,1789,4.874836500648741,0.9971910112359551,0.9971910112359551,2.609282808770093,3.2795656818776426
new_preds,OFT-0255-00,fast,1790,4.540146563262515,0.9971910112359551,0.9971910112359551,2.2895254761901844,2.973309643933143
new_preds,OFT-0255-00,medium,1791,4.581518134189751,0.9971910112359551,0.9971910112359551,2.556596120925081,3.218688803961082
new_preds,OFT-0255-00,slow,1792,4.142975747696396,0.9971910112359551,0.9971910112359551,2.390407780187997,3.0629007508454977
new_preds,OFT-0256-00,fast,1793,4.117135770484161,0.9971910112359551,0.9971910112359551,2.2477484650293116,2.8894419976349197
new_preds,OFT-0256-00,medium,1794,4.417237553415857,0.9971910112359551,0.9971910112359551,2.266472450546711,2.9759123273112555
new_preds,OFT-0256-00,slow,1795,4.323665557448408,0.9971910112359551,0.9971910112359551,2.279367640724029,2.9884266849710963
new_preds,OFT-0257-00,fast,1796,4.733063241683574,0.9971910112359551,0.9971910112359551,2.4883386229491338,3.183949685794725
new_preds,OFT-0257-00,medium,1797,4.17086060304066,0.9971910112359551,0.9971910112359551,2.3197152609751495,3.014636303637728
new_preds,OFT-0257-00,slow,1798,4.218379259622512,0.9971910112359551,0.9971910112359551,2.5035195740527687,3.038735474475366
new_preds,OFT-0258-00,slow,1799,4.322341363456845,0.9971910112359551,0.9971910112359551,2.464008624987622,3.186578363547799
new_preds,OFT-0258-00,fast,1800,4.603726450551301,0.9971910112359551,0.9971910112359551,2.4584647719958923,3.131489432691344
new_preds,OFT-0258-00,medium,1801,4.597810212045288,0.9971910112359551,0.9971910112359551,2.4844816798800093,3.1751604633446027
new_preds,OFT-0259-00,medium,1802,4.5221544758442835,0.9971910112359551,0.9971910112359551,2.391556965927721,3.0744093556586365
new_preds,OFT-0259-00,fast,1803,4.4665172245376095,0.9971910112359551,0.9971910112359551,2.347756841641954,3.0513920939004238
new_preds,OFT-0259-00,slow,1804,4.627284292655304,0.9971910112359551,0.9971910112359551,2.6599445002102633,3.3024249962118275
new_preds,OFT-0260-00,medium,1805,4.8135914735478735,0.9971910112359551,0.9971910112359551,2.5511023342619596,3.22996144125431
new_preds,OFT-0260-00,slow,1806,4.594083454701254,0.9971910112359551,0.9971910112359551,2.4736560951143782,3.224979816816591
new_preds,OFT-0260-00,fast,1807,4.2912773620591365,0.9971910112359551,0.9971910112359551,2.2837133049176264,2.9825203543344894
new_preds,OFT-0261-00,medium,1808,4.51438628488694,0.9971910112359551,0.9971910112359551,2.435680427168729,3.1029985860628706
new_preds,OFT-0261-00,fast,1809,4.707757822247293,0.9971910112359551,0.9971910112359551,2.504738392255579,3.195047555042707
new_preds,OFT-0261-00,slow,1810,4.469302726749817,0.9971910112359551,0.9971910112359551,2.5303170236978327,3.162705567364089
new_preds,OFT-0262-00,fast,1811,4.038647326773616,0.9971910112359551,0.9971910112359551,2.1681009568199556,2.8098811301186286
new_preds,OFT-0262-00,medium,1812,4.798655375261719,0.9971910112359551,0.9971910112359551,2.516081659441804,3.1968873084449934
new_preds,OFT-0262-00,slow,1813,4.277198787918905,0.9971910112359551,0.9971910112359551,2.4870356314802353,3.0604722184746325
new_preds,OFT-0263-00,slow,1814,4.314044016364017,0.9971910112359551,0.9971910112359551,2.6495476301763055,3.241857899752193
new_preds,OFT-0263-00,medium,1815,4.109569412628683,0.9971910112359551,0.9971910112359551,2.5520993634976374,3.0325985839657754
new_preds,OFT-0263-00,fast,1816,4.568718674750781,0.9971910112359551,0.9971910112359551,2.4985202181270316,3.217753073422142
new_preds,OFT-0264-00,fast,1817,4.561917600991511,0.9971910112359551,0.9971910112359551,2.337752226614172,3.0609498890872224
new_preds,OFT-0264-00,medium,1818,4.651167329759886,0.9971910112359551,0.9971910112359551,2.474534677169086,3.1748117727137144
new_preds,OFT-0264-00,slow,1819,4.049516236363582,0.9971910112359551,0.9971910112359551,2.3754529117985794,2.988153252557153
new_preds,OFT-0265-00,medium,1820,4.801380349701252,0.9971910112359551,0.9971910112359551,2.651355602996541,3.2634986393421994
new_preds,OFT-0265-00,fast,1821,4.677501582890382,0.9971910112359551,0.9971910112359551,2.3703704095884444,3.1292130845464863
new_preds,OFT-0265-00,slow,1822,4.375173135326336,1.050561797752809,1.050561797752809,2.7036354035590033,3.3391496736087616
new_preds,OFT-0266-00,medium,1823,4.700821520796453,0.9971910112359551,0.9971910112359551,2.5730081198517336,3.241014857939312
new_preds,OFT-0266-00,fast,1824,4.681162688648813,0.9971910112359551,0.9971910112359551,2.3115085742750825,3.056258179604707
new_preds,OFT-0266-00,slow,1825,4.1927981616751975,0.9971910112359551,0.9971910112359551,2.3744457081129466,3.153187374098356
new_preds,OFT-0267-00,fast,1826,4.644049904854431,0.9971910112359551,0.9971910112359551,2.340528811762207,3.0941238283421457
new_preds,OFT-0267-00,slow,1827,4.523203371419744,0.9971910112359551,0.9971910112359551,2.3714856518594374,3.092519969157462
new_preds,OFT-0267-00,medium,1828,4.694596500063523,0.9971910112359551,0.9971910112359551,2.4067061971507475,3.129379253008496
new_preds,OFT-0268-00,fast,1829,4.708172582809005,0.9971910112359551,0.9971910112359551,2.553738469868432,3.223660736297212
new_preds,OFT-0268-00,medium,1830,4.603526234723156,0.9971910112359551,0.9971910112359551,2.611652344688588,3.267034430136243
new_preds,OFT-0268-00,slow,1831,4.3171872504636335,0.9971910112359551,0.9971910112359551,2.341587696753855,3.102065397680731
new_preds,OFT-0269-00,fast,1832,4.7872864806866415,0.9971910112359551,0.9971910112359551,2.5995498590695902,3.2405820480115923
new_preds,OFT-0269-00,medium,1833,4.524857574093253,0.9971910112359551,0.9971910112359551,2.6521084598072187,3.275553184415397
new_preds,OFT-0269-00,slow,1834,4.473960280501864,0.9971910112359551,0.9971910112359551,2.520662562428034,3.257089787457668
new_preds,OFT-0270-00,slow,1835,4.334437922282254,0.9971910112359551,0.9971910112359551,2.589032888342644,3.2063425870276347
new_preds,OFT-0270-00,fast,1836,4.360496912745892,0.9971910112359551,0.9971910112359551,2.2506137708386715,2.878782469978519
new_preds,OFT-0270-00,medium,1837,4.498465192051345,0.9971910112359551,0.9971910112359551,2.5411601705539995,3.158680218833988
new_preds,OFT-0271-00,fast,1838,4.755805217022991,0.9971910112359551,0.9971910112359551,2.480700829259275,3.159350264443993
new_preds,OFT-0271-00,slow,1839,4.469403246812787,0.9971910112359551,0.9971910112359551,2.5518671383228355,3.19661524882994
new_preds,OFT-0271-00,medium,1840,4.703087267246006,0.9971910112359551,0.9971910112359551,2.706545880066924,3.3286443035144497
new_preds,OFT-0272-00,fast,1841,4.3027484496633175,0.9971910112359551,0.9971910112359551,2.276820357578959,2.9286038913759627
new_preds,OFT-0272-00,slow,1842,4.235986898804987,0.9971910112359551,0.9971910112359551,2.3530216735262544,3.0031408911298514
new_preds,OFT-0272-00,medium,1843,4.453716326361309,0.9971910112359551,0.9971910112359551,2.389791031531482,3.107206141087985
new_preds,OFT-0273-00,fast,1844,4.802463715293427,0.9971910112359551,0.9971910112359551,2.5780579632041496,3.2400697015563678
new_preds,OFT-0273-00,slow,1845,4.373888186003096,0.9971910112359551,0.9971910112359551,2.684189453932804,3.3393039104178213
new_preds,OFT-0273-00,medium,1846,4.377613462242878,0.9971910112359551,0.9971910112359551,2.3849960494838385,3.0365377293448375
new_preds,OFT-0274-00,fast,1847,4.736296396283266,0.9971910112359551,0.9971910112359551,2.471676980323456,3.150473502193489
new_preds,OFT-0274-00,slow,1848,4.320574760255334,0.9971910112359551,0.9971910112359551,2.5226531541080988,3.1758679141652966
new_preds,OFT-0274-00,medium,1849,4.280920470553011,0.9971910112359551,0.9971910112359551,2.3767756673440403,3.0107092980826
new_preds,OFT-0275-00,medium,1850,4.554957363705208,0.9971910112359551,0.9971910112359551,2.514598963080419,3.1849919615179023
new_preds,OFT-0275-00,slow,1851,4.365743649906008,0.9971910112359551,0.9971910112359551,2.6071278874124704,3.225371827076041
new_preds,OFT-0275-00,fast,1852,4.756242263030499,0.9971910112359551,0.9971910112359551,2.5941023880834964,3.2658915119048935
new_preds,OFT-0276-00,fast,1853,4.640061704151758,0.9971910112359551,0.9971910112359551,2.358252073099453,3.1164016546236675
new_preds,OFT-0276-00,slow,1854,4.423015839395582,0.9971910112359551,0.9971910112359551,2.6225822837606123,3.2543177507171346
new_preds,OFT-0276-00,medium,1855,4.41104096806648,0.9971910112359551,0.9971910112359551,2.48906912253642,3.1773512041591547
new_preds,OFT-0277-00,fast,1856,4.59415862233526,0.9971910112359551,0.9971910112359551,2.4963006379521606,3.163660117795495
new_preds,OFT-0277-00,medium,1857,4.5185700031163885,0.9971910112359551,0.9971910112359551,2.6849310968233135,3.328003418262718
new_preds,OFT-0277-00,slow,1858,4.256439457105535,0.9971910112359551,0.9971910112359551,2.504174669923507,3.1551975850249376
new_preds,OFT-0278-00,medium,1859,4.092973785459517,0.9971910112359551,0.9971910112359551,2.379293835302895,2.937811596297806
new_preds,OFT-0278-00,slow,1860,4.1611196643235955,0.9971910112359551,0.9971910112359551,2.249085062144642,2.946395325309058
new_preds,OFT-0278-00,fast,1861,4.571899428498844,0.9971910112359551,0.9971910112359551,2.3661104095392957,3.074427525483933
new_preds,OFT-0279-00,slow,1862,4.4131057016130555,0.9971910112359551,0.9971910112359551,2.6684035765259155,3.371719647487273
new_preds,OFT-0279-00,medium,1863,4.6711615478932975,0.9971910112359551,0.9971910112359551,2.594690748977529,3.2745184316731555
new_preds,OFT-0279-00,fast,1864,4.630632090828061,0.9971910112359551,0.9971910112359551,2.6059641319511386,3.279441077463654
new_preds,OFT-0280-00,fast,1865,4.167670975058848,0.9971910112359551,0.9971910112359551,2.3757308902043874,2.923659288418889
new_preds,OFT-0280-00,medium,1866,4.317007411377183,0.9971910112359551,0.9971910112359551,2.341687578164901,3.050281803767943
new_preds,OFT-0280-00,slow,1867,4.258236175008222,0.9971910112359551,0.9971910112359551,2.3758072291402166,3.068038643883159
new_preds,OFT-0281-00,medium,1868,4.384383003778474,0.9971910112359551,0.9971910112359551,2.367200456098222,3.1393391844568583
new_preds,OFT-0281-00,fast,1869,4.89112509225773,0.9971910112359551,0.9971910112359551,2.622469486207485,3.3091314326732717
new_preds,OFT-0281-00,slow,1870,4.39961275393378,0.9971910112359551,0.9971910112359551,2.680438643843164,3.290090830495229
new_preds,OFT-0282-00,slow,1871,4.09855367988755,0.9971910112359551,0.9971910112359551,2.323971647519944,3.0558618349295745
new_preds,OFT-0282-00,medium,1872,4.352472358135489,0.9971910112359551,0.9971910112359551,2.4442151896417834,3.154719557946958
new_preds,OFT-0282-00,fast,1873,4.684037281160735,0.9971910112359551,0.9971910112359551,2.3283366407735993,3.1636250001698505
new_preds,OFT-0283-00,medium,1874,4.599633688247681,0.9971910112359551,0.9971910112359551,2.4557504901417375,3.134135365328809
new_preds,OFT-0283-00,fast,1875,4.574230314202028,0.9971910112359551,0.9971910112359551,2.41826354343167,3.0255984500363287
new_preds,OFT-0283-00,slow,1876,4.488826753125072,0.9971910112359551,0.9971910112359551,2.5926990481173395,3.2545398144511655
new_preds,OFT-0284-00,fast,1877,4.720070000654089,0.9971910112359551,0.9971910112359551,2.5375994785731417,3.1860194154349797
new_preds,OFT-0284-00,slow,1878,4.236013351973689,0.9971910112359551,0.9971910112359551,2.500374605223235,3.170442220421936
new_preds,OFT-0284-00,medium,1879,4.705302131965978,0.9971910112359551,0.9971910112359551,2.539894228036747,3.226951846057375
new_preds,OFT-0285-00,fast,1880,4.834266069378928,0.9971910112359551,0.9971910112359551,2.6058928502434076,3.262742073634553
new_preds,OFT-0285-00,slow,1881,4.230332638045679,0.9971910112359551,0.9971910112359551,2.3893388372591873,3.134545654362154
new_preds,OFT-0285-00,medium,1882,4.973383316061126,0.9971910112359551,0.9971910112359551,2.661246191200999,3.2923468898933415
new_preds,OFT-0286-00,fast,1883,4.7442452932288335,0.9971910112359551,0.9971910112359551,2.584791669241684,3.229799376326358
new_preds,OFT-0286-00,slow,1884,4.202084122124926,0.9971910112359551,0.9971910112359551,2.4642951817558743,3.125314121599565
new_preds,OFT-0286-00,medium,1885,4.488206324383577,0.9971910112359551,0.9971910112359551,2.4802817398606973,3.167722366047522
new_preds,OFT-0287-00,fast,1886,4.952077186089041,0.9971910112359551,0.9971910112359551,2.494235036387005,3.2156997014938686
new_preds,OFT-0287-00,medium,1887,4.741382574319418,0.9971910112359551,0.9971910112359551,2.70781787283815,3.3384562523904355
new_preds,OFT-0287-00,slow,1888,4.289729696406508,0.9971910112359551,0.9971910112359551,2.571451642634892,3.1699682464900887
new_preds,OFT-0288-00,fast,1889,4.3867484063789615,0.9971910112359551,0.9971910112359551,2.3454296889241335,3.0528514640121984
new_preds,OFT-0288-00,medium,1890,4.174598478271808,0.9971910112359551,0.9971910112359551,2.290696610961257,2.997075380992938
new_preds,OFT-0288-00,slow,1891,4.0801497592729765,1.050561797752809,1.050561797752809,2.425828578130556,3.0473606129720645
new_preds,OFT-0289-00,fast,1892,4.477283463647615,0.9971910112359551,0.9971910112359551,2.450209974477234,3.094157411030232
new_preds,OFT-0289-00,medium,1893,4.397656128442317,0.9971910112359551,0.9971910112359551,2.409109930048484,3.0949196655412883
new_preds,OFT-0289-00,slow,1894,4.604220624386872,0.9971910112359551,0.9971910112359551,2.7042130601075587,3.3656701095037396
new_preds,OFT-0290-00,fast,1895,4.040892965311289,0.9971910112359551,0.9971910112359551,2.3530819871645985,3.082827435137669
new_preds,OFT-0290-00,slow,1896,4.303422085512555,0.9971910112359551,0.9971910112359551,2.5806179549535546,3.2275449036525985
new_preds,OFT-0290-00,medium,1897,4.235729105094089,0.9971910112359551,0.9971910112359551,2.374864964475355,3.050242624485687
new_preds,OFT-0291-00,fast,1898,4.6436398881534995,0.9971910112359551,0.9971910112359551,2.452796702794765,3.084507025524801
new_preds,OFT-0291-00,medium,1899,4.649656736967424,0.9971910112359551,0.9971910112359551,2.451452588136879,3.143623281630845
new_preds,OFT-0291-00,slow,1900,4.288681889712433,0.9971910112359551,0.9971910112359551,2.4912802890052848,3.0578788502569614
new_preds,OFT-0292-00,fast,1901,4.710426650090218,0.9971910112359551,0.9971910112359551,2.5963187388371383,3.2541078117138507
new_preds,OFT-0292-00,medium,1902,4.726353389893972,0.9971910112359551,0.9971910112359551,2.6142172252833182,3.249067625801252
new_preds,OFT-0292-00,slow,1903,4.372719754346918,0.9971910112359551,0.9971910112359551,2.610577540583417,3.2271867488395825
new_preds,OFT-0293-00,fast,1904,4.8550576971425174,0.9971910112359551,0.9971910112359551,2.5964581549761183,3.2646851887475923
new_preds,OFT-0293-00,slow,1905,4.311410224921871,0.9971910112359551,0.9971910112359551,2.465989961881959,3.1272661054381676
new_preds,OFT-0293-00,medium,1906,4.309176160167577,0.9971910112359551,0.9971910112359551,2.4601002737622713,3.04223057639174
new_preds,OFT-0294-00,fast,1907,4.71988279996467,0.9971910112359551,0.9971910112359551,2.532817787070388,3.2071750448666605
new_preds,OFT-0294-00,slow,1908,4.278202092393891,0.9971910112359551,0.9971910112359551,2.5665684130511153,3.1789654947535437
new_preds,OFT-0294-00,medium,1909,4.643555969012813,0.9971910112359551,0.9971910112359551,2.5702655768035356,3.2091949407834477
new_preds,OFT-0295-00,fast,1910,4.605456929246849,0.9971910112359551,0.9971910112359551,2.6393541164993803,3.2032870841768517
new_preds,OFT-0295-00,slow,1911,4.285597900282674,0.9971910112359551,0.9971910112359551,2.5642157853862213,3.233996847493464
new_preds,OFT-0295-00,medium,1912,4.6763992331605735,0.9971910112359551,0.9971910112359551,2.621815793458999,3.2399114366604924
new_preds,OFT-0296-00,medium,1913,4.582149795691646,0.9971910112359551,0.9971910112359551,2.512888162415273,3.1574517926506855
new_preds,OFT-0296-00,fast,1914,4.406598085196292,0.9971910112359551,0.9971910112359551,2.285774675483042,2.9567021722393467
new_preds,OFT-0296-00,slow,1915,4.107490042588881,0.9971910112359551,0.9971910112359551,2.3647197225308174,2.958972068342359
new_preds,OFT-0297-00,medium,1916,4.337461296694667,0.9971910112359551,0.9971910112359551,2.619171777846219,3.2036392727231195
new_preds,OFT-0297-00,fast,1917,4.998204664774364,0.9971910112359551,0.9971910112359551,2.4435449610597053,3.138626410606534
new_preds,OFT-0297-00,slow,1918,4.396698556426026,0.9971910112359551,0.9971910112359551,2.6475439776030454,3.2727443013709565
new_preds,OFT-0298-00,fast,1919,4.516510479827552,0.9971910112359551,0.9971910112359551,2.278454387186149,3.0174206144008813
new_preds,OFT-0298-00,medium,1920,4.404844582431887,0.9971910112359551,0.9971910112359551,2.2440630945810236,2.964130177241369
new_preds,OFT-0298-00,slow,1921,4.509799444213004,0.9971910112359551,0.9971910112359551,2.5802868220599,3.2495949198142453
new_preds,OFT-0299-00,fast,1922,4.648928053024609,0.9971910112359551,0.9971910112359551,2.395908821313028,3.1206901673649945
new_preds,OFT-0299-00,slow,1923,4.325546037783964,0.9971910112359551,0.9971910112359551,2.613822024908734,3.2465835863193875
new_preds,OFT-0299-00,medium,1924,4.302077945947739,0.9971910112359551,0.9971910112359551,2.370493358950384,3.017842682003602
new_preds,OFT-0300-00,slow,1925,4.078997812120624,0.9971910112359551,0.9971910112359551,2.360445696585109,3.0152833535174124
new_preds,OFT-0300-00,fast,1926,4.25829308904455,0.9971910112359551,0.9971910112359551,2.2416176357015365,2.913540266797912
new_preds,OFT-0300-00,medium,1927,4.373154890330712,0.9971910112359551,0.9971910112359551,2.2626253337473674,2.9964060662953877
new_preds,OFT-0301-00,slow,1928,4.384047080688478,0.9971910112359551,0.9971910112359551,2.5777532613467224,3.192112329796356
new_preds,OFT-0301-00,medium,1929,4.468838427667602,0.9971910112359551,0.9971910112359551,2.421574044051262,3.092417805768527
new_preds,OFT-0301-00,fast,1930,4.519850283967825,0.9971910112359551,0.9971910112359551,2.3561597787485233,2.996336216269211
new_preds,OFT-0302-00,slow,1931,4.44954898072622,0.9971910112359551,0.9971910112359551,2.3997652777389225,3.103499920944916
new_preds,OFT-0302-00,medium,1932,4.486166544925425,0.9971910112359551,0.9971910112359551,2.359925385564506,3.0966820692878607
new_preds,OFT-0302-00,fast,1933,4.453022240627725,0.9971910112359551,0.9971910112359551,2.4193859316653628,3.095817587425494
new_preds,OFT-0303-00,fast,1934,4.520152612514544,0.9971910112359551,0.9971910112359551,2.3097588253618184,3.0433741265018877
new_preds,OFT-0303-00,medium,1935,4.292907839783065,0.9971910112359551,0.9971910112359551,2.3441283304817384,2.95912615002118
new_preds,OFT-0303-00,slow,1936,4.26574074299322,0.9971910112359551,0.9971910112359551,2.4525188530782325,3.156783545062552
new_preds,OFT-0304-00,slow,1937,4.174832118825752,0.9971910112359551,0.9971910112359551,2.2093913098383715,2.8458329594615352
new_preds,OFT-0304-00,medium,1938,4.237355916215607,0.9971910112359551,0.9971910112359551,2.2240221091682573,2.8825172200781517
new_preds,OFT-0304-00,fast,1939,4.420342600014237,0.9971910112359551,0.9971910112359551,2.292421066262262,3.0307733516025164
new_preds,OFT-0305-00,slow,1940,4.227559741420305,0.9971910112359551,0.9971910112359551,2.5493792208453567,3.1751979972191644
new_preds,OFT-0305-00,medium,1941,4.6645057627354625,0.9971910112359551,0.9971910112359551,2.68640191359086,3.3192858009777284
new_preds,OFT-0305-00,fast,1942,4.604042890226997,0.9971910112359551,0.9971910112359551,2.478217518210636,3.1677827259300626
new_preds,OFT-0306-00,medium,1943,4.60602366332829,0.9971910112359551,0.9971910112359551,2.5583297142340373,3.2693668441453734
new_preds,OFT-0306-00,fast,1944,4.588365385007506,0.9971910112359551,0.9971910112359551,2.45372734715409,3.1562391385978277
new_preds,OFT-0306-00,slow,1945,4.39700650059068,0.9971910112359551,0.9971910112359551,2.475374835346474,3.119814718011491
new_preds,OFT-0307-00,slow,1946,4.261541591206256,0.9971910112359551,0.9971910112359551,2.482979399616682,3.067102902608556
new_preds,OFT-0307-00,medium,1947,4.582316013547175,0.9971910112359551,0.9971910112359551,2.452957897507904,3.084360949474075
new_preds,OFT-0307-00,fast,1948,4.679276856232953,0.9971910112359551,0.9971910112359551,2.3424792124970755,3.1009448215031306
new_preds,OFT-0308-00,slow,1949,4.372049762956383,0.9971910112359551,0.9971910112359551,2.3625486059375964,3.10710417379441
new_preds,OFT-0308-00,fast,1950,4.104228134934695,0.9971910112359551,0.9971910112359551,2.2494293763634996,2.9169386751137347
new_preds,OFT-0308-00,medium,1951,4.147130322965354,0.9971910112359551,0.9971910112359551,2.2411052949389902,2.918131107167487
new_preds,OFT-0309-00,slow,1952,4.2875124854053315,0.9971910112359551,0.9971910112359551,2.4181188788331602,3.07746680530275
new_preds,OFT-0309-00,medium,1953,4.164353443160086,0.9971910112359551,0.9971910112359551,2.194702002923891,2.888682744734215
new_preds,OFT-0309-00,fast,1954,4.458403568425037,0.9971910112359551,0.9971910112359551,2.312032934495964,3.010435810560175
new_preds,OFT-0310-00,slow,1955,4.251252334557218,0.9971910112359551,0.9971910112359551,2.4769920563207726,3.1490006334769256
new_preds,OFT-0310-00,medium,1956,4.371250232205308,0.9971910112359551,0.9971910112359551,2.2565731214556,2.9480343458229896
new_preds,OFT-0310-00,fast,1957,4.07663911258209,0.9971910112359551,0.9971910112359551,2.393598758535794,2.9812755002028823
new_preds,OFT-0311-00,slow,1958,4.17564286420365,0.9971910112359551,0.9971910112359551,2.366899685812478,2.9950869206501287
new_preds,OFT-0311-00,fast,1959,4.4885028555328645,0.9971910112359551,0.9971910112359551,2.305449924398642,3.0166093704944346
new_preds,OFT-0311-00,medium,1960,4.447357579667397,0.9971910112359551,0.9971910112359551,2.3289607666039087,3.018733925714616
new_preds,OFT-0312-00,fast,1961,4.391261127824015,0.9971910112359551,0.9971910112359551,2.361820380245565,3.0342523693252623
new_preds,OFT-0312-00,medium,1962,4.577495977851271,0.9971910112359551,0.9971910112359551,2.640763310893716,3.2555336029841153
new_preds,OFT-0312-00,slow,1963,4.285004563339124,0.9971910112359551,0.9971910112359551,2.367967539200996,3.0155276168071117
new_preds,OFT-0313-00,fast,1964,4.539953510974445,0.9971910112359551,0.9971910112359551,2.266327991521556,3.004492099920083
new_preds,OFT-0313-00,medium,1965,4.218444700706719,0.9971910112359551,0.9971910112359551,2.3790908957456303,2.958726079843334
new_preds,OFT-0313-00,slow,1966,3.9244745363083537,0.9971910112359551,0.9971910112359551,2.388975033945833,2.909663236991616
new_preds,OFT-0314-00,fast,1967,4.734094801785394,0.9971910112359551,0.9971910112359551,2.5313109104380507,3.178294019621432
new_preds,OFT-0314-00,slow,1968,4.375875062784173,1.050561797752809,1.050561797752809,2.66602043733974,3.278281780753875
new_preds,OFT-0314-00,medium,1969,4.605066994129652,0.9971910112359551,0.9971910112359551,2.4061806360974165,3.1354625512758645
new_preds,OFT-0315-00,fast,1970,4.313449980373404,0.9971910112359551,0.9971910112359551,2.2589917768123375,2.9503523065900334
new_preds,OFT-0315-00,medium,1971,4.359575790290501,0.9971910112359551,0.9971910112359551,2.2818323461498937,3.0379718458008664
new_preds,OFT-0315-00,slow,1972,4.556790244670423,0.9971910112359551,0.9971910112359551,2.496295161780702,3.2079099910485604
new_preds,OFT-0316-00,fast,1973,4.31438555925634,0.9971910112359551,0.9971910112359551,2.1637571282288146,2.8613887787779073
new_preds,OFT-0316-00,slow,1974,4.051307938386909,0.9971910112359551,0.9971910112359551,2.5376068591336196,3.0618377068994356
new_preds,OFT-0316-00,medium,1975,4.447244318294372,0.9971910112359551,0.9971910112359551,2.428033902856577,3.17203144049041
new_preds,OFT-0317-00,fast,1976,4.708465095863951,0.9971910112359551,0.9971910112359551,2.4264251803031223,3.0829867542158196
new_preds,OFT-0317-00,medium,1977,4.561710510011309,0.9971910112359551,0.9971910112359551,2.4545904911204586,3.108282172488237
new_preds,OFT-0317-00,slow,1978,4.743822168968851,0.9971910112359551,0.9971910112359551,2.5788431396415543,3.2360977875863473
new_preds,OFT-0318-00,medium,1979,4.346198975741373,0.9971910112359551,0.9971910112359551,2.396968734705263,2.948793487391558
new_preds,OFT-0318-00,fast,1980,4.696246431555839,0.9971910112359551,0.9971910112359551,2.640567595850412,3.2219307298330144
new_preds,OFT-0318-00,slow,1981,4.268702111730127,0.9971910112359551,0.9971910112359551,2.4742774799267084,3.155931160801231
new_preds,OFT-0319-00,fast,1982,4.53163606506572,0.9971910112359551,0.9971910112359551,2.4899539115243474,3.1796891183272793
new_preds,OFT-0319-00,slow,1983,4.230444648222045,0.9971910112359551,0.9971910112359551,2.468983572267385,3.0934389257428894
new_preds,OFT-0319-00,medium,1984,4.475130783736902,0.9971910112359551,0.9971910112359551,2.504860004015469,3.113324868742124
new_preds,OFT-0320-00,medium,1985,4.480170732310997,0.9971910112359551,0.9971910112359551,2.377922657050105,3.0683485997968067
new_preds,OFT-0320-00,fast,1986,4.680141418976096,0.9971910112359551,0.9971910112359551,2.5169069692645722,3.191480277241463
new_preds,OFT-0320-00,slow,1987,4.134649092983792,0.9971910112359551,0.9971910112359551,2.5037522094180056,3.0807121196262717
new_preds,OFT-0321-00,fast,1988,4.623741372755666,0.9971910112359551,0.9971910112359551,2.3914335003289224,3.075522035151289
new_preds,OFT-0321-00,medium,1989,4.321874487830334,0.9971910112359551,0.9971910112359551,2.2717626343324335,2.935140896234118
new_preds,OFT-0321-00,slow,1990,4.35094734461548,0.9971910112359551,0.9971910112359551,2.5699087649807377,3.2104152873532996
new_preds,OFT-0322-00,medium,1991,4.51402264762304,0.9971910112359551,0.9971910112359551,2.370608894532277,3.0605137969832743
new_preds,OFT-0322-00,fast,1992,4.065135724195985,0.9971910112359551,0.9971910112359551,2.1545241406569726,2.82336328491463
new_preds,OFT-0322-00,slow,1993,4.279622628609449,0.9971910112359551,0.9971910112359551,2.517570308308016,3.1298108264082996
new_preds,OFT-0323-00,slow,1994,4.523085689044639,0.9971910112359551,0.9971910112359551,2.708159555262057,3.334822849360183
new_preds,OFT-0323-00,medium,1995,4.6687598605377705,0.9971910112359551,0.9971910112359551,2.6795125627835668,3.279986050846563
new_preds,OFT-0323-00,fast,1996,4.231418743823667,0.9971910112359551,0.9971910112359551,2.3646550404671647,3.0630820594132224
new_preds,OFT-0324-00,fast,1997,4.593540367992842,0.9971910112359551,0.9971910112359551,2.4642167374270327,3.125232126267734
new_preds,OFT-0324-00,slow,1998,4.356497223029991,0.9971910112359551,0.9971910112359551,2.569357456749858,3.162215846848127
new_preds,OFT-0324-00,medium,1999,4.705497286192049,0.9971910112359551,0.9971910112359551,2.6281773132378845,3.257507882892177
new_preds,OFT-0325-00,fast,2000,4.678672433259089,0.9971910112359551,0.9971910112359551,2.48927064174665,3.188698796197638
new_preds,OFT-0325-00,medium,2001,4.716142048557027,0.9971910112359551,0.9971910112359551,2.690254173761606,3.31979275552327
new_preds,OFT-0325-00,slow,2002,4.260886470692706,1.050561797752809,1.050561797752809,2.615416451069508,3.21972862348725
new_preds,OFT-0326-00,fast,2003,4.700329857930905,0.9971910112359551,0.9971910112359551,2.476850186312277,3.1771806574747266
new_preds,OFT-0326-00,slow,2004,4.208763286027876,0.9971910112359551,0.9971910112359551,2.511590649485862,3.1605290133970594
new_preds,OFT-0326-00,medium,2005,4.352176288735759,0.9971910112359551,0.9971910112359551,2.4356921589421323,3.080654290470798
new_preds,OFT-0327-00,medium,2006,4.467239132255362,0.9971910112359551,0.9971910112359551,2.312900682547392,3.0355429047337736
new_preds,OFT-0327-00,slow,2007,4.549293601176215,0.9971910112359551,0.9971910112359551,2.5502489363768466,3.2156198205802142
new_preds,OFT-0327-00,fast,2008,4.676775776525382,0.9971910112359551,0.9971910112359551,2.277592343076341,3.073598104894336
new_preds,OFT-0328-00,fast,2009,4.463165772682543,0.9971910112359551,0.9971910112359551,2.341712024056006,3.069931916654167
new_preds,OFT-0328-00,medium,2010,4.844586508877692,0.9971910112359551,0.9971910112359551,2.5421376004703657,3.218320753977995
new_preds,OFT-0328-00,slow,2011,4.528444334049512,0.9971910112359551,0.9971910112359551,2.4712361880141596,3.0669005395409585
new_preds,OFT-0329-00,fast,2012,4.710325312319782,0.9971910112359551,0.9971910112359551,2.5056198041598625,3.2080972617836876
new_preds,OFT-0329-00,medium,2013,4.653879378975676,0.9971910112359551,0.9971910112359551,2.6360268308000614,3.2247119707168075
new_preds,OFT-0329-00,slow,2014,4.349952840677614,0.9971910112359551,0.9971910112359551,2.5127665237601087,3.184783463272412
new_preds,OFT-0330-00,fast,2015,4.710703807397843,0.9971910112359551,0.9971910112359551,2.5433810868948052,3.2460787661747865
new_preds,OFT-0330-00,medium,2016,4.45265277509396,0.9971910112359551,0.9971910112359551,2.399639816387222,2.996037121893457
new_preds,OFT-0330-00,slow,2017,4.666383832989256,0.9971910112359551,0.9971910112359551,2.663420994066722,3.2826935790337974
new_preds,OFT-0331-00,fast,2018,4.015390664858668,0.9971910112359551,0.9971910112359551,2.175898115136441,2.7720739422234004
new_preds,OFT-0331-00,slow,2019,4.430320363742677,0.9971910112359551,0.9971910112359551,2.615889167408438,3.2300656314276224
new_preds,OFT-0331-00,medium,2020,4.299115099970372,0.9971910112359551,0.9971910112359551,2.3570112372876926,3.0542500620734105
new_preds,OFT-0332-00,medium,2021,4.820553184696646,0.9971910112359551,0.9971910112359551,2.6482729243133827,3.254555581906011
new_preds,OFT-0332-00,fast,2022,4.752352261364809,0.9971910112359551,0.9971910112359551,2.5756212662712468,3.2239759348071337
new_preds,OFT-0332-00,slow,2023,4.16866645315488,0.9971910112359551,0.9971910112359551,2.409056705348397,3.095814104637345
new_preds,OFT-0333-00,fast,2024,4.661469186446754,0.9971910112359551,0.9971910112359551,2.4157636791398938,3.0874386481184812
new_preds,OFT-0333-00,medium,2025,4.774765589611161,0.9971910112359551,0.9971910112359551,2.705428012001869,3.3010047144861803
new_preds,OFT-0333-00,slow,2026,4.284488813206143,0.9971910112359551,0.9971910112359551,2.464791456956209,3.1343178089966828
new_preds,OFT-0334-00,fast,2027,4.749994749955155,0.9971910112359551,0.9971910112359551,2.5374633569316853,3.212127606710409
new_preds,OFT-0334-00,slow,2028,4.544663884678524,0.9971910112359551,0.9971910112359551,2.617051871530972,3.244343084766981
new_preds,OFT-0334-00,medium,2029,4.501838271403682,0.9971910112359551,0.9971910112359551,2.3761435093246526,3.0738690567929043
new_preds,OFT-0335-00,fast,2030,4.773117762480338,0.9971910112359551,0.9971910112359551,2.5965394692931345,3.2373354856530385
new_preds,OFT-0335-00,slow,2031,4.0479794892121035,0.9971910112359551,0.9971910112359551,2.345301852094424,2.942785697484158
new_preds,OFT-0335-00,medium,2032,4.574117709994656,0.9971910112359551,0.9971910112359551,2.501457085240261,3.1307694816734744
new_preds,OFT-0336-00,medium,2033,4.622907135035608,0.9971910112359551,0.9971910112359551,2.343825194655238,3.093241289743749
new_preds,OFT-0336-00,fast,2034,4.6612565116656866,0.9971910112359551,0.9971910112359551,2.32033298655635,3.075119924552681
new_preds,OFT-0336-00,slow,2035,4.506407875683401,0.9971910112359551,0.9971910112359551,2.3077419577527496,3.022410671826568
new_preds,OFT-0337-00,medium,2036,4.626345823426518,0.9971910112359551,0.9971910112359551,2.432346200621712,3.163545788321542
new_preds,OFT-0337-00,fast,2037,4.2935269095600015,0.9971910112359551,0.9971910112359551,2.174608108352752,2.8297185599605568
new_preds,OFT-0337-00,slow,2038,4.300641146007383,0.9971910112359551,0.9971910112359551,2.464492562831639,3.1646990526613177
new_preds,OFT-0338-00,fast,2039,4.650008559351229,0.9971910112359551,0.9971910112359551,2.608411857159256,3.2335705874436123
new_preds,OFT-0338-00,medium,2040,4.611270274236675,0.9971910112359551,0.9971910112359551,2.5614925644607642,3.2605223059553468
new_preds,OFT-0338-00,slow,2041,4.383528697423659,1.050561797752809,1.050561797752809,2.553784283971107,3.1609849898404176
new_preds,OFT-0339-00,fast,2042,4.275770483841256,0.9971910112359551,0.9971910112359551,2.4895404520344027,3.1845904232008637
new_preds,OFT-0339-00,slow,2043,4.063233743091081,0.9971910112359551,0.9971910112359551,2.6086203032801674,3.1298925006487766
new_preds,OFT-0339-00,medium,2044,4.515205878923284,0.9971910112359551,0.9971910112359551,2.509206145003807,3.1394869403443866
new_preds,OFT-0340-00,medium,2045,4.609469215847358,0.9971910112359551,0.9971910112359551,2.3971168929713524,3.1152081838926935
new_preds,OFT-0340-00,fast,2046,4.5348506348488495,0.9971910112359551,0.9971910112359551,2.4071956454234082,3.0909951336340002
new_preds,OFT-0340-00,slow,2047,4.298073346770436,0.9971910112359551,0.9971910112359551,2.4473117576575354,3.1240610784856675
new_preds,OFT-0341-00,fast,2048,4.817052808465375,0.9971910112359551,0.9971910112359551,2.6102658235145997,3.2151608451280644
new_preds,OFT-0341-00,slow,2049,4.299011095927943,0.9971910112359551,0.9971910112359551,2.6806127886421285,3.2265637442441255
new_preds,OFT-0341-00,medium,2050,4.713066031643025,0.9971910112359551,0.9971910112359551,2.6507103881892102,3.3227825814423677
new_preds,OFT-0342-00,fast,2051,4.671553152702328,0.9971910112359551,0.9971910112359551,2.5450159963350387,3.1736384341237662
new_preds,OFT-0342-00,medium,2052,4.582296824723249,0.9971910112359551,0.9971910112359551,2.4876124740191914,3.1430464570978844
new_preds,OFT-0342-00,slow,2053,4.4733630982644215,0.9971910112359551,0.9971910112359551,2.698596087796334,3.2919964913823017
new_preds,OFT-0343-00,fast,2054,4.770824730399173,0.9971910112359551,0.9971910112359551,2.591776927794406,3.2267254670104935
new_preds,OFT-0343-00,slow,2055,4.247954156417346,0.9971910112359551,0.9971910112359551,2.5336547396417397,3.145795049310323
new_preds,OFT-0343-00,medium,2056,4.594230732084939,0.9971910112359551,0.9971910112359551,2.4900650760555743,3.16271520735533
new_preds,OFT-0344-00,fast,2057,4.878471468067676,0.9971910112359551,0.9971910112359551,2.585802988665192,3.2727633366598248
new_preds,OFT-0344-00,medium,2058,4.683060260769296,0.9971910112359551,0.9971910112359551,2.3598379260412847,3.043938430679349
new_preds,OFT-0344-00,slow,2059,4.444665639600439,0.9971910112359551,0.9971910112359551,2.458551377733346,3.0200709828106382
new_preds,OFT-0345-00,slow,2060,4.409848436307864,0.9971910112359551,0.9971910112359551,2.678261780709135,3.2886853708410437
new_preds,OFT-0345-00,medium,2061,4.862819201150837,0.9971910112359551,0.9971910112359551,2.708526264686047,3.2851623178340925
new_preds,OFT-0345-00,fast,2062,4.844615012051314,0.9971910112359551,0.9971910112359551,2.626040054999558,3.22140207432996
new_preds,OFT-0346-00,fast,2063,4.8794897821580525,0.9971910112359551,0.9971910112359551,2.6501269688514455,3.2806727468180665
new_preds,OFT-0346-00,medium,2064,4.654826838591396,0.9971910112359551,0.9971910112359551,2.382101632820917,3.0824254203887764
new_preds,OFT-0346-00,slow,2065,4.352888227130548,0.9971910112359551,0.9971910112359551,2.6214242079432237,3.2448968415045125
new_preds,OFT-0347-00,medium,2066,4.489104874066131,0.9971910112359551,0.9971910112359551,2.3147458181451284,3.047122758820207
new_preds,OFT-0347-00,slow,2067,4.294357190718274,0.9971910112359551,0.9971910112359551,2.3173583716675434,3.009990362537148
new_preds,OFT-0347-00,fast,2068,4.680763427521299,0.9971910112359551,0.9971910112359551,2.4808078947793932,3.167840325448451
new_preds,OFT-0348-00,medium,2069,4.582451443918142,0.9971910112359551,0.9971910112359551,2.557497593758301,3.2139782972703066
new_preds,OFT-0348-00,fast,2070,4.691166498062704,0.9971910112359551,0.9971910112359551,2.3105201172233882,2.9935481775488033
new_preds,OFT-0348-00,slow,2071,4.214355451625953,0.9971910112359551,0.9971910112359551,2.399034881915414,3.0046709562947926
new_preds,OFT-0349-00,fast,2072,4.448811383959219,0.9971910112359551,0.9971910112359551,2.3539000216595363,2.9769419530248658
new_preds,OFT-0349-00,slow,2073,4.112544782303904,0.9971910112359551,0.9971910112359551,2.511413814900358,3.0069226479436995
new_preds,OFT-0349-00,medium,2074,4.6667893485432,0.9971910112359551,0.9971910112359551,2.443089723501655,3.125983252318682
new_preds,OFT-0350-00,medium,2075,4.3110020916726945,0.9971910112359551,0.9971910112359551,2.40681987290622,3.026963099039119
new_preds,OFT-0350-00,fast,2076,4.950980297555493,0.9971910112359551,0.9971910112359551,2.3828647739634374,3.1087014319758057
new_preds,OFT-0350-00,slow,2077,4.574106665565464,0.9971910112359551,0.9971910112359551,2.5763518192565873,3.1776661444360723
new_preds,OFT-0351-00,fast,2078,4.569484138772606,0.9971910112359551,0.9971910112359551,2.447706397556656,3.1139417366798687
new_preds,OFT-0351-00,medium,2079,4.374475735331099,0.9971910112359551,0.9971910112359551,2.3665765690330725,3.0868366427028526
new_preds,OFT-0351-00,slow,2080,4.437885402514817,0.9971910112359551,0.9971910112359551,2.3396739561461897,3.022077251884945
new_preds,OFT-0352-00,slow,2081,4.514000030428537,0.9971910112359551,0.9971910112359551,2.6577868248675673,3.257202640626503
new_preds,OFT-0352-00,medium,2082,4.597926999412119,0.9971910112359551,0.9971910112359551,2.399689988565582,3.0990194416080077
new_preds,OFT-0352-00,fast,2083,4.983635651818959,0.9971910112359551,0.9971910112359551,2.6438301766998786,3.2717529913136763
new_preds,OFT-0353-00,fast,2084,4.611762649873783,0.9971910112359551,0.9971910112359551,2.2943994379770896,3.0351549891244205
new_preds,OFT-0353-00,slow,2085,4.439794007360242,0.9971910112359551,0.9971910112359551,2.6124142566218658,3.279623458988257
new_preds,OFT-0353-00,medium,2086,4.617401665036981,0.9971910112359551,0.9971910112359551,2.342332657902964,3.099015323115421
new_preds,OFT-0354-00,fast,2087,4.492514861337866,0.9971910112359551,0.9971910112359551,2.272588464468972,3.048145629015162
new_preds,OFT-0354-00,medium,2088,4.3327613389921895,0.9971910112359551,0.9971910112359551,2.4124535609434723,3.0341177291985137
new_preds,OFT-0354-00,slow,2089,4.416446466087085,0.9971910112359551,0.9971910112359551,2.5620276595360014,3.2112149035672086
new_preds,OFT-0355-00,fast,2090,4.405270000155497,0.9971910112359551,0.9971910112359551,2.380263550063197,3.15286200690353
new_preds,OFT-0355-00,slow,2091,4.159924425818999,0.9971910112359551,0.9971910112359551,2.429206709391863,3.034069159770108
new_preds,OFT-0355-00,medium,2092,4.505617698571052,0.9971910112359551,0.9971910112359551,2.3602353012162576,3.072126855064616
new_preds,OFT-0356-00,fast,2093,4.6059421944974535,0.9971910112359551,0.9971910112359551,2.312322969692181,3.036457291595168
new_preds,OFT-0356-00,slow,2094,4.037996768623057,1.050561797752809,1.050561797752809,2.5040287281768903,3.053327559876053
new_preds,OFT-0356-00,medium,2095,3.938886479462385,0.9971910112359551,0.9971910112359551,2.234819845619464,2.8745262815104162
new_preds,OFT-0357-00,fast,2096,4.762938079864001,0.9971910112359551,0.9971910112359551,2.5471339620526754,3.1936561555708987
new_preds,OFT-0357-00,slow,2097,4.341829333043733,0.9971910112359551,0.9971910112359551,2.480488697017723,3.174635190034915
new_preds,OFT-0357-00,medium,2098,4.878276637422876,0.9971910112359551,0.9971910112359551,2.4104671341147936,3.146786728407943
new_preds,OFT-0358-00,slow,2099,4.341661594233511,0.9971910112359551,0.9971910112359551,2.6216767530173657,3.2255186667160514
new_preds,OFT-0358-00,fast,2100,4.626409217959076,0.9971910112359551,0.9971910112359551,2.4322298310881076,3.1099274381900126
new_preds,OFT-0358-00,medium,2101,4.325332051912523,0.9971910112359551,0.9971910112359551,2.515100154109601,3.078119523341978
new_preds,OFT-0359-00,fast,2102,4.072096545013734,0.9971910112359551,0.9971910112359551,2.2306399698507633,2.82604197940274
new_preds,OFT-0359-00,medium,2103,4.328110977536963,0.9971910112359551,0.9971910112359551,2.5356230922615306,3.1510135303646205
new_preds,OFT-0359-00,slow,2104,4.292694733024122,0.9971910112359551,0.9971910112359551,2.5151107001479533,3.2114694901870284
