group,subject,speed_bin,mean_speed,model_index,diagonal_dominance,self_gain,cross_gain,fore_hind_coupling,left_right_coupling,angle_angle_coupling,radius_radius_coupling,radius_to_angle_coupling,angle_to_radius_coupling,angle_radius_cross_coupling,angle_selectivity
Cntnap_het,OFT-0366-00,slow,3.6710539720053386,1,0.9980161368382462,0.9231701926757993,0.9250052765684112,0.925922818514717,0.9245465055952581,0.9231701926757993,NaN,0.9250052765684112,NaN,0.9250052765684112,0.9980161368382462
Cntnap_het,OFT-0366-00,medium,4.818050275650074,2,1.0181208047181378,0.927644542980991,0.9111340605968712,0.9028788194048112,0.9152616811929011,0.927644542980991,NaN,0.9111340605968712,NaN,0.9111340605968712,1.0181208047181378
Cntnap_het,OFT-0366-00,fast,5.967393961629797,3,0.9974014437166341,0.8308596451239336,0.8330243056676228,0.8341066359394673,0.8324831405317005,0.8308596451239336,NaN,0.8330243056676228,NaN,0.8330243056676228,0.9974014437166341
Cntnap_het,OFT-0371-00,fast,5.161759489967794,4,0.9933345034521762,0.8524319430279479,0.8581519519008513,0.8610119563373029,0.8567219496826253,0.8524319430279479,NaN,0.8581519519008513,NaN,0.8581519519008513,0.9933345034521762
Cntnap_het,OFT-0371-00,medium,4.119066981308078,5,0.9981177664102825,0.8891748158569049,0.8908516066744414,0.8916900020832095,0.8904324089700572,0.8891748158569049,NaN,0.8908516066744414,NaN,0.8908516066744414,0.9981177664102825
Cntnap_het,OFT-0371-00,slow,3.2841957322977513,6,0.9877948146704345,0.760166822800777,0.7695594383681769,0.7742557461518766,0.7672112844763268,0.760166822800777,NaN,0.7695594383681769,NaN,0.7695594383681769,0.9877948146704345
Cntnap_het,OFT-0376-00,fast,5.26788733469112,7,0.9995772315620107,0.9165301616586122,0.9169178055670364,0.9171116275212485,0.9168208945899305,0.9165301616586122,NaN,0.9169178055670364,NaN,0.9169178055670364,0.9995772315620107
Cntnap_het,OFT-0376-00,slow,3.417873622206612,8,1.0017625769844622,0.8874433390894073,0.8858819040344047,0.8851011865069036,0.8862722627981554,0.8874433390894073,NaN,0.8858819040344047,NaN,0.8858819040344047,1.0017625769844622
Cntnap_het,OFT-0376-00,medium,4.115399174413213,9,0.994917978224442,0.6664754380929301,0.6698797817306915,0.6715819535495722,0.669028695821251,0.6664754380929301,NaN,0.6698797817306915,NaN,0.6698797817306915,0.994917978224442
Cntnap_het,OFT-0385-00,medium,4.311198061882982,10,1.007159008351202,0.9043007227373472,0.8978728435520406,0.894658903959387,0.8994798133483671,0.9043007227373472,NaN,0.8978728435520406,NaN,0.8978728435520406,1.007159008351202
Cntnap_het,OFT-0385-00,fast,5.696205808083579,11,1.0124926843697966,0.9504063040382228,0.93867967513245,0.9328163606795636,0.9416113323588933,0.9504063040382228,NaN,0.93867967513245,NaN,0.93867967513245,1.0124926843697966
Cntnap_het,OFT-0385-00,slow,3.4421594866306453,12,1.0322433765839354,0.8270349307969616,0.8012014894529211,0.788284768780901,0.8076598497889313,0.8270349307969616,NaN,0.8012014894529211,NaN,0.8012014894529211,1.0322433765839354
Cntnap_het,OFT-0391-00,slow,3.975491091668027,13,0.9874045674931636,0.9156247934241974,0.9273045958748178,0.9331444971001283,0.9243846452621627,0.9156247934241974,NaN,0.9273045958748178,NaN,0.9273045958748178,0.9874045674931636
Cntnap_het,OFT-0391-00,fast,6.39165551768409,14,1.0130493397232965,0.9301576933294948,0.9181761014557863,0.912185305518932,0.9211714994242133,0.9301576933294948,NaN,0.9181761014557863,NaN,0.9181761014557863,1.0130493397232965
Cntnap_het,OFT-0391-00,medium,5.1122869860525,15,1.0139347007310726,0.9506762301460324,0.9376109028131404,0.9310782391466943,0.9408772346463634,0.9506762301460324,NaN,0.9376109028131404,NaN,0.9376109028131404,1.0139347007310726
Cntnap_het,OFT-0403-00,medium,5.354457803942672,16,1.0264246778427555,0.9601523674582373,0.9354338298609469,0.9230745610623019,0.9416134642602696,0.9601523674582373,NaN,0.9354338298609469,NaN,0.9354338298609469,1.0264246778427555
Cntnap_het,OFT-0403-00,fast,6.945820251490444,17,0.9970386394915705,0.7795992677370146,0.7819147993447507,0.7830725651486186,0.7813359164428165,0.7795992677370146,NaN,0.7819147993447507,NaN,0.7819147993447507,0.9970386394915705
Cntnap_het,OFT-0403-00,slow,3.9377791763328784,18,1.0242181444784197,0.8270346598945922,0.8074790164118381,0.7977011946704609,0.8123679272825266,0.8270346598945922,NaN,0.8074790164118381,NaN,0.8074790164118381,1.0242181444784197
Cntnap_het,OFT-0407-00,fast,6.447141152231431,19,0.9993865945372653,0.9301704752524005,0.930741397109781,0.9310268580384713,0.930598666645436,0.9301704752524005,NaN,0.930741397109781,NaN,0.930741397109781,0.9993865945372653
Cntnap_het,OFT-0407-00,medium,4.968686054175608,20,0.9932941965452994,0.9605674408919188,0.9670523035700752,0.9702947349091535,0.965431087900536,0.9605674408919188,NaN,0.9670523035700752,NaN,0.9670523035700752,0.9932941965452994
Cntnap_het,OFT-0407-00,slow,3.65935418689637,21,1.0134729253300285,0.8652432875857965,0.8537409001863939,0.8479897064866926,0.8566164970362444,0.8652432875857965,NaN,0.8537409001863939,NaN,0.8537409001863939,1.0134729253300285
Cntnap_het,OFT-0419-00,fast,6.183588122814384,22,1.0160945919109692,0.7720112975450253,0.7597829017996284,0.7536687039269299,0.7628400007359776,0.7720112975450253,NaN,0.7597829017996284,NaN,0.7597829017996284,1.0160945919109692
Cntnap_het,OFT-0419-00,slow,3.701707587974198,23,1.0032118700781174,0.918031766067417,0.9150926075026726,0.9136230282203006,0.9158273971438586,0.918031766067417,NaN,0.9150926075026726,NaN,0.9150926075026726,1.0032118700781174
Cntnap_het,OFT-0419-00,medium,4.87777135927766,24,0.9897009878235492,0.8399115858844158,0.848651861742065,0.8530219996708894,0.8464667927776526,0.8399115858844158,NaN,0.848651861742065,NaN,0.848651861742065,0.9897009878235492
Cntnap_het,OFT-0420-00,medium,5.181301997401476,25,1.0023210372573401,0.9368624268186373,0.9346929696119939,0.9336082410086722,0.9352353339136547,0.9368624268186373,NaN,0.9346929696119939,NaN,0.9346929696119939,1.0023210372573401
Cntnap_het,OFT-0420-00,fast,6.288631458172929,26,1.021149615001355,0.7610962333424054,0.7453327329917228,0.7374509828163814,0.7492736080793934,0.7610962333424054,NaN,0.7453327329917228,NaN,0.7453327329917228,1.021149615001355
Cntnap_het,OFT-0420-00,slow,3.947120300352974,27,1.0075284129263502,0.91637240660738,0.9095251258927685,0.9061014855354625,0.9112369460714211,0.91637240660738,NaN,0.9095251258927685,NaN,0.9095251258927685,1.0075284129263502
Cntnap_het,OFT-0421-00,slow,3.9573560351624493,28,1.019263669808678,0.7257127886624319,0.71199711140362,0.7051392727742141,0.715426030718323,0.7257127886624319,NaN,0.71199711140362,NaN,0.71199711140362,1.019263669808678
Cntnap_het,OFT-0421-00,fast,6.956761347020027,29,1.005223002151621,0.8996759082811134,0.8950013144898294,0.8926640175941875,0.8961699629376505,0.8996759082811134,NaN,0.8950013144898294,NaN,0.8950013144898294,1.005223002151621
Cntnap_het,OFT-0421-00,medium,5.162926977626727,30,1.0091093773819024,0.9531704022508746,0.9445659941480681,0.9402637900966649,0.9467170961737696,0.9531704022508746,NaN,0.9445659941480681,NaN,0.9445659941480681,1.0091093773819024
Cntnap_het,OFT-0423-00,slow,4.1453204133125725,31,1.0134057368985332,0.9778085605755538,0.9648737173800472,0.9584062957822939,0.9681074281789238,0.9778085605755538,NaN,0.9648737173800472,NaN,0.9648737173800472,1.0134057368985332
Cntnap_het,OFT-0423-00,fast,6.382885990207444,32,1.0154097398712938,0.9091162728396461,0.8953196302360457,0.8884213089342454,0.8987687908869457,0.9091162728396461,NaN,0.8953196302360457,NaN,0.8953196302360457,1.0154097398712938
Cntnap_het,OFT-0423-00,medium,5.252575215329125,33,1.0054942847636699,0.8166155691915138,0.812153367319686,0.809922266383772,0.8132689177876429,0.8166155691915138,NaN,0.812153367319686,NaN,0.812153367319686,1.0054942847636699
Cntnap_het,OFT-0425-00,slow,3.8679193486908767,34,0.9987769792437965,0.9123601389635332,0.913477340711545,0.914035941585551,0.9131980402745421,0.9123601389635332,NaN,0.913477340711545,NaN,0.913477340711545,0.9987769792437965
Cntnap_het,OFT-0425-00,fast,6.543154315224564,35,1.0055031809341912,0.8293368514944603,0.824797839748196,0.822528333875064,0.8259325926847622,0.8293368514944603,NaN,0.824797839748196,NaN,0.824797839748196,1.0055031809341912
Cntnap_het,OFT-0425-00,medium,5.182227487089433,36,1.0051449637830538,0.9307047349325551,0.9259408030356848,0.9235588370872496,0.9271317860099024,0.9307047349325551,NaN,0.9259408030356848,NaN,0.9259408030356848,1.0051449637830538
Cntnap_het,OFT-0428-00,slow,4.457290501135109,37,1.0074838349691209,0.9771710398304891,0.9699123756764189,0.9662830435993837,0.9717270417149364,0.9771710398304891,NaN,0.9699123756764189,NaN,0.9699123756764189,1.0074838349691209
Cntnap_het,OFT-0428-00,medium,5.960257679480171,38,1.0124805100291496,0.9748476579409889,0.962831035545487,0.9568227243477362,0.9658351911443628,0.9748476579409889,NaN,0.962831035545487,NaN,0.962831035545487,1.0124805100291496
Cntnap_het,OFT-0428-00,fast,7.450343367944017,39,0.996393548326197,0.9647775021651468,0.9682695193940579,0.9700155280085132,0.96739651508683,0.9647775021651468,NaN,0.9682695193940579,NaN,0.9682695193940579,0.996393548326197
Cntnap_het,OFT-0430-00,fast,6.689269020906674,40,1.0015259326163943,0.9280503964641647,0.926636411739952,0.9259294193778458,0.9269899079210053,0.9280503964641647,NaN,0.926636411739952,NaN,0.926636411739952,1.0015259326163943
Cntnap_het,OFT-0430-00,medium,5.09250443904536,41,1.0421875829315739,0.5757276275581379,0.5524222673414235,0.5407695872330663,0.5582486073956021,0.5757276275581379,NaN,0.5524222673414235,NaN,0.5524222673414235,1.0421875829315739
Cntnap_het,OFT-0430-00,slow,4.035485538859194,42,0.9934433302947838,0.9392985892295085,0.9454979067107844,0.9485975654514225,0.9439480773404654,0.9392985892295085,NaN,0.9454979067107844,NaN,0.9454979067107844,0.9934433302947838
Cntnap_het,OFT-0431-00,medium,4.461372284712724,43,1.0051288355009775,0.8653604413498159,0.8609447971100161,0.8587369749901164,0.8620487081699661,0.8653604413498159,NaN,0.8609447971100161,NaN,0.8609447971100161,1.0051288355009775
Cntnap_het,OFT-0431-00,slow,3.56949769826014,44,0.9979774786604246,0.9706580125770496,0.9726251677342002,0.9736087453127753,0.9721333789449124,0.9706580125770496,NaN,0.9726251677342002,NaN,0.9726251677342002,0.9979774786604246
Cntnap_het,OFT-0431-00,fast,5.761619919586888,45,1.0076674065768885,0.8425682105567005,0.8361570544580372,0.8329514764087055,0.8377598434827029,0.8425682105567005,NaN,0.8361570544580372,NaN,0.8361570544580372,1.0076674065768885
Cntnap_het,OFT-0432-00,fast,5.646220193478613,46,1.0088971081027769,0.8132369504258599,0.8060653003110948,0.8024794752537123,0.8078582128397862,0.8132369504258599,NaN,0.8060653003110948,NaN,0.8060653003110948,1.0088971081027769
Cntnap_het,OFT-0432-00,medium,4.546955683460996,47,0.9976907487923314,0.8103150799985712,0.8121906321968289,0.8131284082959578,0.8117217441472645,0.8103150799985712,NaN,0.8121906321968289,NaN,0.8121906321968289,0.9976907487923314
Cntnap_het,OFT-0432-00,slow,3.6354693691570144,48,1.0579354522370303,0.9961518438802824,0.9415998317987123,0.9143238257579274,0.9552378348191048,0.9961518438802824,NaN,0.9415998317987123,NaN,0.9415998317987123,1.0579354522370303
Cntnap_het,OFT-0434-00,medium,4.981680913701554,49,1.0064301124098087,0.9196107183960558,0.9137352977189132,0.9107975873803419,0.9152041528881989,0.9196107183960558,NaN,0.9137352977189132,NaN,0.9137352977189132,1.0064301124098087
Cntnap_het,OFT-0434-00,fast,6.321191888777903,50,0.9993686199811749,0.8807855885034989,0.8813420502637858,0.8816202811439294,0.881202934823714,0.8807855885034989,NaN,0.8813420502637858,NaN,0.8813420502637858,0.9993686199811749
Cntnap_het,OFT-0434-00,slow,3.887471979835045,51,1.0101228795321944,0.8710555353031805,0.8623263099501138,0.8579616972735804,0.8645086162883806,0.8710555353031805,NaN,0.8623263099501138,NaN,0.8623263099501138,1.0101228795321944
Cntnap_het,OFT-0436-00,fast,6.009426849155003,52,0.9918197217428556,0.8907735294419005,0.8981204042571429,0.9017938416647637,0.8962836855533322,0.8907735294419005,NaN,0.8981204042571429,NaN,0.8981204042571429,0.9918197217428556
Cntnap_het,OFT-0436-00,slow,3.8750846223033095,53,1.0093577137667105,0.9593948174337235,0.9505003076198467,0.9460530527129083,0.9527239350733158,0.9593948174337235,NaN,0.9505003076198467,NaN,0.9505003076198467,1.0093577137667105
Cntnap_het,OFT-0436-00,medium,4.96373358919357,54,1.0058118811175314,0.8164520826670687,0.8117343789575542,0.8093755271027969,0.8129138048849328,0.8164520826670687,NaN,0.8117343789575542,NaN,0.8117343789575542,1.0058118811175314
Cntnap_het,OFT-0439-00,fast,6.022451306265723,55,1.0133411368945326,0.858865137341623,0.8475577533284456,0.8419040613218572,0.85038459933174,0.858865137341623,NaN,0.8475577533284456,NaN,0.8475577533284456,1.0133411368945326
Cntnap_het,OFT-0439-00,medium,4.812852817216909,56,0.9948013128774987,0.7976161081981021,0.801784334090763,0.8038684470370936,0.8007422776175979,0.7976161081981021,NaN,0.801784334090763,NaN,0.801784334090763,0.9948013128774987
Cntnap_het,OFT-0439-00,slow,3.693556530330783,57,1.007250459423097,0.6449363479990184,0.6402939228922326,0.6379727103388397,0.6414545291689291,0.6449363479990184,NaN,0.6402939228922326,NaN,0.6402939228922326,1.007250459423097
Cntnap_het,OFT-0442-00,fast,5.985265539281313,58,1.0042375432681487,0.9004241027577012,0.8966246171472524,0.8947248743420282,0.8975744885498648,0.9004241027577012,NaN,0.8966246171472524,NaN,0.8966246171472524,1.0042375432681487
Cntnap_het,OFT-0442-00,medium,4.829143903735848,59,1.00132585883313,0.8183018523315577,0.8172183361819351,0.8166765781071236,0.8174892152193407,0.8183018523315577,NaN,0.8172183361819351,NaN,0.8172183361819351,1.00132585883313
Cntnap_het,OFT-0442-00,slow,3.9479257743136342,60,0.9904994052657207,0.8881617667416383,0.8966807673179488,0.9009402676061042,0.8945510171738712,0.8881617667416383,NaN,0.8966807673179488,NaN,0.8966807673179488,0.9904994052657207
Cntnap_het,OFT-0443-00,fast,5.508876934446175,61,0.9973540856718575,0.8443339260856411,0.8465738880659059,0.8476938690560383,0.8460138975708398,0.8443339260856411,NaN,0.8465738880659059,NaN,0.8465738880659059,0.9973540856718575
Cntnap_het,OFT-0443-00,slow,3.3653756817754683,62,1.009884513319073,0.8220618724451644,0.8140157231873838,0.8099926485584935,0.8160272605018289,0.8220618724451644,NaN,0.8140157231873838,NaN,0.8140157231873838,1.009884513319073
Cntnap_het,OFT-0443-00,medium,4.223459763060185,63,1.0106990640826534,0.867827101259849,0.8586404520395196,0.8540471274293548,0.860937114344602,0.867827101259849,NaN,0.8586404520395196,NaN,0.8586404520395196,1.0106990640826534
Cntnap_het,OFT-0444-00,fast,5.943837692964424,64,0.9779449538840457,0.8575003235725311,0.8768390492397842,0.8865084120734108,0.8720043678229709,0.8575003235725311,NaN,0.8768390492397842,NaN,0.8768390492397842,0.9779449538840457
Cntnap_het,OFT-0444-00,medium,4.43822234871993,65,0.9965406461844627,0.9352960225712879,0.9385427740979084,0.940166149861219,0.9377310862162533,0.9352960225712879,NaN,0.9385427740979084,NaN,0.9385427740979084,0.9965406461844627
Cntnap_het,OFT-0444-00,slow,3.544697575995098,66,0.9919348218377305,0.9790980315478227,0.9870588369242593,0.9910392396124774,0.98506863558015,0.9790980315478227,NaN,0.9870588369242593,NaN,0.9870588369242593,0.9919348218377305
Cntnap_het,OFT-0446-00,fast,6.317662918799422,67,1.0001028196780686,0.9329103921055532,0.9328144804209785,0.932766524578691,0.9328384583421221,0.9329103921055532,NaN,0.9328144804209785,NaN,0.9328144804209785,1.0001028196780686
Cntnap_het,OFT-0446-00,medium,4.916333206527219,68,1.0062061262693194,0.8313494356519748,0.8262217988418978,0.8236579804368593,0.827503708044417,0.8313494356519748,NaN,0.8262217988418978,NaN,0.8262217988418978,1.0062061262693194
Cntnap_het,OFT-0446-00,slow,3.8708087292083544,69,1.0002925768541053,0.8931590562823718,0.8928978150486073,0.8927671944317247,0.8929631253570482,0.8931590562823718,NaN,0.8928978150486073,NaN,0.8928978150486073,1.0002925768541053
Cntnap_het,OFT-0447-00,fast,5.704234501339817,70,0.9918938866357768,0.8494833338447443,0.8564256169840417,0.8598967585536909,0.8546900461992174,0.8494833338447443,NaN,0.8564256169840417,NaN,0.8564256169840417,0.9918938866357768
Cntnap_het,OFT-0447-00,medium,4.194599712815166,71,0.9954461581987587,0.9321524337027205,0.9364167273390587,0.9385488741572274,0.9353506539299739,0.9321524337027205,NaN,0.9364167273390587,NaN,0.9364167273390587,0.9954461581987587
Cntnap_het,OFT-0447-00,slow,3.4299412338587705,72,0.9975771449644458,0.9291812891419295,0.9314380284594893,0.9325663981182692,0.9308738436300994,0.9291812891419295,NaN,0.9314380284594893,NaN,0.9314380284594893,0.9975771449644458
Cntnap_het,OFT-0448-00,fast,5.6815690769800415,73,0.9947889181418804,0.8713582195166616,0.8759227245356037,0.8782049770450749,0.8747815982808682,0.8713582195166616,NaN,0.8759227245356037,NaN,0.8759227245356037,0.9947889181418804
Cntnap_het,OFT-0448-00,slow,3.4672705390055154,74,0.9985664869478609,0.965518112912648,0.9669041826786858,0.9675972175617047,0.9665576652371765,0.965518112912648,NaN,0.9669041826786858,NaN,0.9669041826786858,0.9985664869478609
Cntnap_het,OFT-0448-00,medium,4.513793396251167,75,0.9974063241736937,0.8093772944343296,0.8114820157219901,0.8125343763658204,0.810955835400075,0.8093772944343296,NaN,0.8114820157219901,NaN,0.8114820157219901,0.9974063241736937
Cntnap_het,OFT-0450-00,fast,6.2769105751113985,76,1.0017750177968203,0.9211533366844661,0.9195211702427323,0.918705087021865,0.9199292118531657,0.9211533366844661,NaN,0.9195211702427323,NaN,0.9195211702427323,1.0017750177968203
Cntnap_het,OFT-0450-00,medium,5.005430294483524,77,0.9920641186477024,0.8980777656570906,0.9052618160218051,0.9088538412041626,0.9034658034306264,0.8980777656570906,NaN,0.9052618160218051,NaN,0.9052618160218051,0.9920641186477024
Cntnap_het,OFT-0450-00,slow,4.0281027946133205,78,0.9998880120248229,0.9799168524810475,0.9800266036760129,0.9800814792734953,0.9799991658772713,0.9799168524810475,NaN,0.9800266036760129,NaN,0.9800266036760129,0.9998880120248229
Cntnap_het,OFT-0452-00,fast,6.6897307971301485,79,0.9949460906889361,0.9156851980243019,0.9203364952067391,0.922662143797958,0.9191736709111298,0.9156851980243019,NaN,0.9203364952067391,NaN,0.9203364952067391,0.9949460906889361
Cntnap_het,OFT-0452-00,slow,3.925576444311102,80,0.9947316789925604,0.9160417957785041,0.9208933575999595,0.9233191385106871,0.9196804671445957,0.9160417957785041,NaN,0.9208933575999595,NaN,0.9208933575999595,0.9947316789925604
Cntnap_het,OFT-0452-00,medium,5.053880045994885,81,0.9973030958181597,0.8799550721788361,0.882334644170482,0.883524430166305,0.8817397511725705,0.8799550721788361,NaN,0.882334644170482,NaN,0.882334644170482,0.9973030958181597
Cntnap_het,OFT-0454-00,medium,4.752533145660216,82,1.0060486604481202,0.8595047379984189,0.8543371427139251,0.8517533450716782,0.8556290415350485,0.8595047379984189,NaN,0.8543371427139251,NaN,0.8543371427139251,1.0060486604481202
Cntnap_het,OFT-0454-00,slow,3.894444408140547,83,1.0083539173990144,0.8342554806043877,0.8273439178540579,0.8238881364788926,0.8290718085416402,0.8342554806043877,NaN,0.8273439178540579,NaN,0.8273439178540579,1.0083539173990144
Cntnap_het,OFT-0454-00,fast,5.937577803737835,84,0.985826539084435,0.8041551318611033,0.8157166600606481,0.8214974241604207,0.812826278010762,0.8041551318611033,NaN,0.8157166600606481,NaN,0.8157166600606481,0.985826539084435
Cntnap_het,OFT-0492-00,slow,3.8186703513795854,85,0.9983774326277987,0.8887633186996566,0.8902077407342531,0.8909299517515513,0.889846635225604,0.8887633186996566,NaN,0.8902077407342531,NaN,0.8902077407342531,0.9983774326277987
Cntnap_het,OFT-0492-00,medium,4.717005274741533,86,1.007683039875957,0.8895874100096985,0.8828047856389488,0.8794134734535741,0.8845004417316364,0.8895874100096985,NaN,0.8828047856389488,NaN,0.8828047856389488,1.007683039875957
Cntnap_het,OFT-0492-00,fast,5.650350915396147,87,1.002572792810242,0.9626158886671488,0.9601456328860744,0.9589105049955369,0.9607631968313429,0.9626158886671488,NaN,0.9601456328860744,NaN,0.9601456328860744,1.002572792810242
Cntnap_het,OFT-0493-00,slow,4.097937914844304,88,1.0071495034092395,0.8411452059757918,0.8351741257166719,0.832188585587112,0.8366668957814518,0.8411452059757918,NaN,0.8351741257166719,NaN,0.8351741257166719,1.0071495034092395
Cntnap_het,OFT-0493-00,fast,6.339013685092379,89,1.0042132988530277,0.9333457872953026,0.9294298216935913,0.9274718388927357,0.9304088130940191,0.9333457872953026,NaN,0.9294298216935913,NaN,0.9294298216935913,1.0042132988530277
Cntnap_het,OFT-0493-00,medium,5.2485639830325415,90,1.0077339605882487,0.9777408819752526,0.9702371064328444,0.9664852186616406,0.9721130503184465,0.9777408819752526,NaN,0.9702371064328444,NaN,0.9702371064328444,1.0077339605882487
Cntnap_het,OFT-0494-00,slow,3.8117107923819726,91,1.0063445973069844,0.802169089972655,0.797111736992765,0.7945830605028199,0.7983760752377376,0.802169089972655,NaN,0.797111736992765,NaN,0.797111736992765,1.0063445973069844
Cntnap_het,OFT-0494-00,medium,4.751078784870441,92,1.0043361872665213,0.9619901673937388,0.9578368076251094,0.9557601277407948,0.9588751475672668,0.9619901673937388,NaN,0.9578368076251094,NaN,0.9578368076251094,1.0043361872665213
Cntnap_het,OFT-0494-00,fast,5.637102066993898,93,1.005862610889496,0.9604648939305842,0.9548668809562709,0.952067874469114,0.9562663841998491,0.9604648939305842,NaN,0.9548668809562709,NaN,0.9548668809562709,1.005862610889496
Cntnap_het,OFT-0496-00,medium,4.783475263889967,94,1.0139903706915845,0.9560669751171305,0.9428757932533937,0.9362802023215254,0.9461735887193279,0.9560669751171305,NaN,0.9428757932533937,NaN,0.9428757932533937,1.0139903706915845
Cntnap_het,OFT-0496-00,fast,6.350987580402308,95,1.002232396170368,0.9677616664382549,0.9656060511874996,0.9645282435621223,0.9661449550001886,0.9677616664382549,NaN,0.9656060511874996,NaN,0.9656060511874996,1.002232396170368
Cntnap_het,OFT-0496-00,slow,3.7299931280545935,96,1.0478375968600004,0.8172704764257466,0.7799591070933299,0.7613034224271217,0.789286949426434,0.8172704764257466,NaN,0.7799591070933299,NaN,0.7799591070933299,1.0478375968600004
Cntnap_het,OFT-0498-00,fast,5.633552393851636,97,1.0074607188321933,0.8395541335710439,0.8333368417025929,0.8302281957683675,0.8348911646697056,0.8395541335710439,NaN,0.8333368417025929,NaN,0.8333368417025929,1.0074607188321933
Cntnap_het,OFT-0498-00,medium,4.569943070783902,98,1.0118926652376399,0.9601103803299498,0.948826306695751,0.9431842698786514,0.9516473251043007,0.9601103803299498,NaN,0.948826306695751,NaN,0.948826306695751,1.0118926652376399
Cntnap_het,OFT-0498-00,slow,3.7383561214800665,99,1.0082119430338725,0.8554566781060403,0.848488935304449,0.8450050639036535,0.8502308710048467,0.8554566781060403,NaN,0.848488935304449,NaN,0.848488935304449,1.0082119430338725
Cntnap_het,OFT-0499-00,fast,6.084508744496071,100,0.9989283938907155,0.9637380151506288,0.9647718705812095,0.9652887982965,0.9645134067235643,0.9637380151506288,NaN,0.9647718705812095,NaN,0.9647718705812095,0.9989283938907155
Cntnap_het,OFT-0499-00,medium,4.84594373269687,101,0.9951374261808955,0.9467305503138392,0.9513565919705879,0.953669612798962,0.9502000815564007,0.9467305503138392,NaN,0.9513565919705879,NaN,0.9513565919705879,0.9951374261808955
Cntnap_het,OFT-0499-00,slow,3.832364487684565,102,0.989705745722019,0.8689645258559043,0.8780029110793629,0.8825221036910922,0.8757433147734982,0.8689645258559043,NaN,0.8780029110793629,NaN,0.8780029110793629,0.989705745722019
Cntnap_het,OFT-0500-00,fast,6.315674862462376,103,0.9972000517759414,0.8551903048830399,0.8575915167272682,0.8587921226493822,0.856991213766211,0.8551903048830399,NaN,0.8575915167272682,NaN,0.8575915167272682,0.9972000517759414
Cntnap_het,OFT-0500-00,medium,5.033365036205116,104,0.9955387355323857,0.9517482483938529,0.9560132764546676,0.9581457904850748,0.9549470194394638,0.9517482483938529,NaN,0.9560132764546676,NaN,0.9560132764546676,0.9955387355323857
Cntnap_het,OFT-0500-00,slow,3.816890576023973,105,1.0068704859852395,0.8070773426095261,0.8015701660177154,0.79881657772181,0.8029469601656681,0.8070773426095261,NaN,0.8015701660177154,NaN,0.8015701660177154,1.0068704859852395
Cntnap_het,OFT-0501-00,medium,4.234500316032289,106,1.001901567766749,0.9157305400921367,0.9139925213744414,0.9131235120155936,0.9144270260538652,0.9157305400921367,NaN,0.9139925213744414,NaN,0.9139925213744414,1.001901567766749
Cntnap_het,OFT-0501-00,fast,5.583717386198095,107,1.0063915824841458,0.9130410717149139,0.9072423573547699,0.9043430001746979,0.908692035944806,0.9130410717149139,NaN,0.9072423573547699,NaN,0.9072423573547699,1.0063915824841458
Cntnap_het,OFT-0501-00,slow,3.458507423736035,108,0.9979678474050028,0.9355271096990674,0.9374321148037996,0.9383846173561655,0.9369558635276165,0.9355271096990674,NaN,0.9374321148037996,NaN,0.9374321148037996,0.9979678474050028
Cntnap_het,OFT-0502-00,fast,6.281785213169838,109,0.9956999346206025,0.8590125731483917,0.8627223355957199,0.8645772168193837,0.8617948949838877,0.8590125731483917,NaN,0.8627223355957199,NaN,0.8627223355957199,0.9956999346206025
Cntnap_het,OFT-0502-00,medium,4.818659096470809,110,0.9984754439358615,0.9231294836777582,0.9245389952094372,0.9252437509752767,0.9241866173265174,0.9231294836777582,NaN,0.9245389952094372,NaN,0.9245389952094372,0.9984754439358615
Cntnap_het,OFT-0502-00,slow,3.676579356452724,111,1.0224552695352866,0.8209951482153521,0.8029643669287366,0.7939489762854288,0.8074720622503906,0.8209951482153521,NaN,0.8029643669287366,NaN,0.8029643669287366,1.0224552695352866
Cntnap_het,OFT-0503-00,fast,5.62880287273937,112,0.9695557755909614,0.6694124213312196,0.6904320908440784,0.7009419256005077,0.6851771734658638,0.6694124213312196,NaN,0.6904320908440784,NaN,0.6904320908440784,0.9695557755909614
Cntnap_het,OFT-0503-00,slow,3.704010195030573,113,1.0347433842711438,0.9567155187493442,0.9245920614638564,0.9085303328211124,0.9326229257852283,0.9567155187493442,NaN,0.9245920614638564,NaN,0.9245920614638564,1.0347433842711438
Cntnap_het,OFT-0503-00,medium,4.575333818562791,114,1.0038442559767349,0.8924950135995473,0.8890771733620716,0.8873682532433338,0.8899316334214404,0.8924950135995473,NaN,0.8890771733620716,NaN,0.8890771733620716,1.0038442559767349
Cntnap_het,OFT-0505-00,slow,3.2287811971530664,115,1.0083307930786554,0.894764509719021,0.8873719972263352,0.883675740979992,0.8892201253495066,0.894764509719021,NaN,0.8873719972263352,NaN,0.8873719972263352,1.0083307930786554
Cntnap_het,OFT-0505-00,fast,4.645335717392841,116,0.9987954261086367,0.950481374113109,0.9516276799707003,0.9522008328994958,0.9513411035063024,0.950481374113109,NaN,0.9516276799707003,NaN,0.9516276799707003,0.9987954261086367
Cntnap_het,OFT-0505-00,medium,3.8986887415610174,117,0.9978093108227976,0.8874638311270513,0.8894122569323842,0.8903864698350504,0.8889251504810509,0.8874638311270513,NaN,0.8894122569323842,NaN,0.8894122569323842,0.9978093108227976
Cntnap_het,OFT-0506-00,medium,4.96635912439875,118,1.0003272218274646,0.8075561776392404,0.8072920140710984,0.8071599322870273,0.8073580549631338,0.8075561776392404,NaN,0.8072920140710984,NaN,0.8072920140710984,1.0003272218274646
Cntnap_het,OFT-0506-00,fast,6.506323994089744,119,1.0070011825051577,0.9069999973533004,0.9006940737615815,0.8975411119657222,0.9022705546595112,0.9069999973533004,NaN,0.9006940737615815,NaN,0.9006940737615815,1.0070011825051577
Cntnap_het,OFT-0506-00,slow,3.7622223810673097,120,0.9960450183822244,0.9168990208645065,0.9205397386091376,0.9223600974814532,0.91962955917298,0.9168990208645065,NaN,0.9205397386091376,NaN,0.9205397386091376,0.9960450183822244
Cntnap_het,OFT-0507-00,fast,6.690377653561512,121,1.004132459362233,0.9482732201777935,0.9443706468567722,0.9424193601962616,0.9453462901870275,0.9482732201777935,NaN,0.9443706468567722,NaN,0.9443706468567722,1.004132459362233
Cntnap_het,OFT-0507-00,slow,3.789449722885808,122,1.0026418225814948,0.9011088488194381,0.8987345515862879,0.8975474029697128,0.8993281258945753,0.9011088488194381,NaN,0.8987345515862879,NaN,0.8987345515862879,1.0026418225814948
Cntnap_het,OFT-0507-00,medium,4.993014831957513,123,1.0110121869265658,0.94630662076578,0.9359992223659658,0.9308455231660587,0.9385760719659193,0.94630662076578,NaN,0.9359992223659658,NaN,0.9359992223659658,1.0110121869265658
Cntnap_het,OFT-0508-00,fast,5.287456421411278,124,1.0039733696425697,0.9132701085886434,0.9096557102045266,0.9078485110124681,0.9105593098005558,0.9132701085886434,NaN,0.9096557102045266,NaN,0.9096557102045266,1.0039733696425697
Cntnap_het,OFT-0508-00,slow,3.4279798530145147,125,1.0048566060900352,0.9047027410427897,0.900330191949525,0.8981439174028925,0.9014233292228412,0.9047027410427897,NaN,0.900330191949525,NaN,0.900330191949525,1.0048566060900352
Cntnap_het,OFT-0508-00,medium,4.152329202424227,126,0.9836481568832226,0.7983872888770618,0.8116594163169314,0.8182954800368663,0.808341384456964,0.7983872888770618,NaN,0.8116594163169314,NaN,0.8116594163169314,0.9836481568832226
Cntnap_het,OFT-0510-00,fast,6.393395996817165,127,1.008119492251842,0.944316128585286,0.9367105148180023,0.9329077079343605,0.9386119182598232,0.944316128585286,NaN,0.9367105148180023,NaN,0.9367105148180023,1.008119492251842
Cntnap_het,OFT-0510-00,slow,3.891128756102368,128,1.0831514610557407,0.7606662263190064,0.7022713384678353,0.6730738945422499,0.7168700604306282,0.7606662263190064,NaN,0.7022713384678353,NaN,0.7022713384678353,1.0831514610557407
Cntnap_het,OFT-0510-00,medium,4.646810364797632,129,0.9894287110439841,0.8774805434298512,0.8868557518449084,0.8915433560524371,0.884511949741144,0.8774805434298512,NaN,0.8868557518449084,NaN,0.8868557518449084,0.9894287110439841
Cntnap_het,OFT-0511-00,fast,6.130069234825496,130,0.998021866989332,0.8601992163900727,0.8619041774956093,0.8627566580483776,0.8614779372192252,0.8601992163900727,NaN,0.8619041774956093,NaN,0.8619041774956093,0.998021866989332
Cntnap_het,OFT-0511-00,slow,3.808672579723519,131,0.9846847830178452,0.8332582009269889,0.8462182165273574,0.8526982243275417,0.8429782126272654,0.8332582009269889,NaN,0.8462182165273574,NaN,0.8462182165273574,0.9846847830178452
Cntnap_het,OFT-0511-00,medium,4.6935799740231445,132,0.9968515227673916,0.9308727883372265,0.9338128769197248,0.9352829212109737,0.9330778547741001,0.9308727883372265,NaN,0.9338128769197248,NaN,0.9338128769197248,0.9968515227673916
Cntnap_het,OFT-0516-00,slow,3.58494410820056,133,1.007161443000633,0.8765114770741029,0.8702790234529978,0.8671627966424453,0.8718371368582742,0.8765114770741029,NaN,0.8702790234529978,NaN,0.8702790234529978,1.007161443000633
Cntnap_het,OFT-0516-00,fast,5.380426372076717,134,1.0206866418516225,0.9148136265819159,0.8962727531364153,0.8870023164136649,0.9009079714977903,0.9148136265819159,NaN,0.8962727531364153,NaN,0.8962727531364153,1.0206866418516225
Cntnap_het,OFT-0516-00,medium,4.461236654621207,135,1.0152971719723485,0.7820168429007543,0.7702344343002391,0.7643432299999815,0.7731800364503678,0.7820168429007543,NaN,0.7702344343002391,NaN,0.7702344343002391,1.0152971719723485
Cntnap_het,OFT-0519-00,slow,4.335349843769441,136,1.0311013810555507,0.7869213487758372,0.763185233997317,0.7513171766080566,0.769119262691947,0.7869213487758372,NaN,0.763185233997317,NaN,0.763185233997317,1.0311013810555507
Cntnap_het,OFT-0519-00,fast,6.6164717970703455,137,1.023136894027081,0.9203303239604896,0.8995182651835149,0.8891122357950277,0.9047212798777586,0.9203303239604896,NaN,0.8995182651835149,NaN,0.8995182651835149,1.023136894027081
Cntnap_het,OFT-0519-00,medium,5.4865508715184035,138,1.0071368453635452,0.9563715020651532,0.9495943937190906,0.9462058395460593,0.9512886708056063,0.9563715020651532,NaN,0.9495943937190906,NaN,0.9495943937190906,1.0071368453635452
Cntnap_het,OFT-0520-00,fast,5.8418673763707645,139,1.0037377946074373,0.9368196986823372,0.9333310987345337,0.9315867987606317,0.9342032487214844,0.9368196986823372,NaN,0.9333310987345337,NaN,0.9333310987345337,1.0037377946074373
Cntnap_het,OFT-0520-00,slow,3.408750614782496,140,1.0116192511557518,0.7416407899171505,0.7331224559732755,0.728863289001338,0.7352520394592442,0.7416407899171505,NaN,0.7331224559732755,NaN,0.7331224559732755,1.0116192511557518
Cntnap_het,OFT-0520-00,medium,4.411202963747585,141,1.0019340657879092,0.9632095980204641,0.9613502833272839,0.960420625980694,0.9618151120005791,0.9632095980204641,NaN,0.9613502833272839,NaN,0.9613502833272839,1.0019340657879092
Cntnap_het,OFT-0523-00,slow,3.431660509323947,142,0.9879962685483533,0.974291077498204,0.9861282967492517,0.9920469063747754,0.9831689919364897,0.974291077498204,NaN,0.9861282967492517,NaN,0.9861282967492517,0.9879962685483533
Cntnap_het,OFT-0523-00,fast,5.568546799825153,143,0.9986466662958756,0.9771966647707964,0.9785209301257266,0.9791830628031918,0.978189863786994,0.9771966647707964,NaN,0.9785209301257266,NaN,0.9785209301257266,0.9986466662958756
Cntnap_het,OFT-0523-00,medium,4.365917159016347,144,1.0027686362092612,0.9767562877660498,0.9740594714434377,0.9727110632821314,0.9747336755240907,0.9767562877660498,NaN,0.9740594714434377,NaN,0.9740594714434377,1.0027686362092612
Cntnap_het,OFT-0529-00,medium,4.006238132648711,145,1.0062033500785794,0.9971798191874275,0.9910321001312038,0.9879582406030917,0.9925690298952595,0.9971798191874275,NaN,0.9910321001312038,NaN,0.9910321001312038,1.0062033500785794
Cntnap_het,OFT-0529-00,fast,5.09277962227133,146,0.9928478818310025,0.9068952195553693,0.913428165735601,0.9166946388257169,0.9117949291905432,0.9068952195553693,NaN,0.913428165735601,NaN,0.913428165735601,0.9928478818310025
Cntnap_het,OFT-0529-00,slow,3.2539999448012082,147,0.9934814722701388,0.9037994004942163,0.9097294974500169,0.9126945459279172,0.9082469732110667,0.9037994004942163,NaN,0.9097294974500169,NaN,0.9097294974500169,0.9934814722701388
Cntnap_het,OFT-0534-00,fast,5.4408879903484495,148,1.0105756564641915,0.8863622664867625,0.877086500963196,0.8724486182014126,0.8794054423440876,0.8863622664867625,NaN,0.877086500963196,NaN,0.877086500963196,1.0105756564641915
Cntnap_het,OFT-0534-00,medium,4.262129520796155,149,1.008951954850484,0.8519262354535242,0.8443674957543154,0.8405881259047108,0.8462571806791175,0.8519262354535242,NaN,0.8443674957543154,NaN,0.8443674957543154,1.008951954850484
Cntnap_het,OFT-0534-00,slow,3.510606489621315,150,1.005118195133539,0.8510700094370607,0.8467362480926816,0.8445693674204917,0.8478196884287762,0.8510700094370607,NaN,0.8467362480926816,NaN,0.8467362480926816,1.005118195133539
Cntnap_het,OFT-0539-00,fast,5.261557619610362,151,0.9988569242110551,0.9032943377461029,0.9043280532490355,0.9048449110005019,0.9040696243733025,0.9032943377461029,NaN,0.9043280532490355,NaN,0.9043280532490355,0.9988569242110551
Cntnap_het,OFT-0539-00,slow,3.4891801604531643,152,0.9973793728576835,0.8627799058122865,0.8650468711221251,0.8661803537770442,0.8644801297946654,0.8627799058122865,NaN,0.8650468711221251,NaN,0.8650468711221251,0.9973793728576835
Cntnap_het,OFT-0539-00,medium,4.214352837177058,153,1.000732584284343,0.9273548481618824,0.9266759799023276,0.9263365457725503,0.9268456969672164,0.9273548481618824,NaN,0.9266759799023276,NaN,0.9266759799023276,1.000732584284343
Cntnap_het,OFT-0542-00,fast,5.113121133925638,154,0.9983449305730276,0.9854255993753565,0.9870592509642376,0.9878760767586783,0.9866508380670174,0.9854255993753565,NaN,0.9870592509642376,NaN,0.9870592509642376,0.9983449305730276
Cntnap_het,OFT-0542-00,medium,4.188097706056288,155,0.9984119151972658,0.7885606086357175,0.7898149016780455,0.7904420481992094,0.7895013284174635,0.7885606086357175,NaN,0.7898149016780455,NaN,0.7898149016780455,0.9984119151972658
Cntnap_het,OFT-0542-00,slow,3.4689007667073355,156,0.9923232725170367,0.9445106044263363,0.9518174475849759,0.9554708691642957,0.949990736795316,0.9445106044263363,NaN,0.9518174475849759,NaN,0.9518174475849759,0.9923232725170367
Cntnap_het,OFT-0586-00,slow,3.603134505189467,157,0.9832551773033604,0.8586893337261884,0.8733128017502011,0.8806245357622076,0.8696569347441979,0.8586893337261884,NaN,0.8733128017502011,NaN,0.8733128017502011,0.9832551773033604
Cntnap_het,OFT-0586-00,medium,4.994840215099768,158,1.0258897196545373,0.8845905498005164,0.862266706501745,0.8511047848523594,0.8678476673264379,0.8845905498005164,NaN,0.862266706501745,NaN,0.862266706501745,1.0258897196545373
Cntnap_het,OFT-0586-00,fast,6.6446041385629595,159,1.0136589504192066,0.8584009430419772,0.8468340783524663,0.8410506460077107,0.849725794524844,0.8584009430419772,NaN,0.8468340783524663,NaN,0.8468340783524663,1.0136589504192066
Cntnap_het,OFT-0597-00,medium,4.133957646593384,160,1.0059502477879472,0.9676042396220402,0.9618808104573476,0.959019095875001,0.963311667748521,0.9676042396220402,NaN,0.9618808104573476,NaN,0.9618808104573476,1.0059502477879472
Cntnap_het,OFT-0597-00,fast,5.28608779125245,161,1.0149612864614959,0.8518284925534352,0.8392719051612326,0.8329936114651313,0.8424110520092833,0.8518284925534352,NaN,0.8392719051612326,NaN,0.8392719051612326,1.0149612864614959
Cntnap_het,OFT-0597-00,slow,3.2802899037330615,162,0.9996659940067188,0.9256299358383512,0.9259392050822627,0.9260938397042181,0.9258618877712845,0.9256299358383512,NaN,0.9259392050822627,NaN,0.9259392050822627,0.9996659940067188
Cntnap_het,OFT-0607-00,medium,4.396494622138709,163,1.010395373488129,0.9183766892940001,0.908928042815103,0.9042037195756545,0.9112902044348272,0.9183766892940001,NaN,0.908928042815103,NaN,0.908928042815103,1.010395373488129
Cntnap_het,OFT-0607-00,fast,5.668646954233612,164,0.9949902246861477,0.9616215261180795,0.9664632900503181,0.9688841720164373,0.9652528490672583,0.9616215261180795,NaN,0.9664632900503181,NaN,0.9664632900503181,0.9949902246861477
Cntnap_het,OFT-0607-00,slow,3.307859178094628,165,0.9966927097254756,0.8979879059640001,0.9009676675686107,0.9024575483709161,0.9002227271674581,0.8979879059640001,NaN,0.9009676675686107,NaN,0.9009676675686107,0.9966927097254756
Cntnap_het,OFT-0611-00,fast,5.281478334592445,166,1.0030473677862766,0.9688906546924555,0.9659470587423953,0.9644752607673651,0.9666829577299104,0.9688906546924555,NaN,0.9659470587423953,NaN,0.9659470587423953,1.0030473677862766
Cntnap_het,OFT-0611-00,medium,4.139411280146142,167,0.996650085368632,0.895372537258099,0.8983820403997925,0.8998867919706394,0.8976296646143691,0.895372537258099,NaN,0.8983820403997925,NaN,0.8983820403997925,0.996650085368632
Cntnap_het,OFT-0611-00,slow,3.3276630313435267,168,0.9969539313760111,0.9903276396086703,0.9933534624230881,0.994866373830297,0.9925970067194836,0.9903276396086703,NaN,0.9933534624230881,NaN,0.9933534624230881,0.9969539313760111
Cntnap_het,OFT-0641-00,slow,3.878965113946498,169,1.0025565230483793,0.912989254961029,0.910661128795999,0.9094970657134841,0.9112431603372564,0.912989254961029,NaN,0.910661128795999,NaN,0.910661128795999,1.0025565230483793
Cntnap_het,OFT-0641-00,medium,4.886897147936717,170,1.0037517831097524,0.9339852088479995,0.9304941964380805,0.9287486902331208,0.9313669495405601,0.9339852088479995,NaN,0.9304941964380805,NaN,0.9304941964380805,1.0037517831097524
Cntnap_het,OFT-0641-00,fast,6.107213125671385,171,1.0011875887607553,0.9512520961166353,0.9501237398418723,0.9495595617044906,0.950405828910563,0.9512520961166353,NaN,0.9501237398418723,NaN,0.9501237398418723,1.0011875887607553
Cntnap_het,OFT-0643-00,slow,4.133963833395987,172,0.9890303454966055,0.9551597817166927,0.9657537668746595,0.9710507594536428,0.9631052705851677,0.9551597817166927,NaN,0.9657537668746595,NaN,0.9657537668746595,0.9890303454966055
Cntnap_het,OFT-0643-00,medium,5.300797593504855,173,1.0078528987946083,0.9069562042958987,0.899889463413379,0.8963560929721188,0.9016561486340089,0.9069562042958987,NaN,0.899889463413379,NaN,0.899889463413379,1.0078528987946083
Cntnap_het,OFT-0643-00,fast,6.614591981366362,174,1.002691839210328,0.893344705543019,0.8909464210325823,0.8897472787773639,0.8915459921601916,0.893344705543019,NaN,0.8909464210325823,NaN,0.8909464210325823,1.002691839210328
Cntnap_het,OFT-0644-00,slow,3.5485318814945526,175,1.007492292573247,0.9116580128132009,0.904878399103903,0.9014885922492542,0.9065733025312275,0.9116580128132009,NaN,0.904878399103903,NaN,0.904878399103903,1.007492292573247
Cntnap_het,OFT-0644-00,medium,4.542351981477554,176,1.0135900303765724,0.8024072210359147,0.7916486912739282,0.7862694263929351,0.7943383237144248,0.8024072210359147,NaN,0.7916486912739282,NaN,0.7916486912739282,1.0135900303765724
Cntnap_het,OFT-0644-00,fast,5.946665647324404,177,1.0064129231443502,0.9525053213982735,0.9464359007059922,0.9434011903598516,0.9479532558790627,0.9525053213982735,NaN,0.9464359007059922,NaN,0.9464359007059922,1.0064129231443502
Cntnap_het,OFT-0645-00,slow,3.9243004582340872,178,1.0057881414676675,0.9474017950499594,0.9419496571787876,0.9392235882432021,0.9433126916465807,0.9474017950499594,NaN,0.9419496571787876,NaN,0.9419496571787876,1.0057881414676675
Cntnap_het,OFT-0645-00,fast,6.642957944999283,179,0.9998109679618036,0.9611338099498018,0.961315529383671,0.9614063891006055,0.9612700995252037,0.9611338099498018,NaN,0.961315529383671,NaN,0.961315529383671,0.9998109679618036
Cntnap_het,OFT-0645-00,medium,5.180051134862894,180,1.0371392301716356,0.9921810971964536,0.9566517863105594,0.9388871308676123,0.965534114032033,0.9921810971964536,NaN,0.9566517863105594,NaN,0.9566517863105594,1.0371392301716356
Cntnap_het,OFT-0652-00,medium,5.209591938800108,181,1.0062587052073704,0.8349126461606419,0.8297196753081332,0.8271231898818787,0.8310179180212603,0.8349126461606419,NaN,0.8297196753081332,NaN,0.8297196753081332,1.0062587052073704
Cntnap_het,OFT-0652-00,slow,3.790472272388752,182,0.9943352331220418,0.966030229940994,0.971533742104084,0.9742854981856296,0.9701578640633115,0.966030229940994,NaN,0.971533742104084,NaN,0.971533742104084,0.9943352331220418
Cntnap_het,OFT-0652-00,fast,6.718583494191961,183,0.9985491955449767,0.882910847702044,0.884193639773731,0.8848350358095742,0.8838729417558091,0.882910847702044,NaN,0.884193639773731,NaN,0.884193639773731,0.9985491955449767
Cntnap_het,OFT-0653-00,slow,3.5205946059683746,184,0.9941187187689432,0.9193659224493915,0.9248049605060037,0.9275244795343097,0.9234452009918508,0.9193659224493915,NaN,0.9248049605060037,NaN,0.9248049605060037,0.9941187187689432
Cntnap_het,OFT-0653-00,fast,5.539974093259897,185,0.9945413255118433,0.7987481282151314,0.8031321652763435,0.8053241838069494,0.8020361560110404,0.7987481282151314,NaN,0.8031321652763435,NaN,0.8031321652763435,0.9945413255118433
Cntnap_het,OFT-0653-00,medium,4.200839259794022,186,1.0122315080588669,0.891703209218251,0.8809281297005364,0.875540589941679,0.883621899579965,0.891703209218251,NaN,0.8809281297005364,NaN,0.8809281297005364,1.0122315080588669
Cntnap_het,OFT-0654-00,medium,5.522947485178096,187,1.0133149685445886,0.9539301697416358,0.9413955180310358,0.9351281921757357,0.9445291809586858,0.9539301697416358,NaN,0.9413955180310358,NaN,0.9413955180310358,1.0133149685445886
Cntnap_het,OFT-0654-00,fast,6.987057206689891,188,0.9857210003289135,0.7935864602218896,0.8050822291064988,0.8108301135488034,0.8022082868853466,0.7935864602218896,NaN,0.8050822291064988,NaN,0.8050822291064988,0.9857210003289135
Cntnap_het,OFT-0654-00,slow,4.1670748192004945,189,0.9918808847352659,0.9208129366213763,0.92835031987449,0.9321190115010468,0.9264659740612116,0.9208129366213763,NaN,0.92835031987449,NaN,0.92835031987449,0.9918808847352659
Cntnap_het,OFT-0656-00,fast,5.681855274838902,190,0.9968340456678078,0.9212608849711861,0.924186818232123,0.9256497848625914,0.9234553349168888,0.9212608849711861,NaN,0.924186818232123,NaN,0.924186818232123,0.9968340456678078
Cntnap_het,OFT-0656-00,slow,3.484252453232484,191,0.9831199637109868,0.8493636740241037,0.8639471329806053,0.871238862458856,0.8603012682414798,0.8493636740241037,NaN,0.8639471329806053,NaN,0.8639471329806053,0.9831199637109868
Cntnap_het,OFT-0656-00,medium,4.302805458485566,192,0.9898502465372536,0.8682082324815767,0.8771106897419975,0.8815619183722082,0.8748850754268925,0.8682082324815767,NaN,0.8771106897419975,NaN,0.8771106897419975,0.9898502465372536
Cntnap_het,OFT-0662-00,fast,5.200262167097168,193,0.9943861016415322,0.8730203597012337,0.8779490765810705,0.8804134350209885,0.8767168973611112,0.8730203597012337,NaN,0.8779490765810705,NaN,0.8779490765810705,0.9943861016415322
Cntnap_het,OFT-0662-00,slow,3.415013319059698,194,1.0370215828783413,0.7998945222547644,0.7713383554029699,0.7570602719770727,0.7784773971159186,0.7998945222547644,NaN,0.7713383554029699,NaN,0.7713383554029699,1.0370215828783413
Cntnap_het,OFT-0662-00,medium,4.170141126298936,195,1.01829921705976,0.7519201408028017,0.738407855182191,0.7316517123718858,0.7417859265873437,0.7519201408028017,NaN,0.738407855182191,NaN,0.738407855182191,1.01829921705976
Cntnap_het,OFT-0664-00,fast,6.45332995992163,196,1.0075843670425728,0.8657678984747428,0.859251023332086,0.8559925857607573,0.8608802421177502,0.8657678984747428,NaN,0.859251023332086,NaN,0.859251023332086,1.0075843670425728
Cntnap_het,OFT-0664-00,medium,4.920440464017071,197,0.9968545546751975,0.9702103387940231,0.9732717117495081,0.9748023982272507,0.9725063685106368,0.9702103387940231,NaN,0.9732717117495081,NaN,0.9732717117495081,0.9968545546751975
Cntnap_het,OFT-0664-00,slow,3.6685267591820945,198,0.9973856289984461,0.985786843461046,0.9883708114492813,0.9896627954433994,0.9877248194522226,0.985786843461046,NaN,0.9883708114492813,NaN,0.9883708114492813,0.9973856289984461
Cntnap_het,OFT-0665-00,fast,5.545053353059841,199,1.0049340712343808,0.9536436152671977,0.948961372257802,0.9466202507531041,0.9501319330101509,0.9536436152671977,NaN,0.948961372257802,NaN,0.948961372257802,1.0049340712343808
Cntnap_het,OFT-0665-00,medium,4.442287190892743,200,1.0095174727532927,0.8342616187040206,0.8263964133564814,0.8224638106827118,0.8283627146933661,0.8342616187040206,NaN,0.8263964133564814,NaN,0.8263964133564814,1.0095174727532927
Cntnap_het,OFT-0665-00,slow,3.566258114637712,201,1.001249271550235,0.8625525621698168,0.8614763442817052,0.8609382353376493,0.8617453987537331,0.8625525621698168,NaN,0.8614763442817052,NaN,0.8614763442817052,1.001249271550235
Cntnap_het,OFT-0666-00,medium,4.990514738800256,202,0.9953472120187176,0.9366332463154711,0.9410115736556236,0.9432007373257,0.9399169918205855,0.9366332463154711,NaN,0.9410115736556236,NaN,0.9410115736556236,0.9953472120187176
Cntnap_het,OFT-0666-00,fast,6.716435209714403,203,0.9925904969452064,0.854699346440794,0.8610795177580425,0.8642696034166668,0.8594844749287305,0.854699346440794,NaN,0.8610795177580425,NaN,0.8610795177580425,0.9925904969452064
Cntnap_het,OFT-0666-00,slow,3.752847240958562,204,0.9981214747289313,0.922704909642598,0.9244414963551256,0.9253097897113893,0.9240073496769936,0.922704909642598,NaN,0.9244414963551256,NaN,0.9244414963551256,0.9981214747289313
Cntnap_het,OFT-0675-00,fast,5.827908641169552,205,0.9959871992227917,0.8603050679749857,0.8637712097568281,0.865504280647749,0.8629046743113673,0.8603050679749857,NaN,0.8637712097568281,NaN,0.8637712097568281,0.9959871992227917
Cntnap_het,OFT-0675-00,medium,4.335811958216762,206,1.0049504241826595,0.9020931465604025,0.8976494012568706,0.8954275286051046,0.8987603375827535,0.9020931465604025,NaN,0.8976494012568706,NaN,0.8976494012568706,1.0049504241826595
Cntnap_het,OFT-0675-00,slow,3.5160773645026655,207,1.0013763621792529,0.9060052973124961,0.9047600198398884,0.9041373811035843,0.9050713392080403,0.9060052973124961,NaN,0.9047600198398884,NaN,0.9047600198398884,1.0013763621792529
Cntnap_het,OFT-0676-00,fast,6.6661612032776825,208,0.9922685401266634,0.9290358416459471,0.9362746112331197,0.9398939960267061,0.9344649188363265,0.9290358416459471,NaN,0.9362746112331197,NaN,0.9362746112331197,0.9922685401266634
Cntnap_het,OFT-0676-00,medium,5.055063562385651,209,1.0015179803009964,0.8972511304930807,0.8958911853219257,0.8952112127363481,0.8962311716147143,0.8972511304930807,NaN,0.8958911853219257,NaN,0.8958911853219257,1.0015179803009964
Cntnap_het,OFT-0676-00,slow,3.8071499916748888,210,0.9986853563953172,0.9262351314693505,0.9274544034695067,0.9280640394695852,0.9271495854694678,0.9262351314693505,NaN,0.9274544034695067,NaN,0.9274544034695067,0.9986853563953172
Cntnap_het,OFT-0685-00,fast,6.03269411877224,211,0.9786433715154167,0.7494870688306747,0.7658428909298222,0.7740208019793962,0.7617539354050353,0.7494870688306747,NaN,0.7658428909298222,NaN,0.7658428909298222,0.9786433715154167
Cntnap_het,OFT-0685-00,medium,4.924781786566309,212,0.9940065787263311,0.8459174644710714,0.8510179736989131,0.8535682283128339,0.8497428463919526,0.8459174644710714,NaN,0.8510179736989131,NaN,0.8510179736989131,0.9940065787263311
Cntnap_het,OFT-0685-00,slow,3.857019303961691,213,1.002176810375441,0.9023360747108164,0.9003761266165982,0.8993961525694891,0.9008661136401528,0.9023360747108164,NaN,0.9003761266165982,NaN,0.9003761266165982,1.002176810375441
Cntnap_het,OFT-0687-00,fast,6.1594268875411435,214,0.9950731638566053,0.9282375554980433,0.9328334731694229,0.9351314320051123,0.9316844937515779,0.9282375554980433,NaN,0.9328334731694229,NaN,0.9328334731694229,0.9950731638566053
Cntnap_het,OFT-0687-00,slow,3.5873212999340587,215,0.9982430162578382,0.9607610445074108,0.9624520571243886,0.9632975634328776,0.9620293039701442,0.9607610445074108,NaN,0.9624520571243886,NaN,0.9624520571243886,0.9982430162578382
Cntnap_het,OFT-0687-00,medium,4.7126967326757745,216,1.004656392246166,0.8693149396518871,0.8652858294250351,0.863271274311609,0.8662931069817481,0.8693149396518871,NaN,0.8652858294250351,NaN,0.8652858294250351,1.004656392246166
Cntnap_hom,OFT-0364-00,fast,6.575646998692903,217,0.9944227917005559,0.8231025990248523,0.8277189600786099,0.8300271406054884,0.8265648698151703,0.8231025990248523,NaN,0.8277189600786099,NaN,0.8277189600786099,0.9944227917005559
Cntnap_hom,OFT-0364-00,medium,5.5875084878637375,218,1.0083182644025583,0.9555926400473365,0.9477093431542049,0.9437676947076392,0.9496801673774878,0.9555926400473365,NaN,0.9477093431542049,NaN,0.9477093431542049,1.0083182644025583
Cntnap_hom,OFT-0364-00,slow,4.366563144613124,219,1.0205727510765916,0.8654270523321104,0.8479817351768214,0.8392590765991769,0.8523430644656437,0.8654270523321104,NaN,0.8479817351768214,NaN,0.8479817351768214,1.0205727510765916
Cntnap_hom,OFT-0367-00,fast,5.684662969379954,220,0.9972654611130636,0.7829029827359071,0.7850497317555717,0.7861231062654039,0.7845130445006554,0.7829029827359071,NaN,0.7850497317555717,NaN,0.7850497317555717,0.9972654611130636
Cntnap_hom,OFT-0367-00,slow,3.5391581324259676,221,0.9866704501644137,0.8946197653050529,0.90670574471545,0.9127487344206486,0.9036842498628508,0.8946197653050529,NaN,0.90670574471545,NaN,0.90670574471545,0.9866704501644137
Cntnap_hom,OFT-0367-00,medium,4.348744723406051,222,1.027131503224408,0.8496598371578866,0.8272162176806028,0.8159944079419608,0.8328271225499237,0.8496598371578866,NaN,0.8272162176806028,NaN,0.8272162176806028,1.027131503224408
Cntnap_hom,OFT-0374-00,fast,6.034659983610651,223,1.000583371656204,0.9168830354662814,0.9163484637453263,0.9160811778848488,0.9164821066755652,0.9168830354662814,NaN,0.9163484637453263,NaN,0.9163484637453263,1.000583371656204
Cntnap_hom,OFT-0374-00,slow,3.5147321616162164,224,1.0273492672634936,0.8571294360221976,0.8343116244247651,0.8229027186260489,0.8400160773241232,0.8571294360221976,NaN,0.8343116244247651,NaN,0.8343116244247651,1.0273492672634936
Cntnap_hom,OFT-0374-00,medium,4.588992252325106,225,1.0150503713359629,0.6966698338943491,0.6863401596291464,0.6811753224965451,0.6889225781954471,0.6966698338943491,NaN,0.6863401596291464,NaN,0.6863401596291464,1.0150503713359629
Cntnap_hom,OFT-0383-00,fast,6.121322470722228,226,1.0003386079327121,0.9860392140201247,0.9857054463366776,0.9855385624949539,0.9857888882575394,0.9860392140201247,NaN,0.9857054463366776,NaN,0.9857054463366776,1.0003386079327121
Cntnap_hom,OFT-0383-00,medium,4.9167978005147335,227,0.9908507235976031,0.713182016773629,0.7197673673630592,0.7230600426577745,0.7181210297157017,0.713182016773629,NaN,0.7197673673630592,NaN,0.7197673673630592,0.9908507235976031
Cntnap_hom,OFT-0383-00,slow,3.7799555156790645,228,1.0034746574402953,0.9848327136756091,0.9814226063145045,0.9797175526339523,0.9822751331547805,0.9848327136756091,NaN,0.9814226063145045,NaN,0.9814226063145045,1.0034746574402953
Cntnap_hom,OFT-0388-00,slow,4.14188146709051,229,1.0458809856687679,0.8469664901610249,0.8098115385656897,0.7912340627680221,0.8191002764645234,0.8469664901610249,NaN,0.8098115385656897,NaN,0.8098115385656897,1.0458809856687679
Cntnap_hom,OFT-0388-00,medium,5.2452570284589415,230,1.0431390183697125,0.7656648844235983,0.7340008099977227,0.7181687727847849,0.7419168286041915,0.7656648844235983,NaN,0.7340008099977227,NaN,0.7340008099977227,1.0431390183697125
Cntnap_hom,OFT-0388-00,fast,6.613163687999042,231,0.9935904907263922,0.7754570500371578,0.7804594118752467,0.7829605927942911,0.7792088214157245,0.7754570500371578,NaN,0.7804594118752467,NaN,0.7804594118752467,0.9935904907263922
Cntnap_hom,OFT-0389-00,slow,4.337096711510125,232,1.029211297292101,0.7836576766445612,0.7614157352395937,0.7502947645371101,0.7669762205908357,0.7836576766445612,NaN,0.7614157352395937,NaN,0.7614157352395937,1.029211297292101
Cntnap_hom,OFT-0389-00,medium,5.727645199972921,233,1.018570936757662,0.9358721734840851,0.9188090291120758,0.910277456926071,0.9230748152050782,0.9358721734840851,NaN,0.9188090291120758,NaN,0.9188090291120758,1.018570936757662
Cntnap_hom,OFT-0389-00,fast,7.0463763697285415,234,1.0077821568847203,0.9561480991468403,0.9487646636873465,0.9450729459575995,0.95061052255222,0.9561480991468403,NaN,0.9487646636873465,NaN,0.9487646636873465,1.0077821568847203
Cntnap_hom,OFT-0390-00,slow,4.420633840895055,235,1.0087390163006442,0.9884171993585984,0.9798542372073876,0.9755727561317823,0.9819949777451904,0.9884171993585984,NaN,0.9798542372073876,NaN,0.9798542372073876,1.0087390163006442
Cntnap_hom,OFT-0390-00,medium,5.791623828226863,236,1.0097099061440005,0.8836589786669158,0.875161245115973,0.8709123783405015,0.8772856785037086,0.8836589786669158,NaN,0.875161245115973,NaN,0.875161245115973,1.0097099061440005
Cntnap_hom,OFT-0390-00,fast,7.306602627233639,237,1.0101114225075416,0.8718245393405529,0.8630973968953843,0.8587338256728001,0.8652791825066766,0.8718245393405529,NaN,0.8630973968953843,NaN,0.8630973968953843,1.0101114225075416
Cntnap_hom,OFT-0400-00,fast,6.837739463643762,238,1.0095519143680725,0.8995922861287762,0.8910807590235462,0.8868249954709313,0.8932086407998536,0.8995922861287762,NaN,0.8910807590235462,NaN,0.8910807590235462,1.0095519143680725
Cntnap_hom,OFT-0400-00,medium,5.28034302292628,239,1.006363607915076,0.897647164227743,0.8919710104456527,0.8891329335546077,0.8933900488911753,0.897647164227743,NaN,0.8919710104456527,NaN,0.8919710104456527,1.006363607915076
Cntnap_hom,OFT-0400-00,slow,4.050331039936924,240,1.016841250419795,0.8351686881220622,0.8213363568573456,0.8144201912249877,0.824794439673525,0.8351686881220622,NaN,0.8213363568573456,NaN,0.8213363568573456,1.016841250419795
Cntnap_hom,OFT-0401-00,fast,5.830009618433355,241,0.9925742411043613,0.8442998314242338,0.8506163030030339,0.8537745387924341,0.849037185108334,0.8442998314242338,NaN,0.8506163030030339,NaN,0.8506163030030339,0.9925742411043613
Cntnap_hom,OFT-0401-00,slow,3.570018848815306,242,1.003795414152781,0.9867578201740725,0.9830268262451783,0.9811613292807315,0.9839595747274019,0.9867578201740725,NaN,0.9830268262451783,NaN,0.9830268262451783,1.003795414152781
Cntnap_hom,OFT-0401-00,medium,4.4760745238163855,243,1.0071593240082974,0.9075062754640629,0.901055328418512,0.8978298548957365,0.9026680651798998,0.9075062754640629,NaN,0.901055328418512,NaN,0.901055328418512,1.0071593240082974
Cntnap_hom,OFT-0402-00,fast,6.775826799316585,244,0.9992892007769837,0.9765021271317917,0.9771967177995378,0.9775440131334105,0.9770230701326013,0.9765021271317917,NaN,0.9771967177995378,NaN,0.9771967177995378,0.9992892007769837
Cntnap_hom,OFT-0402-00,slow,3.768703701922131,245,0.9943721789251606,0.924987950604058,0.9302230796560483,0.9328406441820437,0.9289142973930509,0.924987950604058,NaN,0.9302230796560483,NaN,0.9302230796560483,0.9943721789251606
Cntnap_hom,OFT-0402-00,medium,5.1661669333415166,246,1.0178916282063144,0.7894688248886929,0.775592217297102,0.7686539135013066,0.7790613691949997,0.7894688248886929,NaN,0.775592217297102,NaN,0.775592217297102,1.0178916282063144
Cntnap_hom,OFT-0404-00,fast,5.727105493682571,247,1.0044375674045887,0.9493275845606595,0.9451334909880656,0.9430364442017686,0.9461820143812141,0.9493275845606595,NaN,0.9451334909880656,NaN,0.9451334909880656,1.0044375674045887
Cntnap_hom,OFT-0404-00,slow,3.582639565503818,248,1.0028713376872707,0.8593761224790606,0.8569156283405951,0.8556853812713623,0.8575307518752114,0.8593761224790606,NaN,0.8569156283405951,NaN,0.8569156283405951,1.0028713376872707
Cntnap_hom,OFT-0404-00,medium,4.604569254674041,249,0.9969190816211555,0.8804606345787557,0.8831816451411291,0.8845421504223159,0.8825013925005356,0.8804606345787557,NaN,0.8831816451411291,NaN,0.8831816451411291,0.9969190816211555
Cntnap_hom,OFT-0405-00,fast,5.400856906753735,250,1.0012697441398253,0.86379759794982,0.8627021869035848,0.8621544813804674,0.8629760396651437,0.86379759794982,NaN,0.8627021869035848,NaN,0.8627021869035848,1.0012697441398253
Cntnap_hom,OFT-0405-00,medium,4.322408676743071,251,1.000811211099893,0.9248136339704912,0.9240640229780396,0.9236892174818139,0.9242514257261525,0.9248136339704912,NaN,0.9240640229780396,NaN,0.9240640229780396,1.000811211099893
Cntnap_hom,OFT-0405-00,slow,3.5550553383573753,252,0.9990562747046667,0.9730206329913254,0.9739397645832936,0.9743993303792776,0.9737099816853014,0.9730206329913254,NaN,0.9739397645832936,NaN,0.9739397645832936,0.9990562747046667
Cntnap_hom,OFT-0406-00,fast,5.901332577134477,253,0.9984428996810987,0.9884343959249524,0.9899758876953876,0.9907466335806052,0.9895905147527788,0.9884343959249524,NaN,0.9899758876953876,NaN,0.9899758876953876,0.9984428996810987
Cntnap_hom,OFT-0406-00,medium,4.520701177200946,254,0.9917374150034338,0.9504930819629781,0.9584120429294151,0.9623715234126334,0.9564323026878057,0.9504930819629781,NaN,0.9584120429294151,NaN,0.9584120429294151,0.9917374150034338
Cntnap_hom,OFT-0406-00,slow,3.7461388148385617,255,0.984980298490139,0.9676919534925824,0.9824480296468289,0.9898260677239519,0.9787590106082673,0.9676919534925824,NaN,0.9824480296468289,NaN,0.9824480296468289,0.984980298490139
Cntnap_hom,OFT-0416-00,fast,5.932730057405587,256,0.9981560297543874,0.9404842638702982,0.9422216926362902,0.9430904070192865,0.9417873354447922,0.9404842638702982,NaN,0.9422216926362902,NaN,0.9422216926362902,0.9981560297543874
Cntnap_hom,OFT-0416-00,medium,4.7789344227474295,257,1.0077079493672847,0.9092329994716504,0.9022782841422812,0.8988009264775965,0.9040169629746234,0.9092329994716504,NaN,0.9022782841422812,NaN,0.9022782841422812,1.0077079493672847
Cntnap_hom,OFT-0416-00,slow,3.699285254417163,258,1.0282045403314086,0.9749970998018362,0.9482520856089366,0.934879578512487,0.9549383391571618,0.9749970998018362,NaN,0.9482520856089366,NaN,0.9482520856089366,1.0282045403314086
Cntnap_hom,OFT-0417-00,fast,5.6331603001890755,259,0.9962455512958887,0.95395900444161,0.9575540921620442,0.9593516360222613,0.9566553202319357,0.95395900444161,NaN,0.9575540921620442,NaN,0.9575540921620442,0.9962455512958887
Cntnap_hom,OFT-0417-00,medium,4.415117915142794,260,0.999411048674082,0.8214013454324498,0.8218853959261331,0.8221274211729747,0.8217643833027122,0.8214013454324498,NaN,0.8218853959261331,NaN,0.8218853959261331,0.999411048674082
Cntnap_hom,OFT-0417-00,slow,3.472600618643135,261,1.0068445610100236,0.9947993320910281,0.9880366549262458,0.9846553163438547,0.9897273242174414,0.9947993320910281,NaN,0.9880366549262458,NaN,0.9880366549262458,1.0068445610100236
Cntnap_hom,OFT-0418-00,fast,5.6447210108296355,262,0.9993850921240338,0.809373880328371,0.8098718769240151,0.8101208752218373,0.8097473777751041,0.809373880328371,NaN,0.8098718769240151,NaN,0.8098718769240151,0.9993850921240338
Cntnap_hom,OFT-0418-00,slow,3.8300224046756886,263,1.004552568909746,0.9326601785425331,0.9284334214134371,0.9263200428488888,0.929490110695711,0.9326601785425331,NaN,0.9284334214134371,NaN,0.9284334214134371,1.004552568909746
Cntnap_hom,OFT-0418-00,medium,4.691575429741383,264,0.9980174795667547,0.8972867883625417,0.8990692114451334,0.8999604229864291,0.8986236056744854,0.8972867883625417,NaN,0.8990692114451334,NaN,0.8990692114451334,0.9980174795667547
Cntnap_hom,OFT-0422-00,slow,4.394226054058879,265,1.0179384210967426,0.9620232430375549,0.9450701762500094,0.9365936428562365,0.9493084429468956,0.9620232430375549,NaN,0.9450701762500094,NaN,0.9450701762500094,1.0179384210967426
Cntnap_hom,OFT-0422-00,fast,6.7543423990786415,266,1.0134893992673997,0.8604236235549151,0.8489715079179634,0.8432454500994875,0.8518345368272013,0.8604236235549151,NaN,0.8489715079179634,NaN,0.8489715079179634,1.0134893992673997
Cntnap_hom,OFT-0422-00,medium,5.6394601549149135,267,1.0072002706308882,0.8719761863438803,0.8657426052891085,0.8626258147617227,0.8673010005528015,0.8719761863438803,NaN,0.8657426052891085,NaN,0.8657426052891085,1.0072002706308882
Cntnap_hom,OFT-0433-00,medium,4.860960858128045,268,0.9954707729956846,0.925756905924455,0.9299689463896176,0.9320749666221988,0.9289159362733269,0.925756905924455,NaN,0.9299689463896176,NaN,0.9299689463896176,0.9954707729956846
Cntnap_hom,OFT-0433-00,slow,3.7769256014629797,269,1.0050142617543598,0.8420717164540295,0.8378704148775991,0.835769764089384,0.8389207402717068,0.8420717164540295,NaN,0.8378704148775991,NaN,0.8378704148775991,1.0050142617543598
Cntnap_hom,OFT-0433-00,fast,6.27175454871354,270,1.014322743931928,0.8490437051632416,0.837054783837344,0.8310603231743949,0.8400520141688184,0.8490437051632416,NaN,0.837054783837344,NaN,0.837054783837344,1.014322743931928
Cntnap_hom,OFT-0445-00,fast,5.915050640446001,271,0.994682449315887,0.9465371704932477,0.9515973375666252,0.9541274211033137,0.9503322957982807,0.9465371704932477,NaN,0.9515973375666252,NaN,0.9515973375666252,0.994682449315887
Cntnap_hom,OFT-0445-00,medium,4.538916557888154,272,1.007377236356801,0.8096438633155482,0.8037146702298342,0.8007500736869775,0.8051969685012628,0.8096438633155482,NaN,0.8037146702298342,NaN,0.8037146702298342,1.007377236356801
Cntnap_hom,OFT-0445-00,slow,3.512216050505925,273,1.0138794850000772,0.8234518919237502,0.8121792620389074,0.8065429470964862,0.8149974195101181,0.8234518919237502,NaN,0.8121792620389074,NaN,0.8121792620389074,1.0138794850000772
Cntnap_hom,OFT-0449-00,fast,5.587060496442845,274,0.990171905249065,0.8440881931299485,0.8524663128243667,0.8566553726715758,0.850371782900762,0.8440881931299485,NaN,0.8524663128243667,NaN,0.8524663128243667,0.990171905249065
Cntnap_hom,OFT-0449-00,medium,4.456216700715027,275,0.9812792694918404,0.7088815214853879,0.7224054797901571,0.7291674589425419,0.7190244902139649,0.7088815214853879,NaN,0.7224054797901571,NaN,0.7224054797901571,0.9812792694918404
Cntnap_hom,OFT-0449-00,slow,3.605700124019238,276,0.9919855193666792,0.9228216340076666,0.9302773236012866,0.9340051683980966,0.9284134012028815,0.9228216340076666,NaN,0.9302773236012866,NaN,0.9302773236012866,0.9919855193666792
Cntnap_hom,OFT-0517-00,fast,6.518515584804029,277,1.0154044057207492,0.8874382922394446,0.8739752233096997,0.867243688844827,0.8773409905421359,0.8874382922394446,NaN,0.8739752233096997,NaN,0.8739752233096997,1.0154044057207492
Cntnap_hom,OFT-0517-00,medium,5.261756963441654,278,1.0052858945127445,0.8986460922741896,0.8939209205852405,0.8915583347407662,0.8951022135074779,0.8986460922741896,NaN,0.8939209205852405,NaN,0.8939209205852405,1.0052858945127445
Cntnap_hom,OFT-0517-00,slow,4.107673366842524,279,1.0021457951299184,0.9400711174808726,0.9380582366850141,0.9370517962870849,0.9385614568839786,0.9400711174808726,NaN,0.9380582366850141,NaN,0.9380582366850141,1.0021457951299184
Cntnap_hom,OFT-0518-00,slow,4.194424015507742,280,1.0065902541952243,0.799071970101112,0.7938403603360689,0.7912245554535475,0.7951482627773296,0.799071970101112,NaN,0.7938403603360689,NaN,0.7938403603360689,1.0065902541952243
Cntnap_hom,OFT-0518-00,medium,5.381234252068127,281,1.001114683754877,0.9409401106165155,0.9398924277959194,0.9393685863856213,0.9401543485010684,0.9409401106165155,NaN,0.9398924277959194,NaN,0.9398924277959194,1.001114683754877
Cntnap_hom,OFT-0518-00,fast,6.595931908726713,282,0.9995498307066617,0.8519772583375784,0.8523609650708935,0.852552818437551,0.8522650383875647,0.8519772583375784,NaN,0.8523609650708935,NaN,0.8523609650708935,0.9995498307066617
Cntnap_hom,OFT-0521-00,slow,4.142945645062197,283,1.0108480775202289,0.8653977321629517,0.8561105782442698,0.8514670012849289,0.8584323667239402,0.8653977321629517,NaN,0.8561105782442698,NaN,0.8561105782442698,1.0108480775202289
Cntnap_hom,OFT-0521-00,medium,5.564338907071257,284,1.0069330515778703,0.9183145154331878,0.9119916304208937,0.9088301879147466,0.9135723516739673,0.9183145154331878,NaN,0.9119916304208937,NaN,0.9119916304208937,1.0069330515778703
Cntnap_hom,OFT-0521-00,fast,7.202200261621405,285,1.0127421010661692,0.8921650185726429,0.8809399921593184,0.8753274789526562,0.8837462487626495,0.8921650185726429,NaN,0.8809399921593184,NaN,0.8809399921593184,1.0127421010661692
Cntnap_hom,OFT-0522-00,fast,6.904142016852992,286,1.015722958294204,0.935510540806036,0.9210292365322962,0.9137885843954259,0.924649562600731,0.935510540806036,NaN,0.9210292365322962,NaN,0.9210292365322962,1.015722958294204
Cntnap_hom,OFT-0522-00,medium,5.043399319824403,287,1.0024707636413603,0.9494497041540673,0.9471096201402421,0.9459395781333295,0.9476946411436984,0.9494497041540673,NaN,0.9471096201402421,NaN,0.9471096201402421,1.0024707636413603
Cntnap_hom,OFT-0522-00,slow,3.774059033337281,288,0.9980459937063036,0.8586283049982325,0.8603093548922177,0.8611498798392103,0.8598890924187212,0.8586283049982325,NaN,0.8603093548922177,NaN,0.8603093548922177,0.9980459937063036
Cntnap_hom,OFT-0533-00,fast,6.83201469464119,289,1.0047130622004317,0.9433909019115261,0.9389654991101605,0.9367527977094778,0.9400718498105018,0.9433909019115261,NaN,0.9389654991101605,NaN,0.9389654991101605,1.0047130622004317
Cntnap_hom,OFT-0533-00,medium,4.977742748664982,290,1.0124485871817364,0.8339849538638144,0.8237306707941632,0.8186035292593379,0.8262942415615762,0.8339849538638144,NaN,0.8237306707941632,NaN,0.8237306707941632,1.0124485871817364
Cntnap_hom,OFT-0533-00,slow,3.7706263149464285,291,0.9998682529598254,0.8622148253394366,0.8623284345583481,0.8623852391678037,0.8623000322536202,0.8622148253394366,NaN,0.8623284345583481,NaN,0.8623284345583481,0.9998682529598254
Cntnap_hom,OFT-0535-00,fast,5.682578088866079,292,0.9907027201979017,0.8330916964810047,0.8409098708385369,0.8448189580173031,0.8389553272491538,0.8330916964810047,NaN,0.8409098708385369,NaN,0.8409098708385369,0.9907027201979017
Cntnap_hom,OFT-0535-00,slow,3.723959875570889,293,0.9901857718982142,0.9331482834754083,0.942397184405646,0.947021634870765,0.9400849591730867,0.9331482834754083,NaN,0.942397184405646,NaN,0.942397184405646,0.9901857718982142
Cntnap_hom,OFT-0535-00,medium,4.545863357613857,294,0.9935833021496967,0.887956254086272,0.8936907979080444,0.8965580698189304,0.8922571619526012,0.887956254086272,NaN,0.8936907979080444,NaN,0.8936907979080444,0.9935833021496967
Cntnap_hom,OFT-0540-00,medium,4.462168650396679,295,1.0027768351185602,0.9453553019889886,0.9427374754595498,0.9414285621948304,0.9433919320919095,0.9453553019889886,NaN,0.9427374754595498,NaN,0.9427374754595498,1.0027768351185602
Cntnap_hom,OFT-0540-00,slow,3.58122893580808,296,1.0073880996426101,0.901211375289126,0.894601966817801,0.8912972625821384,0.8962543189356321,0.901211375289126,NaN,0.894601966817801,NaN,0.894601966817801,1.0073880996426101
Cntnap_hom,OFT-0540-00,fast,5.506130523103426,297,1.0127710229157372,0.850032337193681,0.8393134459420685,0.8339540003162622,0.8419931687549717,0.850032337193681,NaN,0.8393134459420685,NaN,0.8393134459420685,1.0127710229157372
Cntnap_hom,OFT-0541-00,medium,4.664580672133635,298,0.9924879883095874,0.7996914134444513,0.8057441730922017,0.8087705529160768,0.8042309831802641,0.7996914134444513,NaN,0.8057441730922017,NaN,0.8057441730922017,0.9924879883095874
Cntnap_hom,OFT-0541-00,fast,6.109380054497126,299,0.9996346418968184,0.9207445959780554,0.9210811204290917,0.92124938265461,0.9209969893163327,0.9207445959780554,NaN,0.9210811204290917,NaN,0.9210811204290917,0.9996346418968184
Cntnap_hom,OFT-0541-00,slow,3.627420417221854,300,1.0215956134026911,0.8714025373237343,0.8529818706066097,0.8437715372480472,0.8575870372858908,0.8714025373237343,NaN,0.8529818706066097,NaN,0.8529818706066097,1.0215956134026911
Cntnap_hom,OFT-0546-00,slow,3.717147567594501,301,1.0091049144198683,0.785518527549325,0.7784309800937969,0.7748872063660328,0.7802028669576788,0.785518527549325,NaN,0.7784309800937969,NaN,0.7784309800937969,1.0091049144198683
Cntnap_hom,OFT-0546-00,medium,4.7907356318287375,302,1.0469925980983987,0.8343331818203353,0.796885463503461,0.7781616043450239,0.8062473930826797,0.8343331818203353,NaN,0.796885463503461,NaN,0.796885463503461,1.0469925980983987
Cntnap_hom,OFT-0546-00,fast,5.9906872209964,303,1.010115864017265,0.9644250079126838,0.954766717628939,0.9499375724870669,0.9571812901998753,0.9644250079126838,NaN,0.954766717628939,NaN,0.954766717628939,1.010115864017265
Cntnap_hom,OFT-0548-00,slow,4.3751891699585235,304,1.0517947262339942,0.8264183251898902,0.7857220658910548,0.7653739362416374,0.7958961307157637,0.8264183251898902,NaN,0.7857220658910548,NaN,0.7857220658910548,1.0517947262339942
Cntnap_hom,OFT-0548-00,fast,7.053956647919479,305,1.0142919523699465,0.918931609357523,0.9059833386338036,0.8995092032719438,0.9092204063147336,0.918931609357523,NaN,0.9059833386338036,NaN,0.9059833386338036,1.0142919523699465
Cntnap_hom,OFT-0548-00,medium,5.649416072927554,306,1.0168904298034607,0.9890124951375387,0.9725851145326346,0.9643714242301826,0.9766919596838608,0.9890124951375387,NaN,0.9725851145326346,NaN,0.9725851145326346,1.0168904298034607
Cntnap_hom,OFT-0580-00,fast,5.773584385792086,307,1.0026639178124939,0.8369128373482806,0.8346892936709726,0.8335775218323187,0.8352451795902996,0.8369128373482806,NaN,0.8346892936709726,NaN,0.8346892936709726,1.0026639178124939
Cntnap_hom,OFT-0580-00,slow,3.60820775937286,308,0.9936272985868941,0.8974506609017382,0.9032065264089107,0.906084459162497,0.9017675600321176,0.8974506609017382,NaN,0.9032065264089107,NaN,0.9032065264089107,0.9936272985868941
Cntnap_hom,OFT-0580-00,medium,4.5301301892704515,309,0.9938177716009803,0.958265292369852,0.964226359955452,0.9672068937482521,0.9627360930590521,0.958265292369852,NaN,0.964226359955452,NaN,0.964226359955452,0.9938177716009803
Cntnap_hom,OFT-0581-00,fast,5.2419256955895355,310,1.0170936170186515,0.8440194318399408,0.829834557721409,0.822742120662143,0.8333807762510419,0.8440194318399408,NaN,0.829834557721409,NaN,0.829834557721409,1.0170936170186515
Cntnap_hom,OFT-0581-00,medium,4.248277834839669,311,1.0078191911825962,0.9336686468539976,0.9264247545816341,0.9228028084454523,0.928235727649725,0.9336686468539976,NaN,0.9264247545816341,NaN,0.9264247545816341,1.0078191911825962
Cntnap_hom,OFT-0581-00,slow,3.4578194601684054,312,1.0167828598708413,0.8531322918469358,0.8390506228196122,0.8320097883059501,0.842571040076443,0.8531322918469358,NaN,0.8390506228196122,NaN,0.8390506228196122,1.0167828598708413
Cntnap_hom,OFT-0583-00,fast,6.432574776013747,313,0.9919884211787995,0.6912340695023848,0.6968166711875302,0.6996079720301029,0.6954210207662439,0.6912340695023848,NaN,0.6968166711875302,NaN,0.6968166711875302,0.9919884211787995
Cntnap_hom,OFT-0583-00,medium,4.725786232534665,314,1.031332796464369,0.7954490134341294,0.7712825735408589,0.7591993535942235,0.7773241835141765,0.7954490134341294,NaN,0.7712825735408589,NaN,0.7712825735408589,1.031332796464369
Cntnap_hom,OFT-0583-00,slow,3.843334214070556,315,1.0168342220792976,0.9204233948233665,0.9051853043864092,0.8975662591679303,0.9089948269956485,0.9204233948233665,NaN,0.9051853043864092,NaN,0.9051853043864092,1.0168342220792976
Cntnap_hom,OFT-0584-00,slow,3.945632341131541,316,1.0168615887087114,0.8771715581102367,0.8626263080938442,0.8553536830856479,0.8662626205979422,0.8771715581102367,NaN,0.8626263080938442,NaN,0.8626263080938442,1.0168615887087114
Cntnap_hom,OFT-0584-00,medium,5.381458912429321,317,1.0136610743070171,0.9073072108256847,0.8950794637605665,0.8889655902280075,0.8981364005268462,0.9073072108256847,NaN,0.8950794637605665,NaN,0.8950794637605665,1.0136610743070171
Cntnap_hom,OFT-0584-00,fast,7.057710892555831,318,1.015757978645066,0.9699464592372242,0.9548991783761814,0.94737553794566,0.958660998591442,0.9699464592372242,NaN,0.9548991783761814,NaN,0.9548991783761814,1.015757978645066
Cntnap_hom,OFT-0599-00,medium,5.090193139775462,319,1.0041931950478533,0.9498135716548889,0.9458474488164869,0.9438643873972862,0.9468389795260874,0.9498135716548889,NaN,0.9458474488164869,NaN,0.9458474488164869,1.0041931950478533
Cntnap_hom,OFT-0599-00,fast,6.847016116966506,320,1.0054983923462901,0.9338316875309925,0.928725192043255,0.9261719442993859,0.9300018159151892,0.9338316875309925,NaN,0.928725192043255,NaN,0.928725192043255,1.0054983923462901
Cntnap_hom,OFT-0599-00,slow,3.8099896620709175,321,1.007042485184798,0.9598243230023065,0.9531120455421234,0.9497559068120318,0.9547901149071691,0.9598243230023065,NaN,0.9531120455421234,NaN,0.9531120455421234,1.007042485184798
Cntnap_hom,OFT-0605-00,fast,5.971086024654257,322,1.0047969813080622,0.9324760507870082,0.9280243353966835,0.9257984777015209,0.9291372642442646,0.9324760507870082,NaN,0.9280243353966835,NaN,0.9280243353966835,1.0047969813080622
Cntnap_hom,OFT-0605-00,medium,4.431019374834925,323,1.0082719908573312,0.9051396378439639,0.8977137578465567,0.8940008178478531,0.8995702278459085,0.9051396378439639,NaN,0.8977137578465567,NaN,0.8977137578465567,1.0082719908573312
Cntnap_hom,OFT-0605-00,slow,3.365680802120634,324,1.014201810160363,0.9268227931201579,0.9138445463567167,0.907355422974996,0.9170891080475769,0.9268227931201579,NaN,0.9138445463567167,NaN,0.9138445463567167,1.014201810160363
Cntnap_hom,OFT-0613-00,fast,6.240456225050972,325,1.0133822343017196,0.9370285694119584,0.9246546245776913,0.9184676521605577,0.9277481107862582,0.9370285694119584,NaN,0.9246546245776913,NaN,0.9246546245776913,1.0133822343017196
Cntnap_hom,OFT-0613-00,slow,3.6239254955454316,326,1.0141902235299538,0.7911556315813384,0.7800860363528951,0.7745512387386734,0.7828534351600059,0.7911556315813384,NaN,0.7800860363528951,NaN,0.7800860363528951,1.0141902235299538
Cntnap_hom,OFT-0613-00,medium,4.723776504154785,327,1.015434091338404,0.9883483075085407,0.9733259065645882,0.9658147060926121,0.9770815068005765,0.9883483075085407,NaN,0.9733259065645882,NaN,0.9733259065645882,1.015434091338404
Cntnap_neg,OFT-0365-00,medium,4.649295553476269,328,0.9984987099674894,0.8369440946030001,0.8382024796308957,0.8388316721448437,0.837887883373922,0.8369440946030001,NaN,0.8382024796308957,NaN,0.8382024796308957,0.9984987099674894
Cntnap_neg,OFT-0365-00,fast,5.8100700331340915,329,1.0020419063686732,0.9212480304197725,0.919370761406884,0.9184321269004397,0.9198400786601062,0.9212480304197725,NaN,0.919370761406884,NaN,0.919370761406884,1.0020419063686732
Cntnap_neg,OFT-0365-00,slow,3.6399510767552843,330,1.0166509109381756,0.9426599577886018,0.9272208854056951,0.9195013492142416,0.9310806535014218,0.9426599577886018,NaN,0.9272208854056951,NaN,0.9272208854056951,1.0166509109381756
Cntnap_neg,OFT-0370-00,slow,3.759764338918838,331,1.0020210579754065,0.9060937666733333,0.9042661922735484,0.9033524050736558,0.9047230858734946,0.9060937666733333,NaN,0.9042661922735484,NaN,0.9042661922735484,1.0020210579754065
Cntnap_neg,OFT-0370-00,medium,4.714484462761814,332,1.0142733882754997,0.958899417688454,0.94540528103454,0.9386582127075829,0.9487788151980184,0.958899417688454,NaN,0.94540528103454,NaN,0.94540528103454,1.0142733882754997
Cntnap_neg,OFT-0370-00,fast,5.687679056431786,333,0.9978779561921175,0.9207850898868348,0.922743191362331,0.9237222421000792,0.9222536659934569,0.9207850898868348,NaN,0.922743191362331,NaN,0.922743191362331,0.9978779561921175
Cntnap_neg,OFT-0375-00,fast,5.3165811383240955,334,0.9940017470423166,0.9306710514621737,0.9362871385602838,0.9390951821093387,0.9348831167857563,0.9306710514621737,NaN,0.9362871385602838,NaN,0.9362871385602838,0.9940017470423166
Cntnap_neg,OFT-0375-00,medium,4.197087814262362,335,0.9806924364977246,0.7717706146315649,0.7869649911726994,0.7945621794432667,0.7831663970374159,0.7717706146315649,NaN,0.7869649911726994,NaN,0.7869649911726994,0.9806924364977246
Cntnap_neg,OFT-0375-00,slow,3.453279231050849,336,0.9929160523035006,0.8310970648084541,0.8370265168745767,0.8399912429076379,0.835544153858046,0.8310970648084541,NaN,0.8370265168745767,NaN,0.8370265168745767,0.9929160523035006
Cntnap_neg,OFT-0384-00,fast,6.821569052926762,337,0.9772055033485727,0.58181766456861,0.5953892631334,0.6021750624157951,0.5919963634922025,0.58181766456861,NaN,0.5953892631334,NaN,0.5953892631334,0.9772055033485727
Cntnap_neg,OFT-0384-00,medium,4.960442253712492,338,0.9867904859525745,0.81368965382457,0.8245819810869927,0.8300281447182039,0.8218588992713871,0.81368965382457,NaN,0.8245819810869927,NaN,0.8245819810869927,0.9867904859525745
Cntnap_neg,OFT-0384-00,slow,3.644637657142675,339,0.9887963716189301,0.8603994354050173,0.8701482530688377,0.8750226619007476,0.8677110486528825,0.8603994354050173,NaN,0.8701482530688377,NaN,0.8701482530688377,0.9887963716189301
Cntnap_neg,OFT-0426-00,slow,3.838447349807781,340,1.0167594746546282,0.8778460378916795,0.8633763045973731,0.8561414379502199,0.8669937379209496,0.8778460378916795,NaN,0.8633763045973731,NaN,0.8633763045973731,1.0167594746546282
Cntnap_neg,OFT-0426-00,fast,5.427988522945426,341,1.0298891031472774,0.8617418194110347,0.836732631481977,0.8242280375174481,0.8429849284642414,0.8617418194110347,NaN,0.836732631481977,NaN,0.836732631481977,1.0298891031472774
Cntnap_neg,OFT-0426-00,medium,4.698927205233479,342,1.0194779609701263,0.9203796079249194,0.9027950021097996,0.8940026992022396,0.9071911535635794,0.9203796079249194,NaN,0.9027950021097996,NaN,0.9027950021097996,1.0194779609701263
Cntnap_neg,OFT-0427-00,medium,5.169270064363852,343,0.998428251167859,0.8958353878966742,0.8972456326719699,0.8979507550596179,0.896893071478146,0.8958353878966742,NaN,0.8972456326719699,NaN,0.8972456326719699,0.998428251167859
Cntnap_neg,OFT-0427-00,slow,3.922425034688281,344,1.0079368261789319,0.8882996883040497,0.8813049243091712,0.8778075423117321,0.883053615307891,0.8882996883040497,NaN,0.8813049243091712,NaN,0.8813049243091712,1.0079368261789319
Cntnap_neg,OFT-0427-00,fast,6.159988702688991,345,1.0029387129995047,0.899745257862115,0.8971089122397445,0.8957907394285594,0.8977679986453372,0.899745257862115,NaN,0.8971089122397445,NaN,0.8971089122397445,1.0029387129995047
Cntnap_neg,OFT-0429-00,fast,6.157693223315773,346,0.9936666525662807,0.7707808469088924,0.7756935838776967,0.7781499523620987,0.7744653996354955,0.7707808469088924,NaN,0.7756935838776967,NaN,0.7756935838776967,0.9936666525662807
Cntnap_neg,OFT-0429-00,medium,4.785529706510083,347,1.007725877045689,0.9186378693003829,0.9115949984270705,0.9080735629904142,0.9133557161453987,0.9186378693003829,NaN,0.9115949984270705,NaN,0.9115949984270705,1.007725877045689
Cntnap_neg,OFT-0429-00,slow,3.7445626463981783,348,1.0141228197024794,0.9696339921275237,0.9561307302127293,0.9493790992553324,0.959506545691428,0.9696339921275237,NaN,0.9561307302127293,NaN,0.9561307302127293,1.0141228197024794
Cntnap_neg,OFT-0435-00,slow,3.4817203628420565,349,1.013666634444872,0.9617423598837795,0.9487757880187816,0.9422925020862827,0.9520174309850311,0.9617423598837795,NaN,0.9487757880187816,NaN,0.9487757880187816,1.013666634444872
Cntnap_neg,OFT-0435-00,medium,3.965127527195972,350,1.0051908915251606,0.9276279472083566,0.9228375973451978,0.9204424224136187,0.9240351848109876,0.9276279472083566,NaN,0.9228375973451978,NaN,0.9228375973451978,1.0051908915251606
Cntnap_neg,OFT-0435-00,fast,4.744038696168232,351,1.03550974617549,0.6932859638703907,0.6695117708268271,0.6576246743050453,0.675455319087718,0.6932859638703907,NaN,0.6695117708268271,NaN,0.6695117708268271,1.03550974617549
Cntnap_neg,OFT-0437-00,fast,5.430864092275972,352,1.0064698645080246,0.872179554078738,0.8665729445412363,0.8637696397724852,0.8679745969256119,0.872179554078738,NaN,0.8665729445412363,NaN,0.8665729445412363,1.0064698645080246
Cntnap_neg,OFT-0437-00,medium,4.487878992952199,353,1.005278843616028,0.9353367109722306,0.9304251421503981,0.9279693577394816,0.931653034355856,0.9353367109722306,NaN,0.9304251421503981,NaN,0.9304251421503981,1.005278843616028
Cntnap_neg,OFT-0437-00,slow,3.6605904403288276,354,1.0103945383903343,0.9529084784723977,0.9431053338733223,0.9382037615737844,0.9455561200230911,0.9529084784723977,NaN,0.9431053338733223,NaN,0.9431053338733223,1.0103945383903343
Cntnap_neg,OFT-0440-00,medium,4.342740926813341,355,1.001002085784269,0.9072580310237842,0.9063497907828655,0.905895670662406,0.9065768508430951,0.9072580310237842,NaN,0.9063497907828655,NaN,0.9063497907828655,1.001002085784269
Cntnap_neg,OFT-0440-00,fast,5.368883781936026,356,0.9915333773467827,0.914359132251866,0.9221667703194973,0.9260705893533128,0.9202148608025895,0.914359132251866,NaN,0.9221667703194973,NaN,0.9221667703194973,0.9915333773467827
Cntnap_neg,OFT-0440-00,slow,3.5789213556856585,357,1.0034683614717232,0.9540990361797757,0.9508013135366413,0.949152452215074,0.951625744197425,0.9540990361797757,NaN,0.9508013135366413,NaN,0.9508013135366413,1.0034683614717232
Cntnap_neg,OFT-0441-00,slow,3.7655398475205977,358,0.9943236262565709,0.6940805167867742,0.6980428690001546,0.7000240451068448,0.6970522809468095,0.6940805167867742,NaN,0.6980428690001546,NaN,0.6980428690001546,0.9943236262565709
Cntnap_neg,OFT-0441-00,fast,6.174642536436669,359,0.9975659894388058,0.7973323795756483,0.7992778302558193,0.8002505555959047,0.7987914675857766,0.7973323795756483,NaN,0.7992778302558193,NaN,0.7992778302558193,0.9975659894388058
Cntnap_neg,OFT-0441-00,medium,4.8970648680957,360,0.9999111517942105,0.9071016109356068,0.9071822124475069,0.9072225132034569,0.9071620620695318,0.9071016109356068,NaN,0.9071822124475069,NaN,0.9071822124475069,0.9999111517942105
Cntnap_neg,OFT-0451-00,fast,5.897495011313239,361,1.0148868694232118,0.8123003256647732,0.8003850972339664,0.7944274830185629,0.803363904341668,0.8123003256647732,NaN,0.8003850972339664,NaN,0.8003850972339664,1.0148868694232118
Cntnap_neg,OFT-0451-00,medium,4.809765482786067,362,1.0030260946883318,0.8291011537554925,0.8265997845381254,0.8253490999294417,0.8272251268424671,0.8291011537554925,NaN,0.8265997845381254,NaN,0.8265997845381254,1.0030260946883318
Cntnap_neg,OFT-0451-00,slow,3.9297478353456565,363,1.0194850233175794,0.9021717443197457,0.8849288843733317,0.8763074544001249,0.8892395993599354,0.9021717443197457,NaN,0.8849288843733317,NaN,0.8849288843733317,1.0194850233175794
Cntnap_neg,OFT-0453-00,fast,5.189966774657013,364,0.9970065524453017,0.8846335461819143,0.8872896010685422,0.8886176285118562,0.8866255873468851,0.8846335461819143,NaN,0.8872896010685422,NaN,0.8872896010685422,0.9970065524453017
Cntnap_neg,OFT-0455-00,fast,5.529051796479693,365,1.0032441435498685,0.8844975694000234,0.881637411079547,0.8802073319193089,0.8823524506596663,0.8844975694000234,NaN,0.881637411079547,NaN,0.881637411079547,1.0032441435498685
Cntnap_neg,OFT-0455-00,medium,4.309592112548134,366,0.9998191478133799,0.9300939307980662,0.9302621707457756,0.9303462907196303,0.9302201107588484,0.9300939307980662,NaN,0.9302621707457756,NaN,0.9302621707457756,0.9998191478133799
Cntnap_neg,OFT-0455-00,slow,3.5992456823102175,367,0.974664941074981,0.9096221610070782,0.9332665233693892,0.9450887045505445,0.9273554327788114,0.9096221610070782,NaN,0.9332665233693892,NaN,0.9332665233693892,0.974664941074981
Cntnap_neg,OFT-0495-00,medium,4.943594654913674,368,1.0072704867644877,0.932412947468716,0.9256827830464626,0.9223177008353358,0.9273653241520259,0.932412947468716,NaN,0.9256827830464626,NaN,0.9256827830464626,1.0072704867644877
Cntnap_neg,OFT-0495-00,fast,5.997047707327372,369,1.0034264032933715,0.9490678112047046,0.9458270263666022,0.9442066339475508,0.9466372225761277,0.9490678112047046,NaN,0.9458270263666022,NaN,0.9458270263666022,1.0034264032933715
Cntnap_neg,OFT-0495-00,slow,3.9531788890041897,370,1.0189223605057725,0.9153646717715499,0.8983654763618901,0.8898658786570606,0.9026152752143051,0.9153646717715499,NaN,0.8983654763618901,NaN,0.8983654763618901,1.0189223605057725
Cntnap_neg,OFT-0497-00,fast,6.218083934383327,371,0.9902871845563057,0.8528673320821756,0.8612323226865745,0.865414817988774,0.8591410750354748,0.8528673320821756,NaN,0.8612323226865745,NaN,0.8612323226865745,0.9902871845563057
Cntnap_neg,OFT-0497-00,medium,4.880485156132596,372,1.0085272463162838,0.899544791556681,0.8919390079369013,0.8881361161270116,0.8938404538418463,0.899544791556681,NaN,0.8919390079369013,NaN,0.8919390079369013,1.0085272463162838
Cntnap_neg,OFT-0497-00,slow,3.7675818449508967,373,1.0005343627692933,0.8985953483858968,0.8981154289381443,0.897875469214268,0.8982354088000826,0.8985953483858968,NaN,0.8981154289381443,NaN,0.8981154289381443,1.0005343627692933
Cntnap_neg,OFT-0504-00,fast,5.873239074595212,374,1.0103185238257373,0.8559839955757671,0.8472417117865393,0.8428705698919254,0.8494272827338463,0.8559839955757671,NaN,0.8472417117865393,NaN,0.8472417117865393,1.0103185238257373
Cntnap_neg,OFT-0504-00,medium,4.634157636347187,375,1.0090378209865458,0.9152982293248053,0.9071000217116834,0.9030009179051224,0.909149573614964,0.9152982293248053,NaN,0.9071000217116834,NaN,0.9071000217116834,1.0090378209865458
Cntnap_neg,OFT-0504-00,slow,3.738456729338655,376,1.033690044993412,0.7048663335367866,0.6818933170061426,0.6704068087408205,0.6876365711388035,0.7048663335367866,NaN,0.6818933170061426,NaN,0.6818933170061426,1.033690044993412
Cntnap_neg,OFT-0509-00,fast,5.798039423597981,377,0.9966529982826325,0.9314655329904339,0.9345936194397394,0.9361576626643922,0.9338115978274131,0.9314655329904339,NaN,0.9345936194397394,NaN,0.9345936194397394,0.9966529982826325
Cntnap_neg,OFT-0509-00,medium,4.617886290604062,378,0.993106174777208,0.907807827789326,0.9141095391869679,0.9172603948857891,0.9125341113375576,0.907807827789326,NaN,0.9141095391869679,NaN,0.9141095391869679,0.993106174777208
Cntnap_neg,OFT-0509-00,slow,3.7069137310958977,379,0.9902629143212316,0.8675057329846585,0.8760357683184409,0.8803007859853322,0.8739032594849955,0.8675057329846585,NaN,0.8760357683184409,NaN,0.8760357683184409,0.9902629143212316
Cntnap_neg,OFT-0515-00,slow,3.904790355945342,380,1.0103932683461194,0.8865097958426873,0.8773908374249038,0.8728313582160121,0.8796705770293497,0.8865097958426873,NaN,0.8773908374249038,NaN,0.8773908374249038,1.0103932683461194
Cntnap_neg,OFT-0515-00,medium,5.204971793120047,381,1.0167243535615376,0.9902675103863107,0.9739783520650903,0.9658337729044801,0.9780506416453953,0.9902675103863107,NaN,0.9739783520650903,NaN,0.9739783520650903,1.0167243535615376
Cntnap_neg,OFT-0515-00,fast,6.534624797187539,382,1.0109030978603673,0.9339383897939069,0.9238653949826047,0.9188288975769535,0.9263836436854302,0.9339383897939069,NaN,0.9238653949826047,NaN,0.9238653949826047,1.0109030978603673
Cntnap_neg,OFT-0524-00,slow,3.6580449888059787,383,1.0208518723597657,0.9258603073192583,0.9069487282019395,0.8974929386432798,0.9116766229812692,0.9258603073192583,NaN,0.9069487282019395,NaN,0.9069487282019395,1.0208518723597657
Cntnap_neg,OFT-0524-00,medium,4.641641177379685,384,0.9985980861566186,0.8986801057859644,0.8999417465787299,0.9005725669751125,0.8996263363805386,0.8986801057859644,NaN,0.8999417465787299,NaN,0.8999417465787299,0.9985980861566186
Cntnap_neg,OFT-0524-00,fast,5.867550076922524,385,1.0129098473427522,0.7532686270424088,0.7436679868583753,0.7388676667663587,0.7460681469043837,0.7532686270424088,NaN,0.7436679868583753,NaN,0.7436679868583753,1.0129098473427522
Cntnap_neg,OFT-0528-00,fast,5.787172674527237,386,0.9974751393791716,0.9735318017755366,0.9759960557828665,0.9772281827865315,0.975379992281034,0.9735318017755366,NaN,0.9759960557828665,NaN,0.9759960557828665,0.9974751393791716
Cntnap_neg,OFT-0528-00,medium,4.281806825791452,387,1.0015933516584932,0.9459818943434342,0.9444770103326121,0.9437245683272013,0.9448532313353177,0.9459818943434342,NaN,0.9444770103326121,NaN,0.9444770103326121,1.0015933516584932
Cntnap_neg,OFT-0528-00,slow,3.4601921016040906,388,0.9971586538239131,0.9030734190293714,0.9056466747455455,0.9069333026036323,0.9050033608165018,0.9030734190293714,NaN,0.9056466747455455,NaN,0.9056466747455455,0.9971586538239131
Cntnap_neg,OFT-0543-00,medium,4.813708159833457,389,0.998405767323256,0.9024535691183873,0.9038945874059618,0.904615096549749,0.9035343328340681,0.9024535691183873,NaN,0.9038945874059618,NaN,0.9038945874059618,0.998405767323256
Cntnap_neg,OFT-0543-00,fast,6.251578351288,390,1.0187097075429283,0.9458632371834051,0.9284914339972032,0.9198055324041023,0.9328343847937538,0.9458632371834051,NaN,0.9284914339972032,NaN,0.9284914339972032,1.0187097075429283
Cntnap_neg,OFT-0543-00,slow,3.788289044106732,391,1.0213081461251896,0.6962618809609448,0.681735364201823,0.674472105822262,0.6853669933916035,0.6962618809609448,NaN,0.681735364201823,NaN,0.681735364201823,1.0213081461251896
Cntnap_neg,OFT-0547-00,slow,3.9086301273920943,392,1.0031891780055178,0.7956648380690112,0.7931353881337772,0.7918706631661598,0.7937677506175855,0.7956648380690112,NaN,0.7931353881337772,NaN,0.7931353881337772,1.0031891780055178
Cntnap_neg,OFT-0547-00,medium,4.9856015308839625,393,1.0237611078956417,0.8137261982646438,0.7948399211387037,0.7853967825757336,0.7995614904201888,0.8137261982646438,NaN,0.7948399211387037,NaN,0.7948399211387037,1.0237611078956417
Cntnap_neg,OFT-0547-00,fast,6.198916983487348,394,0.9913627391381818,0.775959085248118,0.7827196389514094,0.7860999158030553,0.7810295005255867,0.775959085248118,NaN,0.7827196389514094,NaN,0.7827196389514094,0.9913627391381818
Cntnap_neg,OFT-0549-00,slow,4.2814042914333905,395,1.0282221042818958,0.9363387367518068,0.9106385992409104,0.897788530485462,0.9170636336186345,0.9363387367518068,NaN,0.9106385992409104,NaN,0.9106385992409104,1.0282221042818958
Cntnap_neg,OFT-0549-00,fast,6.388774219860118,396,0.9978941950137099,0.8790813214751853,0.8809364017425793,0.8818639418762764,0.8804726316757308,0.8790813214751853,NaN,0.8809364017425793,NaN,0.8809364017425793,0.9978941950137099
Cntnap_neg,OFT-0549-00,medium,5.30818934355135,397,1.0216623340060287,0.8286184751939913,0.8110492553296985,0.8022646453975524,0.8154415602957716,0.8286184751939913,NaN,0.8110492553296985,NaN,0.8110492553296985,1.0216623340060287
Cntnap_neg,OFT-0582-00,slow,3.723536138836648,398,0.9944662842848537,0.870034333166641,0.8748756462792553,0.8772963028355623,0.8736653180011017,0.870034333166641,NaN,0.8748756462792553,NaN,0.8748756462792553,0.9944662842848537
Cntnap_neg,OFT-0582-00,medium,4.598523119958619,399,1.0059448811316307,0.9511735552918217,0.9455523589143429,0.9427417607256035,0.9469576580087126,0.9511735552918217,NaN,0.9455523589143429,NaN,0.9455523589143429,1.0059448811316307
Cntnap_neg,OFT-0582-00,fast,5.603672089903406,400,0.9828314082634527,0.8391439184660737,0.8538025050997731,0.8611317984166226,0.8501378584413481,0.8391439184660737,NaN,0.8538025050997731,NaN,0.8538025050997731,0.9828314082634527
Cntnap_neg,OFT-0585-00,slow,4.108770293521875,401,1.0167586839793967,0.8856803546245382,0.8710821639193252,0.8637830685667189,0.8747317115956286,0.8856803546245382,NaN,0.8710821639193252,NaN,0.8710821639193252,1.0167586839793967
Cntnap_neg,OFT-0585-00,medium,5.4207082075801125,402,1.0200687384664644,0.925146864614805,0.9069456103572376,0.897844983228454,0.9114959239216296,0.925146864614805,NaN,0.9069456103572376,NaN,0.9069456103572376,1.0200687384664644
Cntnap_neg,OFT-0585-00,fast,6.728608305424325,403,1.0179661146065686,0.8964735410288956,0.8806516525114115,0.8727407082526698,0.8846071246407827,0.8964735410288956,NaN,0.8806516525114115,NaN,0.8806516525114115,1.0179661146065686
Cntnap_neg,OFT-0598-00,fast,6.255476231650661,404,1.000635837951186,0.9049077815086526,0.9043327724114523,0.9040452678628521,0.9044765246857522,0.9049077815086526,NaN,0.9043327724114523,NaN,0.9043327724114523,1.000635837951186
Cntnap_neg,OFT-0598-00,slow,3.658439693451068,405,0.9893781566589381,0.9283856195196076,0.9383526544134569,0.9433361718603817,0.9358608956899946,0.9283856195196076,NaN,0.9383526544134569,NaN,0.9383526544134569,0.9893781566589381
Cntnap_neg,OFT-0598-00,medium,4.790533127472555,406,1.0120200538261062,0.8625105962784889,0.852266309365736,0.8471441659093597,0.8548273810939242,0.8625105962784889,NaN,0.852266309365736,NaN,0.852266309365736,1.0120200538261062
Cntnap_neg,OFT-0606-00,fast,5.406736308513735,407,0.9908544668499769,0.8210556298486353,0.8286339289147592,0.8324230784478213,0.8267393541482284,0.8210556298486353,NaN,0.8286339289147592,NaN,0.8286339289147592,0.9908544668499769
Cntnap_neg,OFT-0606-00,slow,3.476959537950691,408,1.0025314529604965,0.9574057518287311,0.9549882440111895,0.9537794901024188,0.955592620965575,0.9574057518287311,NaN,0.9549882440111895,NaN,0.9549882440111895,1.0025314529604965
Cntnap_neg,OFT-0606-00,medium,4.2776129561757115,409,0.9832075310946966,0.8132259622661897,0.8271152697139631,0.8340599234378497,0.8236429428520197,0.8132259622661897,NaN,0.8271152697139631,NaN,0.8271152697139631,0.9832075310946966
Cntnap_neg,OFT-0612-00,fast,6.577353582897681,410,1.0004723177113604,0.9601924837608605,0.9597391819469405,0.9595125310399802,0.9598525074004205,0.9601924837608605,NaN,0.9597391819469405,NaN,0.9597391819469405,1.0004723177113604
Cntnap_neg,OFT-0612-00,slow,3.925443675331776,411,1.002555202549719,0.9041146043346038,0.9018102963659665,0.9006581423816478,0.9023863733581257,0.9041146043346038,NaN,0.9018102963659665,NaN,0.9018102963659665,1.002555202549719
Cntnap_neg,OFT-0612-00,medium,5.059071893531393,412,0.9936815758072937,0.8922456200576203,0.897919053528527,0.9007557702639806,0.8965006951608003,0.8922456200576203,NaN,0.897919053528527,NaN,0.897919053528527,0.9936815758072937
Cntnap_neg,OFT-0642-00,slow,4.322847625198563,413,1.0089631402378387,0.8904996868598898,0.8825889186100256,0.8786335344850936,0.8845666106724916,0.8904996868598898,NaN,0.8825889186100256,NaN,0.8825889186100256,1.0089631402378387
Cntnap_neg,OFT-0642-00,medium,5.389259666363348,414,1.000934134799551,0.8952267240044063,0.894391242020821,0.8939735010290282,0.8946001125167172,0.8952267240044063,NaN,0.894391242020821,NaN,0.894391242020821,1.000934134799551
Cntnap_neg,OFT-0642-00,fast,6.510246975254451,415,1.0030023984970349,0.9626533582392551,0.9597717410065605,0.9583309323902134,0.9604921453147341,0.9626533582392551,NaN,0.9597717410065605,NaN,0.9597717410065605,1.0030023984970349
Cntnap_neg,OFT-0646-00,slow,4.119144858406139,416,1.0279721370094266,0.8995125965544281,0.8750359704994412,0.8627976574719476,0.8811551270131878,0.8995125965544281,NaN,0.8750359704994412,NaN,0.8750359704994412,1.0279721370094266
Cntnap_neg,OFT-0646-00,medium,5.107115719813542,417,1.0022895301081065,0.8964568872445032,0.89440911065669,0.8933852223627837,0.8949210548036435,0.8964568872445032,NaN,0.89440911065669,NaN,0.89440911065669,1.0022895301081065
Cntnap_neg,OFT-0646-00,fast,6.147726058304268,418,0.9941977432410116,0.7863424053130891,0.7909315934973565,0.7932261875894902,0.7897842964512898,0.7863424053130891,NaN,0.7909315934973565,NaN,0.7909315934973565,0.9941977432410116
Cntnap_neg,OFT-0651-00,slow,3.735604852156437,419,1.0047347110949238,0.6612773059136688,0.6581611032359304,0.6566030018970608,0.658940153905365,0.6612773059136688,NaN,0.6581611032359304,NaN,0.6581611032359304,1.0047347110949238
Cntnap_neg,OFT-0651-00,medium,4.587653113517016,420,0.9926591836335337,0.9339597619839151,0.9408664901131978,0.9443198541778393,0.939139808080877,0.9339597619839151,NaN,0.9408664901131978,NaN,0.9408664901131978,0.9926591836335337
Cntnap_neg,OFT-0651-00,fast,5.773834708944663,421,1.007763503959775,0.8728752276087559,0.8661508619621503,0.8627886791388475,0.8678319533738015,0.8728752276087559,NaN,0.8661508619621503,NaN,0.8661508619621503,1.007763503959775
Cntnap_neg,OFT-0655-00,slow,4.092316992531281,422,0.9961827319898326,0.7819353873604573,0.7849316819601707,0.7864298292600276,0.7841826083102426,0.7819353873604573,NaN,0.7849316819601707,NaN,0.7849316819601707,0.9961827319898326
Cntnap_neg,OFT-0655-00,medium,5.297515228316695,423,0.9985538653107968,0.9224362883070862,0.9237721873120793,0.924440136814576,0.9234382125608309,0.9224362883070862,NaN,0.9237721873120793,NaN,0.9237721873120793,0.9985538653107968
Cntnap_neg,OFT-0655-00,fast,6.566070894894826,424,0.9971180961571935,0.846487298906309,0.8489338446153947,0.8501571174699375,0.8483222081881234,0.846487298906309,NaN,0.8489338446153947,NaN,0.8489338446153947,0.9971180961571935
Cntnap_neg,OFT-0663-00,fast,5.820672756712434,425,0.9871583416331535,0.7982719234648078,0.8086564128548493,0.81384865754987,0.806060290507339,0.7982719234648078,NaN,0.8086564128548493,NaN,0.8086564128548493,0.9871583416331535
Cntnap_neg,OFT-0663-00,medium,4.605919826184348,426,0.9970427857001588,0.9522498637047875,0.9550742228540211,0.9564864024286379,0.9543681330667128,0.9522498637047875,NaN,0.9550742228540211,NaN,0.9550742228540211,0.9970427857001588
Cntnap_neg,OFT-0663-00,slow,3.5598016568196984,427,0.9789523678440839,0.8121456325510771,0.829606893274736,0.8383375236365653,0.8252415780938211,0.8121456325510771,NaN,0.829606893274736,NaN,0.829606893274736,0.9789523678440839
Cntnap_neg,OFT-0667-00,medium,4.8539495916392505,428,1.0006486390929383,0.9737523867789146,0.9731211823378838,0.9728055801173684,0.9732789834481415,0.9737523867789146,NaN,0.9731211823378838,NaN,0.9731211823378838,1.0006486390929383
Cntnap_neg,OFT-0667-00,slow,3.7983155645602245,429,0.9997853408503082,0.8288627457109392,0.8290407068841388,0.8291296874707386,0.8289962165908389,0.8288627457109392,NaN,0.8290407068841388,NaN,0.8290407068841388,0.9997853408503082
Cntnap_neg,OFT-0667-00,fast,6.094438381139532,430,0.9951722967483846,0.9383399476262422,0.9428919501599514,0.9451679514268059,0.941753949526524,0.9383399476262422,NaN,0.9428919501599514,NaN,0.9428919501599514,0.9951722967483846
Cntnap_neg,OFT-0677-00,fast,5.977241340856188,431,1.0046230885475993,0.9106084631841527,0.9064180124514506,0.9043227870850997,0.907465625134626,0.9106084631841527,NaN,0.9064180124514506,NaN,0.9064180124514506,1.0046230885475993
Cntnap_neg,OFT-0677-00,medium,4.882754985292613,432,1.019334128510831,0.9214262104956982,0.903949141624279,0.8952106071885694,0.9083184088421339,0.9214262104956982,NaN,0.903949141624279,NaN,0.903949141624279,1.019334128510831
Cntnap_neg,OFT-0677-00,slow,3.8690191499909496,433,1.0029024386361927,0.8405478483089568,0.8381152701672404,0.836898981096382,0.8387234147026694,0.8405478483089568,NaN,0.8381152701672404,NaN,0.8381152701672404,1.0029024386361927
Cntnap_neg,OFT-0686-00,fast,6.178917954415941,434,1.0071489420052908,0.8338992406185964,0.8279800591938821,0.8250204684815252,0.8294598545500607,0.8338992406185964,NaN,0.8279800591938821,NaN,0.8279800591938821,1.0071489420052908
Cntnap_neg,OFT-0686-00,medium,4.912040036525869,435,0.9878942499106037,0.8182812172068057,0.8283085130628641,0.8333221609908934,0.8258016890988495,0.8182812172068057,NaN,0.8283085130628641,NaN,0.8283085130628641,0.9878942499106037
Cntnap_neg,OFT-0686-00,slow,3.841908833038749,436,1.003300359284299,0.8932351566074277,0.8902968571092847,0.8888277073602133,0.8910314319838206,0.8932351566074277,NaN,0.8902968571092847,NaN,0.8902968571092847,1.003300359284299
Cntnap_neg,OFT-0688-00,slow,3.745757330345662,437,1.043555982704719,0.8371125753013773,0.8021731360609178,0.7847034164406881,0.8109079958710327,0.8371125753013773,NaN,0.8021731360609178,NaN,0.8021731360609178,1.043555982704719
Cntnap_neg,OFT-0688-00,medium,4.726273546774218,438,1.0001061070296755,0.9374268349582761,0.9373273779343698,0.9372776494224168,0.9373522421903464,0.9374268349582761,NaN,0.9373273779343698,NaN,0.9373273779343698,1.0001061070296755
Cntnap_neg,OFT-0688-00,fast,5.987095967962842,439,1.0174562273168306,0.8178487310323107,0.8038171167216581,0.796801309566332,0.8073250202993214,0.8178487310323107,NaN,0.8038171167216581,NaN,0.8038171167216581,1.0174562273168306
Cntnap_neg,OFT-0689-00,medium,5.015935714545635,440,0.9941176009848841,0.825132747498651,0.8300152282598982,0.832456468640522,0.8287946080695865,0.825132747498651,NaN,0.8300152282598982,NaN,0.8300152282598982,0.9941176009848841
Cntnap_neg,OFT-0689-00,slow,4.100108897791611,441,1.0019518586949057,0.8844169993734826,0.8826941052092878,0.8818326581271905,0.8831248287503365,0.8844169993734826,NaN,0.8826941052092878,NaN,0.8826941052092878,1.0019518586949057
Cntnap_neg,OFT-0689-00,fast,5.906770408016368,442,1.0092453127767298,0.932239036339266,0.9236991487970382,0.9194292050259245,0.9258341206825953,0.932239036339266,NaN,0.9236991487970382,NaN,0.9236991487970382,1.0092453127767298
Cntnap_neg,OFT-0690-00,slow,3.945959458377042,443,1.0105593905993286,0.912089442485738,0.9025589697848521,0.8977937334344093,0.9049415879600735,0.912089442485738,NaN,0.9025589697848521,NaN,0.9025589697848521,1.0105593905993286
Cntnap_neg,OFT-0690-00,medium,4.766937189362878,444,1.0128189669462953,0.9336722877070726,0.9218550581868996,0.9159464434268131,0.9248093655669429,0.9336722877070726,NaN,0.9218550581868996,NaN,0.9218550581868996,1.0128189669462953
Cntnap_neg,OFT-0690-00,fast,5.662348395550179,445,0.9964195192664049,0.944772149169304,0.9481670429989917,0.9498644899138355,0.9473183195415698,0.944772149169304,NaN,0.9481670429989917,NaN,0.9481670429989917,0.9964195192664049
Cntnap_neg,OFT-0691-00,slow,4.085635891085457,446,1.02458554193467,0.9338220634586836,0.9114144453916432,0.9002106363581232,0.9170163499084033,0.9338220634586836,NaN,0.9114144453916432,NaN,0.9114144453916432,1.02458554193467
Cntnap_neg,OFT-0691-00,fast,6.291020959081462,447,1.009403787963846,0.8243402257097405,0.8166605233100889,0.8128206721102634,0.8185804489100019,0.8243402257097405,NaN,0.8166605233100889,NaN,0.8166605233100889,1.009403787963846
Cntnap_neg,OFT-0691-00,medium,5.1457588300706325,448,1.0129258085445905,0.9046254106192274,0.8930816087300874,0.8873097077855174,0.8959675592023724,0.9046254106192274,NaN,0.8930816087300874,NaN,0.8930816087300874,1.0129258085445905
Cntnap_neg,OFT-0692-00,slow,4.009033671536091,449,1.0108408258117725,0.810508233738307,0.8018158873702147,0.7974697141861686,0.8039889739622379,0.810508233738307,NaN,0.8018158873702147,NaN,0.8018158873702147,1.0108408258117725
Cntnap_neg,OFT-0692-00,fast,7.228830188416525,450,1.0008470880411588,0.8918909222716215,0.8911360515792831,0.8907586162331139,0.8913247692523678,0.8918909222716215,NaN,0.8911360515792831,NaN,0.8911360515792831,1.0008470880411588
Cntnap_neg,OFT-0692-00,medium,4.952802560439383,451,1.0031133761015099,0.8319640953529241,0.8293819175119181,0.828090828591415,0.8300274619721697,0.8319640953529241,NaN,0.8293819175119181,NaN,0.8293819175119181,1.0031133761015099
Cntnap_neg,OFT-0695-00,medium,4.994965149447017,452,0.9961964017389264,0.5514117934999343,0.5535171503705582,0.5545698288058701,0.5529908111529023,0.5514117934999343,NaN,0.5535171503705582,NaN,0.5535171503705582,0.9961964017389264
Cntnap_neg,OFT-0695-00,fast,6.459178581371558,453,1.0135789487139728,0.8813088543345224,0.869501932190606,0.8635984711186477,0.8724536627265851,0.8813088543345224,NaN,0.869501932190606,NaN,0.869501932190606,1.0135789487139728
Cntnap_neg,OFT-0695-00,slow,3.87297136643317,454,1.000842809512021,0.9043364125819977,0.9035748710858235,0.903194100337736,0.9037652564598668,0.9043364125819977,NaN,0.9035748710858235,NaN,0.9035748710858235,1.000842809512021
Cntnap_neg,OFT-0696-00,fast,5.467426523319393,455,0.9973889813582151,0.9529146231933368,0.9554092144628323,0.9566565100975799,0.9547855666454582,0.9529146231933368,NaN,0.9554092144628323,NaN,0.9554092144628323,0.9973889813582151
Cntnap_neg,OFT-0696-00,slow,3.433689793399018,456,0.996723055438563,0.9363681824363826,0.9394466971814714,0.9409859545540159,0.9386770684951993,0.9363681824363826,NaN,0.9394466971814714,NaN,0.9394466971814714,0.996723055438563
Cntnap_neg,OFT-0696-00,medium,4.24179835324235,457,1.0020844611469961,0.9124989878940628,0.9106008757481452,0.909651819675186,0.9110754037846244,0.9124989878940628,NaN,0.9106008757481452,NaN,0.9106008757481452,1.0020844611469961
Cntnap_neg,OFT-0697-00,medium,4.799910479035348,458,0.996172411828537,0.9559427099007322,0.9596157236938928,0.9614522305904731,0.9586974702456026,0.9559427099007322,NaN,0.9596157236938928,NaN,0.9596157236938928,0.996172411828537
Cntnap_neg,OFT-0697-00,fast,5.934521014522925,459,0.9987539829275138,0.8755163154425467,0.876608584704977,0.8771547193361923,0.8763355173893694,0.8755163154425467,NaN,0.876608584704977,NaN,0.876608584704977,0.9987539829275138
Cntnap_neg,OFT-0697-00,slow,3.939688738561533,460,0.9965457764418102,0.8911404981513005,0.894229366294781,0.895773800366521,0.8934571492589107,0.8911404981513005,NaN,0.894229366294781,NaN,0.894229366294781,0.9965457764418102
Cntnap_neg,OFT-0698-00,fast,6.466642254633631,461,1.0026398791682547,0.8795881084178756,0.8772722157705742,0.8761142694469234,0.8778511889323994,0.8795881084178756,NaN,0.8772722157705742,NaN,0.8772722157705742,1.0026398791682547
Cntnap_neg,OFT-0698-00,medium,4.725176006342734,462,1.0011618800361104,0.9251480182872712,0.9240743547426141,0.9235375229702857,0.9243427706287785,0.9251480182872712,NaN,0.9240743547426141,NaN,0.9240743547426141,1.0011618800361104
Cntnap_neg,OFT-0698-00,slow,3.723858757143892,463,1.0017309556517486,0.8460868691360426,0.8446248609593576,0.8438938568710149,0.8449903630035287,0.8460868691360426,NaN,0.8446248609593576,NaN,0.8446248609593576,1.0017309556517486
Cntnap_neg,OFT-0699-00,fast,6.5095707403440795,464,1.008346456791018,0.9234049118687763,0.9157615476801878,0.9119398655858935,0.9176723887273348,0.9234049118687763,NaN,0.9157615476801878,NaN,0.9157615476801878,1.008346456791018
Cntnap_neg,OFT-0699-00,medium,4.835017022776691,465,0.996192350855347,0.7109993479372828,0.7137169316014194,0.7150757234334879,0.7130375356853855,0.7109993479372828,NaN,0.7137169316014194,NaN,0.7137169316014194,0.996192350855347
Cntnap_neg,OFT-0699-00,slow,3.8697308821507734,466,0.9968308494287315,0.7744171644250727,0.7768792116223925,0.7781102352210527,0.7762636998230626,0.7744171644250727,NaN,0.7768792116223925,NaN,0.7768792116223925,0.9968308494287315
Cntnap_neg,OFT-0700-00,fast,5.709053488745097,467,0.9916424866133836,0.8576342841508706,0.8648623830951695,0.8684764325673188,0.8630553583590947,0.8576342841508706,NaN,0.8648623830951695,NaN,0.8648623830951695,0.9916424866133836
Cntnap_neg,OFT-0700-00,slow,3.4176214680793913,468,1.0001409869926297,0.8373508698208311,0.8372328308818742,0.8371738114123957,0.8372623406166133,0.8373508698208311,NaN,0.8372328308818742,NaN,0.8372328308818742,1.0001409869926297
Cntnap_neg,OFT-0700-00,medium,4.34071944976649,469,1.0016606311347644,0.9297037366186162,0.9281624012370043,0.9273917335461983,0.9285477350824072,0.9297037366186162,NaN,0.9281624012370043,NaN,0.9281624012370043,1.0016606311347644
Cntnap_neg,OFT-0701-00,fast,6.14137342997173,470,1.0034366801368897,0.8856502866531649,0.882617014291668,0.8811003781109196,0.8833753323820424,0.8856502866531649,NaN,0.882617014291668,NaN,0.882617014291668,1.0034366801368897
Cntnap_neg,OFT-0701-00,medium,4.923673505728133,471,0.9948288974393796,0.8830924033745138,0.8876827016661178,0.88997785081192,0.8865351270932169,0.8830924033745138,NaN,0.8876827016661178,NaN,0.8876827016661178,0.9948288974393796
Cntnap_neg,OFT-0701-00,slow,3.7903510062423478,472,0.9895324590384161,0.924951236027621,0.9347356194120683,0.9396278111042922,0.9322895235659566,0.924951236027621,NaN,0.9347356194120683,NaN,0.9347356194120683,0.9895324590384161
Cntnap_neg,OFT-0703-00,fast,6.290487836537375,473,1.0034774670798603,0.8939346002186997,0.8908367447652488,0.8892878170385234,0.8916112086286117,0.8939346002186997,NaN,0.8908367447652488,NaN,0.8908367447652488,1.0034774670798603
Cntnap_neg,OFT-0703-00,slow,3.7787148571297444,474,0.9990560768511392,0.8182564713570428,0.8190295723299666,0.8194161228164285,0.8188362970867357,0.8182564713570428,NaN,0.8190295723299666,NaN,0.8190295723299666,0.9990560768511392
Cntnap_neg,OFT-0703-00,medium,4.9710216522207,475,1.0050569385355697,0.8686256021672483,0.864255117160715,0.8620698746574484,0.8653477384123484,0.8686256021672483,NaN,0.864255117160715,NaN,0.864255117160715,1.0050569385355697
Cntnap_neg,OFT-0704-00,fast,5.985151665519205,476,0.9987736361537392,0.9518758138474962,0.9530445932805699,0.953628982997107,0.9527523984223015,0.9518758138474962,NaN,0.9530445932805699,NaN,0.9530445932805699,0.9987736361537392
Cntnap_neg,OFT-0704-00,slow,3.497784546360057,477,0.9988916127454356,0.8655371180705861,0.8664975328921553,0.8669777403029401,0.8662574291867629,0.8655371180705861,NaN,0.8664975328921553,NaN,0.8664975328921553,0.9988916127454356
Cntnap_neg,OFT-0704-00,medium,4.426405158974876,478,0.9974269590583011,0.8737172851548927,0.8759711949031272,0.8770981497772443,0.8754077174660685,0.8737172851548927,NaN,0.8759711949031272,NaN,0.8759711949031272,0.9974269590583011
Cntnap_neg,OFT-0705-00,fast,6.2625899666997,479,0.994757290984702,0.8702223388628494,0.8748087063543143,0.8771018901000468,0.873662114481448,0.8702223388628494,NaN,0.8748087063543143,NaN,0.8748087063543143,0.994757290984702
Cntnap_neg,OFT-0705-00,medium,4.988987126660486,480,0.9820140038013947,0.692136342295151,0.7048131081795964,0.7111514911218189,0.7016439167084849,0.692136342295151,NaN,0.7048131081795964,NaN,0.7048131081795964,0.9820140038013947
Cntnap_neg,OFT-0705-00,slow,3.772864253463778,481,1.0130562623397985,0.9699305122087508,0.9574300542484752,0.9511798252683372,0.960555168738544,0.9699305122087508,NaN,0.9574300542484752,NaN,0.9574300542484752,1.0130562623397985
Cntnap_neg,OFT-0706-00,fast,5.2386736065899315,482,1.0009850535889437,0.9001643204822403,0.8992784829851158,0.8988355642365538,0.899499942359397,0.9001643204822403,NaN,0.8992784829851158,NaN,0.8992784829851158,1.0009850535889437
Cntnap_neg,OFT-0706-00,medium,4.196911951366041,483,1.0028616878850376,0.864605673109024,0.8621385018031894,0.860904916150272,0.8627552946296481,0.864605673109024,NaN,0.8621385018031894,NaN,0.8621385018031894,1.0028616878850376
Cntnap_neg,OFT-0706-00,slow,3.4230106695907407,484,1.0132286118540328,0.9255858149197973,0.9135014586946332,0.9074592805820513,0.9165225477509242,0.9255858149197973,NaN,0.9135014586946332,NaN,0.9135014586946332,1.0132286118540328
Cntnap_neg,OFT-0707-00,fast,6.920799911847315,485,1.0208571042679895,0.8249842954183741,0.808129063283478,0.79970144721603,0.8123428713172021,0.8249842954183741,NaN,0.808129063283478,NaN,0.808129063283478,1.0208571042679895
Cntnap_neg,OFT-0707-00,slow,3.970608920045778,486,0.9868277434105356,0.8271639140147418,0.8382049648867936,0.8437254903228195,0.8354447021687808,0.8271639140147418,NaN,0.8382049648867936,NaN,0.8382049648867936,0.9868277434105356
Cntnap_neg,OFT-0707-00,medium,5.205850334051888,487,1.0109951314334646,0.8555581773176157,0.8462535087627389,0.8416011744853001,0.8485796759014579,0.8555581773176157,NaN,0.8462535087627389,NaN,0.8462535087627389,1.0109951314334646
Cntnap_neg,OFT-0709-00,fast,6.512921312325967,488,1.0005767395500587,0.9474809210969578,0.9469347863543409,0.9466617189830328,0.9470713200399952,0.9474809210969578,NaN,0.9469347863543409,NaN,0.9469347863543409,1.0005767395500587
Cntnap_neg,OFT-0709-00,slow,3.8616660086883647,489,0.9965343583297323,0.9133573030653921,0.916533680380322,0.918121869037787,0.9157395860515896,0.9133573030653921,NaN,0.916533680380322,NaN,0.916533680380322,0.9965343583297323
Cntnap_neg,OFT-0709-00,medium,5.076957059413625,490,0.9938119528325744,0.9202709335471781,0.9260010718569154,0.9288661410117837,0.924568537279481,0.9202709335471781,NaN,0.9260010718569154,NaN,0.9260010718569154,0.9938119528325744
Cntnap_neg,OFT-0710-00,fast,6.207960435708974,491,1.0033607818675714,0.9351566769917526,0.9320243464680078,0.9304581812061352,0.932807429098944,0.9351566769917526,NaN,0.9320243464680078,NaN,0.9320243464680078,1.0033607818675714
Cntnap_neg,OFT-0710-00,medium,4.597861766151092,492,1.0012577751639422,0.8589459005735205,0.8578668968966358,0.8573273950581937,0.8581366478158571,0.8589459005735205,NaN,0.8578668968966358,NaN,0.8578668968966358,1.0012577751639422
Cntnap_neg,OFT-0710-00,slow,3.5494395346747094,493,0.9983192068200559,0.9575942319250029,0.9592064596004577,0.9600125734381849,0.9588034026815939,0.9575942319250029,NaN,0.9592064596004577,NaN,0.9592064596004577,0.9983192068200559
Cntnap_neg,OFT-0711-00,fast,6.649146591010267,494,1.0055734760113997,0.9351432947430238,0.9299601839661317,0.9273686285776854,0.9312559616603548,0.9351432947430238,NaN,0.9299601839661317,NaN,0.9299601839661317,1.0055734760113997
Cntnap_neg,OFT-0711-00,slow,3.963782245266238,495,1.0030022713440683,0.8832632536729901,0.8806193952974578,0.8792974661096915,0.8812803598913408,0.8832632536729901,NaN,0.8806193952974578,NaN,0.8806193952974578,1.0030022713440683
Cntnap_neg,OFT-0711-00,medium,5.194383627971699,496,0.9906685696735071,0.9306693520816022,0.9394356302111424,0.9438187692759128,0.9372440606787575,0.9306693520816022,NaN,0.9394356302111424,NaN,0.9394356302111424,0.9906685696735071
TSC_het,OFT-0361-00,slow,3.4821636708915373,497,1.0174664197410805,0.8533646371147763,0.8387152839225259,0.8313906073264004,0.8423776222205883,0.8533646371147763,NaN,0.8387152839225259,NaN,0.8387152839225259,1.0174664197410805
TSC_het,OFT-0361-00,fast,5.1402843706730845,498,1.0025050139721816,0.9479584282807165,0.9455897128381058,0.9444053551168003,0.9461818916987584,0.9479584282807165,NaN,0.9455897128381058,NaN,0.9455897128381058,1.0025050139721816
TSC_het,OFT-0361-00,medium,4.226590370189939,499,1.0020751076113346,0.9769014733172116,0.9748784955310087,0.9738670066379069,0.9753842399775592,0.9769014733172116,NaN,0.9748784955310087,NaN,0.9748784955310087,1.0020751076113346
TSC_het,OFT-0373-00,fast,4.849084263507478,500,0.9987744806630938,0.8825961837142777,0.883679149599733,0.8842206325424609,0.8834084081283692,0.8825961837142777,NaN,0.883679149599733,NaN,0.883679149599733,0.9987744806630938
TSC_het,OFT-0373-00,medium,3.986066698810911,501,1.0012033608532571,0.910906255441867,0.9098114239903908,0.9092640082646526,0.9100851318532599,0.910906255441867,NaN,0.9098114239903908,NaN,0.9098114239903908,1.0012033608532571
TSC_het,OFT-0373-00,slow,3.2719023332758463,502,0.9997702170109224,0.9021074642162159,0.9023148008082346,0.902418469104244,0.9022629666602298,0.9021074642162159,NaN,0.9023148008082346,NaN,0.9023148008082346,0.9997702170109224
TSC_het,OFT-0378-00,fast,4.912408997347281,503,1.005051459758634,0.8317860157843372,0.8276054004081472,0.8255150927200522,0.8286505542521949,0.8317860157843372,NaN,0.8276054004081472,NaN,0.8276054004081472,1.005051459758634
TSC_het,OFT-0378-00,slow,3.3042690490167717,504,1.000615265789568,0.9168566098521309,0.9162928462106317,0.9160109643898819,0.9164337871210064,0.9168566098521309,NaN,0.9162928462106317,NaN,0.9162928462106317,1.000615265789568
TSC_het,OFT-0378-00,medium,4.0698486474390805,505,1.0063298531575817,0.9346898001317999,0.9288105656400877,0.9258709483942313,0.9302803742630157,0.9346898001317999,NaN,0.9288105656400877,NaN,0.9288105656400877,1.0063298531575817
TSC_het,OFT-0387-00,fast,5.946810428142138,506,1.004377506195094,0.9060518272248399,0.9021028663388296,0.9001283858958247,0.9030901065603321,0.9060518272248399,NaN,0.9021028663388296,NaN,0.9021028663388296,1.004377506195094
TSC_het,OFT-0387-00,medium,4.668475731754788,507,0.997262103504743,0.9015700890154368,0.9040452713955444,0.9052828625855981,0.9034264758005175,0.9015700890154368,NaN,0.9040452713955444,NaN,0.9040452713955444,0.997262103504743
TSC_het,OFT-0387-00,slow,3.595935112388907,508,0.9979941095116242,0.9311215677527398,0.9329930496367269,0.9339287905787204,0.9325251791657301,0.9311215677527398,NaN,0.9329930496367269,NaN,0.9329930496367269,0.9979941095116242
TSC_het,OFT-0392-00,fast,4.519737045599477,509,1.0016436590257896,0.9837078002944729,0.9820935733285016,0.9812864598455155,0.9824971300699942,0.9837078002944729,NaN,0.9820935733285016,NaN,0.9820935733285016,1.0016436590257896
TSC_het,OFT-0392-00,slow,3.1601232945953486,510,0.9960666146614038,0.928690485262609,0.932357807794112,0.9341914690598636,0.9314409771612362,0.928690485262609,NaN,0.932357807794112,NaN,0.932357807794112,0.9960666146614038
TSC_het,OFT-0392-00,medium,3.6712031086577146,511,1.0148416103929472,0.8160274051028843,0.8040933646649727,0.7981263444460169,0.8070768747744506,0.8160274051028843,NaN,0.8040933646649727,NaN,0.8040933646649727,1.0148416103929472
TSC_het,OFT-0393-00,slow,4.2297152880799365,512,1.0134120975625625,0.9791272421387464,0.9661688907145699,0.9596897150024815,0.9694084785706139,0.9791272421387464,NaN,0.9661688907145699,NaN,0.9661688907145699,1.0134120975625625
TSC_het,OFT-0393-00,fast,6.212119277947567,513,1.00127831813836,0.9947501048030507,0.9934801211440921,0.992845129314613,0.9937976170588319,0.9947501048030507,NaN,0.9934801211440921,NaN,0.9934801211440921,1.00127831813836
TSC_het,OFT-0393-00,medium,5.291100453168175,514,1.0076486409125953,0.9000163501159903,0.8931847010688906,0.8897688765453406,0.8948926133306656,0.9000163501159903,NaN,0.8931847010688906,NaN,0.8931847010688906,1.0076486409125953
TSC_het,OFT-0396-00,fast,4.162616181963434,515,1.003495094144195,0.853232367874751,0.8502606269365057,0.8487747564673831,0.851003562171067,0.853232367874751,NaN,0.8502606269365057,NaN,0.8502606269365057,1.003495094144195
TSC_het,OFT-0396-00,medium,3.5709252662765274,516,0.9934205083173007,0.9103578321945889,0.91638719411641,0.9194018750773205,0.9148798536359548,0.9103578321945889,NaN,0.91638719411641,NaN,0.91638719411641,0.9934205083173007
TSC_het,OFT-0396-00,slow,2.932368673150291,517,1.0003823738007271,0.9673870193690646,0.9670172573050202,0.9668323762729982,0.9671096978210314,0.9673870193690646,NaN,0.9670172573050202,NaN,0.9670172573050202,1.0003823738007271
TSC_het,OFT-0397-00,medium,4.161742227927841,518,1.018277550771355,0.9470656453019313,0.9300663110804318,0.9215666439696821,0.9343161446358066,0.9470656453019313,NaN,0.9300663110804318,NaN,0.9300663110804318,1.018277550771355
TSC_het,OFT-0397-00,fast,4.85114176477713,519,1.0015543526964625,0.970664646803818,0.9691582330909143,0.9684050262344626,0.9695348365191403,0.970664646803818,NaN,0.9691582330909143,NaN,0.9691582330909143,1.0015543526964625
TSC_het,OFT-0397-00,slow,3.204534230182664,520,0.9806670023751985,0.8838302792441772,0.9012542250361433,0.9099661979321263,0.8968982385881517,0.8838302792441772,NaN,0.9012542250361433,NaN,0.9012542250361433,0.9806670023751985
TSC_het,OFT-0408-00,fast,4.226651703428658,521,1.0011825267295227,0.9639911775084088,0.9628525785976273,0.9622832791422364,0.9631372283253226,0.9639911775084088,NaN,0.9628525785976273,NaN,0.9628525785976273,1.0011825267295227
TSC_het,OFT-0408-00,medium,3.450658068917827,522,1.0154254002309926,0.8733515340342171,0.860084388115113,0.853450815155561,0.8634011745948891,0.8733515340342171,NaN,0.860084388115113,NaN,0.860084388115113,1.0154254002309926
TSC_het,OFT-0408-00,slow,2.853215132913324,523,1.120625756746432,0.9685037448415061,0.8642526186917306,0.812127055616843,0.8903154002291745,0.9685037448415061,NaN,0.8642526186917306,NaN,0.8642526186917306,1.120625756746432
TSC_het,OFT-0409-00,fast,5.338504068507536,524,1.0020392471666835,0.8955272452824068,0.8937047603819464,0.8927935179317164,0.8941603816070616,0.8955272452824068,NaN,0.8937047603819464,NaN,0.8937047603819464,1.0020392471666835
TSC_het,OFT-0409-00,slow,3.6212558010008515,525,1.0009211855421827,0.8170446689670083,0.8162927119225961,0.8159167334003898,0.8164807011836992,0.8170446689670083,NaN,0.8162927119225961,NaN,0.8162927119225961,1.0009211855421827
TSC_het,OFT-0409-00,medium,4.341589441544445,526,0.9874253479872689,0.9386752350029088,0.9506290646845046,0.9566059795253024,0.9476406072641057,0.9386752350029088,NaN,0.9506290646845046,NaN,0.9506290646845046,0.9874253479872689
TSC_het,OFT-0413-00,fast,5.362708928522584,527,0.9976544044734607,0.9191914716405288,0.9213525921590625,0.9224331524183295,0.920812312029429,0.9191914716405288,NaN,0.9213525921590625,NaN,0.9213525921590625,0.9976544044734607
TSC_het,OFT-0413-00,medium,4.224368311458086,528,0.9985950830046568,0.9478705569901877,0.9492041099763431,0.949870886469421,0.9488707217298042,0.9478705569901877,NaN,0.9492041099763431,NaN,0.9492041099763431,0.9985950830046568
TSC_het,OFT-0413-00,slow,3.4503185918580352,529,0.9960320129094711,0.9647667176302699,0.9686101502020268,0.9705318664879053,0.9676492920590877,0.9647667176302699,NaN,0.9686101502020268,NaN,0.9686101502020268,0.9960320129094711
TSC_het,OFT-0459-00,slow,3.368484065325696,530,0.9999083158201243,0.97718903661647,0.9772786376068691,0.977323438102069,0.9772562373592695,0.97718903661647,NaN,0.9772786376068691,NaN,0.9772786376068691,0.9999083158201243
TSC_het,OFT-0459-00,medium,4.027724284067269,531,0.9881471665621524,0.9559018880952008,0.9673679391510723,0.9731009646790083,0.9645014263871045,0.9559018880952008,NaN,0.9673679391510723,NaN,0.9673679391510723,0.9881471665621524
TSC_het,OFT-0459-00,fast,4.821358114606124,532,1.0081673448272745,0.9342113766243444,0.9266431623853074,0.9228590552657887,0.9285352159450665,0.9342113766243444,NaN,0.9266431623853074,NaN,0.9266431623853074,1.0081673448272745
TSC_het,OFT-0462-00,slow,3.4812164776170897,533,0.9975067925257246,0.9376809268220909,0.9400246031887639,0.9411964413721005,0.9394386840970956,0.9376809268220909,NaN,0.9400246031887639,NaN,0.9400246031887639,0.9975067925257246
TSC_het,OFT-0462-00,fast,5.268414213392452,534,0.9995714489061853,0.942322650416788,0.942726656956795,0.9429286602267987,0.9426256553217933,0.942322650416788,NaN,0.942726656956795,NaN,0.942726656956795,0.9995714489061853
TSC_het,OFT-0462-00,medium,4.250509138791498,535,1.0001104045622808,0.7266954836645781,0.7266152620246277,0.7265751512046524,0.7266353174346153,0.7266954836645781,NaN,0.7266152620246277,NaN,0.7266152620246277,1.0001104045622808
TSC_het,OFT-0467-00,fast,4.839922854514422,536,0.9982167919847963,0.95015822353132,0.9518555800309475,0.9527042582807616,0.9514312409060407,0.95015822353132,NaN,0.9518555800309475,NaN,0.9518555800309475,0.9982167919847963
TSC_het,OFT-0467-00,medium,3.9113652138798436,537,0.9992607928492562,0.8388120110448433,0.8394325255703118,0.8397427828330457,0.8392773969389447,0.8388120110448433,NaN,0.8394325255703118,NaN,0.8394325255703118,0.9992607928492562
TSC_het,OFT-0467-00,slow,3.181547475518523,538,1.0041086819458136,0.8550319771122651,0.8515332976260498,0.849783957882942,0.8524079674976035,0.8550319771122651,NaN,0.8515332976260498,NaN,0.8515332976260498,1.0041086819458136
TSC_het,OFT-0470-00,medium,4.109814217684319,539,0.9921973990731782,0.7409517134401871,0.7467785282770523,0.7496919356954848,0.7453218245678359,0.7409517134401871,NaN,0.7467785282770523,NaN,0.7467785282770523,0.9921973990731782
TSC_het,OFT-0470-00,fast,5.0626603458827075,540,0.9980738890579587,0.9546796822017574,0.9565220497881581,0.9574432335813585,0.9560614578915579,0.9546796822017574,NaN,0.9565220497881581,NaN,0.9565220497881581,0.9980738890579587
TSC_het,OFT-0470-00,slow,3.359144726203922,541,0.999194417025787,0.9309298680937288,0.9316804139726328,0.9320556869120847,0.9314927775029067,0.9309298680937288,NaN,0.9316804139726328,NaN,0.9316804139726328,0.999194417025787
TSC_het,OFT-0475-00,slow,3.125137574510164,542,0.9823814397293016,0.8792222543492232,0.8949907019736608,0.9028749257858795,0.8910485900675513,0.8792222543492232,NaN,0.8949907019736608,NaN,0.8949907019736608,0.9823814397293016
TSC_het,OFT-0475-00,fast,4.432895543781916,543,1.0007592311624856,0.8964543662751963,0.8957742665374884,0.8954342166686344,0.8959442914719155,0.8964543662751963,NaN,0.8957742665374884,NaN,0.8957742665374884,1.0007592311624856
TSC_het,OFT-0475-00,medium,3.6671362662511644,544,0.9998954936668959,0.8977254373823689,0.8978192651815632,0.8978661790811604,0.8977958082317645,0.8977254373823689,NaN,0.8978192651815632,NaN,0.8978192651815632,0.9998954936668959
TSC_het,OFT-0480-00,fast,5.001632175828698,545,1.0120827135221306,0.7944826879661986,0.7849977846191383,0.7802553329456083,0.7873690104559032,0.7944826879661986,NaN,0.7849977846191383,NaN,0.7849977846191383,1.0120827135221306
TSC_het,OFT-0480-00,slow,3.2739969784946243,546,1.0059275057229304,0.8436164314244092,0.8386453562755767,0.8361598187011607,0.839888125062785,0.8436164314244092,NaN,0.8386453562755767,NaN,0.8386453562755767,1.0059275057229304
TSC_het,OFT-0480-00,medium,4.012748816293846,547,0.998774671375713,0.9633820497814292,0.9645639576086427,0.9651549115222493,0.9642684806518393,0.9633820497814292,NaN,0.9645639576086427,NaN,0.9645639576086427,0.998774671375713
TSC_het,OFT-0485-00,fast,4.65446654228277,548,1.0015933245164907,0.9743115796817827,0.9727616546886652,0.9719866921921063,0.9731491359369445,0.9743115796817827,NaN,0.9727616546886652,NaN,0.9727616546886652,1.0015933245164907
TSC_het,OFT-0485-00,medium,3.9083944091654397,549,1.0010095513433956,0.8694158288682058,0.8685389941598601,0.8681005768056874,0.8687582028369467,0.8694158288682058,NaN,0.8685389941598601,NaN,0.8685389941598601,1.0010095513433956
TSC_het,OFT-0485-00,slow,3.1819689945696226,550,1.001803721119746,0.9229591277239872,0.9212973642105943,0.920466482453898,0.9217128050889425,0.9229591277239872,NaN,0.9212973642105943,NaN,0.9212973642105943,1.001803721119746
TSC_het,OFT-0489-00,medium,4.062205623763209,551,1.001195311811737,0.8682574279948693,0.867220828694946,0.8667025290449843,0.8674799785199268,0.8682574279948693,NaN,0.867220828694946,NaN,0.867220828694946,1.001195311811737
TSC_het,OFT-0489-00,fast,4.843702712053185,552,1.0114298423575683,0.9183995808212079,0.9080210434373641,0.9028317747454424,0.9106156777833251,0.9183995808212079,NaN,0.9080210434373641,NaN,0.9080210434373641,1.0114298423575683
TSC_het,OFT-0489-00,slow,3.3804181943160163,553,0.9992723757053722,0.7976010668803304,0.7981818433811053,0.7984722316314927,0.7980366492559117,0.7976010668803304,NaN,0.7981818433811053,NaN,0.7981818433811053,0.9992723757053722
TSC_het,OFT-0513-00,slow,3.1224389590430746,554,0.9978987174018785,0.9353247170404616,0.9372942371102209,0.9382789971451004,0.936801857092781,0.9353247170404616,NaN,0.9372942371102209,NaN,0.9372942371102209,0.9978987174018785
TSC_het,OFT-0513-00,medium,3.7392358324037853,555,1.0538457828578491,0.8981933900069669,0.8523005971245815,0.8293542006833894,0.8637737953451781,0.8981933900069669,NaN,0.8523005971245815,NaN,0.8523005971245815,1.0538457828578491
TSC_het,OFT-0513-00,fast,4.514823271182444,556,0.9994098907771326,0.9249053428158472,0.9254514602578615,0.9257245189788684,0.9253149308973578,0.9249053428158472,NaN,0.9254514602578615,NaN,0.9254514602578615,0.9994098907771326
TSC_het,OFT-0514-00,slow,3.498468587057617,557,1.0047030572729834,0.8990825232651947,0.8948738801547301,0.8927695585994979,0.8959260409323462,0.8990825232651947,NaN,0.8948738801547301,NaN,0.8948738801547301,1.0047030572729834
TSC_het,OFT-0514-00,medium,4.291673665250666,558,1.0012615395801947,0.8926710671075642,0.8915463461043754,0.8909839856027811,0.8918275263551727,0.8926710671075642,NaN,0.8915463461043754,NaN,0.8915463461043754,1.0012615395801947
TSC_het,OFT-0514-00,fast,5.27473098575348,559,0.9999896288862892,0.9652085237430099,0.9652185341341832,0.9652235393297696,0.9652160315363898,0.9652085237430099,NaN,0.9652185341341832,NaN,0.9652185341341832,0.9999896288862892
TSC_het,OFT-0525-00,slow,3.630654048183476,560,0.9996440474573598,0.914662807448033,0.91498849993107,0.9151513461725883,0.9149070768103107,0.914662807448033,NaN,0.91498849993107,NaN,0.91498849993107,0.9996440474573598
TSC_het,OFT-0525-00,medium,4.651129585882344,561,1.0028966711061975,0.8390416011579256,0.8366181934101552,0.8354064895362701,0.8372240453470978,0.8390416011579256,NaN,0.8366181934101552,NaN,0.8366181934101552,1.0028966711061975
TSC_het,OFT-0525-00,fast,5.8203955274982615,562,1.0215060322428828,0.8830671265147564,0.8644756845692224,0.8551799635964554,0.8691235450556059,0.8830671265147564,NaN,0.8644756845692224,NaN,0.8644756845692224,1.0215060322428828
TSC_het,OFT-0526-00,medium,3.85182729796595,563,1.0032605301857822,0.9400935935703805,0.937038351739299,0.9355107308237582,0.9378021621970692,0.9400935935703805,NaN,0.937038351739299,NaN,0.937038351739299,1.0032605301857822
TSC_het,OFT-0526-00,slow,3.192509038399272,564,0.9906781168919261,0.7837193361349017,0.791093820254837,0.7947810623148047,0.7892501992248532,0.7837193361349017,NaN,0.791093820254837,NaN,0.791093820254837,0.9906781168919261
TSC_het,OFT-0526-00,fast,4.584737628888199,565,1.00447498405527,0.9541330667764246,0.949882358368344,0.947757004164304,0.9509450354703641,0.9541330667764246,NaN,0.949882358368344,NaN,0.949882358368344,1.00447498405527
TSC_het,OFT-0531-00,medium,4.260342152867774,566,1.007356699765482,0.8139972041425182,0.8080526037420718,0.8050803035418483,0.8095387538421833,0.8139972041425182,NaN,0.8080526037420718,NaN,0.8080526037420718,1.007356699765482
TSC_het,OFT-0531-00,fast,5.316796147796466,567,0.9977288891007947,0.9283294704579427,0.9304426088078913,0.9314991779828656,0.9299143242204042,0.9283294704579427,NaN,0.9304426088078913,NaN,0.9304426088078913,0.9977288891007947
TSC_het,OFT-0531-00,slow,3.52939913468664,568,1.001023110893143,0.9378029931164881,0.936844497306113,0.9363652494009251,0.9370841212587067,0.9378029931164881,NaN,0.936844497306113,NaN,0.936844497306113,1.001023110893143
TSC_het,OFT-0532-00,medium,3.658833676627867,569,0.9971286540875863,0.9546152234782066,0.9573641471086985,0.9587386089239445,0.9566769162010755,0.9546152234782066,NaN,0.9573641471086985,NaN,0.9573641471086985,0.9971286540875863
TSC_het,OFT-0532-00,slow,3.014520914149488,570,1.008309850756107,0.9185625625435478,0.910992352057991,0.9072072468152125,0.9128849046793802,0.9185625625435478,NaN,0.910992352057991,NaN,0.910992352057991,1.008309850756107
TSC_het,OFT-0532-00,fast,4.384854170266598,571,1.0014924141820554,0.9306925976264246,0.9293056886372376,0.9286122341426442,0.9296524158845343,0.9306925976264246,NaN,0.9293056886372376,NaN,0.9293056886372376,1.0014924141820554
TSC_het,OFT-0536-00,medium,4.193931589131561,572,0.9992298679741297,0.7626449676652889,0.7632327576551524,0.7635266526500843,0.7630858101576866,0.7626449676652889,NaN,0.7632327576551524,NaN,0.7632327576551524,0.9992298679741297
TSC_het,OFT-0536-00,fast,5.29912247372033,573,1.0002514673902394,0.9137748757260548,0.9135451489115921,0.9134302855043609,0.9136025806152078,0.9137748757260548,NaN,0.9135451489115921,NaN,0.9135451489115921,1.0002514673902394
TSC_het,OFT-0536-00,slow,3.3757998022574505,574,0.9852804345824688,0.8648820226447338,0.8778028998528159,0.8842633384568568,0.8745726805507952,0.8648820226447338,NaN,0.8778028998528159,NaN,0.8778028998528159,0.9852804345824688
TSC_het,OFT-0537-00,medium,4.059215543191396,575,0.9963080048544695,0.9764322425893479,0.9800505845900287,0.9818597555903692,0.9791459990898587,0.9764322425893479,NaN,0.9800505845900287,NaN,0.9800505845900287,0.9963080048544695
TSC_het,OFT-0537-00,fast,4.8172871495195695,576,0.9994451315812379,0.9314291164775542,0.9319462240052393,0.9322047777690816,0.931816947123318,0.9314291164775542,NaN,0.9319462240052393,NaN,0.9319462240052393,0.9994451315812379
TSC_het,OFT-0537-00,slow,3.3303345003489384,577,0.9941347815000925,0.9047105310772035,0.91004816239509,0.9127169780540335,0.9087137545656184,0.9047105310772035,NaN,0.91004816239509,NaN,0.91004816239509,0.9941347815000925
TSC_het,OFT-0544-00,medium,4.219612566706211,578,1.0223944307600483,0.8584428628917926,0.8396396117432153,0.8302379861689267,0.8443404245303597,0.8584428628917926,NaN,0.8396396117432153,NaN,0.8396396117432153,1.0223944307600483
TSC_het,OFT-0544-00,fast,5.125386830174372,579,0.9984010414404291,0.9340521474298565,0.9355480499922816,0.936296001273494,0.9351740743516752,0.9340521474298565,NaN,0.9355480499922816,NaN,0.9355480499922816,0.9984010414404291
TSC_het,OFT-0544-00,slow,3.4509090513908887,580,0.9915194241410996,0.8777884289157538,0.8852962509293604,0.8890501619361636,0.8834192954259588,0.8777884289157538,NaN,0.8852962509293604,NaN,0.8852962509293604,0.9915194241410996
TSC_het,OFT-0588-00,medium,4.123753813461816,581,0.9974415492936572,0.8276531159289262,0.8297760570682388,0.8308375276378948,0.8292453217834105,0.8276531159289262,NaN,0.8297760570682388,NaN,0.8297760570682388,0.9974415492936572
TSC_het,OFT-0588-00,fast,5.0590044647782575,582,1.000784550642153,0.814850014671056,0.8142112247318444,0.8138918297622385,0.8143709222166473,0.814850014671056,NaN,0.8142112247318444,NaN,0.8142112247318444,1.000784550642153
TSC_het,OFT-0588-00,slow,3.3311553338682907,583,0.9807180337327365,0.750066411117226,0.7648135196029574,0.772187073845823,0.7611267424815246,0.750066411117226,NaN,0.7648135196029574,NaN,0.7648135196029574,0.9807180337327365
TSC_het,OFT-0589-00,slow,3.427530118756996,584,0.9956404443972713,0.9557818666694627,0.9599668957281686,0.9620594102575214,0.9589206384634921,0.9557818666694627,NaN,0.9599668957281686,NaN,0.9599668957281686,0.9956404443972713
TSC_het,OFT-0589-00,medium,4.105130445978104,585,1.0637936149079534,0.5819153929237424,0.5470190690833331,0.5295709071631285,0.5557431500434356,0.5819153929237424,NaN,0.5470190690833331,NaN,0.5470190690833331,1.0637936149079534
TSC_het,OFT-0589-00,fast,4.96719980940144,586,1.085292734428023,0.8461600582550193,0.7796606679588317,0.746410972810738,0.7962855155328786,0.8461600582550193,NaN,0.7796606679588317,NaN,0.7796606679588317,1.085292734428023
TSC_het,OFT-0591-00,slow,3.428129490605594,587,1.0185518131444087,0.9581142480974235,0.9406632394473816,0.9319377351223604,0.9450259916098919,0.9581142480974235,NaN,0.9406632394473816,NaN,0.9406632394473816,1.0185518131444087
TSC_het,OFT-0591-00,medium,4.140551640991795,588,1.0445164231431772,0.849858140777204,0.8136378920877051,0.7955277677429555,0.8226929542600798,0.849858140777204,NaN,0.8136378920877051,NaN,0.8136378920877051,1.0445164231431772
TSC_het,OFT-0591-00,fast,4.815766143304257,589,1.0013306105811184,0.9148727929496193,0.9136570711831894,0.9130492102999745,0.913961001624797,0.9148727929496193,NaN,0.9136570711831894,NaN,0.9136570711831894,1.0013306105811184
TSC_het,OFT-0592-00,fast,4.785038119460661,590,1.0000460569902598,0.9661921821790393,0.9661476843245529,0.9661254353973098,0.9661588087881746,0.9661921821790393,NaN,0.9661476843245529,NaN,0.9661476843245529,1.0000460569902598
TSC_het,OFT-0592-00,medium,3.920130334248016,591,0.9991402133954859,0.9091541017501558,0.9099364529233384,0.9103276285099298,0.9097408651300428,0.9091541017501558,NaN,0.9099364529233384,NaN,0.9099364529233384,0.9991402133954859
TSC_het,OFT-0592-00,slow,3.3388295370082823,592,1.0148068074963688,0.9564271021215011,0.9424720991782699,0.9354945977066543,0.9459608499140777,0.9564271021215011,NaN,0.9424720991782699,NaN,0.9424720991782699,1.0148068074963688
TSC_het,OFT-0594-00,medium,3.8432396057289115,593,0.999783929876413,0.926292778002116,0.9264929654516636,0.9265930591764373,0.9264429185892767,0.926292778002116,NaN,0.9264929654516636,NaN,0.9264929654516636,0.999783929876413
TSC_het,OFT-0594-00,fast,4.64164977214483,594,1.0019504913608965,0.8725257644348153,0.8708272234586257,0.8699779529705309,0.8712518587026732,0.8725257644348153,NaN,0.8708272234586257,NaN,0.8708272234586257,1.0019504913608965
TSC_het,OFT-0594-00,slow,3.0845228028874048,595,1.008530017559947,0.8158723868121498,0.8089718427876683,0.8055215707754275,0.8106969787937888,0.8158723868121498,NaN,0.8089718427876683,NaN,0.8089718427876683,1.008530017559947
TSC_het,OFT-0595-00,medium,3.830825626862567,596,1.007900226611709,0.8908826807634149,0.8838996730443491,0.8804081691848165,0.8856454249741157,0.8908826807634149,NaN,0.8838996730443491,NaN,0.8838996730443491,1.007900226611709
TSC_het,OFT-0595-00,slow,3.019854121140969,597,0.9716939015145676,0.6864576341235044,0.7064546078281763,0.7164530946805123,0.7014553644020083,0.6864576341235044,NaN,0.7064546078281763,NaN,0.7064546078281763,0.9716939015145676
TSC_het,OFT-0595-00,fast,4.656119626687766,598,1.0026829760434512,0.8652478667220013,0.8629326391241191,0.8617750253251781,0.8635114460235898,0.8652478667220013,NaN,0.8629326391241191,NaN,0.8629326391241191,1.0026829760434512
TSC_het,OFT-0601-00,medium,4.436923347529087,599,0.9983165392038408,0.8867081728872435,0.8882034285382018,0.8889510563636813,0.8878296146254623,0.8867081728872435,NaN,0.8882034285382018,NaN,0.8882034285382018,0.9983165392038408
TSC_het,OFT-0601-00,fast,5.696932761976598,600,1.003972675749823,0.9129071300577407,0.9092947966695712,0.9074886299754864,0.9101978800166136,0.9129071300577407,NaN,0.9092947966695712,NaN,0.9092947966695712,1.003972675749823
TSC_het,OFT-0601-00,slow,3.59920669816373,601,1.0013430389067857,0.915228422292385,0.9140008835449476,0.9133871141712291,0.9143077682318071,0.915228422292385,NaN,0.9140008835449476,NaN,0.9140008835449476,1.0013430389067857
TSC_het,OFT-0602-00,fast,5.674176156019805,602,1.0682197781064775,0.5684202852863582,0.5321192295221663,0.5139687016400705,0.5411944934632142,0.5684202852863582,NaN,0.5321192295221663,NaN,0.5321192295221663,1.0682197781064775
TSC_het,OFT-0602-00,medium,4.5344245284349345,603,1.0000471925109875,0.9922976515580854,0.9922508247501359,0.992227411346161,0.9922625314521232,0.9922976515580854,NaN,0.9922508247501359,NaN,0.9922508247501359,1.0000471925109875
TSC_het,OFT-0602-00,slow,3.5543513972301564,604,1.002514102527509,0.991152580203053,0.9886669700747235,0.9874241650105586,0.9892883726068058,0.991152580203053,NaN,0.9886669700747235,NaN,0.9886669700747235,1.002514102527509
TSC_het,OFT-0604-00,medium,4.358397587255025,605,0.997846330011411,0.7947722019960837,0.7964875733791544,0.7973452590706898,0.7960587305333866,0.7947722019960837,NaN,0.7964875733791544,NaN,0.7964875733791544,0.997846330011411
TSC_het,OFT-0604-00,slow,3.40624818491383,606,1.01200226478869,0.901550238496527,0.8908579257821861,0.8855117694250159,0.8935310039607715,0.901550238496527,NaN,0.8908579257821861,NaN,0.8908579257821861,1.01200226478869
TSC_het,OFT-0604-00,fast,5.355069288048293,607,1.0080823145789146,0.940675031422441,0.9331331557139455,0.9293622178596976,0.9350186246410692,0.940675031422441,NaN,0.9331331557139455,NaN,0.9331331557139455,1.0080823145789146
TSC_het,OFT-0610-00,fast,5.39524809651876,608,0.9967637368939174,0.8702276352711311,0.8730530646940529,0.8744657794055137,0.8723467073383223,0.8702276352711311,NaN,0.8730530646940529,NaN,0.8730530646940529,0.9967637368939174
TSC_het,OFT-0610-00,slow,3.466153632878751,609,1.026162015184802,0.6810468779450806,0.663683578097003,0.6550019281729642,0.6680244030590223,0.6810468779450806,NaN,0.663683578097003,NaN,0.663683578097003,1.026162015184802
TSC_het,OFT-0610-00,medium,4.188461096121927,610,0.9941954638355045,0.7894754183326531,0.7940847117597355,0.7963893584732766,0.7929323884029649,0.7894754183326531,NaN,0.7940847117597355,NaN,0.7940847117597355,0.9941954638355045
TSC_het,OFT-0614-00,fast,5.058837814101713,611,1.0148428743290372,0.9543636103941839,0.9404052928145757,0.9334261340247718,0.943894872209478,0.9543636103941839,NaN,0.9404052928145757,NaN,0.9404052928145757,1.0148428743290372
TSC_het,OFT-0614-00,medium,4.241342069588986,612,1.0060215811821502,0.7024374094943909,0.6982329431432025,0.6961307099676082,0.6992840597309995,0.7024374094943909,NaN,0.6982329431432025,NaN,0.6982329431432025,1.0060215811821502
TSC_het,OFT-0614-00,slow,3.4031032340223875,613,0.9879776939435152,0.8620215575539998,0.8725111536812524,0.877755951744879,0.8698887546494393,0.8620215575539998,NaN,0.8725111536812524,NaN,0.8725111536812524,0.9879776939435152
TSC_het,OFT-0617-00,slow,3.6457790477242478,614,0.9989387783678562,0.9166752065512216,0.9176490355584722,0.9181359500620978,0.9174055783066596,0.9166752065512216,NaN,0.9176490355584722,NaN,0.9176490355584722,0.9989387783678562
TSC_het,OFT-0617-00,medium,4.343591528414819,615,1.0028158611892963,0.9445125064818821,0.9418603584527783,0.9405342844382261,0.942523395460054,0.9445125064818821,NaN,0.9418603584527783,NaN,0.9418603584527783,1.0028158611892963
TSC_het,OFT-0617-00,fast,5.271786494968188,616,1.0128673171972356,0.88109708677922,0.8699037591787988,0.8643070953785882,0.8727020910789042,0.88109708677922,NaN,0.8699037591787988,NaN,0.8699037591787988,1.0128673171972356
TSC_het,OFT-0620-00,slow,3.0956529230329797,617,0.9920267519358094,0.8410897215016153,0.8478498385858443,0.8512298971279588,0.8461598093147872,0.8410897215016153,NaN,0.8478498385858443,NaN,0.8478498385858443,0.9920267519358094
TSC_het,OFT-0620-00,fast,4.416496349896756,618,0.9956689884349347,0.9332365845614992,0.9372960244834266,0.9393257444443903,0.9362811645029446,0.9332365845614992,NaN,0.9372960244834266,NaN,0.9372960244834266,0.9956689884349347
TSC_het,OFT-0620-00,medium,3.675003346572091,619,1.0013822075522576,0.8112523310927132,0.8101325597502966,0.8095726740790885,0.8104125025859008,0.8112523310927132,NaN,0.8101325597502966,NaN,0.8101325597502966,1.0013822075522576
TSC_het,OFT-0621-00,slow,3.0055065071553546,620,0.9933430942711574,0.8622392874006738,0.8680175987263715,0.8709067543892204,0.8665730208949471,0.8622392874006738,NaN,0.8680175987263715,NaN,0.8680175987263715,0.9933430942711574
TSC_het,OFT-0621-00,medium,3.6405090203768755,621,1.0056177210602715,0.8318166120930934,0.827169802871084,0.8248463982600793,0.8283315051765864,0.8318166120930934,NaN,0.827169802871084,NaN,0.827169802871084,1.0056177210602715
TSC_het,OFT-0621-00,fast,4.570697603787826,622,1.016212413865538,0.789659891872988,0.777061843664383,0.7707628195600806,0.7802113557165343,0.789659891872988,NaN,0.777061843664383,NaN,0.777061843664383,1.016212413865538
TSC_het,OFT-0624-00,slow,3.037649308817913,623,1.0048722912561527,0.9838828056477761,0.9791122854207289,0.9767270253072052,0.9803049154774907,0.9838828056477761,NaN,0.9791122854207289,NaN,0.9791122854207289,1.0048722912561527
TSC_het,OFT-0624-00,medium,3.6609440346416413,624,0.9980466695673276,0.9418946457254533,0.9437380780337484,0.9446597941878958,0.9432772199566746,0.9418946457254533,NaN,0.9437380780337484,NaN,0.9437380780337484,0.9980466695673276
TSC_het,OFT-0624-00,fast,4.524919381863926,625,0.997938206415751,0.9785449802469101,0.9805667063910753,0.9815775694631577,0.9800612748550339,0.9785449802469101,NaN,0.9805667063910753,NaN,0.9805667063910753,0.997938206415751
TSC_het,OFT-0628-00,medium,3.677807789882048,626,1.0028442403748044,0.9771246035710724,0.974353308551566,0.9729676610418128,0.9750461323064425,0.9771246035710724,NaN,0.974353308551566,NaN,0.974353308551566,1.0028442403748044
TSC_het,OFT-0628-00,slow,2.9832809627201766,627,0.999764836392812,0.9270159979110628,0.9272340496148778,0.9273430754667853,0.927179536688924,0.9270159979110628,NaN,0.9272340496148778,NaN,0.9272340496148778,0.999764836392812
TSC_het,OFT-0628-00,fast,4.484400491790623,628,1.0060438905446685,0.9435345938978548,0.9378662330398216,0.9350320526108049,0.93928332325433,0.9435345938978548,NaN,0.9378662330398216,NaN,0.9378662330398216,1.0060438905446685
TSC_het,OFT-0630-00,medium,4.06600676753841,629,1.0043907070167395,0.8555169559299416,0.8517770524490559,0.8499071007086131,0.8527120283192773,0.8555169559299416,NaN,0.8517770524490559,NaN,0.8517770524490559,1.0043907070167395
TSC_het,OFT-0630-00,slow,3.421198961574542,630,0.9961168162751091,0.9353053255292231,0.9389514465047532,0.9407745069925182,0.9380399162608706,0.9353053255292231,NaN,0.9389514465047532,NaN,0.9389514465047532,0.9961168162751091
TSC_het,OFT-0630-00,fast,4.982720675526689,631,0.9981505380985819,0.8992745227708296,0.9009407784159439,0.9017739062385013,0.9005242145046655,0.8992745227708296,NaN,0.9009407784159439,NaN,0.9009407784159439,0.9981505380985819
TSC_het,OFT-0632-00,medium,3.3783508763883887,632,1.0052023881280774,0.9679568886006796,0.9629472631906918,0.9604424504856979,0.9641996695431889,0.9679568886006796,NaN,0.9629472631906918,NaN,0.9629472631906918,1.0052023881280774
TSC_het,OFT-0632-00,fast,3.7918778561336475,633,0.9970168086492581,0.9214928223389222,0.9242500370553887,0.9256286444136219,0.9235607333762721,0.9214928223389222,NaN,0.9242500370553887,NaN,0.9242500370553887,0.9970168086492581
TSC_het,OFT-0632-00,slow,2.795203302219694,634,1.0001972866378512,0.8803911125035346,0.880217457360794,0.8801306297894237,0.8802608711464793,0.8803911125035346,NaN,0.880217457360794,NaN,0.880217457360794,1.0001972866378512
TSC_het,OFT-0634-00,medium,4.080689101670285,635,0.9948081587666345,0.9520470502889353,0.9570157239857034,0.9595000608340873,0.9557735555615114,0.9520470502889353,NaN,0.9570157239857034,NaN,0.9570157239857034,0.9948081587666345
TSC_het,OFT-0634-00,slow,3.2604710331230553,636,0.9898920512443101,0.9462595583038321,0.955921968576643,0.9607531737130486,0.9535063660084404,0.9462595583038321,NaN,0.955921968576643,NaN,0.955921968576643,0.9898920512443101
TSC_het,OFT-0634-00,fast,4.983682047723033,637,0.9920129451474324,0.802814642899299,0.8092783938217512,0.8125102692829772,0.8076624560911381,0.802814642899299,NaN,0.8092783938217512,NaN,0.8092783938217512,0.9920129451474324
TSC_het,OFT-0636-00,slow,3.5329130604094963,638,1.0567142935206792,0.7204478802383427,0.6817811443034522,0.6624477763360068,0.6914478282871748,0.7204478802383427,NaN,0.6817811443034522,NaN,0.6817811443034522,1.0567142935206792
TSC_het,OFT-0636-00,medium,4.496525641144581,639,1.0052862488549652,0.9077323367679392,0.9029590704158728,0.9005724372398396,0.9041523870038894,0.9077323367679392,NaN,0.9029590704158728,NaN,0.9029590704158728,1.0052862488549652
TSC_het,OFT-0636-00,fast,5.50800001197318,640,1.0002038505017967,0.9670298893252977,0.9668327999738694,0.9667342552981554,0.9668820723117264,0.9670298893252977,NaN,0.9668327999738694,NaN,0.9668327999738694,1.0002038505017967
TSC_het,OFT-0640-00,fast,4.5226783434927995,641,0.9972904048255,0.8924074677034277,0.8948321004447806,0.8960444168154568,0.8942259422594423,0.8924074677034277,NaN,0.8948321004447806,NaN,0.8948321004447806,0.9972904048255
TSC_het,OFT-0640-00,slow,3.1429992171618855,642,0.9954103905541254,0.9491420254769691,0.9535183020830237,0.955706440386051,0.95242423293151,0.9491420254769691,NaN,0.9535183020830237,NaN,0.9535183020830237,0.9954103905541254
TSC_het,OFT-0640-00,medium,3.7554419124632497,643,0.9954078466848395,0.9391001646687316,0.9434325515881373,0.94559874504784,0.9423494548582858,0.9391001646687316,NaN,0.9434325515881373,NaN,0.9434325515881373,0.9954078466848395
TSC_het,OFT-0647-00,slow,3.955943677104849,644,1.003990981134195,0.9176041214367178,0.9139565381355448,0.9121327464849585,0.9148684339608382,0.9176041214367178,NaN,0.9139565381355448,NaN,0.9139565381355448,1.003990981134195
TSC_het,OFT-0647-00,medium,4.878556009363409,645,1.001036431535479,0.9763130347267872,0.975302200769288,0.9747967837905382,0.9755549092586628,0.9763130347267872,NaN,0.975302200769288,NaN,0.975302200769288,1.001036431535479
TSC_het,OFT-0647-00,fast,5.750160005518767,646,1.004402147943741,0.8998070807853111,0.8958633577471317,0.8938914962280421,0.8968492885066763,0.8998070807853111,NaN,0.8958633577471317,NaN,0.8958633577471317,1.004402147943741
TSC_het,OFT-0650-00,slow,3.5546488141780035,647,0.9975161587606086,0.898708437236575,0.90094624467357,0.9020651483920673,0.900386792814321,0.898708437236575,NaN,0.90094624467357,NaN,0.90094624467357,0.9975161587606086
TSC_het,OFT-0650-00,fast,5.515815905061649,648,1.0000320376825913,0.9728733277891602,0.9728421601808209,0.9728265763766515,0.9728499520829058,0.9728733277891602,NaN,0.9728421601808209,NaN,0.9728421601808209,1.0000320376825913
TSC_het,OFT-0650-00,medium,4.462930535999531,649,0.9930992633581658,0.8613348485032384,0.8673199953755217,0.8703125688116633,0.8658237086574507,0.8613348485032384,NaN,0.8673199953755217,NaN,0.8673199953755217,0.9930992633581658
TSC_het,OFT-0657-00,slow,3.128075683833206,650,0.9830786253794567,0.9109050201890065,0.9265840968085417,0.9344236351183096,0.9226643276536581,0.9109050201890065,NaN,0.9265840968085417,NaN,0.9265840968085417,0.9830786253794567
TSC_het,OFT-0657-00,medium,3.7240574934087847,651,0.9999224652695724,0.9188928002775072,0.9189640519075445,0.9189996777225631,0.9189462390000352,0.9188928002775072,NaN,0.9189640519075445,NaN,0.9189640519075445,0.9999224652695724
TSC_het,OFT-0657-00,fast,4.508388046168821,652,0.9986094237519756,0.9779212569309477,0.9792830246451126,0.9799639085021952,0.9789425827165713,0.9779212569309477,NaN,0.9792830246451126,NaN,0.9792830246451126,0.9986094237519756
TSC_het,OFT-0661-00,medium,3.692715702479957,653,1.015260283322873,0.9176728817490576,0.9038794256243149,0.8969826975619435,0.9073277896555005,0.9176728817490576,NaN,0.9038794256243149,NaN,0.9038794256243149,1.015260283322873
TSC_het,OFT-0661-00,fast,4.5025522704564755,654,1.015221044076378,0.8938129240400713,0.8804121321709198,0.8737117362363442,0.8837623301382078,0.8938129240400713,NaN,0.8804121321709198,NaN,0.8804121321709198,1.015221044076378
TSC_het,OFT-0661-00,slow,3.094872514522391,655,0.9442734342802755,0.6783026397442813,0.7183328632572228,0.7383479750136934,0.7083253073789875,0.6783026397442813,NaN,0.7183328632572228,NaN,0.7183328632572228,0.9442734342802755
TSC_het,OFT-0668-00,fast,5.954621652526587,656,0.9982459226350346,0.9526564161086414,0.9543303854364341,0.9551673701003307,0.9539118931044861,0.9526564161086414,NaN,0.9543303854364341,NaN,0.9543303854364341,0.9982459226350346
TSC_het,OFT-0668-00,slow,3.658071017481242,657,0.9963792861591655,0.9513316157409624,0.9547886321564828,0.9565171403642427,0.9539243780526027,0.9513316157409624,NaN,0.9547886321564828,NaN,0.9547886321564828,0.9963792861591655
TSC_het,OFT-0668-00,medium,4.7367977313910306,658,0.9977501973463998,0.8453355709347434,0.8472416975541415,0.8481947608638407,0.8467651658992921,0.8453355709347434,NaN,0.8472416975541415,NaN,0.8472416975541415,0.9977501973463998
TSC_het,OFT-0670-00,medium,3.615879258204467,659,1.0002366951756068,0.9344553177174473,0.934234188992026,0.9341236246293154,0.9342894711733813,0.9344553177174473,NaN,0.934234188992026,NaN,0.934234188992026,1.0002366951756068
TSC_het,OFT-0670-00,slow,3.0650411196617746,660,1.0119083051098758,0.8169458793467853,0.8073319244653092,0.8025249470245712,0.8097354131856782,0.8169458793467853,NaN,0.8073319244653092,NaN,0.8073319244653092,1.0119083051098758
TSC_het,OFT-0670-00,fast,4.395134049064842,661,1.0066433056445245,0.9103445570407686,0.9043367714623615,0.9013328786731578,0.9058387178569631,0.9103445570407686,NaN,0.9043367714623615,NaN,0.9043367714623615,1.0066433056445245
TSC_het,OFT-0674-00,slow,3.1844126436931655,662,1.005297729086645,0.9100379654798451,0.9052422373485839,0.9028443732829534,0.9064411693813993,0.9100379654798451,NaN,0.9052422373485839,NaN,0.9052422373485839,1.005297729086645
TSC_het,OFT-0674-00,fast,4.430759928822465,663,0.9950024572665175,0.9690149766333901,0.9738819935133421,0.9763155019533178,0.9726652392933539,0.9690149766333901,NaN,0.9738819935133421,NaN,0.9738819935133421,0.9950024572665175
TSC_het,OFT-0674-00,medium,3.843088282151668,664,0.9978475147762931,0.9771417439758069,0.9792495641930539,0.9803034743016772,0.9787226091387421,0.9771417439758069,NaN,0.9792495641930539,NaN,0.9792495641930539,0.9978475147762931
TSC_het,OFT-0678-00,medium,4.16602537123974,665,0.9803119390416208,0.8763257043510267,0.8939253613576779,0.9027251898610034,0.889525447106015,0.8763257043510267,NaN,0.8939253613576779,NaN,0.8939253613576779,0.9803119390416208
TSC_het,OFT-0678-00,fast,5.075390301895257,666,0.99332398242169,0.9434505460791917,0.949791369960777,0.9529617819015697,0.9482061639903806,0.9434505460791917,NaN,0.949791369960777,NaN,0.949791369960777,0.99332398242169
TSC_het,OFT-0678-00,slow,3.473473018294292,667,0.9735355705621792,0.8717448489939024,0.8954422163439836,0.9072909000190241,0.8895178745064632,0.8717448489939024,NaN,0.8954422163439836,NaN,0.8954422163439836,0.9735355705621792
TSC_het,OFT-0683-00,medium,5.012167842977351,668,1.0013706071076864,0.8676707535460717,0.8664831455880382,0.8658893416090214,0.8667800475775465,0.8676707535460717,NaN,0.8664831455880382,NaN,0.8664831455880382,1.0013706071076864
TSC_het,OFT-0683-00,slow,3.821861465812791,669,0.9939608604571181,0.9148357583466362,0.9203941470350325,0.9231733413792306,0.9190045498629333,0.9148357583466362,NaN,0.9203941470350325,NaN,0.9203941470350325,0.9939608604571181
TSC_het,OFT-0683-00,fast,6.110018582720646,670,1.00415766463937,0.9205986152863701,0.9167869227159571,0.9148810764307505,0.9177398458585604,0.9205986152863701,NaN,0.9167869227159571,NaN,0.9167869227159571,1.00415766463937
TSC_het,OFT-0693-00,slow,3.765132001210588,671,1.003139027873506,0.8354845303475967,0.8328701278014177,0.8315629265283281,0.8335237284379624,0.8354845303475967,NaN,0.8328701278014177,NaN,0.8328701278014177,1.003139027873506
TSC_het,OFT-0693-00,medium,4.71376238154453,672,0.9933623794382274,0.9307854677757345,0.9370049511056763,0.940114692770647,0.9354500802731907,0.9307854677757345,NaN,0.9370049511056763,NaN,0.9370049511056763,0.9933623794382274
TSC_het,OFT-0693-00,fast,5.792606341667645,673,0.9895490240709378,0.8653337112871331,0.8744728055283292,0.879042352648927,0.8721880319680302,0.8653337112871331,NaN,0.8744728055283292,NaN,0.8744728055283292,0.9895490240709378
TSC_het,OFT-0694-00,slow,3.544568966435905,674,0.9949733922850348,0.8845775352809528,0.88904642288921,0.8912808666933385,0.8879292009871457,0.8845775352809528,NaN,0.88904642288921,NaN,0.88904642288921,0.9949733922850348
TSC_het,OFT-0694-00,medium,4.699776475435462,675,1.0034905246915655,0.8078074080005105,0.8049975441958453,0.8035926122935129,0.8057000101470118,0.8078074080005105,NaN,0.8049975441958453,NaN,0.8049975441958453,1.0034905246915655
TSC_het,OFT-0694-00,fast,5.903144454029073,676,0.9965029610068654,0.9456493956054601,0.9489679736124187,0.950627262615898,0.9481383291106791,0.9456493956054601,NaN,0.9489679736124187,NaN,0.9489679736124187,0.9965029610068654
TSC_het,OFT-0702-00,fast,6.253376265054792,677,0.9952728900660229,0.9040793021787532,0.9083732825464378,0.9105202727302798,0.9072997874545166,0.9040793021787532,NaN,0.9083732825464378,NaN,0.9083732825464378,0.9952728900660229
TSC_het,OFT-0702-00,slow,3.6393370898242132,678,1.0048358195971838,0.7596138985195844,0.75595822094011,0.7541303821503731,0.7568721403349786,0.7596138985195844,NaN,0.75595822094011,NaN,0.75595822094011,1.0048358195971838
TSC_het,OFT-0702-00,medium,4.767793625575221,679,0.9974041320341279,0.9693831800744745,0.9719061200373145,0.9731675900187345,0.9712753850466046,0.9693831800744745,NaN,0.9719061200373145,NaN,0.9719061200373145,0.9974041320341279
TSC_het,OFT-0708-00,fast,5.469184190721452,680,1.0029204380121772,0.8806149325342554,0.8780506400683832,0.876768493835447,0.8786917131848511,0.8806149325342554,NaN,0.8780506400683832,NaN,0.8780506400683832,1.0029204380121772
TSC_het,OFT-0708-00,medium,4.4113981147703685,681,0.9965752989132313,0.9599969724835452,0.9632959732500145,0.964945473633249,0.9624712230583972,0.9599969724835452,NaN,0.9632959732500145,NaN,0.9632959732500145,0.9965752989132313
TSC_het,OFT-0708-00,slow,3.490064773131137,682,0.9923216571565917,0.9543032929079678,0.9616874589258062,0.9653795419347251,0.9598414174213464,0.9543032929079678,NaN,0.9616874589258062,NaN,0.9616874589258062,0.9923216571565917
TSC_hom,OFT-0637-00,medium,3.465215953472171,683,1.0035860761986042,0.7362017743189961,0.7335711323413238,0.7322558113524877,0.734228792835742,0.7362017743189961,NaN,0.7335711323413238,NaN,0.7335711323413238,1.0035860761986042
TSC_hom,OFT-0637-00,fast,4.002649644217135,684,1.0156088743280711,0.8159467308032833,0.8034064603296375,0.7971363250928147,0.8065415279480489,0.8159467308032833,NaN,0.8034064603296375,NaN,0.8034064603296375,1.0156088743280711
TSC_hom,OFT-0637-00,slow,2.9739202354451453,685,1.0308810735098977,0.9238236965791626,0.8961496338600622,0.8823126025005121,0.9030681495398375,0.9238236965791626,NaN,0.8961496338600622,NaN,0.8961496338600622,1.0308810735098977
TSC_hom,OFT-0639-00,slow,3.03878600790471,686,1.0237854847293344,0.7648919535558478,0.7471213110215836,0.7382359897544515,0.7515639716551497,0.7648919535558478,NaN,0.7471213110215836,NaN,0.7471213110215836,1.0237854847293344
TSC_hom,OFT-0639-00,fast,4.436856335847172,687,1.0365939103428237,0.8909921040001884,0.8595382387549607,0.8438113061323467,0.8674017050662676,0.8909921040001884,NaN,0.8595382387549607,NaN,0.8595382387549607,1.0365939103428237
TSC_hom,OFT-0639-00,medium,3.6546131279684366,688,1.016287364476284,0.7595714692184511,0.7473983203656925,0.7413117459393133,0.7504416075788822,0.7595714692184511,NaN,0.7473983203656925,NaN,0.7473983203656925,1.016287364476284
TSC_hom,OFT-0648-00,medium,2.948608959762217,689,1.0213811864867908,0.7347651934755388,0.719383911899616,0.7116932711116546,0.7232292322935968,0.7347651934755388,NaN,0.719383911899616,NaN,0.719383911899616,1.0213811864867908
TSC_hom,OFT-0648-00,fast,3.348318463287385,690,1.00782371771032,0.6957295235956,0.6903285875988626,0.6876281196004939,0.691678821598047,0.6957295235956,NaN,0.6903285875988626,NaN,0.6903285875988626,1.00782371771032
TSC_hom,OFT-0648-00,slow,2.678618867874322,691,1.0049021497415846,0.7214373661697175,0.7179180245113801,0.7161583536822114,0.7187978599259645,0.7214373661697175,NaN,0.7179180245113801,NaN,0.7179180245113801,1.0049021497415846
TSC_hom,OFT-0649-00,slow,2.725186423480895,692,1.00182725633545,0.8311430125502691,0.8296270712283064,0.8288691005673249,0.830006056558797,0.8311430125502691,NaN,0.8296270712283064,NaN,0.8296270712283064,1.00182725633545
TSC_hom,OFT-0649-00,medium,3.0043912204813803,693,1.002845990243777,0.8796987011373225,0.8772021922563411,0.8759539378158503,0.8778263194765865,0.8796987011373225,NaN,0.8772021922563411,NaN,0.8772021922563411,1.002845990243777
TSC_hom,OFT-0649-00,fast,3.3884368334650308,694,1.0054551185428542,0.8447943599154676,0.840210909801501,0.8379191847445178,0.8413567723299926,0.8447943599154676,NaN,0.840210909801501,NaN,0.840210909801501,1.0054551185428542
TSC_hom,OFT-0658-00,slow,3.02750233943615,695,0.9981369263383302,0.8904780813277566,0.8921402042448019,0.8929712657033246,0.8917246735155406,0.8904780813277566,NaN,0.8921402042448019,NaN,0.8921402042448019,0.9981369263383302
TSC_hom,OFT-0658-00,medium,3.596910820247436,696,1.007423318525124,0.9279015520917606,0.9210641991593128,0.9176455226930889,0.9227735373924246,0.9279015520917606,NaN,0.9210641991593128,NaN,0.9210641991593128,1.007423318525124
TSC_hom,OFT-0658-00,fast,4.422425890130845,697,1.0144488136800751,0.8272667145768956,0.8154839390820059,0.8095925513345607,0.8184296329557282,0.8272667145768956,NaN,0.8154839390820059,NaN,0.8154839390820059,1.0144488136800751
TSC_hom,OFT-0660-00,slow,2.9372844361300228,698,1.0116490396704372,0.8991562967790261,0.8888026000320649,0.8836257516585843,0.8913910242188052,0.8991562967790261,NaN,0.8888026000320649,NaN,0.8888026000320649,1.0116490396704372
TSC_hom,OFT-0660-00,medium,3.3783738080192105,699,1.0218875912516412,0.8028099238932876,0.7856147102344005,0.7770171034049569,0.7899135136491222,0.8028099238932876,NaN,0.7856147102344005,NaN,0.7856147102344005,1.0218875912516412
TSC_hom,OFT-0660-00,fast,4.056875745374309,700,1.0038804809534072,0.8890955518051198,0.8856587698176245,0.8839403788238767,0.8865179653144981,0.8890955518051198,NaN,0.8856587698176245,NaN,0.8856587698176245,1.0038804809534072
TSC_hom,OFT-0669-00,fast,3.3026693964064195,701,1.007357972094074,0.7074247388980922,0.7022575474610212,0.6996739517424855,0.7035493453202889,0.7074247388980922,NaN,0.7022575474610212,NaN,0.7022575474610212,1.007357972094074
TSC_hom,OFT-0669-00,medium,2.9520936668675164,702,1.0102100385064217,0.7239098016734862,0.7165933559161365,0.7129351330374616,0.7184224673554738,0.7239098016734862,NaN,0.7165933559161365,NaN,0.7165933559161365,1.0102100385064217
TSC_hom,OFT-0669-00,slow,2.665795369411302,703,1.0154580131525266,0.7659167465297536,0.7542574253286327,0.7484277647280724,0.7571722556289129,0.7659167465297536,NaN,0.7542574253286327,NaN,0.7542574253286327,1.0154580131525266
TSC_hom,OFT-0673-00,slow,2.9958283675834516,704,0.9987407950656789,0.8122837719017844,0.8133078932140417,0.8138199538701703,0.8130518628859773,0.8122837719017844,NaN,0.8133078932140417,NaN,0.8133078932140417,0.9987407950656789
TSC_hom,OFT-0673-00,medium,3.505284292940525,705,1.0038606477202074,0.9391192107127796,0.9355075456394698,0.9337017131028147,0.9364104619077972,0.9391192107127796,NaN,0.9355075456394698,NaN,0.9355075456394698,1.0038606477202074
TSC_hom,OFT-0673-00,fast,5.333044123285585,706,1.0034360754012808,0.8831994238189012,0.8801750758918089,0.8786629019282628,0.8809311628735821,0.8831994238189012,NaN,0.8801750758918089,NaN,0.8801750758918089,1.0034360754012808
TSC_hom,OFT-0679-00,slow,2.8517762186667857,707,1.0057642014019883,0.8391906801428815,0.834381139210452,0.8319763687442372,0.8355835244435594,0.8391906801428815,NaN,0.834381139210452,NaN,0.834381139210452,1.0057642014019883
TSC_hom,OFT-0679-00,medium,3.3400117100768276,708,1.0138041549865018,0.7918238465077948,0.7810422186702691,0.7756514047515065,0.7837376256296505,0.7918238465077948,NaN,0.7810422186702691,NaN,0.7810422186702691,1.0138041549865018
TSC_hom,OFT-0679-00,fast,3.8393474692477727,709,1.006444067883006,0.8434419473515931,0.8380415507100379,0.8353413523892604,0.8393916498704266,0.8434419473515931,NaN,0.8380415507100379,NaN,0.8380415507100379,1.006444067883006
TSC_hom,OFT-0681-00,medium,3.37756523556951,710,1.0113595553129144,0.9234149496631958,0.9130431850989843,0.9078573028168784,0.9156361262400371,0.9234149496631958,NaN,0.9130431850989843,NaN,0.9130431850989843,1.0113595553129144
TSC_hom,OFT-0681-00,slow,2.9100410157074657,711,1.0009867027968897,0.9377138229155467,0.9367894901055626,0.9363273237005705,0.9370205733080585,0.9377138229155467,NaN,0.9367894901055626,NaN,0.9367894901055626,1.0009867027968897
TSC_hom,OFT-0681-00,fast,4.030416762239753,712,1.0072895117472405,0.9640009916232231,0.9570247484768015,0.953536626903591,0.958768809263407,0.9640009916232231,NaN,0.9570247484768015,NaN,0.9570247484768015,1.0072895117472405
TSC_hom,OFT-0684-00,slow,2.66359678694679,713,1.0076065682574435,0.8321469903892935,0.825864991956543,0.8227239927401677,0.8274354915647306,0.8321469903892935,NaN,0.825864991956543,NaN,0.825864991956543,1.0076065682574435
TSC_hom,OFT-0684-00,fast,3.225055971188697,714,1.02085970786168,0.8222027893478905,0.8054023319914335,0.7970021033132053,0.8096024463305479,0.8222027893478905,NaN,0.8054023319914335,NaN,0.8054023319914335,1.02085970786168
TSC_hom,OFT-0684-00,medium,2.9121333130050457,715,1.000663024539595,0.7581184875476275,0.7576161694356975,0.7573650103797326,0.75774174896368,0.7581184875476275,NaN,0.7576161694356975,NaN,0.7576161694356975,1.000663024539595
TSC_hom,OFT-0712-00,medium,3.259543810377071,716,1.0298408384427697,0.6993137135425826,0.6790502837312418,0.6689185688255713,0.6841161411840769,0.6993137135425826,NaN,0.6790502837312418,NaN,0.6790502837312418,1.0298408384427697
TSC_hom,OFT-0712-00,slow,2.8631607109768584,717,1.0001105162563595,0.9037199816505083,0.9036201169380131,0.9035701845817654,0.9036450831161369,0.9037199816505083,NaN,0.9036201169380131,NaN,0.9036201169380131,1.0001105162563595
TSC_hom,OFT-0712-00,fast,3.778259899505789,718,1.0200614630936686,0.7412093153073787,0.7266320139763147,0.7193433633107826,0.7302763393090806,0.7412093153073787,NaN,0.7266320139763147,NaN,0.7266320139763147,1.0200614630936686
TSC_hom,OFT-0713-00,slow,3.2160766232817752,719,0.9970818890294352,0.9464300337290071,0.949199904383247,0.9505848397103669,0.9485074367196871,0.9464300337290071,NaN,0.949199904383247,NaN,0.949199904383247,0.9970818890294352
TSC_hom,OFT-0713-00,fast,4.7554637874422765,720,1.0034451902608579,0.8488958137886546,0.8459812474341263,0.844523964256862,0.8467098890227583,0.8488958137886546,NaN,0.8459812474341263,NaN,0.8459812474341263,1.0034451902608579
TSC_hom,OFT-0713-00,medium,3.930117036066492,721,1.0004251784129843,0.9849379472028275,0.9845193508276902,0.9843100526401214,0.9846239999214744,0.9849379472028275,NaN,0.9845193508276902,NaN,0.9845193508276902,1.0004251784129843
TSC_hom,OFT-0714-00,slow,3.181932035037327,722,1.0378337976369445,0.7434712202771948,0.7163682874560579,0.7028168210454897,0.7231440206613422,0.7434712202771948,NaN,0.7163682874560579,NaN,0.7163682874560579,1.0378337976369445
TSC_hom,OFT-0714-00,medium,3.7551614739910253,723,1.0040297498532338,0.9810998349383242,0.9771621160446079,0.9751932565977495,0.978146545768037,0.9810998349383242,NaN,0.9771621160446079,NaN,0.9771621160446079,1.0040297498532338
TSC_hom,OFT-0714-00,fast,4.384789956900982,724,0.9922676092860906,0.8213228512432506,0.8277231298864728,0.8309232692080838,0.8261230602256672,0.8213228512432506,NaN,0.8277231298864728,NaN,0.8277231298864728,0.9922676092860906
TSC_hom,OFT-0715-00,slow,2.9053006690189904,725,1.0036049261344142,0.9633122972353219,0.9598521013101365,0.9581220033475439,0.960717150291433,0.9633122972353219,NaN,0.9598521013101365,NaN,0.9598521013101365,1.0036049261344142
TSC_hom,OFT-0715-00,fast,4.10005804863087,726,1.0063693787723338,0.9755800498310342,0.9694055387706059,0.9663182832403914,0.9709491665357128,0.9755800498310342,NaN,0.9694055387706059,NaN,0.9694055387706059,1.0063693787723338
TSC_hom,OFT-0715-00,medium,3.515612551177391,727,0.9915546950872315,0.8459278398369768,0.8531328065191167,0.8567352898601867,0.8513315648485817,0.8459278398369768,NaN,0.8531328065191167,NaN,0.8531328065191167,0.9915546950872315
TSC_hom,OFT-0716-00,medium,3.9199320976694723,728,1.0015609392410303,0.9059259772474088,0.9045140857169486,0.9038081399517185,0.9048670585995637,0.9059259772474088,NaN,0.9045140857169486,NaN,0.9045140857169486,1.0015609392410303
TSC_hom,OFT-0716-00,fast,4.823663365537254,729,0.990936929709596,0.8531045657931897,0.8609070266895801,0.8648082571377752,0.8589564114654824,0.8531045657931897,NaN,0.8609070266895801,NaN,0.8609070266895801,0.990936929709596
TSC_hom,OFT-0716-00,slow,3.18221114091187,730,1.0058544927847077,0.970660963709703,0.9650113119467495,0.9621864860652728,0.966423724887488,0.970660963709703,NaN,0.9650113119467495,NaN,0.9650113119467495,1.0058544927847077
TSC_hom,OFT-0717-00,slow,2.7415297193370978,731,1.0094130977246827,0.9027691584629224,0.8943505493418439,0.8901412447813046,0.8964552016221136,0.9027691584629224,NaN,0.8943505493418439,NaN,0.8943505493418439,1.0094130977246827
TSC_hom,OFT-0717-00,fast,3.5985363244931947,732,1.0210757318121197,0.7808667049831757,0.7647490589139346,0.756690235879314,0.7687784704312448,0.7808667049831757,NaN,0.7647490589139346,NaN,0.7647490589139346,1.0210757318121197
TSC_hom,OFT-0717-00,medium,3.1633502325586647,733,1.0043472753863856,0.822948370713166,0.8193862729368852,0.8176052240487445,0.8202767973809553,0.822948370713166,NaN,0.8193862729368852,NaN,0.8193862729368852,1.0043472753863856
TSC_hom,OFT-0718-00,fast,5.352296764362116,734,0.9998588230007901,0.9095684359860157,0.9096968642595025,0.9097610783962458,0.9096647571911307,0.9095684359860157,NaN,0.9096968642595025,NaN,0.9096968642595025,0.9998588230007901
TSC_hom,OFT-0718-00,medium,4.130625855981335,735,1.004558134808516,0.8579514335899033,0.8540585197226459,0.8521120627890171,0.8550317481894602,0.8579514335899033,NaN,0.8540585197226459,NaN,0.8540585197226459,1.004558134808516
TSC_hom,OFT-0718-00,slow,3.300490543086779,736,0.9974285712114502,0.8211239750535345,0.8232408803531858,0.8242993330030116,0.8227116540282731,0.8211239750535345,NaN,0.8232408803531858,NaN,0.8232408803531858,0.9974285712114502
TSC_hom,OFT-0719-00,medium,2.91092155267849,737,1.0060199587625864,0.8341739627443547,0.8291823193750512,0.8266864976903993,0.830430230217377,0.8341739627443547,NaN,0.8291823193750512,NaN,0.8291823193750512,1.0060199587625864
TSC_hom,OFT-0719-00,slow,2.619468556246872,738,1.0108327938555615,0.759055054497171,0.7509204876525137,0.746853204230185,0.752954129363678,0.759055054497171,NaN,0.7509204876525137,NaN,0.7509204876525137,1.0108327938555615
TSC_hom,OFT-0719-00,fast,3.3785544559965945,739,1.0042888368938245,0.8176783793872,0.8141864664315159,0.8124405099536742,0.8150594446704371,0.8176783793872,NaN,0.8141864664315159,NaN,0.8141864664315159,1.0042888368938245
TSC_hom,OFT-0720-00,fast,5.099841275331236,740,1.0041211334535152,0.972755473060037,0.9687630711589538,0.9667668702084122,0.9697611716342246,0.972755473060037,NaN,0.9687630711589538,NaN,0.9687630711589538,1.0041211334535152
TSC_hom,OFT-0720-00,medium,4.2917483765573605,741,1.0079668786479843,0.9175790720888423,0.9103266104533296,0.9067003796355733,0.9121397258622077,0.9175790720888423,NaN,0.9103266104533296,NaN,0.9103266104533296,1.0079668786479843
TSC_hom,OFT-0720-00,slow,3.510185026210113,742,0.9969334741244961,0.9587820453657958,0.9617312190342443,0.9632058058684685,0.960993925617132,0.9587820453657958,NaN,0.9617312190342443,NaN,0.9617312190342443,0.9969334741244961
TSC_hom,OFT-0721-00,slow,2.8918326368007334,743,1.025042180828865,0.6241432680724008,0.6088952042614567,0.6012711723559847,0.6127072202141929,0.6241432680724008,NaN,0.6088952042614567,NaN,0.6088952042614567,1.025042180828865
TSC_hom,OFT-0721-00,medium,3.360405552452287,744,1.0033612268782057,0.9472566630878311,0.9440833846401113,0.9424967454162513,0.9448767042520412,0.9472566630878311,NaN,0.9440833846401113,NaN,0.9440833846401113,1.0033612268782057
TSC_hom,OFT-0721-00,fast,3.864654357138974,745,1.0081587958699358,0.7878261266746748,0.7814504321165626,0.7782625848375064,0.7830443557560907,0.7878261266746748,NaN,0.7814504321165626,NaN,0.7814504321165626,1.0081587958699358
TSC_hom,OFT-0722-00,medium,4.3775790162949475,746,0.9978095706244965,0.951303717166506,0.9533920551304353,0.9544362241124001,0.952869970639453,0.951303717166506,NaN,0.9533920551304353,NaN,0.9533920551304353,0.9978095706244965
TSC_hom,OFT-0722-00,fast,5.160962896504915,747,1.0060511944164832,0.7701627358103162,0.7655303627535734,0.763214176225202,0.7666884560177591,0.7701627358103162,NaN,0.7655303627535734,NaN,0.7655303627535734,1.0060511944164832
TSC_hom,OFT-0722-00,slow,3.4717623729315528,748,1.0021014144015656,0.9357331316392367,0.9337708920389433,0.9327897722387966,0.9342614519390167,0.9357331316392367,NaN,0.9337708920389433,NaN,0.9337708920389433,1.0021014144015656
TSC_hom,OFT-0723-00,medium,4.048372801928119,749,0.9971562725046937,0.8391489718879618,0.8415420882628122,0.8427386464502375,0.8409438091690997,0.8391489718879618,NaN,0.8415420882628122,NaN,0.8415420882628122,0.9971562725046937
TSC_hom,OFT-0723-00,fast,5.009729650333349,750,0.998204552405368,0.9723295056806577,0.9740784124232259,0.9749528657945101,0.973641185737584,0.9723295056806577,NaN,0.9740784124232259,NaN,0.9740784124232259,0.998204552405368
TSC_hom,OFT-0723-00,slow,3.436502943616843,751,0.979960848299122,0.8624833103797773,0.8801201720219276,0.8889386028430026,0.8757109566113899,0.8624833103797773,NaN,0.8801201720219276,NaN,0.8801201720219276,0.979960848299122
TSC_hom,OFT-0724,slow,3.143334243234634,752,1.0535476735536142,0.7279793928726316,0.6909790711389059,0.672478910272043,0.7002291515723371,0.7279793928726316,NaN,0.6909790711389059,NaN,0.6909790711389059,1.0535476735536142
TSC_hom,OFT-0724,medium,3.735697665874264,753,1.0221617302027153,0.8243641563227522,0.8064909220963146,0.7975543049830955,0.8109592306529239,0.8243641563227522,NaN,0.8064909220963146,NaN,0.8064909220963146,1.0221617302027153
TSC_hom,OFT-0724,fast,4.4360503884372955,754,1.007236895424711,0.907599695352423,0.9010786831530084,0.897818177053301,0.902708936202862,0.907599695352423,NaN,0.9010786831530084,NaN,0.9010786831530084,1.007236895424711
TSC_hom,OFT-0725,slow,3.1749747135507818,755,1.0034487600049902,0.7446601286665677,0.742100801104049,0.7408211373227896,0.7427406329946787,0.7446601286665677,NaN,0.742100801104049,NaN,0.742100801104049,1.0034487600049902
TSC_hom,OFT-0725,fast,4.151262267721303,756,1.0381628515077794,0.8042219810908835,0.7746587926189701,0.7598771983830133,0.7820495897369484,0.8042219810908835,NaN,0.7746587926189701,NaN,0.7746587926189701,1.0381628515077794
TSC_hom,OFT-0725,medium,3.6136076728197164,757,1.023380557172636,0.8302973431120007,0.8113280414530449,0.801843390623567,0.8160703668677838,0.8302973431120007,NaN,0.8113280414530449,NaN,0.8113280414530449,1.023380557172636
TSC_hom,OFT-0726,slow,3.062427809127427,758,1.012816813366975,0.7466671764412798,0.7372183859775036,0.7324939907456153,0.7395805835934475,0.7466671764412798,NaN,0.7372183859775036,NaN,0.7372183859775036,1.012816813366975
TSC_hom,OFT-0726,fast,4.159740031334075,759,1.0073330138889405,0.9550798260817503,0.9481271961836534,0.9446508812346048,0.9498653536581774,0.9550798260817503,NaN,0.9481271961836534,NaN,0.9481271961836534,1.0073330138889405
TSC_hom,OFT-0726,medium,3.5305445710553554,760,1.0041399611887927,0.8352212714171542,0.8317777438399553,0.8300559800513561,0.8326386257342551,0.8352212714171542,NaN,0.8317777438399553,NaN,0.8317777438399553,1.0041399611887927
TSC_hom,OFT-0727,slow,3.119510835924248,761,1.0045095238739863,0.7894927583579121,0.7859485048117397,0.7841763780386535,0.7868345681982829,0.7894927583579121,NaN,0.7859485048117397,NaN,0.7859485048117397,1.0045095238739863
TSC_hom,OFT-0727,fast,4.402085359725621,762,1.0074446663099825,0.7934366650763827,0.7875734435942198,0.7846418328531383,0.7890392489647606,0.7934366650763827,NaN,0.7875734435942198,NaN,0.7875734435942198,1.0074446663099825
TSC_hom,OFT-0727,medium,3.684041538129281,763,0.9997635111303971,0.8808891153967164,0.8810974851449883,0.8812016700191242,0.8810453927079205,0.8808891153967164,NaN,0.8810974851449883,NaN,0.8810974851449883,0.9997635111303971
TSC_hom,OFT-0728,medium,3.474509581568369,764,0.9987442527054663,0.8576534844930628,0.8587318346711811,0.8592710097602403,0.8584622471266514,0.8576534844930628,NaN,0.8587318346711811,NaN,0.8587318346711811,0.9987442527054663
TSC_hom,OFT-0728,slow,2.9918452689252013,765,0.9963513513508215,0.9586268859006358,0.9621373871786895,0.9638926378177165,0.9612597618591762,0.9586268859006358,NaN,0.9621373871786895,NaN,0.9621373871786895,0.9963513513508215
TSC_hom,OFT-0728,fast,4.0324830061633365,766,1.0150833289741616,0.8398957712090402,0.8274155896716725,0.8211754989029887,0.8305356350560145,0.8398957712090402,NaN,0.8274155896716725,NaN,0.8274155896716725,1.0150833289741616
TSC_hom,OFT-0729,medium,3.521225547208897,767,1.002480759103671,0.9360762020492203,0.9337597690016276,0.9326015524778315,0.9343388772635257,0.9360762020492203,NaN,0.9337597690016276,NaN,0.9337597690016276,1.002480759103671
TSC_hom,OFT-0729,fast,4.194815010893008,768,1.01896081542467,0.9678702334296001,0.9498601111822174,0.9408550500585259,0.9543626417440629,0.9678702334296001,NaN,0.9498601111822174,NaN,0.9498601111822174,1.01896081542467
TSC_hom,OFT-0729,slow,3.066159506008148,769,1.0220761189205234,0.9018809634003327,0.8824009745505687,0.8726609801256865,0.8872709717630096,0.9018809634003327,NaN,0.8824009745505687,NaN,0.8824009745505687,1.0220761189205234
TSC_hom,OFT-0730,medium,3.6605706809216296,770,1.0019077685338391,0.9042188293297586,0.9024970738104611,0.9016361960508121,0.9029275126902853,0.9042188293297586,NaN,0.9024970738104611,NaN,0.9024970738104611,1.0019077685338391
TSC_hom,OFT-0730,slow,3.1173750404267095,771,1.0044201760350238,0.9105616946333153,0.9065545638756308,0.9045509984967883,0.9075563465650519,0.9105616946333153,NaN,0.9065545638756308,NaN,0.9065545638756308,1.0044201760350238
TSC_hom,OFT-0730,fast,4.445184062788305,772,1.0062688358055867,0.8971264660199169,0.8915375634203221,0.8887431121205248,0.8929347890702208,0.8971264660199169,NaN,0.8915375634203221,NaN,0.8915375634203221,1.0062688358055867
TSC_hom,OFT-0731,slow,3.2381807178385205,773,1.0154350380880868,0.8940160728516031,0.8804266539146636,0.8736319444461937,0.8838240086488984,0.8940160728516031,NaN,0.8804266539146636,NaN,0.8804266539146636,1.0154350380880868
TSC_hom,OFT-0731,medium,3.861561905182575,774,1.0142830598592492,0.9538775749175276,0.9404451406788712,0.933728923559543,0.9438032492385355,0.9538775749175276,NaN,0.9404451406788712,NaN,0.9404451406788712,1.0142830598592492
TSC_hom,OFT-0731,fast,4.751799879022874,775,1.0032725991842117,0.8652018921192349,0.8623796691175999,0.8609685576167825,0.8630852248680088,0.8652018921192349,NaN,0.8623796691175999,NaN,0.8623796691175999,1.0032725991842117
TSC_hom,OFT-0732,fast,4.319397973386574,776,1.0077015115164867,0.9665697691892886,0.9591826132469534,0.9554890352757859,0.9610294022325372,0.9665697691892886,NaN,0.9591826132469534,NaN,0.9591826132469534,1.0077015115164867
TSC_hom,OFT-0732,medium,3.6182591972858584,777,1.0023728086818346,0.7904696455274005,0.7885984522733649,0.7876628556463471,0.7890662505868737,0.7904696455274005,NaN,0.7885984522733649,NaN,0.7885984522733649,1.0023728086818346
TSC_hom,OFT-0732,slow,2.9959496453155277,778,0.9791871038213594,0.9299153751968607,0.9496809869817406,0.9595637928741807,0.9447395840355206,0.9299153751968607,NaN,0.9496809869817406,NaN,0.9496809869817406,0.9791871038213594
TSC_hom,OFT-0733,medium,3.807948976343256,779,1.0030034045098914,0.8248406512623788,0.8223707392752367,0.8211357832816657,0.8229882172720222,0.8248406512623788,NaN,0.8223707392752367,NaN,0.8223707392752367,1.0030034045098914
TSC_hom,OFT-0733,fast,4.596689349814845,780,1.0300453541507406,0.9826356554189613,0.953973192985402,0.9396419617686225,0.9611388085937917,0.9826356554189613,NaN,0.953973192985402,NaN,0.953973192985402,1.0300453541507406
TSC_hom,OFT-0733,slow,3.2204482585735263,781,0.9935827425485976,0.8532105355459288,0.8587211703751961,0.8614764877898295,0.8573435116678793,0.8532105355459288,NaN,0.8587211703751961,NaN,0.8587211703751961,0.9935827425485976
TSC_hom,OFT-0734,fast,4.22774525049254,782,1.0072431349326278,0.9575576955928865,0.9506718510987273,0.9472289288516478,0.9523933122222672,0.9575576955928865,NaN,0.9506718510987273,NaN,0.9506718510987273,1.0072431349326278
TSC_hom,OFT-0734,slow,3.0570627770564403,783,0.9891773023929987,0.7760239853614691,0.784514549094613,0.788759830961185,0.782391908161327,0.7760239853614691,NaN,0.784514549094613,NaN,0.784514549094613,0.9891773023929987
TSC_hom,OFT-0734,medium,3.5608698192515638,784,1.0001116488067907,0.9200542333404024,0.9199515218506825,0.9199001661058228,0.9199771997231125,0.9200542333404024,NaN,0.9199515218506825,NaN,0.9199515218506825,1.0001116488067907
TSC_hom,OFT-0735,slow,3.23906955757152,785,0.9985696719029655,0.8979768783036336,0.899263119610239,0.8999062402635418,0.8989415592835877,0.8979768783036336,NaN,0.899263119610239,NaN,0.899263119610239,0.9985696719029655
TSC_hom,OFT-0735,medium,3.9333953074897616,786,1.0083157508449319,0.8898878534662531,0.8825487975572727,0.8788792696027824,0.8843835615345179,0.8898878534662531,NaN,0.8825487975572727,NaN,0.8825487975572727,1.0083157508449319
TSC_hom,OFT-0735,fast,4.712891580538832,787,1.0010101608987112,0.9733121789448648,0.9723299692293043,0.9718388643715239,0.9725755216581944,0.9733121789448648,NaN,0.9723299692293043,NaN,0.9723299692293043,1.0010101608987112
TSC_neg,OFT-0360-00,fast,5.330132458851055,788,0.9972134433800163,0.9221154257563912,0.9246921327403256,0.9259804862322925,0.9240479559943418,0.9221154257563912,NaN,0.9246921327403256,NaN,0.9246921327403256,0.9972134433800163
TSC_neg,OFT-0360-00,slow,3.267205030025068,789,1.0039670324651506,0.8759403651903583,0.8724792118318524,0.8707486351525995,0.8733445001714788,0.8759403651903583,NaN,0.8724792118318524,NaN,0.8724792118318524,1.0039670324651506
TSC_neg,OFT-0360-00,medium,4.049208518459708,790,0.9973220552759989,0.859267490699223,0.8615747402291523,0.8627283649941169,0.86099792784667,0.859267490699223,NaN,0.8615747402291523,NaN,0.8615747402291523,0.9973220552759989
TSC_neg,OFT-0362-00,slow,3.6925671328831435,791,0.9997944736430544,0.967845343549085,0.9680443021678715,0.9681437814772648,0.967994562513175,0.967845343549085,NaN,0.9680443021678715,NaN,0.9680443021678715,0.9997944736430544
TSC_neg,OFT-0362-00,fast,5.678894838711607,792,1.0032327925000581,0.9512399218183925,0.9481746698569339,0.9466420438762045,0.9489409828472986,0.9512399218183925,NaN,0.9481746698569339,NaN,0.9481746698569339,1.0032327925000581
TSC_neg,OFT-0362-00,medium,4.539652128953623,793,1.0042784925867276,0.9014727719453723,0.8976322589797201,0.8957120024968936,0.898592387221133,0.9014727719453723,NaN,0.8976322589797201,NaN,0.8976322589797201,1.0042784925867276
TSC_neg,OFT-0363-00,fast,4.820957903590342,794,1.0165340577996087,0.9271826671154145,0.9121019212306528,0.9045615482882718,0.915872107701843,0.9271826671154145,NaN,0.9121019212306528,NaN,0.9121019212306528,1.0165340577996087
TSC_neg,OFT-0363-00,medium,4.11017033780263,795,0.9953925255371319,0.9532402427756237,0.9576526026868023,0.9598587826423917,0.9565495127090077,0.9532402427756237,NaN,0.9576526026868023,NaN,0.9576526026868023,0.9953925255371319
TSC_neg,OFT-0363-00,slow,3.3469110428648343,796,1.0058532149415618,0.9075869077927852,0.902305519643355,0.89966482556864,0.9036258666807125,0.9075869077927852,NaN,0.902305519643355,NaN,0.902305519643355,1.0058532149415618
TSC_neg,OFT-0368-00,fast,5.795023305919859,797,0.997570352492596,0.9523178899993453,0.9546373221896783,0.9557970382848449,0.9540574641420951,0.9523178899993453,NaN,0.9546373221896783,NaN,0.9546373221896783,0.997570352492596
TSC_neg,OFT-0368-00,medium,4.3227185397035255,798,0.9883234885518772,0.8487841720056063,0.8588121013386737,0.8638260660052073,0.8563051190054067,0.8487841720056063,NaN,0.8588121013386737,NaN,0.8588121013386737,0.9883234885518772
TSC_neg,OFT-0368-00,slow,3.249932039280063,799,0.9796376414061572,0.9276563123685826,0.9469382077203962,0.9565791553963028,0.9421177338824427,0.9276563123685826,NaN,0.9469382077203962,NaN,0.9469382077203962,0.9796376414061572
TSC_neg,OFT-0369-00,slow,3.2502842659538906,800,0.9971326078382019,0.8620515048392752,0.8645304526829339,0.8657699266047636,0.8639107157220193,0.8620515048392752,NaN,0.8645304526829339,NaN,0.8645304526829339,0.9971326078382019
TSC_neg,OFT-0369-00,medium,3.8451550033609245,801,0.9948444340211207,0.8849121803817754,0.8894980462472876,0.8917909791800438,0.8883515797809096,0.8849121803817754,NaN,0.8894980462472876,NaN,0.8894980462472876,0.9948444340211207
TSC_neg,OFT-0369-00,fast,4.56797458129323,802,0.9969083623488161,0.9440488123912373,0.9469765206572885,0.9484403747903141,0.9462445935907757,0.9440488123912373,NaN,0.9469765206572885,NaN,0.9469765206572885,0.9969083623488161
TSC_neg,OFT-0372-00,fast,5.158715572056715,803,1.0003786427303223,0.9596295535748565,0.9592663343509117,0.9590847247389392,0.9593571391568979,0.9596295535748565,NaN,0.9592663343509117,NaN,0.9592663343509117,1.0003786427303223
TSC_neg,OFT-0372-00,medium,3.900714998083419,804,1.0013354398293535,0.9920352149910004,0.9907121784884215,0.9900506602371322,0.9910429376140664,0.9920352149910004,NaN,0.9907121784884215,NaN,0.9907121784884215,1.0013354398293535
TSC_neg,OFT-0372-00,slow,3.1471135993067465,805,0.9880826483591337,0.7428400180881234,0.7517994768167681,0.7562792061810906,0.7495596121346071,0.7428400180881234,NaN,0.7517994768167681,NaN,0.7517994768167681,0.9880826483591337
TSC_neg,OFT-0377-00,fast,5.353073323389565,806,0.9996495251231756,0.8034040289726774,0.8036857006196075,0.8038265364430726,0.8036152827078749,0.8034040289726774,NaN,0.8036857006196075,NaN,0.8036857006196075,0.9996495251231756
TSC_neg,OFT-0377-00,medium,4.144172229948712,807,1.0115266287939761,0.9298679680614953,0.9192718625412354,0.9139738097811054,0.9219208889213004,0.9298679680614953,NaN,0.9192718625412354,NaN,0.9192718625412354,1.0115266287939761
TSC_neg,OFT-0377-00,slow,3.368037027049206,808,1.0312781413439647,0.7294088960526857,0.7072862953365014,0.6962249949784095,0.7128169455155476,0.7294088960526857,NaN,0.7072862953365014,NaN,0.7072862953365014,1.0312781413439647
TSC_neg,OFT-0379-00,fast,5.927765452999292,809,1.0016435113450572,0.8195483464097733,0.8182036194785932,0.817531256013003,0.818539801211388,0.8195483464097733,NaN,0.8182036194785932,NaN,0.8182036194785932,1.0016435113450572
TSC_neg,OFT-0379-00,slow,3.5900721460246237,810,0.9517375771531623,0.6265353918470281,0.6583068766929651,0.6741926191159335,0.6503640054814808,0.6265353918470281,NaN,0.6583068766929651,NaN,0.6583068766929651,0.9517375771531623
TSC_neg,OFT-0379-00,medium,4.491431419031593,811,1.00761834470301,0.8784575287899473,0.8718157359956243,0.8684948395984631,0.8734761841942054,0.8784575287899473,NaN,0.8718157359956243,NaN,0.8718157359956243,1.00761834470301
TSC_neg,OFT-0380-00,medium,4.252883277820765,812,0.9973445029470793,0.9600567769117337,0.9626129928774229,0.9638911008602674,0.9619739388860006,0.9600567769117337,NaN,0.9626129928774229,NaN,0.9626129928774229,0.9973445029470793
TSC_neg,OFT-0380-00,fast,4.92405446429917,813,0.9987271957885698,0.9162075315085801,0.91737517048904,0.9179589899792698,0.917083260743925,0.9162075315085801,NaN,0.91737517048904,NaN,0.91737517048904,0.9987271957885698
TSC_neg,OFT-0380-00,slow,3.49732949206191,814,0.9972866230675052,0.9593581600614577,0.961968342772527,0.9632734341280615,0.9613157970947597,0.9593581600614577,NaN,0.961968342772527,NaN,0.961968342772527,0.9972866230675052
TSC_neg,OFT-0381-00,fast,5.670017525654937,815,1.0056112770585393,0.847075353211644,0.8423487012689233,0.8399853752975628,0.8435303642546033,0.847075353211644,NaN,0.8423487012689233,NaN,0.8423487012689233,1.0056112770585393
TSC_neg,OFT-0381-00,medium,4.564732682984865,816,0.9933094548579929,0.8163009338255696,0.8217992185952472,0.8245483609800861,0.8204246474028278,0.8163009338255696,NaN,0.8217992185952472,NaN,0.8217992185952472,0.9933094548579929
TSC_neg,OFT-0381-00,slow,3.658472278688121,817,0.9971988620582038,0.8688019229932722,0.8712423931171339,0.8724626281790651,0.8706322755861686,0.8688019229932722,NaN,0.8712423931171339,NaN,0.8712423931171339,0.9971988620582038
TSC_neg,OFT-0382-00,fast,5.596489599806826,818,0.9954248342136448,0.9902711324052214,0.9948226107775433,0.9970983499637041,0.9936847411844627,0.9902711324052214,NaN,0.9948226107775433,NaN,0.9948226107775433,0.9954248342136448
TSC_neg,OFT-0382-00,medium,4.50198988434867,819,0.9983539517126458,0.8618468142325038,0.86326779470751,0.8639782849450135,0.8629125495887586,0.8618468142325038,NaN,0.86326779470751,NaN,0.86326779470751,0.9983539517126458
TSC_neg,OFT-0382-00,slow,3.4949744254051405,820,1.0082953300298108,0.9965215705967196,0.9883231042707071,0.9842238711077007,0.9903727208522103,0.9965215705967196,NaN,0.9883231042707071,NaN,0.9883231042707071,1.0082953300298108
TSC_neg,OFT-0386-00,fast,6.041914740473939,821,0.9960536042276289,0.9384654599581772,0.9421836896879587,0.9440428045528495,0.9412541322555132,0.9384654599581772,NaN,0.9421836896879587,NaN,0.9421836896879587,0.9960536042276289
TSC_neg,OFT-0386-00,slow,3.467315961453649,822,1.001668694242178,0.9345971037257976,0.9330401450081017,0.9322616656492537,0.9334293846875257,0.9345971037257976,NaN,0.9330401450081017,NaN,0.9330401450081017,1.001668694242178
TSC_neg,OFT-0386-00,medium,4.493808454780127,823,0.99211126782017,0.9295077306998796,0.9368986734140813,0.9405941447711821,0.9350509377355309,0.9295077306998796,NaN,0.9368986734140813,NaN,0.9368986734140813,0.99211126782017
TSC_neg,OFT-0394-00,medium,4.163803686243475,824,1.0019253198793876,0.8496738252901281,0.8480410749499897,0.8472246997799207,0.8484492625350243,0.8496738252901281,NaN,0.8480410749499897,NaN,0.8480410749499897,1.0019253198793876
TSC_neg,OFT-0394-00,slow,3.356175640647348,825,1.003616448693476,0.7945209422206401,0.7916579518549743,0.7902264566721415,0.7923736994463908,0.7945209422206401,NaN,0.7916579518549743,NaN,0.7916579518549743,1.003616448693476
TSC_neg,OFT-0394-00,fast,5.172792567830538,826,1.0060873290399954,0.967356666997756,0.9615036777381979,0.9585771831084184,0.9629669250530872,0.967356666997756,NaN,0.9615036777381979,NaN,0.9615036777381979,1.0060873290399954
TSC_neg,OFT-0395-00,medium,3.8989937028413486,827,0.9993155681709597,0.9470536150737363,0.9477022526599099,0.9480265714529965,0.9475400932633664,0.9470536150737363,NaN,0.9477022526599099,NaN,0.9477022526599099,0.9993155681709597
TSC_neg,OFT-0395-00,fast,4.419080811771218,828,1.0080991424586474,0.832413064443196,0.8257253968226065,0.8223815630123115,0.8273973137277537,0.832413064443196,NaN,0.8257253968226065,NaN,0.8257253968226065,1.0080991424586474
TSC_neg,OFT-0395-00,slow,3.378954680584298,829,0.9966859014559923,0.8121320264472001,0.8148324615215388,0.8161826790587081,0.8141573527529541,0.8121320264472001,NaN,0.8148324615215388,NaN,0.8148324615215388,0.9966859014559923
TSC_neg,OFT-0398-00,medium,3.586811612054537,830,1.0032444401152132,0.8337270535598846,0.8310308238181104,0.8296827089472236,0.8317048812535541,0.8337270535598846,NaN,0.8310308238181104,NaN,0.8310308238181104,1.0032444401152132
TSC_neg,OFT-0398-00,slow,3.1226241219095843,831,0.9909419356240173,0.94703147654157,0.9556881614311782,0.9600165038759825,0.9535239902087762,0.94703147654157,NaN,0.9556881614311782,NaN,0.9556881614311782,0.9909419356240173
TSC_neg,OFT-0398-00,fast,4.318956599409392,832,1.0014571455129135,0.8522865419191075,0.8510464434128076,0.8504263941596575,0.8513564680393824,0.8522865419191075,NaN,0.8510464434128076,NaN,0.8510464434128076,1.0014571455129135
TSC_neg,OFT-0399-00,medium,3.6269047265541317,833,0.9974994840213929,0.9122399077263739,0.9145266963434434,0.9156700906519779,0.913954999189176,0.9122399077263739,NaN,0.9145266963434434,NaN,0.9145266963434434,0.9974994840213929
TSC_neg,OFT-0399-00,slow,3.036732582737281,834,1.0213191509295407,0.757868950086744,0.7420490934660132,0.7341391651556478,0.7460040576211959,0.757868950086744,NaN,0.7420490934660132,NaN,0.7420490934660132,1.0213191509295407
TSC_neg,OFT-0399-00,fast,4.432517196788314,835,1.0150079719393132,0.9701754139223243,0.9558303390156335,0.948657801562288,0.9594166077423061,0.9701754139223243,NaN,0.9558303390156335,NaN,0.9558303390156335,1.0150079719393132
TSC_neg,OFT-0410-00,fast,4.834772504393114,836,1.000551564189493,0.9103083785506682,0.9098065618317959,0.9095556534723597,0.9099320160115139,0.9103083785506682,NaN,0.9098065618317959,NaN,0.9098065618317959,1.000551564189493
TSC_neg,OFT-0410-00,medium,3.949584511105879,837,1.000263003595776,0.9112113097848762,0.9109717209466169,0.9108519265274871,0.9110316181561817,0.9112113097848762,NaN,0.9109717209466169,NaN,0.9109717209466169,1.000263003595776
TSC_neg,OFT-0410-00,slow,3.2474605732015642,838,1.0030814497457767,0.9845936529862408,0.9815689974485906,0.9800566696797652,0.9823251613330031,0.9845936529862408,NaN,0.9815689974485906,NaN,0.9815689974485906,1.0030814497457767
TSC_neg,OFT-0411-00,fast,5.299422410096592,839,1.0072689286921483,0.9600332335942746,0.9531051800047031,0.9496411532099174,0.9548371934020958,0.9600332335942746,NaN,0.9531051800047031,NaN,0.9531051800047031,1.0072689286921483
TSC_neg,OFT-0411-00,slow,3.429345495887322,840,1.0157392442428335,0.9617954960727898,0.9468921295738109,0.9394404463243211,0.9506179711985555,0.9617954960727898,NaN,0.9468921295738109,NaN,0.9468921295738109,1.0157392442428335
TSC_neg,OFT-0411-00,medium,4.294658868221697,841,1.047070691352391,0.8542257488515812,0.8158243334538069,0.7966236257549197,0.8254246873032505,0.8542257488515812,NaN,0.8158243334538069,NaN,0.8158243334538069,1.047070691352391
TSC_neg,OFT-0414-00,fast,4.653667463015169,842,0.9989033390460019,0.8999012648623146,0.9008892349101177,0.9013832199340193,0.900642242398167,0.8999012648623146,NaN,0.9008892349101177,NaN,0.9008892349101177,0.9989033390460019
TSC_neg,OFT-0414-00,medium,3.853838454251645,843,0.9998275813211376,0.8854977028292421,0.8856504055020927,0.8857267568385181,0.88561222983388,0.8854977028292421,NaN,0.8856504055020927,NaN,0.8856504055020927,0.9998275813211376
TSC_neg,OFT-0414-00,slow,3.173847505344554,844,1.0101243762961793,0.9071744049834192,0.8980818860245244,0.8935356265450771,0.9003550157642481,0.9071744049834192,NaN,0.8980818860245244,NaN,0.8980818860245244,1.0101243762961793
TSC_neg,OFT-0415-00,medium,3.5958888925656343,845,0.996411573206209,0.9681374970693779,0.9716240990197936,0.9733673999950017,0.9707524485321897,0.9681374970693779,NaN,0.9716240990197936,NaN,0.9716240990197936,0.996411573206209
TSC_neg,OFT-0415-00,fast,4.559592510788851,846,0.9803676079906699,0.674552905994409,0.6880611930630297,0.6948153365973401,0.6846841212958745,0.674552905994409,NaN,0.6880611930630297,NaN,0.6880611930630297,0.9803676079906699
TSC_neg,OFT-0415-00,slow,2.9984687716111673,847,1.0074699801127192,0.9557469135148728,0.9486604389025475,0.9451172015963845,0.9504320575556287,0.9557469135148728,NaN,0.9486604389025475,NaN,0.9486604389025475,1.0074699801127192
TSC_neg,OFT-0456-00,medium,4.404837717723942,848,1.0145073881172681,0.8399078817381366,0.8278972549395083,0.8218919415401942,0.8308999116391653,0.8399078817381366,NaN,0.8278972549395083,NaN,0.8278972549395083,1.0145073881172681
TSC_neg,OFT-0456-00,fast,5.346499684865495,849,0.9895161622941585,0.8879143554682677,0.8973217308645767,0.9020254185627312,0.8949698870154994,0.8879143554682677,NaN,0.8973217308645767,NaN,0.8973217308645767,0.9895161622941585
TSC_neg,OFT-0456-00,slow,3.5851980316460677,850,1.0148783765370233,0.7845174261001967,0.7730162000072696,0.767265586960806,0.7758915065305014,0.7845174261001967,NaN,0.7730162000072696,NaN,0.7730162000072696,1.0148783765370233
TSC_neg,OFT-0457-00,medium,3.558863341796384,851,0.9935029346819562,0.9316958226373127,0.9377886970566127,0.9408351342662626,0.9362654784517876,0.9316958226373127,NaN,0.9377886970566127,NaN,0.9377886970566127,0.9935029346819562
TSC_neg,OFT-0457-00,slow,3.072339781767168,852,1.0045955785709233,0.8276914252546568,0.8239051046114302,0.8220119442898168,0.8248516847722368,0.8276914252546568,NaN,0.8239051046114302,NaN,0.8239051046114302,1.0045955785709233
TSC_neg,OFT-0457-00,fast,4.263613906697946,853,0.9993782022378206,0.8674884318143555,0.8680281697878383,0.8682980387745796,0.8678932352944676,0.8674884318143555,NaN,0.8680281697878383,NaN,0.8680281697878383,0.9993782022378206
TSC_neg,OFT-0458-00,fast,5.562909010612005,854,1.013360700843638,0.8771467484340605,0.8655819667210527,0.8597995758645486,0.8684731621493047,0.8771467484340605,NaN,0.8655819667210527,NaN,0.8655819667210527,1.013360700843638
TSC_neg,OFT-0458-00,slow,3.692850057131353,855,1.0266551184754686,0.9481340605498654,0.9235175897800977,0.9112093543952138,0.9296717074725396,0.9481340605498654,NaN,0.9235175897800977,NaN,0.9235175897800977,1.0266551184754686
TSC_neg,OFT-0458-00,medium,4.561727246251197,856,1.0180560485336083,0.9405485923115419,0.9238672012865039,0.9155265057739848,0.9280375490427633,0.9405485923115419,NaN,0.9238672012865039,NaN,0.9238672012865039,1.0180560485336083
TSC_neg,OFT-0460-00,slow,4.4721081410527574,857,1.0190341440098987,0.9354088298865011,0.9179366907233039,0.909200621141705,0.922304725514103,0.9354088298865011,NaN,0.9179366907233039,NaN,0.9179366907233039,1.0190341440098987
TSC_neg,OFT-0460-00,medium,5.620861277078143,858,1.0366642823771404,0.9843110693617283,0.9494983921936977,0.9320920536096825,0.9582015614857053,0.9843110693617283,NaN,0.9494983921936977,NaN,0.9494983921936977,1.0366642823771404
TSC_neg,OFT-0460-00,fast,6.892108258609201,859,1.0056052478495563,0.8378960610748794,0.8332256249325312,0.8308904068613568,0.8343932339681179,0.8378960610748794,NaN,0.8332256249325312,NaN,0.8332256249325312,1.0056052478495563
TSC_neg,OFT-0469-00,slow,3.8380231773479263,860,0.9897524229349578,0.7727482599192015,0.7807490459358877,0.7847494389442307,0.7787488494317161,0.7727482599192015,NaN,0.7807490459358877,NaN,0.7807490459358877,0.9897524229349578
TSC_neg,OFT-0469-00,fast,6.130687959793423,861,0.9999786841439974,0.9496096021051845,0.949629844278201,0.9496399653647095,0.949624783734947,0.9496096021051845,NaN,0.949629844278201,NaN,0.949629844278201,0.9999786841439974
TSC_neg,OFT-0469-00,medium,5.096794196602124,862,0.9991222119416563,0.9078987807217458,0.9086964235910336,0.9090952450256773,0.9084970128737115,0.9078987807217458,NaN,0.9086964235910336,NaN,0.9086964235910336,0.9991222119416563
TSC_neg,OFT-0471-00,medium,4.583237487361451,863,1.0024443363650895,0.8010021614931224,0.7990490169235672,0.7980724446387897,0.7995373030659562,0.8010021614931224,NaN,0.7990490169235672,NaN,0.7990490169235672,1.0024443363650895
TSC_neg,OFT-0471-00,fast,5.821028573895502,864,0.999238263010118,0.9372497053980532,0.9379641874147917,0.9383214284231611,0.9377855669106071,0.9372497053980532,NaN,0.9379641874147917,NaN,0.9379641874147917,0.999238263010118
TSC_neg,OFT-0471-00,slow,3.584359872762439,865,0.9997016535350286,0.9484166411519841,0.9486996823485323,0.9488412029468061,0.9486289220493951,0.9484166411519841,NaN,0.9486996823485323,NaN,0.9486996823485323,0.9997016535350286
TSC_neg,OFT-0472-00,medium,3.573636655891582,866,0.989827854839227,0.7693538338104902,0.7772602377768533,0.7812134397600348,0.7752836367852625,0.7693538338104902,NaN,0.7772602377768533,NaN,0.7772602377768533,0.989827854839227
TSC_neg,OFT-0472-00,fast,4.207579016589428,867,0.9955475219231407,0.8740409422442423,0.877949995351122,0.8799045219045616,0.8769727320744021,0.8740409422442423,NaN,0.877949995351122,NaN,0.877949995351122,0.9955475219231407
TSC_neg,OFT-0472-00,slow,3.0482729781192983,868,0.9851018147777586,0.9285300151894751,0.9425726369197216,0.9495939477848446,0.9390619814871598,0.9285300151894751,NaN,0.9425726369197216,NaN,0.9425726369197216,0.9851018147777586
TSC_neg,OFT-0473-00,slow,3.7609669089355715,869,1.0111757807916022,0.8875033485292823,0.8776944279999442,0.8727899677352751,0.8801466581322785,0.8875033485292823,NaN,0.8776944279999442,NaN,0.8776944279999442,1.0111757807916022
TSC_neg,OFT-0473-00,medium,4.56776113523638,870,1.0052430436872977,0.8672838819209427,0.8627603914966557,0.8604986462845123,0.8638912641027275,0.8672838819209427,NaN,0.8627603914966557,NaN,0.8627603914966557,1.0052430436872977
TSC_neg,OFT-0473-00,fast,5.4585240705834845,871,0.9977907685380544,0.9569605726217523,0.9590794010089653,0.9601388152025717,0.9585496939121619,0.9569605726217523,NaN,0.9590794010089653,NaN,0.9590794010089653,0.9977907685380544
TSC_neg,OFT-0474-00,medium,4.265780260858688,872,0.9990229422761691,0.9318884764762573,0.9327998757996959,0.9332555754614154,0.9325720259688364,0.9318884764762573,NaN,0.9327998757996959,NaN,0.9327998757996959,0.9990229422761691
TSC_neg,OFT-0474-00,fast,5.586847795680023,873,1.001831835216253,0.8514047138076872,0.8498479324365901,0.8490695417510414,0.8502371277793643,0.8514047138076872,NaN,0.8498479324365901,NaN,0.8498479324365901,1.001831835216253
TSC_neg,OFT-0474-00,slow,3.3624738269205303,874,1.005425928496745,0.9067337181920336,0.9018403966841492,0.8993937359302071,0.9030637270611204,0.9067337181920336,NaN,0.9018403966841492,NaN,0.9018403966841492,1.005425928496745
TSC_neg,OFT-0476-00,fast,6.364510273348619,875,1.004557419623652,0.8658655457755093,0.8619373356476704,0.8599732305837509,0.8629193881796302,0.8658655457755093,NaN,0.8619373356476704,NaN,0.8619373356476704,1.004557419623652
TSC_neg,OFT-0476-00,slow,3.635574703641064,876,0.9999248308720121,0.9531715029148586,0.9532431573717587,0.9532789846002085,0.9532252437575335,0.9531715029148586,NaN,0.9532431573717587,NaN,0.9532431573717587,0.9999248308720121
TSC_neg,OFT-0476-00,medium,4.840982695502038,877,0.9986926423067516,0.94670638948182,0.9479456935770997,0.9485653456247396,0.9476358675532798,0.94670638948182,NaN,0.9479456935770997,NaN,0.9479456935770997,0.9986926423067516
TSC_neg,OFT-0481-00,slow,3.4198013140756256,878,1.007084083087681,0.8833523179795423,0.8771385952910884,0.8740317339468612,0.8786920259632018,0.8833523179795423,NaN,0.8771385952910884,NaN,0.8771385952910884,1.007084083087681
TSC_neg,OFT-0481-00,medium,4.217475178468248,879,1.0044180175377084,0.8861641244721521,0.8822662566772238,0.8803173227797593,0.8832407236259557,0.8861641244721521,NaN,0.8822662566772238,NaN,0.8822662566772238,1.0044180175377084
TSC_neg,OFT-0481-00,fast,4.984708125097997,880,0.996558258244757,0.9184205285914413,0.9215924116760218,0.923178353218312,0.9207994409048768,0.9184205285914413,NaN,0.9215924116760218,NaN,0.9215924116760218,0.996558258244757
TSC_neg,OFT-0482-00,medium,3.818930509093698,881,0.9964484419442702,0.806937103570146,0.8098132021719562,0.8112512514728613,0.8090941775215037,0.806937103570146,NaN,0.8098132021719562,NaN,0.8098132021719562,0.9964484419442702
TSC_neg,OFT-0482-00,fast,4.7331730489365,882,0.9935968079495664,0.8299623450649137,0.8353110018314808,0.8379853302147642,0.8339738376398389,0.8299623450649137,NaN,0.8353110018314808,NaN,0.8353110018314808,0.9935968079495664
TSC_neg,OFT-0482-00,slow,3.1338496086380654,883,0.9512836524227205,0.8518873705375237,0.8955135183580047,0.9173265922682452,0.8846069814028845,0.8518873705375237,NaN,0.8955135183580047,NaN,0.8955135183580047,0.9512836524227205
TSC_neg,OFT-0483-00,fast,6.605888561202442,884,1.008494408179061,0.8949066874941732,0.8873690128932079,0.8836001755927253,0.8892534315434493,0.8949066874941732,NaN,0.8873690128932079,NaN,0.8873690128932079,1.008494408179061
TSC_neg,OFT-0483-00,medium,4.905359371950425,885,1.0018602919353514,0.9198383147001995,0.9181303242623726,0.9172763290434596,0.9185573218718295,0.9198383147001995,NaN,0.9181303242623726,NaN,0.9181303242623726,1.0018602919353514
TSC_neg,OFT-0483-00,slow,3.719170999484902,886,1.0034855442947925,0.9130982490404189,0.9099266593641925,0.9083408645260792,0.910719556783249,0.9130982490404189,NaN,0.9099266593641925,NaN,0.9099266593641925,1.0034855442947925
TSC_neg,OFT-0488-00,fast,5.2702610367316725,887,0.997980793389013,0.9779582316897949,0.9799369268107615,0.980926274371245,0.9794422530305198,0.9779582316897949,NaN,0.9799369268107615,NaN,0.9799369268107615,0.997980793389013
TSC_neg,OFT-0488-00,medium,4.219191832868446,888,1.0032171107633576,0.866113793510427,0.8633363448629706,0.8619476205392426,0.8640307070248348,0.866113793510427,NaN,0.8633363448629706,NaN,0.8633363448629706,1.0032171107633576
TSC_neg,OFT-0488-00,slow,3.2030364120394266,889,1.0091123060937375,0.8851013714298497,0.8771088867760093,0.873112644449089,0.8791070079394694,0.8851013714298497,NaN,0.8771088867760093,NaN,0.8771088867760093,1.0091123060937375
TSC_neg,OFT-0490-00,fast,5.02150805420161,890,1.0012513580732354,0.9613102260819931,0.960108786201196,0.9595080662607975,0.9604091461713954,0.9613102260819931,NaN,0.960108786201196,NaN,0.960108786201196,1.0012513580732354
TSC_neg,OFT-0490-00,medium,4.321360501965476,891,0.9980691121795041,0.9265655024163417,0.928358057682981,0.9292543353163005,0.9279099188663211,0.9265655024163417,NaN,0.928358057682981,NaN,0.928358057682981,0.9980691121795041
TSC_neg,OFT-0490-00,slow,3.6705546510506277,892,0.9999094010889183,0.813173811984696,0.8132474913218496,0.8132843309904263,0.8132290714875611,0.813173811984696,NaN,0.8132474913218496,NaN,0.8132474913218496,0.9999094010889183
TSC_neg,OFT-0491-00,fast,4.706617622005911,893,0.9927025745549046,0.8730055855062224,0.8794231100867745,0.8826318723770505,0.8778187289416366,0.8730055855062224,NaN,0.8794231100867745,NaN,0.8794231100867745,0.9927025745549046
TSC_neg,OFT-0491-00,medium,3.8640006750125986,894,1.0012658201342224,0.9836327727656589,0.9823892446800992,0.9817674806373194,0.9827001267014891,0.9836327727656589,NaN,0.9823892446800992,NaN,0.9823892446800992,1.0012658201342224
TSC_neg,OFT-0491-00,slow,3.2114562729723164,895,1.000362060608779,0.9562143508781904,0.9558682686309373,0.955695227507311,0.9559547891927507,0.9562143508781904,NaN,0.9558682686309373,NaN,0.9558682686309373,1.000362060608779
TSC_neg,OFT-0512-00,slow,3.5363371938209456,896,1.0091539378622798,0.7426468478915965,0.7359103700915709,0.7325421311915581,0.7375944895415774,0.7426468478915965,NaN,0.7359103700915709,NaN,0.7359103700915709,1.0091539378622798
TSC_neg,OFT-0512-00,medium,4.344498127462601,897,0.9938845000262712,0.9343570990301384,0.9401063192005115,0.942980929285698,0.9386690141579181,0.9343570990301384,NaN,0.9401063192005115,NaN,0.9401063192005115,0.9938845000262712
TSC_neg,OFT-0512-00,fast,5.368227096594196,898,1.0006116492369486,0.9045071655478187,0.9039542626128553,0.9036778111453736,0.9040924883465962,0.9045071655478187,NaN,0.9039542626128553,NaN,0.9039542626128553,1.0006116492369486
TSC_neg,OFT-0527-00,medium,3.8848272785542153,899,0.9978797329579078,0.9032873386676652,0.9052066184269997,0.906166258306667,0.9047267984871661,0.9032873386676652,NaN,0.9052066184269997,NaN,0.9052066184269997,0.9978797329579078
TSC_neg,OFT-0527-00,slow,3.2689873064815234,900,0.9966444724537116,0.9429518922624858,0.9461266462863772,0.9477140232983228,0.9453329577804043,0.9429518922624858,NaN,0.9461266462863772,NaN,0.9461266462863772,0.9966444724537116
TSC_neg,OFT-0527-00,fast,4.804129971633272,901,1.0052955465518443,0.8390453086718177,0.8346255104279895,0.8324156113060752,0.8357304599889466,0.8390453086718177,NaN,0.8346255104279895,NaN,0.8346255104279895,1.0052955465518443
TSC_neg,OFT-0530-00,fast,4.9952229746334575,902,1.0024670341987114,0.9376409955806017,0.935333495859117,0.9341797459983747,0.9359103707894882,0.9376409955806017,NaN,0.935333495859117,NaN,0.935333495859117,1.0024670341987114
TSC_neg,OFT-0530-00,slow,3.141673173507647,903,1.033108849155282,0.9417735335065108,0.911591778810673,0.8965009014627542,0.9191372174846326,0.9417735335065108,NaN,0.911591778810673,NaN,0.911591778810673,1.033108849155282
TSC_neg,OFT-0530-00,medium,3.8292747882485294,904,1.0118699627627856,0.6568395543984282,0.6491343537908856,0.6452817534871145,0.6510606539427714,0.6568395543984282,NaN,0.6491343537908856,NaN,0.6491343537908856,1.0118699627627856
TSC_neg,OFT-0538-00,slow,3.170112693574481,905,1.004529483183129,0.8486860785794231,0.8448593025762937,0.8429459145747292,0.8458159965770762,0.8486860785794231,NaN,0.8448593025762937,NaN,0.8448593025762937,1.004529483183129
TSC_neg,OFT-0538-00,medium,3.836603250968371,906,0.999340863882671,0.7607985947778486,0.7613003953645703,0.7615512956579313,0.76117494521789,0.7607985947778486,NaN,0.7613003953645703,NaN,0.7613003953645703,0.999340863882671
TSC_neg,OFT-0538-00,fast,4.574749525739784,907,1.0046829093493126,0.8781722431876144,0.8740790104176915,0.87203239403273,0.8751023186101722,0.8781722431876144,NaN,0.8740790104176915,NaN,0.8740790104176915,1.0046829093493126
TSC_neg,OFT-0545-00,slow,3.278749113611854,908,0.9945293226457028,0.8753800601259535,0.8801953247564569,0.8826029570717087,0.8789915085988309,0.8753800601259535,NaN,0.8801953247564569,NaN,0.8801953247564569,0.9945293226457028
TSC_neg,OFT-0545-00,medium,3.8256478640428733,909,0.9996361307612558,0.9156840541581169,0.9160173646992865,0.9161840199698713,0.9159340370639941,0.9156840541581169,NaN,0.9160173646992865,NaN,0.9160173646992865,0.9996361307612558
TSC_neg,OFT-0545-00,fast,4.4548492209598916,910,1.0001557706670199,0.8896626061305635,0.8895240443768406,0.8894547634999792,0.8895586848152714,0.8896626061305635,NaN,0.8895240443768406,NaN,0.8895240443768406,1.0001557706670199
TSC_neg,OFT-0587-00,slow,3.386887824417972,911,1.0068115622135456,0.8690060178696764,0.86312677613585,0.8601871552689369,0.8645965865693066,0.8690060178696764,NaN,0.86312677613585,NaN,0.86312677613585,1.0068115622135456
TSC_neg,OFT-0587-00,fast,5.206142921743413,912,1.0036944321304428,0.8908922842856161,0.8876130580844284,0.8859734449838346,0.8884328646347254,0.8908922842856161,NaN,0.8876130580844284,NaN,0.8876130580844284,1.0036944321304428
TSC_neg,OFT-0587-00,medium,4.192967514247591,913,1.0046736521233846,0.8319866763530881,0.8281163486219416,0.8261811847563686,0.8290839305547284,0.8319866763530881,NaN,0.8281163486219416,NaN,0.8281163486219416,1.0046736521233846
TSC_neg,OFT-0590-00,slow,3.6232920836784266,914,1.002274504564404,0.7126584230469682,0.7110411566905964,0.7102325235124105,0.7114454732796893,0.7126584230469682,NaN,0.7110411566905964,NaN,0.7110411566905964,1.002274504564404
TSC_neg,OFT-0590-00,fast,5.291387197712308,915,1.002566892909559,0.9681219310487656,0.965643228292897,0.9644038769149625,0.9662629039818642,0.9681219310487656,NaN,0.965643228292897,NaN,0.965643228292897,1.002566892909559
TSC_neg,OFT-0590-00,medium,4.347097573360227,916,1.000530582373745,0.9216417558728778,0.9211530083231394,0.9209086345482701,0.921275195210574,0.9216417558728778,NaN,0.9211530083231394,NaN,0.9211530083231394,1.000530582373745
TSC_neg,OFT-0593-00,medium,4.276031679055347,917,0.9994678968390589,0.9736518882691596,0.9741702473370625,0.9744294268710141,0.9740406575700868,0.9736518882691596,NaN,0.9741702473370625,NaN,0.9741702473370625,0.9994678968390589
TSC_neg,OFT-0593-00,fast,5.470839546831834,918,1.0042564449692908,0.9011287578909454,0.8973094097678418,0.89539973570629,0.8982642467986176,0.9011287578909454,NaN,0.8973094097678418,NaN,0.8973094097678418,1.0042564449692908
TSC_neg,OFT-0593-00,slow,3.3977518830950837,919,0.9985366050106049,0.8726483928563291,0.8739272936789946,0.8745667440903272,0.8736075684733281,0.8726483928563291,NaN,0.8739272936789946,NaN,0.8739272936789946,0.9985366050106049
TSC_neg,OFT-0596-00,fast,5.0887885750837105,920,1.0011475451491618,0.9558527102550076,0.9547570833953295,0.9542092699654904,0.9550309901102491,0.9558527102550076,NaN,0.9547570833953295,NaN,0.9547570833953295,1.0011475451491618
TSC_neg,OFT-0596-00,slow,3.3318683723824654,921,0.978020384270445,0.9316247611772857,0.9525617013312374,0.9630301714082136,0.9473274662927497,0.9316247611772857,NaN,0.9525617013312374,NaN,0.9525617013312374,0.978020384270445
TSC_neg,OFT-0596-00,medium,4.06103989577924,922,1.0062157939232512,0.8668744795468482,0.8615194521712791,0.8588419384834949,0.8628582090151715,0.8668744795468482,NaN,0.8615194521712791,NaN,0.8615194521712791,1.0062157939232512
TSC_neg,OFT-0600-00,medium,4.058772287639343,923,1.0035133576722806,0.9381969592385371,0.9349122780136684,0.9332699374012339,0.9357334483198856,0.9381969592385371,NaN,0.9349122780136684,NaN,0.9349122780136684,1.0035133576722806
TSC_neg,OFT-0600-00,fast,4.92926661827107,924,1.0069867283891458,0.9572308482129369,0.9505893386938652,0.947268583934329,0.952249716073633,0.9572308482129369,NaN,0.9505893386938652,NaN,0.9505893386938652,1.0069867283891458
TSC_neg,OFT-0600-00,slow,3.192985572959552,925,0.9969134171765827,0.907261070306179,0.9100700769738727,0.9114745803077197,0.9093678253069493,0.907261070306179,NaN,0.9100700769738727,NaN,0.9100700769738727,0.9969134171765827
TSC_neg,OFT-0603-00,medium,4.430315681013755,926,1.001374815447402,0.9206197102312159,0.9193557657228419,0.9187237934686547,0.9196717518499354,0.9206197102312159,NaN,0.9193557657228419,NaN,0.9193557657228419,1.001374815447402
TSC_neg,OFT-0603-00,fast,5.456996580583005,927,0.9995739147829962,0.9903785621211233,0.9908007276641776,0.9910118104357047,0.9906951862784139,0.9903785621211233,NaN,0.9908007276641776,NaN,0.9908007276641776,0.9995739147829962
TSC_neg,OFT-0603-00,slow,3.386709967723746,928,0.9990191101133709,0.9921302170979676,0.9931043431044863,0.9935914061077455,0.9928608116028566,0.9921302170979676,NaN,0.9931043431044863,NaN,0.9931043431044863,0.9990191101133709
TSC_neg,OFT-0609-00,fast,5.1062889669148435,929,1.000217807596799,0.9262242769143382,0.9260225821611362,0.9259217347845353,0.9260730058494367,0.9262242769143382,NaN,0.9260225821611362,NaN,0.9260225821611362,1.000217807596799
TSC_neg,OFT-0609-00,slow,3.050803359115185,930,0.9939147839817991,0.9125477669239777,0.9181348156108005,0.920928339954212,0.9167380534390948,0.9125477669239777,NaN,0.9181348156108005,NaN,0.9181348156108005,0.9939147839817991
TSC_neg,OFT-0609-00,medium,3.9320043036371017,931,1.0017723377845147,0.9044667363628277,0.9028665518585942,0.9020664596064775,0.9032665979846526,0.9044667363628277,NaN,0.9028665518585942,NaN,0.9028665518585942,1.0017723377845147
TSC_neg,OFT-0615-00,fast,5.506124833261599,932,0.9958176313994819,0.9510536844854032,0.9550480474510485,0.9570452289338711,0.9540494567096373,0.9510536844854032,NaN,0.9550480474510485,NaN,0.9550480474510485,0.9958176313994819
TSC_neg,OFT-0615-00,slow,3.2487486426114844,933,1.029461920340682,0.6900575554080507,0.6703089660467368,0.6604346713660801,0.6752461133870655,0.6900575554080507,NaN,0.6703089660467368,NaN,0.6703089660467368,1.029461920340682
TSC_neg,OFT-0615-00,medium,4.171631765157529,934,0.9903953776997083,0.9509881720085588,0.9602106324620813,0.9648218626888425,0.9579050173487005,0.9509881720085588,NaN,0.9602106324620813,NaN,0.9602106324620813,0.9903953776997083
TSC_neg,OFT-0616-00,slow,3.6514797776134214,935,1.011842165787811,0.869949894615254,0.8597683749796284,0.8546776151618154,0.8623137548885347,0.869949894615254,NaN,0.8597683749796284,NaN,0.8597683749796284,1.011842165787811
TSC_neg,OFT-0616-00,fast,5.133875815612934,936,0.9954649622592434,0.88807666441395,0.8921224735006525,0.894145378044004,0.891111021228977,0.88807666441395,NaN,0.8921224735006525,NaN,0.8921224735006525,0.9954649622592434
TSC_neg,OFT-0616-00,medium,4.368222937986188,937,1.0053444629180344,0.9413703473290042,0.9363659741027032,0.9338637874895527,0.9376170674092784,0.9413703473290042,NaN,0.9363659741027032,NaN,0.9363659741027032,1.0053444629180344
TSC_neg,OFT-0618-00,slow,3.4594488137018384,938,1.0037817223692231,0.9258143090353574,0.9223263269330713,0.9205823358819282,0.9231983224586429,0.9258143090353574,NaN,0.9223263269330713,NaN,0.9223263269330713,1.0037817223692231
TSC_neg,OFT-0618-00,medium,4.161729068890309,939,1.053314803098603,0.9897626924105839,0.9396646562821829,0.9146156382179826,0.9521891653142833,0.9897626924105839,NaN,0.9396646562821829,NaN,0.9396646562821829,1.053314803098603
TSC_neg,OFT-0618-00,fast,5.015395668245552,940,0.9998565418563217,0.9033023803214074,0.9034319849969147,0.9034967873346685,0.903399583828038,0.9033023803214074,NaN,0.9034319849969147,NaN,0.9034319849969147,0.9998565418563217
TSC_neg,OFT-0619-00,slow,3.07243118330465,941,0.9934237791304819,0.8332208671017785,0.8387365841303649,0.8414944426446579,0.8373576548732182,0.8332208671017785,NaN,0.8387365841303649,NaN,0.8387365841303649,0.9934237791304819
TSC_neg,OFT-0619-00,medium,3.57858851210388,942,1.0248783320513077,0.6707283172116298,0.6544467730810135,0.6463060010157053,0.6585171591136676,0.6707283172116298,NaN,0.6544467730810135,NaN,0.6544467730810135,1.0248783320513077
TSC_neg,OFT-0619-00,fast,4.23262506968324,943,1.006428349477849,0.9828974364260769,0.9766193857079042,0.9734803603488177,0.9781888983874473,0.9828974364260769,NaN,0.9766193857079042,NaN,0.9766193857079042,1.006428349477849
TSC_neg,OFT-0622-00,slow,2.972025885507054,944,0.9870394888744077,0.8469674992990027,0.8580887683276591,0.8636494028419872,0.8553084510704949,0.8469674992990027,NaN,0.8580887683276591,NaN,0.8580887683276591,0.9870394888744077
TSC_neg,OFT-0622-00,medium,3.384949094974995,945,1.0014624400352499,0.8924359973291864,0.8911327690909449,0.8904811549718239,0.8914585761505052,0.8924359973291864,NaN,0.8911327690909449,NaN,0.8911327690909449,1.0014624400352499
TSC_neg,OFT-0622-00,fast,4.0149753714270195,946,1.0009649813126207,0.9417119918812764,0.940804133473638,0.9403502042698191,0.9410310980755477,0.9417119918812764,NaN,0.940804133473638,NaN,0.940804133473638,1.0009649813126207
TSC_neg,OFT-0623-00,slow,3.1780710470258517,947,0.9854357414886817,0.925460148432531,0.9391379969986206,0.9459769212816653,0.9357185348570983,0.925460148432531,NaN,0.9391379969986206,NaN,0.9391379969986206,0.9854357414886817
TSC_neg,OFT-0623-00,medium,3.87265635941888,948,0.9963637614201204,0.9656873948634357,0.9692116797654688,0.9709738222164854,0.9683306085399607,0.9656873948634357,NaN,0.9692116797654688,NaN,0.9692116797654688,0.9963637614201204
TSC_neg,OFT-0623-00,fast,4.709887928826378,949,1.0009647224261453,0.7501302566649322,0.749407286649185,0.7490458016413113,0.7495880291531218,0.7501302566649322,NaN,0.749407286649185,NaN,0.749407286649185,1.0009647224261453
TSC_neg,OFT-0625-00,medium,3.511480252049642,950,0.993357695836228,0.9691338011063386,0.9756141268835722,0.9788542897721888,0.9739940454392637,0.9691338011063386,NaN,0.9756141268835722,NaN,0.9756141268835722,0.993357695836228
TSC_neg,OFT-0625-00,slow,3.073219609131041,951,0.9875030148740929,0.8911852178989432,0.9024632881881073,0.9081023233326895,0.8996437706158162,0.8911852178989432,NaN,0.9024632881881073,NaN,0.9024632881881073,0.9875030148740929
TSC_neg,OFT-0625-00,fast,4.019008537818045,952,1.001345577188201,0.9396695424637109,0.9384068436216819,0.9377754942006672,0.938722518332189,0.9396695424637109,NaN,0.9384068436216819,NaN,0.9384068436216819,1.001345577188201
TSC_neg,OFT-0626-00,medium,3.795617142014823,953,1.0073127620951638,0.6992459421398366,0.6941696446746465,0.6916314959420512,0.6954387190409439,0.6992459421398366,NaN,0.6941696446746465,NaN,0.6941696446746465,1.0073127620951638
TSC_neg,OFT-0626-00,slow,3.2420544468355876,954,1.0121796909184164,0.9806687067740916,0.9688681916589998,0.9629679341014536,0.9718183204377726,0.9806687067740916,NaN,0.9688681916589998,NaN,0.9688681916589998,1.0121796909184164
TSC_neg,OFT-0626-00,fast,4.4160096656369685,955,0.999377501461787,0.9140394545746642,0.9146087972139666,0.9148934685336175,0.9144664615541409,0.9140394545746642,NaN,0.9146087972139666,NaN,0.9146087972139666,0.999377501461787
TSC_neg,OFT-0627-00,fast,3.730396708478961,956,1.0000219048999668,0.9788790053873982,0.9788575636103856,0.9788468427218795,0.9788629240546389,0.9788790053873982,NaN,0.9788575636103856,NaN,0.9788575636103856,1.0000219048999668
TSC_neg,OFT-0627-00,medium,3.0853420148851325,957,0.9999273170225299,0.9580659541145895,0.9581355942624006,0.9581704143363057,0.9581181842254476,0.9580659541145895,NaN,0.9581355942624006,NaN,0.9581355942624006,0.9999273170225299
TSC_neg,OFT-0627-00,slow,2.7663610655565147,958,1.0490516513281576,0.8791645429148467,0.8380564882594442,0.8175024609317431,0.8483335019232949,0.8791645429148467,NaN,0.8380564882594442,NaN,0.8380564882594442,1.0490516513281576
TSC_neg,OFT-0629-00,fast,3.4406762671966957,959,1.0005128557738898,0.98150687195039,0.9810037585086313,0.9807522017877519,0.9811295368690709,0.98150687195039,NaN,0.9810037585086313,NaN,0.9810037585086313,1.0005128557738898
TSC_neg,OFT-0629-00,medium,3.098923475083277,960,1.010561428508435,0.7218245874027632,0.7142807621978601,0.7105088495954087,0.7161667184990859,0.7218245874027632,NaN,0.7142807621978601,NaN,0.7142807621978601,1.010561428508435
TSC_neg,OFT-0629-00,slow,2.7412265549600296,961,0.9992796427974984,0.8097240899206131,0.8103078009812932,0.8105996565116335,0.8101618732161233,0.8097240899206131,NaN,0.8103078009812932,NaN,0.8103078009812932,0.9992796427974984
TSC_neg,OFT-0631-00,medium,3.1897201434014755,962,0.9931147231818942,0.9585191378082882,0.9651645629995663,0.9684872755952054,0.9635032067017468,0.9585191378082882,NaN,0.9651645629995663,NaN,0.9651645629995663,0.9931147231818942
TSC_neg,OFT-0631-00,slow,2.689239499755639,963,0.9938229516606463,0.7742561140711763,0.7790684575933965,0.7814746293545064,0.7778653717128414,0.7742561140711763,NaN,0.7790684575933965,NaN,0.7790684575933965,0.9938229516606463
TSC_neg,OFT-0631-00,fast,3.792788337705346,964,1.0016471939441198,0.9253967623919234,0.9238749611507918,0.9231140605302262,0.9242554114610748,0.9253967623919234,NaN,0.9238749611507918,NaN,0.9238749611507918,1.0016471939441198
TSC_neg,OFT-0633-00,fast,3.4140937474099213,965,1.003524284091198,0.821016298825487,0.8181329658295294,0.8166912993315505,0.8188537990785187,0.821016298825487,NaN,0.8181329658295294,NaN,0.8181329658295294,1.003524284091198
TSC_neg,OFT-0633-00,slow,2.737193939477318,966,0.984434447057349,0.8248939245889637,0.8379368753853743,0.8444583507835794,0.8346761376862715,0.8248939245889637,NaN,0.8379368753853743,NaN,0.8379368753853743,0.984434447057349
TSC_neg,OFT-0633-00,medium,3.0478471252333805,967,1.0089779870623214,0.818225719577107,0.810945065272834,0.8073047381206976,0.8127652288489023,0.818225719577107,NaN,0.810945065272834,NaN,0.810945065272834,1.0089779870623214
TSC_neg,OFT-0635-00,medium,4.072426247767327,968,0.9889995980290059,0.9711016937959709,0.9819030217315516,0.9873036856993422,0.9792026897476566,0.9711016937959709,NaN,0.9819030217315516,NaN,0.9819030217315516,0.9889995980290059
TSC_neg,OFT-0635-00,fast,4.801584295277011,969,1.0010168728019333,0.9306669533373477,0.9297215447850844,0.9292488405089525,0.9299578969231501,0.9306669533373477,NaN,0.9297215447850844,NaN,0.9297215447850844,1.0010168728019333
TSC_neg,OFT-0635-00,slow,3.3013301398891977,970,1.0006649549079656,0.988613885612693,0.9879569387973811,0.9876284653897254,0.9881211755012091,0.988613885612693,NaN,0.9879569387973811,NaN,0.9879569387973811,1.0006649549079656
TSC_neg,OFT-0638-00,slow,3.7879677515342656,971,1.0049476177279681,0.9390264177948344,0.9344033472290114,0.9320918119461001,0.9355591148704673,0.9390264177948344,NaN,0.9344033472290114,NaN,0.9344033472290114,1.0049476177279681
TSC_neg,OFT-0638-00,medium,4.476038506574597,972,1.0066944341276998,0.886542884308215,0.8806474479779993,0.8776997298128915,0.8821213070605531,0.886542884308215,NaN,0.8806474479779993,NaN,0.8806474479779993,1.0066944341276998
TSC_neg,OFT-0638-00,fast,5.328475020364506,973,1.0125203686244377,0.8494144570777518,0.8389109823358182,0.8336592449648512,0.8415368510213016,0.8494144570777518,NaN,0.8389109823358182,NaN,0.8389109823358182,1.0125203686244377
TSC_neg,OFT-0659-00,fast,4.419306841560274,974,1.0031309195913198,0.9625612211365179,0.9595569255592976,0.9580547777706875,0.9603079994536028,0.9625612211365179,NaN,0.9595569255592976,NaN,0.9595569255592976,1.0031309195913198
TSC_neg,OFT-0659-00,medium,3.6965436007629857,975,1.0026660745971732,0.8482314975086034,0.8459760622193039,0.8448483445746541,0.8465399210416288,0.8482314975086034,NaN,0.8459760622193039,NaN,0.8459760622193039,1.0026660745971732
TSC_neg,OFT-0659-00,slow,3.110287327850215,976,0.9981847172173861,0.9160626879830672,0.91772862495506,0.9185615934410563,0.9173121407120619,0.9160626879830672,NaN,0.91772862495506,NaN,0.91772862495506,0.9981847172173861
TSC_neg,OFT-0672-00,medium,3.228281905147968,977,0.994760166778951,0.9017012760073237,0.9064509276914924,0.908825753533577,0.9052635147704504,0.9017012760073237,NaN,0.9064509276914924,NaN,0.9064509276914924,0.994760166778951
TSC_neg,OFT-0672-00,slow,2.9402486436956403,978,1.0008064633047336,0.9523866100786287,0.9516191641426665,0.9512354411746851,0.951811025626657,0.9523866100786287,NaN,0.9516191641426665,NaN,0.9516191641426665,1.0008064633047336
TSC_neg,OFT-0672-00,fast,3.626543425925075,979,1.0077732559726305,0.9702271885346353,0.9627435365887355,0.9590017106157855,0.9646144495752105,0.9702271885346353,NaN,0.9627435365887355,NaN,0.9627435365887355,1.0077732559726305
TSC_neg,OFT-0680-00,medium,3.5047798635178533,980,0.9988186505887308,0.9178514306429155,0.9189370163461695,0.9194798091977969,0.9186656199203562,0.9178514306429155,NaN,0.9189370163461695,NaN,0.9189370163461695,0.9988186505887308
TSC_neg,OFT-0680-00,fast,4.408493350286812,981,0.9992441733644062,0.983101306520223,0.9838449227181071,0.9842167308170491,0.983659018668636,0.983101306520223,NaN,0.9838449227181071,NaN,0.9838449227181071,0.9992441733644062
TSC_neg,OFT-0680-00,slow,2.942699967612579,982,0.9987520703402218,0.9511135152988377,0.9523019211112561,0.9528961240174654,0.9520048196581515,0.9511135152988377,NaN,0.9523019211112561,NaN,0.9523019211112561,0.9987520703402218
new_preds,OFT-0000-00,fast,4.878165266112309,983,1.0066856092403669,0.9389649854075353,0.9327291229642859,0.9296111917426608,0.9342880885750982,0.9389649854075353,NaN,0.9327291229642859,NaN,0.9327291229642859,1.0066856092403669
new_preds,OFT-0000-00,medium,4.004421079604252,984,1.0087780510463236,0.8674010194612589,0.8598531843169807,0.8560792667448416,0.8617401431030502,0.8674010194612589,NaN,0.8598531843169807,NaN,0.8598531843169807,1.0087780510463236
new_preds,OFT-0000-00,slow,3.313133370770357,985,1.001460671568145,0.9623852563905226,0.9609815779221406,0.9602797386879494,0.961332497539236,0.9623852563905226,NaN,0.9609815779221406,NaN,0.9609815779221406,1.001460671568145
new_preds,OFT-0000-01,fast,4.986656975880067,986,0.9926293546959745,0.8194843870719027,0.825569366042874,0.8286118555283597,0.8240481213001312,0.8194843870719027,NaN,0.825569366042874,NaN,0.825569366042874,0.9926293546959745
new_preds,OFT-0000-01,medium,4.115068516186907,987,0.9895823355554513,0.8750295593573513,0.8842412883877907,0.8888471529030104,0.8819383561301808,0.8750295593573513,NaN,0.8842412883877907,NaN,0.8842412883877907,0.9895823355554513
new_preds,OFT-0000-01,slow,3.379674750678044,988,0.9887181083509615,0.8407492280641666,0.8503427022960209,0.855139439411948,0.8479443337380574,0.8407492280641666,NaN,0.8503427022960209,NaN,0.8503427022960209,0.9887181083509615
new_preds,OFT-0001-00,slow,3.292657053998963,989,0.9993335308125494,0.7917481811844672,0.7922762088656263,0.7925402227062062,0.7921442019453365,0.7917481811844672,NaN,0.7922762088656263,NaN,0.7922762088656263,0.9993335308125494
new_preds,OFT-0001-00,medium,4.031685427504413,990,0.9982555228550055,0.9769992954980188,0.9787066268401962,0.979560292511285,0.9782797940046519,0.9769992954980188,NaN,0.9787066268401962,NaN,0.9787066268401962,0.9982555228550055
new_preds,OFT-0001-00,fast,5.065311904403232,991,1.002318434287161,0.9667391359697461,0.9645029991464554,0.9633849307348102,0.9650620333522781,0.9667391359697461,NaN,0.9645029991464554,NaN,0.9645029991464554,1.002318434287161
new_preds,OFT-0001-01,medium,4.051609373710005,992,0.9929487034559555,0.9041865829346253,0.9106075467822317,0.9138180287060347,0.90900230582033,0.9041865829346253,NaN,0.9106075467822317,NaN,0.9106075467822317,0.9929487034559555
new_preds,OFT-0001-01,fast,5.026346522161009,993,0.9990840720816689,0.9355551805113573,0.9364128671995098,0.936841710543586,0.9361984455274717,0.9355551805113573,NaN,0.9364128671995098,NaN,0.9364128671995098,0.9990840720816689
new_preds,OFT-0001-01,slow,3.2655149474265195,994,0.9909972919689952,0.9159651815860009,0.9242862609302248,0.9284468006023366,0.9222059910941688,0.9159651815860009,NaN,0.9242862609302248,NaN,0.9242862609302248,0.9909972919689952
new_preds,OFT-0003-00,slow,3.2636510782742025,995,0.9887292692559453,0.9281006965803191,0.9386803096046187,0.9439701161167684,0.9360354063485439,0.9281006965803191,NaN,0.9386803096046187,NaN,0.9386803096046187,0.9887292692559453
new_preds,OFT-0003-00,fast,5.0813082760005175,996,1.0167766850777993,0.8347778243971126,0.821004097210627,0.814117233617384,0.8244475290072484,0.8347778243971126,NaN,0.821004097210627,NaN,0.821004097210627,1.0167766850777993
new_preds,OFT-0003-00,medium,4.013693750883593,997,0.9911101981149452,0.849075956310467,0.8566917764799292,0.8604996865646604,0.8547878214375637,0.849075956310467,NaN,0.8566917764799292,NaN,0.8566917764799292,0.9911101981149452
new_preds,OFT-0004-00,slow,3.272585020826242,998,0.9906702526330535,0.8547461322282776,0.8627957990627961,0.8668206324800555,0.8607833823541664,0.8547461322282776,NaN,0.8627957990627961,NaN,0.8627957990627961,0.9906702526330535
new_preds,OFT-0004-00,fast,4.632470617334549,999,1.015256417337045,0.9234902066068585,0.9096127745039193,0.9026740584524494,0.9130821325296539,0.9234902066068585,NaN,0.9096127745039193,NaN,0.9096127745039193,1.015256417337045
new_preds,OFT-0004-00,medium,3.8293391498400897,1000,1.0059093645445336,0.8274083941073711,0.8225476601284191,0.8201172931389429,0.823762843623157,0.8274083941073711,NaN,0.8225476601284191,NaN,0.8225476601284191,1.0059093645445336
new_preds,OFT-0004-02,slow,3.166457359553093,1001,1.0014976029113096,0.9110865316130211,0.9097241261132654,0.9090429233633874,0.9100647274882043,0.9110865316130211,NaN,0.9097241261132654,NaN,0.9097241261132654,1.0014976029113096
new_preds,OFT-0004-02,medium,3.7706364355093656,1002,1.0008834535204054,0.8805077089023347,0.8797305078881329,0.879341907381032,0.8799248081416833,0.8805077089023347,NaN,0.8797305078881329,NaN,0.8797305078881329,1.0008834535204054
new_preds,OFT-0004-02,fast,4.519883192989829,1003,0.9997108579341139,0.9442163539349422,0.9444894455644404,0.9446259913791895,0.9444211726570657,0.9442163539349422,NaN,0.9444894455644404,NaN,0.9444894455644404,0.9997108579341139
new_preds,OFT-0005-00,medium,3.6050903167974595,1004,1.0041563568318335,0.8639268632248119,0.8603509377270159,0.8585629749781174,0.8612449191014647,0.8639268632248119,NaN,0.8603509377270159,NaN,0.8603509377270159,1.0041563568318335
new_preds,OFT-0005-00,fast,4.2917038391663525,1005,1.004587160581779,0.8693235005473599,0.8653539828678629,0.8633692240281143,0.8663463622877372,0.8693235005473599,NaN,0.8653539828678629,NaN,0.8653539828678629,1.004587160581779
new_preds,OFT-0005-00,slow,3.136092954684976,1006,1.004641571748653,0.8710740549948874,0.8670495821497001,0.8650373457271063,0.868055700360997,0.8710740549948874,NaN,0.8670495821497001,NaN,0.8670495821497001,1.004641571748653
new_preds,OFT-0005-01,fast,4.027670889929504,1007,1.0101222052249446,0.7022843459510195,0.695246914005447,0.6917281980326607,0.6970062719918402,0.7022843459510195,NaN,0.695246914005447,NaN,0.695246914005447,1.0101222052249446
new_preds,OFT-0005-01,slow,2.9102364226381257,1008,1.0019661349686593,0.9277985249542544,0.9259779273710436,0.925067628579438,0.9264330767668462,0.9277985249542544,NaN,0.9259779273710436,NaN,0.9259779273710436,1.0019661349686593
new_preds,OFT-0005-01,medium,3.358657186746214,1009,1.0073772153353446,0.8709400680477696,0.8645620079444057,0.8613729778927237,0.8661565229702466,0.8709400680477696,NaN,0.8645620079444057,NaN,0.8645620079444057,1.0073772153353446
new_preds,OFT-0005-02,slow,2.8935066333518384,1010,0.9235554778626353,0.7712590774257257,0.8350977238645524,0.8670170470839657,0.8191380622548458,0.7712590774257257,NaN,0.8350977238645524,NaN,0.8350977238645524,0.9235554778626353
new_preds,OFT-0005-02,fast,3.6567606631694884,1011,1.0079803363293869,0.8433106450621513,0.8366340241647086,0.8332957137159871,0.8383031793890692,0.8433106450621513,NaN,0.8366340241647086,NaN,0.8366340241647086,1.0079803363293869
new_preds,OFT-0005-02,medium,3.2730044873384885,1012,1.0227639518172496,0.7513138531705498,0.7345916443726956,0.7262305399737685,0.7387721965721592,0.7513138531705498,NaN,0.7345916443726956,NaN,0.7345916443726956,1.0227639518172496
new_preds,OFT-0006-00,medium,4.024443170191741,1013,1.0213955455160215,0.9436434825222109,0.9238766378655692,0.9139932155372483,0.9288183490297295,0.9436434825222109,NaN,0.9238766378655692,NaN,0.9238766378655692,1.0213955455160215
new_preds,OFT-0006-00,fast,4.710635262695342,1014,1.0073685478812548,0.9541019671634784,0.9471230456521506,0.9436335848964867,0.9488677760299826,0.9541019671634784,NaN,0.9471230456521506,NaN,0.9471230456521506,1.0073685478812548
new_preds,OFT-0006-00,slow,3.4581411517522893,1015,1.0083988535506514,0.8634784929362446,0.8562866666258783,0.8526907534706948,0.8580846232034698,0.8634784929362446,NaN,0.8562866666258783,NaN,0.8562866666258783,1.0083988535506514
new_preds,OFT-0006-01,medium,3.852271148219807,1016,0.9970210413510293,0.8632658425294331,0.8658451594558635,0.8671348179190788,0.865200330224256,0.8632658425294331,NaN,0.8658451594558635,NaN,0.8658451594558635,0.9970210413510293
new_preds,OFT-0006-01,slow,3.305381796177829,1017,1.0053973290204814,0.9139223344745115,0.9090160756294328,0.9065629462068934,0.9102426403407025,0.9139223344745115,NaN,0.9090160756294328,NaN,0.9090160756294328,1.0053973290204814
new_preds,OFT-0006-01,fast,4.728278954472913,1018,1.0178678756798893,0.7071253346886304,0.694712301649468,0.6885057851298866,0.6978155599092585,0.7071253346886304,NaN,0.694712301649468,NaN,0.694712301649468,1.0178678756798893
new_preds,OFT-0006-02,slow,3.195155471775108,1019,0.9962635978269756,0.8826694317640973,0.8859798086463794,0.8876349970875201,0.8851522144258086,0.8826694317640973,NaN,0.8859798086463794,NaN,0.8859798086463794,0.9962635978269756
new_preds,OFT-0006-02,fast,4.717209483417762,1020,1.0052898752223518,0.9669042063174758,0.9618163180083895,0.9592723738538464,0.9630882900856611,0.9669042063174758,NaN,0.9618163180083895,NaN,0.9618163180083895,1.0052898752223518
new_preds,OFT-0006-02,medium,3.682545257741189,1021,0.9903127658981878,0.9463369281669002,0.9555939908626718,0.9602225222105575,0.9532797251887288,0.9463369281669002,NaN,0.9555939908626718,NaN,0.9555939908626718,0.9903127658981878
new_preds,OFT-0007-00,medium,4.097612321219012,1022,1.0122409201110079,0.8363813426535218,0.8262670734174624,0.8212099387994326,0.8287956407264772,0.8363813426535218,NaN,0.8262670734174624,NaN,0.8262670734174624,1.0122409201110079
new_preds,OFT-0007-00,fast,5.167547903427829,1023,1.018373689107005,0.8957306281135529,0.8795696881161611,0.8714892181174652,0.883609923115509,0.8957306281135529,NaN,0.8795696881161611,NaN,0.8795696881161611,1.018373689107005
new_preds,OFT-0007-00,slow,3.4435811152248297,1024,1.0287658689584784,0.8799941628706294,0.8553881786159319,0.8430851864885832,0.8615396746796062,0.8799941628706294,NaN,0.8553881786159319,NaN,0.8553881786159319,1.0287658689584784
new_preds,OFT-0007-01,fast,4.719240552986146,1025,1.005165469203397,0.9067320611831292,0.9020724338070653,0.8997426201190333,0.9032373406510812,0.9067320611831292,NaN,0.9020724338070653,NaN,0.9020724338070653,1.005165469203397
new_preds,OFT-0007-01,medium,3.6901900349652035,1026,0.9877084271064344,0.8719516957367969,0.8828027298412797,0.888228246893521,0.8800899713151591,0.8719516957367969,NaN,0.8828027298412797,NaN,0.8828027298412797,0.9877084271064344
new_preds,OFT-0007-01,slow,3.179733828891335,1027,0.989098907014813,0.6756221415555649,0.6830683329684911,0.6867914286749541,0.6812067851152594,0.6756221415555649,NaN,0.6830683329684911,NaN,0.6830683329684911,0.989098907014813
new_preds,OFT-0008-00,medium,4.410861406450788,1028,1.0095178939484488,0.8204540353890257,0.8127186653225608,0.8088509802893282,0.814652507839177,0.8204540353890257,NaN,0.8127186653225608,NaN,0.8127186653225608,1.0095178939484488
new_preds,OFT-0008-00,fast,5.372266814575959,1029,1.008163912526731,0.8391283596276817,0.8323332636699914,0.8289357156911462,0.8340320376594141,0.8391283596276817,NaN,0.8323332636699914,NaN,0.8323332636699914,1.008163912526731
new_preds,OFT-0008-00,slow,3.5976735214736064,1030,1.037981360656482,0.7990641805818341,0.7698251730420841,0.7552056692722089,0.7771349249270215,0.7990641805818341,NaN,0.7698251730420841,NaN,0.7698251730420841,1.037981360656482
new_preds,OFT-0008-01,slow,3.524356348130878,1031,1.0011771279474198,0.8990318315466257,0.8979748003130985,0.8974462846963349,0.8982390581214803,0.8990318315466257,NaN,0.8979748003130985,NaN,0.8979748003130985,1.0011771279474198
new_preds,OFT-0008-01,fast,5.277628170875547,1032,1.0026620294663793,0.8438514313693967,0.8416110379870451,0.8404908412958692,0.842171136332633,0.8438514313693967,NaN,0.8416110379870451,NaN,0.8416110379870451,1.0026620294663793
new_preds,OFT-0008-01,medium,4.405158355076594,1033,1.0030537100900767,0.8792690752780556,0.8765922167807895,0.8752537875321567,0.877261431405106,0.8792690752780556,NaN,0.8765922167807895,NaN,0.8765922167807895,1.0030537100900767
new_preds,OFT-0009-00,fast,4.7209238134644895,1034,1.0075858294030449,0.8434878325814787,0.837137450693617,0.8339622597496861,0.8387250461655824,0.8434878325814787,NaN,0.837137450693617,NaN,0.837137450693617,1.0075858294030449
new_preds,OFT-0009-00,medium,3.94289581029128,1035,0.9978350882142353,0.915675963587602,0.9176626222137884,0.9186559515268817,0.9171659575572417,0.915675963587602,NaN,0.9176626222137884,NaN,0.9176626222137884,0.9978350882142353
new_preds,OFT-0009-00,slow,3.3552720689486106,1036,1.002339456556287,0.840332645816164,0.8383713125524102,0.8373906459205331,0.8388616458683485,0.840332645816164,NaN,0.8383713125524102,NaN,0.8383713125524102,1.002339456556287
new_preds,OFT-0009-01,medium,3.958139352953946,1037,0.9977887606000384,0.820822903651734,0.8226419619701041,0.8235514911292892,0.8221871973905116,0.820822903651734,NaN,0.8226419619701041,NaN,0.8226419619701041,0.9977887606000384
new_preds,OFT-0009-01,fast,4.913219224874587,1038,1.0219002842027132,0.7974270482621457,0.7803374366260193,0.7717926308079563,0.7846098395350509,0.7974270482621457,NaN,0.7803374366260193,NaN,0.7803374366260193,1.0219002842027132
new_preds,OFT-0009-01,slow,3.371309883250447,1039,1.0010469461261216,0.8854546286548322,0.8845285748899073,0.8840655480074446,0.8847600883311384,0.8854546286548322,NaN,0.8845285748899073,NaN,0.8845285748899073,1.0010469461261216
new_preds,OFT-0010-00,medium,4.049368823347643,1040,0.9998372004274497,0.9870682044839719,0.9872289249309599,0.9873092851544538,0.9871887448192129,0.9870682044839719,NaN,0.9872289249309599,NaN,0.9872289249309599,0.9998372004274497
new_preds,OFT-0010-00,slow,3.1110927765889964,1041,1.0011505101198852,0.8749130205294502,0.8739075810136496,0.8734048612557492,0.8741589408925998,0.8749130205294502,NaN,0.8739075810136496,NaN,0.8739075810136496,1.0011505101198852
new_preds,OFT-0010-00,fast,5.169350383446414,1042,1.023783030034862,0.583675695930608,0.5701165958091067,0.563337045748356,0.5735063708394819,0.583675695930608,NaN,0.5701165958091067,NaN,0.5701165958091067,1.023783030034862
new_preds,OFT-0010-01,slow,3.205415107371987,1043,1.000805011631568,0.9264095418667263,0.925664371280917,0.9252917859880121,0.9258506639273693,0.9264095418667263,NaN,0.925664371280917,NaN,0.925664371280917,1.000805011631568
new_preds,OFT-0010-01,medium,3.894360657290227,1044,0.9984913687760986,0.9206382032061955,0.9220292052545916,0.9227247062787901,0.9216814547424927,0.9206382032061955,NaN,0.9220292052545916,NaN,0.9220292052545916,0.9984913687760986
new_preds,OFT-0010-01,fast,4.900670578774587,1045,0.9949231417353874,0.7033574144578194,0.7069464815452914,0.7087410150890271,0.7060492147734233,0.7033574144578194,NaN,0.7069464815452914,NaN,0.7069464815452914,0.9949231417353874
new_preds,OFT-0010-02,fast,4.8188895808123995,1046,0.994131949386281,0.8223711151701842,0.8272253151886609,0.8296524151978993,0.8260117651840417,0.8223711151701842,NaN,0.8272253151886609,NaN,0.8272253151886609,0.994131949386281
new_preds,OFT-0010-02,slow,3.1534664715516216,1047,0.9957934810558078,0.830613938284841,0.8341226911871001,0.8358770676382294,0.8332455029615352,0.830613938284841,NaN,0.8341226911871001,NaN,0.8341226911871001,0.9957934810558078
new_preds,OFT-0010-02,medium,3.7692720461420155,1048,0.9986650680073559,0.8773244518892837,0.8784971858881736,0.8790835528876186,0.8782040023884512,0.8773244518892837,NaN,0.8784971858881736,NaN,0.8784971858881736,0.9986650680073559
new_preds,OFT-0011-00,medium,4.244642180837806,1049,1.0054361441796116,0.90475263250731,0.8998608591354604,0.8974149724495357,0.9010838024784229,0.90475263250731,NaN,0.8998608591354604,NaN,0.8998608591354604,1.0054361441796116
new_preds,OFT-0011-00,fast,5.478608062193439,1050,1.0049143044318563,0.957297852920334,0.9526164058949852,0.9502756823823104,0.9537867676513222,0.957297852920334,NaN,0.9526164058949852,NaN,0.9526164058949852,1.0049143044318563
new_preds,OFT-0011-00,slow,3.5177711429284058,1051,1.0021709129191003,0.9691106144233296,0.9670113170622031,0.9659616683816399,0.9675361414024848,0.9691106144233296,NaN,0.9670113170622031,NaN,0.9670113170622031,1.0021709129191003
new_preds,OFT-0011-01,fast,4.941834339140536,1052,0.9779485065190402,0.6895170740467687,0.7050648060203812,0.7128386720071876,0.7011778730269782,0.6895170740467687,NaN,0.7050648060203812,NaN,0.7050648060203812,0.9779485065190402
new_preds,OFT-0011-01,slow,3.356965917525955,1053,1.008349700372213,0.8703642033701477,0.8631571002092523,0.8595535486288044,0.8649588759994761,0.8703642033701477,NaN,0.8631571002092523,NaN,0.8631571002092523,1.008349700372213
new_preds,OFT-0011-01,medium,4.046721779835142,1054,0.9919182438966371,0.954659251886586,0.9624374365132318,0.9663265288265548,0.9604928903565704,0.954659251886586,NaN,0.9624374365132318,NaN,0.9624374365132318,0.9919182438966371
new_preds,OFT-0011-02,fast,4.5805242636828964,1055,1.0041716118589046,0.8473290446799886,0.8438090010445807,0.8420489792268766,0.8446890119534327,0.8473290446799886,NaN,0.8438090010445807,NaN,0.8438090010445807,1.0041716118589046
new_preds,OFT-0011-02,medium,3.8748159230232058,1056,1.007711302297568,0.816650594842599,0.8104013450882678,0.807276720211102,0.8119636575268505,0.816650594842599,NaN,0.8104013450882678,NaN,0.8104013450882678,1.007711302297568
new_preds,OFT-0011-02,slow,3.015670427297723,1057,1.0133339429172088,0.6975158703880993,0.6883376159097905,0.6837484886706362,0.6906321795293677,0.6975158703880993,NaN,0.6883376159097905,NaN,0.6883376159097905,1.0133339429172088
new_preds,OFT-0012-00,fast,4.816582404844816,1058,0.9978724134681768,0.9425367919898358,0.9445463961810326,0.945551198276631,0.9440439951332334,0.9425367919898358,NaN,0.9445463961810326,NaN,0.9445463961810326,0.9978724134681768
new_preds,OFT-0012-00,medium,3.8464237212396473,1059,1.0021162585103025,0.9053620104980166,0.9034500765848105,0.9024941096282072,0.903928060063112,0.9053620104980166,NaN,0.9034500765848105,NaN,0.9034500765848105,1.0021162585103025
new_preds,OFT-0012-00,slow,3.16186998546719,1060,0.9925726723169689,0.9376614154748054,0.9446778474023633,0.9481860633661418,0.9429237394204737,0.9376614154748054,NaN,0.9446778474023633,NaN,0.9446778474023633,0.9925726723169689
new_preds,OFT-0013-00,slow,3.1040929891425244,1061,1.006331787805639,0.8348520868499376,0.8295992404954013,0.8269728173181332,0.8309124520840354,0.8348520868499376,NaN,0.8295992404954013,NaN,0.8295992404954013,1.006331787805639
new_preds,OFT-0013-00,fast,4.5971514806492975,1062,1.0015315244657004,0.8921227937456359,0.8907585751946927,0.8900764659192211,0.8910996298324285,0.8921227937456359,NaN,0.8907585751946927,NaN,0.8907585751946927,1.0015315244657004
new_preds,OFT-0013-00,medium,3.7384061534501214,1063,1.0004171803239337,0.9263469311331086,0.9259606385739586,0.9257674922943835,0.9260572117137461,0.9263469311331086,NaN,0.9259606385739586,NaN,0.9259606385739586,1.0004171803239337
new_preds,OFT-0014-00,slow,3.278369909292894,1064,0.9943244217573644,0.827125124952926,0.831846333906864,0.834206938383833,0.8306660316683794,0.827125124952926,NaN,0.831846333906864,NaN,0.831846333906864,0.9943244217573644
new_preds,OFT-0014-00,fast,4.9420649354865125,1065,1.0030085697525477,0.9425666267696658,0.9397393553698214,0.9383257196698995,0.9404461732197826,0.9425666267696658,NaN,0.9397393553698214,NaN,0.9397393553698214,1.0030085697525477
new_preds,OFT-0014-00,medium,3.9748388254963474,1066,0.9949000811433312,0.9236323845155048,0.9283669807867277,0.9307342789223392,0.927183331718922,0.9236323845155048,NaN,0.9283669807867277,NaN,0.9283669807867277,0.9949000811433312
new_preds,OFT-0015-00,slow,3.3594927566437502,1067,1.004846727892923,0.9025692956118903,0.8982158876155176,0.8960391836173314,0.8993042396146109,0.9025692956118903,NaN,0.8982158876155176,NaN,0.8982158876155176,1.004846727892923
new_preds,OFT-0015-00,fast,4.877356753205566,1068,0.9820901539021741,0.7482612463705067,0.7619068813564757,0.7687296988494601,0.7584954726099835,0.7482612463705067,NaN,0.7619068813564757,NaN,0.7619068813564757,0.9820901539021741
new_preds,OFT-0015-00,medium,4.058912947735554,1069,0.986436728475951,0.808586936083975,0.819704815060207,0.8252637545483235,0.8169253453161494,0.808586936083975,NaN,0.819704815060207,NaN,0.819704815060207,0.986436728475951
new_preds,OFT-0016-00,medium,4.147834092062465,1070,1.0105639055502416,0.9307353382468384,0.9210059187103686,0.9161412089421335,0.923438273594486,0.9307353382468384,NaN,0.9210059187103686,NaN,0.9210059187103686,1.0105639055502416
new_preds,OFT-0016-00,fast,5.111453333429583,1071,0.9912754755209162,0.8229819577161355,0.8302252784814006,0.8338469388640333,0.8284144482900844,0.8229819577161355,NaN,0.8302252784814006,NaN,0.8302252784814006,0.9912754755209162
new_preds,OFT-0016-00,slow,3.382785359741817,1072,0.997557615406222,0.7905625243502679,0.7924981095235664,0.7934659021102154,0.7920142132302417,0.7905625243502679,NaN,0.7924981095235664,NaN,0.7924981095235664,0.997557615406222
new_preds,OFT-0017-00,medium,3.697366508680143,1073,1.0009858777473186,0.9373952080347897,0.936471961167287,0.9360103377335358,0.9367027728841628,0.9373952080347897,NaN,0.936471961167287,NaN,0.936471961167287,1.0009858777473186
new_preds,OFT-0017-00,fast,4.4722126437043785,1074,0.9898740582624498,0.8920314926855664,0.901156551421674,0.9057190807897277,0.898875286737647,0.8920314926855664,NaN,0.901156551421674,NaN,0.901156551421674,0.9898740582624498
new_preds,OFT-0017-00,slow,3.0825255212677254,1075,0.9971968405381453,0.9467073992336458,0.9493686308941247,0.950699246724364,0.948703322979005,0.9467073992336458,NaN,0.9493686308941247,NaN,0.9493686308941247,0.9971968405381453
new_preds,OFT-0018-00,slow,3.5402643183304896,1076,1.0440563255241928,0.9689308612921013,0.9280446251840168,0.9076015071299744,0.9382661842110378,0.9689308612921013,NaN,0.9280446251840168,NaN,0.9280446251840168,1.0440563255241928
new_preds,OFT-0018-00,medium,4.352545774855427,1077,0.9929229391259177,0.8924358796344376,0.898796718726289,0.9019771382722144,0.897206508953326,0.8924358796344376,NaN,0.898796718726289,NaN,0.898796718726289,0.9929229391259177
new_preds,OFT-0018-00,fast,5.385130184189311,1078,0.9995159327997639,0.902598520497553,0.9030356504365732,0.9032542154060835,0.9029263679518182,0.902598520497553,NaN,0.9030356504365732,NaN,0.9030356504365732,0.9995159327997639
new_preds,OFT-0019-00,fast,4.731155515481599,1079,0.9957170176720888,0.9609507960042601,0.9650842347265397,0.9671509540876793,0.96405087504597,0.9609507960042601,NaN,0.9650842347265397,NaN,0.9650842347265397,0.9957170176720888
new_preds,OFT-0019-00,medium,3.7627302264476397,1080,1.0059108298057893,0.8585228878755741,0.8534781239419887,0.8509557419751963,0.8547393149253851,0.8585228878755741,NaN,0.8534781239419887,NaN,0.8534781239419887,1.0059108298057893
new_preds,OFT-0019-00,slow,3.1454401668704164,1081,1.001151349723003,0.8990140363531829,0.8979801471594887,0.8974632025626417,0.8982386194579123,0.8990140363531829,NaN,0.8979801471594887,NaN,0.8979801471594887,1.001151349723003
new_preds,OFT-0020-00,fast,5.041835692512438,1082,0.9973365948910539,0.9245416257570621,0.9270106306066673,0.92824513303147,0.9263933793942661,0.9245416257570621,NaN,0.9270106306066673,NaN,0.9270106306066673,0.9973365948910539
new_preds,OFT-0020-00,medium,4.156083708800489,1083,0.998847303302652,0.930329996777419,0.9314036226571538,0.9319404355970213,0.9311352161872202,0.930329996777419,NaN,0.9314036226571538,NaN,0.9314036226571538,0.998847303302652
new_preds,OFT-0020-00,slow,3.304644124027117,1084,0.9928139037491144,0.9857932571866792,0.9929285372254322,0.9964961772448085,0.9911447172157439,0.9857932571866792,NaN,0.9929285372254322,NaN,0.9929285372254322,0.9928139037491144
new_preds,OFT-0021-00,fast,5.062779652439827,1085,0.9995444324548549,0.9400733685094322,0.9405018306196121,0.9407160616747021,0.9403947150920673,0.9400733685094322,NaN,0.9405018306196121,NaN,0.9405018306196121,0.9995444324548549
new_preds,OFT-0021-00,medium,4.131614062310055,1086,1.0036531615515103,0.9777420025794187,0.9741831541365978,0.9724037299151873,0.9750728662473032,0.9777420025794187,NaN,0.9741831541365978,NaN,0.9741831541365978,1.0036531615515103
new_preds,OFT-0021-00,slow,3.309804156537464,1087,0.9992239580585712,0.9664746396005435,0.9672252469589925,0.9676005506382173,0.9670375951193804,0.9664746396005435,NaN,0.9672252469589925,NaN,0.9672252469589925,0.9992239580585712
new_preds,OFT-0022-00,fast,5.430273868354208,1088,0.9891502445316012,0.7413458631548431,0.7494775108769219,0.7535433347379614,0.7474445989464022,0.7413458631548431,NaN,0.7494775108769219,NaN,0.7494775108769219,0.9891502445316012
new_preds,OFT-0022-00,medium,4.37535709171642,1089,1.005193288716943,0.850957610224055,0.8465611736328257,0.8443629553372108,0.847660282780633,0.850957610224055,NaN,0.8465611736328257,NaN,0.8465611736328257,1.005193288716943
new_preds,OFT-0022-00,slow,3.4577596651168006,1090,0.9898188749212119,0.8714712072271628,0.8804350263542212,0.8849169359177503,0.8781940715724565,0.8714712072271628,NaN,0.8804350263542212,NaN,0.8804350263542212,0.9898188749212119
new_preds,OFT-0023-00,fast,4.662418215599504,1091,0.9967334553034913,0.920316761916599,0.9233328700062299,0.9248409240510453,0.9225788429838222,0.920316761916599,NaN,0.9233328700062299,NaN,0.9233328700062299,0.9967334553034913
new_preds,OFT-0023-00,medium,3.9262786988110183,1092,1.010098801051822,0.8517207623274416,0.8432053987595468,0.8389477169755994,0.8453342396515205,0.8517207623274416,NaN,0.8432053987595468,NaN,0.8432053987595468,1.010098801051822
new_preds,OFT-0023-00,slow,3.3322040869756733,1093,0.9915876916642229,0.8768464166229576,0.8842852971997965,0.8880047374882161,0.8824255770555868,0.8768464166229576,NaN,0.8842852971997965,NaN,0.8842852971997965,0.9915876916642229
new_preds,OFT-0024-00,fast,5.0000878052863404,1094,1.0004008300821172,0.904763810330816,0.9044012990838374,0.904220043460348,0.904491926895582,0.904763810330816,NaN,0.9044012990838374,NaN,0.9044012990838374,1.0004008300821172
new_preds,OFT-0024-00,medium,3.987619251094702,1095,0.9971976797996347,0.9678232332852159,0.9705430055550059,0.9719028916899011,0.9698630624875586,0.9678232332852159,NaN,0.9705430055550059,NaN,0.9705430055550059,0.9971976797996347
new_preds,OFT-0024-00,slow,3.190250778024826,1096,0.9972129966774408,0.9236731988127412,0.9262546736657837,0.9275454110923048,0.925609304952523,0.9236731988127412,NaN,0.9262546736657837,NaN,0.9262546736657837,0.9972129966774408
new_preds,OFT-0025-00,fast,5.600827663625582,1097,0.9978863414813708,0.9459681008711387,0.9479717895194767,0.9489736338436456,0.9474708673573922,0.9459681008711387,NaN,0.9479717895194767,NaN,0.9479717895194767,0.9978863414813708
new_preds,OFT-0025-00,slow,3.4932680168303962,1098,1.0098386525410383,0.9431442313303402,0.933955368966244,0.9293609377841958,0.936252584557268,0.9431442313303402,NaN,0.933955368966244,NaN,0.933955368966244,1.0098386525410383
new_preds,OFT-0025-00,medium,4.495146717050776,1099,0.9993168512143437,0.8465711192681766,0.8471498486585567,0.8474392133537465,0.8470051663109617,0.8465711192681766,NaN,0.8471498486585567,NaN,0.8471498486585567,0.9993168512143437
new_preds,OFT-0026-00,medium,4.465627063356117,1100,1.0116331980143152,0.8097846184093996,0.8004725625838356,0.7958165346710537,0.8028005765402266,0.8097846184093996,NaN,0.8004725625838356,NaN,0.8004725625838356,1.0116331980143152
new_preds,OFT-0026-00,slow,3.5222675096091374,1101,0.9927706835599821,0.8838923061171222,0.8903287745640994,0.8935470087875882,0.8887196574523553,0.8838923061171222,NaN,0.8903287745640994,NaN,0.8903287745640994,0.9927706835599821
new_preds,OFT-0026-00,fast,5.466693345154297,1102,0.9988095141483674,0.9565509644560858,0.9576910821396077,0.9582611409813686,0.9574060527187271,0.9565509644560858,NaN,0.9576910821396077,NaN,0.9576910821396077,0.9988095141483674
new_preds,OFT-0027-00,medium,3.871510443043571,1103,0.9981768561600949,0.890296198341197,0.8919223009899208,0.8927353523142827,0.89151577532774,0.890296198341197,NaN,0.8919223009899208,NaN,0.8919223009899208,0.9981768561600949
new_preds,OFT-0027-00,fast,4.636155966325361,1104,0.9990738985732132,0.8622491258501692,0.8630483962012773,0.8634480313768312,0.8628485786135003,0.8622491258501692,NaN,0.8630483962012773,NaN,0.8630483962012773,0.9990738985732132
new_preds,OFT-0027-00,slow,3.2911380880013588,1105,0.9784145559102724,0.8216301049854968,0.839756624655987,0.8488198844912322,0.8352249947383645,0.8216301049854968,NaN,0.839756624655987,NaN,0.839756624655987,0.9784145559102724
new_preds,OFT-0028-00,fast,4.689858284698439,1106,1.0038908559999258,0.9327907702485515,0.9291754822484611,0.9273678382484161,0.9300793042484838,0.9327907702485515,NaN,0.9291754822484611,NaN,0.9291754822484611,1.0038908559999258
new_preds,OFT-0028-00,medium,3.7722514080631764,1107,1.003317535495786,0.8511582932581001,0.8483438823158843,0.8469366768447765,0.8490474850514381,0.8511582932581001,NaN,0.8483438823158843,NaN,0.8483438823158843,1.003317535495786
new_preds,OFT-0028-00,slow,3.085291040964531,1108,0.9938784679914562,0.9411316569030975,0.946928308855553,0.9498266348317809,0.9454791458674392,0.9411316569030975,NaN,0.946928308855553,NaN,0.946928308855553,0.9938784679914562
new_preds,OFT-0029-00,medium,4.125009575616223,1109,0.9928307889749391,0.9568936673141195,0.9638033771112967,0.9672582320098853,0.9620759496620023,0.9568936673141195,NaN,0.9638033771112967,NaN,0.9638033771112967,0.9928307889749391
new_preds,OFT-0029-00,fast,5.094155729850048,1110,0.9891087364927842,0.9378752829012784,0.9482024051539862,0.9533659662803403,0.9456206245908094,0.9378752829012784,NaN,0.9482024051539862,NaN,0.9482024051539862,0.9891087364927842
new_preds,OFT-0029-00,slow,3.449818918087639,1111,1.0066543102617724,0.8152623362161829,0.8098731887455789,0.8071786150102765,0.8112204756132299,0.8152623362161829,NaN,0.8098731887455789,NaN,0.8098731887455789,1.0066543102617724
new_preds,OFT-0030-00,slow,3.503086394316317,1112,1.0044856184247675,0.8563680935223379,0.8525439068657775,0.8506318135374975,0.8534999535299178,0.8563680935223379,NaN,0.8525439068657775,NaN,0.8525439068657775,1.0044856184247675
new_preds,OFT-0030-00,fast,5.116356199746773,1113,1.0001910799489322,0.9403257192129499,0.9401460761487307,0.9400562546166211,0.9401909869147854,0.9403257192129499,NaN,0.9401460761487307,NaN,0.9401460761487307,1.0001910799489322
new_preds,OFT-0030-00,medium,4.194069349249732,1114,1.0012043013017164,0.9082295147298834,0.9071370484016582,0.9065908152375457,0.9074101649837145,0.9082295147298834,NaN,0.9071370484016582,NaN,0.9071370484016582,1.0012043013017164
new_preds,OFT-0031-00,fast,4.638087908364266,1115,1.0069306659172534,0.918317252053861,0.9119965089327468,0.9088361373721894,0.9135766947130253,0.918317252053861,NaN,0.9119965089327468,NaN,0.9119965089327468,1.0069306659172534
new_preds,OFT-0031-00,slow,3.0885127575273117,1116,0.996157805677094,0.9474846059132995,0.951139067036963,0.9529662975987947,0.950225451756047,0.9474846059132995,NaN,0.951139067036963,NaN,0.951139067036963,0.996157805677094
new_preds,OFT-0031-00,medium,3.7244419491942544,1117,1.001804823583288,0.91165783910118,0.9100154218067474,0.9091942131595312,0.9104260261303556,0.91165783910118,NaN,0.9100154218067474,NaN,0.9100154218067474,1.001804823583288
new_preds,OFT-0032-00,fast,4.907757717701656,1118,1.0141033451882386,0.778442840376522,0.7676168746214193,0.7622038917438678,0.7703233660601949,0.778442840376522,NaN,0.7676168746214193,NaN,0.7676168746214193,1.0141033451882386
new_preds,OFT-0032-00,slow,3.342672858074038,1119,1.0421745416427177,0.7145425559602546,0.6856265696473104,0.6711685764908384,0.6928555662255464,0.7145425559602546,NaN,0.6856265696473104,NaN,0.6856265696473104,1.0421745416427177
new_preds,OFT-0032-00,medium,4.040219278327123,1120,0.9991514182104458,0.8621758033647967,0.8629080514232942,0.863274175452543,0.8627249894086697,0.8621758033647967,NaN,0.8629080514232942,NaN,0.8629080514232942,0.9991514182104458
new_preds,OFT-0033-00,fast,4.905183307370193,1121,0.9947579543553459,0.9225559107834111,0.927417475521746,0.9298482578909136,0.9262020843371623,0.9225559107834111,NaN,0.927417475521746,NaN,0.927417475521746,0.9947579543553459
new_preds,OFT-0033-00,slow,3.342021748421344,1122,0.9959811998027691,0.9200566869421174,0.9237691305059906,0.9256253522879272,0.9228410196150223,0.9200566869421174,NaN,0.9237691305059906,NaN,0.9237691305059906,0.9959811998027691
new_preds,OFT-0033-00,medium,3.9848760324780574,1123,0.9992525528708261,0.9433689672992402,0.9440746131585716,0.9444274360882374,0.943898201693739,0.9433689672992402,NaN,0.9440746131585716,NaN,0.9440746131585716,0.9992525528708261
new_preds,OFT-0034-00,fast,5.074866239014861,1124,0.9989590359026586,0.9582179970181409,0.9592165069634672,0.9597157619361303,0.9589668794771357,0.9582179970181409,NaN,0.9592165069634672,NaN,0.9592165069634672,0.9989590359026586
new_preds,OFT-0034-00,medium,4.112262384388982,1125,1.0128076895493148,0.9168416189322249,0.9052474901135542,0.8994504257042191,0.9081460223182218,0.9168416189322249,NaN,0.9052474901135542,NaN,0.9052474901135542,1.0128076895493148
new_preds,OFT-0034-00,slow,3.3984488727498476,1126,0.9958029927701645,0.9281478502558365,0.9320597116040772,0.9340156422781974,0.9310817462670169,0.9281478502558365,NaN,0.9320597116040772,NaN,0.9320597116040772,0.9958029927701645
new_preds,OFT-0035-00,fast,5.636674252727393,1127,0.9654841326945135,0.6050311655454473,0.6266609103734321,0.6374757827874244,0.621253474166436,0.6050311655454473,NaN,0.6266609103734321,NaN,0.6266609103734321,0.9654841326945135
new_preds,OFT-0035-00,slow,3.68583201963313,1128,0.9993479091680855,0.859199963799114,0.8597606058078026,0.8600409268121467,0.8596204453056302,0.859199963799114,NaN,0.8597606058078026,NaN,0.8597606058078026,0.9993479091680855
new_preds,OFT-0035-00,medium,4.600013190741494,1129,0.9949852212272012,0.9002658818089473,0.9048032700411084,0.9070719641571892,0.9036689229830682,0.9002658818089473,NaN,0.9048032700411084,NaN,0.9048032700411084,0.9949852212272012
new_preds,OFT-0036-00,fast,5.174734272835803,1130,1.0076860002800505,0.9349509913298081,0.9278197683305828,0.9242541568309701,0.9296025740803893,0.9349509913298081,NaN,0.9278197683305828,NaN,0.9278197683305828,1.0076860002800505
new_preds,OFT-0036-00,medium,4.205851643364822,1131,1.009749341484853,0.9224077509934612,0.9135017108672191,0.909048690804098,0.9157282208987796,0.9224077509934612,NaN,0.9135017108672191,NaN,0.9135017108672191,1.009749341484853
new_preds,OFT-0036-00,slow,3.459140459234746,1132,0.997495111896547,0.9320743071685755,0.9344149119652463,0.9355852143635817,0.9338297607660786,0.9320743071685755,NaN,0.9344149119652463,NaN,0.9344149119652463,0.997495111896547
new_preds,OFT-0037-00,fast,5.1456498115666465,1133,0.9995026694264156,0.9517213868498758,0.9521949425067969,0.9524317203352575,0.9520765535925667,0.9517213868498758,NaN,0.9521949425067969,NaN,0.9521949425067969,0.9995026694264156
new_preds,OFT-0037-00,slow,3.4276486876703487,1134,1.008575844724417,0.8018909935259629,0.7950725745817077,0.7916633651095799,0.7967771793177714,0.8018909935259629,NaN,0.7950725745817077,NaN,0.7950725745817077,1.008575844724417
new_preds,OFT-0037-00,medium,4.180740689508571,1135,0.9822833732954808,0.7770705141547182,0.7910858875150354,0.7980935741951941,0.787582044174956,0.7770705141547182,NaN,0.7910858875150354,NaN,0.7910858875150354,0.9822833732954808
new_preds,OFT-0038-00,fast,5.136939534951243,1136,0.9983896383667783,0.9601632615411209,0.9617119655927217,0.9624863176185219,0.9613247895798216,0.9601632615411209,NaN,0.9617119655927217,NaN,0.9617119655927217,0.9983896383667783
new_preds,OFT-0038-00,slow,3.573018146867977,1137,1.012817599398944,0.7889369389042264,0.7789526360644016,0.7739604846444892,0.7814487117743578,0.7889369389042264,NaN,0.7789526360644016,NaN,0.7789526360644016,1.012817599398944
new_preds,OFT-0038-00,medium,4.309150394658102,1138,1.0089641730235606,0.8694036660248884,0.8616794225899503,0.8578173008724812,0.8636104834486847,0.8694036660248884,NaN,0.8616794225899503,NaN,0.8616794225899503,1.0089641730235606
new_preds,OFT-0039-00,slow,3.2498250239066158,1139,1.0033431479169266,0.896304769620065,0.8933182744915462,0.8918250269272867,0.8940648982736759,0.896304769620065,NaN,0.8933182744915462,NaN,0.8933182744915462,1.0033431479169266
new_preds,OFT-0039-00,medium,3.9250382545508016,1140,0.9908780382028174,0.9401640752463148,0.9488191674441753,0.9531467135431058,0.9466553943947102,0.9401640752463148,NaN,0.9488191674441753,NaN,0.9488191674441753,0.9908780382028174
new_preds,OFT-0039-00,fast,4.746900983575478,1141,0.9970337663450504,0.9357312433129616,0.938515098383465,0.9399070259187166,0.9378191346158391,0.9357312433129616,NaN,0.938515098383465,NaN,0.938515098383465,0.9970337663450504
new_preds,OFT-0040-00,fast,4.910625749642269,1142,0.9967186110790006,0.8956478141911868,0.8985964586550668,0.9000707808870068,0.8978592975390968,0.8956478141911868,NaN,0.8985964586550668,NaN,0.8985964586550668,0.9967186110790006
new_preds,OFT-0040-00,slow,3.369265506160937,1143,1.102177594858113,0.9183611743225124,0.8332243175753687,0.790655889201797,0.8545085317621547,0.9183611743225124,NaN,0.8332243175753687,NaN,0.8332243175753687,1.102177594858113
new_preds,OFT-0040-00,medium,4.045628044992792,1144,0.9969486645737305,0.8841120031363507,0.8868179822622805,0.8881709718252453,0.886141487480798,0.8841120031363507,NaN,0.8868179822622805,NaN,0.8868179822622805,0.9969486645737305
new_preds,OFT-0041-00,fast,5.238239106978777,1145,0.9935081211536984,0.8939705616720437,0.8998120323706383,0.9027327677199357,0.8983516646959895,0.8939705616720437,NaN,0.8998120323706383,NaN,0.8998120323706383,0.9935081211536984
new_preds,OFT-0041-00,slow,3.318579737580307,1146,1.0103084192267033,0.7958369122385486,0.7877167972604715,0.7836567397714328,0.7897468260049907,0.7958369122385486,NaN,0.7877167972604715,NaN,0.7877167972604715,1.0103084192267033
new_preds,OFT-0041-00,medium,4.040705128448891,1147,0.9989952062850005,0.8889686384769749,0.889862766992461,0.890309831250204,0.8896392348635895,0.8889686384769749,NaN,0.889862766992461,NaN,0.889862766992461,0.9989952062850005
new_preds,OFT-0042-00,fast,5.389475259488362,1148,0.999951315434699,0.873175452597502,0.873217964834533,0.8732392209530483,0.8732073367752752,0.873175452597502,NaN,0.873217964834533,NaN,0.873217964834533,0.999951315434699
new_preds,OFT-0042-00,slow,3.498240504773326,1149,0.9983933693800782,0.7594093000604877,0.7606313536837886,0.7612423804954391,0.7603258402779636,0.7594093000604877,NaN,0.7606313536837886,NaN,0.7606313536837886,0.9983933693800782
new_preds,OFT-0042-00,medium,4.381898257016973,1150,1.0034545886267772,0.8382638708425934,0.8353779835615217,0.8339350399209859,0.8360994553817896,0.8382638708425934,NaN,0.8353779835615217,NaN,0.8353779835615217,1.0034545886267772
new_preds,OFT-0043-00,medium,3.840661465708883,1151,0.9827266475781733,0.8402750798491312,0.8550445659735604,0.8624293090357746,0.8513521944424529,0.8402750798491312,NaN,0.8550445659735604,NaN,0.8550445659735604,0.9827266475781733
new_preds,OFT-0043-00,fast,4.577066320931733,1152,1.0004136682149531,0.9382923482156544,0.9379043669903648,0.9377103763777198,0.9380013622966872,0.9382923482156544,NaN,0.9379043669903648,NaN,0.9379043669903648,1.0004136682149531
new_preds,OFT-0043-00,slow,3.2472036452514033,1153,1.0033721702666072,0.9399866568794681,0.9368275149884844,0.9352479440429926,0.9376173004612305,0.9399866568794681,NaN,0.9368275149884844,NaN,0.9368275149884844,1.0033721702666072
new_preds,OFT-0044-00,fast,4.681441465310782,1154,0.9980600356418351,0.8586098462946534,0.860278756420195,0.8611132114829659,0.8598615288888097,0.8586098462946534,NaN,0.860278756420195,NaN,0.860278756420195,0.9980600356418351
new_preds,OFT-0044-00,medium,3.9761796698040714,1155,1.0055636660446414,0.8567921865006721,0.85205165563593,0.8496813902035589,0.8532367883521156,0.8567921865006721,NaN,0.85205165563593,NaN,0.85205165563593,1.0055636660446414
new_preds,OFT-0044-00,slow,3.33816541828825,1156,0.994493280934347,0.7426692962662476,0.7467816128113952,0.7488377710839687,0.7457535336751081,0.7426692962662476,NaN,0.7467816128113952,NaN,0.7467816128113952,0.994493280934347
new_preds,OFT-0045-00,fast,5.005646178090028,1157,1.0017193712773533,0.883758006647949,0.8822411066295097,0.8814826566202902,0.8826203316341195,0.883758006647949,NaN,0.8822411066295097,NaN,0.8822411066295097,1.0017193712773533
new_preds,OFT-0045-00,slow,3.406597898820057,1158,0.9963656710499413,0.8749562186092213,0.8781476962039627,0.8797434350013336,0.8773498268052774,0.8749562186092213,NaN,0.8781476962039627,NaN,0.8781476962039627,0.9963656710499413
new_preds,OFT-0045-00,medium,4.165164684219115,1159,0.9946836421302924,0.9412813985637838,0.9463123335856433,0.9488278010965727,0.9450545998301783,0.9412813985637838,NaN,0.9463123335856433,NaN,0.9463123335856433,0.9946836421302924
new_preds,OFT-0046-00,fast,4.909976738525584,1160,1.0012604316359774,0.9661932716169994,0.9649769840982518,0.964368840338878,0.9652810559779388,0.9661932716169994,NaN,0.9649769840982518,NaN,0.9649769840982518,1.0012604316359774
new_preds,OFT-0046-00,slow,3.2774332719978854,1161,0.9834210658701382,0.9211579562135886,0.9366872321354447,0.9444518700963729,0.9328049131549807,0.9211579562135886,NaN,0.9366872321354447,NaN,0.9366872321354447,0.9834210658701382
new_preds,OFT-0046-00,medium,4.056925977091871,1162,0.9968514917664538,0.9192277599673051,0.922131097319625,0.9235827659957853,0.921405262981545,0.9192277599673051,NaN,0.922131097319625,NaN,0.922131097319625,0.9968514917664538
new_preds,OFT-0047-00,medium,4.608170125693324,1163,0.9958973946683722,0.9466135140671259,0.9505130941549882,0.9524628841989196,0.9495381991330227,0.9466135140671259,NaN,0.9505130941549882,NaN,0.9505130941549882,0.9958973946683722
new_preds,OFT-0047-00,fast,5.529360019048816,1164,0.999830501544046,0.9495573990590551,0.9497183748571846,0.949798862756249,0.9496781309076521,0.9495573990590551,NaN,0.9497183748571846,NaN,0.9497183748571846,0.999830501544046
new_preds,OFT-0047-00,slow,3.8378174895564663,1165,1.0013930925431,0.9127051320507391,0.9114354181661746,0.9108005612238923,0.9117528466373158,0.9127051320507391,NaN,0.9114354181661746,NaN,0.9114354181661746,1.0013930925431
new_preds,OFT-0048-00,fast,5.277443676530871,1166,1.0137606026150203,0.894613608625022,0.8824702857038873,0.8763986242433197,0.8855061164341709,0.894613608625022,NaN,0.8824702857038873,NaN,0.8824702857038873,1.0137606026150203
new_preds,OFT-0048-00,medium,4.275010731493961,1167,0.9913961844663631,0.8407988492288341,0.8480957082575512,0.8517441377719097,0.8462714935003719,0.8407988492288341,NaN,0.8480957082575512,NaN,0.8480957082575512,0.9913961844663631
new_preds,OFT-0048-00,slow,3.452804146970078,1168,0.9875895374563609,0.8249938314472443,0.8353610484494411,0.8405446569505397,0.8327692441988919,0.8249938314472443,NaN,0.8353610484494411,NaN,0.8353610484494411,0.9875895374563609
new_preds,OFT-0049-00,medium,4.310754595776083,1169,0.994372394375754,0.8703708989447987,0.8752967237100334,0.8777596360926507,0.8740652675187247,0.8703708989447987,NaN,0.8752967237100334,NaN,0.8752967237100334,0.994372394375754
new_preds,OFT-0049-00,fast,5.452710883470824,1170,1.0026424354273324,0.9317344926352253,0.9292789330606323,0.9280511532733355,0.9298928229542804,0.9317344926352253,NaN,0.9292789330606323,NaN,0.9292789330606323,1.0026424354273324
new_preds,OFT-0049-00,slow,3.6265141910978453,1171,0.9923278310564743,0.9032143069734563,0.9101974959342378,0.9136890904146286,0.9084516986940425,0.9032143069734563,NaN,0.9101974959342378,NaN,0.9101974959342378,0.9923278310564743
new_preds,OFT-0050-00,slow,3.4955942920282,1172,1.0039170361323697,0.8428277334334076,0.8395392279430131,0.8378949751978158,0.8403613543156119,0.8428277334334076,NaN,0.8395392279430131,NaN,0.8395392279430131,1.0039170361323697
new_preds,OFT-0050-00,medium,4.399895436688219,1173,1.0025960459409402,0.8929779491171765,0.8906657399382752,0.8895096353488245,0.8912437922330007,0.8929779491171765,NaN,0.8906657399382752,NaN,0.8906657399382752,1.0025960459409402
new_preds,OFT-0050-00,fast,5.6031437717429435,1174,1.013611132930899,0.7641158938967867,0.7538550722971181,0.7487246614972837,0.7564202776970352,0.7641158938967867,NaN,0.7538550722971181,NaN,0.7538550722971181,1.013611132930899
new_preds,OFT-0051-00,fast,4.9461600062430335,1175,0.9976549523377581,0.849419337235784,0.8514159482147404,0.8524142537042189,0.8509167954700013,0.849419337235784,NaN,0.8514159482147404,NaN,0.8514159482147404,0.9976549523377581
new_preds,OFT-0051-00,medium,4.0526742313118085,1176,1.0074739931396344,0.921627657325408,0.9147905192602543,0.9113719502276776,0.9164998037765428,0.921627657325408,NaN,0.9147905192602543,NaN,0.9147905192602543,1.0074739931396344
new_preds,OFT-0051-00,slow,3.3802546778317897,1177,0.9882516568959644,0.8175619340091146,0.8272811164081674,0.8321407076076937,0.8248513208084042,0.8175619340091146,NaN,0.8272811164081674,NaN,0.8272811164081674,0.9882516568959644
new_preds,OFT-0052-00,medium,3.848509122276504,1178,0.9944853273910742,0.8411030455596225,0.8457671746310891,0.8480992391668223,0.8446011423632225,0.8411030455596225,NaN,0.8457671746310891,NaN,0.8457671746310891,0.9944853273910742
new_preds,OFT-0052-00,fast,4.601074317152047,1179,1.0044694267810899,0.8856756518667712,0.8817348027256502,0.8797643781550897,0.8827200150109304,0.8856756518667712,NaN,0.8817348027256502,NaN,0.8817348027256502,1.0044694267810899
new_preds,OFT-0052-00,slow,3.2948898681534913,1180,1.0279137644324348,0.7352372498215486,0.7152713342908797,0.7052883765255453,0.7202628131735469,0.7352372498215486,NaN,0.7152713342908797,NaN,0.7152713342908797,1.0279137644324348
new_preds,OFT-0053-00,fast,4.672291047450239,1181,0.9850891151173514,0.6422596665958256,0.6519812844742626,0.656842093413481,0.6495508800046533,0.6422596665958256,NaN,0.6519812844742626,NaN,0.6519812844742626,0.9850891151173514
new_preds,OFT-0053-00,slow,3.2553105592862006,1182,0.98645626991838,0.857895757629424,0.8696743928652882,0.8755637104832203,0.8667297340563223,0.857895757629424,NaN,0.8696743928652882,NaN,0.8696743928652882,0.98645626991838
new_preds,OFT-0053-00,medium,3.9245880519555953,1183,0.9995698708546367,0.9368722903210314,0.9372754398049247,0.9374770145468714,0.9371746524339513,0.9368722903210314,NaN,0.9372754398049247,NaN,0.9372754398049247,0.9995698708546367
new_preds,OFT-0054-00,fast,5.178386131897014,1184,0.9974550999729437,0.8733239445357763,0.8755521371934091,0.8766662335222255,0.874995089029001,0.8733239445357763,NaN,0.8755521371934091,NaN,0.8755521371934091,0.9974550999729437
new_preds,OFT-0054-00,slow,3.473048563445861,1185,0.9942293004058275,0.8712446762117289,0.8763015492061053,0.8788299857032935,0.8750373309575111,0.8712446762117289,NaN,0.8763015492061053,NaN,0.8763015492061053,0.9942293004058275
new_preds,OFT-0054-00,medium,4.26134203628955,1186,0.9929044283952644,0.8495264986199421,0.8555974516026178,0.8586329280939555,0.8540797133569488,0.8495264986199421,NaN,0.8555974516026178,NaN,0.8555974516026178,0.9929044283952644
new_preds,OFT-0055-00,fast,5.328246481629842,1187,1.011250601920213,0.770993500983603,0.762415863604533,0.7581270449149982,0.7645602729493004,0.770993500983603,NaN,0.762415863604533,NaN,0.762415863604533,1.011250601920213
new_preds,OFT-0055-00,slow,3.587600019005487,1188,0.9879075320018957,0.8603308915822033,0.8708617595402162,0.8761271935192225,0.8682290425507129,0.8603308915822033,NaN,0.8708617595402162,NaN,0.8708617595402162,0.9879075320018957
new_preds,OFT-0055-00,medium,4.388617096044731,1189,1.018588831568753,0.8143833261394217,0.7995211619247488,0.7920900798174124,0.8032367029784169,0.8143833261394217,NaN,0.7995211619247488,NaN,0.7995211619247488,1.018588831568753
new_preds,OFT-0056-00,fast,5.607206715098431,1190,0.994383126841228,0.967549259953578,0.9730145593148881,0.9757472089955432,0.9716482344745607,0.967549259953578,NaN,0.9730145593148881,NaN,0.9730145593148881,0.994383126841228
new_preds,OFT-0056-00,slow,3.6395802442406087,1191,1.0176205158268508,0.9270263220680477,0.9109744817937439,0.902948561656592,0.9149874418623198,0.9270263220680477,NaN,0.9109744817937439,NaN,0.9109744817937439,1.0176205158268508
new_preds,OFT-0056-00,medium,4.481613045520081,1192,0.9969501167076332,0.982736085689068,0.9857424852253328,0.9872456849934651,0.9849908853412664,0.982736085689068,NaN,0.9857424852253328,NaN,0.9857424852253328,0.9969501167076332
new_preds,OFT-0057-00,medium,4.253524801425374,1193,1.0018150796917737,0.8707350892141958,0.8691574990886471,0.8683687040258726,0.8695518966200342,0.8707350892141958,NaN,0.8691574990886471,NaN,0.8691574990886471,1.0018150796917737
new_preds,OFT-0057-00,fast,5.4070268651279365,1194,0.9844151378776966,0.6877640576742016,0.698652459933676,0.7040966610634132,0.6959303593688073,0.6877640576742016,NaN,0.698652459933676,NaN,0.698652459933676,0.9844151378776966
new_preds,OFT-0057-00,slow,3.433597515076663,1195,0.9902818678843788,0.9538658319142658,0.963226595223932,0.9679069768787651,0.9608864043965154,0.9538658319142658,NaN,0.963226595223932,NaN,0.963226595223932,0.9902818678843788
new_preds,OFT-0058-00,slow,3.6126657826705215,1196,1.0031573529280835,0.9688261591595265,0.9657768607603295,0.9642522115607313,0.9665391853601288,0.9688261591595265,NaN,0.9657768607603295,NaN,0.9657768607603295,1.0031573529280835
new_preds,OFT-0058-00,fast,5.65005621325308,1197,0.9868523239318372,0.757447244620082,0.7675385934161305,0.7725842678141548,0.7650157562171184,0.757447244620082,NaN,0.7675385934161305,NaN,0.7675385934161305,0.9868523239318372
new_preds,OFT-0058-00,medium,4.508250694040816,1198,1.0135629817145737,0.7296198015605708,0.7198564023385344,0.7149747027275161,0.7222972521440434,0.7296198015605708,NaN,0.7198564023385344,NaN,0.7198564023385344,1.0135629817145737
new_preds,OFT-0059-00,fast,5.023918901824135,1199,0.9915049795118672,0.9163304043226603,0.92418134377276,0.9281068134978097,0.9222186089102349,0.9163304043226603,NaN,0.92418134377276,NaN,0.92418134377276,0.9915049795118672
new_preds,OFT-0059-00,medium,4.1716139434740045,1200,0.996048843419355,0.8867787940071745,0.890296494861572,0.8920553452887707,0.8894170696479726,0.8867787940071745,NaN,0.890296494861572,NaN,0.890296494861572,0.996048843419355
new_preds,OFT-0059-00,slow,3.441765182989483,1201,0.9769526107859381,0.9110147525586638,0.9325065949982685,0.9432525162180706,0.9271336343883672,0.9110147525586638,NaN,0.9325065949982685,NaN,0.9325065949982685,0.9769526107859381
new_preds,OFT-0060-00,medium,4.444079439508425,1202,1.0102439152502838,0.8942565334959546,0.8851887351129516,0.8806548359214499,0.8874556847087023,0.8942565334959546,NaN,0.8851887351129516,NaN,0.8851887351129516,1.0102439152502838
new_preds,OFT-0060-00,slow,3.600198096267784,1203,1.0116938869371421,0.8530849814967193,0.8432244105767959,0.8382941251168342,0.8456895533067769,0.8530849814967193,NaN,0.8432244105767959,NaN,0.8432244105767959,1.0116938869371421
new_preds,OFT-0060-00,fast,5.516939642524962,1204,1.0245262279857055,0.9311071718078847,0.9088173112351751,0.8976723809488202,0.9143897763783524,0.9311071718078847,NaN,0.9088173112351751,NaN,0.9088173112351751,1.0245262279857055
new_preds,OFT-0061-00,slow,3.616822564352913,1205,1.0087283736251789,0.8593340755604771,0.85189838813812,0.8481805444269417,0.8537573099937095,0.8593340755604771,NaN,0.85189838813812,NaN,0.85189838813812,1.0087283736251789
new_preds,OFT-0061-00,medium,4.583462954830817,1206,1.0027826122735246,0.8143768619660885,0.8121170550810812,0.8109871516385777,0.812682006802333,0.8143768619660885,NaN,0.8121170550810812,NaN,0.8121170550810812,1.0027826122735246
new_preds,OFT-0061-00,fast,5.689887284167787,1207,1.000926310617188,0.9456161148463451,0.9447409912356709,0.9443034294303339,0.9449597721383394,0.9456161148463451,NaN,0.9447409912356709,NaN,0.9447409912356709,1.000926310617188
new_preds,OFT-0062-00,medium,4.375799738921939,1208,1.0089028303919527,0.9323181791694983,0.9240911523732155,0.919977638975074,0.9261479090722862,0.9323181791694983,NaN,0.9240911523732155,NaN,0.9240911523732155,1.0089028303919527
new_preds,OFT-0062-00,fast,5.826138086422679,1209,1.0050944663567416,0.8685936464669195,0.864191054215422,0.8619897580896734,0.8652917022782962,0.8685936464669195,NaN,0.864191054215422,NaN,0.864191054215422,1.0050944663567416
new_preds,OFT-0062-00,slow,3.5158360240914805,1210,1.0085496518956418,0.9490325138435906,0.9409873991427348,0.9369648417923068,0.9429986778179487,0.9490325138435906,NaN,0.9409873991427348,NaN,0.9409873991427348,1.0085496518956418
new_preds,OFT-0063-00,slow,3.7245741270257473,1211,0.9994448187656276,0.9164331688681442,0.9169422379916806,0.9171967725534487,0.9168149707107964,0.9164331688681442,NaN,0.9169422379916806,NaN,0.9169422379916806,0.9994448187656276
new_preds,OFT-0063-00,medium,4.796462647490115,1212,1.010030600128491,0.8441469247651787,0.8357637131566019,0.8315721073523135,0.8378595160587461,0.8441469247651787,NaN,0.8357637131566019,NaN,0.8357637131566019,1.010030600128491
new_preds,OFT-0063-00,fast,6.185609501727299,1213,1.016205643189476,0.8864011010690287,0.8722654779666043,0.8651976664153921,0.8757993837422104,0.8864011010690287,NaN,0.8722654779666043,NaN,0.8722654779666043,1.016205643189476
new_preds,OFT-0064-00,fast,4.873971615111879,1214,0.9992382053254721,0.9515339566092738,0.9522593827358111,0.9526220957990797,0.9520780262041768,0.9515339566092738,NaN,0.9522593827358111,NaN,0.9522593827358111,0.9992382053254721
new_preds,OFT-0064-00,medium,3.9403526875262793,1215,1.00547224327491,0.944803201612668,0.939661147219104,0.9370901200223218,0.9409466608174949,0.944803201612668,NaN,0.939661147219104,NaN,0.939661147219104,1.00547224327491
new_preds,OFT-0064-00,slow,3.1567036015806527,1216,0.996554935436421,0.9203484539148099,0.9235300746483804,0.9251208850151658,0.9227346694649879,0.9203484539148099,NaN,0.9235300746483804,NaN,0.9235300746483804,0.996554935436421
new_preds,OFT-0065-00,fast,5.612586133949324,1217,1.0177367197328824,0.8405103538339855,0.8258622662790313,0.8185382225015542,0.8295242881677698,0.8405103538339855,NaN,0.8258622662790313,NaN,0.8258622662790313,1.0177367197328824
new_preds,OFT-0065-00,medium,4.415957746956143,1218,0.9949950481572977,0.8451879555802204,0.8494393586636279,0.8515650602053315,0.848376507892776,0.8451879555802204,NaN,0.8494393586636279,NaN,0.8494393586636279,0.9949950481572977
new_preds,OFT-0065-00,slow,3.49150234667756,1219,0.9887426132225389,0.9445069769646138,0.9552607163215602,0.9606375860000331,0.9525722814823235,0.9445069769646138,NaN,0.9552607163215602,NaN,0.9552607163215602,0.9887426132225389
new_preds,OFT-0066-00,medium,4.500418758681513,1220,0.9772194373021318,0.821818402065362,0.840976315753814,0.8505552725980399,0.836186837331701,0.821818402065362,NaN,0.840976315753814,NaN,0.840976315753814,0.9772194373021318
new_preds,OFT-0066-00,fast,5.335563726071359,1221,1.000371689017944,0.9563125960045744,0.9559572771830219,0.9557796177722455,0.9560461068884101,0.9563125960045744,NaN,0.9559572771830219,NaN,0.9559572771830219,1.000371689017944
new_preds,OFT-0066-00,slow,3.7129472693142747,1222,0.9972623852732442,0.9796104332878706,0.9822995911145921,0.9836441700279528,0.9816273016579117,0.9796104332878706,NaN,0.9822995911145921,NaN,0.9822995911145921,0.9972623852732442
new_preds,OFT-0067-00,medium,3.9950277309773603,1223,0.9918646055326742,0.7716277117576311,0.7779566963610257,0.781121188662723,0.776374450210177,0.7716277117576311,NaN,0.7779566963610257,NaN,0.7779566963610257,0.9918646055326742
new_preds,OFT-0067-00,fast,4.81115897331743,1224,0.9988623322942537,0.7129056272955019,0.7137176007609103,0.7141235874936147,0.7135146073945582,0.7129056272955019,NaN,0.7137176007609103,NaN,0.7137176007609103,0.9988623322942537
new_preds,OFT-0067-00,slow,3.264849416351027,1225,0.9925136607262417,0.8294159261993818,0.8356720506924629,0.8388001129390034,0.8341080195691926,0.8294159261993818,NaN,0.8356720506924629,NaN,0.8356720506924629,0.9925136607262417
new_preds,OFT-0068-00,fast,5.094644923707484,1226,0.9983812295274093,0.8988917228345509,0.9003491815045918,0.9010779108396123,0.8999848168370815,0.8988917228345509,NaN,0.9003491815045918,NaN,0.9003491815045918,0.9983812295274093
new_preds,OFT-0068-00,medium,4.252776012332155,1227,0.9920931905007867,0.8655569301888012,0.8724552677877844,0.875904436587276,0.8707306833880386,0.8655569301888012,NaN,0.8724552677877844,NaN,0.8724552677877844,0.9920931905007867
new_preds,OFT-0068-00,slow,3.557626555882934,1228,0.9983130771191681,0.9495582052377989,0.951162743433091,0.9519650125307373,0.9507616088842681,0.9495582052377989,NaN,0.951162743433091,NaN,0.951162743433091,0.9983130771191681
new_preds,OFT-0069-00,fast,4.460306981754749,1229,1.006370527115314,0.857876753623464,0.8524462218528038,0.8497309559674737,0.8538038547954688,0.857876753623464,NaN,0.8524462218528038,NaN,0.8524462218528038,1.006370527115314
new_preds,OFT-0069-00,medium,3.7267367410529904,1230,1.005405128851,0.8451544749289028,0.8406108648906184,0.8383390598714761,0.8417467674001895,0.8451544749289028,NaN,0.8406108648906184,NaN,0.8406108648906184,1.005405128851
new_preds,OFT-0069-00,slow,3.082464113212613,1231,0.9993515338938797,0.9410303787402614,0.941641001013552,0.9419463121501972,0.9414883454452293,0.9410303787402614,NaN,0.941641001013552,NaN,0.941641001013552,0.9993515338938797
new_preds,OFT-0070-00,fast,5.016633718104402,1232,0.9934304896657926,0.8503527044859847,0.8559760479790168,0.8587877197255328,0.8545702121057588,0.8503527044859847,NaN,0.8559760479790168,NaN,0.8559760479790168,0.9934304896657926
new_preds,OFT-0070-00,medium,4.317721532687836,1233,1.000839992398347,0.9801540653886166,0.9793314344282346,0.9789201189480436,0.9795370921683302,0.9801540653886166,NaN,0.9793314344282346,NaN,0.9793314344282346,1.000839992398347
new_preds,OFT-0070-00,slow,3.5788828896475446,1234,0.9920212913523639,0.9640804511975835,0.9718344350082543,0.9757114269135899,0.9698959390555866,0.9640804511975835,NaN,0.9718344350082543,NaN,0.9718344350082543,0.9920212913523639
new_preds,OFT-0071-00,medium,4.971902634036787,1235,0.9997610597258213,0.9430161106641319,0.9432414890441408,0.9433541782341454,0.9431851444491386,0.9430161106641319,NaN,0.9432414890441408,NaN,0.9432414890441408,0.9997610597258213
new_preds,OFT-0071-00,slow,3.9137451563881007,1236,1.0204138632677353,0.8658395181292304,0.8485179879431453,0.8398572228501029,0.8528483704896667,0.8658395181292304,NaN,0.8485179879431453,NaN,0.8485179879431453,1.0204138632677353
new_preds,OFT-0071-00,fast,5.9539710572481575,1237,1.0133662780061612,0.8277697209777741,0.8168514573096356,0.8113923254755664,0.8195810232266703,0.8277697209777741,NaN,0.8168514573096356,NaN,0.8168514573096356,1.0133662780061612
new_preds,OFT-0072-00,medium,3.7090881570134298,1238,0.9984071215780442,0.9199449258826162,0.9214126241693733,0.9221464733127518,0.9210456995976839,0.9199449258826162,NaN,0.9214126241693733,NaN,0.9214126241693733,0.9984071215780442
new_preds,OFT-0072-00,slow,3.1350731691858895,1239,1.0038502015268462,0.8348788910310292,0.8316767678695354,0.8300757062887882,0.8324772986599088,0.8348788910310292,NaN,0.8316767678695354,NaN,0.8316767678695354,1.0038502015268462
new_preds,OFT-0072-00,fast,4.275731493841988,1240,1.0043130121028445,0.7825433780950988,0.7791827534491449,0.7775024411261681,0.7800229096106335,0.7825433780950988,NaN,0.7791827534491449,NaN,0.7791827534491449,1.0043130121028445
new_preds,OFT-0073-00,fast,4.960613770808321,1241,1.0023333861081287,0.9094433179765281,0.9073261756826487,0.9062676045357091,0.9078554612561185,0.9094433179765281,NaN,0.9073261756826487,NaN,0.9073261756826487,1.0023333861081287
new_preds,OFT-0073-00,slow,3.309381529065918,1242,0.9982502907934315,0.9386177519567617,0.9402629386771603,0.9410855320373597,0.9398516419970606,0.9386177519567617,NaN,0.9402629386771603,NaN,0.9402629386771603,0.9982502907934315
new_preds,OFT-0073-00,medium,4.008334318369109,1243,0.9982499415997302,0.9652405212846291,0.9669327099962537,0.9677788043520663,0.9665096628183476,0.9652405212846291,NaN,0.9669327099962537,NaN,0.9669327099962537,0.9982499415997302
new_preds,OFT-0074-00,medium,3.8216589791349915,1244,1.00256351986336,0.8487797583901464,0.8466094582274718,0.8455243081461344,0.8471520332681405,0.8487797583901464,NaN,0.8466094582274718,NaN,0.8466094582274718,1.00256351986336
new_preds,OFT-0074-00,slow,3.1948928540696326,1245,1.011590735263726,0.9033370929705409,0.8929867203015034,0.8878115339669849,0.8955743134687628,0.9033370929705409,NaN,0.8929867203015034,NaN,0.8929867203015034,1.011590735263726
new_preds,OFT-0074-00,fast,4.416558281771265,1246,1.0001441338741872,0.8981064002983484,0.8979769713985298,0.8979122569486205,0.8980093286234845,0.8981064002983484,NaN,0.8979769713985298,NaN,0.8979769713985298,1.0001441338741872
new_preds,OFT-0075-00,fast,4.7539754515618595,1247,1.006639103400457,0.8071962807462042,0.8018725658674207,0.7992107084280289,0.8032034945871165,0.8071962807462042,NaN,0.8018725658674207,NaN,0.8018725658674207,1.006639103400457
new_preds,OFT-0075-00,slow,3.2594599436483103,1248,0.9982810404754198,0.8719217173120624,0.8734230962623709,0.8741737857375251,0.8730477515247939,0.8719217173120624,NaN,0.8734230962623709,NaN,0.8734230962623709,0.9982810404754198
new_preds,OFT-0075-00,medium,3.9865977851140406,1249,1.0048680365089122,0.860494289912786,0.8563256653105357,0.8542413530094106,0.8573678214610984,0.860494289912786,NaN,0.8563256653105357,NaN,0.8563256653105357,1.0048680365089122
new_preds,OFT-0076-00,fast,4.726336711620306,1250,1.0011469714357943,0.9250119331512943,0.9239521863854704,0.9234223130025583,0.9242171230769263,0.9250119331512943,NaN,0.9239521863854704,NaN,0.9239521863854704,1.0011469714357943
new_preds,OFT-0076-00,slow,3.2162146902135524,1251,0.9922494387775351,0.96789165601354,0.9754519561190135,0.9792321061717502,0.9735618810926452,0.96789165601354,NaN,0.9754519561190135,NaN,0.9754519561190135,0.9922494387775351
new_preds,OFT-0076-00,medium,3.9307347097399505,1252,1.0053750577119758,0.9469872884825364,0.9419243905231568,0.9393929415434669,0.9431901150130018,0.9469872884825364,NaN,0.9419243905231568,NaN,0.9419243905231568,1.0053750577119758
new_preds,OFT-0077-00,slow,3.261453323156046,1253,1.0043848391430932,0.8893770567701211,0.8854943066732343,0.8835529316247909,0.8864649941974558,0.8893770567701211,NaN,0.8854943066732343,NaN,0.8854943066732343,1.0043848391430932
new_preds,OFT-0077-00,fast,4.745815767089468,1254,1.0078316601674329,0.9359683087069723,0.9286950844067334,0.9250584722566141,0.9305133904817932,0.9359683087069723,NaN,0.9286950844067334,NaN,0.9286950844067334,1.0078316601674329
new_preds,OFT-0077-00,medium,3.9654458321857113,1255,0.9999368652839897,0.9506154904170456,0.9506755110454534,0.9507055213596571,0.9506605058883515,0.9506154904170456,NaN,0.9506755110454534,NaN,0.9506755110454534,0.9999368652839897
new_preds,OFT-0078-00,slow,3.2125106074151017,1256,0.9944419317744582,0.9464905484569552,0.9517806100232121,0.9544256408063407,0.9504580946316481,0.9464905484569552,NaN,0.9517806100232121,NaN,0.9517806100232121,0.9944419317744582
new_preds,OFT-0078-00,fast,4.645787023525011,1257,0.9996165369864841,0.9508347416800418,0.9511994915035085,0.9513818664152416,0.9511083040476418,0.9508347416800418,NaN,0.9511994915035085,NaN,0.9511994915035085,0.9996165369864841
new_preds,OFT-0078-00,medium,3.8539270655305438,1258,1.0379559405071488,0.8646406044124745,0.8330224537180336,0.8172133783708131,0.8409269913916438,0.8646406044124745,NaN,0.8330224537180336,NaN,0.8330224537180336,1.0379559405071488
new_preds,OFT-0079-00,fast,5.008595620657696,1259,0.9970002682075614,0.946136301998123,0.948982996463097,0.950406343695584,0.9482713228468534,0.946136301998123,NaN,0.948982996463097,NaN,0.948982996463097,0.9970002682075614
new_preds,OFT-0079-00,medium,4.027836858696186,1260,1.001943123422201,0.9272888422937196,0.9254905000260943,0.9245913288922819,0.9259400855930007,0.9272888422937196,NaN,0.9254905000260943,NaN,0.9254905000260943,1.001943123422201
new_preds,OFT-0079-00,slow,3.260881284504149,1261,0.9901808386668899,0.8919408462993201,0.9007858074694384,0.9052082880544974,0.898574567176909,0.8919408462993201,NaN,0.9007858074694384,NaN,0.9007858074694384,0.9901808386668899
new_preds,OFT-0080-00,medium,4.49823011390263,1262,1.0258836480006903,0.706493483348454,0.6886682371098467,0.679755613990543,0.6931245486694986,0.706493483348454,NaN,0.6886682371098467,NaN,0.6886682371098467,1.0258836480006903
new_preds,OFT-0080-00,fast,5.363736414258669,1263,0.9948742671937677,0.9003223134094849,0.9049609011890672,0.9072801950788584,0.9038012542441716,0.9003223134094849,NaN,0.9049609011890672,NaN,0.9049609011890672,0.9948742671937677
new_preds,OFT-0080-00,slow,3.6918006244923864,1264,0.9970202604438715,0.8783326657069229,0.8809576901836387,0.8822702024219968,0.8803014340644597,0.8783326657069229,NaN,0.8809576901836387,NaN,0.8809576901836387,0.9970202604438715
new_preds,OFT-0081-00,fast,4.134031607581048,1265,0.9967097604577164,0.8394085600237124,0.8421795324229925,0.8435650186226322,0.8414867893231726,0.8394085600237124,NaN,0.8421795324229925,NaN,0.8421795324229925,0.9967097604577164
new_preds,OFT-0081-00,medium,3.5041069656245933,1266,0.9942685126550309,0.948621169361004,0.954089521378754,0.9568236973876291,0.9527224333743165,0.948621169361004,NaN,0.954089521378754,NaN,0.954089521378754,0.9942685126550309
new_preds,OFT-0081-00,slow,3.013411411749064,1267,1.0012702534618938,0.8494661820168933,0.8483885135704994,0.8478496793473023,0.8486579306820978,0.8494661820168933,NaN,0.8483885135704994,NaN,0.8483885135704994,1.0012702534618938
new_preds,OFT-0082-00,fast,5.310943954583404,1268,1.0074758400465722,0.810493531350873,0.8044793722432159,0.8014722926893874,0.8059829120201303,0.810493531350873,NaN,0.8044793722432159,NaN,0.8044793722432159,1.0074758400465722
new_preds,OFT-0082-00,medium,4.403419476211628,1269,1.0016936915014236,0.9095422347982269,0.9080043555379965,0.9072354159078816,0.9083888253530543,0.9095422347982269,NaN,0.9080043555379965,NaN,0.9080043555379965,1.0016936915014236
new_preds,OFT-0082-00,slow,3.511051381445266,1270,0.9908873134334573,0.9432747373069967,0.9519495552309764,0.956286964192966,0.9497808507499814,0.9432747373069967,NaN,0.9519495552309764,NaN,0.9519495552309764,0.9908873134334573
new_preds,OFT-0083-00,fast,6.191051484769063,1271,0.9789937270753178,0.8962812154048772,0.9155127255845253,0.9251284806743494,0.9107048480396133,0.8962812154048772,NaN,0.9155127255845253,NaN,0.9155127255845253,0.9789937270753178
new_preds,OFT-0083-00,medium,5.0342607490243925,1272,1.0082331111811802,0.837493750884593,0.8306548769296417,0.827235439952166,0.8323645954183795,0.837493750884593,NaN,0.8306548769296417,NaN,0.8306548769296417,1.0082331111811802
new_preds,OFT-0083-00,slow,3.974696071151869,1273,1.005808832826005,0.8230795382509468,0.8183260192081961,0.8159492596868206,0.8195143989688838,0.8230795382509468,NaN,0.8183260192081961,NaN,0.8183260192081961,1.005808832826005
new_preds,OFT-0084-00,fast,4.769176364983985,1274,1.023139444957692,0.7965669172339843,0.7785516638613452,0.7695440371750254,0.7830554772045049,0.7965669172339843,NaN,0.7785516638613452,NaN,0.7785516638613452,1.023139444957692
new_preds,OFT-0084-00,slow,3.219188133161662,1275,1.000246192626041,0.7010793576038583,0.7009067995182748,0.7008205204754833,0.7009499390396707,0.7010793576038583,NaN,0.7009067995182748,NaN,0.7009067995182748,1.000246192626041
new_preds,OFT-0084-00,medium,3.9097120464493123,1276,1.0089669065783993,0.8773950368966108,0.869597437910056,0.8656986384167786,0.8715468376566946,0.8773950368966108,NaN,0.869597437910056,NaN,0.869597437910056,1.0089669065783993
new_preds,OFT-0085-00,medium,3.9306873219001193,1277,1.0572464087725773,0.6365832568472035,0.602114371413427,0.5848799286965389,0.6107315927718713,0.6365832568472035,NaN,0.602114371413427,NaN,0.602114371413427,1.0572464087725773
new_preds,OFT-0085-00,fast,4.720154660205877,1278,0.990533201194374,0.824885160717146,0.8327688155455149,0.8367106429596993,0.8307979018384227,0.824885160717146,NaN,0.8327688155455149,NaN,0.8327688155455149,0.990533201194374
new_preds,OFT-0085-00,slow,3.2202067537345482,1279,1.0040836010290308,0.9213881310882416,0.9176408519608933,0.915767212397219,0.9185776717427303,0.9213881310882416,NaN,0.9176408519608933,NaN,0.9176408519608933,1.0040836010290308
new_preds,OFT-0086-00,fast,4.4886474552486435,1280,0.9968077221089197,0.7914428950384924,0.7939774918316821,0.7952447902282769,0.7933438426333845,0.7914428950384924,NaN,0.7939774918316821,NaN,0.7939774918316821,0.9968077221089197
new_preds,OFT-0086-00,slow,3.0690928899641063,1281,1.0063719373976796,0.9199910206940122,0.9141660120938636,0.9112535077937896,0.9156222642439008,0.9199910206940122,NaN,0.9141660120938636,NaN,0.9141660120938636,1.0063719373976796
new_preds,OFT-0086-00,medium,3.7267556617529665,1282,0.9926023139065692,0.842868405550234,0.8491501518195844,0.8522910249542597,0.8475797152522468,0.842868405550234,NaN,0.8491501518195844,NaN,0.8491501518195844,0.9926023139065692
new_preds,OFT-0087-00,medium,4.006554234350379,1283,0.9994551459866355,0.9173607781035319,0.9178608782867766,0.918110928378399,0.9177358532409654,0.9173607781035319,NaN,0.9178608782867766,NaN,0.9178608782867766,0.9994551459866355
new_preds,OFT-0087-00,fast,4.85278263242607,1284,0.9971645115811819,0.9539527444627753,0.9566653580060861,0.9580216647777418,0.9559872046202584,0.9539527444627753,NaN,0.9566653580060861,NaN,0.9566653580060861,0.9971645115811819
new_preds,OFT-0087-00,slow,3.305370682281454,1285,0.9909195456684792,0.6944282058753672,0.700791713021366,0.7039734665943653,0.6992008362348663,0.6944282058753672,NaN,0.700791713021366,NaN,0.700791713021366,0.9909195456684792
new_preds,OFT-0088-00,fast,4.5317430250560236,1286,1.0008082587169669,0.8885531442560299,0.8878355434388125,0.8874767430302037,0.888014943643117,0.8885531442560299,NaN,0.8878355434388125,NaN,0.8878355434388125,1.0008082587169669
new_preds,OFT-0088-00,medium,3.84302279436591,1287,0.9972140102993498,0.9326573992654614,0.9352630324412416,0.9365658490291318,0.9346116241472966,0.9326573992654614,NaN,0.9352630324412416,NaN,0.9352630324412416,0.9972140102993498
new_preds,OFT-0088-00,slow,3.1455976198562046,1288,1.0045791262722643,0.9144137291451442,0.9102455996057763,0.9081615348360926,0.9112876319906184,0.9144137291451442,NaN,0.9102455996057763,NaN,0.9102455996057763,1.0045791262722643
new_preds,OFT-0089-00,fast,4.522249039821994,1289,0.9984632598521829,0.9616468230520656,0.9631268988249325,0.9638669367113659,0.9627568798817157,0.9616468230520656,NaN,0.9631268988249325,NaN,0.9631268988249325,0.9984632598521829
new_preds,OFT-0089-00,medium,3.7683511644032364,1290,1.0024055632340225,0.9543590897512927,0.9520688279824392,0.9509236970980124,0.9526413934246525,0.9543590897512927,NaN,0.9520688279824392,NaN,0.9520688279824392,1.0024055632340225
new_preds,OFT-0089-00,slow,3.1931842040920086,1291,0.988345213549325,0.9358718135314292,0.9469078219851398,0.9524258262119951,0.9441488198717123,0.9358718135314292,NaN,0.9469078219851398,NaN,0.9469078219851398,0.988345213549325
new_preds,OFT-0090-00,fast,4.712230528661209,1292,0.9975380252251347,0.8483953944934173,0.8504892776412635,0.8515362192151869,0.8499658068543021,0.8483953944934173,NaN,0.8504892776412635,NaN,0.8504892776412635,0.9975380252251347
new_preds,OFT-0090-00,slow,3.1210848490947622,1293,1.019935032838093,0.881981803078941,0.8647431205737875,0.8561237793212109,0.869052791200076,0.881981803078941,NaN,0.8647431205737875,NaN,0.8647431205737875,1.019935032838093
new_preds,OFT-0090-00,medium,3.884947000186046,1294,0.9973518668920434,0.9143874432655696,0.9168152921947114,0.9180292166592825,0.916208329962426,0.9143874432655696,NaN,0.9168152921947114,NaN,0.9168152921947114,0.9973518668920434
new_preds,OFT-0091-00,fast,4.809563130650833,1295,0.993380271895564,0.9357787726374427,0.9420146535141005,0.9451325939524295,0.940455683294936,0.9357787726374427,NaN,0.9420146535141005,NaN,0.9420146535141005,0.993380271895564
new_preds,OFT-0091-00,slow,3.3519654026105465,1296,0.9880401518624993,0.8243753040741917,0.8343540518269504,0.8393434257033296,0.8318593648887607,0.8243753040741917,NaN,0.8343540518269504,NaN,0.8343540518269504,0.9880401518624993
new_preds,OFT-0091-00,medium,3.919265553448769,1297,0.9954539901825854,0.901511495214877,0.9056284912269249,0.9076869892329488,0.904599242223913,0.901511495214877,NaN,0.9056284912269249,NaN,0.9056284912269249,0.9954539901825854
new_preds,OFT-0092-00,medium,4.15891274457229,1298,0.9981402212740107,0.9524961051897127,0.9542708377926715,0.9551582040941511,0.9538271546419319,0.9524961051897127,NaN,0.9542708377926715,NaN,0.9542708377926715,0.9981402212740107
new_preds,OFT-0092-00,fast,5.107740118187384,1299,1.0028549955274912,0.9078736173080166,0.9052890212013996,0.9039967231480914,0.9059351702280539,0.9078736173080166,NaN,0.9052890212013996,NaN,0.9052890212013996,1.0028549955274912
new_preds,OFT-0092-00,slow,3.3547356122368255,1300,1.0059185374049386,0.8902988195713429,0.8850605555675805,0.8824414235656991,0.886370121568521,0.8902988195713429,NaN,0.8850605555675805,NaN,0.8850605555675805,1.0059185374049386
new_preds,OFT-0093-00,fast,4.0191678697533275,1301,0.9918135147089395,0.8699023109462695,0.8770825342116391,0.8806726458443239,0.8752874783952966,0.8699023109462695,NaN,0.8770825342116391,NaN,0.8770825342116391,0.9918135147089395
new_preds,OFT-0093-00,medium,3.5109686290336093,1302,0.9853653775803977,0.8896148713262322,0.9028274095754364,0.9094336787000383,0.8995242750131353,0.8896148713262322,NaN,0.9028274095754364,NaN,0.9028274095754364,0.9853653775803977
new_preds,OFT-0093-00,slow,3.059042237891343,1303,0.9863099710475876,0.8891779467920767,0.9015197786631477,0.9076906945986833,0.89843432069538,0.8891779467920767,NaN,0.9015197786631477,NaN,0.9015197786631477,0.9863099710475876
new_preds,OFT-0094-00,fast,5.115404504604591,1304,0.994589082316019,0.8207906255597739,0.825256017941063,0.8274887141317075,0.8241396698457408,0.8207906255597739,NaN,0.825256017941063,NaN,0.825256017941063,0.994589082316019
new_preds,OFT-0094-00,slow,3.406649419610441,1305,1.0046384454584485,0.939855951194184,0.9355166084305063,0.9333469370486673,0.9366014441214257,0.939855951194184,NaN,0.9355166084305063,NaN,0.9355166084305063,1.0046384454584485
new_preds,OFT-0094-00,medium,4.262058948368828,1306,0.996760977246342,0.9572292972851766,0.9603398599427759,0.9618951412715755,0.9595622192783759,0.9572292972851766,NaN,0.9603398599427759,NaN,0.9603398599427759,0.996760977246342
new_preds,OFT-0095-00,slow,3.7040752206568075,1307,0.9848057781786825,0.8880195579861377,0.9017204992729196,0.9085709699163107,0.8982952639512242,0.8880195579861377,NaN,0.9017204992729196,NaN,0.9017204992729196,0.9848057781786825
new_preds,OFT-0095-00,medium,4.731279333370895,1308,0.9988158278742986,0.9205400137968316,0.9216313839919265,0.9221770690894738,0.9213585414431528,0.9205400137968316,NaN,0.9216313839919265,NaN,0.9216313839919265,0.9988158278742986
new_preds,OFT-0095-00,fast,5.757998758584251,1309,1.0018460781372687,0.8768812552614189,0.8752654468556719,0.8744575426527984,0.8756693989571085,0.8768812552614189,NaN,0.8752654468556719,NaN,0.8752654468556719,1.0018460781372687
new_preds,OFT-0096-00,slow,3.1024308422427156,1310,0.9962469790895649,0.970782385005216,0.9744394767373646,0.9762680226034394,0.9735252038043276,0.970782385005216,NaN,0.9744394767373646,NaN,0.9744394767373646,0.9962469790895649
new_preds,OFT-0096-00,fast,4.557228175695907,1311,1.0026181779476215,0.8952923434614901,0.8929544298649866,0.8917854730667347,0.8935389082641123,0.8952923434614901,NaN,0.8929544298649866,NaN,0.8929544298649866,1.0026181779476215
new_preds,OFT-0096-00,medium,3.7733666165880337,1312,0.9993204567533585,0.9551718435657953,0.95582136551973,0.9561461264966973,0.9556589850312462,0.9551718435657953,NaN,0.95582136551973,NaN,0.95582136551973,0.9993204567533585
new_preds,OFT-0097-00,fast,4.242635871041216,1313,0.9998641923944902,0.8931140121800785,0.8932353203300892,0.8932959744050946,0.8932049932925865,0.8931140121800785,NaN,0.8932353203300892,NaN,0.8932353203300892,0.9998641923944902
new_preds,OFT-0097-00,medium,3.598465327660356,1314,0.998163642237285,0.9575788079735912,0.9593405003484929,0.9602213465359437,0.9589000772547674,0.9575788079735912,NaN,0.9593405003484929,NaN,0.9593405003484929,0.998163642237285
new_preds,OFT-0097-00,slow,3.0165485939396546,1315,0.9923466376801491,0.9620226142152559,0.9694421058998266,0.9731518517421119,0.9675872329786839,0.9620226142152559,NaN,0.9694421058998266,NaN,0.9694421058998266,0.9923466376801491
new_preds,OFT-0098-00,medium,3.9893382767996637,1316,0.9961557589901886,0.8868662604249085,0.890288744928737,0.8919999871806514,0.88943312380278,0.8868662604249085,NaN,0.890288744928737,NaN,0.890288744928737,0.9961557589901886
new_preds,OFT-0098-00,fast,4.919739834944232,1317,1.0031986680048703,0.9103938389370327,0.9074910762666731,0.9060396949314933,0.908216766934263,0.9103938389370327,NaN,0.9074910762666731,NaN,0.9074910762666731,1.0031986680048703
new_preds,OFT-0098-00,slow,3.1220091734352553,1318,0.9741199763398275,0.9490361385515889,0.9742497450031884,0.9868565482289884,0.9679463433902885,0.9490361385515889,NaN,0.9742497450031884,NaN,0.9742497450031884,0.9741199763398275
new_preds,OFT-0099-00,fast,4.869667694485377,1319,0.9980833501273688,0.9149626284585879,0.9167196590763952,0.917598174385299,0.9162804014219434,0.9149626284585879,NaN,0.9167196590763952,NaN,0.9167196590763952,0.9980833501273688
new_preds,OFT-0099-00,slow,3.199630693896349,1320,0.9898448742923193,0.8006023475925129,0.8088159754980763,0.812922789450858,0.8067625685216855,0.8006023475925129,NaN,0.8088159754980763,NaN,0.8088159754980763,0.9898448742923193
new_preds,OFT-0099-00,medium,3.9286556957030414,1321,0.9855931781998414,0.8238443170623756,0.8358867890777252,0.8419080250854001,0.8328761710738879,0.8238443170623756,NaN,0.8358867890777252,NaN,0.8358867890777252,0.9855931781998414
new_preds,OFT-0100-00,fast,4.8467006953226885,1322,1.0103512327278694,0.8881464497862869,0.8790472273571249,0.8744976161425436,0.8813220329644152,0.8881464497862869,NaN,0.8790472273571249,NaN,0.8790472273571249,1.0103512327278694
new_preds,OFT-0100-00,slow,3.2044482956706366,1323,0.9928512486638027,0.8493734741188246,0.8554891533469157,0.8585469929609613,0.853960233539893,0.8493734741188246,NaN,0.8554891533469157,NaN,0.8554891533469157,0.9928512486638027
new_preds,OFT-0100-00,medium,3.891925487904949,1324,1.0091153517642697,0.8614273395951904,0.8536460555169718,0.8497554134778627,0.8555913765365266,0.8614273395951904,NaN,0.8536460555169718,NaN,0.8536460555169718,1.0091153517642697
new_preds,OFT-0101-00,fast,4.436016878111632,1325,1.0061901275636984,0.8476849379607062,0.842469941553906,0.8398624433505061,0.8437736906556061,0.8476849379607062,NaN,0.842469941553906,NaN,0.842469941553906,1.0061901275636984
new_preds,OFT-0101-00,slow,3.0958514721743136,1326,0.9995522734155396,0.9283492264837521,0.9287650592915148,0.928972975695396,0.928661101089574,0.9283492264837521,NaN,0.9287650592915148,NaN,0.9287650592915148,0.9995522734155396
new_preds,OFT-0101-00,medium,3.6762927965155656,1327,0.9932767953377006,0.8643314557827977,0.8701818665651367,0.8731070719563062,0.868719263869552,0.8643314557827977,NaN,0.8701818665651367,NaN,0.8701818665651367,0.9932767953377006
new_preds,OFT-0102-00,medium,3.7719346976178,1328,0.9968577962724798,0.8654886240117303,0.8682167378817979,0.8695807948168317,0.8675347094142811,0.8654886240117303,NaN,0.8682167378817979,NaN,0.8682167378817979,0.9968577962724798
new_preds,OFT-0102-00,fast,4.508869908756534,1329,0.9959395194416532,0.9468806844599658,0.9507411504172554,0.9526713833959004,0.949776033927933,0.9468806844599658,NaN,0.9507411504172554,NaN,0.9507411504172554,0.9959395194416532
new_preds,OFT-0102-00,slow,3.241723694801388,1330,1.0097580424856623,0.8930916570483763,0.8844610485596182,0.880145744315239,0.8866187006818078,0.8930916570483763,NaN,0.8844610485596182,NaN,0.8844610485596182,1.0097580424856623
new_preds,OFT-0103-00,fast,4.882587431103269,1331,0.9978751671311202,0.8669340341250641,0.8687800465237446,0.8697030527230848,0.8683185434240746,0.8669340341250641,NaN,0.8687800465237446,NaN,0.8687800465237446,0.9978751671311202
new_preds,OFT-0103-00,medium,4.055022923568767,1332,1.0729256175295978,0.830946128554657,0.7744676005293857,0.7462283365167499,0.7885872325357034,0.830946128554657,NaN,0.7744676005293857,NaN,0.7744676005293857,1.0729256175295978
new_preds,OFT-0103-00,slow,3.299790618591718,1333,0.9936119275386992,0.9250410571267704,0.930988277705374,0.9339618879946757,0.9295014725607231,0.9250410571267704,NaN,0.930988277705374,NaN,0.930988277705374,0.9936119275386992
new_preds,OFT-0104-00,slow,3.6466756120059496,1334,0.9985169062627832,0.9017512357734606,0.903090603792084,0.9037602878013954,0.902755761787428,0.9017512357734606,NaN,0.903090603792084,NaN,0.903090603792084,0.9985169062627832
new_preds,OFT-0104-00,fast,6.187422065701337,1335,0.9949445255088849,0.9370853685512694,0.941846851282465,0.9442275926480624,0.9406564805996662,0.9370853685512694,NaN,0.941846851282465,NaN,0.941846851282465,0.9949445255088849
new_preds,OFT-0104-00,medium,4.63512370988707,1336,1.019565804199812,0.9217091754916767,0.9040212722856705,0.8951773206826675,0.908443248087172,0.9217091754916767,NaN,0.9040212722856705,NaN,0.9040212722856705,1.019565804199812
new_preds,OFT-0105-00,fast,4.233233207588576,1337,0.991977887897477,0.8791374273014497,0.8862470000866697,0.8898017864792797,0.8844696068903647,0.8791374273014497,NaN,0.8862470000866697,NaN,0.8862470000866697,0.991977887897477
new_preds,OFT-0105-00,slow,3.024948003604132,1338,1.0038212767006627,0.8947526472917013,0.8913465654290117,0.8896435244976668,0.8921980858946841,0.8947526472917013,NaN,0.8913465654290117,NaN,0.8913465654290117,1.0038212767006627
new_preds,OFT-0105-00,medium,3.543183174278209,1339,0.9926487904642485,0.9175851181787604,0.9243804324282894,0.9277780895530541,0.9226816038659073,0.9175851181787604,NaN,0.9243804324282894,NaN,0.9243804324282894,0.9926487904642485
new_preds,OFT-0106-00,fast,5.617991170718853,1340,1.0013454937118975,0.8950190421177432,0.8938164177480724,0.8932151055632371,0.8941170738404901,0.8950190421177432,NaN,0.8938164177480724,NaN,0.8938164177480724,1.0013454937118975
new_preds,OFT-0106-00,slow,3.646153405290919,1341,0.9967473496470103,0.9251273706301973,0.928146306040165,0.929655773745149,0.9273915721876731,0.9251273706301973,NaN,0.928146306040165,NaN,0.928146306040165,0.9967473496470103
new_preds,OFT-0106-00,medium,4.527323150327037,1342,1.0029108657929813,0.8636602503686847,0.8611535479634135,0.8599001967607777,0.8617802235647313,0.8636602503686847,NaN,0.8611535479634135,NaN,0.8611535479634135,1.0029108657929813
new_preds,OFT-0107-00,fast,5.93603305524449,1343,1.0097405303623044,0.8385517935619131,0.8304626469346861,0.8264180736210726,0.8324849335914928,0.8385517935619131,NaN,0.8304626469346861,NaN,0.8304626469346861,1.0097405303623044
new_preds,OFT-0107-00,medium,4.715372217805848,1344,1.0063057109317557,0.8465661988427954,0.8412614473378525,0.8386090715853811,0.8425876352140884,0.8465661988427954,NaN,0.8412614473378525,NaN,0.8412614473378525,1.0063057109317557
new_preds,OFT-0107-00,slow,3.672060899675582,1345,0.9960062694140458,0.9058848700820054,0.9095172368894232,0.911333420293132,0.9086091451875686,0.9058848700820054,NaN,0.9095172368894232,NaN,0.9095172368894232,0.9960062694140458
new_preds,OFT-0108-00,fast,4.549426124595657,1346,0.9985954568604822,0.9599870124302453,0.9613372520724065,0.9620123718934869,0.9609996921618662,0.9599870124302453,NaN,0.9613372520724065,NaN,0.9613372520724065,0.9985954568604822
new_preds,OFT-0108-00,slow,3.1406104376864468,1347,1.0017094296581674,0.9453849028853958,0.9437715917359465,0.9429649361612218,0.9441749195233087,0.9453849028853958,NaN,0.9437715917359465,NaN,0.9437715917359465,1.0017094296581674
new_preds,OFT-0108-00,medium,3.7238719987923203,1348,0.9966838240020468,0.9020658775962057,0.9050672398535418,0.9065679209822097,0.9043168992892077,0.9020658775962057,NaN,0.9050672398535418,NaN,0.9050672398535418,0.9966838240020468
new_preds,OFT-0109-00,fast,4.704453886903625,1349,1.0050352475772613,0.8548286122830849,0.8505459030852255,0.8484045484862957,0.8516165803846902,0.8548286122830849,NaN,0.8505459030852255,NaN,0.8505459030852255,1.0050352475772613
new_preds,OFT-0109-00,medium,3.9837994457999693,1350,0.996770388803629,0.9227677887166394,0.9257576259104056,0.9272525445072887,0.9250101666119641,0.9227677887166394,NaN,0.9257576259104056,NaN,0.9257576259104056,0.996770388803629
new_preds,OFT-0109-00,slow,3.276150275186023,1351,1.0058767330797376,0.7610594777409605,0.7566130647149883,0.7543898582020022,0.7577246679714813,0.7610594777409605,NaN,0.7566130647149883,NaN,0.7566130647149883,1.0058767330797376
new_preds,OFT-0110-00,fast,5.461607789291343,1352,1.0060774436622835,0.9542847311171887,0.9485201533228288,0.9456378644256487,0.9499612977714187,0.9542847311171887,NaN,0.9485201533228288,NaN,0.9485201533228288,1.0060774436622835
new_preds,OFT-0110-00,medium,4.4134723030506375,1353,1.00946781029757,0.81136741189658,0.8037575875325889,0.7999526753505934,0.8056600436235866,0.81136741189658,NaN,0.8037575875325889,NaN,0.8037575875325889,1.00946781029757
new_preds,OFT-0110-00,slow,3.6190092014785558,1354,0.9907841297829484,0.9122306608211106,0.9207158586815005,0.9249584576116956,0.9185945592164031,0.9122306608211106,NaN,0.9207158586815005,NaN,0.9207158586815005,0.9907841297829484
new_preds,OFT-0111-00,fast,5.100900785626418,1355,1.0007711423335603,0.9537310018332349,0.9529961061920321,0.9526286583714312,0.9531798301023329,0.9537310018332349,NaN,0.9529961061920321,NaN,0.9529961061920321,1.0007711423335603
new_preds,OFT-0111-00,medium,4.188800263755716,1356,0.9993902279369227,0.9561348791077116,0.9567182591743921,0.9570099492077323,0.956572414157722,0.9561348791077116,NaN,0.9567182591743921,NaN,0.9567182591743921,0.9993902279369227
new_preds,OFT-0111-00,slow,3.3945797673580325,1357,0.9859909807672159,0.8252839426062509,0.8370096265627945,0.8428724685410665,0.8340782055736587,0.8252839426062509,NaN,0.8370096265627945,NaN,0.8370096265627945,0.9859909807672159
new_preds,OFT-0112-00,fast,5.47310156250137,1358,0.9975780012200993,0.9217664782235798,0.924004415791249,0.9251233845750837,0.9234449313993318,0.9217664782235798,NaN,0.924004415791249,NaN,0.924004415791249,0.9975780012200993
new_preds,OFT-0112-00,medium,4.449639672275812,1359,0.9933305011480946,0.888147599212062,0.8941108706372533,0.8970925063498492,0.8926200527809556,0.888147599212062,NaN,0.8941108706372533,NaN,0.8941108706372533,0.9933305011480946
new_preds,OFT-0112-00,slow,3.6078789665896656,1360,1.0033864998226114,0.8786952714104042,0.8757296132305433,0.8742467841406132,0.8764710277755087,0.8786952714104042,NaN,0.8757296132305433,NaN,0.8757296132305433,1.0033864998226114
new_preds,OFT-0113-00,fast,4.611803079999714,1361,0.985495373705832,0.8453594051853952,0.8578014953094372,0.8640225403714583,0.8546909727784266,0.8453594051853952,NaN,0.8578014953094372,NaN,0.8578014953094372,0.985495373705832
new_preds,OFT-0113-00,slow,3.210286800313854,1362,0.9906752957099756,0.9473858934652288,0.956303137433418,0.9607617594175124,0.9540738264413706,0.9473858934652288,NaN,0.956303137433418,NaN,0.956303137433418,0.9906752957099756
new_preds,OFT-0113-00,medium,3.7593020489196194,1363,1.0072834638016779,0.8620050786111709,0.8557720935453473,0.8526556010124355,0.8573303398118033,0.8620050786111709,NaN,0.8557720935453473,NaN,0.8557720935453473,1.0072834638016779
new_preds,OFT-0114-00,medium,4.674387764897772,1364,0.9965462760619945,0.9434343684739258,0.9467040228197444,0.9483388499926535,0.9458866092332896,0.9434343684739258,NaN,0.9467040228197444,NaN,0.9467040228197444,0.9965462760619945
new_preds,OFT-0114-00,slow,3.766425764950011,1365,0.9940829870212768,0.928275341760431,0.9338006523398662,0.9365633076295836,0.9324193246950073,0.928275341760431,NaN,0.9338006523398662,NaN,0.9338006523398662,0.9940829870212768
new_preds,OFT-0114-00,fast,5.819930088430961,1366,1.0211682822609984,0.8003999225913084,0.7838080524975958,0.7755121174507397,0.7879560200210239,0.8003999225913084,NaN,0.7838080524975958,NaN,0.7838080524975958,1.0211682822609984
new_preds,OFT-0115-00,medium,4.888940318421895,1367,0.9993390629490806,0.9376274313294586,0.9382475539007661,0.9385576151864197,0.9380925232579391,0.9376274313294586,NaN,0.9382475539007661,NaN,0.9382475539007661,0.9993390629490806
new_preds,OFT-0115-00,fast,6.262557708542324,1368,0.9958828056027202,0.938006208249436,0.9418841283053817,0.9438230883333543,0.940914648291395,0.938006208249436,NaN,0.9418841283053817,NaN,0.9418841283053817,0.9958828056027202
new_preds,OFT-0115-00,slow,3.859008672230257,1369,1.0012684318070235,0.9278729292076049,0.9266974766527301,0.9261097503752924,0.9269913397914487,0.9278729292076049,NaN,0.9266974766527301,NaN,0.9266974766527301,1.0012684318070235
new_preds,OFT-0116-00,fast,4.928154308703572,1370,1.002685348561126,0.8461265589317386,0.8438604993540073,0.8427274695651419,0.8444270142484402,0.8461265589317386,NaN,0.8438604993540073,NaN,0.8438604993540073,1.002685348561126
new_preds,OFT-0116-00,medium,3.951897009240641,1371,1.0140554935995822,0.7922843403398763,0.7813027446136235,0.7758119467504972,0.7840481435451867,0.7922843403398763,NaN,0.7813027446136235,NaN,0.7813027446136235,1.0140554935995822
new_preds,OFT-0116-00,slow,3.2392811099631467,1372,0.9999918360991064,0.8290753536765492,0.8290821222208277,0.829085506492967,0.8290804300847581,0.8290753536765492,NaN,0.8290821222208277,NaN,0.8290821222208277,0.9999918360991064
new_preds,OFT-0117-00,slow,3.4297122326620455,1373,1.0100201602030643,0.7734413824777272,0.7657682618159097,0.7619317014850007,0.767686541981364,0.7734413824777272,NaN,0.7657682618159097,NaN,0.7657682618159097,1.0100201602030643
new_preds,OFT-0117-00,fast,5.18915604671162,1374,0.9971454373114987,0.9422656938693791,0.9449631504205783,0.9463118786961777,0.9442887862827785,0.9422656938693791,NaN,0.9449631504205783,NaN,0.9449631504205783,0.9971454373114987
new_preds,OFT-0117-00,medium,4.119023773203526,1375,0.9977136968585738,0.9621537690651387,0.9643585851277777,0.9654609931590975,0.9638073811121182,0.9621537690651387,NaN,0.9643585851277777,NaN,0.9643585851277777,0.9977136968585738
new_preds,OFT-0118-00,fast,4.55782937595449,1376,0.9937625653357726,0.8258428612989069,0.8310263337599874,0.8336180699905276,0.8297304656447173,0.8258428612989069,NaN,0.8310263337599874,NaN,0.8310263337599874,0.9937625653357726
new_preds,OFT-0118-00,medium,3.8441883038953146,1377,0.9981986984412469,0.9595618455073884,0.9612934248519934,0.9621592145242961,0.9608605300158424,0.9595618455073884,NaN,0.9612934248519934,NaN,0.9612934248519934,0.9981986984412469
new_preds,OFT-0118-00,slow,3.1600015381147024,1378,0.9976413437597376,0.8314483571084909,0.833414094463119,0.8343969631404331,0.832922660124462,0.8314483571084909,NaN,0.833414094463119,NaN,0.833414094463119,0.9976413437597376
new_preds,OFT-0119-00,fast,4.972196212353909,1379,0.9903287650875353,0.8448938850703684,0.8531448493225259,0.8572703314486045,0.8510821082594865,0.8448938850703684,NaN,0.8531448493225259,NaN,0.8531448493225259,0.9903287650875353
new_preds,OFT-0119-00,medium,3.8890252183835514,1380,0.9939741641227336,0.9755891808121349,0.9815035601787244,0.984460749862019,0.980024965337077,0.9755891808121349,NaN,0.9815035601787244,NaN,0.9815035601787244,0.9939741641227336
new_preds,OFT-0119-00,slow,3.1922142507868037,1381,0.9810224643257015,0.8292520831757189,0.8452936740298798,0.8533144694569603,0.8412832763163396,0.8292520831757189,NaN,0.8452936740298798,NaN,0.8452936740298798,0.9810224643257015
new_preds,OFT-0120-00,medium,4.080773976835986,1382,1.0035397084020041,0.8872617056784967,0.8841321357291744,0.8825673507545131,0.884914528216505,0.8872617056784967,NaN,0.8841321357291744,NaN,0.8841321357291744,1.0035397084020041
new_preds,OFT-0120-00,fast,4.8786595817846035,1383,1.0016952197108688,0.887556112290079,0.8860540559894704,0.885303027839166,0.8864295700646225,0.887556112290079,NaN,0.8860540559894704,NaN,0.8860540559894704,1.0016952197108688
new_preds,OFT-0120-00,slow,3.2043420476763553,1384,0.995131948834119,0.9600705901054639,0.9647671258371994,0.9671153937030672,0.9635929919042656,0.9600705901054639,NaN,0.9647671258371994,NaN,0.9647671258371994,0.995131948834119
new_preds,OFT-0121-00,slow,3.3896665103050387,1385,1.0011626200497943,0.8911181113373912,0.8900832826669759,0.8895658683317683,0.8903419898345797,0.8911181113373912,NaN,0.8900832826669759,NaN,0.8900832826669759,1.0011626200497943
new_preds,OFT-0121-00,medium,4.083610068004201,1386,1.0057103451209042,0.9287451984194868,0.9234718554156219,0.9208351839136895,0.9247901911665881,0.9287451984194868,NaN,0.9234718554156219,NaN,0.9234718554156219,1.0057103451209042
new_preds,OFT-0121-00,fast,4.890658115417021,1387,1.0070657238196408,0.9012697949886294,0.8949463512373906,0.8917846293617713,0.8965272121752004,0.9012697949886294,NaN,0.8949463512373906,NaN,0.8949463512373906,1.0070657238196408
new_preds,OFT-0122-00,slow,3.3788944810333055,1388,0.9899333311250524,0.9127129607870212,0.9219943728429967,0.9266350788709847,0.919674019829003,0.9127129607870212,NaN,0.9219943728429967,NaN,0.9219943728429967,0.9899333311250524
new_preds,OFT-0122-00,fast,5.095443754473177,1389,1.0040869264161052,0.9525941131603436,0.9487167775009726,0.9467781096712871,0.9496861114158154,0.9525941131603436,NaN,0.9487167775009726,NaN,0.9487167775009726,1.0040869264161052
new_preds,OFT-0122-00,medium,4.209948378335755,1390,1.0191185528610307,0.8521323170546833,0.8361464077583934,0.8281534531102487,0.8401428850824659,0.8521323170546833,NaN,0.8361464077583934,NaN,0.8361464077583934,1.0191185528610307
new_preds,OFT-0123-00,medium,4.362295176691182,1391,0.9982497675741282,0.9465569102839566,0.9482165095657455,0.9490463092066396,0.9478016097452981,0.9465569102839566,NaN,0.9482165095657455,NaN,0.9482165095657455,0.9982497675741282
new_preds,OFT-0123-00,fast,5.3626420706251166,1392,1.0049224841936826,0.9914853221325954,0.9866286581577796,0.9842003261703717,0.9878428241514835,0.9914853221325954,NaN,0.9866286581577796,NaN,0.9866286581577796,1.0049224841936826
new_preds,OFT-0123-00,slow,3.464489332347428,1393,1.029350627708106,0.9571973873369138,0.9299041177719545,0.9162574829894747,0.9367274351631943,0.9571973873369138,NaN,0.9299041177719545,NaN,0.9299041177719545,1.029350627708106
new_preds,OFT-0124-00,fast,5.161182043090362,1394,1.0183772271035538,0.880823136599111,0.8649281554580015,0.8569806648874467,0.868901900743279,0.880823136599111,NaN,0.8649281554580015,NaN,0.8649281554580015,1.0183772271035538
new_preds,OFT-0124-00,medium,4.078538550944805,1395,1.0047907487456245,0.8252130625718146,0.8212785235154746,0.8193112539873046,0.8222621582795595,0.8252130625718146,NaN,0.8212785235154746,NaN,0.8212785235154746,1.0047907487456245
new_preds,OFT-0124-00,slow,3.275163838693807,1396,1.0073175829009007,0.9550912535046391,0.9481530648498572,0.9446839705224663,0.9498876120135527,0.9550912535046391,NaN,0.9481530648498572,NaN,0.9481530648498572,1.0073175829009007
new_preds,OFT-0125-00,fast,5.742795435143275,1397,0.9931926040883519,0.8081251957578183,0.8136641296272978,0.8164335965620377,0.8122793961599282,0.8081251957578183,NaN,0.8136641296272978,NaN,0.8136641296272978,0.9931926040883519
new_preds,OFT-0125-00,medium,4.8132004596014335,1398,1.0002075232017342,0.922627872924222,0.9224364459595601,0.922340732477229,0.9224843027007255,0.922627872924222,NaN,0.9224364459595601,NaN,0.9224364459595601,1.0002075232017342
new_preds,OFT-0125-00,slow,3.8852185889014295,1399,0.9941794017755325,0.9693411282353753,0.9750163064173348,0.9778538955083147,0.973597511871845,0.9693411282353753,NaN,0.9750163064173348,NaN,0.9750163064173348,0.9941794017755325
new_preds,OFT-0126-00,medium,4.742109655270424,1400,1.001091111876294,0.9013604350536792,0.9003780219008292,0.8998868153244043,0.9006236251890418,0.9013604350536792,NaN,0.9003780219008292,NaN,0.9003780219008292,1.001091111876294
new_preds,OFT-0126-00,fast,5.61309232082694,1401,1.0056883490229003,0.7796959156154397,0.7752858192828537,0.7730807711165606,0.7763883433660002,0.7796959156154397,NaN,0.7752858192828537,NaN,0.7752858192828537,1.0056883490229003
new_preds,OFT-0126-00,slow,3.961042619004213,1402,0.9969985967619599,0.900617617358621,0.9033288715587325,0.9046844986587885,0.9026510580087048,0.900617617358621,NaN,0.9033288715587325,NaN,0.9033288715587325,0.9969985967619599
new_preds,OFT-0127-00,slow,3.7083576502217035,1403,1.001603011802735,0.7823649807891384,0.7811128476750473,0.7804867811180016,0.7814258809535701,0.7823649807891384,NaN,0.7811128476750473,NaN,0.7811128476750473,1.001603011802735
new_preds,OFT-0127-00,medium,4.541571472747302,1404,1.0162048218562447,0.9571811040185405,0.9419174987480488,0.9342856961128028,0.9457334000656716,0.9571811040185405,NaN,0.9419174987480488,NaN,0.9419174987480488,1.0162048218562447
new_preds,OFT-0127-00,fast,5.36901168659727,1405,0.9987625209177861,0.8047979327164643,0.8057950872815259,0.806293664564057,0.8055457986402605,0.8047979327164643,NaN,0.8057950872815259,NaN,0.8057950872815259,0.9987625209177861
new_preds,OFT-0128-00,medium,4.9890129186542875,1406,1.0012234936606337,0.912025153990768,0.9109106605721543,0.9103534138628477,0.9111892839268079,0.912025153990768,NaN,0.9109106605721543,NaN,0.9109106605721543,1.0012234936606337
new_preds,OFT-0128-00,fast,5.949506233264642,1407,1.0174690241769502,0.735193360384478,0.722570754406199,0.7162594514170595,0.7257264059007689,0.735193360384478,NaN,0.722570754406199,NaN,0.722570754406199,1.0174690241769502
new_preds,OFT-0128-00,slow,4.00458707104556,1408,1.010696966809036,0.8940993937354629,0.884636466811913,0.8799050033501381,0.8870021985428005,0.8940993937354629,NaN,0.884636466811913,NaN,0.884636466811913,1.010696966809036
new_preds,OFT-0129-00,slow,3.672095757419224,1409,0.9993910975112859,0.9002468668365098,0.900795363375091,0.9010696116443817,0.9006582392404456,0.9002468668365098,NaN,0.900795363375091,NaN,0.900795363375091,0.9993910975112859
new_preds,OFT-0129-00,medium,4.629500548051738,1410,1.0065527144834066,0.81538435642756,0.8100761586501112,0.8074220597613868,0.8114032080944735,0.81538435642756,NaN,0.8100761586501112,NaN,0.8100761586501112,1.0065527144834066
new_preds,OFT-0129-00,fast,5.889271845364836,1411,0.9995430025503589,0.8791314477471858,0.8795333922643248,0.8797343645228941,0.8794329061350399,0.8791314477471858,NaN,0.8795333922643248,NaN,0.8795333922643248,0.9995430025503589
new_preds,OFT-0130-00,medium,4.512592884052859,1412,0.988865640821966,0.8285483570816558,0.8378775870834675,0.8425422020843737,0.8355452795830147,0.8285483570816558,NaN,0.8378775870834675,NaN,0.8378775870834675,0.988865640821966
new_preds,OFT-0130-00,fast,5.336847343639953,1413,1.0008744969700871,0.9069019802862537,0.9061095901950612,0.9057133951494651,0.9063076877178594,0.9069019802862537,NaN,0.9061095901950612,NaN,0.9061095901950612,1.0008744969700871
new_preds,OFT-0130-00,slow,3.658082515046592,1414,0.9927678536426777,0.9847148485054937,0.9918883300787432,0.9954750708653678,0.9900949596854307,0.9847148485054937,NaN,0.9918883300787432,NaN,0.9918883300787432,0.9927678536426777
new_preds,OFT-0131-00,medium,4.27897502790481,1415,1.0172577449082263,0.9046516900763005,0.8893043032647693,0.8816306098590037,0.893141149967652,0.9046516900763005,NaN,0.8893043032647693,NaN,0.8893043032647693,1.0172577449082263
new_preds,OFT-0131-00,fast,5.242139409734292,1416,1.014942965659718,0.9094464540909157,0.8960567094524086,0.8893618371331548,0.8994041456120353,0.9094464540909157,NaN,0.8960567094524086,NaN,0.8960567094524086,1.014942965659718
new_preds,OFT-0131-00,slow,3.534686858142453,1417,1.0034080631863191,0.8196034533477715,0.8168196802655974,0.8154277937245102,0.8175156235361409,0.8196034533477715,NaN,0.8168196802655974,NaN,0.8168196802655974,1.0034080631863191
new_preds,OFT-0132-00,fast,4.9276346176328225,1418,1.0033207223411436,0.9613888448630015,0.958206905783528,0.9566159362437912,0.9590023905533964,0.9613888448630015,NaN,0.958206905783528,NaN,0.958206905783528,1.0033207223411436
new_preds,OFT-0132-00,slow,3.175782810733406,1419,0.9968688019820532,0.9173868165043771,0.9202683589659505,0.9217091301967373,0.9195479733505572,0.9173868165043771,NaN,0.9202683589659505,NaN,0.9202683589659505,0.9968688019820532
new_preds,OFT-0132-00,medium,3.8664053181431166,1420,0.9941420784353844,0.9395460144322962,0.9450822320195787,0.94785034081322,0.9436981776227582,0.9395460144322962,NaN,0.9450822320195787,NaN,0.9450822320195787,0.9941420784353844
new_preds,OFT-0133-00,medium,4.193815538048674,1421,0.9980932575767785,0.9418727186352609,0.9436720581822057,0.9445717279556782,0.9432222232954696,0.9418727186352609,NaN,0.9436720581822057,NaN,0.9436720581822057,0.9980932575767785
new_preds,OFT-0133-00,fast,5.130406259621928,1422,0.9978535323749046,0.9768762314375117,0.9789775751081757,0.9800282469435078,0.9784522391905097,0.9768762314375117,NaN,0.9789775751081757,NaN,0.9789775751081757,0.9978535323749046
new_preds,OFT-0133-00,slow,3.408797550612382,1423,0.9961765576312644,0.9219376870361842,0.9254761919196257,0.9272454443613464,0.9245915656987653,0.9219376870361842,NaN,0.9254761919196257,NaN,0.9254761919196257,0.9961765576312644
new_preds,OFT-0134-00,fast,4.8677065097074035,1424,1.0158685549304656,0.8092470597693476,0.7966060725491589,0.7902855789390647,0.7997663193542062,0.8092470597693476,NaN,0.7966060725491589,NaN,0.7966060725491589,1.0158685549304656
new_preds,OFT-0134-00,medium,3.9808222921014194,1425,0.9986514230353819,0.9276856810518813,0.9289384260147534,0.9295647984961892,0.9286252397740353,0.9276856810518813,NaN,0.9289384260147534,NaN,0.9289384260147534,0.9986514230353819
new_preds,OFT-0134-00,slow,3.1199716067775536,1426,0.9824028642245183,0.8299466216509902,0.8448129091176125,0.852246052850924,0.841096337250957,0.8299466216509902,NaN,0.8448129091176125,NaN,0.8448129091176125,0.9824028642245183
new_preds,OFT-0135-00,medium,4.007645315693448,1427,0.9959375745273168,0.8668716159949775,0.8704075819274161,0.8721755648936353,0.8695235904443064,0.8668716159949775,NaN,0.8704075819274161,NaN,0.8704075819274161,0.9959375745273168
new_preds,OFT-0135-00,fast,4.836439873606349,1428,1.0030984771509508,0.9904556388237227,0.987396214215042,0.9858665019107016,0.9881610703672121,0.9904556388237227,NaN,0.987396214215042,NaN,0.987396214215042,1.0030984771509508
new_preds,OFT-0135-00,slow,3.313370321861746,1429,0.9918896582059397,0.9066584632494806,0.9140718987728743,0.9177786165345712,0.912218539892026,0.9066584632494806,NaN,0.9140718987728743,NaN,0.9140718987728743,0.9918896582059397
new_preds,OFT-0136-00,medium,4.621073920863968,1430,1.014503456266183,0.8555886105308718,0.8433570188906133,0.8372412230704842,0.8464149168006778,0.8555886105308718,NaN,0.8433570188906133,NaN,0.8433570188906133,1.014503456266183
new_preds,OFT-0136-00,fast,5.796390724151755,1431,0.9951688221805584,0.930721659997124,0.9352399705989368,0.9374991258998432,0.9341103929484837,0.930721659997124,NaN,0.9352399705989368,NaN,0.9352399705989368,0.9951688221805584
new_preds,OFT-0136-00,slow,3.6970471643533376,1432,1.0035603948601606,0.8917981613015016,0.8886342724054667,0.8870523279574494,0.8894252446294755,0.8917981613015016,NaN,0.8886342724054667,NaN,0.8886342724054667,1.0035603948601606
new_preds,OFT-0137-00,slow,3.3221372170758205,1433,1.0306792598161354,0.6203848498119994,0.6019184376744623,0.5926852316056936,0.6065350407088465,0.6203848498119994,NaN,0.6019184376744623,NaN,0.6019184376744623,1.0306792598161354
new_preds,OFT-0137-00,medium,4.100576472415927,1434,0.999344514646579,0.9117307071580133,0.9123287252749362,0.9126277343333979,0.9121792207457056,0.9117307071580133,NaN,0.9123287252749362,NaN,0.9123287252749362,0.999344514646579
new_preds,OFT-0137-00,fast,4.9464823351909395,1435,0.9995193346818897,0.9760093848623735,0.9764787443286442,0.9767134240617799,0.9763614044620766,0.9760093848623735,NaN,0.9764787443286442,NaN,0.9764787443286442,0.9995193346818897
new_preds,OFT-0138-00,fast,5.358794078306806,1436,0.9924101205217731,0.8794648941072197,0.8861909768159449,0.8895540181703073,0.8845094561387636,0.8794648941072197,NaN,0.8861909768159449,NaN,0.8861909768159449,0.9924101205217731
new_preds,OFT-0138-00,medium,4.190486125439501,1437,0.9914246836696661,0.8769007672064919,0.8844855102464521,0.8882778817664321,0.882589324486462,0.8769007672064919,NaN,0.8844855102464521,NaN,0.8844855102464521,0.9914246836696661
new_preds,OFT-0138-00,slow,3.3070606880044866,1438,0.9936416709425407,0.9273338929443218,0.933267917462317,0.9362349297213143,0.9317844113328181,0.9273338929443218,NaN,0.933267917462317,NaN,0.933267917462317,0.9936416709425407
new_preds,OFT-0139-00,fast,4.843432726844186,1439,0.9983690766649138,0.9198808645566647,0.9213835705223947,0.9221349235052596,0.9210078940309622,0.9198808645566647,NaN,0.9213835705223947,NaN,0.9213835705223947,0.9983690766649138
new_preds,OFT-0139-00,medium,3.8678204853014564,1440,1.0132430915840205,0.8524856774910392,0.8413436860036555,0.8357726902599638,0.8441291838755014,0.8524856774910392,NaN,0.8413436860036555,NaN,0.8413436860036555,1.0132430915840205
new_preds,OFT-0139-00,slow,3.14701706247153,1441,1.000180776745557,0.7516244145617679,0.7514885629050426,0.7514206370766798,0.751522525819224,0.7516244145617679,NaN,0.7514885629050426,NaN,0.7514885629050426,1.000180776745557
new_preds,OFT-0140-00,fast,5.520114157773189,1442,0.999347803455697,0.8693600235987766,0.8699273872345256,0.8702110690523999,0.8697855463255881,0.8693600235987766,NaN,0.8699273872345256,NaN,0.8699273872345256,0.999347803455697
new_preds,OFT-0140-00,medium,4.346309181165679,1443,1.0012642653813197,0.9046657078530824,0.9035234144789449,0.9029522677918762,0.9038089878224793,0.9046657078530824,NaN,0.9035234144789449,NaN,0.9035234144789449,1.0012642653813197
new_preds,OFT-0140-00,slow,3.5146377651041507,1444,1.0084180265344789,0.8359754687303922,0.8289969504048819,0.8255076912421268,0.8307415799862594,0.8359754687303922,NaN,0.8289969504048819,NaN,0.8289969504048819,1.0084180265344789
new_preds,OFT-0141-00,fast,4.68208233128552,1445,0.9933073418175198,0.6971269981849442,0.701824066768061,0.7041726010596194,0.7006497996222818,0.6971269981849442,NaN,0.701824066768061,NaN,0.701824066768061,0.9933073418175198
new_preds,OFT-0141-00,slow,3.1925872055707334,1446,0.9981657296166974,0.9427704107160766,0.9445028843838458,0.9453691212177304,0.9440697659669036,0.9427704107160766,NaN,0.9445028843838458,NaN,0.9445028843838458,0.9981657296166974
new_preds,OFT-0141-00,medium,3.818507822744039,1447,1.0022901991773596,0.8344019729461108,0.8324953926826334,0.8315421025508949,0.8329720377485028,0.8344019729461108,NaN,0.8324953926826334,NaN,0.8324953926826334,1.0022901991773596
new_preds,OFT-0142-00,medium,4.008620334419147,1448,1.0074077521812015,0.8457053845923396,0.8394866753419854,0.8363773207168083,0.8410413526545738,0.8457053845923396,NaN,0.8394866753419854,NaN,0.8394866753419854,1.0074077521812015
new_preds,OFT-0142-00,fast,4.673652160813417,1449,1.0150664953960977,0.981445680598693,0.9668782144323607,0.9595944813491943,0.9705200809739437,0.981445680598693,NaN,0.9668782144323607,NaN,0.9668782144323607,1.0150664953960977
new_preds,OFT-0142-00,slow,3.3075948418269947,1450,0.9771634116390514,0.7828899346927514,0.8011862963427641,0.8103344771677705,0.7966122059302609,0.7828899346927514,NaN,0.8011862963427641,NaN,0.8011862963427641,0.9771634116390514
new_preds,OFT-0143-00,medium,4.518014608673284,1451,1.0144060172038447,0.81245920351371,0.8009211200789305,0.7951520783615404,0.8038056409376253,0.81245920351371,NaN,0.8009211200789305,NaN,0.8009211200789305,1.0144060172038447
new_preds,OFT-0143-00,fast,5.645304651036407,1452,1.0043338910602055,0.9330241471116467,0.9289979711097053,0.9269848831087345,0.9300045151101908,0.9330241471116467,NaN,0.9289979711097053,NaN,0.9289979711097053,1.0043338910602055
new_preds,OFT-0143-00,slow,3.5676242749003326,1453,1.0025940032689462,0.9263570139493762,0.9239602580196967,0.9227618800548568,0.9245594470021165,0.9263570139493762,NaN,0.9239602580196967,NaN,0.9239602580196967,1.0025940032689462
new_preds,OFT-0144-00,medium,4.739473695071832,1454,0.9984882455073905,0.9371320435411676,0.9385509020839358,0.9392603313553196,0.9381961874482436,0.9371320435411676,NaN,0.9385509020839358,NaN,0.9385509020839358,0.9984882455073905
new_preds,OFT-0144-00,slow,3.635852178223499,1455,1.01873250839096,0.8472749922991626,0.8316952539753477,0.8239053848134401,0.8355901885563013,0.8472749922991626,NaN,0.8316952539753477,NaN,0.8316952539753477,1.01873250839096
new_preds,OFT-0144-00,fast,6.206288211290876,1456,1.0101026630679204,0.8965222083928933,0.887555533880035,0.8830721966236057,0.8897972025082496,0.8965222083928933,NaN,0.887555533880035,NaN,0.887555533880035,1.0101026630679204
new_preds,OFT-0145-00,fast,4.999920401056717,1457,0.9939769778429058,0.9147477491127584,0.9202906802709978,0.9230621458501176,0.9189049474814379,0.9147477491127584,NaN,0.9202906802709978,NaN,0.9202906802709978,0.9939769778429058
new_preds,OFT-0145-00,slow,3.3033506176803757,1458,0.9890449164410142,0.8497735880015506,0.8591860428941706,0.8638922703404803,0.8568329291710155,0.8497735880015506,NaN,0.8591860428941706,NaN,0.8591860428941706,0.9890449164410142
new_preds,OFT-0145-00,medium,4.074524435391083,1459,0.99647010891848,0.8518393150038921,0.8548568666333974,0.85636564244815,0.8541024787260211,0.8518393150038921,NaN,0.8548568666333974,NaN,0.8548568666333974,0.99647010891848
new_preds,OFT-0146-00,slow,3.497295964006201,1460,0.9910790198288967,0.8460790622656325,0.8536948571585165,0.8575027546049583,0.8517909084352953,0.8460790622656325,NaN,0.8536948571585165,NaN,0.8536948571585165,0.9910790198288967
new_preds,OFT-0146-00,medium,4.165060576327549,1461,1.0046311069188965,0.8838272489850479,0.8797530186932575,0.8777159035473625,0.8807715762662052,0.8838272489850479,NaN,0.8797530186932575,NaN,0.8797530186932575,1.0046311069188965
new_preds,OFT-0146-00,fast,5.1827205618908785,1462,0.9948625584756596,0.8702690321038746,0.8747630762557909,0.8770100983317489,0.8736395652178117,0.8702690321038746,NaN,0.8747630762557909,NaN,0.8747630762557909,0.9948625584756596
new_preds,OFT-0147-00,fast,4.974315290549787,1463,1.0023390889341874,0.9868481473137806,0.9845452085113444,0.9833937391101262,0.9851209432119534,0.9868481473137806,NaN,0.9845452085113444,NaN,0.9845452085113444,1.0023390889341874
new_preds,OFT-0147-00,medium,4.088665793942183,1464,1.0027241161005844,0.9115003362436207,0.909024049195389,0.907785905671273,0.9096431209574469,0.9115003362436207,NaN,0.909024049195389,NaN,0.909024049195389,1.0027241161005844
new_preds,OFT-0147-00,slow,3.3526127959067678,1465,0.9853285581527096,0.931117737017282,0.9449819852607724,0.9519141093825176,0.9415159231998997,0.931117737017282,NaN,0.9449819852607724,NaN,0.9449819852607724,0.9853285581527096
new_preds,OFT-0148-00,fast,4.900917745869302,1466,0.9909805361213205,0.8447663882099964,0.8524550759759585,0.8562994198589398,0.850532904034468,0.8447663882099964,NaN,0.8524550759759585,NaN,0.8524550759759585,0.9909805361213205
new_preds,OFT-0148-00,slow,3.39356428852272,1467,0.9924022709074776,0.8572613205712297,0.8638244245323304,0.8671059765128808,0.8621836485420553,0.8572613205712297,NaN,0.8638244245323304,NaN,0.8638244245323304,0.9924022709074776
new_preds,OFT-0148-00,medium,4.079151653491876,1468,0.9991580965769845,0.9114845416574768,0.9122525702189989,0.9126365844997599,0.9120605630786185,0.9114845416574768,NaN,0.9122525702189989,NaN,0.9122525702189989,0.9991580965769845
new_preds,OFT-0149-00,fast,4.459979832985869,1469,1.0002465775531388,0.6636927674004786,0.6635291560047546,0.6634473503068925,0.6635700588536855,0.6636927674004786,NaN,0.6635291560047546,NaN,0.6635291560047546,1.0002465775531388
new_preds,OFT-0149-00,slow,3.132172672141034,1470,0.9977701398061837,0.8389055712397567,0.8407803939720161,0.8417178053381458,0.8403116882889514,0.8389055712397567,NaN,0.8407803939720161,NaN,0.8407803939720161,0.9977701398061837
new_preds,OFT-0149-00,medium,3.7605827849031486,1471,0.9864405109659469,0.8327479586778943,0.8441948089322152,0.849918234059376,0.8413330963686352,0.8327479586778943,NaN,0.8441948089322152,NaN,0.8441948089322152,0.9864405109659469
new_preds,OFT-0150-00,fast,4.912107557021743,1472,0.9959834625347044,0.9903964962512658,0.994390502961545,0.9963875063166843,0.993392001283975,0.9903964962512658,NaN,0.994390502961545,NaN,0.994390502961545,0.9959834625347044
new_preds,OFT-0150-00,medium,4.14165060845458,1473,0.9923592606509242,0.9130562972356959,0.920086437886204,0.923601508211458,0.9183289027235769,0.9130562972356959,NaN,0.920086437886204,NaN,0.920086437886204,0.9923592606509242
new_preds,OFT-0150-00,slow,3.3069950625857496,1474,0.9973236190739692,0.9765534409240146,0.9791740837650672,0.9804844051855933,0.978518923054804,0.9765534409240146,NaN,0.9791740837650672,NaN,0.9791740837650672,0.9973236190739692
new_preds,OFT-0151-00,fast,5.282749831077887,1475,1.0081526128926155,0.9074608194850904,0.9001224694358348,0.8964532944112074,0.9019570569481488,0.9074608194850904,NaN,0.9001224694358348,NaN,0.9001224694358348,1.0081526128926155
new_preds,OFT-0151-00,medium,4.172593830034359,1476,0.9923638315113579,0.8839069125728809,0.8907085128512812,0.8941093129904814,0.8890081127816811,0.8839069125728809,NaN,0.8907085128512812,NaN,0.8907085128512812,0.9923638315113579
new_preds,OFT-0151-00,slow,3.248856157717166,1477,0.9929738389663917,0.76729258476224,0.7727218529351506,0.7754364870216056,0.7713645358919229,0.76729258476224,NaN,0.7727218529351506,NaN,0.7727218529351506,0.9929738389663917
new_preds,OFT-0152-00,medium,3.831038964894316,1478,0.9933234839360076,0.9576363861894562,0.9640730352964751,0.9672913598499846,0.9624638730197204,0.9576363861894562,NaN,0.9640730352964751,NaN,0.9640730352964751,0.9933234839360076
new_preds,OFT-0152-00,slow,3.151899830255866,1479,1.0123282677718313,0.9057071690992009,0.8946773471936065,0.8891624362408093,0.8974348026700052,0.9057071690992009,NaN,0.8946773471936065,NaN,0.8946773471936065,1.0123282677718313
new_preds,OFT-0152-00,fast,7.355614744874371,1480,0.9962622870860146,0.8882867033794958,0.8916193204278177,0.8932856289519786,0.8907861661657372,0.8882867033794958,NaN,0.8916193204278177,NaN,0.8916193204278177,0.9962622870860146
new_preds,OFT-0153-00,fast,5.458266077529891,1481,1.0042752422241528,0.8776333874902706,0.8738972650033566,0.8720292037598998,0.8748312956250852,0.8776333874902706,NaN,0.8738972650033566,NaN,0.8738972650033566,1.0042752422241528
new_preds,OFT-0153-00,slow,3.5127905299784907,1482,1.0010060183695255,0.8533000550353117,0.852442482239215,0.8520136958411666,0.8526568754382391,0.8533000550353117,NaN,0.852442482239215,NaN,0.852442482239215,1.0010060183695255
new_preds,OFT-0153-00,medium,4.29021560416174,1483,0.99498468882084,0.9063181150014858,0.9108864942188877,0.9131706838275886,0.9097443994145373,0.9063181150014858,NaN,0.9108864942188877,NaN,0.9108864942188877,0.99498468882084
new_preds,OFT-0154-00,medium,3.9503716529685997,1484,0.9966824091827837,0.9302246683385432,0.93332104566917,0.9348692343344833,0.9325469513365132,0.9302246683385432,NaN,0.93332104566917,NaN,0.93332104566917,0.9966824091827837
new_preds,OFT-0154-00,slow,3.2533033721326583,1485,1.0000148228746635,0.9751043717610461,0.9750899181254042,0.9750826913075834,0.9750935315343148,0.9751043717610461,NaN,0.9750899181254042,NaN,0.9750899181254042,1.0000148228746635
new_preds,OFT-0154-00,fast,5.057748237528937,1486,0.9920531676702923,0.899350965071836,0.9065552073018875,0.9101573284169133,0.9047541467443747,0.899350965071836,NaN,0.9065552073018875,NaN,0.9065552073018875,0.9920531676702923
new_preds,OFT-0155-00,fast,5.514260231540338,1487,0.9972319806110933,0.9684628692818575,0.9711510341740079,0.9724951166200834,0.9704789929509703,0.9684628692818575,NaN,0.9711510341740079,NaN,0.9711510341740079,0.9972319806110933
new_preds,OFT-0155-00,slow,3.7135051270359667,1488,1.0071602116997294,0.7982960501487212,0.7926207180101769,0.7897830519409046,0.7940395510448128,0.7982960501487212,NaN,0.7926207180101769,NaN,0.7926207180101769,1.0071602116997294
new_preds,OFT-0155-00,medium,4.649324105715415,1489,1.0017073133119094,0.885121628654401,0.8836130243753085,0.8828587222357624,0.8839901754450816,0.885121628654401,NaN,0.8836130243753085,NaN,0.8836130243753085,1.0017073133119094
new_preds,OFT-0156-00,fast,5.50495174453752,1490,1.0077886510354725,0.8648305231930137,0.858146717870286,0.854804815208922,0.8598176692009678,0.8648305231930137,NaN,0.858146717870286,NaN,0.858146717870286,1.0077886510354725
new_preds,OFT-0156-00,medium,4.604428014365341,1491,1.000164058604737,0.9683428966206898,0.9681840576950559,0.9681046382322387,0.9682237674264643,0.9683428966206898,NaN,0.9681840576950559,NaN,0.9681840576950559,1.000164058604737
new_preds,OFT-0156-00,slow,3.636451681157621,1492,1.003287078751345,0.948464175857569,0.9453567138908969,0.9438029829075606,0.9461335793825649,0.948464175857569,NaN,0.9453567138908969,NaN,0.9453567138908969,1.003287078751345
new_preds,OFT-0157-00,fast,4.7516026782245,1493,1.0009249039866273,0.884147016731902,0.8833300212737184,0.8829215235446266,0.8835342701382642,0.884147016731902,NaN,0.8833300212737184,NaN,0.8833300212737184,1.0009249039866273
new_preds,OFT-0157-00,medium,3.9460801816505975,1494,1.003312437827194,0.8393034988969206,0.8365325368780869,0.8351470558686701,0.8372252773827953,0.8393034988969206,NaN,0.8365325368780869,NaN,0.8365325368780869,1.003312437827194
new_preds,OFT-0157-00,slow,3.3373562992105072,1495,1.0140650347996658,0.8359040751180535,0.8243101245308108,0.8185131492371895,0.8272086121776216,0.8359040751180535,NaN,0.8243101245308108,NaN,0.8243101245308108,1.0140650347996658
new_preds,OFT-0158-00,fast,4.755919138733754,1496,1.0005319844651066,0.9830854132906629,0.9825627051955057,0.9823013511479273,0.982693382219295,0.9830854132906629,NaN,0.9825627051955057,NaN,0.9825627051955057,1.0005319844651066
new_preds,OFT-0158-00,medium,4.0871794051003025,1497,0.998489496376697,0.8963386964723443,0.8976946675202534,0.8983726530442075,0.897355674758276,0.8963386964723443,NaN,0.8976946675202534,NaN,0.8976946675202534,0.998489496376697
new_preds,OFT-0158-00,slow,3.3156718349517815,1498,0.9913999472516998,0.944274149464847,0.9524654021643918,0.9565610285141644,0.9504175889895057,0.944274149464847,NaN,0.9524654021643918,NaN,0.9524654021643918,0.9913999472516998
new_preds,OFT-0159-00,fast,5.45149854469744,1499,1.0027831433469716,0.9754405548272274,0.9727332986187988,0.9713796705145845,0.9734101126709059,0.9754405548272274,NaN,0.9727332986187988,NaN,0.9727332986187988,1.0027831433469716
new_preds,OFT-0159-00,slow,3.581234681963064,1500,1.0015831289120525,0.9158562718592523,0.9144086450957705,0.9136848317140294,0.9147705517866409,0.9158562718592523,NaN,0.9144086450957705,NaN,0.9144086450957705,1.0015831289120525
new_preds,OFT-0159-00,medium,4.508964636003706,1501,0.9963074147572685,0.9288249682206517,0.9322674452311914,0.9339886837364613,0.9314068259785566,0.9288249682206517,NaN,0.9322674452311914,NaN,0.9322674452311914,0.9963074147572685
new_preds,OFT-0160-00,slow,3.604181557544218,1502,0.997578584579968,0.8120909395672955,0.8140621221427159,0.8150477134304259,0.8135693264988607,0.8120909395672955,NaN,0.8140621221427159,NaN,0.8140621221427159,0.997578584579968
new_preds,OFT-0160-00,medium,4.535840918640663,1503,1.0113265493108436,0.9133907505801614,0.9031610523846928,0.8980462032869585,0.90571847693356,0.9133907505801614,NaN,0.9031610523846928,NaN,0.9031610523846928,1.0113265493108436
new_preds,OFT-0160-00,fast,5.698042403882571,1504,1.0118503354295514,0.8059452483408756,0.796506380559468,0.7917869466687644,0.7988660975048201,0.8059452483408756,NaN,0.796506380559468,NaN,0.796506380559468,1.0118503354295514
new_preds,OFT-0161-00,fast,5.6235345302789685,1505,0.9986368900553855,0.9436357890244924,0.9449238240860073,0.945567841616765,0.9446018153206288,0.9436357890244924,NaN,0.9449238240860073,NaN,0.9449238240860073,0.9986368900553855
new_preds,OFT-0161-00,medium,4.2763131331999595,1506,0.9997410407071912,0.8961069188207578,0.8963390341431564,0.8964550918043555,0.8962810053125566,0.8961069188207578,NaN,0.8963390341431564,NaN,0.8963390341431564,0.9997410407071912
new_preds,OFT-0161-00,slow,3.4545529753381623,1507,0.9908966861881006,0.9328053257846629,0.9413749574368743,0.9456597732629801,0.9392325495238214,0.9328053257846629,NaN,0.9413749574368743,NaN,0.9413749574368743,0.9908966861881006
new_preds,OFT-0162-00,fast,5.177568672107624,1508,1.0076210738625964,0.8394098437651942,0.83306102416796,0.8298866143693431,0.8346482290672687,0.8394098437651942,NaN,0.83306102416796,NaN,0.83306102416796,1.0076210738625964
new_preds,OFT-0162-00,slow,3.4419205971000815,1509,0.9927239584125347,0.9697380598624409,0.976845629285657,0.9803994139972648,0.9750687369298529,0.9697380598624409,NaN,0.976845629285657,NaN,0.976845629285657,0.9927239584125347
new_preds,OFT-0162-00,medium,4.194530058369975,1510,1.0061231552340437,0.94913472737008,0.9433583974610871,0.9404702325065903,0.9448024799383353,0.94913472737008,NaN,0.9433583974610871,NaN,0.9433583974610871,1.0061231552340437
new_preds,OFT-0163-00,fast,4.788684261929818,1511,0.999746120451171,0.9510162693941858,0.9512577742887424,0.9513785267360206,0.9511973980651032,0.9510162693941858,NaN,0.9512577742887424,NaN,0.9512577742887424,0.999746120451171
new_preds,OFT-0163-00,medium,3.9528353580221287,1512,1.0146948582788988,0.772137924385222,0.7609557869396361,0.7553647182168431,0.7637513213010325,0.772137924385222,NaN,0.7609557869396361,NaN,0.7609557869396361,1.0146948582788988
new_preds,OFT-0163-00,slow,3.38725648843072,1513,0.9916780850263099,0.9170301010086296,0.9247255887320532,0.9285733325937653,0.9228017168011973,0.9170301010086296,NaN,0.9247255887320532,NaN,0.9247255887320532,0.9916780850263099
new_preds,OFT-0164-00,fast,4.539902767645578,1514,1.0028200759603598,0.8711327667606157,0.8686830146737613,0.8674581386303342,0.8692954526954749,0.8711327667606157,NaN,0.8686830146737613,NaN,0.8686830146737613,1.0028200759603598
new_preds,OFT-0164-00,medium,3.694842827599689,1515,0.987662135614733,0.844384941379666,0.8549329886521472,0.860207012288388,0.8522959768340269,0.844384941379666,NaN,0.8549329886521472,NaN,0.8549329886521472,0.987662135614733
new_preds,OFT-0164-00,slow,3.1073774100269493,1516,1.006630571358524,0.9672653484292133,0.9608940717186999,0.9577084333634434,0.9624868908963283,0.9672653484292133,NaN,0.9608940717186999,NaN,0.9608940717186999,1.006630571358524
new_preds,OFT-0165-00,fast,4.989676116755494,1517,1.0020859705898126,0.8629518287413577,0.861155483729043,0.860257311222886,0.8616045699821218,0.8629518287413577,NaN,0.861155483729043,NaN,0.861155483729043,1.0020859705898126
new_preds,OFT-0165-00,slow,3.404493414492332,1518,0.9944764892166792,0.9384681276714953,0.9436805574063395,0.9462867722737616,0.9423774499726284,0.9384681276714953,NaN,0.9436805574063395,NaN,0.9436805574063395,0.9944764892166792
new_preds,OFT-0165-00,medium,4.152839069921282,1519,0.9969060137725783,0.9561247341325043,0.9590921520417498,0.9605758609963724,0.9583502975644385,0.9561247341325043,NaN,0.9590921520417498,NaN,0.9590921520417498,0.9969060137725783
new_preds,OFT-0166-00,fast,4.77807340434093,1520,1.0004217306097125,0.9297537480533006,0.9293618077314824,0.9291658375705734,0.929459792811937,0.9297537480533006,NaN,0.9293618077314824,NaN,0.9293618077314824,1.0004217306097125
new_preds,OFT-0166-00,medium,3.851644829887698,1521,0.9967817496365922,0.8881391202778554,0.8910066026004732,0.892440343761782,0.8902897320198188,0.8881391202778554,NaN,0.8910066026004732,NaN,0.8910066026004732,0.9967817496365922
new_preds,OFT-0166-00,slow,3.182984297465802,1522,0.9834838698240815,0.8895501879706874,0.9044888434518034,0.9119581711923616,0.9007541795815246,0.8895501879706874,NaN,0.9044888434518034,NaN,0.9044888434518034,0.9834838698240815
new_preds,OFT-0167-00,fast,5.093004099983325,1523,0.9968876974323617,0.9306636917387708,0.9335692416867406,0.9350220166607255,0.932842854199748,0.9306636917387708,NaN,0.9335692416867406,NaN,0.9335692416867406,0.9968876974323617
new_preds,OFT-0167-00,medium,4.216020394548865,1524,0.9960248395972761,0.7989522781502647,0.8021409169607718,0.8037352363660253,0.8013437572581452,0.7989522781502647,NaN,0.8021409169607718,NaN,0.8021409169607718,0.9960248395972761
new_preds,OFT-0167-00,slow,3.452388291759578,1525,1.0012260952347187,0.7990040851387485,0.7980256297169692,0.7975364020060796,0.798270243572414,0.7990040851387485,NaN,0.7980256297169692,NaN,0.7980256297169692,1.0012260952347187
new_preds,OFT-0168-00,medium,4.401669186294298,1526,0.9931585244890062,0.8713543369253927,0.8773567516562539,0.8803579590216846,0.8758561479735385,0.8713543369253927,NaN,0.8773567516562539,NaN,0.8773567516562539,0.9931585244890062
new_preds,OFT-0168-00,fast,5.4022146847607235,1527,0.9980522155965783,0.9506605006334408,0.95251579604499,0.9534434437507646,0.9520519721921027,0.9506605006334408,NaN,0.95251579604499,NaN,0.95251579604499,0.9980522155965783
new_preds,OFT-0168-00,slow,3.5262129013590244,1528,1.0020495363233184,0.851510205170886,0.8497685736128521,0.8488977578338355,0.8502039815023607,0.851510205170886,NaN,0.8497685736128521,NaN,0.8497685736128521,1.0020495363233184
new_preds,OFT-0169-00,fast,4.601353426042714,1529,0.9886246693530424,0.8166970062875778,0.8260940998185142,0.8307926465839826,0.8237448264357802,0.8166970062875778,NaN,0.8260940998185142,NaN,0.8260940998185142,0.9886246693530424
new_preds,OFT-0169-00,medium,3.8100612999507164,1530,0.9980120864720397,0.9019031039048981,0.9036995805262383,0.9045978188369085,0.9032504613709034,0.9019031039048981,NaN,0.9036995805262383,NaN,0.9036995805262383,0.9980120864720397
new_preds,OFT-0169-00,slow,3.164130644029371,1531,0.9910086609642308,0.8929237308122129,0.9010251534466073,0.9050758647638043,0.8989997977880085,0.8929237308122129,NaN,0.9010251534466073,NaN,0.9010251534466073,0.9910086609642308
new_preds,OFT-0170-00,slow,3.3184525680082597,1532,0.9814814032597862,0.7731100727324336,0.7876971180143704,0.7949906406553386,0.7840503566938862,0.7731100727324336,NaN,0.7876971180143704,NaN,0.7876971180143704,0.9814814032597862
new_preds,OFT-0170-00,fast,4.915607054306066,1533,1.0088474334476796,0.9946833747610028,0.9859601578820775,0.981598549442615,0.9881409621018089,0.9946833747610028,NaN,0.9859601578820775,NaN,0.9859601578820775,1.0088474334476796
new_preds,OFT-0170-00,medium,4.1260528570559,1534,1.008362143611989,0.829254899363427,0.8223780559561732,0.8189396342525461,0.8240972668079866,0.829254899363427,NaN,0.8223780559561732,NaN,0.8223780559561732,1.008362143611989
new_preds,OFT-0171-00,fast,5.482213385411963,1535,0.9988123262454863,0.8896197363071181,0.8906775706815506,0.8912064878687669,0.8904131120879425,0.8896197363071181,NaN,0.8906775706815506,NaN,0.8906775706815506,0.9988123262454863
new_preds,OFT-0171-00,medium,4.41544694378542,1536,0.9941634430430305,0.9141521631456495,0.9195189880926673,0.9222024005661762,0.9181772818559129,0.9141521631456495,NaN,0.9195189880926673,NaN,0.9195189880926673,0.9941634430430305
new_preds,OFT-0171-00,slow,3.496494575748508,1537,0.9949944567670531,0.8920323400177388,0.8965199091823487,0.8987636937646535,0.8953980168911961,0.8920323400177388,NaN,0.8965199091823487,NaN,0.8965199091823487,0.9949944567670531
new_preds,OFT-0172-00,slow,3.267943912371538,1538,0.9943461626448954,0.7776815339322098,0.7821034194607118,0.7843143622249629,0.7809979480785862,0.7776815339322098,NaN,0.7821034194607118,NaN,0.7821034194607118,0.9943461626448954
new_preds,OFT-0172-00,medium,3.971201590477337,1539,1.0030498569087793,0.9361688448474978,0.933322345244735,0.9318990954433539,0.9340339701454258,0.9361688448474978,NaN,0.933322345244735,NaN,0.933322345244735,1.0030498569087793
new_preds,OFT-0172-00,fast,5.040346839138333,1540,1.005916718488917,0.9586409878217225,0.9530023412492716,0.9501830179630462,0.9544120028923844,0.9586409878217225,NaN,0.9530023412492716,NaN,0.9530023412492716,1.005916718488917
new_preds,OFT-0173-00,medium,4.08463751379671,1541,0.9964842779240219,0.946558269788457,0.949897846617735,0.9515676350323738,0.9490629524104155,0.946558269788457,NaN,0.949897846617735,NaN,0.949897846617735,0.9964842779240219
new_preds,OFT-0173-00,fast,5.10096662880129,1542,1.0042713528010865,0.8247536580171249,0.821245827352084,0.8194919120195634,0.8221227850183441,0.8247536580171249,NaN,0.821245827352084,NaN,0.821245827352084,1.0042713528010865
new_preds,OFT-0173-00,slow,3.2703009315340674,1543,0.9865285546079992,0.9770261947857024,0.9903678816209506,0.9970387250385747,0.9870324599121385,0.9770261947857024,NaN,0.9903678816209506,NaN,0.9903678816209506,0.9865285546079992
new_preds,OFT-0174-00,slow,3.331394921464108,1544,0.9584278169737191,0.7973228414904088,0.8319070329239745,0.8491991286407572,0.8232609850655831,0.7973228414904088,NaN,0.8319070329239745,NaN,0.8319070329239745,0.9584278169737191
new_preds,OFT-0174-00,medium,4.190004631641099,1545,0.9838310511807314,0.7494388519456315,0.7617556398999632,0.7679140338771291,0.7586764429113803,0.7494388519456315,NaN,0.7617556398999632,NaN,0.7617556398999632,0.9838310511807314
new_preds,OFT-0174-00,fast,5.274885546944167,1546,0.9930360739660054,0.8398177011332673,0.8457071431244065,0.8486518641199757,0.8442347826266217,0.8398177011332673,NaN,0.8457071431244065,NaN,0.8457071431244065,0.9930360739660054
new_preds,OFT-0175-00,fast,5.256547079822322,1547,0.9947471175456567,0.979075604665345,0.9842457318006831,0.9868307953683519,0.9829532000168485,0.979075604665345,NaN,0.9842457318006831,NaN,0.9842457318006831,0.9947471175456567
new_preds,OFT-0175-00,medium,4.350717679551018,1548,0.9955865398231152,0.9334587301983088,0.9375967762321852,0.9396657992491232,0.936562264723716,0.9334587301983088,NaN,0.9375967762321852,NaN,0.9375967762321852,0.9955865398231152
new_preds,OFT-0175-00,slow,3.532453427061299,1549,0.9828292114023244,0.8943596541510243,0.9099848109672385,0.9177973893753455,0.9060785217631849,0.8943596541510243,NaN,0.9099848109672385,NaN,0.9099848109672385,0.9828292114023244
new_preds,OFT-0176-00,fast,6.125416078125418,1550,0.9976565666341028,0.9082070460946199,0.9103403680875193,0.9114070290839691,0.9098070375892944,0.9082070460946199,NaN,0.9103403680875193,NaN,0.9103403680875193,0.9976565666341028
new_preds,OFT-0176-00,slow,3.6737999349366666,1551,1.0291915109642107,0.81376822113124,0.7906868765064446,0.7791462041940469,0.7964572126626437,0.81376822113124,NaN,0.7906868765064446,NaN,0.7906868765064446,1.0291915109642107
new_preds,OFT-0176-00,medium,4.668110472918924,1552,1.0170216872928775,0.8139215886620009,0.8002991468436713,0.7934879259345062,0.8037047572982534,0.8139215886620009,NaN,0.8002991468436713,NaN,0.8002991468436713,1.0170216872928775
new_preds,OFT-0177-00,fast,5.445348554352678,1553,0.9934367171150621,0.822197601113789,0.8276295680931232,0.8303455515827902,0.8262715763482896,0.822197601113789,NaN,0.8276295680931232,NaN,0.8276295680931232,0.9934367171150621
new_preds,OFT-0177-00,slow,3.507335559989195,1554,0.9973154609510699,0.8772146446105171,0.8795759004618047,0.8807565283874483,0.8789855864989827,0.8772146446105171,NaN,0.8795759004618047,NaN,0.8795759004618047,0.9973154609510699
new_preds,OFT-0177-00,medium,4.371493489879586,1555,0.9869628872809316,0.8247095176219642,0.8356033729839902,0.8410503006650031,0.8328799091434838,0.8247095176219642,NaN,0.8356033729839902,NaN,0.8356033729839902,0.9869628872809316
new_preds,OFT-0178-00,fast,5.09668144918794,1556,0.9882909246352015,0.8318864124179874,0.8417424380630165,0.846670450885531,0.8392784316517593,0.8318864124179874,NaN,0.8417424380630165,NaN,0.8417424380630165,0.9882909246352015
new_preds,OFT-0178-00,slow,3.454728990993079,1557,0.9768949566774863,0.7689043252594657,0.7870900755538582,0.7961829507010545,0.7825436379802602,0.7689043252594657,NaN,0.7870900755538582,NaN,0.7870900755538582,0.9768949566774863
new_preds,OFT-0178-00,medium,4.075002635684513,1558,0.9945601848057432,0.9087728694651472,0.913743465049979,0.9162287628423951,0.9125008161537712,0.9087728694651472,NaN,0.913743465049979,NaN,0.913743465049979,0.9945601848057432
new_preds,OFT-0179-00,fast,5.185649087755626,1559,0.9976177632237406,0.9823708195608477,0.9847166477733683,0.9858895618796284,0.9841301907202382,0.9823708195608477,NaN,0.9847166477733683,NaN,0.9847166477733683,0.9976177632237406
new_preds,OFT-0179-00,medium,4.187535664473216,1560,0.9974047869239621,0.9087742126424274,0.9111388120014192,0.9123211116809151,0.9105476621616713,0.9087742126424274,NaN,0.9111388120014192,NaN,0.9111388120014192,0.9974047869239621
new_preds,OFT-0179-00,slow,3.41707079275461,1561,0.980123759744142,0.8478790575629054,0.8650734656042226,0.873670669624881,0.860774863593893,0.8478790575629054,NaN,0.8650734656042226,NaN,0.8650734656042226,0.980123759744142
new_preds,OFT-0180-00,medium,4.539239922169112,1562,1.0061372662501396,0.9457130153015513,0.9399443267082347,0.9370599824115763,0.9413864988565638,0.9457130153015513,NaN,0.9399443267082347,NaN,0.9399443267082347,1.0061372662501396
new_preds,OFT-0180-00,slow,3.6820639402036046,1563,1.0140879377214058,0.8629628371050646,0.850974363272765,0.8449801263566152,0.8539714817308399,0.8629628371050646,NaN,0.850974363272765,NaN,0.850974363272765,1.0140879377214058
new_preds,OFT-0180-00,fast,5.546441340203021,1564,0.9960226322785813,0.970786286797505,0.9746628794735882,0.9766011758116299,0.9736937313045674,0.970786286797505,NaN,0.9746628794735882,NaN,0.9746628794735882,0.9960226322785813
new_preds,OFT-0181-00,fast,5.789409152885151,1565,1.0115463496458597,0.963946553385968,0.9529435341479348,0.9474420245289181,0.9556942889574431,0.963946553385968,NaN,0.9529435341479348,NaN,0.9529435341479348,1.0115463496458597
new_preds,OFT-0181-00,medium,4.646556911017639,1566,1.0028352053029117,0.958198816377422,0.9554898066108408,0.9541353017275502,0.9561670590524862,0.958198816377422,NaN,0.9554898066108408,NaN,0.9554898066108408,1.0028352053029117
new_preds,OFT-0181-00,slow,3.5844712475404776,1567,0.9988247692687723,0.9440605628566596,0.9451713572820136,0.9457267544946905,0.9448936586756751,0.9440605628566596,NaN,0.9451713572820136,NaN,0.9451713572820136,0.9988247692687723
new_preds,OFT-0182-00,slow,3.616080747846569,1568,1.0150425943829828,0.8634095073390488,0.8506140649830486,0.8442163438050486,0.8538129255720488,0.8634095073390488,NaN,0.8506140649830486,NaN,0.8506140649830486,1.0150425943829828
new_preds,OFT-0182-00,medium,4.50609155290534,1569,1.0067962017051466,0.8917105770770449,0.885691240756383,0.8826815725960518,0.8871960748365484,0.8917105770770449,NaN,0.885691240756383,NaN,0.885691240756383,1.0067962017051466
new_preds,OFT-0182-00,fast,5.587880448282585,1570,0.9946541072982371,0.8496664571916245,0.8542330956633354,0.8565164148991911,0.8530914360454076,0.8496664571916245,NaN,0.8542330956633354,NaN,0.8542330956633354,0.9946541072982371
new_preds,OFT-0183-00,medium,4.555887353855529,1571,0.9998514392537764,0.9573062649886018,0.9574485042528643,0.9575196238849958,0.9574129444367988,0.9573062649886018,NaN,0.9574485042528643,NaN,0.9574485042528643,0.9998514392537764
new_preds,OFT-0183-00,fast,5.609959465684634,1572,1.030315741920828,0.8460638329305746,0.821169471169342,0.808722290288726,0.8273930616096503,0.8460638329305746,NaN,0.821169471169342,NaN,0.821169471169342,1.030315741920828
new_preds,OFT-0183-00,slow,3.5781217308619113,1573,0.9943214284148055,0.8424782075853839,0.8472896022451238,0.8496952995749936,0.8460867535801888,0.8424782075853839,NaN,0.8472896022451238,NaN,0.8472896022451238,0.9943214284148055
new_preds,OFT-0184-00,slow,3.7489878787349213,1574,1.0616041390751234,0.8637928172456898,0.8136675295918042,0.7886048857648615,0.8261988515052756,0.8637928172456898,NaN,0.8136675295918042,NaN,0.8136675295918042,1.0616041390751234
new_preds,OFT-0184-00,medium,4.819801107108845,1575,1.0487264851718143,0.8285465207338791,0.790050153637664,0.7708019700895564,0.7996742454117176,0.8285465207338791,NaN,0.790050153637664,NaN,0.790050153637664,1.0487264851718143
new_preds,OFT-0184-00,fast,6.1174320830381745,1576,0.9990568708092625,0.9122197215917209,0.9130808748182662,0.9135114514315387,0.9128655865116299,0.9122197215917209,NaN,0.9130808748182662,NaN,0.9130808748182662,0.9990568708092625
new_preds,OFT-0185-00,slow,3.830187263124547,1577,1.0134100341833359,0.9525950388956197,0.9399897442926698,0.933687096991195,0.9431410679434074,0.9525950388956197,NaN,0.9399897442926698,NaN,0.9399897442926698,1.0134100341833359
new_preds,OFT-0185-00,fast,5.859328749364039,1578,1.008323802138521,0.9103224919013675,0.9028076992437294,0.8990503029149105,0.9046863974081389,0.9103224919013675,NaN,0.9028076992437294,NaN,0.9028076992437294,1.008323802138521
new_preds,OFT-0185-00,medium,4.873319576496698,1579,1.0069397828812456,0.8986891149442184,0.8924953907101774,0.8893985285931568,0.8940438217686877,0.8986891149442184,NaN,0.8924953907101774,NaN,0.8924953907101774,1.0069397828812456
new_preds,OFT-0186-00,slow,3.916968256358014,1580,1.0070078520503132,0.9010280261209095,0.8947576965625202,0.8916225317833257,0.8963252789521177,0.9010280261209095,NaN,0.8947576965625202,NaN,0.8947576965625202,1.0070078520503132
new_preds,OFT-0186-00,medium,4.993884763006217,1581,0.9990985447444312,0.9240195944755426,0.9248533083509858,0.9252701652887072,0.9246448798821248,0.9240195944755426,NaN,0.9248533083509858,NaN,0.9248533083509858,0.9990985447444312
new_preds,OFT-0186-00,fast,6.111558385639778,1582,1.0283106317308766,0.7280902711052921,0.7080450679380349,0.6980224663544065,0.7130563687298492,0.7280902711052921,NaN,0.7080450679380349,NaN,0.7080450679380349,1.0283106317308766
new_preds,OFT-0187-00,slow,3.694144734977922,1583,0.9973645924287545,0.9149125667684161,0.917330105473713,0.9185388748263612,0.9167257207973887,0.9149125667684161,NaN,0.917330105473713,NaN,0.917330105473713,0.9973645924287545
new_preds,OFT-0187-00,fast,5.811331333854463,1584,1.0059458768000265,0.791164806019407,0.7864884426348554,0.7841502609425799,0.7876575334809933,0.791164806019407,NaN,0.7864884426348554,NaN,0.7864884426348554,1.0059458768000265
new_preds,OFT-0187-00,medium,4.787757004651751,1585,0.9934094921531399,0.8893272553967806,0.8952272576631325,0.8981772587963086,0.8937522570965446,0.8893272553967806,NaN,0.8952272576631325,NaN,0.8952272576631325,0.9934094921531399
new_preds,OFT-0188-00,fast,5.897924146741345,1586,1.0118369595882015,0.8987980042179928,0.8882834291641082,0.8830261416371656,0.8909120729275792,0.8987980042179928,NaN,0.8882834291641082,NaN,0.8882834291641082,1.0118369595882015
new_preds,OFT-0188-00,medium,4.69556800474308,1587,1.0068775419540672,0.975170444788622,0.9685094802055961,0.9651789979140832,0.9701747213513527,0.975170444788622,NaN,0.9685094802055961,NaN,0.9685094802055961,1.0068775419540672
new_preds,OFT-0188-00,slow,3.6738939082372264,1588,1.002691301699187,0.900040461126086,0.8976246822933978,0.8964167928770534,0.8982286270015698,0.900040461126086,NaN,0.8976246822933978,NaN,0.8976246822933978,1.002691301699187
new_preds,OFT-0189-00,slow,3.5086826337469623,1589,0.9975810225578574,0.9831633024963247,0.9855473192297054,0.9867393275963959,0.9849513150463604,0.9831633024963247,NaN,0.9855473192297054,NaN,0.9855473192297054,0.9975810225578574
new_preds,OFT-0189-00,fast,5.191677383856977,1590,1.0097906792517064,0.9784457855396594,0.9689590185806877,0.9642156351012019,0.9713307103204306,0.9784457855396594,NaN,0.9689590185806877,NaN,0.9689590185806877,1.0097906792517064
new_preds,OFT-0189-00,medium,4.353303587222139,1591,1.002614053551095,0.9693728232453105,0.9668454374960639,0.9655817446214405,0.9674772839333755,0.9693728232453105,NaN,0.9668454374960639,NaN,0.9668454374960639,1.002614053551095
new_preds,OFT-0190-00,slow,3.6503185366839443,1592,0.9716000287077794,0.79747010259911,0.8207802377895553,0.8324353053847782,0.814952703991944,0.79747010259911,NaN,0.8207802377895553,NaN,0.8207802377895553,0.9716000287077794
new_preds,OFT-0190-00,medium,4.5336627800058436,1593,1.0010863854811485,0.9247994497698325,0.9237958513693596,0.9232940521691231,0.9240467509694776,0.9247994497698325,NaN,0.9237958513693596,NaN,0.9237958513693596,1.0010863854811485
new_preds,OFT-0190-00,fast,5.489562379436938,1594,1.0144704214339801,0.873824424854599,0.8613601800429288,0.8551280576370939,0.8644762412458464,0.873824424854599,NaN,0.8613601800429288,NaN,0.8613601800429288,1.0144704214339801
new_preds,OFT-0191-00,medium,3.457245931543118,1595,0.9968359309685814,0.9558549197749162,0.9588889104811403,0.9604059058342526,0.9581304128045844,0.9558549197749162,NaN,0.9588889104811403,NaN,0.9588889104811403,0.9968359309685814
new_preds,OFT-0191-00,slow,2.997288383530628,1596,0.9729698880633022,0.9477090771877721,0.9740374176164776,0.9872015878308302,0.9674553325093013,0.9477090771877721,NaN,0.9740374176164776,NaN,0.9740374176164776,0.9729698880633022
new_preds,OFT-0191-00,fast,4.081965427650519,1597,1.0059266354186762,0.9692815700069506,0.9635708369562422,0.9607154704308885,0.9649985202189195,0.9692815700069506,NaN,0.9635708369562422,NaN,0.9635708369562422,1.0059266354186762
new_preds,OFT-0192-00,fast,5.566989839313616,1598,1.0279241753278956,0.9632864680394677,0.9371182147089699,0.9240340880437211,0.9436602780415944,0.9632864680394677,NaN,0.9371182147089699,NaN,0.9371182147089699,1.0279241753278956
new_preds,OFT-0192-00,medium,4.3337235852068385,1599,0.992723009343401,0.9141103180685886,0.9208110514867508,0.924161418195832,0.9191358681322104,0.9141103180685886,NaN,0.9208110514867508,NaN,0.9208110514867508,0.992723009343401
new_preds,OFT-0192-00,slow,3.396476047984746,1600,1.010031425667821,0.7472744195474359,0.7398526427564834,0.7361417543610072,0.7417080869542214,0.7472744195474359,NaN,0.7398526427564834,NaN,0.7398526427564834,1.010031425667821
new_preds,OFT-0193-00,fast,5.803895848633341,1601,1.0086691300707986,0.9112099950271166,0.9033784893993522,0.8994627365854702,0.9053363658062935,0.9112099950271166,NaN,0.9033784893993522,NaN,0.9033784893993522,1.0086691300707986
new_preds,OFT-0193-00,slow,3.541528648913815,1602,0.999778384236316,0.9549314571809093,0.9551431319555251,0.9552489693428328,0.955090213261871,0.9549314571809093,NaN,0.9551431319555251,NaN,0.9551431319555251,0.999778384236316
new_preds,OFT-0193-00,medium,4.574615845721471,1603,1.0094303258517003,0.910183024123643,0.901679888956855,0.897428321373461,0.9038056727485521,0.910183024123643,NaN,0.901679888956855,NaN,0.901679888956855,1.0094303258517003
new_preds,OFT-0194-00,slow,3.3575926447348063,1604,0.9990728925080135,0.8565038663035072,0.8572986743273462,0.8576960783392655,0.8570999723213863,0.8565038663035072,NaN,0.8572986743273462,NaN,0.8572986743273462,0.9990728925080135
new_preds,OFT-0194-00,medium,4.030238292000203,1605,1.0076998237468924,0.9418561287396996,0.9346594159733316,0.9310610595901476,0.9364585941649236,0.9418561287396996,NaN,0.9346594159733316,NaN,0.9346594159733316,1.0076998237468924
new_preds,OFT-0194-00,fast,4.8634788778380775,1606,1.0041336896677693,0.907470213206988,0.9037344554261856,0.9018665765357844,0.9046683948713861,0.907470213206988,NaN,0.9037344554261856,NaN,0.9037344554261856,1.0041336896677693
new_preds,OFT-0194-01,slow,3.205869978259325,1607,0.9994411350554703,0.8686937394284753,0.8691794933778283,0.8694223703525048,0.86905805489049,0.8686937394284753,NaN,0.8691794933778283,NaN,0.8691794933778283,0.9994411350554703
new_preds,OFT-0194-01,medium,4.0507125910113295,1608,1.0083377098268957,0.9021853845521206,0.8947254235954354,0.8909954431170928,0.8965904138346068,0.9021853845521206,NaN,0.8947254235954354,NaN,0.8947254235954354,1.0083377098268957
new_preds,OFT-0194-01,fast,5.2151658502007034,1609,1.0060154613846388,0.8860976514198086,0.8807992376182964,0.87815003071754,0.8821238410686745,0.8860976514198086,NaN,0.8807992376182964,NaN,0.8807992376182964,1.0060154613846388
new_preds,OFT-0195-00,fast,5.644158233896237,1610,1.0073197211218947,0.8156870796145738,0.8097598632399537,0.8067962550526435,0.8112416673336087,0.8156870796145738,NaN,0.8097598632399537,NaN,0.8097598632399537,1.0073197211218947
new_preds,OFT-0195-00,slow,3.3652885821273477,1611,0.9830705599808444,0.9025191239870035,0.918061389209529,0.9258325218207915,0.9141758229038977,0.9025191239870035,NaN,0.918061389209529,NaN,0.918061389209529,0.9830705599808444
new_preds,OFT-0195-00,medium,4.454892827633911,1612,0.9922821165458805,0.8754503912913116,0.8822595678119662,0.8856641560722937,0.8805572736818027,0.8754503912913116,NaN,0.8822595678119662,NaN,0.8822595678119662,0.9922821165458805
new_preds,OFT-0196-00,medium,3.8425808752470605,1613,0.9861656844176223,0.7990693862057572,0.810279042185133,0.8158838701748208,0.807476628190289,0.7990693862057572,NaN,0.810279042185133,NaN,0.810279042185133,0.9861656844176223
new_preds,OFT-0196-00,slow,3.1519138265300377,1614,1.0259046054878829,0.7599750160161418,0.7407852659504588,0.7311903909176175,0.7455827034668796,0.7599750160161418,NaN,0.7407852659504588,NaN,0.7407852659504588,1.0259046054878829
new_preds,OFT-0196-00,fast,5.021435753967201,1615,0.9960105333940193,0.9154444695124109,0.9191112330839811,0.9209446148697662,0.9181945421910885,0.9154444695124109,NaN,0.9191112330839811,NaN,0.9191112330839811,0.9960105333940193
new_preds,OFT-0197-00,fast,6.831102195658309,1616,1.0038830014973443,0.8635175583491589,0.8601774878757554,0.8585074526390537,0.8610125054941062,0.8635175583491589,NaN,0.8601774878757554,NaN,0.8601774878757554,1.0038830014973443
new_preds,OFT-0197-00,slow,3.9810836992569736,1617,0.9979066714415834,0.8155865365778922,0.8172974085840009,0.8181528445870552,0.8168696905824737,0.8155865365778922,NaN,0.8172974085840009,NaN,0.8172974085840009,0.9979066714415834
new_preds,OFT-0197-00,medium,5.369621355116377,1618,1.0034612546472843,0.9338650791123766,0.9306438836451432,0.9290332859115261,0.9314491825119514,0.9338650791123766,NaN,0.9306438836451432,NaN,0.9306438836451432,1.0034612546472843
new_preds,OFT-0198-00,fast,5.007487827215488,1619,1.0041799951689088,0.8846252113082099,0.8809428743493452,0.8791017058699128,0.8818634585890613,0.8846252113082099,NaN,0.8809428743493452,NaN,0.8809428743493452,1.0041799951689088
new_preds,OFT-0198-00,medium,4.226154179477301,1620,0.990053380063043,0.9062247024374108,0.9153291334450125,0.9198813489488133,0.9130530256931122,0.9062247024374108,NaN,0.9153291334450125,NaN,0.9153291334450125,0.990053380063043
new_preds,OFT-0198-00,slow,3.449011119838189,1621,0.9930612857378228,0.893257731545786,0.8994990987712456,0.9026197823839754,0.8979387569648808,0.893257731545786,NaN,0.8994990987712456,NaN,0.8994990987712456,0.9930612857378228
new_preds,OFT-0199-00,medium,3.8551602768250373,1622,1.000754729635177,0.9415845541916232,0.9408744483624631,0.9405193954478828,0.941051974819753,0.9415845541916232,NaN,0.9408744483624631,NaN,0.9408744483624631,1.000754729635177
new_preds,OFT-0199-00,slow,3.213201451303092,1623,1.0004351443120183,0.9435310592982258,0.9431206657049973,0.9429154689083833,0.9432232641033045,0.9435310592982258,NaN,0.9431206657049973,NaN,0.9431206657049973,1.0004351443120183
new_preds,OFT-0199-00,fast,4.651179691961644,1624,1.0152317598660383,0.9438580278943615,0.9296971048452082,0.9226166433206316,0.9332373356074966,0.9438580278943615,NaN,0.9296971048452082,NaN,0.9296971048452082,1.0152317598660383
new_preds,OFT-0200-00,fast,5.830270615092785,1625,1.013913708004035,0.9291272257151485,0.916377023390092,0.9100019222275639,0.9195645739713562,0.9291272257151485,NaN,0.916377023390092,NaN,0.916377023390092,1.013913708004035
new_preds,OFT-0200-00,medium,4.603743312722606,1626,0.9999238081185292,0.8657471882231141,0.8658131561564839,0.865846140123169,0.8657966641731415,0.8657471882231141,NaN,0.8658131561564839,NaN,0.8658131561564839,0.9999238081185292
new_preds,OFT-0200-00,slow,3.691550433230157,1627,0.9985867814362498,0.8893808562547297,0.8906395245644538,0.8912688587193158,0.8903248574870228,0.8893808562547297,NaN,0.8906395245644538,NaN,0.8906395245644538,0.9985867814362498
new_preds,OFT-0201-00,medium,4.31489236562327,1628,1.001397660472835,0.9180975328141698,0.9168161351412257,0.9161754363047538,0.9171364845594618,0.9180975328141698,NaN,0.9168161351412257,NaN,0.9168161351412257,1.001397660472835
new_preds,OFT-0201-00,slow,3.4519460942099274,1629,1.01545158995013,0.8266644997723065,0.8140855831570514,0.8077961248494236,0.8172303123108651,0.8266644997723065,NaN,0.8140855831570514,NaN,0.8140855831570514,1.01545158995013
new_preds,OFT-0201-00,fast,5.215881545860398,1630,0.9926905702258159,0.8125935274957824,0.8185768575508224,0.8215685225783422,0.8170810250370624,0.8125935274957824,NaN,0.8185768575508224,NaN,0.8185768575508224,0.9926905702258159
new_preds,OFT-0202-00,fast,5.771746710744231,1631,1.002166410173573,0.9400194829269016,0.9379874174430696,0.9369713847011537,0.9384954338140277,0.9400194829269016,NaN,0.9379874174430696,NaN,0.9379874174430696,1.002166410173573
new_preds,OFT-0202-00,medium,4.653681072536606,1632,1.0023185958585041,0.9353757317235869,0.9332119902678455,0.9321301195399745,0.9337529256317808,0.9353757317235869,NaN,0.9332119902678455,NaN,0.9332119902678455,1.0023185958585041
new_preds,OFT-0202-00,slow,3.5803983560956905,1633,0.9856002843888282,0.9536374631474185,0.967570198844626,0.9745365666932297,0.9640870149203242,0.9536374631474185,NaN,0.967570198844626,NaN,0.967570198844626,0.9856002843888282
new_preds,OFT-0203-00,medium,4.618354077152147,1634,0.9955524480599861,0.817242548441242,0.8208935149863644,0.8227189982589256,0.8199807733500838,0.817242548441242,NaN,0.8208935149863644,NaN,0.8208935149863644,0.9955524480599861
new_preds,OFT-0203-00,fast,5.938017083746005,1635,1.001346456523153,0.9271318707906517,0.9258852066145149,0.9252618745264464,0.9261968726585491,0.9271318707906517,NaN,0.9258852066145149,NaN,0.9258852066145149,1.001346456523153
new_preds,OFT-0203-00,slow,3.677466367946212,1636,0.9952621440353387,0.9545389643473484,0.9590829612760351,0.9613549597403783,0.9579469620438634,0.9545389643473484,NaN,0.9590829612760351,NaN,0.9590829612760351,0.9952621440353387
new_preds,OFT-0204-00,fast,5.914494088630972,1637,1.0051501551097222,0.9830197393781231,0.9779829753603498,0.9754645933514634,0.9792421663647932,0.9830197393781231,NaN,0.9779829753603498,NaN,0.9779829753603498,1.0051501551097222
new_preds,OFT-0204-00,medium,4.369356621324537,1638,0.9875071086181048,0.8285295103735018,0.8390111859882481,0.8442520237956211,0.8363907670845614,0.8285295103735018,NaN,0.8390111859882481,NaN,0.8390111859882481,0.9875071086181048
new_preds,OFT-0204-00,slow,3.5755440979980286,1639,1.0156293186173586,0.9369952772546863,0.9225760423402094,0.9153664248829709,0.9261808510688286,0.9369952772546863,NaN,0.9225760423402094,NaN,0.9225760423402094,1.0156293186173586
new_preds,OFT-0205-00,fast,5.24732455693527,1640,1.0213793570745238,0.8270234648232182,0.8097123356712558,0.8010567710952747,0.8140401179592464,0.8270234648232182,NaN,0.8097123356712558,NaN,0.8097123356712558,1.0213793570745238
new_preds,OFT-0205-00,slow,3.367624780776623,1641,1.0070491348374404,0.7969763562903036,0.79139768728261,0.788608352778763,0.7927923545345333,0.7969763562903036,NaN,0.79139768728261,NaN,0.79139768728261,1.0070491348374404
new_preds,OFT-0205-00,medium,4.225499034016201,1642,1.0054296304612305,0.932726611609345,0.9276895998991659,0.9251710940440765,0.9289488528267108,0.932726611609345,NaN,0.9276895998991659,NaN,0.9276895998991659,1.0054296304612305
new_preds,OFT-0206-00,fast,4.952767030483,1643,1.0011505874434021,0.9154036548164248,0.9143516133312715,0.9138255925886944,0.9146146237025596,0.9154036548164248,NaN,0.9143516133312715,NaN,0.9143516133312715,1.0011505874434021
new_preds,OFT-0206-00,slow,3.2324940337414776,1644,1.001040523066802,0.8531373590242977,0.8522505726447656,0.8518071794549993,0.8524722692396485,0.8531373590242977,NaN,0.8522505726447656,NaN,0.8522505726447656,1.001040523066802
new_preds,OFT-0206-00,medium,3.9473505220035565,1645,0.9993019609354492,0.954337229202938,0.9550038592034588,0.9553371742037192,0.9548372017033286,0.954337229202938,NaN,0.9550038592034588,NaN,0.9550038592034588,0.9993019609354492
new_preds,OFT-0207-00,fast,5.650463839970159,1646,0.9987495859026684,0.9768082645315066,0.9780312085422982,0.978642680547694,0.9777254725396003,0.9768082645315066,NaN,0.9780312085422982,NaN,0.9780312085422982,0.9987495859026684
new_preds,OFT-0207-00,slow,3.618547910414053,1647,1.0094519462295364,0.8103014232141283,0.8027142116479472,0.7989206058648567,0.8046110145394925,0.8103014232141283,NaN,0.8027142116479472,NaN,0.8027142116479472,1.0094519462295364
new_preds,OFT-0207-00,medium,4.635479914624375,1648,0.9974507379989664,0.8005687215343289,0.8026147969376293,0.8036378346392795,0.8021032780868043,0.8005687215343289,NaN,0.8026147969376293,NaN,0.8026147969376293,0.9974507379989664
new_preds,OFT-0208-00,medium,4.2225359238868165,1649,1.032067386159109,0.7106637601731471,0.6885827124311313,0.6775421885601236,0.6941029743666354,0.7106637601731471,NaN,0.6885827124311313,NaN,0.6885827124311313,1.032067386159109
new_preds,OFT-0208-00,slow,3.4147449163040453,1650,1.0021912571489424,0.886285123016687,0.8843472906938064,0.883378374532366,0.8848317487745265,0.886285123016687,NaN,0.8843472906938064,NaN,0.8843472906938064,1.0021912571489424
new_preds,OFT-0208-00,fast,5.233502416402695,1651,1.0069686774529245,0.8699440435189507,0.8639236383394064,0.8609134357496342,0.8654287396342923,0.8699440435189507,NaN,0.8639236383394064,NaN,0.8639236383394064,1.0069686774529245
new_preds,OFT-0209-00,fast,5.956083453421816,1652,1.0174660593785199,0.6779195541610122,0.6662822291832451,0.6604635666943616,0.6691915604276868,0.6779195541610122,NaN,0.6662822291832451,NaN,0.6662822291832451,1.0174660593785199
new_preds,OFT-0209-00,medium,4.922407415699716,1653,1.0057185849110073,0.8570632584338251,0.8521899379135603,0.8497532776534282,0.8534082680436268,0.8570632584338251,NaN,0.8521899379135603,NaN,0.8521899379135603,1.0057185849110073
new_preds,OFT-0209-00,slow,3.740984290825346,1654,0.998201814905448,0.8694794854424859,0.8710457869933296,0.8718289377687516,0.8706542116056187,0.8694794854424859,NaN,0.8710457869933296,NaN,0.8710457869933296,0.998201814905448
new_preds,OFT-0210-00,fast,4.958001975344952,1655,0.9907470928535704,0.8663729681910759,0.8744643052100516,0.8785099737195393,0.8724414709553077,0.8663729681910759,NaN,0.8744643052100516,NaN,0.8744643052100516,0.9907470928535704
new_preds,OFT-0210-00,medium,3.933362817169508,1656,0.9981937923834919,0.9331258274846767,0.9348142961864693,0.935658530537365,0.9343921790110209,0.9331258274846767,NaN,0.9348142961864693,NaN,0.9348142961864693,0.9981937923834919
new_preds,OFT-0210-00,slow,3.2683910125500475,1657,0.9988927253603687,0.9569859945301612,0.9580468154725135,0.9585772259436898,0.9577816102369254,0.9569859945301612,NaN,0.9580468154725135,NaN,0.9580468154725135,0.9988927253603687
new_preds,OFT-0211-00,fast,5.089253220997886,1658,0.9986497415901127,0.8979111209316089,0.8991251722569903,0.8997321979196812,0.8988216594256451,0.8979111209316089,NaN,0.8991251722569903,NaN,0.8991251722569903,0.9986497415901127
new_preds,OFT-0211-00,medium,4.19362175612927,1659,1.0026024592625389,0.8915840847201891,0.8892697963019072,0.8881126520927661,0.8898483684064777,0.8915840847201891,NaN,0.8892697963019072,NaN,0.8892697963019072,1.0026024592625389
new_preds,OFT-0211-00,slow,3.353165810474631,1660,1.0045681418072017,0.816861013876611,0.8131464456030743,0.8112891614663058,0.8140750876714584,0.816861013876611,NaN,0.8131464456030743,NaN,0.8131464456030743,1.0045681418072017
new_preds,OFT-0212-00,fast,5.367721415415238,1661,1.0011011216734063,0.9182112663594397,0.9172013161113927,0.9166963409873691,0.9174538036734043,0.9182112663594397,NaN,0.9172013161113927,NaN,0.9172013161113927,1.0011011216734063
new_preds,OFT-0212-00,medium,4.394095593142861,1662,1.0088766721692612,0.8998313720064641,0.8919141425598327,0.8879555278365168,0.8938934499214906,0.8998313720064641,NaN,0.8919141425598327,NaN,0.8919141425598327,1.0088766721692612
new_preds,OFT-0212-00,slow,3.4004973393930125,1663,0.987990424776605,0.9449134494929575,0.9563994000312426,0.9621423753003848,0.9535279123966712,0.9449134494929575,NaN,0.9563994000312426,NaN,0.9563994000312426,0.987990424776605
new_preds,OFT-0213-00,fast,5.621191367313272,1664,0.9965105806750245,0.6941903545403135,0.6966211578707746,0.6978365595360051,0.6960134570381593,0.6941903545403135,NaN,0.6966211578707746,NaN,0.6966211578707746,0.9965105806750245
new_preds,OFT-0213-00,slow,3.5372973693016374,1665,1.0021197821012644,0.913539834113771,0.9116074250108533,0.9106412204593944,0.9120905272865827,0.913539834113771,NaN,0.9116074250108533,NaN,0.9116074250108533,1.0021197821012644
new_preds,OFT-0213-00,medium,4.535872714321382,1666,0.9953036179738574,0.942398499885723,0.946845246884731,0.9490686203842353,0.945733560134979,0.942398499885723,NaN,0.946845246884731,NaN,0.946845246884731,0.9953036179738574
new_preds,OFT-0214-00,slow,4.068024350047137,1667,0.9989615824385916,0.8750863790144815,0.875996028674381,0.8764508535043307,0.875768616259406,0.8750863790144815,NaN,0.875996028674381,NaN,0.875996028674381,0.9989615824385916
new_preds,OFT-0214-00,medium,5.115499769402269,1668,0.9985789223584178,0.9462662856468569,0.9476129171763307,0.9482862329410677,0.9472762592939623,0.9462662856468569,NaN,0.9476129171763307,NaN,0.9476129171763307,0.9985789223584178
new_preds,OFT-0214-00,fast,6.2795002600079455,1669,0.9966030664297256,0.9431440475587146,0.9463587654184881,0.9479661243483748,0.9455550859535448,0.9431440475587146,NaN,0.9463587654184881,NaN,0.9463587654184881,0.9966030664297256
new_preds,OFT-0215-00,slow,3.9095848643829756,1670,1.0027688524305043,0.8879744166216185,0.8855225353972176,0.8842965947850171,0.8861355057033178,0.8879744166216185,NaN,0.8855225353972176,NaN,0.8855225353972176,1.0027688524305043
new_preds,OFT-0215-00,fast,5.8540468837277535,1671,1.025551081613957,0.8184105353300866,0.7980202546733374,0.7878251143449627,0.8031178248375246,0.8184105353300866,NaN,0.7980202546733374,NaN,0.7980202546733374,1.025551081613957
new_preds,OFT-0215-00,medium,4.738165426656519,1672,1.0023156233379928,0.9369166384554537,0.9347521046666496,0.9336698377722477,0.9352932381138508,0.9369166384554537,NaN,0.9347521046666496,NaN,0.9347521046666496,1.0023156233379928
new_preds,OFT-0216-00,medium,3.774883894645553,1673,1.0155500955110177,0.7822414720665407,0.7702637964628641,0.764274958661026,0.7732582153637834,0.7822414720665407,NaN,0.7702637964628641,NaN,0.7702637964628641,1.0155500955110177
new_preds,OFT-0216-00,fast,4.686949850456047,1674,0.9883166872536421,0.7848688882633663,0.7941471578754565,0.7987862926815019,0.7918275904724341,0.7848688882633663,NaN,0.7941471578754565,NaN,0.7941471578754565,0.9883166872536421
new_preds,OFT-0216-00,slow,3.127147822781169,1675,1.005186954195763,0.8380076474263272,0.8336833699725105,0.831521231245602,0.8347644393359646,0.8380076474263272,NaN,0.8336833699725105,NaN,0.8336833699725105,1.005186954195763
new_preds,OFT-0217-00,fast,5.210898759478377,1676,1.0005017859932706,0.9665431744184751,0.9660584198347211,0.9658160425428443,0.9661796084806598,0.9665431744184751,NaN,0.9660584198347211,NaN,0.9660584198347211,1.0005017859932706
new_preds,OFT-0217-00,slow,3.386162539654066,1677,0.9992539649261026,0.8934426107831102,0.8941096479403837,0.8944431665190203,0.8939428886510653,0.8934426107831102,NaN,0.8941096479403837,NaN,0.8941096479403837,0.9992539649261026
new_preds,OFT-0217-00,medium,4.243880493362978,1678,0.9911993459429853,0.9172652796043507,0.9254094883725968,0.9294815927567202,0.9233734361805355,0.9172652796043507,NaN,0.9254094883725968,NaN,0.9254094883725968,0.9911993459429853
new_preds,OFT-0218-00,fast,5.302782306123172,1679,1.0001181640605485,0.9121383994901953,0.9120306302475806,0.9119767456262736,0.9120575725582345,0.9121383994901953,NaN,0.9120306302475806,NaN,0.9120306302475806,1.0001181640605485
new_preds,OFT-0218-00,medium,4.288632199860044,1680,1.0060448645770415,0.7965689155671097,0.7917826963929695,0.7893895868058994,0.7929792511865046,0.7965689155671097,NaN,0.7917826963929695,NaN,0.7917826963929695,1.0060448645770415
new_preds,OFT-0218-00,slow,3.5404900404534096,1681,0.9991905402487691,0.921091389767302,0.9218375801856343,0.9222106753948005,0.9216510325810512,0.921091389767302,NaN,0.9218375801856343,NaN,0.9218375801856343,0.9991905402487691
new_preds,OFT-0219-00,fast,5.74167751150325,1682,0.9974510079168719,0.7618432623479436,0.7637901574123589,0.7647636049445666,0.7633034336462551,0.7618432623479436,NaN,0.7637901574123589,NaN,0.7637901574123589,0.9974510079168719
new_preds,OFT-0219-00,medium,4.473117728081894,1683,0.9955675350487501,0.9032185345464242,0.9072398433544704,0.9092504977584936,0.906234516152459,0.9032185345464242,NaN,0.9072398433544704,NaN,0.9072398433544704,0.9955675350487501
new_preds,OFT-0219-00,slow,3.4884513592564788,1684,0.9895436713539171,0.844041243115891,0.8529600739713223,0.8574194893990383,0.8507303662574648,0.844041243115891,NaN,0.8529600739713223,NaN,0.8529600739713223,0.9895436713539171
new_preds,OFT-0220-00,fast,5.683660436314829,1685,1.010337417416513,0.9397503373786468,0.9301351421603675,0.9253275445512281,0.9325389409649374,0.9397503373786468,NaN,0.9301351421603675,NaN,0.9301351421603675,1.010337417416513
new_preds,OFT-0220-00,medium,4.487296382636144,1686,1.0017262588532585,0.9377160329400065,0.9361000818861146,0.935292106359169,0.9365040696495878,0.9377160329400065,NaN,0.9361000818861146,NaN,0.9361000818861146,1.0017262588532585
new_preds,OFT-0220-00,slow,3.703123052242235,1687,1.0077468112130614,0.954910490291308,0.9475698455863607,0.9438995232338871,0.9494050067625975,0.954910490291308,NaN,0.9475698455863607,NaN,0.9475698455863607,1.0077468112130614
new_preds,OFT-0221-00,medium,4.249045483250131,1688,0.9978870425238134,0.9551695854916172,0.9571920916778747,0.9582033447710037,0.9566864651313104,0.9551695854916172,NaN,0.9571920916778747,NaN,0.9571920916778747,0.9978870425238134
new_preds,OFT-0221-00,fast,5.112366219241976,1689,0.9958755089781256,0.9373182508191006,0.9412002226873608,0.9431412086214909,0.9402297297202957,0.9373182508191006,NaN,0.9412002226873608,NaN,0.9412002226873608,0.9958755089781256
new_preds,OFT-0221-00,slow,3.535756841648822,1690,1.0054891989635009,0.9547894543670337,0.9495770370793336,0.9469708284354834,0.9508801414012585,0.9547894543670337,NaN,0.9495770370793336,NaN,0.9495770370793336,1.0054891989635009
new_preds,OFT-0222-00,fast,5.47544823734877,1691,0.9953844233692627,0.8951924015032121,0.8993433898363489,0.9014188840029174,0.8983056427530647,0.8951924015032121,NaN,0.8993433898363489,NaN,0.8993433898363489,0.9953844233692627
new_preds,OFT-0222-00,slow,3.307070587619732,1692,0.9958297881261782,0.8496503824918953,0.8532084424695268,0.8549874724583427,0.8523189274751191,0.8496503824918953,NaN,0.8532084424695268,NaN,0.8532084424695268,0.9958297881261782
new_preds,OFT-0222-00,medium,4.344682781108927,1693,0.9913908018275148,0.8452551074016168,0.8525952690336508,0.8562653498496677,0.8507602286256424,0.8452551074016168,NaN,0.8525952690336508,NaN,0.8525952690336508,0.9913908018275148
new_preds,OFT-0223-00,fast,6.08283341261758,1694,1.0109951959311234,0.7666504486868202,0.7583126524955813,0.754143754399962,0.760397101543391,0.7666504486868202,NaN,0.7583126524955813,NaN,0.7583126524955813,1.0109951959311234
new_preds,OFT-0223-00,slow,3.863243224957829,1695,1.0048073825140473,0.8684003102661564,0.8642455513149218,0.8621681718393047,0.8652842410527305,0.8684003102661564,NaN,0.8642455513149218,NaN,0.8642455513149218,1.0048073825140473
new_preds,OFT-0223-00,medium,4.894724520587209,1696,0.9972653401637892,0.9504660387113719,0.9530723674356004,0.9543755317977146,0.9524207852545433,0.9504660387113719,NaN,0.9530723674356004,NaN,0.9530723674356004,0.9972653401637892
new_preds,OFT-0224-00,fast,5.708233517021699,1697,1.0137957507630462,0.809019119713672,0.7980099730194702,0.7925053996723692,0.8007622596930206,0.809019119713672,NaN,0.7980099730194702,NaN,0.7980099730194702,1.0137957507630462
new_preds,OFT-0224-00,slow,3.620743596985834,1698,1.0098021206441625,0.894906453660488,0.8862196220083381,0.8818762061822631,0.8883913299213755,0.894906453660488,NaN,0.8862196220083381,NaN,0.8862196220083381,1.0098021206441625
new_preds,OFT-0224-00,medium,4.481770905385615,1699,0.9864940949480934,0.8856401054174856,0.897765237473708,0.903827803501819,0.8947339544596522,0.8856401054174856,NaN,0.897765237473708,NaN,0.897765237473708,0.9864940949480934
new_preds,OFT-0225-00,fast,5.7493968453736315,1700,1.0012082142239893,0.9726942463954853,0.9715204415790731,0.9709335391708672,0.9718138927831763,0.9726942463954853,NaN,0.9715204415790731,NaN,0.9715204415790731,1.0012082142239893
new_preds,OFT-0225-00,medium,4.416557111975243,1701,0.998863058744903,0.9353005032379657,0.9363650953446959,0.9368973913980612,0.9360989473180135,0.9353005032379657,NaN,0.9363650953446959,NaN,0.9363650953446959,0.998863058744903
new_preds,OFT-0225-00,slow,3.5575170716890745,1702,0.9862170310212658,0.9529316267693209,0.9662494124467952,0.9729083052855324,0.9629199660274266,0.9529316267693209,NaN,0.9662494124467952,NaN,0.9662494124467952,0.9862170310212658
new_preds,OFT-0226-00,medium,4.449111582147725,1703,1.0007602755708391,0.9360508147012986,0.9353396987778817,0.9349841408161732,0.9355174777587358,0.9360508147012986,NaN,0.9353396987778817,NaN,0.9353396987778817,1.0007602755708391
new_preds,OFT-0226-00,fast,5.638381480137283,1704,0.9925698087469794,0.8539028170858194,0.8602949732712369,0.8634910513639453,0.8586969342248825,0.8539028170858194,NaN,0.8602949732712369,NaN,0.8602949732712369,0.9925698087469794
new_preds,OFT-0226-00,slow,3.5177119884252392,1705,0.9870895079639119,0.8988744093838161,0.9106311050128992,0.9165094528274411,0.9076919311056285,0.8988744093838161,NaN,0.9106311050128992,NaN,0.9106311050128992,0.9870895079639119
new_preds,OFT-0227-00,slow,3.5438639619519314,1706,0.9995139465109959,0.9097846273129472,0.9102270463446088,0.9104482558604395,0.9101164415866935,0.9097846273129472,NaN,0.9102270463446088,NaN,0.9102270463446088,0.9995139465109959
new_preds,OFT-0227-00,medium,4.422596318519016,1707,1.0002437806218252,0.9023229328760831,0.902103017641492,0.9019930600241965,0.9021579964501398,0.9023229328760831,NaN,0.902103017641492,NaN,0.902103017641492,1.0002437806218252
new_preds,OFT-0227-00,fast,5.511621514301918,1708,0.9965428877125948,0.9648592349937596,0.9682064333512429,0.9698800325299843,0.967369633761872,0.9648592349937596,NaN,0.9682064333512429,NaN,0.9682064333512429,0.9965428877125948
new_preds,OFT-0228-00,fast,5.4069353730766485,1709,1.0016291888235276,0.9040088564505386,0.9025384508935389,0.9018032481150391,0.9029060522827889,0.9040088564505386,NaN,0.9025384508935389,NaN,0.9025384508935389,1.0016291888235276
new_preds,OFT-0228-00,medium,4.2764801210796515,1710,0.9983155050939763,0.9253571618992017,0.9269185514774644,0.9276992462665957,0.9265282040828988,0.9253571618992017,NaN,0.9269185514774644,NaN,0.9269185514774644,0.9983155050939763
new_preds,OFT-0228-00,slow,3.536522724729976,1711,0.995130607335046,0.8680671598573005,0.8723148031613452,0.8744386248133675,0.8712528923353342,0.8680671598573005,NaN,0.8723148031613452,NaN,0.8723148031613452,0.995130607335046
new_preds,OFT-0229-00,medium,4.506856911463331,1712,1.000696447369071,0.9425335557070258,0.9418775875391973,0.9415496034552833,0.9420415795811545,0.9425335557070258,NaN,0.9418775875391973,NaN,0.9418775875391973,1.000696447369071
new_preds,OFT-0229-00,fast,5.665374872293093,1713,0.993689711799052,0.8702450598366631,0.8757714299578535,0.8785346150184489,0.8743898374275559,0.8702450598366631,NaN,0.8757714299578535,NaN,0.8757714299578535,0.993689711799052
new_preds,OFT-0229-00,slow,3.6381752213324776,1714,1.0040705920207804,0.9450161786213258,0.9411849984764494,0.9392694084040114,0.9421427935126686,0.9450161786213258,NaN,0.9411849984764494,NaN,0.9411849984764494,1.0040705920207804
new_preds,OFT-0230-00,fast,5.763120466600632,1715,1.0025705132284477,0.9611776311061788,0.9587132460249835,0.9574810534843863,0.9593293422952824,0.9611776311061788,NaN,0.9587132460249835,NaN,0.9587132460249835,1.0025705132284477
new_preds,OFT-0230-00,slow,3.924431102005407,1716,1.0046509360994131,0.8598478984707685,0.8558673142824644,0.8538770221883125,0.8568624603295405,0.8598478984707685,NaN,0.8558673142824644,NaN,0.8558673142824644,1.0046509360994131
new_preds,OFT-0230-00,medium,4.763429342445844,1717,0.9970349796374153,0.8828453933371925,0.8854708323856909,0.8867835519099403,0.8848144726235663,0.8828453933371925,NaN,0.8854708323856909,NaN,0.8854708323856909,0.9970349796374153
new_preds,OFT-0231-00,medium,4.44227565016871,1718,0.9863772051400308,0.7199219676017761,0.7298647655787752,0.734836164567275,0.7273790660845254,0.7199219676017761,NaN,0.7298647655787752,NaN,0.7298647655787752,0.9863772051400308
new_preds,OFT-0231-00,fast,5.389848440917462,1719,0.9892140522757661,0.9350662743413316,0.9452618189057634,0.9503595911879792,0.9427129327646553,0.9350662743413316,NaN,0.9452618189057634,NaN,0.9452618189057634,0.9892140522757661
new_preds,OFT-0231-00,slow,3.712965149475062,1720,0.9890050000316442,0.875059694684396,0.8847879380350935,0.8896520597104423,0.8823558771974191,0.875059694684396,NaN,0.8847879380350935,NaN,0.8847879380350935,0.9890050000316442
new_preds,OFT-0232-00,fast,5.567289167306079,1721,0.9989088341324135,0.8555469805317675,0.8564815439587531,0.8569488256722457,0.8562479031020066,0.8555469805317675,NaN,0.8564815439587531,NaN,0.8564815439587531,0.9989088341324135
new_preds,OFT-0232-00,slow,3.727773658078511,1722,1.0165383195602844,0.8043790288626504,0.7912923825740225,0.7847490594297084,0.7945640441461794,0.8043790288626504,NaN,0.7912923825740225,NaN,0.7912923825740225,1.0165383195602844
new_preds,OFT-0232-00,medium,4.408995190303767,1723,0.9874861009329055,0.9121866528014376,0.9237463210263614,0.9295261551388236,0.9208564039701306,0.9121866528014376,NaN,0.9237463210263614,NaN,0.9237463210263614,0.9874861009329055
new_preds,OFT-0233-00,medium,4.954146645656102,1724,0.9986354451249598,0.9309515183284678,0.9322235885708796,0.9328596236920854,0.9319055710102766,0.9309515183284678,NaN,0.9322235885708796,NaN,0.9322235885708796,0.9986354451249598
new_preds,OFT-0233-00,fast,6.342942730456809,1725,0.9985403843134434,0.8706559117495682,0.8719285924005934,0.872564932726106,0.8716104222378371,0.8706559117495682,NaN,0.8719285924005934,NaN,0.8719285924005934,0.9985403843134434
new_preds,OFT-0233-00,slow,3.8775820899247133,1726,1.0047707376565918,0.8256321358517164,0.8217119636438884,0.8197518775399746,0.8226920066958454,0.8256321358517164,NaN,0.8217119636438884,NaN,0.8217119636438884,1.0047707376565918
new_preds,OFT-0234-00,fast,5.912862136612629,1727,1.003255298071965,0.8589250148780119,0.8561380303983205,0.8547445381584748,0.8568347765182434,0.8589250148780119,NaN,0.8561380303983205,NaN,0.8561380303983205,1.003255298071965
new_preds,OFT-0234-00,medium,4.8170824623966295,1728,0.9984303589770956,0.924402426634459,0.9258556877031673,0.9265823182375214,0.9254923724359903,0.924402426634459,NaN,0.9258556877031673,NaN,0.9258556877031673,0.9984303589770956
new_preds,OFT-0234-00,slow,3.7389119900836714,1729,1.0007431117304646,0.8954314706474329,0.8947665591213224,0.8944341033582669,0.89493278700285,0.8954314706474329,NaN,0.8947665591213224,NaN,0.8947665591213224,1.0007431117304646
new_preds,OFT-0235-00,fast,5.529996224536493,1730,0.9836103567475124,0.6841690043482774,0.6955691343171776,0.7012691993016276,0.6927191018249526,0.6841690043482774,NaN,0.6955691343171776,NaN,0.6955691343171776,0.9836103567475124
new_preds,OFT-0235-00,medium,4.537335556090576,1731,0.9968687450165569,0.9038812448167614,0.906720417643096,0.9081400040562632,0.9060106244365123,0.9038812448167614,NaN,0.906720417643096,NaN,0.906720417643096,0.9968687450165569
new_preds,OFT-0235-00,slow,3.7414072766222004,1732,0.9939273098180386,0.9555169880527083,0.9613549991172271,0.9642740046494868,0.9598954963510975,0.9555169880527083,NaN,0.9613549991172271,NaN,0.9613549991172271,0.9939273098180386
new_preds,OFT-0236-00,fast,5.665801455346451,1733,0.9948275629480469,0.8586713595231077,0.8631358755064472,0.8653681334981168,0.8620197465106124,0.8586713595231077,NaN,0.8631358755064472,NaN,0.8631358755064472,0.9948275629480469
new_preds,OFT-0236-00,slow,3.3454949876623394,1734,0.9971414645402462,0.852721105996258,0.8551656272657598,0.8563878879005105,0.8545544969483844,0.852721105996258,NaN,0.8551656272657598,NaN,0.8551656272657598,0.9971414645402462
new_preds,OFT-0236-00,medium,4.468576269828328,1735,0.9912758873263091,0.953601973963472,0.9619945225698449,0.9661907968730316,0.9598963854182517,0.953601973963472,NaN,0.9619945225698449,NaN,0.9619945225698449,0.9912758873263091
new_preds,OFT-0237-00,medium,4.32843693748204,1736,0.9848633734909035,0.8659944973224061,0.8793041965332105,0.8859590461386125,0.8759767717305094,0.8659944973224061,NaN,0.8793041965332105,NaN,0.8793041965332105,0.9848633734909035
new_preds,OFT-0237-00,fast,5.528692087920848,1737,0.9911214424500502,0.8486111302282664,0.8562130672206035,0.8600140357167718,0.8543125829725191,0.8486111302282664,NaN,0.8562130672206035,NaN,0.8562130672206035,0.9911214424500502
new_preds,OFT-0237-00,slow,3.530129013744466,1738,1.0066664932212406,0.9420701637224134,0.9358314497067197,0.932712092698873,0.9373911282106432,0.9420701637224134,NaN,0.9358314497067197,NaN,0.9358314497067197,1.0066664932212406
new_preds,OFT-0238-00,medium,4.8087307647172555,1739,0.9975811814512832,0.8977995877444462,0.8999764675174862,0.9010649074040062,0.8994322475742262,0.8977995877444462,NaN,0.8999764675174862,NaN,0.8999764675174862,0.9975811814512832
new_preds,OFT-0238-00,fast,6.075421573448213,1740,0.996300887832552,0.8805232443017855,0.8837924918619312,0.8854271156420038,0.8829751799718946,0.8805232443017855,NaN,0.8837924918619312,NaN,0.8837924918619312,0.996300887832552
new_preds,OFT-0238-00,slow,3.707264180124953,1741,0.9893396167576668,0.8731493431915114,0.882557747008108,0.8872619489164063,0.8802056460539589,0.8731493431915114,NaN,0.882557747008108,NaN,0.882557747008108,0.9893396167576668
new_preds,OFT-0239-00,fast,6.171869421324344,1742,1.0049681979194018,0.8818590715258923,0.8774994804329291,0.8753196848864473,0.8785893782061698,0.8818590715258923,NaN,0.8774994804329291,NaN,0.8774994804329291,1.0049681979194018
new_preds,OFT-0239-00,medium,5.018658009227227,1743,0.991556548912866,0.8610566594987701,0.8683888583488507,0.872054957773891,0.8665558086363305,0.8610566594987701,NaN,0.8683888583488507,NaN,0.8683888583488507,0.991556548912866
new_preds,OFT-0239-00,slow,3.8380185427874607,1744,1.0046180041377248,0.9329277604768855,0.9286393003454364,0.9264950702797119,0.9297114153782988,0.9329277604768855,NaN,0.9286393003454364,NaN,0.9286393003454364,1.0046180041377248
new_preds,OFT-0240-00,slow,3.9849468113568456,1745,1.0033526098796808,0.9732951819535511,0.9700430061872923,0.968416918304163,0.9708560501288571,0.9732951819535511,NaN,0.9700430061872923,NaN,0.9700430061872923,1.0033526098796808
new_preds,OFT-0240-00,medium,4.998843877352993,1746,0.9870178113825384,0.8937421971540589,0.905497536971672,0.9113752068804784,0.9025587020172687,0.8937421971540589,NaN,0.905497536971672,NaN,0.905497536971672,0.9870178113825384
new_preds,OFT-0240-00,fast,5.966667426182764,1747,0.9973789295505568,0.9632300181895055,0.9657613467165987,0.9670270109801458,0.9651285145848256,0.9632300181895055,NaN,0.9657613467165987,NaN,0.9657613467165987,0.9973789295505568
new_preds,OFT-0241-00,slow,3.3556786755448544,1748,1.0039588759746316,0.8789980187550019,0.8755318965646683,0.8737988354695015,0.8763984271122518,0.8789980187550019,NaN,0.8755318965646683,NaN,0.8755318965646683,1.0039588759746316
new_preds,OFT-0241-00,medium,4.290354812514036,1749,1.0025580099914664,0.8442740351876403,0.8421198841100742,0.8410428085712909,0.8426584218794657,0.8442740351876403,NaN,0.8421198841100742,NaN,0.8421198841100742,1.0025580099914664
new_preds,OFT-0241-00,fast,5.376909096069763,1750,1.0032944763330391,0.9568049774946696,0.9536631567949173,0.9520922464450412,0.9544486119698554,0.9568049774946696,NaN,0.9536631567949173,NaN,0.9536631567949173,1.0032944763330391
new_preds,OFT-0242-00,slow,3.932802913792241,1751,1.0049677727879827,0.818482352578471,0.8144364175060423,0.8124134499698283,0.8154479012741496,0.818482352578471,NaN,0.8144364175060423,NaN,0.8144364175060423,1.0049677727879827
new_preds,OFT-0242-00,medium,4.876924455536318,1752,1.0097845337365632,0.9682620944711717,0.9588799017234463,0.9541888053495838,0.9612254499103778,0.9682620944711717,NaN,0.9588799017234463,NaN,0.9588799017234463,1.0097845337365632
new_preds,OFT-0242-00,fast,5.796974120464047,1753,1.0022914680209742,0.9029827377706936,0.9009183122686201,0.8998860995175832,0.9014344186441383,0.9029827377706936,NaN,0.9009183122686201,NaN,0.9009183122686201,1.0022914680209742
new_preds,OFT-0243-00,medium,4.1499008718369454,1754,1.0002494581959729,0.9795347042459213,0.9792904122263538,0.9791682662165702,0.9793514852312457,0.9795347042459213,NaN,0.9792904122263538,NaN,0.9792904122263538,1.0002494581959729
new_preds,OFT-0243-00,fast,5.27662356484472,1755,1.006528092502802,0.9331512689089836,0.9270990803531755,0.9240729860752717,0.9286121274921275,0.9331512689089836,NaN,0.9270990803531755,NaN,0.9270990803531755,1.006528092502802
new_preds,OFT-0243-00,slow,3.3203808421954357,1756,1.005413529267937,0.9720107858466347,0.9667771096678761,0.9641602715784969,0.9680855287125659,0.9720107858466347,NaN,0.9667771096678761,NaN,0.9667771096678761,1.005413529267937
new_preds,OFT-0244-00,medium,4.750568688650976,1757,1.0071913491826294,0.9488236113445373,0.9420490079809962,0.9386617062992257,0.9437426588218816,0.9488236113445373,NaN,0.9420490079809962,NaN,0.9420490079809962,1.0071913491826294
new_preds,OFT-0244-00,fast,6.033716909954534,1758,1.0063602200570405,0.9283348582710771,0.9224677603199171,0.9195342113443369,0.923934534807707,0.9283348582710771,NaN,0.9224677603199171,NaN,0.9224677603199171,1.0063602200570405
new_preds,OFT-0244-00,slow,3.699878955772353,1759,1.0184857280265305,0.8160632452687738,0.8012515274514639,0.7938456685428089,0.8049544569057914,0.8160632452687738,NaN,0.8012515274514639,NaN,0.8012515274514639,1.0184857280265305
new_preds,OFT-0245-00,slow,3.940571666250643,1760,1.0184657207261403,0.8761843130254823,0.8602982851507118,0.8523552712133265,0.8642697921194045,0.8761843130254823,NaN,0.8602982851507118,NaN,0.8602982851507118,1.0184657207261403
new_preds,OFT-0245-00,medium,4.971205737210209,1761,1.0073653592776544,0.9405162251012132,0.9336396337626933,0.9302013380934335,0.9353587815973234,0.9405162251012132,NaN,0.9336396337626933,NaN,0.9336396337626933,1.0073653592776544
new_preds,OFT-0245-00,fast,5.975444776998701,1762,1.007185661464731,0.9710173075494652,0.9640896854481956,0.960625874397561,0.9658215909735131,0.9710173075494652,NaN,0.9640896854481956,NaN,0.9640896854481956,1.007185661464731
new_preds,OFT-0246-00,slow,3.409471026702852,1763,0.9914737821541759,0.932160383636722,0.9401765335755187,0.9441846085449169,0.9381724960908195,0.932160383636722,NaN,0.9401765335755187,NaN,0.9401765335755187,0.9914737821541759
new_preds,OFT-0246-00,medium,4.067026284895341,1764,1.0046274739067191,0.9549686510709228,0.9505699135992302,0.9483705448633839,0.9516695979671534,0.9549686510709228,NaN,0.9505699135992302,NaN,0.9505699135992302,1.0046274739067191
new_preds,OFT-0246-00,fast,4.8680961521726065,1765,1.0065691971880464,0.8141638504464684,0.8088503529821081,0.8061936042499276,0.8101787273481982,0.8141638504464684,NaN,0.8088503529821081,NaN,0.8088503529821081,1.0065691971880464
new_preds,OFT-0247-00,slow,3.5260891012370723,1766,1.0137148177741275,0.9607688875726723,0.9477703893904681,0.9412711402993661,0.9510200139360192,0.9607688875726723,NaN,0.9477703893904681,NaN,0.9477703893904681,1.0137148177741275
new_preds,OFT-0247-00,medium,4.33699707598219,1767,0.9943522327231149,0.9302795714546988,0.9355634159004723,0.9382053381233589,0.9342424547890287,0.9302795714546988,NaN,0.9355634159004723,NaN,0.9355634159004723,0.9943522327231149
new_preds,OFT-0247-00,fast,5.29457954975709,1768,1.0064382716747193,0.9666256366349842,0.9604420497906081,0.9573502563684201,0.9619879465017022,0.9666256366349842,NaN,0.9604420497906081,NaN,0.9604420497906081,1.0064382716747193
new_preds,OFT-0248-00,medium,5.299464137810214,1769,0.9991519453816095,0.8766317084538262,0.8773757710285109,0.8777478023158531,0.8771897553848398,0.8766317084538262,NaN,0.8773757710285109,NaN,0.8773757710285109,0.9991519453816095
new_preds,OFT-0248-00,slow,4.211499485908461,1770,1.0011641725242078,0.9435153319796618,0.9424181946111819,0.9418696259269421,0.9426924789533019,0.9435153319796618,NaN,0.9424181946111819,NaN,0.9424181946111819,1.0011641725242078
new_preds,OFT-0248-00,fast,6.473360213768198,1771,1.0089684315546288,0.8886579996995706,0.880758973132903,0.876809459849569,0.8827337297745698,0.8886579996995706,NaN,0.880758973132903,NaN,0.880758973132903,1.0089684315546288
new_preds,OFT-0249-00,medium,4.484053401212092,1772,1.0040354100259008,0.979431112780788,0.9754945921235206,0.9735263317948872,0.9764787222878375,0.979431112780788,NaN,0.9754945921235206,NaN,0.9754945921235206,1.0040354100259008
new_preds,OFT-0249-00,slow,3.518466369788806,1773,0.997490358530539,0.9015876405807725,0.9038559950684171,0.9049901723122393,0.903288906446506,0.9015876405807725,NaN,0.9038559950684171,NaN,0.9038559950684171,0.997490358530539
new_preds,OFT-0249-00,fast,5.627826052782967,1774,1.007908628906032,0.9555021683405954,0.948004750567204,0.9442560416805081,0.9498791050105517,0.9555021683405954,NaN,0.948004750567204,NaN,0.948004750567204,1.007908628906032
new_preds,OFT-0250-00,slow,3.2655536220743553,1775,1.0239177084242952,0.6498363858844827,0.6346568484341525,0.6270670797089872,0.6384517327967351,0.6498363858844827,NaN,0.6346568484341525,NaN,0.6346568484341525,1.0239177084242952
new_preds,OFT-0250-00,fast,4.749091381934706,1776,1.0070848095769722,0.8835708367807162,0.8773549440705612,0.8742469977154838,0.8789089172480999,0.8835708367807162,NaN,0.8773549440705612,NaN,0.8773549440705612,1.0070848095769722
new_preds,OFT-0250-00,medium,4.03210833590864,1777,1.0021690327466422,0.9649728519086841,0.9628843242780966,0.9618400604628026,0.9634064561857433,0.9649728519086841,NaN,0.9628843242780966,NaN,0.9628843242780966,1.0021690327466422
new_preds,OFT-0251-00,medium,3.7523739586478078,1778,0.9993442118180234,0.9563836836974788,0.9570112803851738,0.9573250787290213,0.9568543812132502,0.9563836836974788,NaN,0.9570112803851738,NaN,0.9570112803851738,0.9993442118180234
new_preds,OFT-0251-00,slow,3.124937566445988,1779,1.0037696796268654,0.9115404945924632,0.9081171837460893,0.906405528322902,0.9089730114576826,0.9115404945924632,NaN,0.9081171837460893,NaN,0.9081171837460893,1.0037696796268654
new_preds,OFT-0251-00,fast,4.446275965670614,1780,1.0023092236060984,0.9614892652057351,0.9592740868396864,0.9581664976566622,0.9598278814311985,0.9614892652057351,NaN,0.9592740868396864,NaN,0.9592740868396864,1.0023092236060984
new_preds,OFT-0252-00,fast,6.020983390346391,1781,1.0251616007352968,0.7770855237211184,0.7580127105460778,0.7484763039585574,0.762780913839838,0.7770855237211184,NaN,0.7580127105460778,NaN,0.7580127105460778,1.0251616007352968
new_preds,OFT-0252-00,medium,4.543414972769068,1782,1.006861616327351,0.9139864654194054,0.9077577798161393,0.904643437014506,0.9093149512169557,0.9139864654194054,NaN,0.9077577798161393,NaN,0.9077577798161393,1.006861616327351
new_preds,OFT-0252-00,slow,3.551461756028046,1783,1.0006796076260844,0.8981078698744455,0.8974979234412799,0.8971929502246968,0.8976504100495712,0.8981078698744455,NaN,0.8974979234412799,NaN,0.8974979234412799,1.0006796076260844
new_preds,OFT-0253-00,fast,5.076107718988346,1784,1.0010332898624341,0.9332733594453371,0.9323100129602994,0.9318283397177806,0.9325508495815589,0.9332733594453371,NaN,0.9323100129602994,NaN,0.9323100129602994,1.0010332898624341
new_preds,OFT-0253-00,slow,3.230663939343272,1785,0.9916106538070317,0.9343062226026853,0.9422107548115372,0.9461630209159629,0.940234621759324,0.9343062226026853,NaN,0.9422107548115372,NaN,0.9422107548115372,0.9916106538070317
new_preds,OFT-0253-00,medium,3.964707494021206,1786,1.002301813451766,0.8472872150611636,0.8453413968625307,0.8443684877632143,0.845827851412189,0.8472872150611636,NaN,0.8453413968625307,NaN,0.8453413968625307,1.002301813451766
new_preds,OFT-0254-00,slow,3.1246048467184213,1787,0.9892832791113766,0.9444330098198084,0.9546638761226663,0.9597793092740952,0.9521061595469518,0.9444330098198084,NaN,0.9546638761226663,NaN,0.9546638761226663,0.9892832791113766
new_preds,OFT-0254-00,medium,3.853388969909936,1788,1.0018240578979656,0.9054229457041885,0.9037744088557359,0.9029501404315098,0.9041865430678491,0.9054229457041885,NaN,0.9037744088557359,NaN,0.9037744088557359,1.0018240578979656
new_preds,OFT-0254-00,fast,4.6107560743331995,1789,1.0026933027284517,0.9766244368882591,0.9740011569148254,0.9726895169281082,0.9746569769081836,0.9766244368882591,NaN,0.9740011569148254,NaN,0.9740011569148254,1.0026933027284517
new_preds,OFT-0255-00,fast,4.420961671040164,1790,0.9928414218096503,0.842340533358613,0.8484139711085789,0.8514506899835619,0.8468956116710874,0.842340533358613,NaN,0.8484139711085789,NaN,0.8484139711085789,0.9928414218096503
new_preds,OFT-0255-00,medium,3.7563773529098134,1791,1.003031239301215,0.908591538330846,0.9058457032343652,0.904472785686125,0.9065321620084854,0.908591538330846,NaN,0.9058457032343652,NaN,0.9058457032343652,1.003031239301215
new_preds,OFT-0255-00,slow,3.186704795533806,1792,0.9937635128468301,0.9271293579276482,0.9329476741118263,0.9358568322039151,0.9314930950657816,0.9271293579276482,NaN,0.9329476741118263,NaN,0.9329476741118263,0.9937635128468301
new_preds,OFT-0256-00,fast,6.665687796731879,1793,1.033718936689192,0.7141007604473788,0.6908074671965571,0.6791608205711462,0.6966307905092625,0.7141007604473788,NaN,0.6908074671965571,NaN,0.6908074671965571,1.033718936689192
new_preds,OFT-0256-00,medium,5.2258190072401085,1794,1.0081950048525345,0.8215108650372476,0.8148333021719418,0.8114945207392892,0.8165026928882684,0.8215108650372476,NaN,0.8148333021719418,NaN,0.8148333021719418,1.0081950048525345
new_preds,OFT-0256-00,slow,4.125101060135302,1795,1.0072413076565139,0.7844698207742083,0.778830072606321,0.7760101985223771,0.7802400096482929,0.7844698207742083,NaN,0.778830072606321,NaN,0.778830072606321,1.0072413076565139
new_preds,OFT-0257-00,fast,4.779526947829438,1796,0.9986831350089221,0.9161135715705492,0.9173215602187622,0.9179255545428687,0.917019563056709,0.9161135715705492,NaN,0.9173215602187622,NaN,0.9173215602187622,0.9986831350089221
new_preds,OFT-0257-00,medium,3.9903007492431706,1797,1.0100270928171073,0.8526382313449845,0.8441736240627534,0.8399413204216378,0.8462897758833111,0.8526382313449845,NaN,0.8441736240627534,NaN,0.8441736240627534,1.0100270928171073
new_preds,OFT-0257-00,slow,3.4155866202497984,1798,0.9917347851142687,0.9433148816597906,0.9511765603251487,0.9551073996578279,0.9492111406588092,0.9433148816597906,NaN,0.9511765603251487,NaN,0.9511765603251487,0.9917347851142687
new_preds,OFT-0258-00,slow,3.92753929490173,1799,1.0041809578571133,0.9628623421794336,0.95885341645409,0.9568489535914183,0.9598556478854259,0.9628623421794336,NaN,0.95885341645409,NaN,0.95885341645409,1.0041809578571133
new_preds,OFT-0258-00,fast,6.112340638797373,1800,0.9987768430731184,0.9318754097795959,0.9330166355402527,0.933587248420581,0.9327313291000885,0.9318754097795959,NaN,0.9330166355402527,NaN,0.9330166355402527,0.9987768430731184
new_preds,OFT-0258-00,medium,5.106624433449517,1801,1.0018282321950858,0.8647410706746315,0.8631630082732992,0.8623739770726331,0.8635575238736324,0.8647410706746315,NaN,0.8631630082732992,NaN,0.8631630082732992,1.0018282321950858
new_preds,OFT-0259-00,medium,3.9568794213826353,1802,1.002664821878899,0.852993937927364,0.8507269022652397,0.8495933844341775,0.8512936611807707,0.852993937927364,NaN,0.8507269022652397,NaN,0.8507269022652397,1.002664821878899
new_preds,OFT-0259-00,fast,4.931709831749917,1803,1.005804275977826,0.9486695290265291,0.9431949651479146,0.9404576832086073,0.9445636061175682,0.9486695290265291,NaN,0.9431949651479146,NaN,0.9431949651479146,1.005804275977826
new_preds,OFT-0259-00,slow,3.232692139954734,1804,0.9979547959929349,0.9373750256122257,0.9392960777141873,0.9402566037651681,0.9388158146886968,0.9373750256122257,NaN,0.9392960777141873,NaN,0.9392960777141873,0.9979547959929349
new_preds,OFT-0260-00,medium,4.558121833789457,1805,0.9991080439715214,0.9249009512136008,0.9257266586875406,0.9261395124245105,0.9255202318190556,0.9249009512136008,NaN,0.9257266586875406,NaN,0.9257266586875406,0.9991080439715214
new_preds,OFT-0260-00,slow,3.794309993092516,1806,0.9890314237025298,0.8481355768128254,0.8575415871396199,0.8622445923030169,0.8551900845579211,0.8481355768128254,NaN,0.8575415871396199,NaN,0.8575415871396199,0.9890314237025298
new_preds,OFT-0260-00,fast,5.829725404255025,1807,1.007659302490583,0.8258109431755307,0.81953388524714,0.8163953562829445,0.8211031497292376,0.8258109431755307,NaN,0.81953388524714,NaN,0.81953388524714,1.007659302490583
new_preds,OFT-0261-00,medium,4.635490906565934,1808,0.9903829492596735,0.7793708615859969,0.786938892848053,0.790722908479081,0.7850468850325392,0.7793708615859969,NaN,0.786938892848053,NaN,0.786938892848053,0.9903829492596735
new_preds,OFT-0261-00,fast,5.538369216256731,1809,0.9915117672201936,0.8324982811191132,0.8396252153951825,0.8431886825332173,0.8378434818261653,0.8324982811191132,NaN,0.8396252153951825,NaN,0.8396252153951825,0.9915117672201936
new_preds,OFT-0261-00,slow,3.7907431881019313,1810,1.0071947749776455,0.9633694477853052,0.9564877337719381,0.9530468767652542,0.9582081622752797,0.9633694477853052,NaN,0.9564877337719381,NaN,0.9564877337719381,1.0071947749776455
new_preds,OFT-0262-00,fast,5.099639632104747,1811,1.0307253589617675,0.8662827935845294,0.84045937751752,0.8275476694840154,0.8469152315342724,0.8662827935845294,NaN,0.84045937751752,NaN,0.84045937751752,1.0307253589617675
new_preds,OFT-0262-00,medium,4.184620947547787,1812,0.993135310026811,0.8779606383683207,0.8840292249246672,0.8870635182028401,0.8825120782855804,0.8779606383683207,NaN,0.8840292249246672,NaN,0.8840292249246672,0.993135310026811
new_preds,OFT-0262-00,slow,3.421947495109483,1813,1.004087601701651,0.9106771496135155,0.9069698182411271,0.9051161525549328,0.9078966510842243,0.9106771496135155,NaN,0.9069698182411271,NaN,0.9069698182411271,1.004087601701651
new_preds,OFT-0263-00,slow,3.305505653090853,1814,1.0124047310194753,0.9572147798144892,0.9454862768673448,0.9396220253937724,0.9484184026041309,0.9572147798144892,NaN,0.9454862768673448,NaN,0.9454862768673448,1.0124047310194753
new_preds,OFT-0263-00,medium,3.9450114737226873,1815,0.9995821085361062,0.8349839258862829,0.8353330044183381,0.8355075436843657,0.8352457347853243,0.8349839258862829,NaN,0.8353330044183381,NaN,0.8353330044183381,0.9995821085361062
new_preds,OFT-0263-00,fast,4.85738847807948,1816,0.9985290421469561,0.9137705288837075,0.9151166268724565,0.9157896758668311,0.9147801023752692,0.9137705288837075,NaN,0.9151166268724565,NaN,0.9151166268724565,0.9985290421469561
new_preds,OFT-0264-00,fast,5.68871819317061,1817,1.0021709121714624,0.8826907093263835,0.8807786163078769,0.8798225697986234,0.8812566395625034,0.8826907093263835,NaN,0.8807786163078769,NaN,0.8807786163078769,1.0021709121714624
new_preds,OFT-0264-00,medium,4.500891005529155,1818,1.001852719029667,0.9457314885055154,0.9439825540639273,0.943108086843133,0.9444197876743241,0.9457314885055154,NaN,0.9439825540639273,NaN,0.9439825540639273,1.001852719029667
new_preds,OFT-0264-00,slow,3.567124223349361,1819,0.9935377676289493,0.9667004138570268,0.9729880889822949,0.9761319265449295,0.971416170200978,0.9667004138570268,NaN,0.9729880889822949,NaN,0.9729880889822949,0.9935377676289493
new_preds,OFT-0265-00,medium,3.8921670762458507,1820,0.995861365092189,0.8993468890959795,0.9030844258254009,0.9049531941901117,0.9021500416430457,0.8993468890959795,NaN,0.9030844258254009,NaN,0.9030844258254009,0.995861365092189
new_preds,OFT-0265-00,fast,5.004855087303171,1821,1.0078458888232875,0.8889635799489707,0.882043167320831,0.8785829610067609,0.8837732704778659,0.8889635799489707,NaN,0.882043167320831,NaN,0.882043167320831,1.0078458888232875
new_preds,OFT-0265-00,slow,3.2058121711467735,1822,0.9899101324143127,0.9380776001375521,0.9476391537175752,0.9524199305075869,0.9452487653225694,0.9380776001375521,NaN,0.9476391537175752,NaN,0.9476391537175752,0.9899101324143127
new_preds,OFT-0266-00,medium,4.278941744573596,1823,1.0037749697782872,0.9180632781964855,0.9146106506314521,0.9128843368489354,0.9154738075227105,0.9180632781964855,NaN,0.9146106506314521,NaN,0.9146106506314521,1.0037749697782872
new_preds,OFT-0266-00,fast,5.257340921332892,1824,0.9975410368737554,0.9048125339961242,0.907042919088083,0.9081581116340628,0.9064853228150934,0.9048125339961242,NaN,0.907042919088083,NaN,0.907042919088083,0.9975410368737554
new_preds,OFT-0266-00,slow,3.4654233777634293,1825,1.0118491514060177,0.8656425097909974,0.8555054956444265,0.850436988571141,0.8580397491810691,0.8656425097909974,NaN,0.8555054956444265,NaN,0.8555054956444265,1.0118491514060177
new_preds,OFT-0267-00,fast,4.902446576441729,1826,0.9970542897079571,0.9254953172142154,0.9282296127378363,0.9295967604996465,0.927546038856931,0.9254953172142154,NaN,0.9282296127378363,NaN,0.9282296127378363,0.9970542897079571
new_preds,OFT-0267-00,slow,3.2955435987851747,1827,0.9987675133779559,0.9464087896283856,0.9475766651915954,0.9481606029732006,0.947284696300793,0.9464087896283856,NaN,0.9475766651915954,NaN,0.9475766651915954,0.9987675133779559
new_preds,OFT-0267-00,medium,3.9884709215705874,1828,0.9987636905356517,0.9636826599649814,0.9648755447328528,0.9654719871167886,0.964577323540885,0.9636826599649814,NaN,0.9648755447328528,NaN,0.9648755447328528,0.9987636905356517
new_preds,OFT-0268-00,fast,5.106353887568156,1829,1.0116302692641883,0.8671538679632695,0.8571845804831404,0.8521999367430759,0.8596769023531727,0.8671538679632695,NaN,0.8571845804831404,NaN,0.8571845804831404,1.0116302692641883
new_preds,OFT-0268-00,medium,4.183585324845157,1830,0.9976362359286476,0.8667374512112691,0.8687910683240855,0.8698178768804938,0.8682776640458814,0.8667374512112691,NaN,0.8687910683240855,NaN,0.8687910683240855,0.9976362359286476
new_preds,OFT-0268-00,slow,3.4010778479115262,1831,1.0117632362280449,0.8474705851376515,0.8376174927022523,0.8326909464845524,0.840080765811102,0.8474705851376515,NaN,0.8376174927022523,NaN,0.8376174927022523,1.0117632362280449
new_preds,OFT-0269-00,fast,5.200612844667349,1832,0.9912503408313186,0.8286444214891961,0.8359587758570132,0.8396159530409215,0.8341301872650588,0.8286444214891961,NaN,0.8359587758570132,NaN,0.8359587758570132,0.9912503408313186
new_preds,OFT-0269-00,medium,4.40713640002665,1833,1.001683720507722,0.9504740379795107,0.9488763953333944,0.9480775740103368,0.9492758059949238,0.9504740379795107,NaN,0.9488763953333944,NaN,0.9488763953333944,1.001683720507722
new_preds,OFT-0269-00,slow,3.5183341913108457,1834,1.0024023493306238,0.9384123310501638,0.9361633396777345,0.9350388439915202,0.9367255875208419,0.9384123310501638,NaN,0.9361633396777345,NaN,0.9361633396777345,1.0024023493306238
new_preds,OFT-0270-00,slow,3.3410430032950393,1835,1.005998332329511,0.9606434291426498,0.9549155284563579,0.952051578113212,0.9563475036279308,0.9606434291426498,NaN,0.9549155284563579,NaN,0.9549155284563579,1.005998332329511
new_preds,OFT-0270-00,fast,5.120605216268107,1836,0.996052160372859,0.9926362339401729,0.9965705345878598,0.9985376849117034,0.995586959425938,0.9926362339401729,NaN,0.9965705345878598,NaN,0.9965705345878598,0.996052160372859
new_preds,OFT-0270-00,medium,4.0580168033730235,1837,0.9847672187707,0.7666912400477595,0.77855073304007,0.7844804795362252,0.7755858597919923,0.7666912400477595,NaN,0.77855073304007,NaN,0.77855073304007,0.9847672187707
new_preds,OFT-0271-00,fast,4.972519759087892,1838,0.9950152605866989,0.7710670917838568,0.7749299154760765,0.7768613273221863,0.7739642095530216,0.7710670917838568,NaN,0.7749299154760765,NaN,0.7749299154760765,0.9950152605866989
new_preds,OFT-0271-00,slow,3.3107067937297465,1839,0.9962792305998303,0.9548720765411677,0.9584382040828728,0.9602212678537252,0.9575466721974464,0.9548720765411677,NaN,0.9584382040828728,NaN,0.9584382040828728,0.9962792305998303
new_preds,OFT-0271-00,medium,3.991721071725871,1840,1.001285972863624,0.9705045688051728,0.9692581291532346,0.9686349093272653,0.969569739066219,0.9705045688051728,NaN,0.9692581291532346,NaN,0.9692581291532346,1.001285972863624
new_preds,OFT-0272-00,fast,5.41426396287518,1841,1.006688008638107,0.905568440102444,0.8995522270375882,0.8965441205051603,0.9010562803038021,0.905568440102444,NaN,0.8995522270375882,NaN,0.8995522270375882,1.006688008638107
new_preds,OFT-0272-00,slow,3.4175272285600906,1842,0.9883683448064561,0.7930251314921258,0.8023578817140459,0.8070242568250057,0.8000246941585658,0.7930251314921258,NaN,0.8023578817140459,NaN,0.8023578817140459,0.9883683448064561
new_preds,OFT-0272-00,medium,4.259579214595304,1843,1.0012068419703197,0.8921965706190885,0.8911211282408887,0.890583407051789,0.8913899888354389,0.8921965706190885,NaN,0.8911211282408887,NaN,0.8911211282408887,1.0012068419703197
new_preds,OFT-0273-00,fast,4.69556789619877,1844,0.9978054705438342,0.949175391590754,0.951262966190619,0.9523067534905519,0.9507410725406531,0.949175391590754,NaN,0.951262966190619,NaN,0.951262966190619,0.9978054705438342
new_preds,OFT-0273-00,slow,3.2443569302124526,1845,0.9883424358869565,0.8615952686973998,0.8717578416272175,0.8768391280921262,0.869217198394763,0.8615952686973998,NaN,0.8717578416272175,NaN,0.8717578416272175,0.9883424358869565
new_preds,OFT-0273-00,medium,3.882103328446435,1846,0.9829733279054401,0.7558471971711908,0.7689396809797281,0.7754859228839968,0.7656665600275938,0.7558471971711908,NaN,0.7689396809797281,NaN,0.7689396809797281,0.9829733279054401
new_preds,OFT-0274-00,fast,5.005277627976528,1847,0.9976414947838892,0.963736545006179,0.9660148961776548,0.9671540717633925,0.9654453083847858,0.963736545006179,NaN,0.9660148961776548,NaN,0.9660148961776548,0.9976414947838892
new_preds,OFT-0274-00,slow,3.2129507583720582,1848,0.9900606899189105,0.9539643472822995,0.9635412828686619,0.9683297506618429,0.9611470489720713,0.9539643472822995,NaN,0.9635412828686619,NaN,0.9635412828686619,0.9900606899189105
new_preds,OFT-0274-00,medium,4.010332237437803,1849,0.9955812291614838,0.9396367070705708,0.943807174691279,0.9458924085016327,0.9427645577861017,0.9396367070705708,NaN,0.943807174691279,NaN,0.943807174691279,0.9955812291614838
new_preds,OFT-0275-00,medium,4.0930487474389885,1850,1.0010508260191027,0.904706753724877,0.903757062288876,0.9032822165708756,0.9039944851478763,0.904706753724877,NaN,0.903757062288876,NaN,0.903757062288876,1.0010508260191027
new_preds,OFT-0275-00,slow,3.405493604808194,1851,0.9938021430331335,0.847186742013496,0.8524702305710873,0.8551119748498828,0.8511493584316894,0.847186742013496,NaN,0.8524702305710873,NaN,0.8524702305710873,0.9938021430331335
new_preds,OFT-0275-00,fast,5.258646603431461,1852,1.0094750525214566,0.9054163893489027,0.8969180437766765,0.8926688709905635,0.899042630169733,0.9054163893489027,NaN,0.8969180437766765,NaN,0.8969180437766765,1.0094750525214566
new_preds,OFT-0276-00,fast,5.636376478576893,1853,0.9975767661812927,0.8979947239955273,0.9001760610695017,0.9012667296064888,0.899630726801008,0.8979947239955273,NaN,0.9001760610695017,NaN,0.9001760610695017,0.9975767661812927
new_preds,OFT-0276-00,slow,3.2647706906416634,1854,0.9913165417469727,0.9052390773781966,0.9131685382581392,0.9171332686981106,0.9111861730381536,0.9052390773781966,NaN,0.9131685382581392,NaN,0.9131685382581392,0.9913165417469727
new_preds,OFT-0276-00,medium,4.143899483598463,1855,0.9896612633410703,0.8941493172314426,0.9034902651568054,0.9081607391194868,0.9011550281754648,0.8941493172314426,NaN,0.9034902651568054,NaN,0.9034902651568054,0.9896612633410703
new_preds,OFT-0277-00,fast,4.947925073599319,1856,0.9967361831953859,0.9228063672352358,0.9258281005479883,0.9273389672043644,0.9250726672198002,0.9228063672352358,NaN,0.9258281005479883,NaN,0.9258281005479883,0.9967361831953859
new_preds,OFT-0277-00,medium,3.940302216154361,1857,0.9830610186370694,0.7650163552149587,0.7781982407110282,0.784789183459063,0.774902769337011,0.7650163552149587,NaN,0.7781982407110282,NaN,0.7781982407110282,0.9830610186370694
new_preds,OFT-0277-00,slow,3.245087038743199,1858,0.9831494362654746,0.7185981522842787,0.7309144731994125,0.7370726336569796,0.7278353929706292,0.7185981522842787,NaN,0.7309144731994125,NaN,0.7309144731994125,0.9831494362654746
new_preds,OFT-0278-00,medium,4.080585893642739,1859,0.9875827251749147,0.8341985301517658,0.8446872437992651,0.8499316006230146,0.8420650653873902,0.8341985301517658,NaN,0.8446872437992651,NaN,0.8446872437992651,0.9875827251749147
new_preds,OFT-0278-00,slow,3.357939973701725,1860,1.0328562065268956,0.7437129915573261,0.7200547248083558,0.7082255914338706,0.7259692914955984,0.7437129915573261,NaN,0.7200547248083558,NaN,0.7200547248083558,1.0328562065268956
new_preds,OFT-0278-00,fast,4.991116257884013,1861,0.996218132380819,0.9178604634075516,0.9213448677289141,0.9230870698895954,0.9204737666485735,0.9178604634075516,NaN,0.9213448677289141,NaN,0.9213448677289141,0.996218132380819
new_preds,OFT-0279-00,slow,3.2370803674958335,1862,1.0327693674415368,0.7743190187106571,0.7497501795864312,0.7374657600243182,0.7558923893674877,0.7743190187106571,NaN,0.7497501795864312,NaN,0.7497501795864312,1.0327693674415368
new_preds,OFT-0279-00,medium,4.0294604306715645,1863,1.0044507681588517,0.8668800433280335,0.8630388574613926,0.8611182645280722,0.8639991539280528,0.8668800433280335,NaN,0.8630388574613926,NaN,0.8630388574613926,1.0044507681588517
new_preds,OFT-0279-00,fast,5.05554854766188,1864,1.0001745854839048,0.9809332708012162,0.9807620439851715,0.9806764305771494,0.9808048506891827,0.9809332708012162,NaN,0.9807620439851715,NaN,0.9807620439851715,1.0001745854839048
new_preds,OFT-0280-00,fast,5.009707649217103,1865,1.000936843860181,0.8444886852184355,0.8436982716727736,0.8433030648999427,0.8438958750591892,0.8444886852184355,NaN,0.8436982716727736,NaN,0.8436982716727736,1.000936843860181
new_preds,OFT-0280-00,medium,4.189987961753268,1866,1.0021811978351243,0.9624580400976106,0.960363297751622,0.959315926578628,0.9608869833381192,0.9624580400976106,NaN,0.960363297751622,NaN,0.960363297751622,1.0021811978351243
new_preds,OFT-0280-00,slow,3.470265882649002,1867,1.008264107259922,0.7138093543518917,0.7079587076562249,0.7050333843083916,0.7094213693301417,0.7138093543518917,NaN,0.7079587076562249,NaN,0.7079587076562249,1.008264107259922
new_preds,OFT-0281-00,medium,4.108663066110553,1868,1.014513643020518,0.7861103034487696,0.7748642010454176,0.7692411498437416,0.7776757266462557,0.7861103034487696,NaN,0.7748642010454176,NaN,0.7748642010454176,1.014513643020518
new_preds,OFT-0281-00,fast,5.271711805285443,1869,0.9950306084094441,0.9048955994274204,0.9094148378750836,0.9116744570989155,0.9082850282631679,0.9048955994274204,NaN,0.9094148378750836,NaN,0.9094148378750836,0.9950306084094441
new_preds,OFT-0281-00,slow,3.33952198591152,1870,1.0158700805599352,0.8673673312467104,0.8538171837570294,0.847042110012189,0.8572047206294497,0.8673673312467104,NaN,0.8538171837570294,NaN,0.8538171837570294,1.0158700805599352
new_preds,OFT-0282-00,slow,3.5658922911016084,1871,1.0108787485603425,0.9060773226453458,0.8963264129706444,0.8914509581332938,0.8987641403893198,0.9060773226453458,NaN,0.8963264129706444,NaN,0.8963264129706444,1.0108787485603425
new_preds,OFT-0282-00,medium,4.535801994118594,1872,1.0103477626781605,0.9222616787353499,0.9128160746263068,0.9080932725717854,0.9151774756535678,0.9222616787353499,NaN,0.9128160746263068,NaN,0.9128160746263068,1.0103477626781605
new_preds,OFT-0282-00,fast,5.6139279072474935,1873,0.9981601037494888,0.8585842446659687,0.8601668624510063,0.8609581713435251,0.8597712080047468,0.8585842446659687,NaN,0.8601668624510063,NaN,0.8601668624510063,0.9981601037494888
new_preds,OFT-0283-00,medium,3.9525554607277527,1874,1.017734964618982,0.7443669258197847,0.7313956498472661,0.724910011861007,0.7346384688403957,0.7443669258197847,NaN,0.7313956498472661,NaN,0.7313956498472661,1.017734964618982
new_preds,OFT-0283-00,fast,4.974363564281854,1875,1.0009797902763022,0.8933222038528826,0.8924477921839933,0.8920105863495484,0.8926663951012156,0.8933222038528826,NaN,0.8924477921839933,NaN,0.8924477921839933,1.0009797902763022
new_preds,OFT-0283-00,slow,3.272658677286184,1876,0.9926529396385965,0.8864330142369644,0.8929938942806088,0.8962743343024312,0.8913536742696979,0.8864330142369644,NaN,0.8929938942806088,NaN,0.8929938942806088,0.9926529396385965
new_preds,OFT-0284-00,fast,5.22690100335652,1877,1.0034679574244814,0.8754491483849017,0.8724236204131969,0.8709108564273446,0.8731800024061231,0.8754491483849017,NaN,0.8724236204131969,NaN,0.8724236204131969,1.0034679574244814
new_preds,OFT-0284-00,slow,3.502462918497587,1878,1.0069016518027467,0.8975275584214006,0.891375594443088,0.8882996124539317,0.8929135854376662,0.8975275584214006,NaN,0.891375594443088,NaN,0.891375594443088,1.0069016518027467
new_preds,OFT-0284-00,medium,4.258146226573397,1879,0.992940686195554,0.8600563410183282,0.8661709133036221,0.869228199446269,0.8646422702322987,0.8600563410183282,NaN,0.8661709133036221,NaN,0.8661709133036221,0.992940686195554
new_preds,OFT-0285-00,fast,5.158668308241319,1880,1.0039982181468434,0.9817531266455146,0.9778434950388775,0.9758886792355589,0.9788209029405367,0.9817531266455146,NaN,0.9778434950388775,NaN,0.9778434950388775,1.0039982181468434
new_preds,OFT-0285-00,slow,3.2813136275470347,1881,0.9902700061795976,0.8862111633844378,0.8949187169703215,0.8992724937632632,0.8927418285738505,0.8862111633844378,NaN,0.8949187169703215,NaN,0.8949187169703215,0.9902700061795976
new_preds,OFT-0285-00,medium,4.162184565589168,1882,0.9939992848037391,0.866097435658513,0.8713260149171237,0.873940304546429,0.8700188701024709,0.866097435658513,NaN,0.8713260149171237,NaN,0.8713260149171237,0.9939992848037391
new_preds,OFT-0286-00,fast,5.099072555285359,1883,0.9980265206044232,0.9225277371281014,0.924351926609527,0.9252640213502397,0.9238958792391705,0.9225277371281014,NaN,0.924351926609527,NaN,0.924351926609527,0.9980265206044232
new_preds,OFT-0286-00,slow,3.466538274612565,1884,1.0019733586062574,0.9420830036358621,0.9402275974146632,0.9392998943040639,0.9406914489699628,0.9420830036358621,NaN,0.9402275974146632,NaN,0.9402275974146632,1.0019733586062574
new_preds,OFT-0286-00,medium,4.218388413471976,1885,1.007833724546495,0.8867481028517739,0.8798555567792622,0.8764092837430064,0.8815786932973901,0.8867481028517739,NaN,0.8798555567792622,NaN,0.8798555567792622,1.007833724546495
new_preds,OFT-0287-00,fast,5.085228286183149,1886,0.9974152290941327,0.9185332686629084,0.9209136193931328,0.9221037947582451,0.9203185317105766,0.9185332686629084,NaN,0.9209136193931328,NaN,0.9209136193931328,0.9974152290941327
new_preds,OFT-0287-00,medium,4.155374446282394,1887,0.9959436718246497,0.974273076463972,0.97824114357695,0.980225177133439,0.9772491267987057,0.974273076463972,NaN,0.97824114357695,NaN,0.97824114357695,0.9959436718246497
new_preds,OFT-0287-00,slow,3.3365616206128466,1888,0.982398678697447,0.8183250917903873,0.8329867593830609,0.8403175931793978,0.8293213424848926,0.8183250917903873,NaN,0.8329867593830609,NaN,0.8329867593830609,0.982398678697447
new_preds,OFT-0288-00,fast,5.625367815440391,1889,0.9955399432731694,0.933165144013538,0.9373457592725477,0.9394360669020525,0.9363006054577951,0.933165144013538,NaN,0.9373457592725477,NaN,0.9373457592725477,0.9955399432731694
new_preds,OFT-0288-00,medium,4.4528863471655855,1890,1.0020492199721354,0.9552489193393194,0.9532954073512304,0.952318651357186,0.9537837853482527,0.9552489193393194,NaN,0.9532954073512304,NaN,0.9532954073512304,1.0020492199721354
new_preds,OFT-0288-00,slow,3.5706392077027997,1891,0.9787133302841367,0.869967386686316,0.8888888704864683,0.8983496123865443,0.8841584995364302,0.869967386686316,NaN,0.8888888704864683,NaN,0.8888888704864683,0.9787133302841367
new_preds,OFT-0289-00,fast,5.438603422668954,1892,0.9914890153916638,0.9111387747525808,0.918960029418639,0.9228706567516684,0.9170047157521244,0.9111387747525808,NaN,0.918960029418639,NaN,0.918960029418639,0.9914890153916638
new_preds,OFT-0289-00,medium,4.315907182333921,1893,0.9970363730572649,0.911839121849445,0.9145495054041258,0.9159046971814665,0.9138719095154557,0.911839121849445,NaN,0.9145495054041258,NaN,0.9145495054041258,0.9970363730572649
new_preds,OFT-0289-00,slow,3.4639984963103645,1894,0.9944430976485971,0.9259961584193506,0.9311705824183484,0.933757794417847,0.9298769764185988,0.9259961584193506,NaN,0.9311705824183484,NaN,0.9311705824183484,0.9944430976485971
new_preds,OFT-0290-00,fast,5.443445649613379,1895,1.0653333531910205,0.7795960460943742,0.7317860121052533,0.7078809951106928,0.7437385206025334,0.7795960460943742,NaN,0.7317860121052533,NaN,0.7317860121052533,1.0653333531910205
new_preds,OFT-0290-00,slow,3.5511293038783327,1896,1.0323125753154072,0.8184400155216676,0.7928218982236129,0.7800128395745856,0.7992264275481265,0.8184400155216676,NaN,0.7928218982236129,NaN,0.7928218982236129,1.0323125753154072
new_preds,OFT-0290-00,medium,4.395778244367539,1897,1.0260713070432874,0.7895030750625358,0.769442698224899,0.7594125098060807,0.7744577924343083,0.7895030750625358,NaN,0.769442698224899,NaN,0.769442698224899,1.0260713070432874
new_preds,OFT-0291-00,fast,5.0095310333062315,1898,0.9983055183587631,0.9883031755945089,0.9899806796814082,0.990819431724858,0.9895613036596835,0.9883031755945089,NaN,0.9899806796814082,NaN,0.9899806796814082,0.9983055183587631
new_preds,OFT-0291-00,medium,4.072090609824419,1899,0.9966242728917355,0.9460305400858791,0.9492348980633823,0.9508370770521338,0.9484338085690065,0.9460305400858791,NaN,0.9492348980633823,NaN,0.9492348980633823,0.9966242728917355
new_preds,OFT-0291-00,slow,3.2515697752501307,1900,0.9865248893496685,0.8295227281663247,0.8408533196898439,0.8465186154516035,0.8380206718089641,0.8295227281663247,NaN,0.8408533196898439,NaN,0.8408533196898439,0.9865248893496685
new_preds,OFT-0292-00,fast,4.778729123794374,1901,1.0033227680295163,0.8823878216814456,0.8794655616302002,0.8780044316045778,0.8801961266430116,0.8823878216814456,NaN,0.8794655616302002,NaN,0.8794655616302002,1.0033227680295163
new_preds,OFT-0292-00,medium,3.970926150369609,1902,0.999911230854949,0.9563230731125288,0.9564079726305792,0.9564504223896045,0.9563867477510666,0.9563230731125288,NaN,0.9564079726305792,NaN,0.9564079726305792,0.999911230854949
new_preds,OFT-0292-00,slow,3.279969961180649,1903,0.9896492410768529,0.8849594581347878,0.8942152647657765,0.8988431680812707,0.8919013131080293,0.8849594581347878,NaN,0.8942152647657765,NaN,0.8942152647657765,0.9896492410768529
new_preds,OFT-0293-00,fast,4.979054756014098,1904,0.9963660418526764,0.9080761177618971,0.9113880638418688,0.9130440368818546,0.9105600773218758,0.9080761177618971,NaN,0.9113880638418688,NaN,0.9113880638418688,0.9963660418526764
new_preds,OFT-0293-00,slow,3.2224948304040666,1905,0.9994188003789308,0.9129554938322259,0.9134864117886092,0.9137518707668011,0.9133536822995133,0.9129554938322259,NaN,0.9134864117886092,NaN,0.9134864117886092,0.9994188003789308
new_preds,OFT-0293-00,medium,4.104691199625897,1906,0.9892416084537491,0.8446572937746296,0.85384327403584,0.8584362641664453,0.8515467789705374,0.8446572937746296,NaN,0.85384327403584,NaN,0.85384327403584,0.9892416084537491
new_preds,OFT-0294-00,fast,5.4559911009239075,1907,0.9981280440415757,0.8968460040975315,0.8985280089577109,0.8993690113878006,0.898107507742666,0.8968460040975315,NaN,0.8985280089577109,NaN,0.8985280089577109,0.9981280440415757
new_preds,OFT-0294-00,slow,3.480260724079355,1908,1.0001281687242356,0.9554555057686587,0.9553330619488886,0.9552718400390037,0.9553636729038312,0.9554555057686587,NaN,0.9553330619488886,NaN,0.9553330619488886,1.0001281687242356
new_preds,OFT-0294-00,medium,4.3941167091331454,1909,0.996740323285772,0.8674430252847054,0.8702798562670407,0.8716982717582082,0.8695706485214569,0.8674430252847054,NaN,0.8702798562670407,NaN,0.8702798562670407,0.996740323285772
new_preds,OFT-0295-00,fast,5.220514727158062,1910,1.013297674039581,0.8830078230875882,0.8714199644487652,0.8656260351293539,0.8743169291084709,0.8830078230875882,NaN,0.8714199644487652,NaN,0.8714199644487652,1.013297674039581
new_preds,OFT-0295-00,slow,3.200818675028403,1911,0.9666814807296404,0.7099601659950868,0.7344302959638958,0.7466653609483005,0.7283127634716937,0.7099601659950868,NaN,0.7344302959638958,NaN,0.7344302959638958,0.9666814807296404
new_preds,OFT-0295-00,medium,4.060839493193853,1912,1.0021243634699237,0.8737452541385937,0.8718930364223373,0.8709669275642092,0.8723560908514015,0.8737452541385937,NaN,0.8718930364223373,NaN,0.8718930364223373,1.0021243634699237
new_preds,OFT-0296-00,medium,4.730355605066197,1913,0.9887679810122669,0.8698274157241093,0.8797083162357358,0.8846487664915488,0.8772380911078291,0.8698274157241093,NaN,0.8797083162357358,NaN,0.8797083162357358,0.9887679810122669
new_preds,OFT-0296-00,fast,5.960548856713143,1914,0.9899632448418441,0.8636166832751309,0.8723724721851686,0.8767503666401875,0.8701835249576592,0.8636166832751309,NaN,0.8723724721851686,NaN,0.8723724721851686,0.9899632448418441
new_preds,OFT-0296-00,slow,3.653502370478192,1915,0.9856901664699388,0.8961932287001965,0.9092037834867943,0.9157090608800933,0.9059511447901449,0.8961932287001965,NaN,0.9092037834867943,NaN,0.9092037834867943,0.9856901664699388
new_preds,OFT-0297-00,medium,3.8963929482824913,1916,0.9812980093372956,0.8046275215013803,0.819962451615257,0.8276299166721955,0.8161287190867879,0.8046275215013803,NaN,0.819962451615257,NaN,0.819962451615257,0.9812980093372956
new_preds,OFT-0297-00,fast,4.820822139511812,1917,0.994738832982067,0.8599897881775003,0.8645382684009523,0.8668125085126783,0.8634011483450892,0.8599897881775003,NaN,0.8645382684009523,NaN,0.8645382684009523,0.994738832982067
new_preds,OFT-0297-00,slow,3.2575321338408916,1918,1.005354934616107,0.937548248673489,0.9325544804049627,0.9300575962706996,0.9338029224720943,0.937548248673489,NaN,0.9325544804049627,NaN,0.9325544804049627,1.005354934616107
new_preds,OFT-0298-00,fast,5.129185294141068,1919,1.000809557028863,0.9148888070981015,0.9141487515508572,0.913778723777235,0.9143337654376682,0.9148888070981015,NaN,0.9141487515508572,NaN,0.9141487515508572,1.000809557028863
new_preds,OFT-0298-00,medium,4.14673370056207,1920,1.0018748725871183,0.9240605263872061,0.9223312727676521,0.9214666459578749,0.9227635861725405,0.9240605263872061,NaN,0.9223312727676521,NaN,0.9223312727676521,1.0018748725871183
new_preds,OFT-0298-00,slow,3.329941813299749,1921,1.0085523563446563,0.9807033510672762,0.9723871496584326,0.9682290489540106,0.9744662000106434,0.9807033510672762,NaN,0.9723871496584326,NaN,0.9723871496584326,1.0085523563446563
new_preds,OFT-0299-00,fast,5.004475504180576,1922,1.0098836583543642,0.838392405548005,0.8301871196868268,0.826084476756238,0.8322384411521214,0.838392405548005,NaN,0.8301871196868268,NaN,0.8301871196868268,1.0098836583543642
new_preds,OFT-0299-00,slow,3.35327096430968,1923,0.9902788901401082,0.7985434825638547,0.8063824146053178,0.8103018806260496,0.804422681594952,0.7985434825638547,NaN,0.8063824146053178,NaN,0.8063824146053178,0.9902788901401082
new_preds,OFT-0299-00,medium,4.0318708487509145,1924,0.9982205698226181,0.8755256756510351,0.8770863896409331,0.8778667466358824,0.8766962111434587,0.8755256756510351,NaN,0.8770863896409331,NaN,0.8770863896409331,0.9982205698226181
new_preds,OFT-0300-00,slow,3.90758335201072,1925,1.007173915117324,0.940526081754415,0.9338268869332808,0.9304772895227134,0.9355016856385643,0.940526081754415,NaN,0.9338268869332808,NaN,0.9338268869332808,1.007173915117324
new_preds,OFT-0300-00,fast,5.89240996877489,1926,1.002146119324796,0.8823893677951106,0.8804997103512485,0.8795548816293176,0.8809721247122141,0.8823893677951106,NaN,0.8804997103512485,NaN,0.8804997103512485,1.002146119324796
new_preds,OFT-0300-00,medium,4.895292559775558,1927,1.005562618317211,0.9074693425716117,0.9024493612245089,0.8999393705509577,0.9037043565612846,0.9074693425716117,NaN,0.9024493612245089,NaN,0.9024493612245089,1.005562618317211
new_preds,OFT-0301-00,slow,3.350707193595583,1928,1.0036836601292858,0.9150303257128467,0.9116720357836456,0.9099928908190448,0.9125116082659458,0.9150303257128467,NaN,0.9116720357836456,NaN,0.9116720357836456,1.0036836601292858
new_preds,OFT-0301-00,medium,4.112009437533821,1929,1.0036678784183386,0.9454758366398268,0.9420206195397869,0.9402930109897669,0.9428844238147968,0.9454758366398268,NaN,0.9420206195397869,NaN,0.9420206195397869,1.0036678784183386
new_preds,OFT-0301-00,fast,5.188501438220859,1930,0.9912183664962885,0.8162535453906408,0.8234850896436624,0.8271008617701732,0.821677203580407,0.8162535453906408,NaN,0.8234850896436624,NaN,0.8234850896436624,0.9912183664962885
new_preds,OFT-0302-00,slow,3.5909913399247775,1931,1.0047040484435137,0.9377826663016489,0.9333919453738249,0.9311965849099129,0.9344896256057809,0.9377826663016489,NaN,0.9333919453738249,NaN,0.9333919453738249,1.0047040484435137
new_preds,OFT-0302-00,medium,4.557998581355739,1932,1.0112826046556704,0.9181045374057557,0.9078614950747217,0.9027399739092045,0.9104222556574801,0.9181045374057557,NaN,0.9078614950747217,NaN,0.9078614950747217,1.0112826046556704
new_preds,OFT-0302-00,fast,5.648956119383001,1933,1.0129253390471686,0.8769076326992119,0.8657179348717795,0.8601230859580634,0.8685153593286377,0.8769076326992119,NaN,0.8657179348717795,NaN,0.8657179348717795,1.0129253390471686
new_preds,OFT-0303-00,fast,6.202252487299563,1934,1.011006338066724,0.8671616731606638,0.8577213025379008,0.8530011172265193,0.8600813951935915,0.8671616731606638,NaN,0.8577213025379008,NaN,0.8577213025379008,1.011006338066724
new_preds,OFT-0303-00,medium,4.888255080220903,1935,0.990177191413313,0.8899970611421163,0.8988260574572454,0.90324055561481,0.8966188083784631,0.8899970611421163,NaN,0.8988260574572454,NaN,0.8988260574572454,0.990177191413313
new_preds,OFT-0303-00,slow,3.7486768713267278,1936,1.0106189621247732,0.9627340144255456,0.952618197863068,0.9475602895818294,0.9551471520036875,0.9627340144255456,NaN,0.952618197863068,NaN,0.952618197863068,1.0106189621247732
new_preds,OFT-0304-00,slow,3.7118189261356984,1937,1.0055846827749644,0.9474019798916736,0.9421404244914188,0.9395096467912915,0.9434558133414825,0.9474019798916736,NaN,0.9421404244914188,NaN,0.9421404244914188,1.0055846827749644
new_preds,OFT-0304-00,medium,4.772048176857173,1938,1.0187315050708898,0.9626312808909125,0.9449312955369202,0.9360813028599241,0.9493562918754184,0.9626312808909125,NaN,0.9449312955369202,NaN,0.9449312955369202,1.0187315050708898
new_preds,OFT-0304-00,fast,5.827438795488818,1939,1.0115587246568205,0.7982779713167286,0.7891563305803634,0.7845955102121808,0.7914367407644547,0.7982779713167286,NaN,0.7891563305803634,NaN,0.7891563305803634,1.0115587246568205
new_preds,OFT-0305-00,slow,3.262387301688513,1940,0.9939890241497523,0.9182478586507693,0.9238008029678485,0.9265772751263879,0.9224125668885785,0.9182478586507693,NaN,0.9238008029678485,NaN,0.9238008029678485,0.9939890241497523
new_preds,OFT-0305-00,medium,3.970882591671882,1941,0.9986233067919672,0.8938168334003288,0.8950490413363928,0.8956651453044248,0.8947409893523768,0.8938168334003288,NaN,0.8950490413363928,NaN,0.8950490413363928,0.9986233067919672
new_preds,OFT-0305-00,fast,4.8219899360035345,1942,1.002017033686402,0.8451530151946427,0.8434517446129038,0.8426011093220345,0.8438770622583385,0.8451530151946427,NaN,0.8434517446129038,NaN,0.8434517446129038,1.002017033686402
new_preds,OFT-0306-00,medium,3.9586725722556952,1943,1.0046852532897574,0.9498309405521052,0.9454014950871067,0.9431867723546075,0.9465088564533563,0.9498309405521052,NaN,0.9454014950871067,NaN,0.9454014950871067,1.0046852532897574
new_preds,OFT-0306-00,fast,4.875472420005038,1944,1.005854342534011,0.9627148011588338,0.9571115423466807,0.9543099129406045,0.9585123570497192,0.9627148011588338,NaN,0.9571115423466807,NaN,0.9571115423466807,1.005854342534011
new_preds,OFT-0306-00,slow,3.243950183814439,1945,0.9869632646946837,0.9113490133264218,0.9233869647705145,0.9294059404925608,0.9203774769094912,0.9113490133264218,NaN,0.9233869647705145,NaN,0.9233869647705145,0.9869632646946837
new_preds,OFT-0307-00,slow,3.4485206326377913,1946,1.0141328485195327,0.8339172762859517,0.8222958929920611,0.8164852013451158,0.8252012388155338,0.8339172762859517,NaN,0.8222958929920611,NaN,0.8222958929920611,1.0141328485195327
new_preds,OFT-0307-00,medium,4.228701417595535,1947,1.0048179540049134,0.8809825757147605,0.8767583940985718,0.8746463032904774,0.8778144395026188,0.8809825757147605,NaN,0.8767583940985718,NaN,0.8767583940985718,1.0048179540049134
new_preds,OFT-0307-00,fast,5.078262649447762,1948,0.993188320227253,0.8274493512304479,0.8331243273593048,0.8359618154237334,0.8317055833270907,0.8274493512304479,NaN,0.8331243273593048,NaN,0.8331243273593048,0.993188320227253
new_preds,OFT-0308-00,slow,3.41287896301675,1949,1.0097562153058999,0.9544361235989629,0.945214408321143,0.9406035506822328,0.947519837140598,0.9544361235989629,NaN,0.945214408321143,NaN,0.945214408321143,1.0097562153058999
new_preds,OFT-0308-00,fast,5.022529597739789,1950,1.0240445739979513,0.8754706721886453,0.8549146144788778,0.8446365856239942,0.8600536289063196,0.8754706721886453,NaN,0.8549146144788778,NaN,0.8549146144788778,1.0240445739979513
new_preds,OFT-0308-00,medium,4.169607184629242,1951,1.0275067522838242,0.9404001598224869,0.9152252846341625,0.9026378470400003,0.9215190034312437,0.9404001598224869,NaN,0.9152252846341625,NaN,0.9152252846341625,1.0275067522838242
new_preds,OFT-0309-00,slow,3.8022803795373106,1952,1.008746100384329,0.9553060941693732,0.9470233330323703,0.9428819524638687,0.9490940233166211,0.9553060941693732,NaN,0.9470233330323703,NaN,0.9470233330323703,1.008746100384329
new_preds,OFT-0309-00,medium,4.617030431892684,1953,1.0194499460927278,0.7994532663480494,0.7842006068195252,0.7765742770552628,0.7880137717016563,0.7994532663480494,NaN,0.7842006068195252,NaN,0.7842006068195252,1.0194499460927278
new_preds,OFT-0309-00,fast,5.63759718091872,1954,1.0030681437091788,0.9313841180603231,0.9285352385095392,0.9271107987341471,0.9292474583972351,0.9313841180603231,NaN,0.9285352385095392,NaN,0.9285352385095392,1.0030681437091788
new_preds,OFT-0310-00,slow,3.503138149588555,1955,0.9994382101565195,0.8719149494942855,0.8724050577951559,0.8726501119455912,0.8722825307199382,0.8719149494942855,NaN,0.8724050577951559,NaN,0.8724050577951559,0.9994382101565195
new_preds,OFT-0310-00,medium,4.388134456351984,1956,1.0016597459069732,0.894814524464939,0.8933318206320761,0.8925904687156446,0.8937024965902918,0.894814524464939,NaN,0.8933318206320761,NaN,0.8933318206320761,1.0016597459069732
new_preds,OFT-0310-00,fast,5.462757612841684,1957,1.0239833725321306,0.8217578610290563,0.8025109421425407,0.7928874826992828,0.8073226718641696,0.8217578610290563,NaN,0.8025109421425407,NaN,0.8025109421425407,1.0239833725321306
new_preds,OFT-0311-00,slow,3.7425623868879385,1958,1.004028048700568,0.9671436794839733,0.9632636067644413,0.9613235704046754,0.9642336249443244,0.9671436794839733,NaN,0.9632636067644413,NaN,0.9632636067644413,1.004028048700568
new_preds,OFT-0311-00,fast,5.608927041423035,1959,0.9964223700939545,0.8947725978777615,0.8979852567876329,0.899591586242569,0.897182092060165,0.8947725978777615,NaN,0.8979852567876329,NaN,0.8979852567876329,0.9964223700939545
new_preds,OFT-0311-00,medium,4.689141551415935,1960,0.9975735745590072,0.9679357332001511,0.9702900697104392,0.9714672379655834,0.9697014855828672,0.9679357332001511,NaN,0.9702900697104392,NaN,0.9702900697104392,0.9975735745590072
new_preds,OFT-0312-00,fast,5.162493009800243,1961,1.0141407546862313,0.9359164744970018,0.922866446469325,0.9163414324554867,0.9261289534762442,0.9359164744970018,NaN,0.922866446469325,NaN,0.922866446469325,1.0141407546862313
new_preds,OFT-0312-00,medium,4.063049021621741,1962,0.9863131387972696,0.8317663608796588,0.8433086087588083,0.8490797326983832,0.8404230467890209,0.8317663608796588,NaN,0.8433086087588083,NaN,0.8433086087588083,0.9863131387972696
new_preds,OFT-0312-00,slow,3.350107979597255,1963,1.0172608246540635,0.8329376453615629,0.8188044060822034,0.8117377864425237,0.8223377159020433,0.8329376453615629,NaN,0.8188044060822034,NaN,0.8188044060822034,1.0172608246540635
new_preds,OFT-0313-00,fast,5.190464430384576,1964,0.991916097560764,0.8190085577492476,0.8256833010002399,0.8290206726257358,0.8240146151874916,0.8190085577492476,NaN,0.8256833010002399,NaN,0.8256833010002399,0.991916097560764
new_preds,OFT-0313-00,medium,4.072891740847476,1965,1.0136144102905096,0.8794737375297553,0.8676610440825239,0.861754697358908,0.8706142174443317,0.8794737375297553,NaN,0.8676610440825239,NaN,0.8676610440825239,1.0136144102905096
new_preds,OFT-0313-00,slow,3.269239650261854,1966,1.0242122607401771,0.9558904463166991,0.9332933054578909,0.9219947350284866,0.9389425906725929,0.9558904463166991,NaN,0.9332933054578909,NaN,0.9332933054578909,1.0242122607401771
new_preds,OFT-0314-00,fast,4.936029022708365,1967,1.0121269594759212,0.8721496943650088,0.8616998946620367,0.856474994810551,0.8643123445877798,0.8721496943650088,NaN,0.8616998946620367,NaN,0.8616998946620367,1.0121269594759212
new_preds,OFT-0314-00,slow,3.080468730427965,1968,0.9822330542507991,0.8852772340104853,0.9012904118623181,0.9092970007882347,0.8972871173993598,0.8852772340104853,NaN,0.9012904118623181,NaN,0.9012904118623181,0.9822330542507991
new_preds,OFT-0314-00,medium,3.902139205002509,1969,0.9779394725687758,0.6905486872294427,0.7061262037164354,0.7139149619599314,0.7022318245946871,0.6905486872294427,NaN,0.7061262037164354,NaN,0.7061262037164354,0.9779394725687758
new_preds,OFT-0315-00,fast,5.355828847201021,1970,1.0149999047321465,0.9265961501199145,0.912902696640586,0.9060559699009217,0.916326060010418,0.9265961501199145,NaN,0.912902696640586,NaN,0.912902696640586,1.0149999047321465
new_preds,OFT-0315-00,medium,4.017215101142058,1971,1.0142081685451192,0.8893578885660208,0.8768987631422887,0.8706692004304228,0.8800135444982218,0.8893578885660208,NaN,0.8768987631422887,NaN,0.8768987631422887,1.0142081685451192
new_preds,OFT-0315-00,slow,3.2633170623020016,1972,0.9956736759636101,0.9093471528104489,0.9132983775335682,0.9152739898951279,0.9123105713527885,0.9093471528104489,NaN,0.9132983775335682,NaN,0.9132983775335682,0.9956736759636101
new_preds,OFT-0316-00,fast,5.587583218760251,1973,1.0063254829413282,0.8936415349349701,0.8880243520446278,0.8852157605994566,0.8894286477672134,0.8936415349349701,NaN,0.8880243520446278,NaN,0.8880243520446278,1.0063254829413282
new_preds,OFT-0316-00,slow,3.4425246483161693,1974,0.9920478419108038,0.7749869757966352,0.7811991952967882,0.7843053050468647,0.7796461404217498,0.7749869757966352,NaN,0.7811991952967882,NaN,0.7811991952967882,0.9920478419108038
new_preds,OFT-0316-00,medium,4.282031080442991,1975,1.013898575405263,0.9822227960390424,0.9687584338960535,0.9620262528245591,0.9721245244318008,0.9822227960390424,NaN,0.9687584338960535,NaN,0.9687584338960535,1.013898575405263
new_preds,OFT-0317-00,fast,4.99605864483421,1976,1.0058565126625598,0.8303236201743405,0.8254891326163672,0.8230718888373805,0.8266977545058606,0.8303236201743405,NaN,0.8254891326163672,NaN,0.8254891326163672,1.0058565126625598
new_preds,OFT-0317-00,medium,4.030911507061289,1977,1.0064536500260346,0.8510580128636734,0.8456008012307955,0.8428721954143563,0.8469651041390149,0.8510580128636734,NaN,0.8456008012307955,NaN,0.8456008012307955,1.0064536500260346
new_preds,OFT-0317-00,slow,3.2717459745132182,1978,1.003501714174386,0.8364446659324097,0.833525896485967,0.8320665117627458,0.8342555888475779,0.8364446659324097,NaN,0.833525896485967,NaN,0.833525896485967,1.003501714174386
new_preds,OFT-0318-00,medium,4.018610809887329,1979,0.9934816911243183,0.9026984694684035,0.9086211427276774,0.9115824793573143,0.9071404744128588,0.9026984694684035,NaN,0.9086211427276774,NaN,0.9086211427276774,0.9934816911243183
new_preds,OFT-0318-00,fast,5.118387493131598,1980,1.0020773067718243,0.9642038831132591,0.9622050879681391,0.9612056903955793,0.9627047867544192,0.9642038831132591,NaN,0.9622050879681391,NaN,0.9622050879681391,1.0020773067718243
new_preds,OFT-0318-00,slow,3.234718342417344,1981,1.0047163976064317,0.9599875515603942,0.9554811226803936,0.9532279082403934,0.9566077299003938,0.9599875515603942,NaN,0.9554811226803936,NaN,0.9554811226803936,1.0047163976064317
new_preds,OFT-0319-00,fast,5.284927128086995,1982,1.0031482278162807,0.916985347252671,0.9141075285043619,0.9126686191302072,0.9148269831914392,0.916985347252671,NaN,0.9141075285043619,NaN,0.9141075285043619,1.0031482278162807
new_preds,OFT-0319-00,slow,3.369278504758388,1983,0.9987819908182252,0.869862252310535,0.8709230445754472,0.8714534407079033,0.8706578465092192,0.869862252310535,NaN,0.8709230445754472,NaN,0.8709230445754472,0.9987819908182252
new_preds,OFT-0319-00,medium,4.167771874699025,1984,0.9993177139716545,0.9133577666538434,0.9139813633682378,0.9142931617254348,0.9138254641896393,0.9133577666538434,NaN,0.9139813633682378,NaN,0.9139813633682378,0.9993177139716545
new_preds,OFT-0320-00,medium,4.395180285430666,1985,1.011072392029279,0.8222104625876662,0.8132063233745742,0.8087042537680281,0.8154573581778473,0.8222104625876662,NaN,0.8132063233745742,NaN,0.8132063233745742,1.011072392029279
new_preds,OFT-0320-00,fast,5.275700105681268,1986,1.0049430540500084,0.966196085091803,0.9614436173253282,0.9590673834420906,0.9626317342669468,0.966196085091803,NaN,0.9614436173253282,NaN,0.9614436173253282,1.0049430540500084
new_preds,OFT-0320-00,slow,3.5572569223596564,1987,1.0204097946242763,0.9138079573462948,0.8955303664865024,0.8863915710566064,0.9000997642014505,0.9138079573462948,NaN,0.8955303664865024,NaN,0.8955303664865024,1.0204097946242763
new_preds,OFT-0321-00,fast,5.271153129630347,1988,0.9990705614122452,0.9651877225209946,0.9660856397936947,0.9665345984300451,0.9658611604755197,0.9651877225209946,NaN,0.9660856397936947,NaN,0.9660856397936947,0.9990705614122452
new_preds,OFT-0321-00,medium,4.195884996812822,1989,0.9990034031196415,0.8475818119628564,0.8484273520150855,0.8488501220411997,0.8482159670020282,0.8475818119628564,NaN,0.8484273520150855,NaN,0.8484273520150855,0.9990034031196415
new_preds,OFT-0321-00,slow,3.3727879034106985,1990,0.996261184404836,0.8223468443889895,0.8254329861102212,0.8269760569708371,0.8246614506799133,0.8223468443889895,NaN,0.8254329861102212,NaN,0.8254329861102212,0.996261184404836
new_preds,OFT-0322-00,medium,4.380673078851817,1991,1.0113676293397726,0.8442667541451115,0.8347773150464134,0.8300325954970643,0.8371496748210878,0.8442667541451115,NaN,0.8347773150464134,NaN,0.8347773150464134,1.0113676293397726
new_preds,OFT-0322-00,fast,5.625039092608936,1992,1.0119538605737932,0.7535629932957841,0.744661414571315,0.7402106252090804,0.7468868092524323,0.7535629932957841,NaN,0.744661414571315,NaN,0.744661414571315,1.0119538605737932
new_preds,OFT-0322-00,slow,3.293190109600149,1993,0.9919903800096064,0.9426751756832739,0.9502866103138471,0.9540923276291335,0.9483837516562037,0.9426751756832739,NaN,0.9502866103138471,NaN,0.9502866103138471,0.9919903800096064
new_preds,OFT-0323-00,slow,3.5383327776019198,1994,0.9880335617426641,0.9521481501484929,0.9636799669731081,0.9694458753854158,0.9607970127669543,0.9521481501484929,NaN,0.9636799669731081,NaN,0.9636799669731081,0.9880335617426641
new_preds,OFT-0323-00,medium,4.331984617894143,1995,1.000347218104248,0.9631841372039526,0.9628498183153615,0.9626826588710662,0.9629333980375094,0.9631841372039526,NaN,0.9628498183153615,NaN,0.9628498183153615,1.000347218104248
new_preds,OFT-0323-00,fast,5.217993482100252,1996,1.0181387409036935,0.9293514275200958,0.9127944848608839,0.9045160135312782,0.9169337205256869,0.9293514275200958,NaN,0.9127944848608839,NaN,0.9127944848608839,1.0181387409036935
new_preds,OFT-0324-00,fast,5.2456393396162335,1997,0.9984172919405353,0.9527932991744333,0.9543036833051773,0.9550588753705493,0.9539260872724913,0.9527932991744333,NaN,0.9543036833051773,NaN,0.9543036833051773,0.9984172919405353
new_preds,OFT-0324-00,slow,3.4759483523581864,1998,0.9851152501742015,0.8586819633506405,0.871656350055282,0.8781435434076025,0.8684127533791215,0.8586819633506405,NaN,0.871656350055282,NaN,0.871656350055282,0.9851152501742015
new_preds,OFT-0324-00,medium,4.358332041637447,1999,0.9939317335789425,0.8928280999783595,0.8982790968585642,0.9010045952986667,0.8969163476385131,0.8928280999783595,NaN,0.8982790968585642,NaN,0.8982790968585642,0.9939317335789425
new_preds,OFT-0325-00,fast,5.049682884156934,2000,1.0087945710406931,0.8820677112139848,0.8743779323713307,0.8705330429500036,0.8763003770819942,0.8820677112139848,NaN,0.8743779323713307,NaN,0.8743779323713307,1.0087945710406931
new_preds,OFT-0325-00,medium,4.076098463522791,2001,0.9980013060008857,0.9692956661507082,0.9712368714574087,0.9722074741107591,0.9707515701307337,0.9692956661507082,NaN,0.9712368714574087,NaN,0.9712368714574087,0.9980013060008857
new_preds,OFT-0325-00,slow,3.160366098704432,2002,0.9901637940540661,0.9232974984516052,0.9324694600994371,0.9370554409233531,0.9301764696874792,0.9232974984516052,NaN,0.9324694600994371,NaN,0.9324694600994371,0.9901637940540661
new_preds,OFT-0326-00,fast,4.723611328957812,2003,1.0069409048699625,0.8223730237868532,0.8167043565412168,0.8138700229183986,0.8181215233526258,0.8223730237868532,NaN,0.8167043565412168,NaN,0.8167043565412168,1.0069409048699625
new_preds,OFT-0326-00,slow,3.051194671673571,2004,0.987492727368291,0.8442623102654953,0.8549554714347004,0.8603020520193027,0.8522821811423991,0.8442623102654953,NaN,0.8549554714347004,NaN,0.8549554714347004,0.987492727368291
new_preds,OFT-0326-00,medium,3.813981775519451,2005,1.0031160200392013,0.8674661265590119,0.8647714812939701,0.8634241586614488,0.8654451426102304,0.8674661265590119,NaN,0.8647714812939701,NaN,0.8647714812939701,1.0031160200392013
new_preds,OFT-0327-00,medium,4.444399751288772,2006,1.0058604874309878,0.8202855600758076,0.815506295680083,0.8131166634822208,0.8167011117790142,0.8202855600758076,NaN,0.815506295680083,NaN,0.815506295680083,1.0058604874309878
new_preds,OFT-0327-00,slow,3.4211994934456786,2007,0.9917200909846454,0.9333964877094019,0.9411894507276383,0.9450859322367562,0.939241209973079,0.9333964877094019,NaN,0.9411894507276383,NaN,0.9411894507276383,0.9917200909846454
new_preds,OFT-0327-00,fast,5.659133798889108,2008,1.002812623068396,0.9165007634824398,0.9139302222564171,0.9126449516434056,0.9145728575629226,0.9165007634824398,NaN,0.9139302222564171,NaN,0.9139302222564171,1.002812623068396
new_preds,OFT-0328-00,fast,6.273070232129403,2009,0.9901695963162763,0.6274400100026596,0.6336692343785569,0.6367838465665053,0.6321119282845826,0.6274400100026596,NaN,0.6336692343785569,NaN,0.6336692343785569,0.9901695963162763
new_preds,OFT-0328-00,medium,5.14885192441246,2010,0.9949669030994621,0.8376842805008364,0.8419217542727621,0.8440404911587249,0.8408623858297807,0.8376842805008364,NaN,0.8419217542727621,NaN,0.8419217542727621,0.9949669030994621
new_preds,OFT-0328-00,slow,3.976430074751474,2011,1.008507258658349,0.9050254957135874,0.897391157023077,0.8935739876778217,0.8992997416957045,0.9050254957135874,NaN,0.897391157023077,NaN,0.897391157023077,1.008507258658349
new_preds,OFT-0329-00,fast,5.201064383091208,2012,0.999069134229782,0.9335775526118627,0.9344473977084587,0.9348823202567569,0.9342299364343096,0.9335775526118627,NaN,0.9344473977084587,NaN,0.9344473977084587,0.999069134229782
new_preds,OFT-0329-00,medium,4.112203369946747,2013,0.999138767916916,0.9945411239985584,0.9953983930300861,0.9958270275458498,0.9951840757722041,0.9945411239985584,NaN,0.9953983930300861,NaN,0.9953983930300861,0.999138767916916
new_preds,OFT-0329-00,slow,3.257502284101431,2014,0.9933695824938759,0.9744274892039951,0.9809314744243264,0.9841834670344919,0.9793054781192436,0.9744274892039951,NaN,0.9809314744243264,NaN,0.9809314744243264,0.9933695824938759
new_preds,OFT-0330-00,fast,5.316555479558488,2015,1.0001737057719446,0.9575709285379882,0.95740462182909,0.957321468474641,0.9574461985063145,0.9575709285379882,NaN,0.95740462182909,NaN,0.95740462182909,1.0001737057719446
new_preds,OFT-0330-00,medium,4.25482159554875,2016,0.9977636649339187,0.9626552001772637,0.9648128449746863,0.9658916673733975,0.9642734337753306,0.9626552001772637,NaN,0.9648128449746863,NaN,0.9648128449746863,0.9977636649339187
new_preds,OFT-0330-00,slow,3.480895008927532,2017,0.9857268618920914,0.7747890043450532,0.7860078022606126,0.7916172012183923,0.7832031027817227,0.7747890043450532,NaN,0.7860078022606126,NaN,0.7860078022606126,0.9857268618920914
new_preds,OFT-0331-00,fast,5.858642867689242,2018,0.9912337795421211,0.8792093410971775,0.8869848457982427,0.8908725981487753,0.8850409696229764,0.8792093410971775,NaN,0.8869848457982427,NaN,0.8869848457982427,0.9912337795421211
new_preds,OFT-0331-00,slow,3.579465392055653,2019,0.9950088313492973,0.8400489826817078,0.844262840906192,0.846369770018434,0.8432093763500709,0.8400489826817078,NaN,0.844262840906192,NaN,0.844262840906192,0.9950088313492973
new_preds,OFT-0331-00,medium,4.6939611451620165,2020,1.0113928548023414,0.9401365907639013,0.9295464035561475,0.9242513099522705,0.9321939503580858,0.9401365907639013,NaN,0.9295464035561475,NaN,0.9295464035561475,1.0113928548023414
new_preds,OFT-0332-00,medium,4.320010455617617,2021,0.9964063053330354,0.9781545018385789,0.981682368531022,0.9834463018772437,0.9808004018579113,0.9781545018385789,NaN,0.981682368531022,NaN,0.981682368531022,0.9964063053330354
new_preds,OFT-0332-00,fast,5.4795898188420535,2022,1.0012705876113641,0.963116337830983,0.9618941670189254,0.9612830816128968,0.9621997097219398,0.963116337830983,NaN,0.9618941670189254,NaN,0.9618941670189254,1.0012705876113641
new_preds,OFT-0332-00,slow,3.3192964198685333,2023,1.0149248019406196,0.7088986963251734,0.6984741085937607,0.693261814728054,0.7010802555266138,0.7088986963251734,NaN,0.6984741085937607,NaN,0.6984741085937607,1.0149248019406196
new_preds,OFT-0333-00,fast,4.448614657244882,2024,0.9971447335136393,0.8931718482802203,0.8957293944009014,0.8970081674612418,0.8950900078707311,0.8931718482802203,NaN,0.8957293944009014,NaN,0.8957293944009014,0.9971447335136393
new_preds,OFT-0333-00,medium,3.727700142980385,2025,1.0021922552905531,0.8813342327197544,0.8794063494975224,0.8784424078864065,0.8798883203030805,0.8813342327197544,NaN,0.8794063494975224,NaN,0.8794063494975224,1.0021922552905531
new_preds,OFT-0333-00,slow,3.1544835897213304,2026,0.9905493954787503,0.669437933706946,0.6758248874437954,0.6790183643122202,0.6742281490095832,0.669437933706946,NaN,0.6758248874437954,NaN,0.6758248874437954,0.9905493954787503
new_preds,OFT-0334-00,fast,5.014670004205512,2027,1.0049529357866875,0.9670424817327546,0.9622763885711164,0.9598933419902974,0.9634679118615259,0.9670424817327546,NaN,0.9622763885711164,NaN,0.9622763885711164,1.0049529357866875
new_preds,OFT-0334-00,slow,3.149560406867926,2028,0.9983343159228244,0.9388016949172909,0.9403680510065372,0.9411512290511603,0.9399764619842257,0.9388016949172909,NaN,0.9403680510065372,NaN,0.9403680510065372,0.9983343159228244
new_preds,OFT-0334-00,medium,3.928946576954649,2029,0.9999268034174267,0.9291432905140901,0.929211305606149,0.9292453131521785,0.9291943018331343,0.9291432905140901,NaN,0.929211305606149,NaN,0.929211305606149,0.9999268034174267
new_preds,OFT-0335-00,fast,5.238282219802009,2030,1.00358909147058,0.9571970213470872,0.9537738397938207,0.9520622490171873,0.9546296351821373,0.9571970213470872,NaN,0.9537738397938207,NaN,0.9537738397938207,1.00358909147058
new_preds,OFT-0335-00,slow,3.4353272828746357,2031,0.9758389203745794,0.6983152953345584,0.7156050868175123,0.7242499825589892,0.7112826389467739,0.6983152953345584,NaN,0.7156050868175123,NaN,0.7156050868175123,0.9758389203745794
new_preds,OFT-0335-00,medium,4.199777772771943,2032,1.005383905492659,0.9836573793276028,0.9783898209963787,0.9757560418307665,0.9797067105791847,0.9836573793276028,NaN,0.9783898209963787,NaN,0.9783898209963787,1.005383905492659
new_preds,OFT-0336-00,medium,5.1928130521831894,2033,1.004167480703926,0.8387961545573541,0.8353149954321905,0.8335744158696085,0.8361852852134813,0.8387961545573541,NaN,0.8353149954321905,NaN,0.8353149954321905,1.004167480703926
new_preds,OFT-0336-00,fast,6.135270724891523,2034,1.0006697645630092,0.9909163773775373,0.9902531409153438,0.9899215226842467,0.990418950030892,0.9909163773775373,NaN,0.9902531409153438,NaN,0.9902531409153438,1.0006697645630092
new_preds,OFT-0336-00,slow,3.809006170476244,2035,1.0072179797983836,0.9890834399863079,0.9819954169049824,0.9784514053643196,0.9837674226753138,0.9890834399863079,NaN,0.9819954169049824,NaN,0.9819954169049824,1.0072179797983836
new_preds,OFT-0337-00,medium,4.554570946727289,2036,0.9958216713953005,0.9191823484741639,0.9230391091873377,0.9249674895439246,0.9220749190090443,0.9191823484741639,NaN,0.9230391091873377,NaN,0.9230391091873377,0.9958216713953005
new_preds,OFT-0337-00,fast,6.346808727834901,2037,0.9969593244707292,0.9486595793612749,0.9515529431101957,0.9529996249846564,0.9508296021729656,0.9486595793612749,NaN,0.9515529431101957,NaN,0.9515529431101957,0.9969593244707292
new_preds,OFT-0337-00,slow,3.383906666569377,2038,1.0108890044542929,0.9528576728781882,0.9425937651706562,0.9374618113168901,0.9451597420975393,0.9528576728781882,NaN,0.9425937651706562,NaN,0.9425937651706562,1.0108890044542929
new_preds,OFT-0338-00,fast,4.533575297278591,2039,0.9919823839970744,0.8595416535596696,0.8664888282554467,0.8699624156033354,0.8647520345815025,0.8595416535596696,NaN,0.8664888282554467,NaN,0.8664888282554467,0.9919823839970744
new_preds,OFT-0338-00,medium,3.6826106786222508,2040,0.9924830879039608,0.9011415715896097,0.9079666772889233,0.9113792301385804,0.906260400864095,0.9011415715896097,NaN,0.9079666772889233,NaN,0.9079666772889233,0.9924830879039608
new_preds,OFT-0338-00,slow,3.0926166520995597,2041,0.9753905947567552,0.9276886259057532,0.9510944957769477,0.9627974307125445,0.9452430283091489,0.9276886259057532,NaN,0.9510944957769477,NaN,0.9510944957769477,0.9753905947567552
new_preds,OFT-0339-00,fast,5.106620399265588,2042,1.0304073877747213,0.9872238725890148,0.9580908331034329,0.9435243133606424,0.9653740929748283,0.9872238725890148,NaN,0.9580908331034329,NaN,0.9580908331034329,1.0304073877747213
new_preds,OFT-0339-00,slow,3.2339420249008577,2043,0.9591642853066181,0.7942967827786023,0.8281133846895558,0.8450216856450324,0.8196592342118174,0.7942967827786023,NaN,0.8281133846895558,NaN,0.8281133846895558,0.9591642853066181
new_preds,OFT-0339-00,medium,4.150505833189794,2044,0.9905542975157092,0.8342377300538775,0.8421928329886906,0.846170384456097,0.8402040572549873,0.8342377300538775,NaN,0.8421928329886906,NaN,0.8421928329886906,0.9905542975157092
new_preds,OFT-0340-00,medium,4.430502999226956,2045,0.9917793250437689,0.7983733955932348,0.8049909646563779,0.8082997491879493,0.8033365723905921,0.7983733955932348,NaN,0.8049909646563779,NaN,0.8049909646563779,0.9917793250437689
new_preds,OFT-0340-00,fast,5.388851183866587,2046,1.0058938636286634,0.9362163574253904,0.9307307572670558,0.9279879571878887,0.9321021573066395,0.9362163574253904,NaN,0.9307307572670558,NaN,0.9307307572670558,1.0058938636286634
new_preds,OFT-0340-00,slow,3.4506282733569194,2047,0.9951343915875714,0.8965167371767842,0.9009001645964027,0.9030918783062118,0.8998043077414979,0.8965167371767842,NaN,0.9009001645964027,NaN,0.9009001645964027,0.9951343915875714
new_preds,OFT-0341-00,fast,5.0991185564001515,2048,0.9902158718191388,0.8182528907960274,0.826337886599216,0.8303803845008104,0.8243166376484189,0.8182528907960274,NaN,0.826337886599216,NaN,0.826337886599216,0.9902158718191388
new_preds,OFT-0341-00,slow,3.229313304382366,2049,0.9915038648726308,0.8159572588812889,0.8229491460289036,0.8264450896027109,0.821201174242,0.8159572588812889,NaN,0.8229491460289036,NaN,0.8229491460289036,0.9915038648726308
new_preds,OFT-0341-00,medium,3.858924076307476,2050,0.99499141607657,0.7683550380024323,0.7722227806066854,0.774156651908812,0.7712558449556222,0.7683550380024323,NaN,0.7722227806066854,NaN,0.7722227806066854,0.99499141607657
new_preds,OFT-0342-00,fast,5.141160479262268,2051,0.9929118806487067,0.8672613393516435,0.8734524747402851,0.8765480424346058,0.8719046908931247,0.8672613393516435,NaN,0.8734524747402851,NaN,0.8734524747402851,0.9929118806487067
new_preds,OFT-0342-00,medium,4.073340868581356,2052,0.9955791962839248,0.9491133820374209,0.9533278573719287,0.9554350950391826,0.9522742385383016,0.9491133820374209,NaN,0.9533278573719287,NaN,0.9533278573719287,0.9955791962839248
new_preds,OFT-0342-00,slow,3.347452541126516,2053,0.9895812550105023,0.9102103807936336,0.9197934744468999,0.9245850212735331,0.9173977010335834,0.9102103807936336,NaN,0.9197934744468999,NaN,0.9197934744468999,0.9895812550105023
new_preds,OFT-0343-00,fast,5.614820886363782,2054,0.9977155060825544,0.9748297019644449,0.9770617936890961,0.9781778395514217,0.9765037707579332,0.9748297019644449,NaN,0.9770617936890961,NaN,0.9770617936890961,0.9977155060825544
new_preds,OFT-0343-00,slow,3.523455064201008,2055,0.9890983155779614,0.7947248405767966,0.8034841714520703,0.8078638368897071,0.8012943387332517,0.7947248405767966,NaN,0.8034841714520703,NaN,0.8034841714520703,0.9890983155779614
new_preds,OFT-0343-00,medium,4.48617859811245,2056,0.995882473739713,0.9565461081209472,0.9605009961958153,0.9624784402332494,0.9595122741770983,0.9565461081209472,NaN,0.9605009961958153,NaN,0.9605009961958153,0.995882473739713
new_preds,OFT-0344-00,fast,5.312659712064391,2057,1.001991844820412,0.8496906721089118,0.8480015845450347,0.8471570407630964,0.848423856436004,0.8496906721089118,NaN,0.8480015845450347,NaN,0.8480015845450347,1.001991844820412
new_preds,OFT-0344-00,medium,4.483533797064069,2058,0.9906257425410446,0.6515609819947885,0.6577266812423789,0.660809530866174,0.6561852564304813,0.6515609819947885,NaN,0.6577266812423789,NaN,0.6577266812423789,0.9906257425410446
new_preds,OFT-0344-00,slow,3.5312491697897825,2059,0.9991521658054754,0.8689487328788724,0.8696860824780995,0.8700547572777131,0.8695017450782927,0.8689487328788724,NaN,0.8696860824780995,NaN,0.8696860824780995,0.9991521658054754
new_preds,OFT-0345-00,slow,3.274553979815448,2060,0.9896508523620887,0.9659283858513963,0.9760294588196717,0.9810799953038097,0.973504190577603,0.9659283858513963,NaN,0.9760294588196717,NaN,0.9760294588196717,0.9896508523620887
new_preds,OFT-0345-00,medium,4.0845544204448485,2061,0.9975910474892562,0.9322345250023849,0.9344856565710358,0.9356112223553615,0.9339228736788732,0.9322345250023849,NaN,0.9344856565710358,NaN,0.9344856565710358,0.9975910474892562
new_preds,OFT-0345-00,fast,4.995687368005977,2062,0.9958899040904345,0.9053864994688575,0.9091230825316624,0.9109913740630649,0.9081889367659611,0.9053864994688575,NaN,0.9091230825316624,NaN,0.9091230825316624,0.9958899040904345
new_preds,OFT-0346-00,fast,4.733237687062788,2063,1.0004914370929048,0.9138520294516401,0.913403149263316,0.9131787091691539,0.9135153693103971,0.9138520294516401,NaN,0.913403149263316,NaN,0.913403149263316,1.0004914370929048
new_preds,OFT-0346-00,medium,3.563521088297648,2064,1.0015854819009795,0.9396054783360459,0.938118109053161,0.9373744244117186,0.9384899513738822,0.9396054783360459,NaN,0.938118109053161,NaN,0.938118109053161,1.0015854819009795
new_preds,OFT-0346-00,slow,2.883107300923097,2065,0.9919762961315071,0.973924005158672,0.9818016911863366,0.9857405342001688,0.9798322696794204,0.973924005158672,NaN,0.9818016911863366,NaN,0.9818016911863366,0.9919762961315071
new_preds,OFT-0347-00,medium,4.448700203031869,2066,0.99836173552516,0.9537019790335809,0.9552669589564275,0.956049448917851,0.9548757139757159,0.9537019790335809,NaN,0.9552669589564275,NaN,0.9552669589564275,0.99836173552516
new_preds,OFT-0347-00,slow,3.55838447530293,2067,0.9998657621717296,0.7938186895261082,0.7939252643294008,0.7939785517310471,0.7938986206285776,0.7938186895261082,NaN,0.7939252643294008,NaN,0.7939252643294008,0.9998657621717296
new_preds,OFT-0347-00,fast,5.762181594983411,2068,0.9968809399739144,0.9103769581324606,0.913225362856554,0.9146495652186004,0.9125132616755306,0.9103769581324606,NaN,0.913225362856554,NaN,0.913225362856554,0.9968809399739144
new_preds,OFT-0348-00,medium,4.153706642228228,2069,1.0167121322750727,0.9560281192916068,0.9403134760990067,0.9324561545027069,0.9442421368971567,0.9560281192916068,NaN,0.9403134760990067,NaN,0.9403134760990067,1.0167121322750727
new_preds,OFT-0348-00,fast,4.924426636109719,2070,1.003696346148733,0.6833170004534248,0.6808005260509011,0.679542288849639,0.681429644651532,0.6833170004534248,NaN,0.6808005260509011,NaN,0.6808005260509011,1.003696346148733
new_preds,OFT-0348-00,slow,3.328895277034396,2071,0.9860483647272764,0.9463519137304084,0.9597418824300293,0.9664368667798398,0.956394390255124,0.9463519137304084,NaN,0.9597418824300293,NaN,0.9597418824300293,0.9860483647272764
new_preds,OFT-0349-00,fast,5.0182297318720535,2072,0.9793631261578927,0.6007367768153612,0.6133953390425183,0.619724620156097,0.6102306984857291,0.6007367768153612,NaN,0.6133953390425183,NaN,0.6133953390425183,0.9793631261578927
new_preds,OFT-0349-00,slow,3.369513024144955,2073,0.9984050512222725,0.9098015804639283,0.9112549854892324,0.9119816880018843,0.9108916342329063,0.9098015804639283,NaN,0.9112549854892324,NaN,0.9112549854892324,0.9984050512222725
new_preds,OFT-0349-00,medium,4.020229759490754,2074,1.0030434132239754,0.8729273879716658,0.8702787700543374,0.8689544610956731,0.8709409245336696,0.8729273879716658,NaN,0.8702787700543374,NaN,0.8702787700543374,1.0030434132239754
new_preds,OFT-0350-00,medium,3.9905050454266977,2075,0.9846138381627049,0.8077336995395401,0.8203558270588355,0.8266668908184831,0.8172002951790116,0.8077336995395401,NaN,0.8203558270588355,NaN,0.8203558270588355,0.9846138381627049
new_preds,OFT-0350-00,fast,4.950638011780393,2076,0.9994605127012288,0.8632202091248777,0.8636861568366155,0.8639191306924842,0.8635696699086809,0.8632202091248777,NaN,0.8636861568366155,NaN,0.8636861568366155,0.9994605127012288
new_preds,OFT-0350-00,slow,3.163203332407012,2077,0.999552888281281,0.9339920534259589,0.9344098390150689,0.9346187318096237,0.9343053926177913,0.9339920534259589,NaN,0.9344098390150689,NaN,0.9344098390150689,0.999552888281281
new_preds,OFT-0351-00,fast,5.642268623118245,2078,0.9975205465911288,0.9353524504851177,0.9376773778560644,0.9388398415415377,0.9370961460133276,0.9353524504851177,NaN,0.9376773778560644,NaN,0.9376773778560644,0.9975205465911288
new_preds,OFT-0351-00,medium,4.514928373241963,2079,1.0092778079645723,0.915899941655296,0.9074805117358191,0.9032707967760809,0.9095853692156883,0.915899941655296,NaN,0.9074805117358191,NaN,0.9074805117358191,1.0092778079645723
new_preds,OFT-0351-00,slow,3.6620622095784925,2080,0.999489133045143,0.9505706047321404,0.9510564680538721,0.9512993997147379,0.9509350022234392,0.9505706047321404,NaN,0.9510564680538721,NaN,0.9510564680538721,0.999489133045143
new_preds,OFT-0352-00,slow,3.426677676313915,2081,0.9869194543403353,0.9360648569721512,0.9484713801673149,0.9546746417648966,0.9453697493685238,0.9360648569721512,NaN,0.9484713801673149,NaN,0.9484713801673149,0.9869194543403353
new_preds,OFT-0352-00,medium,4.447896822788594,2082,1.0064166937637302,0.7797414190808734,0.7747699575260901,0.7722842267486985,0.7760128229147859,0.7797414190808734,NaN,0.7747699575260901,NaN,0.7747699575260901,1.0064166937637302
new_preds,OFT-0352-00,fast,5.43888970132042,2083,0.9989687406519957,0.9796185048392142,0.9806297884755111,0.9811354302936595,0.9803769675664369,0.9796185048392142,NaN,0.9806297884755111,NaN,0.9806297884755111,0.9989687406519957
new_preds,OFT-0353-00,fast,5.243883872631072,2084,0.9977777840425477,0.9195815031029194,0.9216295630247328,0.9226535929856393,0.9211175480442793,0.9195815031029194,NaN,0.9216295630247328,NaN,0.9216295630247328,0.9977777840425477
new_preds,OFT-0353-00,slow,3.2889471659403777,2085,0.9888882471509685,0.8796027371569818,0.889486491209858,0.8944283682362961,0.8870155526966391,0.8796027371569818,NaN,0.889486491209858,NaN,0.889486491209858,0.9888882471509685
new_preds,OFT-0353-00,medium,4.0663943524942905,2086,0.9934769082933067,0.8311209082824114,0.8365779831865376,0.8393065206386008,0.835213714460506,0.8311209082824114,NaN,0.8365779831865376,NaN,0.8365779831865376,0.9934769082933067
new_preds,OFT-0354-00,fast,4.413592146813463,2087,1.0021808621790373,0.8999821027584649,0.8980236369727095,0.8970444040798314,0.8985132534191482,0.8999821027584649,NaN,0.8980236369727095,NaN,0.8980236369727095,1.0021808621790373
new_preds,OFT-0354-00,medium,3.667100408926975,2088,0.9956192954384256,0.9465858690112043,0.9507508274981461,0.9528333067416168,0.9497095878764106,0.9465858690112043,NaN,0.9507508274981461,NaN,0.9507508274981461,0.9956192954384256
new_preds,OFT-0354-00,slow,3.1515077872705537,2089,0.9905950426281697,0.9165121350646823,0.9252137307623342,0.9295645286111602,0.9230383318379212,0.9165121350646823,NaN,0.9252137307623342,NaN,0.9252137307623342,0.9905950426281697
new_preds,OFT-0355-00,fast,6.919835200696327,2090,0.973889176556881,0.611581073312826,0.6279780985707525,0.6361766111997156,0.6238788422562707,0.611581073312826,NaN,0.6279780985707525,NaN,0.6279780985707525,0.973889176556881
new_preds,OFT-0355-00,slow,3.6726650853493523,2091,1.0042461961105962,0.9646184981997905,0.960539857592409,0.9585005372887182,0.9615595177442544,0.9646184981997905,NaN,0.960539857592409,NaN,0.960539857592409,1.0042461961105962
new_preds,OFT-0355-00,medium,5.078192456390153,2092,1.005422626464977,0.887926005637465,0.8831370831183448,0.8807426218587848,0.884334313748125,0.887926005637465,NaN,0.8831370831183448,NaN,0.8831370831183448,1.005422626464977
new_preds,OFT-0356-00,fast,5.011276650253335,2093,1.003238930869755,0.847447883137251,0.8447119196247285,0.8433439378684671,0.845395910502859,0.847447883137251,NaN,0.8447119196247285,NaN,0.8447119196247285,1.003238930869755
new_preds,OFT-0356-00,slow,3.250688390515308,2094,0.9613146292333173,0.7604451360908154,0.7910470859028719,0.8063480608089004,0.7833965984498579,0.7604451360908154,NaN,0.7910470859028719,NaN,0.7910470859028719,0.9613146292333173
new_preds,OFT-0356-00,medium,3.9710172836897026,2095,0.9996736308565449,0.9500894837957282,0.9503996649203083,0.950554755482598,0.9503221196391632,0.9500894837957282,NaN,0.9503996649203083,NaN,0.9503996649203083,0.9996736308565449
new_preds,OFT-0357-00,fast,5.531862862373483,2096,0.9996477360064281,0.9467292474108643,0.9470628635573446,0.9472296716305848,0.9469794595207247,0.9467292474108643,NaN,0.9470628635573446,NaN,0.9470628635573446,0.9996477360064281
new_preds,OFT-0357-00,slow,3.4721322006318713,2097,1.0106375332026225,0.9095208663500796,0.8999476434126557,0.8951610319439438,0.9023409491470115,0.9095208663500796,NaN,0.8999476434126557,NaN,0.8999476434126557,1.0106375332026225
new_preds,OFT-0357-00,medium,4.338450007723492,2098,1.0034395417550912,0.9093592517700202,0.9062421939038624,0.9046836649707835,0.9070214583704018,0.9093592517700202,NaN,0.9062421939038624,NaN,0.9062421939038624,1.0034395417550912
new_preds,OFT-0358-00,slow,3.455330527134343,2099,0.9961514399753859,0.9064518363374878,0.9099538483424624,0.9117048543449499,0.9090783453412188,0.9064518363374878,NaN,0.9099538483424624,NaN,0.9099538483424624,0.9961514399753859
new_preds,OFT-0358-00,fast,5.940149436858328,2100,0.990119851474852,0.8802147314581273,0.8889981653705726,0.893389882326795,0.8868023068924611,0.8802147314581273,NaN,0.8889981653705726,NaN,0.8889981653705726,0.990119851474852
new_preds,OFT-0358-00,medium,4.5253871895236815,2101,0.9863381200456607,0.9063643890961692,0.9189185439311732,0.9251956213486753,0.9157800052224223,0.9063643890961692,NaN,0.9189185439311732,NaN,0.9189185439311732,0.9863381200456607
new_preds,OFT-0359-00,fast,5.451398562178167,2102,1.0057631894191614,0.9455997154901169,0.9401812727270427,0.9374720513455055,0.9415358834178112,0.9455997154901169,NaN,0.9401812727270427,NaN,0.9401812727270427,1.0057631894191614
new_preds,OFT-0359-00,medium,4.483344745122737,2103,0.9926305167482021,0.8219463843108487,0.82804867515407,0.8310998205756809,0.8265231024432648,0.8219463843108487,NaN,0.82804867515407,NaN,0.82804867515407,0.9926305167482021
new_preds,OFT-0359-00,slow,3.6722761143539393,2104,0.9621788066070126,0.7568162791186948,0.7865651102704083,0.8014395258462652,0.77912790248248,0.7568162791186948,NaN,0.7865651102704083,NaN,0.7865651102704083,0.9621788066070126
