group,subject,speed_bin,mean_speed,model_index,diagonal_dominance,self_gain,cross_gain,fore_hind_coupling,left_right_coupling,angle_angle_coupling,radius_radius_coupling,radius_to_angle_coupling,angle_to_radius_coupling,angle_radius_cross_coupling,angle_selectivity
Cntnap_het,OFT-0366-00,slow,3.5569772413601464,1,2.068753608018491,0.6606098658305792,0.3193274748960218,0.3251992671070132,0.36198777376284164,0.32989037940128446,0.7966475300946783,0.14310477427962168,0.17830841127578206,0.16070659277770188,2.052749508899158
Cntnap_het,OFT-0366-00,fast,5.913322054027955,2,1.9873027789939943,0.7254669179323365,0.36505102574232795,0.3552196514067102,0.41010301226607904,0.3252510944402124,0.8932484677974688,0.12468998341610314,0.29722250341053197,0.21095624341331756,1.5417941141612093
Cntnap_het,OFT-0366-00,medium,4.720387524680251,3,2.0344802644837094,0.7807986350589574,0.3837828504358094,0.37588309895851524,0.43340982351370283,0.47097259540031144,0.8603077480432858,0.15741094995950902,0.244948000651705,0.201179475305607,2.3410568830884366
Cntnap_het,OFT-0371-00,fast,5.098992039646725,4,1.7209244412679308,0.6226532651988388,0.3618132500576752,0.3731508503181308,0.39441825195032065,0.22349123079822386,0.963783008162759,0.10412125087215209,0.28627751796814754,0.1951993844201498,1.1449381946675523
Cntnap_het,OFT-0371-00,medium,4.024962798169464,5,1.830574733311641,0.61124081515314,0.33390650708226566,0.35770512066874244,0.368573295591125,0.20555947482914658,0.9636779332601783,0.08077099406522231,0.2242847802099528,0.15252788713758755,1.3476845361643406
Cntnap_het,OFT-0371-00,slow,3.1711303647870133,6,1.7634183590456922,0.7677250854368631,0.4353618535832486,0.4307820713827777,0.47690725756495045,0.3979693996869891,0.9408878975051829,0.26075948418034467,0.3080122488872851,0.2843858665338149,1.3993993602339183
Cntnap_het,OFT-0376-00,fast,5.204279806465986,7,1.6944704766370648,0.7160699079311683,0.42259214179542287,0.38885138654900014,0.45927686256239136,0.3327012620708109,0.8947962511027501,0.13339601325937633,0.4762139238166279,0.3048049685380021,1.0915217808509272
Cntnap_het,OFT-0376-00,slow,3.339187654518954,8,1.7584750753848082,0.6506639302461473,0.3700160095267555,0.37887497868888786,0.40509699961667933,0.27904360139965717,0.8763878638689813,0.16669305374763763,0.29826347945044135,0.23247826659903947,1.2002997333119745
Cntnap_het,OFT-0376-00,medium,4.039729611148411,9,1.6920754017757145,0.6136815310146295,0.36267977796415796,0.37925267060613854,0.39405499709546704,0.21673715917318237,0.9117749811939709,0.08542807483052979,0.36227977318418514,0.22385392400735746,0.9682079960593356
Cntnap_het,OFT-0385-00,medium,4.235110503765973,10,1.7016836823981676,0.6235025551820677,0.3664033225630812,0.38207382619581676,0.3985407266404545,0.25390618179727764,0.9287801674931524,0.12232737144501743,0.2891491858263703,0.20573827863569386,1.2341222230544464
Cntnap_het,OFT-0385-00,fast,5.631290101739387,11,1.7242186814065341,0.6874632712031931,0.3987100236278578,0.4009842753990741,0.4348041795747748,0.3046267876330473,0.9620427426295689,0.1324349762303829,0.3401122118061,0.23627359401824144,1.2892967955171861
Cntnap_het,OFT-0385-00,slow,3.3243946429041,12,1.4082588394095215,0.6347203624582064,0.45071285526199334,0.4585914047468726,0.4737137936615201,0.3319318363300015,0.8688677817865992,0.18558159947688713,0.5084739570525926,0.34702777826473985,0.9564993269120319
Cntnap_het,OFT-0391-00,slow,3.93755107980959,13,1.913922784776872,0.6897798536432934,0.3604010878232525,0.3507988202400669,0.4015734335507575,0.2861435539747862,0.9048535352135411,0.10364218404701807,0.3116544609676847,0.20764832250735138,1.3780200606467978
Cntnap_het,OFT-0391-00,fast,6.38312149685913,14,2.079558380224155,0.6501289830727186,0.3126283874764994,0.3125155752216841,0.3548159619260268,0.21068838168398388,0.9248832280189758,0.03784655538990214,0.24584568261124534,0.14184611900057376,1.485330604520323
Cntnap_het,OFT-0391-00,medium,5.093760309029038,15,1.8340992828356077,0.6412227331148449,0.3496117898936654,0.3576334765549462,0.38606315779631273,0.3520887854600827,0.8198583102237449,0.11477673149534852,0.257528804006075,0.18615276775071174,1.891396994599542
Cntnap_het,OFT-0403-00,medium,5.295256598957239,16,1.7838207223865703,0.6653339583389842,0.3729825256480008,0.37091028320657715,0.4095264547343739,0.3801790746629184,0.7763873920466365,0.13855547309657706,0.3429838791313635,0.2407696761139703,1.5790156002990905
Cntnap_het,OFT-0403-00,fast,6.9048632913996855,17,1.7776510166088297,0.7835484947673433,0.44077745713109356,0.4242941916834644,0.4836238368356246,0.3822494459125343,0.9356153905475189,0.1967296169174345,0.4199008939650104,0.30831525544122246,1.2398006234414396
Cntnap_het,OFT-0403-00,slow,3.8337888979884895,18,1.7048014430688214,0.5510959506565225,0.32326107705803675,0.32853883819971963,0.35174043625784746,0.17514116934282378,0.8118084922846344,0.11193296191035312,0.30807912149357847,0.2100060417019658,0.8339815746414516
Cntnap_het,OFT-0407-00,fast,6.431405795170391,19,1.7044762215755613,0.6600329115903273,0.38723503633287104,0.38946011936337677,0.42133477074005327,0.25917820892825805,0.8953965796009977,0.08956313905377535,0.44120115537718196,0.26538214721547865,0.9766226238188386
Cntnap_het,OFT-0407-00,medium,4.931123002230912,20,1.7824169682365292,0.7536027502880102,0.422798236168949,0.41693198131633225,0.4641488004338314,0.3569389653365904,0.9418612304832067,0.19949534014969253,0.3582996657658359,0.2788975029577642,1.2798213019162263
Cntnap_het,OFT-0407-00,slow,3.6194524640806165,21,1.8090966428582338,0.5702015816161915,0.3151858049525297,0.3293553039990142,0.34706277703548727,0.21698012699907515,0.8430140629461943,0.07528231828722659,0.25297459990945304,0.1641284590983398,1.3220140382178849
Cntnap_het,OFT-0419-00,fast,6.15438378537604,22,1.9113568579653406,0.6182972505989075,0.32348603455300934,0.3328126182520625,0.3603374365587466,0.18035422736734802,0.9346978110843817,0.07288216139881758,0.2534155463844395,0.16314885389162856,1.1054581326519652
Cntnap_het,OFT-0419-00,slow,3.610904247392094,23,1.5370663104035835,0.6146817597448221,0.39990581771545475,0.40484711346414115,0.42675281046912533,0.30080717861861056,0.8552765806534043,0.15606586699356095,0.3948616156109257,0.2754637413022433,1.092002806600089
Cntnap_het,OFT-0419-00,medium,4.798318318768427,24,1.8733878809000473,0.6501006121239726,0.3470186920455786,0.3532243423228891,0.38490393205537776,0.2217922223041306,0.9175439941733479,0.10619309479157976,0.29408641695245274,0.20013975587201627,1.1081867335041642
Cntnap_het,OFT-0420-00,medium,5.1145163691582605,25,1.8303787401951797,0.5974525982451458,0.32640927537294134,0.31896891977213454,0.3602896907319669,0.2584110342752122,0.7856743089038475,0.1125949625530558,0.28447845719575215,0.19853670987440397,1.3015781033073694
Cntnap_het,OFT-0420-00,fast,6.260797074478718,26,1.867343727560427,0.6351066868519448,0.34011236253845656,0.35436577676163705,0.37698665307764256,0.3251738153539751,0.8138769069676483,0.18557037442067528,0.18332551556827195,0.18444794499447362,1.7629571062107408
Cntnap_het,OFT-0420-00,slow,3.826474227591128,27,1.8664423021374428,0.854059934890658,0.45758710778929074,0.4145146527277909,0.5071462111769618,0.5133344807938314,0.8378476557933904,0.2596602698192147,0.4177424383014101,0.33870135406031243,1.515596187142559
Cntnap_het,OFT-0421-00,slow,3.93695947028603,28,1.8054513292774792,0.7426541954856647,0.41133991453697416,0.4146785983798392,0.45275419965556063,0.3839516037937424,0.930786577147927,0.11861024288399366,0.37766837479657966,0.24813930884028668,1.547322774405205
Cntnap_het,OFT-0421-00,fast,6.956761347020027,29,2.1262789026930373,0.5633003675886074,0.26492308552521476,0.25994494713105765,0.3022202457831389,0.24789537449774712,0.7150074845603007,0.06215229042390283,0.18382583365060481,0.12298906203725382,2.015588788071729
Cntnap_het,OFT-0421-00,medium,5.170442210426303,30,1.9362834945214416,0.6578112464483841,0.33972878884192736,0.34110935043858115,0.3794890960427344,0.3365667564929823,0.8302378831572734,0.11255161172019736,0.23860013280048462,0.175575872260341,1.9169305677372726
Cntnap_het,OFT-0423-00,slow,4.097935889076577,31,1.6744332824371755,0.7029937823694242,0.4198398286411274,0.4264719082714439,0.45523407285716455,0.4718958317557222,0.860521724278263,0.15972791633757583,0.32879081905709723,0.24425936769733653,1.9319456862774311
Cntnap_het,OFT-0423-00,fast,6.3643241607321075,32,1.5424375366167384,0.6741582071319128,0.43707326301890054,0.4402103248823855,0.4667088810330272,0.40153083819084257,0.8386321513272639,0.13712136122628357,0.4895511733877187,0.31333626730700115,1.2814693991277748
Cntnap_het,OFT-0423-00,medium,5.221947514559912,33,1.6904439727152198,0.6678194938349175,0.3950556804093628,0.4123583050709542,0.42915115708755713,0.367330359871336,0.8917379094713025,0.11357225658705031,0.34396410242053976,0.22876817950379502,1.6056881716158535
Cntnap_het,OFT-0425-00,slow,3.782798184798144,34,1.5126018974755886,0.6880090736856694,0.4548513887453807,0.434467194875719,0.48399609936291677,0.3876105211524569,0.8439802457724691,0.21139835450384412,0.492995276022897,0.35219681526337054,1.1005508975502922
Cntnap_het,OFT-0425-00,medium,5.125755498798034,35,1.6124033038900154,0.6274269161186636,0.3891252979976909,0.3852165170021505,0.4189130002628125,0.36579133052234347,0.7709857546232541,0.18491469987104944,0.3539602160346035,0.2694374579528265,1.357611273880066
Cntnap_het,OFT-0425-00,fast,6.519962144661278,36,1.3991630819732266,0.6131591769450379,0.4382328156345472,0.4185442019832374,0.46009861079835856,0.4106980600855961,0.6954500611894481,0.21039600291264127,0.5238503190057486,0.36712316095919495,1.118692863213946
Cntnap_het,OFT-0428-00,slow,4.430128398957388,37,1.7284049391107499,0.7169231378975134,0.4147888736457583,0.43762279819091354,0.45255565667722775,0.409611424407184,0.952210740749174,0.13211909944783917,0.3162813621047138,0.2242002307762765,1.826989307677941
Cntnap_het,OFT-0428-00,medium,5.944877764522171,38,2.16648887041876,0.6618530454963959,0.3054957053014847,0.2923194368706124,0.35004037282584866,0.302639851156502,0.7878041597059132,0.07204294294914261,0.23767453749183684,0.15485874022048973,1.9542962232909795
Cntnap_het,OFT-0428-00,fast,7.437161332343741,39,1.8550379047521814,0.817537957502161,0.44071226545172815,0.4044580289944202,0.4878154769580322,0.593558520910163,0.7299282715903439,0.16749665897318106,0.4602784563584411,0.3138875576658111,1.8909909182896354
Cntnap_het,OFT-0430-00,fast,6.632092121799728,40,2.1730041981088544,0.7233548169432417,0.33288238355580296,0.311293241475396,0.38169143772923275,0.3078684537577047,0.8884475094835294,0.08369968182455993,0.2467501058511371,0.16522489383784852,1.8633297114407372
Cntnap_het,OFT-0430-00,medium,5.026986921337118,41,1.8830135937121484,0.7348415479413861,0.3902476064937636,0.36470780042085177,0.4333218491747162,0.5006218794190749,0.7220288675107953,0.15333854340053965,0.35729810636845494,0.2553183248844973,1.9607753561972088
Cntnap_het,OFT-0430-00,slow,3.9111070815308797,42,2.076647401714125,0.7258569363290283,0.34953306744798607,0.34713753438355843,0.3965735510581163,0.35078188806397836,0.8958394759603125,0.11515878414007115,0.22451405606810312,0.16983642010408714,2.065410280368579
Cntnap_het,OFT-0431-00,medium,4.424980265263586,43,1.7480357530898523,0.5807976213689832,0.3322572895562103,0.36125586518540076,0.3633248310328068,0.31603890676250257,0.8102614061003633,0.11557115800825568,0.21142785326010588,0.16349950563418078,1.9329655189882868
Cntnap_het,OFT-0431-00,slow,3.524328694159909,44,1.5175804623161369,0.6384159129662746,0.42068010811889467,0.4376906906631027,0.4478970837248173,0.3321447015136888,0.9123636295226459,0.14380204624610396,0.4032779576168304,0.27354000193146716,1.2142454455231908
Cntnap_het,OFT-0431-00,fast,5.743615736948633,45,1.488897346362788,0.702584384752017,0.471882354057755,0.47590426332585917,0.5007201078945378,0.3679761695387962,0.9257736726307407,0.12123944604852767,0.5878911433600866,0.35456529470430714,1.0378234278277945
Cntnap_het,OFT-0432-00,fast,5.6210405467231155,46,1.7111797616293216,0.6210762733228546,0.36295209144566376,0.3656819957371221,0.39521761418031254,0.25611294286200564,0.8793100384580471,0.07467810233533638,0.37076937306586066,0.22272373770059853,1.149913096404171
Cntnap_het,OFT-0432-00,slow,3.572182468493087,47,1.7355622735106346,0.5593973425792881,0.322314762839226,0.33801008185982495,0.35195008530673383,0.2345740586842448,0.8490035283563415,0.08207799853511617,0.24214475565123295,0.16211137709317455,1.4469931900548958
Cntnap_het,OFT-0432-00,medium,4.513786940438647,48,1.8788543524297654,0.6373753642498681,0.3392361751860136,0.3374023154642857,0.37650357381899524,0.22384846163220878,0.893134899956846,0.12566326263659922,0.2633676710503271,0.19451546684346316,1.1508003207392832
Cntnap_het,OFT-0434-00,medium,4.953600231532177,49,1.8111350116674936,0.6610633955006933,0.3649995120419316,0.36708760086225645,0.4020074974742769,0.3459052807442685,0.840661394041477,0.10427080016666343,0.31719251494469847,0.21073165755568096,1.6414490578040988
Cntnap_het,OFT-0434-00,fast,6.306725025082445,50,1.4500420442253588,0.6420114488206004,0.44275367833460005,0.4415459226927586,0.46766089964534974,0.32562455006884405,0.864918522016906,0.13444950490949684,0.5456510215861524,0.3400502632478246,0.9575777032453956
Cntnap_het,OFT-0434-00,slow,3.853572247081635,51,1.599825463723653,0.7475462978563875,0.4672674081061604,0.47156874422975026,0.5023022693249386,0.6064556220658989,0.7455605313783743,0.24726039851226447,0.4099325253432168,0.3285964619277406,1.8455938889544719
Cntnap_het,OFT-0436-00,fast,6.004958978671024,52,1.5487275521570054,0.5404172061276431,0.3489427209937421,0.361782466881335,0.37287703163547964,0.21696233262232628,0.8195142305832138,0.11624379458340339,0.3387877687529753,0.22751578166818934,0.9536144307507675
Cntnap_het,OFT-0436-00,slow,3.848251277016427,53,1.5260313917517436,0.6070048396790275,0.3977669417286638,0.4013923550263349,0.42392167897245925,0.18712642841606839,0.9281538146693901,0.127396355990029,0.45301011681434966,0.2902032364021893,0.6448116524680381
Cntnap_het,OFT-0436-00,medium,4.947163929699946,54,1.7281718456010842,0.6551276289387997,0.3790870859320917,0.3884267177412777,0.41359215380793013,0.24855462387757282,0.9488821137520939,0.08192078017020059,0.375011097431853,0.2284659388010268,1.087928577808885
Cntnap_het,OFT-0439-00,fast,5.974850456375612,55,1.2460301215562095,0.5811853936660256,0.4664296501437408,0.4704559970368034,0.4807741180840265,0.19973914579187496,0.9256060127786716,0.1207581354144597,0.6769931783510994,0.39887565688277954,0.5007554167452584
Cntnap_het,OFT-0439-00,slow,3.4915501818672725,56,1.435752651888533,0.4882423712566492,0.3400602259828211,0.3479462867800889,0.35858299414204964,0.11413500484148327,0.812886085848591,0.0831537328583537,0.4241571530197705,0.2536554429390621,0.44996079531753996
Cntnap_het,OFT-0439-00,medium,4.655769030794689,57,1.4119961981805056,0.5565916297682765,0.39418776798797256,0.4036556415038746,0.41448825071051043,0.1621292910549867,0.9146314544831773,0.08337671656581885,0.4978155407380587,0.2905961286519388,0.5579196522923293
Cntnap_het,OFT-0442-00,fast,5.9532459112192875,58,2.0527869329413,0.7132321341634559,0.34744576883169925,0.3464340776189374,0.3931690644981688,0.3133478224793035,0.8930064488073318,0.07777272993844622,0.2885492567675939,0.18316099335302005,1.7107781342688206
Cntnap_het,OFT-0442-00,medium,4.780366457350533,59,1.9551096835955495,0.7059054313528148,0.36105669020810005,0.3542187857731512,0.40416278285118945,0.2939799519773864,0.9477666339826336,0.09043146524486234,0.28447308019987544,0.1874522727223689,1.5682922789247433
Cntnap_het,OFT-0442-00,slow,3.84071768984217,60,1.9510895599247804,0.6916821302007079,0.35451070233155985,0.3508559547094928,0.39665713081520326,0.31417211639439707,0.8704784410485052,0.1333895910685167,0.26858837474939423,0.20098898290895545,1.563131032593521
Cntnap_het,OFT-0443-00,fast,5.469728380248349,61,1.8281080325257706,0.6312316161699454,0.3452922939667938,0.3619974471950247,0.3810347092421879,0.22956370761160635,0.9634247337629203,0.0780961404560768,0.25305425513814833,0.16557519779711255,1.3864619258549948
Cntnap_het,OFT-0443-00,slow,3.316955961436398,62,1.5486591179506255,0.5501401995626025,0.3552364708191013,0.374990990344224,0.37959943691203896,0.1951494324744093,0.8468749661360185,0.08022561062124588,0.3961477384164821,0.238186674518864,0.8193129731905039
Cntnap_het,OFT-0443-00,medium,4.1812180444374185,63,1.5949362345302374,0.6193622791433093,0.3883304333641479,0.4017523652914549,0.417209414086543,0.25392692030020914,0.9487334577117028,0.10301720550600821,0.36316007282825186,0.23308863916713002,1.0894006726691539
Cntnap_het,OFT-0444-00,fast,5.906841188241731,64,1.543583596117236,0.6484044361544237,0.420064347525741,0.4265458548680574,0.44860685860432636,0.2519779661468743,0.9583362704313162,0.07053407164542955,0.5135791261936854,0.2920565989195575,0.8627710076712828
Cntnap_het,OFT-0444-00,medium,4.394346820493563,65,1.8542130065735536,0.6841162725925121,0.3689523642468173,0.3828936010424777,0.40834785279002916,0.2971952715038414,0.9719363896987342,0.14282182522715722,0.22143792473038415,0.1821298749787707,1.631776618407512
Cntnap_het,OFT-0444-00,slow,3.5048198949107467,66,1.5976156592100068,0.6270804301037695,0.3925101926040521,0.41444158338141146,0.42183147229151674,0.2743160608134663,0.9295993182109102,0.12992589494074644,0.353484615200944,0.24170525507084523,1.134919721679459
Cntnap_het,OFT-0446-00,fast,6.296518682232021,67,1.5925148205788142,0.6056927906045255,0.3803373022201331,0.3785674080306202,0.40850673826818196,0.27442484307491055,0.8297071527616817,0.13596794667268933,0.39392701056344637,0.26494747861806783,1.0357707289998586
Cntnap_het,OFT-0446-00,medium,4.855388597204951,68,1.6410647249280788,0.6698154285756601,0.40815905576485745,0.4296978896915459,0.4408661023662077,0.37661104705429743,0.909794042576132,0.07613792999074914,0.40092138984365244,0.2385296599172008,1.5788856077060938
Cntnap_het,OFT-0446-00,slow,3.775955744729649,69,1.5153712208118264,0.5698128325708252,0.37602194415805296,0.36577712235800514,0.4002458052096495,0.17980152495706575,0.8389793301847872,0.11813815532926551,0.4640642103674796,0.29110118284837255,0.6176598913056287
Cntnap_het,OFT-0447-00,fast,5.68079539705648,70,1.8705354961269494,0.5844491061073551,0.3124501552189148,0.3229652504146179,0.34645002407996983,0.18906303054571225,0.8753289369449732,0.08602815969064305,0.23537996913855094,0.160704064414597,1.1764670124207472
Cntnap_het,OFT-0447-00,medium,4.188865910182956,71,1.7369746119957834,0.7403270975035607,0.4262164181276807,0.4365441848899729,0.46548025304966567,0.4459843511265169,0.8909577036360103,0.2173255072974109,0.30765345013872464,0.26248947871806777,1.6990561042849859
Cntnap_het,OFT-0447-00,slow,3.4198335140017027,72,1.4801111754855596,0.49613547839105465,0.33520149473116057,0.34408023307657376,0.3553182426886473,0.1438958386161892,0.8032390565577694,0.08186150462947418,0.3922765709511564,0.2370690377903153,0.6069786251187442
Cntnap_het,OFT-0448-00,fast,5.652551281838583,73,1.5749413638403347,0.6631650670389747,0.4210728616727127,0.42248659201389216,0.4513343873434954,0.28912398571162085,0.9359851772232413,0.115006588197897,0.46522179824122245,0.2901141932195597,0.9965868353528313
Cntnap_het,OFT-0448-00,slow,3.404352953209256,74,1.6669320029882537,0.5975128227822976,0.35845062768676594,0.356367612586879,0.3883334020737075,0.21869326364403593,0.8615975373278882,0.11747513282980301,0.35556767449310267,0.23652140366145286,0.9246235658108329
Cntnap_het,OFT-0448-00,medium,4.4547029833433385,75,1.8187976157799595,0.6087592362267499,0.33470421939479733,0.3352001341019406,0.3689610964987915,0.3033304891124585,0.805616049068106,0.09732689823879598,0.2695709495758051,0.18344892390730053,1.6534874266459907
Cntnap_het,OFT-0450-00,fast,6.257038414365995,76,2.135721277001754,0.5994325639436517,0.28066984694986463,0.29193706926461493,0.32051518657408806,0.1856512296430068,0.902724352954234,0.038060966051747656,0.15562419764736374,0.0968425818495557,1.9170413065960459
Cntnap_het,OFT-0450-00,slow,3.9275720755549632,77,1.9031722456489273,0.5529871126115549,0.29056072768810376,0.2988421765784732,0.3233640258035353,0.2643948246154651,0.7509053659773983,0.07733563992316123,0.20082027269811625,0.13907795631063874,1.9010548589377012
Cntnap_het,OFT-0450-00,medium,4.965929161233841,78,1.5744562063831131,0.6508759975567839,0.41339733357969694,0.4254115073358039,0.44308216657683275,0.2876058702800802,0.9427023435297655,0.15538133606491566,0.38663911643257,0.2710102262487428,1.0612362280975527
Cntnap_het,OFT-0452-00,fast,6.643743213856514,79,2.376274112896568,0.6318042213156425,0.26588019365556376,0.2485957462488515,0.3116206971130736,0.2916106722607001,0.7025082074194611,0.06956608996648606,0.18279781880564727,0.12618195438606666,2.3110330924855327
Cntnap_het,OFT-0452-00,slow,3.8218494859733245,80,2.2054928618172656,0.6811957222037368,0.3088632631721375,0.3019931882904643,0.3554048205510876,0.3176456657741534,0.8174825989359521,0.1302875405953816,0.15620347689886302,0.14324550874712233,2.217491274612368
Cntnap_het,OFT-0452-00,medium,4.952767544399643,81,1.4729800316065509,0.7277136556159959,0.4940417656730164,0.48292817483527356,0.5232507519158888,0.46896477353938265,0.8621145071222831,0.18293764399416843,0.5789860830077209,0.3809618635009447,1.2310018888234984
Cntnap_het,OFT-0454-00,medium,4.617704872705976,82,1.2425510809230882,0.5817985642035252,0.46822909185456457,0.4788969299229105,0.4824252758981847,0.29596942045698066,0.8326122391575381,0.15127419134490705,0.6498452526333129,0.40055972198911,0.7388896192239398
Cntnap_het,OFT-0454-00,slow,3.636402004512568,83,1.4298404267580236,0.758487037879684,0.5304697109449159,0.5134692987033811,0.558971876811762,0.48503153346076,0.8414283787122834,0.3036918975146325,0.605735697559372,0.45471379753700225,1.0666743258902116
Cntnap_het,OFT-0454-00,fast,5.874069008379256,84,1.587462985455457,0.5980511847695646,0.37673393978252573,0.3810463909329775,0.4043985954059056,0.17298656151896274,0.9298772706566665,0.1266579494387433,0.38807260000924976,0.2573652747239965,0.6721441410636182
Cntnap_het,OFT-0492-00,slow,3.7307265992224954,85,2.0213398979447064,0.7336518797427171,0.36295324724391603,0.37880465385662065,0.40929057630626614,0.42757014395765314,0.8733342045527366,0.14547392050030492,0.19078403621436996,0.16812897835733742,2.5431079647013943
Cntnap_het,OFT-0492-00,medium,4.6657738375345845,86,2.2456049772047737,0.778182429424813,0.3465357608858967,0.3576195920297789,0.4004915944532612,0.47474610492570907,0.8869952288119564,0.09911676060008354,0.14110828347529578,0.12011252203768966,3.9525113358017765
Cntnap_het,OFT-0492-00,fast,5.621725455223562,87,1.4927788967397702,0.732117679848167,0.49043946256683585,0.5010551089065729,0.5206492397270022,0.44279949074529823,0.9363427749945628,0.16749700633311537,0.5359576868350319,0.3517273465840736,1.258928243839168
Cntnap_het,OFT-0493-00,slow,4.013606677161986,88,2.364261197763147,0.7391947711455658,0.3126535984454365,0.31327951506197327,0.36597124503295275,0.420887636188191,0.8241867883190637,0.06499305633880778,0.15381749928574848,0.10940527781227813,3.847050568349788
Cntnap_het,OFT-0493-00,fast,6.320744339012983,89,2.361031583831259,0.6318462122964809,0.2676144684482283,0.2728983106956451,0.3131434364292597,0.2633050170942325,0.8375862141696631,0.033456311334779755,0.1182262031183638,0.07584125722657178,3.471791300975174
Cntnap_het,OFT-0493-00,medium,5.220266689496695,90,2.2151569306700027,0.7454406572336274,0.33651821544226185,0.3288742749239556,0.3876335206661825,0.4615535577710042,0.777818642978962,0.09945315867699571,0.2117087232377676,0.15558094095738165,2.9666458817564147
Cntnap_het,OFT-0494-00,slow,3.7115423871588327,91,2.02806185384444,0.7282404146596826,0.3590819546648508,0.3222865328173337,0.4052267621642047,0.4017055837054805,0.772003566190185,0.16643212126861012,0.28076577749254344,0.22359894938057678,1.7965450411028414
Cntnap_het,OFT-0494-00,medium,4.708198260195809,92,2.366922301404672,0.8367232643354136,0.3535068573391075,0.3332435320952335,0.4139089082136459,0.45211205597575443,0.8815518053913212,0.09225771636124483,0.22971405512626294,0.1609858857437539,2.8083956173362608
Cntnap_het,OFT-0494-00,fast,5.616294328578502,93,1.9994265401894227,0.6547145366710692,0.32745115837516214,0.3258341651028415,0.3683590806621505,0.31288308599600784,0.7977817131573757,0.13311865751082433,0.22965286598439427,0.1813857617476093,1.7249594619856192
Cntnap_het,OFT-0496-00,medium,4.661665949047134,94,2.45629261411758,0.8385610048049497,0.34139295944844167,0.30143538661328806,0.40353896511800524,0.4841243086708982,0.8294919908979921,0.12051706528797611,0.18002249561515477,0.15026978045156544,3.2217010447216285
Cntnap_het,OFT-0496-00,slow,3.5691931826014827,95,1.641652244154816,0.845169819631754,0.5148287785315209,0.542588162715943,0.55612140866905,0.7315226295677717,0.855083702169268,0.24398241441017296,0.3938968885289876,0.31893965146958025,2.2936082929705672
Cntnap_het,OFT-0496-00,fast,6.266650372470847,96,2.0578439333178604,0.6997341512997903,0.34003266232712287,0.35150578659526455,0.3849953484487063,0.38097017847361264,0.8871254824254093,0.11330114990531673,0.15858458299048675,0.13594286644790174,2.8024286115786317
Cntnap_het,OFT-0498-00,fast,5.559916103383492,97,1.8283387527304582,0.6734130307458839,0.36831961787179895,0.3908978020154398,0.4064562944810598,0.33776392212797646,0.9418270248574772,0.0661921788057769,0.28004205213300865,0.17311711546939276,1.9510718002212402
Cntnap_het,OFT-0498-00,medium,4.471084028509528,98,1.6518170698918633,0.6587264816766139,0.3987890025375132,0.4027743408923112,0.4312811874299007,0.3316348245803899,0.8807330544616125,0.100638912335918,0.4121179583416826,0.2563784353388003,1.2935363465423269
Cntnap_het,OFT-0498-00,slow,3.570964865331027,99,1.5578636302695237,0.6828007728169367,0.4382930312705268,0.45747831251339155,0.46885649896382786,0.35947884761980375,0.9169438611768781,0.17178490049987963,0.4272183865587501,0.29950164352931485,1.2002566776720156
Cntnap_het,OFT-0499-00,fast,6.068400402273875,100,1.893139153715536,0.6744198327002857,0.35624419439883626,0.3562066539676769,0.3960161491865175,0.27141376451406496,0.8917687111263356,0.10228642224303933,0.31859569886262995,0.21044106055283462,1.2897376766732371
Cntnap_het,OFT-0499-00,medium,4.808631681826403,101,2.0245250037766844,0.5922780478718,0.29255160927473106,0.30622798013926494,0.3300174140993647,0.2641438364056374,0.8006311890006699,0.08103252593107521,0.17426210506007642,0.1276473154955758,2.0693254329723247
Cntnap_het,OFT-0499-00,slow,3.7874141002322834,102,1.8297841759847193,0.7508244841484709,0.41033499688257286,0.4066395460357332,0.4528961827908101,0.4075648985656525,0.912555703258923,0.1925347574221615,0.29892937191650354,0.2457320646693325,1.6585743464699616
Cntnap_het,OFT-0500-00,fast,6.307146706782342,103,2.1546771644718374,0.6776866843148941,0.31451889660742344,0.31870787982149923,0.3599148700708572,0.27152004208595093,0.8995115016001061,0.05111888124668562,0.21750905535068643,0.13431396829868603,2.021532425295837
Cntnap_het,OFT-0500-00,medium,5.005946983881319,104,1.8285023484084162,0.6445571582939279,0.35250551297074895,0.38365152470916974,0.38901196863614634,0.35109659284324884,0.9170596485800815,0.0868718609492283,0.20101977217202688,0.1439458165606276,2.4390885489567022
Cntnap_het,OFT-0500-00,slow,3.768779938024842,105,1.9246840858715106,0.7649985667200844,0.3974670816554747,0.38797925307191927,0.44340851728855113,0.44632112522163114,0.8999672324980101,0.1372818577042285,0.2900638537303344,0.21367285571728145,2.088805916518359
Cntnap_het,OFT-0501-00,slow,3.3393931148090323,106,1.6797419858921119,0.5233761407399858,0.31158126970435907,0.3230658721067188,0.33805562858381233,0.27347550551380395,0.7242096258576606,0.16982191433526433,0.18471546862852034,0.17726869148189234,1.542717460300873
Cntnap_het,OFT-0501-00,medium,4.114741140817095,107,1.9041955279674398,0.7213374405654664,0.37881479604955814,0.38540158894730625,0.4216301266140465,0.31510829569104637,0.977466498200347,0.12143730028523787,0.27250841227955486,0.19697285628239636,1.5997549187146953
Cntnap_het,OFT-0501-00,fast,5.485846537917355,108,1.5477530328504736,0.7292027091273219,0.47113634646501723,0.47810816021431657,0.5033946417978054,0.3770020037849381,0.9547719280185659,0.1644756201238013,0.5173290152639162,0.3409023176938587,1.105894516456465
Cntnap_het,OFT-0502-00,fast,6.2717767159466975,109,1.9709528923749664,0.6230746711382265,0.3161286469852821,0.3114542354486469,0.35449690000440015,0.21117288552610985,0.8743600894659421,0.08244313303498615,0.25001149199056233,0.16622731251277423,1.2703862099068808
Cntnap_het,OFT-0502-00,medium,4.776501720964965,110,2.2627216867384945,0.6335809694488692,0.2800083515185281,0.2788273738945084,0.32420492875982077,0.26112250309813895,0.8297574312237829,0.07614606568501078,0.12979371503235043,0.10296989035868061,2.5359112473418857
Cntnap_het,OFT-0502-00,slow,3.6020639699264065,111,2.2443439341867597,0.8279296314116086,0.3688960585765166,0.33954740652288157,0.42627525518090315,0.4620105721744878,0.8819891276890796,0.14738684842227348,0.2137144724377719,0.18055066043002269,2.55889715980049
Cntnap_het,OFT-0503-00,fast,5.520668796664592,112,1.835774968807795,0.6224755545616544,0.339080532820375,0.36302038386169644,0.3745049105380349,0.33815345903546407,0.8489845568962785,0.0817927789422839,0.22908884727811307,0.15544081311019847,2.175448341200666
Cntnap_het,OFT-0503-00,slow,3.551612552429299,113,1.8646049168650956,0.6672826514556008,0.35786811748704556,0.35373835816073423,0.3965449342331149,0.39235632391202196,0.7436048250208352,0.16525239513709145,0.2849661928625111,0.22510929399980129,1.7429592396676803
Cntnap_het,OFT-0503-00,medium,4.422941741943769,114,1.8873779947278417,0.6696297555846152,0.3547936647852966,0.36781721812266643,0.3941481761352115,0.29306791187681047,0.9130699373979906,0.1458177422497721,0.22463711301627298,0.18522742763302252,1.5822058084045973
Cntnap_het,OFT-0505-00,slow,3.188355484793028,115,1.8879082719373348,0.6435203379166727,0.34086419742009216,0.34775902677030235,0.37869621498216477,0.29462200595590954,0.8767137311792621,0.11282665895921626,0.2306224638342712,0.17172456139674375,1.7156660850350332
Cntnap_het,OFT-0505-00,fast,4.618256062807893,116,1.5894629711129298,0.5505111958227199,0.34635043774392316,0.36991260713696195,0.3718705325037729,0.2219874914131086,0.8523683747642846,0.08338587703116358,0.3297403868065347,0.20656313191884915,1.074671406029606
Cntnap_het,OFT-0505-00,medium,3.8581821975389805,117,1.8147103230500847,0.6567532814725539,0.3619052986752795,0.3906303125256624,0.39876129652493875,0.3300527059481046,0.9331893682644317,0.10554244840267599,0.22626066348454305,0.1659015559436095,1.9894491288574208
Cntnap_het,OFT-0506-00,medium,4.934429217623476,118,1.91734794859205,0.6954650437259173,0.3627223969632702,0.3522042181094819,0.40431522780860113,0.3282149846305396,0.8540993262734242,0.12930653150556037,0.30564006882487993,0.21747330016522015,1.5092196806742992
Cntnap_het,OFT-0506-00,fast,6.495686099863259,119,1.6289385394001554,0.6226555008636144,0.38224615957143643,0.3892098419555158,0.41229732723295875,0.2705816261627894,0.8824735738039878,0.10730381087152056,0.3888302980935375,0.24806705448252903,1.09076002344296
Cntnap_het,OFT-0506-00,slow,3.710126292841683,120,1.9079738261007426,0.6229014376208153,0.326472737256473,0.3247750990387683,0.36352632480201585,0.3034631032063543,0.7868491255166794,0.07501917585653528,0.2887738946284946,0.18189653524251495,1.6683281119223066
Cntnap_het,OFT-0507-00,fast,6.664447540033315,121,1.9147948916873117,0.7066486977482608,0.36904668004705404,0.39686884004687517,0.41124693225970466,0.36792580037031924,0.9907489146093964,0.06678166315323833,0.21953135090586479,0.14315650702955157,2.5700948423837198
Cntnap_het,OFT-0507-00,slow,3.721413962535689,122,1.675184400214759,0.718309147458246,0.42879407626178867,0.4366408724584575,0.464983460161346,0.434399695855206,0.8810839929415273,0.13709670001493734,0.40735345183371335,0.2722250759243253,1.5957372566808021
Cntnap_het,OFT-0507-00,medium,4.943520289014876,123,2.4382251938002453,0.8106514972568466,0.3324760564849041,0.32085735023556594,0.3922479865813969,0.4337746006398374,0.9241494683080309,0.08261514498690664,0.12845273239081262,0.10553393868885963,4.11028533596868
Cntnap_het,OFT-0508-00,fast,5.200018132908229,124,1.5189628229884813,0.4539581310230949,0.2988605936582145,0.3200644810387867,0.3182477858288245,0.19211193378014446,0.6929299612922447,0.06392361552358704,0.32402563271932167,0.19397462412145436,0.9903972473216723
Cntnap_het,OFT-0508-00,slow,3.330505507781454,125,1.9946892737410904,0.596551056303046,0.2990696667176634,0.3185048410722626,0.3362548404158361,0.22637849213279088,0.8935905400207477,0.07417258032731013,0.15087774918249588,0.11252516475490301,2.0118032497519804
Cntnap_het,OFT-0508-00,medium,4.080625279889274,126,1.8340403576446314,0.544951141660996,0.297131488622666,0.31431206606574935,0.32810894525245726,0.2544717436473001,0.7850334807955098,0.07292616515439918,0.20000439141261966,0.1364652782835094,1.8647361940568488
Cntnap_het,OFT-0510-00,fast,6.153368899365165,127,1.94236054156033,0.6902700249296247,0.3553768778556012,0.37614516247120044,0.39723852123985415,0.35926158754858656,0.9438162547382808,0.09963247801339575,0.18624376465915368,0.1429381213362747,2.513406390051759
Cntnap_het,OFT-0510-00,slow,3.674101590066963,128,1.830076774702257,0.651172015900455,0.35581677495819647,0.3586162923602554,0.3927361800759789,0.3406295271964489,0.8241125511237111,0.173698211416421,0.23250443056733452,0.20310132099187778,1.6771408749727974
Cntnap_het,OFT-0510-00,medium,4.483415993659106,129,1.6494850054788592,0.5634924334410855,0.34161719055912176,0.3511448888912787,0.36935159591936706,0.23552683944322755,0.8058261669921323,0.09926118433647733,0.33679219290563117,0.21802668862105426,1.0802660946366516
Cntnap_het,OFT-0511-00,fast,6.098033671111405,130,1.6365823003573607,0.6888826286322832,0.42092758089945137,0.42415379043539747,0.4544219618660555,0.3139307255133769,0.905690796348278,0.12528639618502638,0.4727799294175407,0.29903316280128356,1.0498190989003893
Cntnap_het,OFT-0511-00,slow,3.739903218590148,131,1.788134542934571,0.5628683892766482,0.31477966325336176,0.3195360967567341,0.3457907540062725,0.15237545051158408,0.8682041895206254,0.06080132148815844,0.30178205450472223,0.18129168799644033,0.8404988237220009
Cntnap_het,OFT-0511-00,medium,4.657266869105758,132,1.8445930872467045,0.5937658845074613,0.32189532131107257,0.3257924681230332,0.3558791417106213,0.2900730737411147,0.8030026331670985,0.12082780507792326,0.20961305485634868,0.16522042996713598,1.7556731561515313
Cntnap_het,OFT-0516-00,slow,3.497914483802131,133,1.4492223364657555,0.6676571864453984,0.46070031467609446,0.452045756834511,0.4865699236472574,0.3429382519960547,0.8752906689925658,0.23422808826105218,0.49382268533935675,0.36402538680020446,0.942072351081043
Cntnap_het,OFT-0516-00,fast,5.343249350299991,134,1.623224592048503,0.7800842880306643,0.48057692808005154,0.49839011281409595,0.5180153480738781,0.5134722710486844,0.9445350533887108,0.21221462760663043,0.4018394402514864,0.3070270339290584,1.6724008452210994
Cntnap_het,OFT-0516-00,medium,4.384117119130238,135,1.7061822734969156,0.643524940748117,0.37717244560815694,0.39587967983373706,0.41046650750065183,0.4142701987842251,0.8066546460802634,0.1395661736569622,0.2813750114811566,0.21047059256905942,1.9683044254664468
Cntnap_het,OFT-0519-00,slow,4.213928534272663,136,1.9304258333471276,0.649577430237948,0.33649437290820877,0.3499042022360681,0.37562975507442614,0.2601021654942399,0.9269631171048205,0.1160543886921145,0.19939934900652967,0.15772686884932208,1.6490669433292175
Cntnap_het,OFT-0519-00,fast,6.592469722376679,137,2.0066155969105193,0.8110460414180908,0.40418605470166574,0.3910366554224393,0.455043553041219,0.4989417610408558,0.8895618328666699,0.1657700533288494,0.2659005649285008,0.2158353091286751,2.311678117241699
Cntnap_het,OFT-0519-00,medium,5.445610449479626,138,2.083201216673232,0.7314526696446374,0.35111954802557704,0.3244511411466926,0.3986611882279595,0.4068963143231595,0.799220456788123,0.12875437843145063,0.25977360336910466,0.19426399090027763,2.0945534601522384
Cntnap_het,OFT-0520-00,medium,4.348777204526172,139,1.9932502536552719,0.6306708272711551,0.3164032344230812,0.3167900583519726,0.35568668352909033,0.24814488001034807,0.851772883356848,0.07492969520061248,0.247899275548553,0.16141448537458275,1.537314816786712
Cntnap_het,OFT-0520-00,fast,5.794946980215848,140,1.8534589919118885,0.5911584685616025,0.31894877153543494,0.33295369889830495,0.35297498366370583,0.13836728931831468,0.9580104839958091,0.04829279444473734,0.26722936689596216,0.15776108067034975,0.8770685946772929
Cntnap_het,OFT-0520-00,slow,3.3230365313988277,141,1.6934996460944005,0.6804726871417868,0.40181448440872913,0.3906542887629504,0.43664675975036127,0.29979329699579776,0.8776574499969628,0.16926770267604968,0.399868589332635,0.2845681460043423,1.0535026537763756
Cntnap_het,OFT-0523-00,slow,3.2684838753765337,142,1.8024785837999717,0.6104395024246672,0.338666715882828,0.3397905467322968,0.37263831420055793,0.24936100390711768,0.8591100268208015,0.155006322683581,0.2270759033907313,0.19104111303715615,1.3052740320803027
Cntnap_het,OFT-0523-00,fast,5.495373611582605,143,1.8487605959943805,0.6468657330172817,0.34989156217349837,0.34608016030593636,0.38701333352897144,0.2826357595664995,0.876180800507336,0.09579818699946716,0.2934385870425828,0.19461838702102496,1.4522562019587895
Cntnap_het,OFT-0523-00,medium,4.250991345883666,144,2.111130471915914,0.8256304895179903,0.3910845400136288,0.37535438413923566,0.4454027837016741,0.4887323392555299,0.9335705421910986,0.10639730588611737,0.2529109474739503,0.17965412668003383,2.720406974708508
Cntnap_het,OFT-0529-00,medium,3.9202344515109186,145,1.869089181950868,0.641536273430953,0.3432347047032541,0.36346236266367965,0.3805224007942167,0.30942559338390346,0.8762650337366923,0.12980096251967901,0.2065980135365919,0.16819948802813545,1.8396345732761359
Cntnap_het,OFT-0529-00,fast,5.030647285185744,146,1.7926198868375482,0.6533826912927292,0.3644847946239148,0.3726435243155516,0.4005970317075165,0.323915423157041,0.8508509326018281,0.059693567967857894,0.367928203103339,0.21381088553559846,1.5149622637108937
Cntnap_het,OFT-0529-00,slow,3.2021053640194252,147,1.7688496391529296,0.6479389734313676,0.36630528626596776,0.36399501586817823,0.4015094971616425,0.3114701618371679,0.8285592245943606,0.2016657929308313,0.26434280928421017,0.23300430110752074,1.336757134339073
Cntnap_het,OFT-0534-00,fast,5.421176026336157,148,1.6378704932556523,0.580308647797411,0.35430679665271414,0.36623424184633546,0.38255702804580116,0.2175163589457929,0.8682514867507698,0.07432392657809053,0.37013633990855116,0.22223013324332086,0.978788770772293
Cntnap_het,OFT-0534-00,medium,4.241780263243309,149,1.9865990936532456,0.5211903038500424,0.2623530361586959,0.2887405701089131,0.2947076946201142,0.22490814438218354,0.7862201240148813,0.03794908099370034,0.12975342908969176,0.08385125504169605,2.682227526234941
Cntnap_het,OFT-0534-00,slow,3.4872993293270405,150,2.3730858017425667,0.6776801323877475,0.2855691656366256,0.2691016245479108,0.3345830364805159,0.2784348101671709,0.8399180757994797,0.0834721463896859,0.13650711356572676,0.10998962997770634,2.5314641955210373
Cntnap_het,OFT-0539-00,fast,5.240793387343748,151,1.8418692810643817,0.5827112602685652,0.31636949823704497,0.3260930409453293,0.34966221849098506,0.14182883701740961,0.9384571352279456,0.06563570337963504,0.2527271983389497,0.15918145085929236,0.8909884678886266
Cntnap_het,OFT-0539-00,slow,3.4606868028053115,152,2.353218090124037,0.7556757693317823,0.32112440937930703,0.29292462880343295,0.3754433293733665,0.3250723112908099,0.8860436459449561,0.10458523553102608,0.1860721247266739,0.14532868012884997,2.23680770376912
Cntnap_het,OFT-0539-00,medium,4.189732106207151,153,1.7785088423890731,0.5818734511340609,0.3271692764554544,0.34534600660210923,0.35900729829028005,0.2164803627457794,0.8776992999802578,0.10237578325708532,0.23947374717799805,0.17092476521754169,1.266524265633816
Cntnap_het,OFT-0542-00,fast,5.058744907581356,154,1.8590708718724798,0.5961888616978336,0.32069184167107334,0.3421524786389152,0.35512896917441855,0.20707762221841677,0.939200979539476,0.05718284751337828,0.21705442742640302,0.13711863746989064,1.5102077007138301
Cntnap_het,OFT-0542-00,medium,4.127352692289413,155,1.5132998031753162,0.6743258889587455,0.4455996673916336,0.4683371518001505,0.47419044508752245,0.38888519697555674,0.9337086392791998,0.1302533017708552,0.4439146423244782,0.28708397204766667,1.3546043486920518
Cntnap_het,OFT-0542-00,slow,3.3751329326470105,156,1.857815118218039,0.6079449270380325,0.3272365054393331,0.33146526393235387,0.3623250581391704,0.27637126574494253,0.8264693021279654,0.12791385843797706,0.21854580624579664,0.17322983234188685,1.5954022584256473
Cntnap_het,OFT-0586-00,slow,3.5325692422807613,157,2.1058541966595863,0.7815798069138252,0.3711462114298355,0.3657244632882851,0.4224504108653342,0.393126898307654,0.9083213610016108,0.12723087239265152,0.26112251175942036,0.19417669207603594,2.0245833529480093
Cntnap_het,OFT-0586-00,medium,4.949845965328068,158,1.9438483160093283,0.7124813419842305,0.3665313471819328,0.3791649531854962,0.40977509653222,0.480115944462559,0.8210701616345928,0.1264435066219121,0.21147077340981657,0.16895714001586432,2.841643415705772
Cntnap_het,OFT-0586-00,fast,6.6235158665691545,159,1.665390775631393,0.6374520215774592,0.38276423221798167,0.3968579875872545,0.41460020588791646,0.32973043945779945,0.8174702176513547,0.16858622798549616,0.34261393845701504,0.2556000832212556,1.2900247734754227
Cntnap_het,OFT-0597-00,medium,4.0797225043419125,160,1.9753593490043222,0.7197742419424557,0.36437635628436776,0.36713898281605284,0.40880109199162856,0.33078460681787664,0.9112885729309649,0.11707418349554427,0.2760570047221286,0.19656559410883642,1.6828204768873463
Cntnap_het,OFT-0597-00,fast,5.255615729223243,161,1.691590554874217,0.7255069681698317,0.4288904109090269,0.4175466623864432,0.4659674805666273,0.3624073253374242,0.8781145585403822,0.14273312449814396,0.4806149138905588,0.3116740191943514,1.1627768213539702
Cntnap_het,OFT-0597-00,slow,3.2378363023821954,162,1.7265669775216392,0.6640278622491984,0.3845943255571596,0.3876260052292375,0.41952351764366447,0.23692393017567254,0.9558270098282995,0.2054702377403051,0.2798728928303811,0.2426715652853431,0.9763151685987097
Cntnap_het,OFT-0607-00,medium,4.355719767295829,163,1.6532292777184947,0.6087095157936134,0.3681942510924138,0.3883638611127389,0.39825865918006376,0.2795393985164284,0.8785178776187269,0.0947431659612217,0.3402341946238778,0.21748868029254975,1.2853055071207042
Cntnap_het,OFT-0607-00,fast,5.654462654761365,164,1.4715808007166864,0.6181629158305059,0.4200672606828313,0.42851540573921265,0.44482921757629057,0.22251924047624003,0.9496962262265668,0.063728562682541,0.5433728409198147,0.3035507018011779,0.7330546072068959
Cntnap_het,OFT-0607-00,slow,3.2493671102879844,165,1.537937613486812,0.5613029550796277,0.3649712121982905,0.37409606174683996,0.3895126800584575,0.2118792711717989,0.8489403329447451,0.11987340983389615,0.37735770628339016,0.24861555805864316,0.8522365729091702
Cntnap_het,OFT-0611-00,fast,5.271000058413488,166,1.8876514579513395,0.6546692994633664,0.3468168324749296,0.35908214774516944,0.3852983908484844,0.3085992684350845,0.8990460701075643,0.11753077310921814,0.21601745174207054,0.16677411242564433,1.8504027030734307
Cntnap_het,OFT-0611-00,medium,4.096942181657776,167,1.907303797412062,0.6933813229729858,0.3635400526721569,0.3493756149541867,0.40477021145976033,0.3455054393168653,0.8511452016155712,0.13458829392262844,0.2878419109839767,0.21121510245330258,1.6357989334273713
Cntnap_het,OFT-0611-00,slow,3.2795803800924395,168,1.714459763268026,0.6001431434390759,0.3500479604695476,0.36074068579746704,0.38130985834073877,0.3215134283440799,0.7860128925625842,0.1607004004617309,0.2570127119945601,0.2088565562281455,1.539398303555638
Cntnap_het,OFT-0641-00,slow,3.837879210691641,169,1.5633811088650782,0.6876059202875742,0.43981977036087844,0.4376399077033518,0.47079303910171544,0.3113474773160432,0.9434358052681738,0.15252791074672034,0.4758609630759244,0.3141944369113224,0.9909388605881564
Cntnap_het,OFT-0641-00,medium,4.865063782559751,170,2.035902336038996,0.7800405064358608,0.38314239962683544,0.35262544088881653,0.43275466297796344,0.3819422883333806,0.8948883183460788,0.13019359668269295,0.3239944485497015,0.2270940226161972,1.6818685227082637
Cntnap_het,OFT-0641-00,fast,6.089704764418397,171,1.527289572236726,0.7039218036488065,0.4608960975343453,0.4598739225504215,0.49127431079865286,0.37755091224027504,0.9147262947836167,0.11957183579269107,0.5532482003780287,0.33641001808535986,1.1222939031039088
Cntnap_het,OFT-0643-00,slow,4.029540622245125,172,1.7616621803194992,0.656444587176274,0.372627961540969,0.3995166153140908,0.40810503974538204,0.31995319713702086,0.9262000232940011,0.160295377493506,0.22597156105699986,0.19313346927525293,1.6566429337062498
Cntnap_het,OFT-0643-00,medium,5.24904110830916,173,1.714591724224597,0.6931166975986548,0.4042459133599915,0.4029881230879181,0.44035476138982443,0.3674390955467308,0.8923067189298141,0.1610457592956367,0.34062747178711633,0.2508366155413765,1.4648543026850094
Cntnap_het,OFT-0643-00,fast,6.586755385923659,174,1.774770576981858,0.5757465457606787,0.3244061814117871,0.3308237786324082,0.35582372695539843,0.19575307700057296,0.8562486956191806,0.08196328519152675,0.28932985001031347,0.1856465676009201,1.0544395166054379
Cntnap_het,OFT-0644-00,medium,4.4671027109708925,175,1.917956176130503,0.8735853783109842,0.4554772362283334,0.41150189622641087,0.5077407539886647,0.4925276792071068,0.9338739263133986,0.19301059934068013,0.411550811093473,0.30228070521707656,1.6293718742432084
Cntnap_het,OFT-0644-00,fast,5.895080781309668,176,2.2349242411491126,0.7008869281807598,0.3136065712099443,0.30488044613541254,0.3620166158312963,0.3732328319313704,0.8185636586969717,0.08283620352244762,0.17343376917439532,0.12813498634842146,2.9128097061366596
Cntnap_het,OFT-0644-00,slow,3.4598743853701923,177,1.9423507783631482,0.723761682696461,0.37262151139681743,0.3814123093879993,0.416514032809273,0.4926593585782681,0.8135820626067185,0.09745186606526138,0.26236284398684384,0.1799073550260526,2.738405878441854
Cntnap_het,OFT-0645-00,slow,3.8326943944875316,178,2.038713025377955,0.8288467992499758,0.4065539332571424,0.39006423368752985,0.4593405415062465,0.5820629802341905,0.8746877732989725,0.14749438030233034,0.23311703218949292,0.19030570624591164,3.058568193862001
Cntnap_het,OFT-0645-00,fast,6.587440011863791,179,1.742852594974851,0.7579768988357429,0.4349059128816803,0.4342655224734092,0.47528978612593825,0.4280701367145454,0.9561466027416229,0.19866974464820136,0.31827266039938296,0.2584712025237922,1.6561618181628637
Cntnap_het,OFT-0645-00,medium,5.092577714582918,180,1.9235069057706569,0.7453792022368491,0.3875105412934358,0.41270247606575516,0.4322441239113625,0.3993796667699494,0.9592452633188597,0.13374255400395713,0.23660901155268388,0.1851757827783205,2.156759705711944
Cntnap_het,OFT-0652-00,medium,5.116839170399714,181,1.8295954221929733,0.6244409460988013,0.34130001557958617,0.3326746504492418,0.3766926318944881,0.2906218431020693,0.803544893013529,0.13476329907138493,0.2778404923909695,0.2063018957311772,1.4087211466091696
Cntnap_het,OFT-0652-00,fast,6.668288228979727,182,1.851170068416483,0.6886823271409672,0.3720254226723079,0.3655136381760429,0.41160753573089015,0.23416536112779798,0.9562387373128467,0.07050227701842295,0.38552376746449285,0.2280130222414579,1.0269824013815534
Cntnap_het,OFT-0652-00,slow,3.6787194880873684,183,1.8823622139059033,0.7046272979257191,0.37433140801504766,0.3793687342176246,0.4156183942538815,0.37630136452461643,0.9415432074248719,0.1521444509205821,0.19248455414545595,0.17231450253301903,2.183805535767422
Cntnap_het,OFT-0653-00,slow,3.4235508478810135,184,2.1012078616103813,0.7788797513148755,0.37068191374362,0.3754176535000099,0.42170664344002684,0.40305385622691436,0.9207904970982518,0.14180053794842218,0.22118168248651876,0.18149111021747047,2.2207911767356423
Cntnap_het,OFT-0653-00,fast,5.481282876558583,185,2.2736074720469874,0.6921518651617901,0.30442891909509245,0.3073583399979286,0.35289428735342965,0.33420719978337815,0.8577282130709368,0.06804924161287755,0.15159249494652605,0.1098208682797018,3.0432030361678506
Cntnap_het,OFT-0653-00,medium,4.141832121838266,186,1.7537647971059611,0.6477834228166769,0.3693673312896007,0.37977353136979775,0.4041693427304852,0.3339760709968672,0.8797290186160841,0.12907170936273513,0.2739005719462545,0.20148614065449483,1.6575634925161626
Cntnap_het,OFT-0654-00,medium,5.489056774503818,187,2.2609399016676526,0.6290564600766042,0.27822785542093215,0.28374668202060294,0.3220814310028912,0.226579115026136,0.8773808313234576,0.03884085742880118,0.1455249202331699,0.09218288883098555,2.4579302937832828
Cntnap_het,OFT-0654-00,fast,6.974995249744867,188,1.9606189411920185,0.6348662873390852,0.32380911660126,0.3355815438118251,0.3626912629434881,0.2709864765861189,0.8654218075186866,0.12161110090014142,0.19274566676900556,0.1571783838345735,1.7240696206122448
Cntnap_het,OFT-0654-00,slow,4.063325824204763,189,2.064636908730686,0.6812646969713564,0.3299682835710758,0.3138680467361261,0.37388033524611086,0.27945053160153077,0.8609706947435197,0.11972013097383183,0.2353799836655613,0.17755005731969656,1.5739253246105815
Cntnap_het,OFT-0656-00,fast,5.631810502005017,190,1.8563138823167307,0.5935375792210095,0.31973988067161263,0.34225368255968225,0.35396459299028715,0.21567529026691395,0.922368544822237,0.12419211387746035,0.15362242299453738,0.13890726843599888,1.552656622617885
Cntnap_het,OFT-0656-00,slow,3.3905258304812143,191,1.6310262796066228,0.5872756772998637,0.3600651225812898,0.3588220344563481,0.3884664419211116,0.25138153415979697,0.8037820426839273,0.19548471876353046,0.30321747207719196,0.2493510954203612,1.0081428907942547
Cntnap_het,OFT-0656-00,medium,4.249246217161565,192,1.9762477950524102,0.5831312280373493,0.2950698943205574,0.3021955393501662,0.33107756103515634,0.29587732430913066,0.7772882112539756,0.09273898303143663,0.15840572554608265,0.12557235428875962,2.356229808583079
Cntnap_het,OFT-0662-00,fast,5.147955841021436,193,1.8151720909002815,0.5958069890299729,0.32823719140286417,0.35184952907931655,0.3616834161062528,0.28824068352214427,0.8608704782198522,0.12241238879770594,0.17521011388530874,0.14881125134150736,1.9369549071303749
Cntnap_het,OFT-0662-00,slow,3.2948865530285145,194,1.8661015166398853,0.7503769637083826,0.40210940134678,0.39356095423613763,0.44564284664198023,0.4007729815253057,0.9174512746422134,0.15987427080643846,0.30447285959396314,0.2321735652002008,1.726178349286765
Cntnap_het,OFT-0662-00,medium,4.110598717117364,195,1.647444144891534,0.5850381118738452,0.35511863251203796,0.3609555554128614,0.3838585674322638,0.264019144467924,0.8238703282325303,0.08395767588311605,0.3635871211454851,0.22377239851430056,1.1798557204589797
Cntnap_het,OFT-0664-00,fast,6.425056862113871,196,1.9303860957669856,0.5875328193054415,0.3043602627442266,0.3068261394541296,0.3397568323143784,0.15936669545991328,0.8789127553551489,0.04381586717129637,0.2769320112711552,0.16037393922122578,0.9937194049968239
Cntnap_het,OFT-0664-00,medium,4.863530438190435,197,1.8053817199875162,0.6651779115720755,0.368441700836915,0.3621369045781695,0.4055337271788102,0.31626209247032383,0.8235225332012169,0.09070791238588816,0.39164237065781166,0.2411751415218499,1.3113378537881826
Cntnap_het,OFT-0664-00,slow,3.6106424014270853,198,2.25621150852453,0.6951803650342935,0.30811843765876057,0.30288218061860867,0.3565011785807022,0.34582953384903226,0.8205802004916677,0.08612988567133048,0.17346509431077797,0.12979748999105423,2.664377669189652
Cntnap_het,OFT-0665-00,fast,5.50608316040577,199,1.8035696040411449,0.576006978480526,0.3193705289720471,0.325878513528368,0.351450085160607,0.21569170098395068,0.8442260096469124,0.0966748963860819,0.2492077336254828,0.17294131500578236,1.247195911380337
Cntnap_het,OFT-0665-00,medium,4.38590879810166,200,1.9740596321087311,0.685590419269752,0.3472997512934248,0.3465782222235736,0.38958608479046564,0.26892820429910236,0.9293999658848064,0.07356027607751196,0.28645589290044166,0.18000808448897682,1.493978479147534
Cntnap_het,OFT-0665-00,slow,3.5052936209943937,201,1.9582234230567503,0.7150867243591195,0.3651711627689972,0.35720336142224723,0.4089106079677625,0.3141441794234913,0.936509976204374,0.15214273426821529,0.23284554197496932,0.1924941381215923,1.631967510745998
Cntnap_het,OFT-0666-00,medium,4.902110789967549,202,1.7626838222201144,0.675331255776681,0.383126711247679,0.3823379978122415,0.4196522793138042,0.26961500761771445,0.9382995107673694,0.08279799458658939,0.3878966042835438,0.23534729943506658,1.1456048497896723
Cntnap_het,OFT-0666-00,fast,6.647337121343969,203,1.9339490580170038,0.5903762099782398,0.305269783364195,0.3185009544253189,0.3409080866909505,0.14721146101610852,0.9255509111461505,0.053023779976922696,0.2378461946246206,0.14543498730077165,1.0122148992364746
Cntnap_het,OFT-0666-00,slow,3.637251003678244,204,1.5220811480113456,0.7997300956676594,0.5254188298124156,0.5270925277861316,0.5597077380443212,0.48895564755852317,0.8973887875633354,0.21660831718069598,0.6358781998747303,0.4262432585277131,1.1471281663138202
Cntnap_het,OFT-0675-00,fast,5.795962610450931,205,1.738332505556584,0.5833007825165324,0.33555190428298964,0.34793658155579155,0.36652051406218267,0.21251724046998133,0.8858593438526816,0.09310999991753305,0.2745954720085344,0.18385273596303373,1.1559101329485302
Cntnap_het,OFT-0675-00,medium,4.311264439131575,206,2.1600846219840686,0.7757336297082659,0.35912187041808735,0.34088552871812955,0.41119834032935965,0.3746209210426822,0.8821180383476053,0.14389021917699596,0.24416418275015506,0.1940272009635755,1.9307649606974917
Cntnap_het,OFT-0675-00,slow,3.46554842543222,207,2.0329790792402824,0.7085563606020114,0.34853106352023877,0.3422939372747063,0.39353422565546026,0.3063846935530802,0.9176867632833097,0.10549769060512776,0.24456775518032342,0.1750327228927256,1.7504423658018384
Cntnap_het,OFT-0676-00,fast,6.639638600491862,208,1.940562250832032,0.7548453772847865,0.38898282029403614,0.39839617525453785,0.4347156399178801,0.4270647293669307,0.909309532753714,0.11802562528643165,0.2844626722644444,0.201244148775438,2.12212246649456
Cntnap_het,OFT-0676-00,medium,5.006848137982752,209,1.7453282132414514,0.7238956900588054,0.4147619253311529,0.4185320012029552,0.45340364592210947,0.4142109597638808,0.8958670061224964,0.18205038935996185,0.321486228442099,0.2517683089010304,1.645206903012985
Cntnap_het,OFT-0676-00,slow,3.762694621370041,210,1.8443161676436657,0.6898817840682395,0.3740583074482538,0.3748948450536266,0.4135362420257521,0.399416642363757,0.8378988126486587,0.13098448272070753,0.2858450303698851,0.20841475654529634,1.9164508741344752
Cntnap_het,OFT-0685-00,fast,6.00391176829709,211,1.882308615419559,0.6467831091924521,0.3436116181449272,0.3522321471165383,0.3815080545258679,0.28028887052636775,0.8956938296849004,0.10457020202406767,0.24547931586813587,0.17502475894610175,1.6014241197308645
Cntnap_het,OFT-0685-00,medium,4.883038920757674,212,1.9794045189282006,0.6631133853595566,0.33500650272265536,0.3328542053967941,0.376019863052268,0.2887197955148414,0.8952107349715754,0.10279581205348963,0.21735310966916566,0.16007446086132765,1.8036593342954257
Cntnap_het,OFT-0685-00,slow,3.76098593657764,213,1.9204991162333445,0.6771764878300207,0.35260442564439193,0.3683166616792678,0.3931759334175955,0.29848938552347515,0.9386759648615811,0.11481586465193544,0.22072251863339049,0.16776919164266296,1.7791668577579927
Cntnap_het,OFT-0687-00,fast,6.148148599519588,214,1.5062459277091977,0.6279703162610151,0.41691088069268706,0.41954601296740934,0.4432933101387281,0.2686565081345461,0.8960692540979885,0.05453421354161775,0.5539132647807601,0.30422373916118894,0.8830885744659196
Cntnap_het,OFT-0687-00,slow,3.5489871275479956,215,1.8141231341114992,0.464200728602119,0.25588159914485076,0.2714516169911571,0.2819214903270093,0.14251538238391467,0.7444123072928532,0.04742220838301163,0.1933360632482575,0.12037913581563456,1.1838877345172394
Cntnap_het,OFT-0687-00,medium,4.692751492738361,216,1.8919851597835315,0.624567302197061,0.3301121570470034,0.3258832032729123,0.36691905019076054,0.25278703172667255,0.8407718967160428,0.07279689236348813,0.30132037995683886,0.1870586361601635,1.3513785672543397
Cntnap_hom,OFT-0364-00,fast,6.558940799652446,217,1.643904112978605,0.5458977953358198,0.3320739883950425,0.34596195842469823,0.35880196426263966,0.18238987070021745,0.8728312983737719,0.11088194913840835,0.269104738838161,0.18999334398828466,0.9599803175813567
Cntnap_hom,OFT-0364-00,medium,5.553670282065117,218,2.093279447700569,0.7720062409431858,0.3688022837998153,0.3614753269420916,0.4192027784427365,0.4956177617849602,0.8174551403890196,0.13420104328900123,0.2295371683079652,0.1818691057984832,2.725134429011382
Cntnap_hom,OFT-0364-00,slow,4.291570735322011,219,1.8342703766149893,0.8543078688743595,0.46574805970040345,0.47786863263740276,0.514318035847148,0.6163656209120141,0.9280134794450291,0.23770903194834314,0.27518401108320595,0.2564465215157745,2.40348598713241
Cntnap_hom,OFT-0367-00,fast,5.645779802462665,220,1.6663660130154336,0.6453561411106409,0.3872835475939725,0.3661448152599406,0.419542621783556,0.3425007582652247,0.7551991531665158,0.16273607016217523,0.41773450554030833,0.29023528785124175,1.180079654686136
Cntnap_hom,OFT-0367-00,slow,3.497691164704145,221,1.6084565017679002,0.7388093041684654,0.4593281219333063,0.4610299376510363,0.4942632697127013,0.48485790026449027,0.8458601024354802,0.2704135652269117,0.37592151092392295,0.3231675380754173,1.5003298386712944
Cntnap_hom,OFT-0367-00,medium,4.292339589550407,222,1.7723495380525756,0.7421686932982544,0.41874849027451744,0.40414409689264197,0.45917601565248456,0.37835097440910315,0.9101723258924268,0.17350290062240156,0.37467786168600703,0.2740903811542043,1.3803876400764368
Cntnap_hom,OFT-0374-00,fast,5.979191616915897,223,1.7268015152420446,0.5417776199505521,0.3137463195210432,0.32453288909373734,0.3422502320747318,0.1137500786439754,0.9186994027768942,0.06125702315894575,0.2752944237191117,0.16827572343902875,0.6759743848921286
Cntnap_hom,OFT-0374-00,slow,3.4071413758183606,224,1.4096053718581123,0.6996289268739643,0.49632964008340014,0.5073548037637815,0.5217420509322205,0.508324779556979,0.832113511151793,0.3212529260474189,0.4252769869726912,0.37326495651005503,1.3618336537930147
Cntnap_hom,OFT-0374-00,medium,4.519236271046042,225,1.878314280467943,0.6900929078264035,0.36740012840368824,0.38027069566271626,0.4077367258315277,0.3317708682954373,0.9174278266915551,0.14598771938652463,0.23576048895259363,0.19087410416955913,1.7381659483819523
Cntnap_hom,OFT-0383-00,fast,6.1052968514727795,226,1.7788102698867485,0.6656805751620019,0.3742279805953581,0.3767206611376671,0.41065955491618855,0.24020534156648685,0.9776740028684576,0.11152286778174846,0.3132360074480611,0.2123794376149048,1.1310197647384166
Cntnap_hom,OFT-0383-00,medium,4.904065732913251,227,1.800027303537455,0.5510802477506656,0.3061510493022356,0.30714475838196476,0.33676719910828934,0.1983939501973974,0.8139694343059362,0.08828984665662647,0.24641556527319752,0.167352705964912,1.185483969640704
Cntnap_hom,OFT-0383-00,slow,3.7387636089199194,228,1.3416880011224634,0.69124232779148,0.5152034804016902,0.5275965425965861,0.5372083363254138,0.3508392768499941,0.9643341736985725,0.16539872223193003,0.6682611725211582,0.4168299473765441,0.8416844304448758
Cntnap_hom,OFT-0388-00,slow,4.110191686636192,229,1.8687574986898585,0.6812112959433473,0.3645263210560644,0.34875220098004023,0.40411194291697483,0.35598982851169925,0.7939208821410679,0.19417810809587596,0.27235895291925577,0.23326853050756585,1.5260945303556626
Cntnap_hom,OFT-0388-00,medium,5.229514829964569,230,1.9462245324007807,0.7282317553100287,0.3741766395328049,0.3860786894900074,0.418433529004958,0.4147356596570344,0.9055699006649918,0.12971372975221163,0.22371482594559358,0.1767142778489026,2.3469278470619623
Cntnap_hom,OFT-0388-00,fast,6.60481377807067,231,2.115575764093294,0.7690213582139735,0.3635045226298313,0.36050555424552433,0.4141941270778491,0.47912639479881547,0.838112776799209,0.10347559447751298,0.2360617422358586,0.1697686683566858,2.822230977226998
Cntnap_hom,OFT-0389-00,slow,4.256402025573622,232,2.0406804042632127,0.7934840935718437,0.38883310287792516,0.39196535351970396,0.43941447671466494,0.5221397072405178,0.8669784501425053,0.12841960616627554,0.24012014330936093,0.18426987473781825,2.8335597882368213
Cntnap_hom,OFT-0389-00,medium,5.698887526147802,233,2.6834470164130106,0.6625891722520568,0.24691718084963202,0.22867687832134914,0.2988761797749351,0.3396306000075163,0.71256700308592,0.043838926465812535,0.09946818954049182,0.07165355800315218,4.739898610374314
Cntnap_hom,OFT-0389-00,fast,7.033465413174348,234,2.4396902207521536,0.8228603166099892,0.33728065539251223,0.29834780777007397,0.397978113044697,0.4729008209904092,0.7774647252010064,0.09859004793804588,0.2429568580493265,0.17077345299368618,2.7691705748193383
Cntnap_hom,OFT-0390-00,slow,4.3366301729744,235,1.8800589478924115,0.7872028169102806,0.41871177379451463,0.39141637604489654,0.4647731541839854,0.394014080880041,0.9412007656636676,0.16669860817997764,0.3571791620122556,0.2619388850961166,1.504221416898298
Cntnap_hom,OFT-0390-00,medium,5.743879783338556,236,1.8401653543246892,0.5944513127491349,0.32304233494673573,0.3493431821633156,0.3569684571720356,0.30468432275123647,0.8116659112707238,0.11099884384396408,0.2005247508222181,0.1557617973330911,1.9560914676637933
Cntnap_hom,OFT-0390-00,fast,7.290554808483692,237,1.6550404781668886,0.6257645483290863,0.37809621975057606,0.37690938295545,0.4090547608228897,0.24442051090006695,0.9101767570967346,0.11202710033743751,0.36959467495732007,0.2408108876473788,1.014989452046594
Cntnap_hom,OFT-0400-00,fast,6.811990503099896,238,1.7225861908024436,0.8442543390366073,0.49010861897326763,0.48000456268485436,0.5343768339811852,0.5941281967158999,0.8129733511756817,0.2068255079520279,0.5235802800811308,0.36520289401657935,1.6268441637511446
Cntnap_hom,OFT-0400-00,medium,5.242190893835786,239,1.754224480191473,0.7167192343203412,0.4085675706920425,0.39518310788680944,0.44708652864557985,0.4510820439738479,0.7725547840954983,0.22177809814906035,0.34293118836391245,0.2823546432564864,1.597572608586756
Cntnap_hom,OFT-0400-00,slow,3.99429703298538,240,1.7261866883449408,0.796968080673852,0.4616928667419983,0.4825283503732587,0.50360226848348,0.5154596908439439,0.9623912674462864,0.19771589158882127,0.33884222405486825,0.26827905782184475,1.9213564227821454
Cntnap_hom,OFT-0401-00,fast,5.790406504319124,241,1.8784913722843375,0.6968378738569792,0.3709561215655679,0.3724174382199497,0.4116913406019943,0.3020000106237661,0.8499716572486619,0.19517583703667737,0.29961785749887193,0.24739684726777467,1.2207108294184956
Cntnap_hom,OFT-0401-00,slow,3.4768771700728047,242,1.8624557440963705,0.5673567420970215,0.3046283080258063,0.3075368352503812,0.33746936228470825,0.2770390869283271,0.760696652346823,0.11498376006179543,0.19715794980188722,0.15607085493184134,1.7750853421627926
Cntnap_hom,OFT-0401-00,medium,4.414502434964955,243,2.1646235966151046,0.8466634697982122,0.39113657964468673,0.3915899756500526,0.4480774409138774,0.4609888600730746,0.9704488807816023,0.12298689298359007,0.2378851298172424,0.18043601140041624,2.5548606206444395
Cntnap_hom,OFT-0402-00,fast,6.775826799316585,244,1.6487651086999775,0.5581661463713438,0.3385358796265697,0.3489728934953882,0.3659896629696666,0.1687858607769081,0.8676381587773043,0.06866138620320755,0.35887324612124644,0.213767316162227,0.78957748923983
Cntnap_hom,OFT-0402-00,slow,3.782350530901741,245,1.5416855317310965,0.6317529138864353,0.40978065946890313,0.39904132377427104,0.43752719127109474,0.3377001190546409,0.8066163694992908,0.25866321407350695,0.34712906245694,0.30289613826522344,1.1149040096342933
Cntnap_hom,OFT-0402-00,medium,5.1661669333415166,246,1.534415929910601,0.6677256682886951,0.43516601677069294,0.4317364478734556,0.4642359732104433,0.41036510863683706,0.8040023683753816,0.1633414392513028,0.47923497657825137,0.3212882079147771,1.277249206561879
Cntnap_hom,OFT-0404-00,fast,5.702386158635985,247,1.5904733641306659,0.720145484975958,0.4527868879901557,0.4553198823297212,0.4862067126133808,0.34418582669812714,0.8795354662527919,0.16332748149853882,0.5577780760040653,0.36055277875130204,0.954605946708112
Cntnap_hom,OFT-0404-00,slow,3.5167968247795938,248,1.7598235248770824,0.6174178469479819,0.3508407736458156,0.3505108560236631,0.3841629078085864,0.28081693822342935,0.767375632623209,0.18065388602458646,0.3078051743631208,0.24422953019385363,1.1498074700489125
Cntnap_hom,OFT-0404-00,medium,4.550857716426858,249,1.6820445943679732,0.6862831727906923,0.4080053377232621,0.4235385033928625,0.4427900671066908,0.3442436986740735,0.9179347771070901,0.15047410905813566,0.35850768358746365,0.25449089632279964,1.3526758860459598
Cntnap_hom,OFT-0405-00,fast,5.361493852684893,250,2.219286606497656,0.698134647103648,0.31457615481463297,0.31285640508711987,0.36252096635075987,0.29838704977776653,0.8643459145199831,0.0637048516698881,0.22364604943540148,0.1436754505526448,2.076813043773495
Cntnap_hom,OFT-0405-00,slow,3.4364875783618003,251,1.8647371158804813,0.7783001971253212,0.41737797274326666,0.3792618786928053,0.46249325079102344,0.460653705361892,0.8360144856562706,0.17141876580547546,0.38188604634045575,0.2766524060729656,1.665099219272277
Cntnap_hom,OFT-0405-00,medium,4.2645610461559835,252,2.09763913311558,0.7091902078581434,0.3380897107906248,0.3318833594461063,0.38447727292406464,0.4129552729905498,0.804383126096994,0.12937501834053394,0.19119567426818068,0.1602853463043573,2.5763757106430116
Cntnap_hom,OFT-0406-00,fast,5.901332577134477,253,1.4729934810120688,0.6546729476622056,0.4444506755130993,0.4336377315340136,0.4707284595317377,0.2567661159402917,0.9123245216834586,0.1307960203102803,0.58302718019292,0.3569116002516001,0.7194109571089531
Cntnap_hom,OFT-0406-00,medium,4.520701177200946,254,1.5103646171272138,0.5571489837289283,0.36888376317279764,0.3704407348380955,0.3924169157423139,0.2163110064641426,0.8071417572943569,0.11684395736084294,0.42937094184991303,0.27310744960537797,0.7920362728175213
Cntnap_hom,OFT-0406-00,slow,3.7461388148385617,255,1.0544599640827679,0.5881571672140189,0.557780463220937,0.5424082895969733,0.5615775512200722,0.2818352900390875,0.8016212058821437,0.24267789886035698,0.9201758100987005,0.5814268544795288,0.4847304314682468
Cntnap_hom,OFT-0416-00,fast,5.908154400316023,256,1.586917326932719,0.7439955685271301,0.46883070459956827,0.472554374548562,0.5032263125905134,0.39728789224217964,0.9291490191629246,0.12559241944200222,0.5608759195149472,0.34323416947847474,1.1574835129201633
Cntnap_hom,OFT-0416-00,medium,4.726257417982592,257,1.473890807902687,0.67879775701482,0.4605481989406894,0.47210005454280135,0.4878293936999557,0.36572603286460076,0.8967152619197702,0.19166161878904417,0.49721466122640745,0.3444381400077258,1.0618046911308876
Cntnap_hom,OFT-0416-00,slow,3.62543764809709,258,1.852703290637057,0.6236708446051518,0.3366274825315935,0.3329528538304303,0.37250790279078844,0.22616642078990412,0.8861890930318184,0.10745011822014917,0.270225979121282,0.18883804867071557,1.197673998338542
Cntnap_hom,OFT-0417-00,fast,5.612328341922701,259,2.012824491763238,0.6100434651960678,0.30307831988951434,0.30140637050424635,0.3414489630528337,0.23404562269454268,0.8252389430182232,0.06957240133562625,0.23693888516294243,0.15325564324928434,1.527158267926526
Cntnap_hom,OFT-0417-00,medium,4.373913299980736,260,2.171225448917992,0.6164025808891349,0.28389616619329555,0.28371292974079687,0.3254594680302755,0.23430192703253414,0.8322076951138722,0.057960347706026635,0.17736790226866905,0.11766412498734785,1.9912775202954007
Cntnap_hom,OFT-0417-00,slow,3.4209484594675494,261,1.9450025819522034,0.6783949036766433,0.3487886905505991,0.32946134786082326,0.3899894671913546,0.311040772003683,0.8243208240273153,0.12212958867485017,0.3024666840595698,0.21229813636720998,1.465113059050499
Cntnap_hom,OFT-0418-00,fast,5.6447210108296355,262,1.3129783459529332,0.6421554327140842,0.4890830337708431,0.49220864266424635,0.5082170836387482,0.22718029974591494,0.9908284964978729,0.18779827972254373,0.6270612585886612,0.4074297691556025,0.5575937669374178
Cntnap_hom,OFT-0418-00,slow,3.8300224046756886,263,1.4353714188601987,0.6796582101912063,0.4735068577099787,0.45195019791991226,0.4992757767701319,0.3292009667747924,0.8424442088812522,0.29981547704562506,0.5256424543788583,0.41272896571224166,0.7976202159853114
Cntnap_hom,OFT-0418-00,medium,4.691575429741383,264,1.51383238917236,0.625607454671155,0.4132607144263746,0.4026710690054438,0.4398040569569722,0.27209927020417757,0.8599159289137642,0.1486541764446439,0.478546852265303,0.3136005143549735,0.8676620660646638
Cntnap_hom,OFT-0422-00,slow,4.31092131446768,265,1.7728998451310882,0.7625959778664986,0.4301404729436999,0.4167306603261735,0.47169741105904983,0.44775821606648325,0.7936903280080202,0.22271347049950482,0.42262762966219086,0.32267055008084783,1.3876637206410491
Cntnap_hom,OFT-0422-00,medium,5.6025015688305,266,1.8604096190410926,0.6743421050094591,0.3624696938285204,0.3716306728172677,0.40145374522613775,0.3377778921594341,0.8877981904338621,0.15034900228057707,0.22988989603067778,0.19011944915562742,1.776661428694425
Cntnap_hom,OFT-0422-00,fast,6.741062934965528,267,1.830617607642682,0.7650828854702896,0.4179370297085146,0.38310442300330316,0.46133026167873614,0.40156282879876015,0.8425536155588103,0.19048023021794203,0.4107243721394324,0.30060230117868725,1.335860794226119
Cntnap_hom,OFT-0433-00,medium,4.85166233232642,268,1.903024355517544,0.5881868835745132,0.30908006083534895,0.3187750619600459,0.34396841367774456,0.2793506379713746,0.7874347823974245,0.09125057878562377,0.21783765555655524,0.1545441171710895,1.8075785936394904
Cntnap_hom,OFT-0433-00,slow,3.752725409475862,269,1.993255546072435,0.6495366965438621,0.32586724658748695,0.31162133092034294,0.36632592783203394,0.3038419455379227,0.7953508432587468,0.13845303767756434,0.22765788485390154,0.18305546126573294,1.659835458811304
Cntnap_hom,OFT-0433-00,fast,6.267928915201285,270,1.955299036002039,0.5848217483955676,0.2990958097086474,0.3091529757417431,0.3348115520445123,0.2473040363847112,0.8120353654766189,0.07110129596715133,0.20880551034956774,0.13995340315835952,1.7670455366125162
Cntnap_hom,OFT-0445-00,fast,5.866197881094069,271,2.001971730016042,0.5824044592016426,0.2909154262617763,0.30286697914803606,0.32735155537925964,0.1798100791017816,0.8761009667711012,0.05216189451673789,0.20133328112741805,0.12674758782207796,1.4186469517210076
Cntnap_hom,OFT-0445-00,medium,4.4586961691838,272,1.7531482088318953,0.6166753693392715,0.3517531297312028,0.367772168264314,0.38486840968221125,0.26182164518875173,0.8846788089336851,0.11482429367146305,0.2781488909349454,0.1964865923032042,1.332516596270992
Cntnap_hom,OFT-0445-00,slow,3.4375664744776997,273,2.1485725259814856,0.6405683366707996,0.2981367065457484,0.2976950625914042,0.3409406603113798,0.20003090050293756,0.8907179247367099,0.0660663483915591,0.20694746761431265,0.13650690800293588,1.4653536837757357
Cntnap_hom,OFT-0449-00,fast,5.493761108819254,274,1.677307805011109,0.6205355993434749,0.3699592868342761,0.37702482001620563,0.4012813258979261,0.2638512347562669,0.8881408585988201,0.11221055944456171,0.34092265079205564,0.22656660511830867,1.1645636594081854
Cntnap_hom,OFT-0449-00,medium,4.297975374703842,275,1.88639557436988,0.5729165259546364,0.3037096427381144,0.3024375718102179,0.33736050314017973,0.25956626846632386,0.7220864636952752,0.10906796059130083,0.25872131980781915,0.18389464019955998,1.4114944741437057
Cntnap_hom,OFT-0449-00,slow,3.484760294827861,276,2.178298675740572,0.8894590739156856,0.4083274180081342,0.3785773479093971,0.4684688749965781,0.5583727521612384,0.8525584345626116,0.2546402441457658,0.20830406911669613,0.23147215663123097,2.4122674635585133
Cntnap_hom,OFT-0517-00,fast,6.49232180134798,277,1.9624179686005396,0.6963930726017795,0.35486480645017676,0.36093414583610683,0.3975558397191272,0.3487808951457346,0.8952128953483572,0.0703211960516243,0.2759083723307925,0.1731147841912084,2.0147377751428777
Cntnap_hom,OFT-0517-00,medium,5.214542545345634,278,2.311101537595088,0.6202830869897178,0.26839283211899856,0.2733969638648172,0.31237911397783846,0.25673410018329584,0.8383559756464644,0.035521323954194564,0.118905056127399,0.07721319004079678,3.3250031509855558
Cntnap_hom,OFT-0517-00,slow,4.0051833223671185,279,2.0763754130450187,0.8042750665570149,0.38734568975537037,0.36382417913863696,0.4394618618555759,0.44143566702556053,0.8825129287356013,0.17637333256387447,0.2575255190972676,0.21694942583057103,2.0347399645588573
Cntnap_hom,OFT-0518-00,slow,4.143823316552378,280,1.8491036458914576,0.704691941633531,0.38109921160952404,0.3905070813806491,0.421548302862525,0.35682317816419834,0.9441363199221414,0.21816409851928298,0.1670696148444769,0.19261685668187994,1.8525023422717177
Cntnap_hom,OFT-0518-00,medium,5.358514744246365,281,2.3425047468128315,0.6692092003566529,0.2856810434502498,0.29097989347135855,0.33362206306355024,0.30999598992917315,0.8627304429289698,0.040720064266168046,0.12104175512988949,0.08088090969802877,3.832746084169332
Cntnap_hom,OFT-0518-00,fast,6.586669302408414,282,1.9477230809774901,0.7660205254206692,0.3932902643615189,0.3970446512112491,0.43988154699391285,0.4510656630432317,0.902638410497242,0.16271427541124853,0.24310783902392885,0.20291105721758868,2.222972317174111
Cntnap_hom,OFT-0521-00,slow,4.041527710281774,283,1.812064990437359,0.8183693417242975,0.45162251135748527,0.4744480242553119,0.49746586515333674,0.5401539239950811,0.953953431559253,0.2169384994864651,0.27881760557254764,0.24787805252950637,2.179111536834361
Cntnap_hom,OFT-0521-00,medium,5.503366695297294,284,1.771733766593051,0.6869377131891375,0.38772061928360824,0.4045623622789851,0.4251227560217994,0.41130323682632786,0.8656496858595021,0.1442441075620479,0.27929399383931963,0.21176905070068375,1.9422254359900186
Cntnap_hom,OFT-0521-00,fast,7.167125180291678,285,1.52127143259588,0.7838408204988268,0.5152537566299328,0.5043413626311707,0.5488271396135447,0.49492846753328523,0.8848700760557738,0.1905784535647764,0.6249315613003431,0.40775500743255977,1.2137888156165524
Cntnap_hom,OFT-0522-00,fast,6.882982797361693,286,1.9820334088589462,0.6058265733015197,0.30565911280491137,0.30582818802099887,0.34318004536698743,0.1925492146232064,0.8944586389427803,0.06166534490545455,0.22404698299650877,0.14285616395098166,1.3478537383187466
Cntnap_hom,OFT-0522-00,medium,5.029857669525892,287,1.8985131577396224,0.6777307857662896,0.3569797675635805,0.3578255210808343,0.39707364483891927,0.30964510305853066,0.8866989191429514,0.11512399759662638,0.27682655955756846,0.19597527857709743,1.5800212419992306
Cntnap_hom,OFT-0522-00,slow,3.7527233903396757,288,2.291288323435222,0.6129169058519777,0.26749881260384545,0.2631725659653513,0.310676074259862,0.24213241101143715,0.79763809031057,0.060306113763334064,0.1426276819541066,0.10146689785872033,2.3863192442186962
Cntnap_hom,OFT-0533-00,fast,6.75787728492555,289,1.45646696860018,0.5588836087700628,0.383725563860339,0.3677002872561378,0.4056203194740545,0.22096403360507988,0.7678026441183167,0.11542590116751165,0.5182886990053097,0.31685730008641066,0.6973613470316777
Cntnap_hom,OFT-0533-00,medium,4.870605071321753,290,1.6930555005893944,0.739489953385971,0.4367783295518288,0.4338761904029594,0.4746172825310967,0.36461855935736714,0.9652768344070428,0.1286236261939874,0.4399501101659897,0.28428686817998855,1.2825726411200913
Cntnap_hom,OFT-0533-00,slow,3.687560742451866,291,2.0532608801101326,0.6330581215124992,0.3083184059292764,0.30997612954391973,0.3489108703771792,0.2511679563195281,0.8534654333410158,0.12762925035876768,0.16338084148940518,0.14550504592408642,1.726180385871763
Cntnap_hom,OFT-0535-00,fast,5.649208310497758,292,1.5697076470089402,0.5863669316997409,0.37355168194348565,0.38080522726548066,0.40015358816301755,0.2136241651310682,0.8650699344520657,0.06449278618187938,0.4574274668870569,0.26096012653446815,0.8186084516741383
Cntnap_hom,OFT-0535-00,slow,3.6006657357068366,293,1.9750661207658586,0.6029402060961684,0.3052759600080478,0.3088032772428121,0.3424839907690628,0.22386573238028457,0.8472446660360572,0.08037862873223536,0.21844693592767395,0.14941278232995464,1.4983037521241809
Cntnap_hom,OFT-0535-00,medium,4.48435916327151,294,1.5748399705509062,0.6608127809890403,0.419606304987215,0.43077702282490604,0.4497571144874432,0.30035764870031784,0.9339476416446463,0.13566394697294248,0.4290592206318664,0.28236158380240445,1.063734112323534
Cntnap_hom,OFT-0540-00,fast,5.472745842846463,295,1.5603680010936771,0.632768323976338,0.40552505789200016,0.41418824328137127,0.4339304661525425,0.29008703659011315,0.8991471178592437,0.1141864281288501,0.43230128203196294,0.2732438550804065,1.0616415747199521
Cntnap_hom,OFT-0540-00,medium,4.4072929244988,296,1.8892561967972517,0.6811070136853826,0.36051596117034024,0.3581164492285538,0.4005898427347205,0.3429781701058516,0.8752571472566596,0.0963040952663953,0.28781995830997537,0.19206202678818535,1.7857677326507824
Cntnap_hom,OFT-0540-00,slow,3.4865678442023564,297,1.4507832557742273,0.7846491460681578,0.540845190310265,0.5504076404359978,0.5713206847800018,0.5342624681495489,0.946292000934042,0.2752297109037123,0.5294985591327042,0.4023641350182082,1.3278083746837224
Cntnap_hom,OFT-0541-00,medium,4.633590658544524,298,1.8317772325444535,0.7450506956988157,0.406736519300381,0.42163931926612563,0.4490257913501853,0.3939610095610839,0.9525738624149548,0.146988817791807,0.30257947563289556,0.22478414671235128,1.7526191918917775
Cntnap_hom,OFT-0541-00,fast,6.086351115703484,299,1.8006755923039166,0.7777489472587232,0.4319206361117019,0.4226037687830778,0.4751491750050795,0.42121100687536384,0.9052180055713288,0.19823449519992015,0.37593319237370554,0.28708384378681284,1.4672055428801951
Cntnap_hom,OFT-0541-00,slow,3.589865698793129,300,1.5356865744896215,0.6256881911606739,0.4074322205809597,0.41722179303225326,0.43471421690342404,0.28889556912207903,0.8928862559590844,0.10893485602613055,0.44814018650640186,0.2785375212662662,1.0371872622716103
Cntnap_hom,OFT-0546-00,slow,3.630768998549823,301,1.8814192311219196,0.6575189821927185,0.3494803132211154,0.35125236389251613,0.38798514684256563,0.3278232476735104,0.8278090695408209,0.1663976750529385,0.22991059510299275,0.19815413507796564,1.6543850954436312
Cntnap_hom,OFT-0546-00,fast,5.957535303641907,302,1.819049140548986,0.656867698257066,0.36110497710843836,0.3487892510789816,0.39807531725201684,0.34035692892745617,0.7898366823350336,0.17581609685817048,0.2862915608874069,0.2310538288727887,1.4730633575211016
Cntnap_hom,OFT-0546-00,medium,4.739172709014369,303,1.8983529621262683,0.8003605054498489,0.4216078471273317,0.39288572917997633,0.4689519294176463,0.4943902277577813,0.7029834087720682,0.2914893284876417,0.38694475265309414,0.33921704057036794,1.4574451416901146
Cntnap_hom,OFT-0548-00,slow,4.330277967816983,304,1.9003002280841363,0.7430256274594409,0.39100433525104183,0.38944545406394004,0.43500699677709165,0.43165527786139357,0.8878361722573802,0.18174856416902552,0.23878797282056718,0.21026826849479635,2.052878834031375
Cntnap_hom,OFT-0548-00,medium,5.6074655190603515,305,1.6874657693730128,0.7999900338859529,0.47407778480934376,0.475382631616464,0.5148168159439198,0.5922273160293793,0.8601638325475253,0.2773269354203362,0.3295491797784387,0.30343805759938747,1.9517239225518124
Cntnap_hom,OFT-0548-00,fast,7.029341067940121,306,1.8469890227489034,0.8185454719370391,0.44317830905068656,0.44404451505626463,0.4900992044114808,0.565377413186019,0.906916070417191,0.2224343417783328,0.26566899226438023,0.2440516670213565,2.3166299992392343
Cntnap_hom,OFT-0580-00,fast,5.734409401503162,307,1.7001968982764095,0.7085154814594121,0.4167255464221093,0.41680230135158564,0.45319928830177236,0.3196551334486868,0.9279734697739694,0.10212670658749765,0.46304184339693544,0.28258427499221656,1.1311851427595938
Cntnap_hom,OFT-0580-00,slow,3.5290572018743362,308,1.6674575712861328,0.6442616988257285,0.3863736684639002,0.3753659575811054,0.4186096722591287,0.3199592844534723,0.854771859997109,0.18992666515244128,0.30978087943349214,0.2498537722929667,1.2805861665290497
Cntnap_hom,OFT-0580-00,medium,4.475038161694499,309,1.6976659111583832,0.6505138436227695,0.38318130755120056,0.3966478858105501,0.41659787456014674,0.4122026462849261,0.8098171635482531,0.11249709530005576,0.33187459310735223,0.222185844203704,1.8552156090871894
Cntnap_hom,OFT-0581-00,fast,5.215325186517192,310,1.698644580356068,0.7106396549137857,0.4183568847373723,0.4132989612870875,0.45489223100942394,0.3700653233156661,0.9304304707287462,0.10774140453147873,0.41133172546180463,0.2595365649966417,1.4258696970904836
Cntnap_hom,OFT-0581-00,medium,4.210956861546267,311,1.7252492077559105,0.7467978188716552,0.4328637367369321,0.43392982708240724,0.4721054970037726,0.41380110153561633,0.9220644639538405,0.16896562011438632,0.3835908024112477,0.27627821126281704,1.4977695839429659
Cntnap_hom,OFT-0581-00,slow,3.3953046876755573,312,1.8959641742268525,0.6780641433532689,0.35763552527556275,0.37073562425880646,0.397689102535276,0.3300912181771315,0.9330800184646331,0.11514102138331549,0.21244415211602413,0.16379258674966982,2.015300110508798
Cntnap_hom,OFT-0583-00,fast,6.396227838079184,313,1.8719582785966182,0.7246910029199802,0.38712989023626704,0.3660313706234072,0.4293250293217312,0.3876998495744385,0.7898023940457881,0.1287430820829984,0.41105479158369973,0.2698989368333491,1.4364630484403367
Cntnap_hom,OFT-0583-00,medium,4.685656253466641,314,2.046395752659197,0.7478492454610643,0.36544702777518406,0.38104803336543447,0.41324730498591905,0.4332556849237427,0.9291800616712761,0.1098738349594939,0.18067963838916318,0.14527673667432855,2.982278476525706
Cntnap_hom,OFT-0583-00,slow,3.783493998334401,315,2.153914522225453,0.802659601636929,0.3726515575964502,0.34811465580228684,0.42640256310151015,0.5899520418397414,0.725929062798526,0.14329282882610528,0.2464363189416675,0.1948645738838864,3.027497661998199
Cntnap_hom,OFT-0584-00,slow,3.9283359676675684,316,1.841163317107971,0.7342168742552335,0.39877878699457975,0.35997102523964813,0.4407085479021615,0.3743164972274197,0.824683111037501,0.22288777512509955,0.34094680821862583,0.2819172916718627,1.3277528845697943
Cntnap_hom,OFT-0584-00,medium,5.37613917170456,317,2.0728860825168463,0.6167060242437424,0.2975108132787275,0.2855847853524307,0.3374102146493545,0.27118887860471014,0.773470914100989,0.05866005266921068,0.2463210132225082,0.15249053294585946,1.7783981298104163
Cntnap_hom,OFT-0584-00,fast,7.0680910887883295,318,1.388377544610127,0.6193793672760912,0.4461173905330055,0.4532328251244966,0.46777513762589107,0.22501237954478706,0.9265125146358075,0.12312066154645218,0.5964549947765178,0.35978782816148497,0.6254029790129362
Cntnap_hom,OFT-0599-00,medium,5.005230237298651,319,1.9741071015639589,0.6287574309389571,0.3185021878705734,0.31583507122031007,0.35728409325412114,0.23989955480451558,0.852314344414428,0.08842855532838885,0.24849391846915247,0.16846123689877066,1.4240638334424234
Cntnap_hom,OFT-0599-00,fast,6.797733873063763,320,1.5675268356341736,0.6273888481815055,0.4002412168769558,0.4069902385379164,0.42863467079002443,0.24845515085927075,0.9303356494377106,0.10961403004562686,0.4261338528174895,0.2678739414315582,0.9275077281929309
Cntnap_hom,OFT-0599-00,slow,3.6870270258245283,321,1.8666706852950672,0.6539129594105118,0.35030975981022966,0.354802447431315,0.38826015976026484,0.2583199751498411,0.9171241569794625,0.12081931346850103,0.2567771934432549,0.18879825345587797,1.3682328645598956
Cntnap_hom,OFT-0605-00,fast,5.880437502527345,322,1.72647816010776,0.6333790622502317,0.3668619023890222,0.37762701025883194,0.4001765473716734,0.3356963770682061,0.8732641737245446,0.10782738310828648,0.2839182555856564,0.19587281934697146,1.7138487013532466
Cntnap_hom,OFT-0605-00,medium,4.309585604795141,323,1.6042464436897514,0.6782660863070566,0.4227941965992776,0.40696385977626204,0.45472818281274996,0.38471061627957537,0.8290601346500472,0.15057091467123196,0.45457106565014527,0.3025709901606886,1.2714722454894445
Cntnap_hom,OFT-0605-00,slow,3.1850536064181103,324,1.7865819399810154,0.7483347902799063,0.41886396225848915,0.4385089011860699,0.46004781576116627,0.5273964953459803,0.877996616011609,0.15887733006109842,0.275920821625977,0.21739907584353768,2.4259371540546386
Cntnap_hom,OFT-0613-00,fast,6.226219995808894,325,1.5332142434252016,0.6487628709839212,0.4231390842903888,0.4280988598213709,0.45134205762708035,0.36527441173141595,0.8279174509078704,0.091937483708539,0.5202388841604961,0.3060881839345176,1.1933633211060517
Cntnap_hom,OFT-0613-00,slow,3.5694715644569253,326,1.721403511326058,0.8505912049136021,0.49412656551302236,0.47470371308686365,0.5386846454380949,0.5324090122383629,0.9535578118146224,0.2565818062580921,0.4121899514413019,0.334385878849697,1.5921994495397793
Cntnap_hom,OFT-0613-00,medium,4.698563484007206,327,1.9148049078364717,0.6540509039680954,0.3415757403228636,0.3528860723723416,0.3806351357785174,0.3318180480861385,0.86754169461204,0.10780773764038855,0.2153730627755027,0.16159040020794563,2.053451490058396
Cntnap_neg,OFT-0365-00,slow,3.5486563325655895,328,2.172728134916275,0.8225191664805293,0.37856515652485195,0.3331096764013404,0.43405940776931173,0.425981667567799,0.8387184844673361,0.14165926925416875,0.3298782097879432,0.23576873952105598,1.8067775585225772
Cntnap_neg,OFT-0365-00,medium,4.599196781198974,329,2.6143614397383224,0.8543697346555953,0.326798629167783,0.2881267379431373,0.3927450173537597,0.4531548224484755,0.8562920441130324,0.08395244037753216,0.1775807624759988,0.1307666014267655,3.46537126073633
Cntnap_neg,OFT-0365-00,fast,5.783468253563591,330,1.7334127812015887,0.7280086121720137,0.41998571838576365,0.43427952286928473,0.4584885801090447,0.49250499091704747,0.8683090660778827,0.14890171847271738,0.3242385449685314,0.23657013172062438,2.0818561808075895
Cntnap_neg,OFT-0370-00,slow,3.6458557372453764,331,2.094285253046026,0.6662696139938642,0.31813699352789243,0.30445200537702566,0.36165357108613894,0.2868109610135316,0.833482727493303,0.12267095260747296,0.20364964323024806,0.1631602979188605,1.7578477403624408
Cntnap_neg,OFT-0370-00,medium,4.653177450859753,332,1.8834968780171872,0.6041577165047152,0.32076385342391955,0.3479892803779764,0.35618808630901905,0.2880858514651678,0.8683807688158178,0.08359156912171938,0.18469415583337118,0.13414286247754528,2.1476047710953807
Cntnap_neg,OFT-0370-00,fast,5.657136331492739,333,1.9510591216142796,0.6221443929599835,0.3188752129895632,0.32948849455978846,0.3567838604858658,0.3012645007685797,0.8175838146675052,0.13048147366765922,0.17780565283971905,0.15414356325368914,1.9544410055758166
Cntnap_neg,OFT-0375-00,fast,5.289233643659973,334,2.077095163957403,0.4433869456732217,0.21346491646942883,0.2308584858332689,0.24220517011990295,0.13590082792220132,0.6981310523920713,0.035021781217760214,0.09976701894757899,0.0673944000826696,2.0165002990678462
Cntnap_neg,OFT-0375-00,medium,4.156534156370047,335,2.168867666781365,0.5245369775142228,0.24184830893470058,0.24524027067618936,0.2771843925071409,0.2104102469774759,0.7229012832547145,0.03483451996500324,0.1405915198313702,0.08771301989818672,2.3988485087129656
Cntnap_neg,OFT-0375-00,slow,3.3770329405014476,336,1.9467264066465526,0.7045198953895164,0.36189979905965747,0.3209942589838579,0.40472731110089,0.2863089651090424,0.8915197078293694,0.17821431449546857,0.26286625696967947,0.220540285732574,1.2982161701568626
Cntnap_neg,OFT-0384-00,fast,6.802042930063223,337,1.9034577732899916,0.6939258562287662,0.36456067792319063,0.36508527095578575,0.40573132521138755,0.30584281837326655,0.9155982057897961,0.13553387786535498,0.26595039881713284,0.2007421383412439,1.5235606280797944
Cntnap_neg,OFT-0384-00,medium,4.946531157984853,338,1.9767995161193297,0.6128441076705168,0.310018341603804,0.3369421912009791,0.3478715623621432,0.273957343540418,0.8986326027766499,0.05635912444493843,0.1625371786865663,0.10944815156575237,2.5030787603190783
Cntnap_neg,OFT-0384-00,slow,3.6359526601478165,339,1.5769370274542904,0.6376249840551055,0.40434397376314246,0.40563373613218745,0.4335041000496378,0.23598632767532635,0.9245608753499216,0.15287365804274247,0.42059553913056086,0.2867345985866517,0.8230130888931106
Cntnap_neg,OFT-0426-00,slow,3.768483213283367,340,1.6731651003260573,0.7796686338225136,0.46598427953737265,0.456346625158222,0.5051948238230155,0.44152169339963254,0.846222600533885,0.32039617017890054,0.41263883117964384,0.3665175006792722,1.2046401401879965
Cntnap_neg,OFT-0426-00,fast,5.398446149736708,341,1.5349999548616675,0.6438044053723003,0.4194165630645372,0.4206150604965768,0.4474650433530074,0.38246171774969095,0.7948205123705271,0.18694619222475078,0.42563175106706097,0.30628897164590585,1.2486956866075047
Cntnap_neg,OFT-0426-00,medium,4.644484707645999,342,1.854361925251308,0.7158629146833277,0.3860427163302073,0.3925392722884471,0.42727024112434747,0.5297030807430589,0.7366063378476232,0.19780531728298173,0.24496622862372586,0.2213857729533538,2.392669924885679
Cntnap_neg,OFT-0427-00,medium,5.154198217173152,343,1.883310164617746,0.7475714780937783,0.3969454910500695,0.37777526071282763,0.44077373943053305,0.3871220097463518,0.8775371329843649,0.1635488700813456,0.33488694491006965,0.24921790749570763,1.5533474846827342
Cntnap_neg,OFT-0427-00,slow,3.884995153332113,344,1.7806888524101339,0.759714538276749,0.4266408122050562,0.4339844264565287,0.4682750279640178,0.5623607791056838,0.736972742869159,0.3299192279423589,0.24384736193886947,0.28688329494061415,1.9602423320677995
Cntnap_neg,OFT-0427-00,fast,6.159988702688991,345,1.5978823350372424,0.6577831569297817,0.41165932090641116,0.4206383845356643,0.4424248004093323,0.40221750033544496,0.8345291752844557,0.12572088263893855,0.40723164337848994,0.26647626300871424,1.5093933538173783
Cntnap_neg,OFT-0429-00,fast,6.101952829419583,346,1.998183062675425,0.6820340090842459,0.34132708950652946,0.34862004817056724,0.3839154544537441,0.26611730529543665,0.9411274792801654,0.06684178614265879,0.26157524709671554,0.16420851661968716,1.620605987884136
Cntnap_neg,OFT-0429-00,medium,4.671165330809269,347,1.7709979936887872,0.6485685515613103,0.36621642366201435,0.3740082684571572,0.40151043964942623,0.28096815328244834,0.9243833706898112,0.13634296280089953,0.2643472718245458,0.20034511731272267,1.4024207679784857
Cntnap_neg,OFT-0429-00,slow,3.531629594144018,348,1.6722229625245113,0.6394213722062924,0.3823780599454122,0.3932782961606154,0.4145084739780223,0.3786812171106648,0.8087660479220246,0.23786447162866914,0.2327221592507303,0.23529331543969972,1.6094006597808008
Cntnap_neg,OFT-0435-00,slow,3.4817203628420565,349,1.2874573362203992,0.5455909758444348,0.4237740238027083,0.41831494140297715,0.4390011428079241,0.14639366269251639,0.8901477937343226,0.12202966831067565,0.597433446494182,0.3597315574024288,0.4069525168978905
Cntnap_neg,OFT-0435-00,medium,3.965127527195972,350,1.1277257416354285,0.4781223987654088,0.4239704576327534,0.43303640663283594,0.43073945027433524,0.12473406038221718,0.8067844902612338,0.13828615569377017,0.6531530947601198,0.39571962522694504,0.31520817374342314
Cntnap_neg,OFT-0435-00,fast,4.744038696168232,351,1.5753124397245721,0.6262180015819611,0.39751987338552924,0.3651803953710974,0.42610713941008327,0.3251064399817421,0.7035286663251085,0.14905040629294286,0.5267430450405395,0.33789672566674117,0.9621473523907011
Cntnap_neg,OFT-0437-00,slow,3.531818782315962,352,2.2766287561226592,0.6534739911580456,0.2870358153039327,0.265148039581591,0.3328405872856968,0.2544831289468159,0.8098753168803129,0.10519755498348987,0.16180634833216828,0.13350195165782908,1.9062127990388222
Cntnap_neg,OFT-0437-00,fast,5.390249528177539,353,1.7657961512817564,0.5196699587644454,0.2942978204971323,0.2986114156203848,0.3224693377805465,0.19078867309776892,0.7664312091347859,0.0670274981218477,0.2656299707677835,0.1663287344448156,1.1470578053431209
Cntnap_neg,OFT-0437-00,medium,4.424237565663325,354,1.9638390793792813,0.6682002759117607,0.3402520516716479,0.34429367397706373,0.38124557970166195,0.3511148192187993,0.8743280285830385,0.0882575282189319,0.21128194278587797,0.14976973550240494,2.3443642872238444
Cntnap_neg,OFT-0440-00,medium,4.262513234484486,355,1.9211271001846,0.7943117784524385,0.4134613365123596,0.40790892837310183,0.4610676417548696,0.42584074064874305,0.9351201385782013,0.16614907573816298,0.31716061205437124,0.24165484389626712,1.7621858257951561
Cntnap_neg,OFT-0440-00,fast,5.312063415884677,356,1.889376504803096,0.47312933421567843,0.250415591076161,0.2560033563539888,0.2782548089686007,0.13299514994909428,0.7369045642174056,0.03288063973784178,0.2102388819700611,0.12155976085395144,1.0940721585400448
Cntnap_neg,OFT-0440-00,slow,3.462003160763625,357,1.9996728665257764,0.7492973775945542,0.3747099788858867,0.35151221208527217,0.42153340372447023,0.32330504222992645,0.9402332708893476,0.1308111328224952,0.29178416895611137,0.2112976508893033,1.5300929322650287
Cntnap_neg,OFT-0441-00,slow,3.70503288144008,358,1.4821644058555443,0.648001233169955,0.4371992949027214,0.44864076593286417,0.4635495371861256,0.31826651076063706,0.887776862225634,0.1634442698103804,0.48471050594785076,0.32407738787911555,0.9820694768107486
Cntnap_neg,OFT-0441-00,fast,6.139448007023413,359,1.9090000888625382,0.6252685088982356,0.3275371816618388,0.34338226752423223,0.3647535975663885,0.18089181064894722,0.9801660720966128,0.0646126267356084,0.2333438807843852,0.1489782537599968,1.2142162099735911
Cntnap_neg,OFT-0441-00,medium,4.835190408722478,360,1.723162338481132,0.5557754027995184,0.3225322364516174,0.33544018682192833,0.351687632245105,0.1978593162648554,0.8580056616077208,0.10803755446705393,0.24284799664078988,0.1754427755539219,1.1277712384574299
Cntnap_neg,OFT-0451-00,fast,5.897495011313239,361,1.5531692154637724,0.6579913575580506,0.42364434667318335,0.41765165032068596,0.45293772303379176,0.23887237142165904,0.9577317572381635,0.2038621742573652,0.4112845892179793,0.30757338173767224,0.7766353839598255
Cntnap_neg,OFT-0451-00,medium,4.809765482786067,362,1.5304909071202204,0.6324274615616197,0.41321869905885195,0.418236251608753,0.4406197943716979,0.2921777876656078,0.9182240939667898,0.16893482164231496,0.38314247421207903,0.276038647927197,1.0584669569265075
Cntnap_neg,OFT-0451-00,slow,3.9297478353456565,363,1.4611481546854417,0.584048990253065,0.39971921285340156,0.41579019946475204,0.4227604350283594,0.25252948743765213,0.8457015869646654,0.19962674134769448,0.39318392436342536,0.2964053328555599,0.8519734952296262
Cntnap_neg,OFT-0453-00,fast,5.189966774657013,364,1.053541229878522,0.564121683324421,0.5354528777098422,0.5218725221794129,0.5390364784116646,0.24848338200045847,0.8225248927861739,0.19970961967929343,0.8854280191807323,0.5425688194300129,0.45797578685317514
Cntnap_neg,OFT-0455-00,fast,5.428936108065653,365,1.6522753920447677,0.5918953274147899,0.3582304319634585,0.3671352264308246,0.38743854389487503,0.21149992098239176,0.90908617652644,0.0837743828347448,0.3453936952359238,0.2145840390353343,0.9856274582825114
Cntnap_neg,OFT-0455-00,medium,4.214892422770928,366,1.6702556829333997,0.5939896613972512,0.3556279840665186,0.3609212237607563,0.38542319373286016,0.20914996271525477,0.843121250074754,0.08655832535843991,0.40286323678299185,0.24471078107071587,0.8546822571532522
Cntnap_neg,OFT-0455-00,slow,3.455063330562489,367,1.6506660500105665,0.5973122546917917,0.3618613557163595,0.3716590183952408,0.3912927180882886,0.2634319798805088,0.8600697865997393,0.11837480946121601,0.32329429641169016,0.2208345529364531,1.1928929435074114
Cntnap_neg,OFT-0495-00,medium,4.874799376706746,368,2.025848358566563,0.7749474137305702,0.38252982285352427,0.3844210706125121,0.4315820217131551,0.3933051131870444,0.9273144801820059,0.09824855167733397,0.30745994180623615,0.20285424674178507,1.9388557030688438
Cntnap_neg,OFT-0495-00,slow,3.8173744386915307,369,2.5204785193367685,0.7976551820827776,0.31646974015579804,0.2969711101259801,0.3766179203966705,0.37947145589359876,0.913035600540627,0.06316753820777506,0.15079708694468083,0.10698231257622795,3.547048542470182
Cntnap_neg,OFT-0495-00,fast,5.964597873180632,370,2.108664677028889,0.6148792848821104,0.2915965215239798,0.3067073456086573,0.33200686694374615,0.25759060560291275,0.8802788329314893,0.05931058707877216,0.13084744216181016,0.09507901462029116,2.709226706141519
Cntnap_neg,OFT-0497-00,fast,6.1419423487672224,371,1.7858722487797676,0.5788505360700831,0.3241276280907518,0.3426702771685688,0.35596799158816816,0.20338696289033684,0.8484091899633159,0.08745233640489421,0.284623477094126,0.1860379067495101,1.093255489937254
Cntnap_neg,OFT-0497-00,medium,4.734683345833588,372,1.8929007487094263,0.6534514578501416,0.345211685449257,0.34254359612450525,0.3837416569993676,0.24863008929842084,0.9237152130591683,0.151886292439768,0.2107350332001131,0.18131066281994057,1.3712932567310459
Cntnap_neg,OFT-0497-00,slow,3.55205921605821,373,1.8928789534847414,0.6115737466521645,0.32309184141240144,0.327237067581466,0.35915207956737183,0.25314874688502914,0.8662571393186005,0.13477473581034582,0.1824276962555119,0.15860121603292887,1.5961337070232189
Cntnap_neg,OFT-0504-00,fast,5.784659685706958,374,2.0113740366450075,0.5592114184243439,0.27802457834104005,0.2924171252013582,0.31317293335145313,0.18036628013789457,0.8455832556268823,0.07060319958951906,0.15613899805151635,0.11337109882051771,1.5909370378727614
Cntnap_neg,OFT-0504-00,medium,4.527069524706072,375,1.9442625790981924,0.6592269571325498,0.33906271931557674,0.3439097792500795,0.3790832490426985,0.2979326238477622,0.8707096184724743,0.09673307899999543,0.2509576748505621,0.17384537692527877,1.7137793890016293
Cntnap_neg,OFT-0504-00,slow,3.6348928888779466,376,1.8377990788123488,0.7046068326205743,0.3833970975085679,0.3764317286332723,0.42354831439756857,0.328726956266579,0.905519621750245,0.18040346143261446,0.2795432181408358,0.22997333978672513,1.4294133249159966
Cntnap_neg,OFT-0509-00,fast,5.7259250135585775,377,1.9615066972693496,0.4913648768974355,0.2505037977089111,0.25461329024453117,0.28061143260747673,0.1623194697899612,0.7170122424826664,0.057014324558553514,0.18609969359872597,0.12155700907863974,1.3353361605413532
Cntnap_neg,OFT-0509-00,medium,4.474773825912342,378,1.8323737401774918,0.6803893756556084,0.3713158297006062,0.3660175829502443,0.4099500229449815,0.27590232360231515,0.856564837372598,0.11222379275072443,0.3951091380542884,0.2536664654025064,1.087657854831248
Cntnap_neg,OFT-0509-00,slow,3.594061271936992,379,2.093398298900034,0.6260805714943742,0.29907379394706934,0.30445961207915234,0.33994964114048243,0.19791275638658548,0.8900208417797061,0.11974000810300348,0.1521249582926343,0.1359324831978189,1.4559636646861542
Cntnap_neg,OFT-0515-00,slow,3.8647369538676095,380,2.7494455409140275,0.7304188730357853,0.2656604257718683,0.24016710680471773,0.3237552316798579,0.33000933454062176,0.8010234582807378,0.05071292373746687,0.11327521016060507,0.08199406694903597,4.0247952909293
Cntnap_neg,OFT-0515-00,medium,5.167192179235507,381,2.175221110107424,0.595991414653276,0.27399118732524747,0.26535342460811523,0.31424121574125097,0.26137049173243987,0.7334513284657614,0.09443790910624528,0.16770513366055761,0.13107152138340145,1.9941058818406234
Cntnap_neg,OFT-0515-00,fast,6.51343854460747,382,2.327824756354377,0.6531892234254135,0.2806006859590143,0.2698243766576407,0.3271742531423142,0.32340663735281344,0.7484662022757813,0.08572686857551741,0.1510973043651445,0.11841208647033097,2.7311961725617038
Cntnap_neg,OFT-0524-00,slow,3.6293660722849834,383,1.8895965874722986,0.6132532193731656,0.3245418749371846,0.34484014312050637,0.3606307929916823,0.2620519412809709,0.8981109028136175,0.11516067457937122,0.16719965329276937,0.1411801639360703,1.856152691532744
Cntnap_neg,OFT-0524-00,medium,4.63701103042364,384,2.0779447592523894,0.6112645426283112,0.29416785018300207,0.2780665574821379,0.33380493673866585,0.24878463198701684,0.7638621513580652,0.07394000511130701,0.24863295849827396,0.1612864818047905,1.5425014496139098
Cntnap_neg,OFT-0524-00,fast,5.900298472033148,385,2.125965121873168,0.6436878341264,0.30277440937471856,0.29338824653316153,0.34538858746867873,0.24038316040732025,0.851427601565002,0.09793930660418518,0.19180428129820745,0.14487179395119631,1.6592820027361526
Cntnap_neg,OFT-0528-00,fast,5.738219548039129,386,1.9318242949484359,0.5753428630967953,0.29782359845109635,0.30091493481387177,0.33251350653180867,0.20693440927204582,0.8050558417337792,0.08778476721141064,0.2302790079099989,0.15903188756070477,1.3012133129153483
Cntnap_neg,OFT-0528-00,medium,4.234112226444528,387,1.9659253597091089,0.6151417394475952,0.3129018792140794,0.3115767056307691,0.350681861743269,0.2034707056032151,0.8934892746822245,0.08989016044061064,0.2158773062470255,0.15288373334381808,1.3308852495486403
Cntnap_neg,OFT-0528-00,slow,3.4060163124519414,388,1.6209354363350499,0.6599955601503147,0.4071695549099542,0.39521618334350456,0.4387728055649992,0.3192593341494155,0.8622120128823066,0.17062828581834696,0.40299158940992796,0.2868099376141375,1.1131390244187915
Cntnap_neg,OFT-0543-00,medium,4.764679545487697,389,1.8934059622584738,0.774813379415087,0.40921672100941403,0.3954725030230697,0.4549163033101231,0.4502818397269448,0.9230025860862251,0.19156775910291357,0.2548130283244088,0.22319039371366117,2.0174785851429933
Cntnap_neg,OFT-0543-00,fast,6.241099541735392,390,1.8609861791322329,0.6996909854369725,0.37597860386219223,0.37211853282212876,0.4164426515590398,0.2958028260367847,0.9131806754924625,0.11362762756171912,0.343159477145193,0.22839355235345607,1.29514525689853
Cntnap_neg,OFT-0543-00,slow,3.7239063174700795,391,1.932679738180535,0.7802340836591065,0.4037058330179604,0.3850495409064674,0.45077186434810357,0.5166742124500368,0.852330659734349,0.15772111534610933,0.2763614698619193,0.2170412926040143,2.3805341658773393
Cntnap_neg,OFT-0547-00,slow,3.812718593559203,392,1.8597291960873024,0.7124470672433107,0.3830918333390868,0.40001788797046656,0.424261237577115,0.4683014708515919,0.859765593540745,0.1645679443099083,0.20440994160621484,0.18448894295806156,2.538371478219414
Cntnap_neg,OFT-0547-00,medium,4.9318676879152035,393,1.842704442096395,0.6965933598083988,0.3780277205040562,0.39611791907868893,0.4178484254170989,0.380198723302411,0.9085457790043412,0.188700060420791,0.19394913894085256,0.19132459968082177,1.9871920492016157
Cntnap_neg,OFT-0547-00,fast,6.159439846496256,394,1.7696098319029474,0.6841818308071905,0.3866286333137382,0.4116338453669143,0.4238227830004197,0.38713153114501825,0.902427988634315,0.08837672246428499,0.3173548897580603,0.20286580611117266,1.9083133750636416
Cntnap_neg,OFT-0549-00,slow,4.183207940237719,395,2.404376136422723,0.7547375287217996,0.3139016051975597,0.2807448428079973,0.3690060956380897,0.39810993938835815,0.7292640225643642,0.10464515244211442,0.24400526815752244,0.17432521029981843,2.2837198286103133
Cntnap_neg,OFT-0549-00,fast,6.357824850343845,396,2.0558495250210838,0.6728900868671601,0.3273051255345448,0.33953713826564513,0.3705032457011217,0.281942504118843,0.9379794526027916,0.0658465674175038,0.19624445866534843,0.13104551304142611,2.1514853700463235
Cntnap_neg,OFT-0549-00,medium,5.243873709304475,397,1.8616789201491717,0.6860446513988118,0.3685085779151653,0.38606447309592196,0.40820058710062124,0.3853032339836214,0.8958279083001184,0.21653113938133134,0.13514006673741344,0.1758356030593724,2.19126972740282
Cntnap_neg,OFT-0582-00,slow,3.7207500421426363,398,1.9154432057295205,0.7213111507202855,0.37657663174908135,0.3754170960583202,0.41966844662048175,0.3187453606752684,0.9180301918549897,0.11781208377455477,0.3240861501771147,0.22094911697583472,1.4426188483483717
Cntnap_neg,OFT-0582-00,medium,4.58400759509535,399,1.8427135848190062,0.6336899988407012,0.3438895789672832,0.368013101954094,0.3801146314514605,0.26356144438649043,0.9441214308066581,0.11443561454531646,0.19834003606737693,0.1563878253063467,1.6853066654658204
Cntnap_neg,OFT-0582-00,fast,5.59395265942977,400,1.9351105735220704,0.683268501420192,0.35309015968869606,0.36907915772906796,0.39436245240513296,0.34896404851947677,0.9092180861111181,0.09414973212937518,0.22511794286056203,0.1596338374949686,2.186028062693635
Cntnap_neg,OFT-0585-00,slow,4.066638758996012,401,2.1282812047156483,0.7722292557361391,0.36284174009764547,0.34475487581190584,0.41401517955245704,0.44131929839576406,0.8260771743016535,0.1796942220279733,0.2089700234844373,0.19433212275620532,2.2709539325591095
Cntnap_neg,OFT-0585-00,medium,5.3983618366219135,402,1.8203674353617716,0.6727753358094286,0.36958216387546194,0.38627281571540795,0.4074813103672077,0.4069501223696815,0.8670643442048821,0.12761039732245946,0.22830037757180785,0.17795538744713366,2.286809790968406
Cntnap_neg,OFT-0585-00,fast,6.719991686676775,403,1.6870124382220641,0.670113163814804,0.3972188637334729,0.3870594250110078,0.43133065124363945,0.34747849730320324,0.8225827222511557,0.19768632693112873,0.35757505848907045,0.2776306927100996,1.2515853125289655
Cntnap_neg,OFT-0598-00,fast,6.244767511523303,404,2.1766782189392604,0.6918071398560327,0.31782701450155754,0.3079306908127447,0.36457453017086694,0.27734468462569806,0.8733121107716498,0.07357280773091586,0.23406851755520397,0.1538206626430599,1.8030392007169742
Cntnap_neg,OFT-0598-00,slow,3.599549636963405,405,1.8533964676774992,0.5473701785138139,0.29533356087579377,0.3152114144714706,0.32683813808054624,0.24879328871971995,0.7977020008127749,0.08765548651558441,0.17320177627410582,0.13042863139484512,1.9075051701382255
Cntnap_neg,OFT-0598-00,medium,4.770641964300239,406,1.4850855962590148,0.6595218435145822,0.4440968555455268,0.4570165937962469,0.47102497904165863,0.3687732565616757,0.8846476625615141,0.1740561385182239,0.4566228585252212,0.31533949852172255,1.1694483510326008
Cntnap_neg,OFT-0606-00,fast,5.389648625707183,407,2.0740043196438327,0.672965602708353,0.32447647111165173,0.33287435627237105,0.36803761256123946,0.2443781424532324,0.9529125302919064,0.0727640265192797,0.20209575098053906,0.13742988874990938,1.7782022868252778
Cntnap_neg,OFT-0606-00,slow,3.4464795281601615,408,1.778728048577877,0.48789933213780595,0.2742967552166784,0.28339761508716094,0.3009970773318193,0.1937680186702585,0.7201870267949114,0.08257793839516027,0.20745532546694734,0.1450166319310538,1.336177899665901
Cntnap_neg,OFT-0606-00,medium,4.264305435075143,409,1.9376876820509596,0.6700306237602066,0.3457887615051605,0.35404603218963265,0.3863189942870412,0.2694808351909219,0.958368400352086,0.12484745209595358,0.19257928950920336,0.15871337080257847,1.6979088392377835
Cntnap_neg,OFT-0612-00,fast,6.576676243672583,410,1.5891226246114456,0.6347138552129836,0.3994115025378716,0.3744244537282425,0.4288242966222606,0.2825797238813035,0.805404441289594,0.18514280508263073,0.4421702162355145,0.31365651065907263,0.9009209574114407
Cntnap_neg,OFT-0612-00,slow,3.884127101189324,411,1.903532035250148,0.6475265829423531,0.3401710982275431,0.3299138888465247,0.37859053381689434,0.2675547732046635,0.851469681209631,0.10082888873022948,0.29450879212305336,0.19766884042664143,1.3535505779625292
Cntnap_neg,OFT-0612-00,medium,5.0378490808814655,412,1.487426666505827,0.5943761042368455,0.3996002745016788,0.4032197022891866,0.42394725321857457,0.2694204298691349,0.8224384196967564,0.13784355583801985,0.46608660747038744,0.30196508165420366,0.8922237908873935
Cntnap_neg,OFT-0642-00,slow,4.234130129646491,413,2.3331399354261873,0.5798801313842322,0.24854065655445026,0.26103666099478295,0.28995809090817304,0.2820640150868471,0.7515911744786941,0.05927079005200446,0.06690638401514634,0.0630885870335754,4.470919834307498
Cntnap_neg,OFT-0642-00,medium,5.349592041674349,414,2.007791231191528,0.8261490299645008,0.4114715798784623,0.391963524096395,0.4633062611392172,0.5119841382218143,0.8635294525166933,0.2271266982672965,0.2505847555510646,0.23885572690918055,2.143486969506428
Cntnap_neg,OFT-0642-00,fast,6.487350667383042,415,2.165938898258409,0.6382113420583043,0.2946580545607626,0.2967635271736034,0.3376022154979553,0.2690401892154443,0.8386480162621373,0.08077135118281939,0.16194930533142035,0.12136032825711987,2.2168709748826876
Cntnap_neg,OFT-0646-00,slow,4.043378163752198,416,1.9261008178271597,0.7031601184847251,0.3650692175490389,0.3495029467653379,0.40733058016599977,0.49001370502752273,0.6724675547339682,0.18219318353235256,0.28464787737015534,0.23342053045125394,2.0992742329914895
Cntnap_neg,OFT-0646-00,medium,5.088286164975166,417,2.032431196670007,0.7641396754642727,0.3759732072191477,0.40003583080000876,0.42449401574978823,0.5387507728441114,0.88186958557273,0.15337063817502355,0.12398506640728828,0.13867785229115592,3.884908541221112
Cntnap_neg,OFT-0646-00,fast,6.139646800478712,418,2.236949484141531,0.6743805901251514,0.3014733211036086,0.3017773061951571,0.34808672973130145,0.3085100698307221,0.8432836792184328,0.09469254750436258,0.1458606223716882,0.1202765849380254,2.565005233476551
Cntnap_neg,OFT-0651-00,slow,3.5772142728414025,419,2.0958572547796965,0.7558571152997287,0.36064341384698917,0.3314281483952031,0.4100451265285813,0.3785015089993776,0.8547666797956859,0.1485800804644316,0.2583322368548307,0.20345615865963115,1.8603590645421841
Cntnap_neg,OFT-0651-00,medium,4.512567009882379,420,1.786557399075741,0.565804639164667,0.3167010695863344,0.3361052263870422,0.34783901578362614,0.28687745946000043,0.7980356598439104,0.10073490857161599,0.20570803525897768,0.15322147191529684,1.8723058581410226
Cntnap_neg,OFT-0651-00,fast,5.7078214647103245,421,2.039803126020918,0.6697425542479436,0.3283368604079075,0.324646431683748,0.37101257213791217,0.27045424288840403,0.8897666252467838,0.10340882539445935,0.2204205950220013,0.1619147102082303,1.670350041330936
Cntnap_neg,OFT-0655-00,slow,4.040731954524272,422,1.9049000722372313,0.6163514339837468,0.323561032395713,0.3443091945806197,0.36015983259421724,0.2544925136183466,0.904258770801618,0.09975674132088755,0.18213130463601712,0.14094402297845232,1.8056282788043714
Cntnap_neg,OFT-0655-00,medium,5.274789030558295,423,2.1404901071870084,0.6779986515849699,0.31674925724182995,0.33013586996560285,0.36190543153472243,0.24408857966038663,0.9769486825350603,0.05466775432116156,0.17191670962228103,0.1132922319717213,2.1545041121734916
Cntnap_neg,OFT-0655-00,fast,6.5485679044399605,424,1.5592170373412666,0.6344928581013457,0.4069304291231099,0.4170776858746172,0.43537573274538927,0.26006414079251367,0.8957952614675913,0.13368810886217256,0.4519554198592795,0.29282176436072604,0.8881311857411719
Cntnap_neg,OFT-0663-00,fast,5.786828558362915,425,2.115250286388788,0.5360330694363086,0.25341354301454255,0.25471646040107654,0.2887409838172633,0.1981726001759029,0.7353989547861849,0.05499333121290216,0.1663990490940631,0.11069619015348264,1.7902386694712107
Cntnap_neg,OFT-0663-00,medium,4.533797903819588,426,1.946430527574452,0.5714045378888694,0.29356533911381166,0.2996540425330561,0.3282952389606938,0.21405936826455563,0.8047585298228734,0.05573160776175841,0.23863144999358765,0.14718152887767302,1.454390166326284
Cntnap_neg,OFT-0663-00,slow,3.462781279433098,427,2.1510385605708344,0.7932989960794644,0.3687981287834011,0.3451111143028148,0.42186073719540895,0.3955758405220938,0.9175449661334781,0.1371401918351537,0.23718195029091,0.18716107106303184,2.1135583285312167
Cntnap_neg,OFT-0667-00,medium,4.811703835524566,428,1.7010263784856579,0.7694342323107474,0.45233527359860093,0.4478101673431813,0.4919726434376194,0.41504599942363285,0.9569800145487805,0.1459758941790963,0.44988866559896806,0.29793227988903215,1.3930883876638707
Cntnap_neg,OFT-0667-00,fast,6.070678259137377,429,2.325442462443534,0.6808788655987139,0.29279540414139443,0.2994199997608442,0.3413058368235594,0.2321013456683358,0.9649820181263751,0.052744773266893995,0.11539521023263266,0.08406999174976333,2.760810853404053
Cntnap_neg,OFT-0667-00,slow,3.7605706459796915,430,2.025426528316419,0.8019133492096279,0.3959231983972268,0.38156570150467256,0.4466719672487769,0.44344969029420706,0.9163047918176082,0.1402899396338419,0.28664344724945,0.21346669344164595,2.0773718051496877
Cntnap_neg,OFT-0677-00,fast,5.950185945002851,431,1.9826858884187621,0.6976325625452829,0.3518623734703943,0.35623725505131776,0.39508364710475524,0.27526507481775125,0.9541731494249661,0.09386179498741096,0.25703456918889284,0.17544818208815188,1.5689252036789274
Cntnap_neg,OFT-0677-00,medium,4.837735545302123,432,1.7465214139584533,0.5797793010401536,0.3319623203050779,0.3382077152677918,0.3629394428969622,0.25799713251358475,0.8010615693996685,0.1154717310932491,0.2772273385813463,0.1963495348372977,1.3139686464109552
Cntnap_neg,OFT-0677-00,slow,3.804187200011299,433,1.6356720389059376,0.6942456655971206,0.4244406269006623,0.405753936567573,0.4581662567377196,0.3186144387787802,0.8661651383900171,0.1544662222880751,0.49341922749400624,0.3239427248910407,0.9835517648558008
Cntnap_neg,OFT-0686-00,fast,6.1699482844063285,434,1.937695305086357,0.6107736012348532,0.3152062141202499,0.3240590088297785,0.3521521375095754,0.22634265859695143,0.8809257323239121,0.057187510196141524,0.24415264892129643,0.15067007955871897,1.5022402540694315
Cntnap_neg,OFT-0686-00,medium,4.888533947217388,435,1.6850124742920187,0.5307898379177372,0.3150064738486615,0.3299674434707246,0.34197939435729596,0.22607563960100813,0.7855025377406175,0.0638103048914233,0.292529095196135,0.17816970004377916,1.268878151253876
Cntnap_neg,OFT-0686-00,slow,3.8114611717392313,436,1.7554017152722796,0.6408914968135324,0.36509677029347326,0.38316138322633153,0.3995711111084808,0.3113442879480292,0.8918425549955831,0.10630306537280415,0.28879453611750683,0.1975488007451555,1.5760373476003717
Cntnap_neg,OFT-0688-00,slow,3.65183377210282,437,1.8761046553604634,0.8415926221578939,0.4485851147766569,0.4574565482032367,0.49771105319931164,0.5426830304028819,0.938282132779114,0.20610755141843287,0.3037714981968178,0.25493952480762533,2.128673577831389
Cntnap_neg,OFT-0688-00,medium,4.63916092706437,438,1.9759581934131771,0.6966464604893301,0.3525613359693485,0.36756524882923014,0.39557197653434595,0.4082901925830742,0.8545487258101664,0.12156410163272935,0.1978848861114142,0.15972449387207177,2.5562152847395234
Cntnap_neg,OFT-0688-00,fast,5.936649374713917,439,1.9890665849678577,0.612872984773044,0.30812089922215835,0.3112726563160002,0.3462149099160191,0.20813476793036684,0.8818262999754914,0.04476246376266173,0.2501361079955564,0.14744928587910908,1.411568504312816
Cntnap_neg,OFT-0689-00,medium,4.965833423801458,440,1.7573684244315453,0.7390486096111691,0.42054278393571837,0.38699003254112463,0.4603560121451497,0.41195845694692995,0.831925141664508,0.1628540298713442,0.43468642009781666,0.29877022498458045,1.378847095516935
Cntnap_neg,OFT-0689-00,slow,4.0139161751769965,441,2.175864488549209,0.825461708901483,0.3793718373757146,0.3825332265865005,0.43513307131643564,0.5726248658621371,0.8417149414170281,0.1744913797900298,0.1517010981965478,0.1630962389932888,3.510963032603713
Cntnap_neg,OFT-0689-00,fast,5.877512355231846,442,2.2451359172027345,0.6842697201482479,0.3047787507674791,0.3127716265989905,0.3522151219400752,0.25777404881144245,0.9544475405937946,0.05634629777279751,0.14029260058226653,0.09831944917753202,2.621801189569205
Cntnap_neg,OFT-0690-00,slow,3.8638712995501705,443,1.8615629905158713,0.7226496359939761,0.38819510254322226,0.4330161161932164,0.43000191922456643,0.473885714712804,0.9316132280790285,0.11397342312814834,0.20053531097828495,0.15725436705321666,3.0134979625235827
Cntnap_neg,OFT-0690-00,medium,4.722415168161894,444,1.8578347374449888,0.700116162429334,0.37684523188116176,0.4029593814543681,0.4172540981996832,0.4517753486057138,0.8951880382634272,0.14403180051308984,0.17802120541650182,0.16102650296479581,2.805596223526524
Cntnap_neg,OFT-0690-00,fast,5.63932534096193,445,1.8719887990970985,0.6813509834508983,0.3639717202258523,0.3607619019841284,0.403644128128983,0.29139873713201464,0.8994103825735829,0.10028319856978497,0.3234841942405497,0.21188369640516733,1.375276824389534
Cntnap_neg,OFT-0691-00,slow,4.0368370580694855,446,1.8322471426694995,0.7727309546007753,0.42173947859181377,0.3918230685002409,0.4656134130929339,0.5830782271564616,0.7095918728025423,0.2147585346466751,0.35502501776605644,0.28489177620636574,2.0466657020457477
Cntnap_neg,OFT-0691-00,fast,6.274096964455187,447,1.8894591784158752,0.7421099031413049,0.39276313117465217,0.369034869136765,0.4364314776704838,0.3596157221160251,0.8422171184342773,0.09817261205637207,0.4457204580752605,0.2719465350658163,1.3223765547481279
Cntnap_neg,OFT-0691-00,medium,5.114679092755673,448,1.8570296671224702,0.6599752339340688,0.3553929404675169,0.3535345121798011,0.3934657271508357,0.2528267590034527,0.9092942433053404,0.10606565820588969,0.30567624808866023,0.20587095314727497,1.2280836861069309
Cntnap_neg,OFT-0692-00,slow,3.9036555997826574,449,1.4349003562293303,0.7164987524840856,0.4993369395815889,0.4907089466819479,0.526482166194401,0.35083484883780597,0.9649617816307792,0.26180798065772687,0.5283240536512925,0.39506601715450973,0.8880410706157877
Cntnap_neg,OFT-0692-00,fast,7.167711328778728,450,1.9896049913002516,0.6106637613825063,0.30692713581474473,0.31213568342908515,0.34489421401071496,0.1872076303037887,0.9037115246665687,0.03788870428458868,0.25076899678791376,0.14432885053625122,1.2970908422551843
Cntnap_neg,OFT-0692-00,medium,4.90583128670109,451,1.9797733920638396,0.7652721241497114,0.38654531231574124,0.36650937585157006,0.43388616379498746,0.4012712856101065,0.9012244460411024,0.10099798891887045,0.33205093460987023,0.21652446176437035,1.8532376542599802
Cntnap_neg,OFT-0695-00,medium,4.965534407398143,452,1.8898091116788707,0.6491657588164291,0.343508640531277,0.351458697475415,0.3817157803169211,0.30667208080839503,0.8728266236781762,0.09836730600297122,0.24899711077814207,0.17368220839055665,1.7657080920964916
Cntnap_neg,OFT-0695-00,fast,6.439862932363941,453,1.4633525116560273,0.60165557484344,0.411148762892795,0.41084332791028766,0.4349621143866257,0.2477744242022994,0.8760467994482303,0.10594155917614988,0.510085674719823,0.30801361694798646,0.8044268518301919
Cntnap_neg,OFT-0695-00,slow,3.828743157990039,454,1.962222698119646,0.7092859889692045,0.3614706881379455,0.3488546765138527,0.4049476007418528,0.321630749433913,0.8428487633322063,0.16287802959571196,0.29243286060558,0.22765544510064598,1.4127962074077374
Cntnap_neg,OFT-0696-00,fast,5.408233549828984,455,2.127729335266761,0.6700411151200781,0.3149089990038948,0.3148965755450735,0.35930051351841763,0.24009878012704716,0.9368880561195186,0.08090588419825878,0.17930933362884588,0.13010760891355233,1.8453861548295496
Cntnap_neg,OFT-0696-00,slow,3.368518781833052,456,1.4276427146437392,0.5860497545569492,0.4105016952390605,0.4231111319159238,0.4324452026537967,0.30327522317100686,0.8112722060836679,0.21650822503092415,0.39872515632958777,0.307616690680256,0.9858867621921017
Cntnap_neg,OFT-0696-00,medium,4.176403148849725,457,1.7691926823783675,0.6825555540522051,0.38580057494621195,0.3832524921254197,0.42289494733446104,0.34484500919704214,0.8681536106675216,0.16058775128009783,0.3179934181931828,0.2392905847366403,1.4411139894056988
Cntnap_neg,OFT-0697-00,medium,4.785475306960225,458,2.018548303301642,0.6448204970559137,0.3194476426455646,0.31174776315417474,0.36011924944685836,0.273621551062774,0.8314220387920807,0.08568406069147802,0.24974934724110087,0.16771670396628946,1.631450801213999
Cntnap_neg,OFT-0697-00,fast,5.917531453997583,459,1.9613184857509791,0.6079491055436047,0.30996959951194464,0.306942561934546,0.34721703776590224,0.2493857957742126,0.8254181081506842,0.08677665473933656,0.22728759239937532,0.15703212356935595,1.5881196159463962
Cntnap_neg,OFT-0697-00,slow,3.8937192361573043,460,1.4840195563260696,0.6018391303008988,0.4055466302552298,0.41117422207032894,0.4300831927609384,0.31052389190567165,0.7776280861194336,0.18865597117273541,0.4435248218459129,0.31609039650932413,0.9823895168435202
Cntnap_neg,OFT-0698-00,fast,6.348781063777389,461,1.8469561524885616,0.7003276342197147,0.37917935045512774,0.39262779664807157,0.41932288592570116,0.38294670093805927,0.9294014499329397,0.09930264299052836,0.2656407498412773,0.18247169641590283,2.0986635651439287
Cntnap_neg,OFT-0698-00,medium,4.5976274905860155,462,2.4773059345273802,0.6865828551409505,0.27714899705027213,0.2694966693076507,0.3283282293116069,0.36136940534689377,0.7785774028154874,0.07247763693687678,0.10088847214716984,0.08668305454202331,4.168858691657024
Cntnap_neg,OFT-0698-00,slow,3.5450560703821585,463,1.619493808250066,0.7285135872158465,0.44984030411517123,0.4382473749647738,0.48467446450275575,0.3883385291557215,0.8925928907786085,0.22184634574161877,0.43592009233507395,0.3288832190383464,1.180779397292517
Cntnap_neg,OFT-0699-00,fast,6.502333134835981,464,1.6667007028050422,0.6617211235687419,0.3970245662314003,0.41099038334875737,0.430111635898568,0.31260525280409607,0.9332943720160028,0.11446594199753368,0.36008097677663936,0.23727345938708652,1.3174893374573078
Cntnap_neg,OFT-0699-00,medium,4.814440045966204,465,1.8091286439831087,0.7226475692025638,0.3994450983936281,0.4133927197339052,0.43984540724474497,0.42234733194011675,0.9273714763700269,0.16554866485746134,0.24411415581137505,0.2048314103344182,2.061926592462411
Cntnap_neg,OFT-0699-00,slow,3.8390915461919404,466,1.8125422624423067,0.6126409692624002,0.338000929389033,0.3381206189819549,0.37233093437320397,0.30772922123284474,0.8273224088417893,0.1526445801707446,0.20162752724743727,0.1771360537090909,1.7372478091796373
Cntnap_neg,OFT-0700-00,fast,5.6696028775149205,467,1.7007412666543797,0.6417994291024963,0.37736453021159105,0.37110730996293206,0.4104188925729543,0.25367850782245954,0.9033880719695027,0.09413467341451844,0.3904743170853361,0.24230449524992725,1.046940988696064
Cntnap_neg,OFT-0700-00,slow,3.346868026075389,468,2.0563657121611447,0.8543116898445144,0.4154473519920115,0.4157761046028235,0.4703053942235743,0.4640187064005954,0.9560515323223125,0.20996846454997795,0.2511828736214112,0.23057566908569455,2.012435692979126
Cntnap_neg,OFT-0700-00,medium,4.274661005277629,469,1.7585247862637023,0.692140851466317,0.3935917519461826,0.4029502379705972,0.4309103893861993,0.37756385998589126,0.8752171245936534,0.14146088467662427,0.32939968828862826,0.23543028648262626,1.6037183050098096
Cntnap_neg,OFT-0701-00,fast,6.115607431163736,470,1.6000447242151916,0.6072351608823874,0.3795113672089579,0.38574299078795526,0.4079768414181365,0.22958261183867174,0.8897739145571739,0.13081715776842534,0.38173368150827536,0.2562754196383503,0.8958432773718726
Cntnap_neg,OFT-0701-00,medium,4.867667772513428,471,1.89580039911185,0.7328694675798697,0.38657522591682464,0.3856387575513074,0.42986200612470543,0.32235268959147345,0.9527669964986181,0.15308699020784836,0.291241348200882,0.22216416920436516,1.4509661514991938
Cntnap_neg,OFT-0701-00,slow,3.698913598733187,472,1.9897896479884147,0.6820303376107175,0.3427650446871199,0.33596525602728156,0.3851732063025697,0.276823207465158,0.8967190847918683,0.09190121176916659,0.27524932118408574,0.18357526647662617,1.5079548175429431
Cntnap_neg,OFT-0703-00,fast,6.27139383083509,473,1.6801408709340233,0.6770120137457987,0.40294955349156786,0.39260741863788406,0.4372073610233467,0.24751812956799996,0.9535329662927896,0.0836294963453479,0.464148851887249,0.2738891741162985,0.9037163676389017
Cntnap_neg,OFT-0703-00,slow,3.725405333675922,474,2.1373433009437393,0.715968875910636,0.33498075652821024,0.3094463697508425,0.38260427145101344,0.4272807384450017,0.7345430802178291,0.13331714957868324,0.23527611756253997,0.1842966335706116,2.3184402784074343
Cntnap_neg,OFT-0703-00,medium,4.937976936845882,475,1.9734690072195917,0.6751143416261108,0.34209523390350843,0.34740776976146126,0.3837226223688337,0.29741183144698075,0.9182027533816273,0.07803743583893737,0.2412384688077891,0.15963795232336322,1.863039628850552
Cntnap_neg,OFT-0704-00,fast,5.892844422027875,476,2.1031165678816266,0.724510147985987,0.3444935763668835,0.33598210258438155,0.3919956478192714,0.32236836348047004,0.9222354617355382,0.09373223913162344,0.22964652692945386,0.16168938303053865,1.9937509652045835
Cntnap_neg,OFT-0704-00,slow,3.361044649937702,477,1.6601415976673595,0.6559935196666644,0.39514311344790787,0.39360468810808236,0.42774941422525226,0.36239135944101647,0.8125222581695143,0.18822814457544856,0.34785589471502965,0.2680420196452391,1.351994586224396
Cntnap_neg,OFT-0704-00,medium,4.3103325952829765,478,1.8351769178110204,0.6110019384496732,0.3329389839855167,0.3200925032731323,0.3676968532935363,0.2890241135621297,0.734393298645024,0.16796516091370758,0.2794048400532837,0.22368500048349566,1.2921032386499023
Cntnap_neg,OFT-0705-00,fast,6.244479647494012,479,1.858486312648882,0.5999517183445097,0.3228173994401952,0.32591953724695355,0.3574591893032345,0.18331486937680905,0.8883394699110675,0.0400951280128502,0.3180872899122114,0.1790912089625308,1.023583851149064
Cntnap_neg,OFT-0705-00,medium,4.9571154556770605,480,1.4515680304439262,0.6781538866748544,0.46718711934393997,0.44874849375161985,0.49355796526030427,0.3119130481446786,0.878678925874152,0.1580267333122995,0.6256131537100872,0.3918199435111933,0.7960622048728564
Cntnap_neg,OFT-0705-00,slow,3.727524030032942,481,1.5380594467219775,0.6272251151674633,0.4078029080763103,0.3947126277221278,0.4352306839627045,0.25761673925340894,0.839915397852067,0.11443982664841101,0.5289507720969309,0.32169529937267094,0.8008097717180829
Cntnap_neg,OFT-0706-00,fast,5.201702426023587,482,1.47604547622859,0.6023694204753971,0.40809678981876457,0.4157687260687245,0.4323808686508437,0.27034576490326545,0.8717730523554259,0.13135600327019936,0.45604865407448414,0.29370232867234175,0.9204753878709174
Cntnap_neg,OFT-0706-00,medium,4.146110397793115,483,1.5306214260515127,0.5547984842303089,0.36246616883019983,0.368714896192549,0.38650770825521347,0.24618375687503072,0.8142327773253277,0.09049520529169347,0.39511909352880176,0.2428071494102476,1.0139065405322063
Cntnap_neg,OFT-0706-00,slow,3.372057009507776,484,1.5469202200340009,0.623667063806534,0.40316692207489924,0.4065335328562114,0.4307294397913536,0.3550672226764589,0.8110179180263747,0.1684128997380676,0.38841971872451325,0.27841630923129046,1.2753104286771209
Cntnap_neg,OFT-0707-00,fast,6.876719463289083,485,1.567237089290622,0.6394029682941229,0.40798100852981706,0.40876065198022893,0.4369087535003553,0.3071491709714087,0.8820099038307987,0.1665276704610876,0.3919482687381262,0.2792379695996069,1.099954892996189
Cntnap_neg,OFT-0707-00,slow,3.8838770191093936,486,2.00687472309763,0.6563219105166372,0.3270368114974303,0.33199537112668387,0.3681974488748311,0.32202273952758814,0.8610193561851037,0.09269831141989343,0.19704938836673885,0.14487384989331614,2.2227802999970177
Cntnap_neg,OFT-0707-00,medium,5.143082991574786,487,1.8102798114501901,0.5857693441832666,0.32357944914273495,0.3358131408720156,0.3563531860228013,0.2769284717384345,0.7747699030052705,0.10354334071949857,0.2701710286280018,0.18685718467375018,1.4820327739709203
Cntnap_neg,OFT-0709-00,fast,6.454265398061236,488,1.5584720036892337,0.6313561182890886,0.4051122617503136,0.4070786101104326,0.43339274381766046,0.24130055295542602,0.9059543568417772,0.1264692120805371,0.45984685339290154,0.2931580327367193,0.8231074233334561
Cntnap_neg,OFT-0709-00,slow,3.696931819014133,489,2.029439664456641,0.8370244935279013,0.41244118176432953,0.3935958529175283,0.465514095734776,0.46844805361771136,0.8991807039094717,0.1162050901455032,0.3782225352664175,0.24721381270596038,1.8949105168928815
Cntnap_neg,OFT-0709-00,medium,4.977523315695119,490,2.0264562755372535,0.6330128003808919,0.31237427030744486,0.3193057853193755,0.35245408656662586,0.22290234172319492,0.9166482827745459,0.06596741473656087,0.20429830703220164,0.13513286088438126,1.649505089024265
Cntnap_neg,OFT-0710-00,fast,6.135802921326049,491,2.1458853022146016,0.6156664161646741,0.28690555619598707,0.2971385328607692,0.3280006636920729,0.22692818669398876,0.8773140709737042,0.06372295539396872,0.14403744170663008,0.1038801985502994,2.1845182225379443
Cntnap_neg,OFT-0710-00,medium,4.507330903387227,492,1.5511517512207664,0.6261815313431275,0.4036881181034148,0.41316332254025484,0.43149979475837896,0.26256486409619956,0.9463540850227457,0.12042189883403792,0.39665833108053256,0.25854011495728524,1.0155672133880627
Cntnap_neg,OFT-0710-00,slow,3.4904000334883705,493,1.9187318136736715,0.7126103688221338,0.371396546272793,0.37227261924045363,0.41404827409146067,0.39820670886118936,0.8533063860590762,0.16008381598120242,0.24459618546437478,0.2023400007227886,1.9680078454024696
Cntnap_neg,OFT-0711-00,fast,6.616313700238676,494,2.0756583085202354,0.5910933815324412,0.2847739336990584,0.2965530630046137,0.32306386467823134,0.2748005471631121,0.7932021043628159,0.07328335557635103,0.15096945161064623,0.11212640359349862,2.450810320817654
Cntnap_neg,OFT-0711-00,medium,5.139954179396362,495,1.9233702297240742,0.5553482622766449,0.2887370583646368,0.29775149884741803,0.32206345885363785,0.1868483060286745,0.8264905149869141,0.08868247239129336,0.18623254200766945,0.1374575071994814,1.359316852425645
Cntnap_neg,OFT-0711-00,slow,3.8744944654610993,496,2.021862572281704,0.6243152625909569,0.30878224422860123,0.3202152312242891,0.3482238715238958,0.303681245537976,0.8565884401967915,0.07228335830570702,0.16034244205510886,0.11631290018040794,2.6108990925937627
TSC_het,OFT-0361-00,slow,3.419626891953628,497,1.5658123792379526,0.6101495009352608,0.38966961113962295,0.41055491959710244,0.4172295973640777,0.3561493767431685,0.8098623685150897,0.21038287466945016,0.2925237695286023,0.25145332209902627,1.4163637758697467
TSC_het,OFT-0361-00,fast,5.118090242377209,498,1.6131250414855285,0.6968803361617965,0.43200639642915634,0.44078686186458366,0.46511563889573626,0.4625801568900255,0.8438216756468004,0.18134747231473655,0.3727132507313825,0.27703036152305954,1.669781443257154
TSC_het,OFT-0361-00,medium,4.187573076382086,499,1.8913198484723903,0.6421629368091686,0.3395316436444319,0.3684981942643373,0.377360555290024,0.4108790309923268,0.8342188800889514,0.11076856935151677,0.15357574072730118,0.132172155039409,3.1086655950326105
TSC_het,OFT-0373-00,fast,4.815349727651607,500,1.8386030165507903,0.7729967890745024,0.42042615078737355,0.42788284481227223,0.46449748057326484,0.460811337683799,0.9113359719775525,0.12119964851858356,0.36464296411312447,0.242921306315854,1.8969572684770493
TSC_het,OFT-0373-00,medium,3.9491578992332546,501,1.8376218340627466,0.7427798947967822,0.4042071556989454,0.4133491589774389,0.4465287480861751,0.5173015526020321,0.8285114748165625,0.24306445019305103,0.1972375147330546,0.2201509824630528,2.349758092443894
TSC_het,OFT-0373-00,slow,3.243045822443131,502,1.6174706306269113,0.6108421042556247,0.3776526712073096,0.40985736128506883,0.4068013503383488,0.4393756581575211,0.7948002102733984,0.19648461897131417,0.19654491395116153,0.19651476646123783,2.2358404208987883
TSC_het,OFT-0378-00,fast,4.879893136600591,503,1.4748280798150386,0.6834324428708756,0.4633980409137493,0.47851112421077613,0.49090234115838993,0.3884130039203382,0.9159616312378998,0.17239771089136058,0.4868370185839614,0.329617364737661,1.1783754300368003
TSC_het,OFT-0378-00,slow,3.241132876983076,504,1.6450460226024342,0.5595769484645166,0.3401588410148402,0.3538051632422586,0.3675861044460498,0.25989258112517505,0.825785297663914,0.09472257034930961,0.2899439686458009,0.19233326949755525,1.3512617021699334
TSC_het,OFT-0378-00,medium,4.020306750414915,505,2.0034149000513626,0.7793354007567479,0.3890034963485435,0.3816003602386583,0.43779498439956915,0.46009022007744593,0.9054403144015555,0.14200341859846866,0.24364598452080613,0.19282470155963738,2.3860543610650833
TSC_het,OFT-0387-00,fast,5.933890611763947,506,1.6658502326590225,0.6304887090146741,0.3784786271022041,0.3944983828090681,0.4099798873412628,0.3275961925854294,0.8712832895022645,0.10530135978091444,0.3357387074964431,0.22052003363867875,1.4855620470392024
TSC_het,OFT-0387-00,medium,4.645958662225913,507,1.5511570381812636,0.6678387061985679,0.43054229182469544,0.4403692219502243,0.46020434362142965,0.3369292897270327,0.9346779334224515,0.1085556584782239,0.4606544928580105,0.2846050756681172,1.1838484922873673
TSC_het,OFT-0387-00,slow,3.5662141756815373,508,1.5719566979168065,0.5634482896044345,0.3584375386110376,0.36981569836651296,0.3840638824852122,0.33728123736454824,0.7520446431416282,0.1566898491499028,0.2902398002847698,0.2234648247173363,1.5093258538169478
TSC_het,OFT-0392-00,fast,4.437565651605549,509,1.6140410228300115,0.6975145301931961,0.4321541524206088,0.45133038040325735,0.4653241996421823,0.4195825847703214,0.9200794122035157,0.1771812012440698,0.34445360035082223,0.26081740079744603,1.6087215940633284
TSC_het,OFT-0392-00,slow,3.0405277229795646,510,1.5359260970600381,0.7909655039432156,0.5149762774766483,0.4977386093043651,0.5494749307849692,0.49874908708078197,0.9401987865654485,0.3129363355910384,0.44601551390260796,0.3794759247468232,1.3143102224825853
TSC_het,OFT-0392-00,medium,3.6098206860536055,511,1.5443663844894302,0.5071652137393049,0.3283969521953655,0.3405811000182918,0.35074298488835787,0.09717708371870999,0.8663066190491457,0.09959989389786454,0.3398883428877113,0.21974411839278793,0.4422283719330682
TSC_het,OFT-0393-00,slow,4.21206983165804,512,1.620038122378976,0.7599150256359749,0.46907231079233075,0.4885047781943685,0.5054276501477863,0.5145655591880021,0.9042508005016973,0.26340781101636623,0.3394864298850795,0.30144712045072286,1.7069844900778124
TSC_het,OFT-0393-00,fast,6.274401346043543,513,1.5646943785679959,0.6905259686534979,0.44131683356941914,0.4404964603877328,0.4724679754549288,0.4104642949007471,0.8501428393804136,0.1662321955019174,0.46303257203663767,0.31463238376927755,1.3045837494011547
TSC_het,OFT-0393-00,medium,5.285607897765083,514,1.9275087495552627,0.6763659977184691,0.3509016485007023,0.354951217498343,0.39158469215292313,0.34927285013578685,0.8573584690722561,0.16185262859229035,0.19785482081135888,0.17985372470182462,1.9419828569846875
TSC_het,OFT-0396-00,fast,4.134170868281322,515,1.6163672007706462,0.5537698855082966,0.3426015358665234,0.35830248715904867,0.3689975795717452,0.2122508604069908,0.851061819707978,0.06504413865921767,0.3476334995127943,0.206338819086006,1.0286521040838204
TSC_het,OFT-0396-00,slow,2.9221365192339483,516,1.2662977357208942,0.4679933786916544,0.3695761000672003,0.38529641026823047,0.3818782598952571,0.09996736835821379,0.8350623684046561,0.13812876929069026,0.45435453352746824,0.29624165140907927,0.33745210331739994
TSC_het,OFT-0396-00,medium,3.505749107755291,517,1.5750873367992797,0.6637448062279885,0.4214019062439916,0.42327398429733065,0.4516947687419911,0.3456818328818667,0.9241418843464281,0.14922574934728447,0.38772960839238524,0.26847767886983487,1.2875626545082821
TSC_het,OFT-0397-00,medium,4.07481020871557,518,1.484200110012425,0.5646217715819111,0.38042159394340996,0.39450520881082385,0.4034466161482225,0.2753830775446433,0.8288670403930749,0.11695739922510529,0.3925789474300667,0.254768173327586,1.080916324624859
TSC_het,OFT-0397-00,fast,4.846362924895332,519,1.3843746489559017,0.6276886643293106,0.45340953390233973,0.4629369333019582,0.475194425205711,0.27029556050898695,0.9549653155908099,0.08104418719932185,0.5944726375237254,0.3377584123615236,0.8002630004657678
TSC_het,OFT-0397-00,slow,3.0640706501330524,520,1.6373995951577773,0.6637564946984305,0.40537233346174845,0.4033839066224217,0.43767035361633405,0.2583596239524598,0.9617823283506641,0.18494758760297592,0.3455918745592362,0.2652697310811061,0.9739506384671778
TSC_het,OFT-0408-00,slow,2.8074135073542275,521,1.132067130706672,0.6991671383410959,0.6176021892841758,0.6218640539826595,0.627797807916291,0.43779183801107024,0.8838490748710551,0.407300945805391,0.7822493729776473,0.5947751593915191,0.7360627475749834
TSC_het,OFT-0408-00,fast,4.139571536590126,522,1.6807231622842234,0.6119190547974259,0.3640808126698177,0.37052180625368514,0.3950605929357689,0.1947007222276766,0.9309535726813775,0.1012205324217327,0.35336754441228885,0.2272940384170108,0.856602854978818
TSC_het,OFT-0408-00,medium,3.3498253722765177,523,1.0654001195341793,0.5965733507558898,0.55995239705504,0.5455763568459661,0.5645300162676464,0.21956438755187585,0.906688819667302,0.3593002441346616,0.7725666137167457,0.5659334289257036,0.3879685778036987
TSC_het,OFT-0409-00,fast,5.302853773996912,524,1.5467175257019903,0.7903435696968966,0.5109811950557634,0.505343604533524,0.5459014918859051,0.4732708714068536,0.9423314662591272,0.15452261343524964,0.6134810164423901,0.38400181493881985,1.232470402469989
TSC_het,OFT-0409-00,slow,3.5005225894615983,525,1.6974421242791813,0.660889957624781,0.3893446192785088,0.41935655755703777,0.42328778657179267,0.40134808373269115,0.8917332569523717,0.1851380319963375,0.21493177360577034,0.2000349028010539,2.0063902754603515
TSC_het,OFT-0409-00,medium,4.267083575546266,526,1.709171279318741,0.6118518239364451,0.3579815734911736,0.3577190099033556,0.38971535479683245,0.2802733437939404,0.8278253265849607,0.1154359072300502,0.33532684157837866,0.22538137440421444,1.2435514892693793
TSC_het,OFT-0413-00,fast,5.3406544296555625,527,1.5125304589358883,0.6238763524724018,0.4124719266224351,0.42504511726463434,0.4388974798536811,0.3237555307654191,0.8703670541397502,0.048574331748337814,0.5128930027612176,0.2807336672547777,1.153247966057442
TSC_het,OFT-0413-00,medium,4.197026629814942,528,1.666463203048974,0.6484663587529874,0.38912731920305726,0.4038334597521416,0.4215446991467985,0.310999056564876,0.874911190690883,0.1320167509723992,0.3682517983590359,0.2501342746657175,1.2433284362189023
TSC_het,OFT-0413-00,slow,3.402293158043908,529,1.7512719438477609,0.773227128052666,0.44152316307528483,0.4299046130161469,0.4829861586974574,0.48769355857779245,0.8571699940015103,0.22378214017199918,0.36329894203852786,0.2935405411052635,1.6614180676423356
TSC_het,OFT-0459-00,slow,3.2960308145308645,530,2.125258419444348,0.7455386336558292,0.3507990495813452,0.3378733609793223,0.40014149759065565,0.3600470984236791,0.9242514084272341,0.13515549670383503,0.1811119868078745,0.15813374175585476,2.2768518244484572
TSC_het,OFT-0459-00,fast,4.765729932380107,531,1.8522990530118137,0.7875527589484178,0.4251758147086819,0.43327104843808373,0.47047293273864893,0.5243229490493071,0.8654253054944205,0.15446835839881273,0.3376751180120552,0.24607173820543396,2.1307727286080045
TSC_het,OFT-0459-00,medium,3.964677377806075,532,1.730339938957705,0.6062809783429128,0.35038258361424335,0.37321776770078474,0.38236988295532703,0.305165192737829,0.8523986281139406,0.10150920525847669,0.2704065057110616,0.18595785548476915,1.64104491279651
TSC_het,OFT-0462-00,slow,3.4480126053628526,533,1.6786342760876078,0.6957876262745191,0.41449625817017804,0.426857861987581,0.44965767918322075,0.3654834273247006,0.9064429254836148,0.14916283469777905,0.3775415292267885,0.26335218196228377,1.3878124137852925
TSC_het,OFT-0462-00,fast,5.235411257322123,534,1.7187482392083089,0.7521785910891283,0.437631628606408,0.4400634712121866,0.4769499989167479,0.4284767813617719,0.9274541997119838,0.12412213220003046,0.42774688239320546,0.27593450729661795,1.552820578910696
TSC_het,OFT-0462-00,medium,4.215208677523861,535,1.8363007226108181,0.7614050534077029,0.4146407198082193,0.4466810040285848,0.4579862615081547,0.5108234526681824,0.9446184525442556,0.1159443203933863,0.26055882042679435,0.18825157041009033,2.7135149606210254
TSC_het,OFT-0467-00,slow,3.0629231313780947,536,1.708149540598472,0.5963141709668623,0.34909951195369937,0.34374885777314407,0.38000134433034466,0.26321879842362006,0.7924524012005921,0.14235447558579045,0.32197970211137605,0.23216708884858325,1.1337472495737257
TSC_het,OFT-0467-00,fast,4.774832708579599,537,1.5032886118257878,0.6192442062762797,0.4119263602510696,0.41139447303521137,0.43784109100422086,0.24580144491027445,0.9176217147834368,0.0870645507260157,0.5008766535971564,0.29397060216158605,0.8361429445763607
TSC_het,OFT-0467-00,medium,3.81363962150172,538,1.7826197675295123,0.7032528425964857,0.3945052418952506,0.4116763840755576,0.43309869198290485,0.38004255776718526,0.9195548662441814,0.15144146530250951,0.2813558786177433,0.2163986719601264,1.7562148340596648
TSC_het,OFT-0470-00,medium,3.9841189940505752,539,1.6546022754654848,0.7562468155657224,0.45705655478623675,0.48358661629869343,0.49445533738367253,0.5673988996286348,0.8917639248137943,0.20332666207320588,0.31533186301905547,0.25932926254613065,2.187947839198067
TSC_het,OFT-0470-00,fast,4.959452478403523,540,1.4920000781726308,0.6167440637246524,0.4133673132779102,0.43006913001256175,0.4387894070837529,0.30837733304488113,0.8816848265002792,0.16687186641528537,0.3982236023745661,0.28254773439492575,1.0914167608006813
TSC_het,OFT-0470-00,slow,3.2586587032652945,541,1.9043793526355677,0.5356547816671121,0.28127525165917816,0.31417942235838725,0.3130726929101699,0.2234150865766958,0.8387063011086706,0.07210734467771861,0.11806203927759451,0.09508469197765657,2.3496430595704605
TSC_het,OFT-0475-00,slow,3.00321683317995,542,1.2952626325962862,0.5748883450956815,0.44383921115932135,0.4181807022453716,0.46022035290136654,0.2822102049573809,0.7883169538066663,0.1770905008901203,0.5932637519512985,0.38517712642070945,0.7326764379282923
TSC_het,OFT-0475-00,fast,4.346519400390236,543,1.5247606514966936,0.640581996235966,0.4201197057434395,0.43917070330415464,0.4476774920550052,0.27857263154931106,0.9574632055962847,0.0933649837999068,0.46130914727451827,0.27733706553721255,1.0044551059545725
TSC_het,OFT-0475-00,medium,3.537839775933996,544,1.9353716569953072,0.5885393216501392,0.3040962801758992,0.32386598013490575,0.33965166036017913,0.23924366179358972,0.8722404352086947,0.07629953332969319,0.1708230111087389,0.12356127221921605,1.9362350152006846
TSC_het,OFT-0480-00,fast,4.942616544683189,545,1.7522637338427358,0.6271744501590387,0.3579224051984672,0.3543814076722803,0.3915789108185388,0.20482110390735264,0.9066120031335995,0.06635244838373958,0.3885300878494633,0.22744126811660142,0.9005450312664798
TSC_het,OFT-0480-00,slow,3.147947195323722,546,1.9260508891965744,0.6617700178535234,0.34358906172493275,0.3338517901789623,0.38336168124100656,0.3297272194759375,0.8533099533023552,0.11121749764749704,0.23919205453823647,0.17520477609286675,1.881953373811948
TSC_het,OFT-0480-00,medium,3.9305116481609623,547,1.9512211957761179,0.5164058725016729,0.26465778130104173,0.28782163603868416,0.2961262927011207,0.22916373257123007,0.7704529159420554,0.05173939704025037,0.13314912525094658,0.09244426114559848,2.478939522382036
TSC_het,OFT-0485-00,fast,4.602552081524757,548,1.6797974599108891,0.5814936413503224,0.34616890144670764,0.37320951591493945,0.3755844939346594,0.21052426280949194,0.9402214407000653,0.07938529597692515,0.27220697625215556,0.17579613611454037,1.197547724668558
TSC_het,OFT-0485-00,medium,3.8271392356465626,549,1.9047170621948566,0.6318413910784338,0.3317245398906366,0.3642912285415849,0.36923914628911125,0.3066163047881762,0.9422212301389806,0.0820341740429888,0.14608487618629948,0.11405952511464414,2.688213057874722
TSC_het,OFT-0485-00,slow,3.113407969145154,550,1.567153515434075,0.7348860240946925,0.4689304633255036,0.4813179144124208,0.5021749084216522,0.3954154466123817,0.9621742291243361,0.22344229952181477,0.4276676584280767,0.32555497897494573,1.2145888471968735
TSC_het,OFT-0489-00,medium,3.933588033947638,551,1.6156098632662423,0.5882236103029145,0.36408765734675325,0.3825108899651324,0.39210465146627344,0.20181191621696903,0.9362534369580664,0.0824066904654827,0.34794656222457576,0.21517662634502924,0.9378895823627689
TSC_het,OFT-0489-00,fast,4.847693272093236,552,1.3792266919614342,0.6029658954724109,0.4371767882587288,0.43344779224178315,0.45790042666043906,0.3003236980126195,0.8263116539850403,0.17307895115752242,0.531887403486574,0.35248317732204826,0.85202278387949
TSC_het,OFT-0489-00,slow,3.2481572132971808,553,1.5664611164453535,0.5583317053378631,0.3564287038320116,0.35496417882444753,0.38166657902024315,0.1374576480133999,0.9147574004454755,0.12314730093217571,0.3513039666899215,0.2372256338110486,0.5794384266368348
TSC_het,OFT-0513-00,slow,3.0370197524981504,554,1.673527087245034,0.7017700440582504,0.41933593391279167,0.41635459102601147,0.4546401976809738,0.37240697985890514,0.8854242532342598,0.1759949653318583,0.38473459229887197,0.28036477881536515,1.3282944506526428
TSC_het,OFT-0513-00,fast,4.4749657241234315,555,1.5444838167540946,0.6567238088585314,0.42520601493818816,0.44691247146536883,0.454145739178231,0.4818750759378224,0.8002158088479263,0.1929468942510712,0.3415451776761042,0.2672460359635877,1.8031140263703591
TSC_het,OFT-0513-00,medium,3.661723614498213,556,1.5627741932904764,0.7413527198150853,0.47438249428354134,0.4973639442993855,0.5077537724749843,0.4698093567307207,0.9232041187564686,0.18025743448739623,0.4577441799253514,0.3190008072063738,1.4727528774771503
TSC_het,OFT-0514-00,slow,3.423675869620811,557,2.1079739371920745,0.837874734066441,0.3974786970955303,0.383330952414552,0.452528201716894,0.4511161853304583,0.9699225869069152,0.08516681594634527,0.3039072186838573,0.19453701731510128,2.3189220825760013
TSC_het,OFT-0514-00,medium,4.240947024902,558,1.6730708037648667,0.6472271168344079,0.3868498065819868,0.407631562567247,0.4193969703635393,0.4161130007718636,0.8121529956517141,0.1669786196638796,0.2823432653667001,0.22466094251528987,1.8521822089460163
TSC_het,OFT-0514-00,fast,5.242410591116326,559,1.6706767334204826,0.6382769692479682,0.3820469612581383,0.40620206067825054,0.4140757122568671,0.278593662113127,0.9619877829747547,0.11987868585240966,0.29584271808717694,0.20786070196979328,1.3402902014331348
TSC_het,OFT-0525-00,slow,3.4445964113107994,560,1.7381145392407833,0.6072875494733574,0.3493944361909679,0.36951969873256907,0.3816310753512665,0.21242960966323712,0.96020866687522,0.10510792625647605,0.24877809861013273,0.1769430124333044,1.2005538209275644
TSC_het,OFT-0525-00,medium,4.5491740512797705,561,1.752948516527829,0.5846703488661108,0.3335353795924382,0.3555289683320151,0.3649272507516472,0.26256803191359296,0.860584846322839,0.11918678006522367,0.21736934470493308,0.16827806238507836,1.560322410373056
TSC_het,OFT-0525-00,fast,5.7575463184741125,562,1.6034048585758967,0.8270324136460191,0.5157976223051789,0.515401168715632,0.5547019712227839,0.5572834294298329,0.949589183850774,0.27302956192691824,0.43890570968361076,0.35596763580526447,1.56554521640473
TSC_het,OFT-0526-00,medium,3.7827008062466962,563,1.5623330905473112,0.5577810383278002,0.35701800192454497,0.36783085120028863,0.38211338147495205,0.24700310235886208,0.84058980577847,0.11611356958620608,0.32474704817627015,0.2204303088812381,1.1205496359030223
TSC_het,OFT-0526-00,fast,4.54378922686998,564,1.7858422590302518,0.6627804927638212,0.3711304788608398,0.37649550848139995,0.4075867305987125,0.2595941364558465,0.9511995528153008,0.14060544558261961,0.27894778754108285,0.20977661656185123,1.237478898794742
TSC_het,OFT-0526-00,slow,3.0748923598629636,565,1.6643141123104357,0.6872026192000041,0.41290439954631825,0.3904232725577775,0.44719167700302886,0.46554708288224333,0.7398230069090718,0.13779331030770076,0.4456033079130997,0.29169830911040023,1.5959882808441164
TSC_het,OFT-0531-00,medium,4.169105149091265,566,1.992911713232356,0.586544119912491,0.2943151550658306,0.30269785325705,0.3308437756716631,0.23827434787784146,0.8278908220502886,0.07484241826235714,0.18236751449616562,0.1286049663792614,1.8527616357766505
TSC_het,OFT-0531-00,fast,5.267694181565763,567,1.8436591226894758,0.5418080787212465,0.29387649379071373,0.31509537333770293,0.3248679419070302,0.14644023638105963,0.9099076854318561,0.03735404118576813,0.20576980462943725,0.12156192290760269,1.2046554782813574
TSC_het,OFT-0531-00,slow,3.405130559504288,568,1.869838699676537,0.6462546232223472,0.34562051974544256,0.3378725198653036,0.3831997826800556,0.24256752557595343,0.8761195174437935,0.12434712120316689,0.28976496649730854,0.2070560438502377,1.171506617558099
TSC_het,OFT-0532-00,medium,3.598450416898007,569,2.294889483882654,0.8176238381269496,0.35628026703213467,0.3250137026656857,0.41394821341898663,0.37479727713550065,0.9609696325679695,0.15018934687619268,0.1698365970962839,0.1600129719862383,2.3422930808868085
TSC_het,OFT-0532-00,slow,2.959640703142746,570,1.4692975049990933,0.7122545027901029,0.4847585328136404,0.4760302606061516,0.5131955290606982,0.2722591246597902,0.9511894897262049,0.20448430654247207,0.6248491953143256,0.41466675092839883,0.6565733183338869
TSC_het,OFT-0532-00,fast,4.3421238682530925,571,1.6522118922266062,0.5789063992902661,0.3503826609734069,0.37173625108535757,0.37894812826301416,0.23923723254037288,0.8894509690837084,0.11012185799390693,0.27698245343406863,0.1935521557139878,1.2360349677215374
TSC_het,OFT-0536-00,medium,4.140733878079817,572,1.6984580602393144,0.6082145794952618,0.3580980853949162,0.3688431865417763,0.3893626471574595,0.172701079273395,0.9605862661908999,0.07881295683072313,0.3453502863348199,0.21208162158277152,0.8143142153691662
TSC_het,OFT-0536-00,fast,5.250774305660139,573,1.7685550763362805,0.5037852449968658,0.284856972642606,0.3082336495716822,0.3122230066868885,0.1448267191315219,0.8307288048678031,0.057812896693797744,0.2155236060544312,0.13666825137411448,1.0596954133485947
TSC_het,OFT-0536-00,slow,3.3220375824962285,574,1.7145760171426718,0.5521172781150814,0.3220138813297883,0.3440355960974425,0.3507768059279501,0.18217841527017628,0.9010869253718705,0.08204098077694878,0.23780090229280448,0.15992094153487663,1.139177980830269
TSC_het,OFT-0537-00,medium,3.984304277650441,575,1.617742319377936,0.5981998332815981,0.3697744851674657,0.3436200426598971,0.3983276536817321,0.33038430424716864,0.7269628648719603,0.16517999861314947,0.37078344699465043,0.2679817228039,1.2328613339385566
TSC_het,OFT-0537-00,fast,4.772200724887549,576,1.606623115798032,0.5667093113394628,0.3527331990726216,0.35790113053765904,0.3794802131059767,0.2128871238706779,0.8247985831200274,0.12567564131167425,0.3545595041215272,0.24011757271660072,0.8865953518609752
TSC_het,OFT-0537-00,slow,3.2264977531199066,577,1.7899007831394858,0.5273473265809354,0.2946237755457977,0.31018863441098865,0.32371421942518996,0.171543431870303,0.8162307839505822,0.13211357532388024,0.17496908655599433,0.15354133093993727,1.1172459612025105
TSC_het,OFT-0544-00,medium,4.17626279223367,578,1.804872343591869,0.7446306371695042,0.412566927413613,0.41320091096734324,0.4540748911330994,0.4512135437925281,0.9029353037621757,0.22103184821733238,0.2411188687603613,0.23107535848884683,1.9526683708003705
TSC_het,OFT-0544-00,fast,5.112103156141091,579,1.7160404005692436,0.7011386480871045,0.40857933639238525,0.4273561535923328,0.44514925035422526,0.40055576116590347,0.9383910279426207,0.15524458590367343,0.28640562640470335,0.22082510615418838,1.8139049863570331
TSC_het,OFT-0544-00,slow,3.4096558945317392,580,1.7508046966085364,0.6763152651554188,0.3862882401820725,0.37526125676553,0.42254161830374076,0.3271752059788019,0.8518076297015147,0.1449716677861632,0.3662119697484831,0.2555918187673231,1.2800691647984415
TSC_het,OFT-0588-00,slow,3.2751089797361885,581,1.6049734041634545,0.7283342981956624,0.4537983597150542,0.47833647828746245,0.48811535202513034,0.567150107275747,0.8583221881631424,0.1920608849253024,0.3349282277363296,0.263494556330816,2.152416790590896
TSC_het,OFT-0588-00,medium,4.086668893842042,582,1.743837660994214,0.5853036621305339,0.3356411409287002,0.3628558668171708,0.36684895607892953,0.3391805782270408,0.8239783082793961,0.11857125774305638,0.18566568006622486,0.15211846890464062,2.2297133324400265
TSC_het,OFT-0588-00,fast,5.031387084227271,583,1.5550271500956834,0.6178440956415029,0.3973204555325519,0.42176520651319843,0.42488591054617086,0.2745023943620169,0.9301566584363434,0.09465316161370367,0.4002314277726191,0.2474422946931614,1.109359233442331
TSC_het,OFT-0589-00,slow,3.3225275363309135,584,1.51797240973505,0.6304480408322212,0.41532246356326125,0.42153162707872965,0.4422131607218812,0.308306488309406,0.8752809288684172,0.12123774913389959,0.46402747657580223,0.2926326128548509,1.0535616153703602
TSC_het,OFT-0589-00,medium,4.021713796513256,585,1.7771058190010078,0.7644566461581096,0.43016945754409014,0.43322439252130684,0.4719553561208424,0.5281819184167627,0.8213808419910767,0.17318065922647694,0.36507800484905345,0.2691293320377652,1.9625579806464437
TSC_het,OFT-0589-00,fast,4.892822606499282,586,1.6060199113523739,0.7450610498309843,0.46391769153322276,0.48308676219306185,0.4990606113204428,0.4294103435418764,0.9587995993712457,0.1421239527726622,0.46590854959598704,0.3040162511843246,1.4124585178228697
TSC_het,OFT-0591-00,slow,3.290860541171443,587,1.7924049803118907,0.641059172694229,0.3576530860691317,0.3677822540330282,0.3930788468972688,0.2578188748755244,0.8932486835020632,0.11545205602031994,0.3057957731911674,0.21062391460574367,1.2240721826774639
TSC_het,OFT-0591-00,fast,4.749665310871011,588,1.6199098568663082,0.6393502357159144,0.39468260101381697,0.39606823585963624,0.425266055351579,0.3378075211408252,0.8414936922741718,0.2118698287278527,0.30989317926346643,0.26088150399565957,1.2948695709238378
TSC_het,OFT-0591-00,medium,4.005766349865509,589,1.596073025069646,0.7327558071912103,0.4590991738358812,0.443559080898284,0.4933062530052975,0.4224049656758201,0.8891672204672414,0.2707816686142536,0.3908711572638749,0.33082641293906423,1.276817536795721
TSC_het,OFT-0592-00,fast,4.68085535017843,590,1.734422174145793,0.5321571016499841,0.3068209744908691,0.33562869659081584,0.3349879903857585,0.18710294324984064,0.8820418341319679,0.06598551320278648,0.20482167095843895,0.1354035920806127,1.3818166887215864
TSC_het,OFT-0592-00,medium,3.778605257456572,591,1.567155964126767,0.6215906842397857,0.39663613479985793,0.37129905967303,0.424755453479849,0.2702281590588537,0.814716066048557,0.14278784998874197,0.47128973882324315,0.3070387944059926,0.8801108002708455
TSC_het,OFT-0592-00,slow,3.135520727059829,592,1.4346155606190956,0.6563108212823181,0.45748201769057417,0.4423147634466158,0.4823356181395422,0.33264218634563913,0.8742928150520581,0.19702935557374432,0.5253781155867271,0.3612037355802357,0.9209267612121578
TSC_het,OFT-0594-00,medium,3.770236669281564,593,1.5628172256000423,0.5439426305822342,0.34805262040376345,0.35990117179900905,0.37253887167607214,0.14721225555916329,0.8950969127066437,0.06786598374604806,0.3799803346924337,0.22392315921924089,0.6574230913517493
TSC_het,OFT-0594-00,slow,2.9868614215034555,594,1.3493416568068686,0.6418534412927355,0.4756789639264832,0.4639300733929476,0.49645077359726475,0.43379566393130115,0.6889035710676131,0.2635608442529879,0.599543015137157,0.4315519296950725,1.0051992218823214
TSC_het,OFT-0594-00,fast,4.581509709528583,595,1.4194843760443216,0.5319130050469888,0.374722690875451,0.3790770577201543,0.39437148014689327,0.12337809800892881,0.882428089048568,0.08073932163127066,0.490940411898806,0.2858398667650383,0.4316336255164371
TSC_het,OFT-0595-00,fast,4.576833452162426,596,1.6555902739274457,0.6097124818757245,0.36827498414166476,0.36984064837705777,0.3984546713584223,0.23106504029698205,0.8503996122231499,0.0910382768782105,0.421315756035347,0.25617701645677876,0.901974125129865
TSC_het,OFT-0595-00,medium,3.744264129730356,597,1.6609014760102954,0.5967811214413112,0.3593115726977727,0.36866419056335575,0.388995266290715,0.20318778882762217,0.9100863467352942,0.10681126493446771,0.335895664665476,0.22135346479997187,0.9179336271570663
TSC_het,OFT-0595-00,slow,2.919864967677507,598,1.4369072619133534,0.7421166478325043,0.5164680195465909,0.5414295862835532,0.5446740980823301,0.515174689574056,0.9575854016553431,0.20896450932699767,0.4969717917729239,0.3529681505499608,1.459550072071264
TSC_het,OFT-0601-00,medium,4.411932492079069,599,1.5805542072259393,0.7127346294205233,0.4509396932810406,0.4434794291448295,0.4836640602984759,0.34393157932549895,0.9579699236999842,0.20902252925277773,0.4237322089156427,0.3163773690842102,1.08709286103822
TSC_het,OFT-0601-00,fast,5.674193182867084,600,1.7445423796785133,0.6921818322893438,0.39676985801680553,0.4065007945751582,0.43369635480087276,0.45094441504311644,0.8309974186496589,0.13677079440609194,0.3160727911046235,0.22642179275535773,1.9916122452503897
TSC_het,OFT-0601-00,slow,3.546844955979985,601,1.3655275937463844,0.5878215353506254,0.43047210326809393,0.45010599922660754,0.45014078227841026,0.27835247249400674,0.8553887464466005,0.1869302609468245,0.47989164922620936,0.3334109550865169,0.8348630068912312
TSC_het,OFT-0602-00,fast,5.601183804357186,602,1.167378256806671,0.5999325664863908,0.5139144600204296,0.520960442272139,0.524666723328675,0.2997924516892405,0.856113299382324,0.1716934952343608,0.7710676470087744,0.4713805711215676,0.6359881379411476
TSC_het,OFT-0602-00,medium,4.386958326674186,603,1.830191673932029,0.8750029475208013,0.47809361171495407,0.49520713057836374,0.527707278690685,0.6385679941203883,0.9744585042029704,0.18326407878334255,0.3145385376560388,0.24890130821969067,2.565546957900123
TSC_het,OFT-0602-00,slow,3.351393495018428,604,1.757574080824605,0.6512494496939366,0.3705388334973559,0.40197053237977054,0.4056276605219285,0.28661743190030836,0.9601543292796799,0.12850461122763596,0.24723426968008938,0.18786944045386267,1.5256202989048473
TSC_het,OFT-0604-00,medium,4.077361282809722,605,1.6116107636882135,0.72042136042023,0.4470194519993939,0.4579199393175207,0.48119469055199854,0.5235930405412474,0.8433896348794107,0.2202841667684271,0.3375119200189089,0.27889804339366797,1.8773636206625857
TSC_het,OFT-0604-00,slow,3.2369881439642003,606,1.423654714106618,0.5305991915302088,0.37270216315279386,0.3729761710732932,0.39243929169997066,0.27447981175985525,0.683710147957577,0.1976689935280579,0.4138982135543925,0.3057836035412252,0.8976276313744546
TSC_het,OFT-0604-00,fast,5.25408961737121,607,1.3124015201961339,0.49579906265072066,0.3777800124588588,0.37449848072400277,0.39253239373284143,0.1212599201242888,0.8263616050417915,0.07386916693457407,0.5486388828307113,0.31125402488264264,0.38958506695619266
TSC_het,OFT-0610-00,fast,5.32406526866639,608,1.6722821046921053,0.512617073140736,0.30653743869077477,0.31706106888591123,0.3322973929970198,0.17075133427998934,0.7785627370310576,0.07345613371373427,0.3064193669632984,0.18993775033851634,0.8989857675773666
TSC_het,OFT-0610-00,slow,3.3228636325889513,609,1.5404120128088055,0.6510629664994224,0.42265508259200507,0.44838935159935744,0.4512060680804324,0.42066861140545325,0.8112141496858232,0.1790170146215359,0.39392449660891754,0.2864707556152267,1.4684522003023388
TSC_het,OFT-0610-00,medium,4.091862422093883,610,1.6358111006737446,0.576864482876831,0.35264737024906895,0.3740225185802634,0.3806745093275392,0.16038599488558825,0.9641572565118638,0.11263193250066296,0.28552285341204164,0.1990773929563523,0.8056464498746618
TSC_het,OFT-0614-00,fast,5.00223156375755,611,1.4628375739737172,0.6579749184952535,0.44979355890339967,0.4435162808804662,0.4758162288523813,0.2702973819507929,0.8891152921627752,0.11567448909004958,0.6281777522059078,0.3719261206479787,0.7267501983455054
TSC_het,OFT-0614-00,slow,3.236930864681304,612,1.4498867604622698,0.5620035552797265,0.3876189303918755,0.39600051165356864,0.40941700850285684,0.28447922248540625,0.7771206226822818,0.19479953497322813,0.38126865387051156,0.28803409442186984,0.9876581557346578
TSC_het,OFT-0614-00,medium,4.109349585836475,613,1.823384205351947,0.6368051420473689,0.34924353308438016,0.37864593545629355,0.3851887342047538,0.36292584675769046,0.8927922146568127,0.08185845874117731,0.20317841666333475,0.14251843770225603,2.5465185600469535
TSC_het,OFT-0617-00,slow,3.5903810054460044,614,1.965156466587778,0.772969185974837,0.39333722231135665,0.403289233936869,0.4407912177692917,0.49061513211208907,0.9138827593254897,0.18232293981781392,0.17634403982177407,0.179333489819794,2.735769724913574
TSC_het,OFT-0617-00,medium,4.308088575821897,615,2.079365518172198,0.7610058191931801,0.3659798205474325,0.3582281696172566,0.41535807037815087,0.3393601370346277,0.9597018664644984,0.07962475035128637,0.2827455276621912,0.18118513900673877,1.8730020513548076
TSC_het,OFT-0617-00,fast,5.2513217154614,616,1.706742252483682,0.7227538365773152,0.42346982124896176,0.4340389290869152,0.4608803231650058,0.4627679996211458,0.8924584560305691,0.13944952565141933,0.3488453113568887,0.244147418504154,1.8954449834302554
TSC_het,OFT-0620-00,slow,3.0509696397164423,617,1.5408195276780217,0.46950127156859506,0.3047088014753566,0.31926458009822933,0.3253078602370115,0.17747981901505253,0.7569988368234086,0.14514759492412588,0.221605190185459,0.18337639255479243,0.9678444239327152
TSC_het,OFT-0620-00,fast,4.404956139717635,618,1.807202755297646,0.5957765054424378,0.3296677717516613,0.33957068617138286,0.36293136346300836,0.28671372498935116,0.8217061075119567,0.08726961107682031,0.25603601027390516,0.17165281067536273,1.6703118571801114
TSC_het,OFT-0620-00,medium,3.6539329159567644,619,1.9949675855685316,0.7463255409776515,0.3741040939093562,0.36706542332740455,0.4206317747928931,0.40520300323888897,0.8662261961788066,0.17044718239295942,0.2406507173609173,0.20554894987693836,1.9713212034480496
TSC_het,OFT-0621-00,slow,2.9679841802273645,620,1.4653071997814429,0.6622566321502897,0.45195753644632897,0.455033355311048,0.47824492340932423,0.24802720533663883,0.9518637404303847,0.21485868489643567,0.49823006297383765,0.35654437393513666,0.6956418989288568
TSC_het,OFT-0621-00,medium,3.6210815971248764,621,1.7830624282009289,0.6527670034394631,0.36609318502554666,0.38885518772521643,0.40192741232728635,0.31534319220602336,0.9321559793710743,0.09912463380587656,0.2610858439261711,0.18010523886602384,1.7508829514981512
TSC_het,OFT-0621-00,fast,4.555951220546944,622,1.627171810718341,0.6400290925714132,0.39333836067923406,0.4168842858861237,0.4241747021657566,0.33730511563306664,0.90376703833121,0.14392419676697304,0.3117024579317765,0.22781332734937476,1.4806206447956187
TSC_het,OFT-0624-00,slow,2.9820569955346206,623,1.4608568568275075,0.7514532177014056,0.514392094057258,0.5108652389277004,0.5440247345127766,0.5553718537364516,0.8362850722009963,0.2913005910164702,0.49314142109718817,0.3922210060568292,1.4159666238171429
TSC_het,OFT-0624-00,medium,3.5942801589391187,624,1.396150829062607,0.6575170481335141,0.47094986762639335,0.48412227909331984,0.4942707651897834,0.34093330919769693,0.9429963283103755,0.1501076641576083,0.5430457590934528,0.3465767116255305,0.9837167292592609
TSC_het,OFT-0624-00,fast,4.482360186800396,625,1.404619238842983,0.6026028355911073,0.4290150803341445,0.44030745451840236,0.450713549741265,0.249062368444028,0.9006938718217753,0.06942405326256047,0.5836739054366961,0.3265489793496283,0.7627106014542547
TSC_het,OFT-0628-00,fast,4.437266841828403,626,1.8741249888636475,0.5116653151846743,0.27301557698930007,0.2945598603383846,0.30284679426372174,0.20611742924847595,0.7855917289267783,0.05148179308842482,0.16819622579120777,0.1098390094398163,1.876541224285286
TSC_het,OFT-0628-00,medium,3.6002656703958937,627,2.0963888494478455,0.6726759330244938,0.3208736457464299,0.3085938298758465,0.3648489316561878,0.2850361965186309,0.8381860800802488,0.08097747652783728,0.2551959734980346,0.16808672501293592,1.6957686366766593
TSC_het,OFT-0628-00,slow,2.92626962399541,628,1.7101803357179806,0.6046390027572989,0.3535527745987413,0.37453942443779986,0.38493855311856107,0.2063817460048295,0.948000592588378,0.1699073082291729,0.21546456565186384,0.1926859369405184,1.0710784050033655
TSC_het,OFT-0630-00,medium,4.0107034450908285,629,2.134259423180132,0.6610971087370379,0.30975480373045594,0.31687167459888266,0.35367259185627864,0.2588338800863834,0.9145381188194088,0.07136770421031063,0.16995066430901182,0.12065918425966123,2.1451651747401774
TSC_het,OFT-0630-00,slow,3.3756859977536635,630,1.987961940186518,0.7532109972186846,0.3788860249246097,0.3781275944626298,0.425676646461369,0.3958430803106182,0.8867499088044386,0.17495758583331397,0.2451560108971052,0.21005679836520957,1.8844573629195107
TSC_het,OFT-0630-00,fast,4.949014597612415,631,1.6616831077968328,0.6205974631901432,0.37347521935934674,0.39214633870819116,0.40436549983819636,0.1963381181527004,0.9879823685089572,0.10806544618553572,0.32507606650559223,0.21657075634556397,0.9065772381540746
TSC_het,OFT-0632-00,medium,3.325985845058851,632,1.6885177517495022,0.5495541319736037,0.3254654156903007,0.34542446591423803,0.3534765052257137,0.23803955723991543,0.7812793356376331,0.15645973140245972,0.23812739662284677,0.19729356401265324,1.2065246954768833
TSC_het,OFT-0632-00,fast,3.7592507380281908,633,1.2776368481039404,0.5661158269357996,0.4430960392038913,0.4585813344390157,0.4584735126703799,0.24543842530656915,0.851556745082676,0.15403452277734794,0.5828643575149268,0.3684494401461374,0.6661386843449169
TSC_het,OFT-0632-00,slow,2.7488949761350217,634,1.3647554203333796,0.5380172492002405,0.39422246739918776,0.3896945201906104,0.41219681512431916,0.17289345690129287,0.8433454709799353,0.09358285899253627,0.5389654736235122,0.31627416630802424,0.5466569050502509
TSC_het,OFT-0634-00,medium,3.9955973311181747,635,1.5167497879893226,0.6186896210584192,0.4079048673404361,0.42086817145220523,0.4342529615551839,0.2522038887819661,0.9204646655698755,0.10584038190468215,0.45850290996421184,0.282171645934447,0.8937960011777977
TSC_het,OFT-0634-00,slow,3.192181584183549,636,1.4239261619536312,0.6496758733575452,0.4562567152121061,0.47166214918800375,0.4804341099802861,0.29660573481653896,0.9563254827782117,0.15423191652109927,0.5145733058052943,0.33440261116319675,0.8869719461364732
TSC_het,OFT-0634-00,fast,4.935630373348878,637,1.742812204548421,0.6544332355727862,0.37550416152975935,0.4022055902179157,0.4103702957851378,0.35119065893731605,0.9270939806032273,0.12218188105699271,0.24101466254301518,0.18159827180000393,1.9338876711562871
TSC_het,OFT-0636-00,medium,4.409732611642123,638,1.6165040512788695,0.7096448367226659,0.4389997267011131,0.4537428590042831,0.4728303654538071,0.485128850538301,0.8741885596088751,0.2509508332181599,0.28105321844989234,0.2660020258340261,1.8237787814480808
TSC_het,OFT-0636-00,slow,3.459523931204233,639,1.7872597611816647,0.7958599626196454,0.44529619023787265,0.46502383016229576,0.4891166617855944,0.5961792115898455,0.8638006971300559,0.2416186724149284,0.2548680660075476,0.248243369211238,2.4015916859496786
TSC_het,OFT-0636-00,fast,5.43660862681581,640,1.875846431097489,0.710923908427458,0.37898833115647024,0.4097986466694532,0.4204802783153436,0.5224374447176608,0.8628004789115319,0.14704937434779664,0.14963381528438524,0.14834159481609094,3.521854038075846
TSC_het,OFT-0640-00,slow,2.926225068160577,641,1.9389068505959621,0.6726820994219381,0.3469388429955651,0.35033358933778447,0.3876567500488616,0.2404574429910765,0.9558075935450456,0.10741472427734056,0.2469472393819836,0.17718098182966208,1.3571289678383598
TSC_het,OFT-0640-00,fast,4.4507298595260405,642,1.845260248683953,0.6948407910705687,0.37655435950898086,0.39540560174988504,0.4163401634541794,0.487302415960582,0.7829558414930584,0.08029777365040398,0.31480462271267334,0.19755119818153866,2.466714555245461
TSC_het,OFT-0640-00,medium,3.630683294153806,643,1.9361251468700968,0.6685110652423488,0.345282982519519,0.35662038818183367,0.3856864928598727,0.296690032018721,0.9415576527886562,0.09745603724195721,0.20704224939015625,0.15224914331605674,1.9487139668353788
TSC_het,OFT-0647-00,slow,3.8380772906101113,644,1.816839208052811,0.7604758318037301,0.41857079505608347,0.3710824712601133,0.4613089246495392,0.38357068592183075,0.8447302083872421,0.15850673654887965,0.45842806774020456,0.3084674021445421,1.2434723515520665
TSC_het,OFT-0647-00,fast,5.715284831935742,645,1.5059680028810591,0.6101985008654756,0.4051868962010535,0.41456775601545814,0.4308133467841063,0.3379868606576736,0.8132896465800499,0.0545244958258692,0.5174523840728328,0.28598843994935097,1.1818200089399824
TSC_het,OFT-0647-00,medium,4.811456557638372,646,2.1943717691972555,0.7667190282725324,0.34940252104729425,0.3450046169773884,0.40156708445044886,0.47880210071707446,0.8104027896150368,0.0985773010891998,0.21848614638048475,0.15853172373484228,3.0202289449518096
TSC_het,OFT-0650-00,slow,3.3994000308037746,647,1.9439987590638859,0.7771071642523506,0.3997467388438865,0.412050547295513,0.44691679201994455,0.5706666054410667,0.7957690279543136,0.1187726856707117,0.3024588490136859,0.2106157673421988,2.709515116757018
TSC_het,OFT-0650-00,fast,5.529337350161906,648,1.6911690032827607,0.5964400615378282,0.35267915884223694,0.34819844469432576,0.38314927167918583,0.2786971708806421,0.7653190811332227,0.1284613806784576,0.36011945402442086,0.24429041735143925,1.1408436479098765
TSC_het,OFT-0650-00,medium,4.391905756659091,649,1.6265971588201702,0.6409203027754222,0.39402521964338416,0.4326709541081487,0.4248871050348888,0.33942874905361653,0.9199503688444972,0.14570212579643232,0.29446717644500936,0.22008465112072084,1.542264521061185
TSC_het,OFT-0657-00,slow,2.973970746946235,650,1.7652565970668919,0.6786602214863896,0.3844541482603918,0.3728812932161611,0.42122990741364164,0.2919975121291105,0.878699878847577,0.1646820665960247,0.3495401720818542,0.25711111933893943,1.1356860523180319
TSC_het,OFT-0657-00,medium,3.5880472042015277,651,1.6239711986889986,0.5728555902439394,0.35274984599874365,0.3864258426646136,0.380263064029393,0.24746966302635998,0.9088391182473682,0.0896456397490325,0.2750978350948113,0.1823717374219219,1.3569518310495243
TSC_het,OFT-0657-00,fast,4.4036968912874555,652,1.9953467985574005,0.7730141268509749,0.3874084081072273,0.41864497590672767,0.43560912295019566,0.5744936200953767,0.8600462159486015,0.12094029680834087,0.18695635894846335,0.15394832787840212,3.7317301721467686
TSC_het,OFT-0661-00,medium,3.661372132875363,653,1.586786173883132,0.6565473720757948,0.4137591963440879,0.4207252075639083,0.4441077183105514,0.2853867186440955,0.9624700445271435,0.15108125655705062,0.3774928535139161,0.26428705503548333,1.0798361599881587
TSC_het,OFT-0661-00,fast,4.477672347077052,654,1.7213768791644677,0.5835370304384689,0.338994346619614,0.3422657295451652,0.3695621820969708,0.2057036883391341,0.8688617319977735,0.11650186618579074,0.2871814418651849,0.20184165402548782,1.019133980705284
TSC_het,OFT-0661-00,slow,3.0202780086584164,655,1.2773568100108144,0.5587857383029667,0.43745469858045066,0.4236027708560025,0.45262107854576517,0.22021949784105108,0.8114218991513681,0.1775638762859632,0.6012790409046782,0.38942145859532074,0.5655042704513593
TSC_het,OFT-0668-00,fast,5.9356814302407,656,1.641319507294987,0.6740861650017104,0.41069771120472026,0.4180626296402994,0.44362126792934387,0.2790792462329393,0.9587029514388196,0.11666946464438588,0.4200334094012308,0.26835143702280834,1.0399767160897266
TSC_het,OFT-0668-00,slow,3.5745264128007737,657,1.8747906218180201,0.7977984358641426,0.4255400184851054,0.4041082568453458,0.472072320657485,0.416855382150078,0.876908382325918,0.1515989437310984,0.44292657442284566,0.297262759076972,1.4023128340881044
TSC_het,OFT-0668-00,medium,4.709985933979223,658,1.9806530268787506,0.7001093475826019,0.3534739997776806,0.36114085744832075,0.39680341825329574,0.34556071947366923,0.9159011593299027,0.1300279123814732,0.19572388182813802,0.1628758971048056,2.1216197461758974
TSC_het,OFT-0670-00,medium,3.6179667701916807,659,1.2281282441108285,0.6187080539406339,0.5037813085950009,0.5056920565598839,0.5181471517632052,0.22671540962081418,0.9640907675173416,0.12634582760984503,0.7554366023048203,0.4408912149573327,0.5142207463642808
TSC_het,OFT-0670-00,slow,3.0011316057451705,660,1.3626178111293026,0.5027107206047118,0.3689300965382788,0.36838490799067525,0.38565267454658286,0.19662012403810258,0.7748219505949178,0.1435089592791769,0.42765966427413415,0.28558431177665555,0.6884836313833359
TSC_het,OFT-0670-00,fast,4.4087851454880225,661,1.9087658647784267,0.696616992552293,0.36495675316006226,0.3768180881241251,0.40641428308409117,0.355106448238881,0.897336730020487,0.13632590021431007,0.23688805386268663,0.18660697703849835,1.902964475790313
TSC_het,OFT-0674-00,slow,2.9076134952358,662,1.1471862518610398,0.3805728538269469,0.3317446083489555,0.3293406493357356,0.3378481390337044,0.07903904561571723,0.6481147637231032,0.12910831162536587,0.49513043517063166,0.3121193733979988,0.25323338553204977
TSC_het,OFT-0674-00,fast,4.342793971653286,663,1.6481156313257097,0.4749704805763674,0.28819002231919316,0.3159453233762772,0.3115375796013401,0.14173677273074273,0.8084352474480313,0.08778632344018812,0.20819197478639784,0.14798914911329297,0.957751116078357
TSC_het,OFT-0674-00,medium,3.663163925002434,664,1.7334032407040656,0.598985311533811,0.3455545123421587,0.35412234546692145,0.37723336224111526,0.4789006906564568,0.647624057074587,0.1385778657065402,0.24383083552687682,0.1912043506167085,2.5046537336196355
TSC_het,OFT-0678-00,medium,3.9836309360264703,665,1.28956827115957,0.6747465512628432,0.5232344547808363,0.5552762426464625,0.5421734668410869,0.3950726741382846,0.9202203805007686,0.177542002322379,0.6758588104029161,0.4267004063626475,0.9258783639463356
TSC_het,OFT-0678-00,fast,4.957454383954987,666,1.3724921898683005,0.5381132464741867,0.3920701701958844,0.3963821986517194,0.41032555473067206,0.18757730023828625,0.8330085086066346,0.10484336067801517,0.5158730493997523,0.3103582050388837,0.6043896929188173
TSC_het,OFT-0678-00,slow,3.312993853930357,667,1.3311582911012327,0.5901190401653019,0.4433124475956287,0.44425839540428047,0.4616632716668379,0.19016317642050262,0.9296960528438326,0.2652567206350227,0.46153713676799346,0.3633969287015081,0.5232932955707543
TSC_het,OFT-0682-00,slow,2.789309260449303,668,1.3476534997996612,0.4579650405617686,0.33982402793436783,0.33426066816115735,0.35459165451279295,0.10103906784979716,0.7667966866574305,0.1650728059445699,0.38545805759937424,0.27526543177197205,0.36706050301840015
TSC_het,OFT-0682-00,fast,3.803719768779206,669,1.0784682959202756,0.5460146971631681,0.5062872030904203,0.519131691254146,0.5112531398495137,0.2138160539449127,0.8827486577911355,0.14480301778116364,0.803644829880843,0.4742239238310033,0.450875721784777
TSC_het,OFT-0682-00,medium,3.311268513595471,670,1.2525749844304903,0.6516537762682002,0.5202513097964258,0.48833401140026106,0.5366766181053977,0.3330731263121439,0.8343884366799523,0.21856386739307937,0.7606810420364152,0.4896224547147473,0.6802652188535581
TSC_het,OFT-0683-00,medium,4.94869888064107,671,2.295000105026047,0.7904981612448411,0.34444362748117147,0.34253378189201805,0.4002004442016302,0.46804745546833276,0.8561530431429866,0.08876212392105114,0.18783915427415027,0.1383006390976007,3.3842754344614785
TSC_het,OFT-0683-00,fast,6.079743293890903,672,1.6504525817822053,0.6567338089045228,0.3979113463504435,0.40375485901070984,0.4302641541697033,0.3237705870612146,0.9241887118858587,0.1294984189225311,0.3435988988092089,0.23654865886587,1.3687272149989316
TSC_het,OFT-0683-00,slow,3.7480415792144566,673,1.9475439144701645,0.7056317745114806,0.3623188002430487,0.38271605735025954,0.40523292202660277,0.3753781959163931,0.9278778092412173,0.12228715765456942,0.19538852529423117,0.1588378414744003,2.363279382494582
TSC_het,OFT-0693-00,slow,3.6591178306034053,674,1.882668001256116,0.6240209331814879,0.33145564314321013,0.32730739393812847,0.3680263043979948,0.3131891866427468,0.8012325663242544,0.12039766455505843,0.23728580006991934,0.1788417323124889,1.7512086390189598
TSC_het,OFT-0693-00,medium,4.6560061739038865,675,2.17295332937276,0.8284892570753716,0.3812733784367663,0.3894698894098956,0.437175363266592,0.549324803166493,0.8679575862362855,0.16489084094248863,0.1665282227211009,0.16570953183179477,3.314986151334318
TSC_het,OFT-0693-00,fast,5.778566101522839,676,2.1250994561608363,0.7050678383409194,0.3317811014900363,0.3354798656617164,0.3784419435963966,0.31529130900558955,0.9091757808380261,0.10667126301010701,0.1826294215318638,0.1446503422709854,2.179678969683517
TSC_het,OFT-0694-00,slow,3.4338227679377273,677,1.9988304713793072,0.7446830525780904,0.3725593857212996,0.3614528838904014,0.4190748440783984,0.3621254130187368,0.9301443945796235,0.19786100817012497,0.18616856054510839,0.19201478435761668,1.8859246397626273
TSC_het,OFT-0694-00,medium,4.589604585184848,678,1.7293097319782933,0.5744270120953753,0.3321712712726384,0.35395269597076295,0.36245323887548053,0.2465187027325103,0.8854778707440611,0.10017076265850933,0.21764561936684138,0.15890819101267534,1.5513278526520178
TSC_het,OFT-0694-00,fast,5.858378299405327,679,1.9307471680509651,0.5392839354689769,0.2793135965147466,0.29239793438675044,0.3118098888840255,0.2361515775087853,0.7858494567221367,0.04487289339907106,0.18036562790610883,0.11261926065258994,2.096902218504792
TSC_het,OFT-0702-00,fast,6.216057809575509,680,1.89054822256949,0.6596585407616938,0.34892447221744805,0.3546331523922941,0.38776623078547867,0.23841817492182021,0.9566473263530584,0.0809570155945118,0.2750424062725244,0.1779997109335181,1.3394301241919886
TSC_het,OFT-0702-00,medium,4.692115501064347,681,1.4679329971483777,0.5714458517871888,0.3892860593073973,0.3927215662777367,0.4120560333673712,0.23572448639068666,0.865421213064727,0.09280063328376253,0.45427780073030877,0.27353921700703565,0.8617575533406007
TSC_het,OFT-0702-00,slow,3.5809827782314247,682,1.8276034588576284,0.5941928065389515,0.3251212967775629,0.34083185066842436,0.3587552354977366,0.2621360191773408,0.8802182660620956,0.06796090870141636,0.22470574805009347,0.1463333283757549,1.7913623785295691
TSC_het,OFT-0708-00,fast,5.447812547576632,683,1.525990801207079,0.5415345097147672,0.354874032848957,0.35193873900530426,0.37820659245718313,0.18638121919615352,0.8131316656545835,0.06702309865081442,0.4462903863271811,0.2566567424889978,0.7261886728112869
TSC_het,OFT-0708-00,medium,4.38009585957625,684,1.8134293617648918,0.6480679436166396,0.35737148481257497,0.37453791373406864,0.39370854216308315,0.2989235319798511,0.9159276961809215,0.08952583748283828,0.27045710300872133,0.1799914702457798,1.660764988316772
TSC_het,OFT-0708-00,slow,3.4253146263577543,685,1.3843743680048561,0.6362426846194642,0.4595886050219274,0.46345329282691217,0.48167036497161964,0.2838114129648276,0.9239424803006001,0.1162139489958851,0.602713617625166,0.35946378331052553,0.7895410501470601
TSC_hom,OFT-0637-00,fast,3.995573745118839,686,1.6881554011759796,0.738297994128428,0.43734006573928264,0.48225855896042025,0.4749598067879259,0.6739365517970075,0.7975586758535749,0.15889233209229517,0.26945166740882603,0.21417199975056062,3.1467070979489393
TSC_hom,OFT-0637-00,slow,2.967610196420612,687,1.56563961895493,0.8527452588124675,0.5446625446165434,0.549269903190711,0.5831728838910337,0.6057607878035915,0.9043238195819787,0.2275093742375656,0.5950975539409993,0.4113034640892824,1.4727830925151117
TSC_hom,OFT-0637-00,medium,3.4568167844108495,688,1.8754957690906924,0.7241574385461199,0.38611520776568714,0.3515847816596424,0.4283704866132413,0.5304408532843566,0.6484924979260067,0.20910181213252255,0.3254467831100791,0.26727429762130084,1.9846309877350599
TSC_hom,OFT-0639-00,medium,3.5749929105919187,689,1.7203168183097752,0.7226806007303246,0.42008576155197036,0.43318727497543885,0.4579101164492646,0.4837345949005567,0.8559258043352601,0.1798456344559635,0.3121344321052781,0.2459900332806208,1.966480464469556
TSC_hom,OFT-0639-00,slow,2.9929936405774606,690,1.9381472047407777,0.778149522542612,0.4014914453552498,0.4190591923664859,0.44857370500367,0.4728836770859868,0.959147227456808,0.11624172466163066,0.2460221908102547,0.18113195773594268,2.610713664208084
TSC_hom,OFT-0639-00,fast,4.372821504891833,691,1.763740673404187,0.7127166471234655,0.4040937865019888,0.43728732012344784,0.4426716440796734,0.5676714796878504,0.8362877906793723,0.14122956623733965,0.22549773971413117,0.18336365297573542,3.095877893330204
TSC_hom,OFT-0648-00,medium,2.9902662877787733,692,1.4218285953775576,0.605238436205113,0.4256760893491495,0.38997737815703865,0.4481213827061451,0.33925412783513786,0.7526033130767067,0.24860041077865178,0.45202767913408354,0.35031404495636764,0.9684285649391896
TSC_hom,OFT-0648-00,slow,2.688196075158726,693,1.3102508142537626,0.5004865830429408,0.3819776928190553,0.35976207184833675,0.3967913040970409,0.33510947471369923,0.5455021790634482,0.13006669928594608,0.57648686332507,0.35327678130550805,0.9485748638088445
TSC_hom,OFT-0648-00,fast,3.412464355154506,694,1.6061435522499699,0.5106197732783346,0.31791664734016567,0.3111939215251306,0.3420045380824368,0.48452147867610645,0.40786438685781623,0.2504952537491389,0.2251370330466855,0.23781614339791218,2.037378420797148
TSC_hom,OFT-0649-00,slow,2.7310411774425147,695,1.4259414704361966,0.5404590871529066,0.37901912410723265,0.37803609315172315,0.39919911948794184,0.25497005627270564,0.7563592595509102,0.12415452827756118,0.46131263385059007,0.29273358106407565,0.8709969500113345
TSC_hom,OFT-0649-00,medium,2.99545771741325,696,1.7036385786887946,0.6563623784772178,0.385270905864545,0.3999141389970046,0.419157339941129,0.3834207924251033,0.8290809311409258,0.13895968067001682,0.32516795552847,0.23206381809924342,1.6522213396537808
TSC_hom,OFT-0649-00,fast,3.4075802380840625,697,1.7130125933365437,0.6517228466627648,0.38045420634845584,0.37936846123836715,0.4143627863877446,0.49799219969480196,0.6078750466093789,0.24771980982740102,0.30386408941939674,0.27579194962339887,1.805680696535281
TSC_hom,OFT-0658-00,slow,2.991580413308975,698,1.381183339319367,0.6153389623945431,0.4455157725098073,0.4436664813685722,0.4667436712453992,0.3279972442566809,0.82234959730765,0.15907888669197115,0.557548956725295,0.3583139217086331,0.9153907352876886
TSC_hom,OFT-0658-00,fast,4.385394116350379,699,1.775524186263093,0.5357170362398501,0.3017233109999825,0.3321632938368117,0.3309725266549659,0.27690556233631697,0.7901595582235654,0.07525532766330666,0.1815696583966746,0.12841249302999064,2.1563755659789727
TSC_hom,OFT-0658-00,medium,3.5631218549113406,700,1.651167671130328,0.5854331708788805,0.3545570695907065,0.37633330354455136,0.38341658225172826,0.41593007118388925,0.7643760383779387,0.10051539590694158,0.2528448235381433,0.17668010972254244,2.354142024459141
TSC_hom,OFT-0660-00,slow,2.9066166289208835,701,1.4340079587197176,0.8026946965920956,0.5597560959903887,0.548098855441965,0.5901234210656022,0.6321896439575573,0.8370432366315137,0.34337575055118935,0.5478850531221487,0.445630401836669,1.4186411908881955
TSC_hom,OFT-0660-00,medium,3.321347277838194,702,1.874487197199717,0.6768736094766444,0.36109801682712,0.3782192222158657,0.4005699659083105,0.44781301258367345,0.814839916528366,0.18013209398297686,0.15949484053822588,0.16981346726060137,2.6370877399048966
TSC_hom,OFT-0660-00,fast,3.9738201942794054,703,1.6083878972034449,0.6431996190453448,0.3999032945744596,0.4123482844620974,0.4303153351333202,0.39616608788215407,0.8012284159936629,0.16683450967235755,0.3570323269851065,0.261933418328732,1.5124686663118228
TSC_hom,OFT-0669-00,fast,3.353488068225797,704,1.919030239754573,0.6704462218103004,0.34936720012085093,0.3621928398465306,0.3895020778320323,0.4669998037469717,0.6938140930709943,0.12662069259226325,0.27057372191789986,0.19859720725508156,2.351492300428723
TSC_hom,OFT-0669-00,medium,2.9466937199196437,705,1.5058460083566696,0.6734991799546897,0.44725634375435214,0.45933540240472476,0.4755366982793945,0.46445954046610033,0.8090675693517595,0.1843433613313498,0.4442763219683682,0.314309841649859,1.477712368241743
TSC_hom,OFT-0669-00,slow,2.6444781541271247,706,1.364737628260957,0.6180317781780437,0.4528575789073703,0.4471832425220771,0.4735043538162045,0.35613881304534645,0.8555640703990959,0.26375993485679744,0.4185545969635781,0.3411572659101878,1.0439139031531066
TSC_hom,OFT-0673-00,slow,2.9282402640121483,707,1.4633211277288076,0.6525386697364047,0.44592991748106403,0.4745354951488622,0.4717560115129816,0.41900036882776687,0.9058643546722386,0.1292267179122587,0.43293260463966216,0.2810796612759604,1.4906819188756517
TSC_hom,OFT-0673-00,medium,3.466711329202725,708,1.66474468398719,0.6155934289437629,0.36978248668700947,0.3969319158665816,0.40050885446910356,0.44542983195117625,0.8011879234246284,0.08029864623824744,0.2751190162623622,0.17770883125030482,2.5065148919008053
TSC_hom,OFT-0673-00,fast,5.194862140036054,709,1.7229866143029913,0.6114653886871335,0.35488690603350553,0.3847899372225567,0.3869592163652088,0.406772013184266,0.8302446018838756,0.11235746705368531,0.19846278333900846,0.1554101251963469,2.6174099832320814
TSC_hom,OFT-0679-00,slow,2.7966359294182905,710,1.4716307933384902,0.6440275389639233,0.4376284743966963,0.4539720877666295,0.4634283574675996,0.31739454484253365,0.9009373319216529,0.2594780156424484,0.37590353746376315,0.31769077655310574,0.9990675470223399
TSC_hom,OFT-0679-00,medium,3.2348003994619323,711,1.9218745426285533,0.7150094808277033,0.37203754197700273,0.36921882595005984,0.41490903433334037,0.43033238017261444,0.8162317705409751,0.19095828556344194,0.22211370105632988,0.20653599330988592,2.0835708743848107
TSC_hom,OFT-0679-00,fast,3.811643496460311,712,1.7891798569178536,0.6699284785842498,0.37443327790326675,0.40256675048337154,0.41137017798838965,0.42580734367079215,0.8471079977856825,0.10420850615213445,0.2683568643449492,0.18628268524854183,2.2858127855665815
TSC_hom,OFT-0681-00,medium,3.3332522998533665,713,1.6901392605902188,0.6192539159677344,0.3663922437678199,0.4223726370376249,0.39799995279280925,0.4480789105619165,0.8657838629922397,0.09678812172123467,0.18134891589584576,0.1390685188085402,3.222001027988226
TSC_hom,OFT-0681-00,slow,2.8860924864699395,714,1.5436538985233652,0.5913110042330826,0.383059314525569,0.43665743206344554,0.4090907757390082,0.40850927643838114,0.8092972536192305,0.09654003187549975,0.32201654102292143,0.2092782864492106,1.9519907362081808
TSC_hom,OFT-0681-00,fast,4.001181672736962,715,1.1946158079317675,0.5543693027797547,0.4640565603593775,0.4667806618253607,0.47534565316192456,0.33715617610566484,0.8136734697546445,0.16103597674452946,0.5895169900428595,0.37527648339369446,0.8984207405076368
TSC_hom,OFT-0684-00,slow,2.667998558856151,716,1.343124609342082,0.5909175092962401,0.43995732427663276,0.42372891268843166,0.4588273474040836,0.2508266600769469,0.8186594962263499,0.17765510366697057,0.5881681296460671,0.38291161665651885,0.6550510592159563
TSC_hom,OFT-0684-00,medium,2.9033055743390657,717,1.393379525128565,0.5063370566618801,0.36338775439890375,0.38529209453978275,0.3812564171817758,0.6122920841153592,0.38402593554558456,0.26137250872285256,0.2673351403433071,0.2643538245330798,2.3161839447446324
TSC_hom,OFT-0684-00,fast,3.2067077279549308,718,1.9175833695881852,0.6085539683659124,0.3173546339717181,0.26912915785233665,0.3537545507709924,0.4668097099929674,0.5003306726699969,0.22038317552232148,0.2274946448986838,0.22393891021050263,2.0845404202162374
TSC_hom,OFT-0712-00,medium,3.2103904874208182,719,1.582436917341584,0.6642757201774261,0.4197802218197592,0.4429067917939837,0.45034215911446757,0.484064443344442,0.800071980284552,0.21712843375567548,0.3001037790732008,0.2586161064144381,1.8717490184803798
TSC_hom,OFT-0712-00,fast,3.7623960182912635,720,1.7193231185713962,0.7434863142431418,0.4324296615408234,0.47175943058450454,0.47131174312861324,0.5881634422826408,0.8235364513554488,0.11448798158148464,0.3590590972948789,0.23677353943818177,2.4840758966489243
TSC_hom,OFT-0712-00,slow,2.809885392714895,721,1.6283649044390625,0.5448388841272722,0.3345926227235644,0.35649641719299874,0.3608734053990279,0.29430950007809104,0.7733412461237102,0.14841957009966583,0.22742330529464427,0.18792143769715505,1.5661305260573077
TSC_hom,OFT-0713-00,slow,3.167325042475115,722,1.8439066064070888,0.7688629406185694,0.4169749910038684,0.4179660010788475,0.460960984705706,0.5373390732883686,0.7992037214173636,0.20465765777045208,0.30264348634663973,0.2536505720585459,2.1184224775347387
TSC_hom,OFT-0713-00,fast,4.717101867130854,723,1.8154685663884886,0.6393778766499365,0.3521833913774948,0.36905591693298806,0.38808270203655004,0.504476162820362,0.6752653990985724,0.06904407659490225,0.3035451696323636,0.18629462311363293,2.7079480576991743
TSC_hom,OFT-0713-00,medium,3.876950826188551,724,1.935652431874286,0.7676344178567115,0.39657657811708147,0.39957115153744843,0.4429588080845353,0.5646101586165594,0.8161043016702008,0.13864026802616922,0.2524805040252116,0.19556038602569042,2.8871397223688624
TSC_hom,OFT-0714-00,slow,3.1283397926681857,725,1.8314962299772428,0.7263535901326594,0.3965902731569831,0.38355213038587743,0.4378106877789426,0.38392811298314233,0.8511350497935063,0.14902764143106692,0.3671519469080547,0.2580897941695608,1.4875757261866303
TSC_hom,OFT-0714-00,medium,3.7114633580231575,726,1.7219629100118903,0.7810903072555279,0.4536046059494594,0.4677629732663059,0.49454031861271797,0.4163717022804318,0.928202963143702,0.23120066440208126,0.40238594462465693,0.31679330451336907,1.3143323938617535
TSC_hom,OFT-0714-00,fast,4.357826561113283,727,1.546161285570656,0.5450745183275715,0.3525340618824225,0.36787835512350975,0.376601618938066,0.24114267732531644,0.7774393582039195,0.13402558438521253,0.3537988558378159,0.2439122201115142,0.9886453299267599
TSC_hom,OFT-0715-00,slow,2.8484033385125898,728,1.6136332515043308,0.6785989801575842,0.42054102412983335,0.4236008246240377,0.4527982686333022,0.4400137342242943,0.8185966372957681,0.13114671699066005,0.421435986022486,0.276291351506573,1.592571507667428
TSC_hom,OFT-0715-00,fast,4.078942388797436,729,1.4879027489209136,0.5636697063046661,0.37883504598231427,0.3984350447082251,0.4019393785226082,0.30224077169679997,0.8152650694339256,0.1035892089465463,0.3866624640131606,0.24512583647985348,1.233002510209244
TSC_hom,OFT-0715-00,medium,3.463417968663075,730,1.6094081287903674,0.6649075184818276,0.4131379148566701,0.43823301640481227,0.44460911530981473,0.4528912142040501,0.8138192347969627,0.1688134708912496,0.34291254134699606,0.2558630061191228,1.7700535183784885
TSC_hom,OFT-0716-00,medium,3.8185134949873865,731,1.9372898671124155,0.7019618133420223,0.3623421694701351,0.37120608304281644,0.404794624954121,0.48520416405400196,0.7913577373122559,0.10364477792856354,0.23897182052166285,0.1713082992251132,2.8323447623305382
TSC_hom,OFT-0716-00,fast,4.785099536011468,732,1.8587873585908778,0.5895113004737744,0.3171483267029937,0.34582074572548477,0.3511936984243413,0.27443984735888455,0.8722790152595365,0.05264356019910107,0.2054123708798429,0.129027965539472,2.126979575407848
TSC_hom,OFT-0716-00,slow,3.07056527225727,733,1.7503328952158663,0.710512527539529,0.4059299402311138,0.4164739350224846,0.4440027636446656,0.4051679289037924,0.8756728100662963,0.1712936717710785,0.32387664383749554,0.24758515780428703,1.6364790704621823
TSC_hom,OFT-0717-00,slow,2.6845717498642787,734,1.6726899608511065,0.5568549356223399,0.33290983305656846,0.3501965869224436,0.36090297087728984,0.24348805115816322,0.8117689758730722,0.10877492877867909,0.27957992769924533,0.19417742823896222,1.2539462148943359
TSC_hom,OFT-0717-00,fast,3.5823692141306167,735,1.6099828477600466,0.7011957068951331,0.43552992373223093,0.4302158913230768,0.4687381466275937,0.387397164780804,0.867397535201629,0.13160830525757933,0.4885495812703625,0.3100789432639709,1.2493501193694792
TSC_hom,OFT-0717-00,medium,3.1103685237802763,736,1.6051882975575147,0.65003292611311,0.4049574290456843,0.41670814140885204,0.4355918661791125,0.40425226571247075,0.809991375798355,0.17514890221096174,0.3529749209946624,0.26406191160281206,1.5308995654039101
TSC_hom,OFT-0718-00,fast,5.255692417876883,737,1.835918592854259,0.562417269329099,0.3063410717218797,0.32521818476215963,0.338350596422782,0.15624777370893914,0.9071158329444347,0.04341047003889831,0.24662830899885607,0.1450193895188772,1.0774267787729195
TSC_hom,OFT-0718-00,medium,3.990182309141318,738,1.9918661587818203,0.8104852702799464,0.406897454784623,0.39845409169133306,0.4573459317215385,0.4256777473009463,0.9431970496930713,0.1569122848677092,0.30359664502442724,0.23025446494606822,1.8487274390125354
TSC_hom,OFT-0718-00,slow,3.1435864232550634,739,2.3057526912226156,0.8400847943951503,0.36434297467943055,0.35031484449334305,0.42381070214389555,0.442794291821714,0.9543203276401662,0.1360583514300533,0.1620698376836487,0.149064094556851,2.970495967778735
TSC_hom,OFT-0719-00,medium,2.88750675756911,740,1.338022753698552,0.6285274533658604,0.4697434715728785,0.44859140422913735,0.4895914692970015,0.3783099732416768,0.7523027283415824,0.23559838400309857,0.5921547916016477,0.41387658780237313,0.9140646859259421
TSC_hom,OFT-0719-00,slow,2.595881704369141,741,1.5167330337077105,0.6218955900099429,0.41002310636677824,0.3986078595196547,0.43650716682217383,0.3229785179091682,0.8126007171830502,0.16559965230772467,0.4448497798887521,0.30522471609823837,1.058166330819735
TSC_hom,OFT-0719-00,fast,3.3379141895752733,742,1.5286597377629336,0.6513106401636171,0.4260664581359067,0.4416354403323645,0.4542219808893705,0.3312288815078025,0.9446298723823495,0.13822643854561453,0.4028027311217153,0.2705145848336649,1.2244400120291845
TSC_hom,OFT-0720-00,fast,5.082900659375898,743,1.5764007628902241,0.7008757237123311,0.44460503966473786,0.4423897356240318,0.47663887517068704,0.47321792367461235,0.8854390346250121,0.18144749731004478,0.3664510450730789,0.27394927119156187,1.7273925264203744
TSC_hom,OFT-0720-00,medium,4.256137559730572,744,1.587399327116579,0.6141264108997971,0.38687581656930836,0.41231775587335556,0.41528214086061943,0.3360229178140217,0.8903586978163077,0.12534057328616222,0.30940637452598574,0.21737347390607398,1.5458322111520175
TSC_hom,OFT-0720-00,slow,3.4547023037242206,745,1.537328093675318,0.7098230756632212,0.461725170172513,0.47113238467548485,0.49273740835885194,0.3622791565584915,0.9513370641334278,0.12927376181166342,0.5280596509318252,0.3286667063717443,1.10226910586048
TSC_hom,OFT-0721-00,slow,2.8585042490982913,746,1.7792537655088865,0.6211823929628756,0.3491252372228143,0.3781843967244479,0.38313238169032193,0.3933360545606476,0.8481990846743084,0.10134901661072794,0.18964537091560357,0.14549719376316575,2.7033927211056974
TSC_hom,OFT-0721-00,medium,3.3118869648597045,747,1.6048871690121367,0.6768935858649109,0.4217702022513908,0.42662345637732646,0.4536606252030808,0.521392733704694,0.7856097959746046,0.24413082416177534,0.2635091469712493,0.2538199855665123,2.054183135110397
TSC_hom,OFT-0721-00,fast,3.835656444819171,748,1.509489908920641,0.6065851547385432,0.4018477706633238,0.43483958716181265,0.4274399436727261,0.4592799302527855,0.7809708449052154,0.12076046145451848,0.3487485380783852,0.23475449976645182,1.956426525198475
TSC_hom,OFT-0722-00,medium,4.308057643322427,749,1.4832430443689761,0.5714562133833928,0.3852748310891358,0.4055600640544982,0.408547503875918,0.27864708431255575,0.8380194556577892,0.10353341136078914,0.41399006417253775,0.25876173776666345,1.0768480947667145
TSC_hom,OFT-0722-00,fast,5.128242743897884,750,1.8032632281400531,0.6000485200422381,0.33275703218389724,0.3589362195336381,0.3661684681661896,0.2719547800270155,0.8817844336214946,0.11479651269938121,0.1961381463168676,0.15546732950812442,1.7492728593682036
TSC_hom,OFT-0722-00,slow,3.3428699809281195,751,1.9662419024013862,0.7214086679552956,0.3668972098876713,0.37183069062104035,0.4112111421461241,0.39862704734945215,0.8719549497823795,0.13840635748485208,0.23585621396781267,0.18713128572633236,2.130199906457218
TSC_hom,OFT-0723-00,medium,4.0254148868273285,752,1.5780196368442712,0.7451338986999576,0.4721955806520119,0.49848726281289457,0.506312870408005,0.5210363616264297,0.9154915917013265,0.12568089406032137,0.4630426342439425,0.29436176415213194,1.7700544876376945
TSC_hom,OFT-0723-00,fast,4.992726421178792,753,1.2344872026973575,0.6668620686679377,0.5401935858151,0.5394948276453064,0.5560271461717048,0.34575663543960944,0.9457028364980531,0.14330361981016226,0.7893454929389944,0.4663245563745783,0.7414506285658226
TSC_hom,OFT-0723-00,slow,3.384117017654193,754,1.6825564817063512,0.8224308876617056,0.48879838305793094,0.4916537239519948,0.5305024461334027,0.5902137801574382,0.9115013354377268,0.18383851447713095,0.4364561544613149,0.31014733446922294,1.9030109711163978
TSC_hom,OFT-0724,slow,3.065711406012332,755,1.6127048619961237,0.6419000288465988,0.3980269694555814,0.42638525435726904,0.4285111018794586,0.35858477640100617,0.9068416519750928,0.1679816928564708,0.2806362862852649,0.22430898957086784,1.598619730252565
TSC_hom,OFT-0724,medium,3.6863283972804446,756,1.5209980751215564,0.724759736143868,0.47650273067304577,0.5293078591851771,0.5075348563568984,0.6320420267268496,0.8677696285176546,0.22008356369356047,0.3102442064895286,0.26516388509154454,2.383590157870273
TSC_hom,OFT-0724,fast,4.41055062447756,757,1.6043019336614426,0.6743598921185238,0.4203447480608937,0.4448075737748217,0.4520966410680976,0.45691283388227016,0.8282850861939448,0.15242068376663223,0.37076796042954346,0.26159432209808786,1.746646602333155
TSC_hom,OFT-0725,slow,3.0837150756447644,758,2.007541209718484,0.8509722323666862,0.4238878027744284,0.44330304575920115,0.4772733564734606,0.5824187666658407,0.9688997798305465,0.13447634443200362,0.22329853496545157,0.1788874396987276,3.2557834560476597
TSC_hom,OFT-0725,fast,4.136851983524088,759,1.629340723203725,0.65871485742279,0.40428306249387685,0.4502010004618439,0.43608703685999084,0.5917322810289135,0.783860247581661,0.12642956242326386,0.2423260564061253,0.1843778094146946,3.2093465201010978
TSC_hom,OFT-0725,medium,3.565946104355208,760,1.6959393931492917,0.7736097989819998,0.45615415392022785,0.45825738891357304,0.4958361095529491,0.5422335053450265,0.9031364817353548,0.19257789270054887,0.3453965584308667,0.26898722556570775,2.015833667210975
TSC_hom,OFT-0726,slow,2.980377201188851,761,1.7834301966432937,0.6946150354813585,0.3894826031255595,0.40209519491275536,0.4276241571700345,0.36890529573476877,0.9412271645888883,0.10859685156613394,0.2917673167903467,0.2001820841782403,1.8428487107082914
TSC_hom,OFT-0726,fast,4.149505144288518,762,1.8831423074808715,0.7315156358394748,0.38845478269671624,0.43267662418484926,0.431337389339561,0.5725836497136529,0.8606389680411766,0.11796359249174126,0.1741633471116734,0.1460634698017073,3.9201016550611896
TSC_hom,OFT-0726,medium,3.4715602731473068,763,1.6670541529689828,0.7899390177141511,0.47385324364375864,0.49834153500964623,0.5133639654025575,0.6298409960481296,0.8535589408618004,0.17883893235143764,0.3912169923488625,0.28502796235015004,2.209751600702197
TSC_hom,OFT-0727,slow,3.0248335516788356,764,2.0167948655428325,0.7363258943220808,0.3650970690684966,0.36598484921762364,0.4115006722251947,0.41171921214869,0.8999527267577585,0.09509469805670302,0.2392360519376272,0.1671653749971651,2.4629455241892777
TSC_hom,OFT-0727,fast,4.341971855805435,765,1.5802623536754787,0.7610052829962541,0.48156895038742,0.47594607649913906,0.5164984919635243,0.5989290914052009,0.7862960739334143,0.32537925037590426,0.35538955213957724,0.3403844012577407,1.7595667991603672
TSC_hom,OFT-0727,medium,3.589332796501169,766,2.0604557835778627,0.8289170947799869,0.40229792912159473,0.4105360940921334,0.45562532482889373,0.5699996961969757,0.8925401279889096,0.18521813048699617,0.17474334464269384,0.179980737564845,3.16700389113369
TSC_hom,OFT-0728,medium,3.3835449753524682,767,1.9064043279997585,0.7296499750778905,0.3827362141185734,0.4140473842810296,0.42610043423848787,0.6003650492315318,0.7713644998478051,0.1275769340543213,0.20509525382029364,0.16633609393730747,3.609349209906366
TSC_hom,OFT-0728,slow,2.915690156789295,768,1.743068210481216,0.620479861656113,0.35596992586125736,0.36727582056534885,0.3890336678356143,0.3473512300334088,0.8025651532039602,0.12204082245430664,0.2841774656507819,0.20310914405254427,1.7101703207589174
TSC_hom,OFT-0728,fast,3.9764309497437162,769,1.652323119971544,0.6904911083696752,0.4178910892329381,0.46935392471213766,0.4519660916250302,0.5914148808214912,0.8353710223562851,0.1203638376301617,0.26071462569218296,0.19053923166117231,3.103900837981643
TSC_hom,OFT-0729,slow,3.0082087300901876,770,1.6538974801329211,0.6606828740982862,0.3994702706997221,0.39818234257330054,0.4321218461245425,0.4024057146719012,0.8066830624619339,0.2610937900836749,0.25830481728065996,0.2596993036821674,1.5495063289210234
TSC_hom,OFT-0729,medium,3.446831864658791,771,1.5294027712597913,0.5454612161453598,0.35664981546754715,0.36966062758542295,0.3802512405522738,0.23565776679218522,0.831011683594304,0.10973948332351147,0.34459602849909443,0.22716775591130295,1.0373733096355329
TSC_hom,OFT-0729,fast,4.137825658563703,772,1.5731394443837745,0.6109103698880994,0.38833834601827266,0.41746419209847485,0.4161598490020011,0.4165217328197842,0.798804820717019,0.15471716907052863,0.29459567340067255,0.2246564212356006,1.8540388497641542
TSC_hom,OFT-0730,medium,3.5797770816533316,773,1.5887694564820507,0.5999067668378331,0.3775920819664943,0.37188607898495984,0.4053814175754116,0.3393547174331987,0.7556766594988298,0.19559743208154448,0.3308968612880733,0.26324714668480886,1.2891107148048788
TSC_hom,OFT-0730,slow,2.9944038850653736,774,1.5875583891276899,0.8141079782446272,0.5128050620500026,0.5236082428997937,0.5504679265743306,0.5337020051234118,0.9935813103055341,0.25229173377421266,0.42229665709416403,0.33729419543418837,1.5823041497538781
TSC_hom,OFT-0730,fast,4.382972036588866,775,1.8248111911560279,0.7508647448030682,0.4114753068383975,0.42398120794685545,0.4538989865839812,0.5210412408328069,0.881476782914244,0.14549216714034977,0.26758575544852414,0.20653896129443694,2.522726160562138
TSC_hom,OFT-0731,slow,3.1481539502570777,776,1.7387579047137844,0.7016380839893507,0.4035283359961758,0.4132281640755373,0.44079205449532244,0.45805769854040157,0.828032064907046,0.22806641070670042,0.24901204382714168,0.23853922726692106,1.9202615175232514
TSC_hom,OFT-0731,medium,3.7823175029485383,777,1.7702803127611242,0.8731378974977423,0.4932201364968581,0.5073435410995341,0.5407098566219687,0.6235331584596304,0.9432911463689214,0.23104364060294386,0.3649714810563793,0.29800756082966157,2.0923400625262536
TSC_hom,OFT-0731,fast,4.675455093942191,778,1.6910448904470652,0.7031301612085982,0.4157962719858431,0.4199859095419227,0.45171300813868775,0.4633240135183151,0.8339259963545117,0.19145295749988137,0.318149065182043,0.25480101134096217,1.81837588116288
TSC_hom,OFT-0732,fast,4.305200219222195,779,1.4518142885453327,0.6785030299741571,0.46734836220271225,0.4773865057115402,0.493742695674143,0.41235267779628615,0.8668710666000535,0.14062808559314977,0.5551189527070821,0.34787351915011594,1.1853523050667902
TSC_hom,OFT-0732,medium,3.5834820888453383,780,1.4575592022200026,0.7824321833539737,0.5368098820015368,0.5585112012643936,0.5675126696705914,0.6958813025121614,0.904791356892739,0.19351447958638227,0.4758635396910832,0.3346890096387327,2.0791877906696246
TSC_hom,OFT-0732,slow,2.927658471446697,781,2.0162073429122134,0.5948864874380242,0.2950522373253383,0.30563173077756733,0.3325315185894242,0.2120180207964944,0.8490784324728543,0.07361574806251911,0.19541387302582874,0.1345148105441739,1.576168601351662
TSC_hom,OFT-0733,medium,3.741464235608284,782,1.7413922758597344,0.8437439732999747,0.4845226345588411,0.4791318365716453,0.5294253019014827,0.6885400427381941,0.8017496805385567,0.22962189417201395,0.39778959015716625,0.31370574216459013,2.1948595457233995
TSC_hom,OFT-0733,fast,4.5522112650786735,783,1.654762411537221,0.7081390326731475,0.4279400037950518,0.44963784222999575,0.46296488240481387,0.4527780052278494,0.9209655053382608,0.17959037274759307,0.29852564630555223,0.23905800952657263,1.8940089316585755
TSC_hom,OFT-0733,slow,3.1336342840997715,784,1.9518022282158778,0.8070740732482546,0.41350197349963713,0.40789591631881594,0.4626984859682143,0.5333970576898085,0.8661550116537465,0.24703362186230488,0.20420825266699724,0.22562093726465104,2.364129252171926
TSC_hom,OFT-0734,fast,4.204939273376223,785,1.3680263518069495,0.6312717238425295,0.4614470496191232,0.4963016067405996,0.4826751338970491,0.41304603922744554,0.9106389857430515,0.10640436884045794,0.5006111417772414,0.30350775530884966,1.3609076934694129
TSC_hom,OFT-0734,slow,2.992791691884763,786,1.3410525099586328,0.5548078942418619,0.41371079068259303,0.4249974463646251,0.43134792862750143,0.25124969753084075,0.8393817371618515,0.10682176525725524,0.5279385145600585,0.3173801399086569,0.7916364823682771
TSC_hom,OFT-0734,medium,3.5015979383785703,787,1.4289537325689208,0.5738734219118897,0.4016039209892409,0.41213103686355324,0.423137608604572,0.22860799467196646,0.876932822008422,0.10997890920169459,0.47703070853620466,0.29350480886894964,0.7788901161549291
TSC_hom,OFT-0735,slow,2.979826012679649,788,1.0891357756445375,0.6117796961075986,0.5617111381228431,0.5350218960380592,0.5679697078709378,0.45621470296220074,0.694863830425531,0.29537555386392816,0.825424744232091,0.5604001490480096,0.8140874047539141
TSC_hom,OFT-0735,fast,4.612672006915676,789,1.7521345591282917,0.6783607824790915,0.387162492141348,0.40523919502921424,0.423562278433566,0.5768562210807244,0.6905304227659433,0.07025021473191935,0.3566122551556765,0.21343123494379793,2.702773196400358
TSC_hom,OFT-0735,medium,3.7630483078248167,790,1.8973114791309944,0.6500530123690925,0.34261797259922205,0.3743585934771405,0.38104735257045586,0.4974932645013369,0.8138770176953288,0.07291543571077146,0.13990369237438655,0.10640956404257901,4.675268327405877
TSC_neg,OFT-0360-00,fast,5.292389145384897,791,1.8099643765986104,0.5684951333185112,0.31409189079558575,0.33316289616680533,0.34589229611095146,0.21053368223927615,0.8689894099300509,0.07816188882118207,0.22588420345329674,0.1520230461372394,1.3848800401566486
TSC_neg,OFT-0360-00,slow,3.2550054284804313,792,1.7056184876451996,0.6562826302784482,0.384776921118228,0.4029033676239564,0.4187151347632555,0.42092880224977414,0.7820882585456688,0.16669187246616674,0.3051516057914122,0.23592173912878947,1.7841882812672447
TSC_neg,OFT-0360-00,medium,4.015907072646766,793,1.7858252426535866,0.6728107153540592,0.3767505908665055,0.39956409811608107,0.41375810642744976,0.3834704906481463,0.8965430471027298,0.12817255981245648,0.24684632814646665,0.18750944397946157,2.0450729441134117
TSC_neg,OFT-0362-00,slow,3.572439937210766,794,1.8036899956608725,0.7246869567283294,0.4017802163740471,0.39251847257565775,0.4421435589183324,0.36545135521710653,0.8882479146064051,0.15544401844226183,0.35943094740755627,0.25743748292490903,1.4195732146888014
TSC_neg,OFT-0362-00,fast,5.647275044736459,795,1.4106952160881,0.7085639784967939,0.5022799896221829,0.508875641430759,0.5280654882315095,0.5128153183007178,0.8345617555055005,0.19647291971153333,0.5684119594082857,0.38244243955990953,1.3408954270107498
TSC_neg,OFT-0362-00,medium,4.464034199179567,796,1.537105981904857,0.8252562445877811,0.5368896187399409,0.5654701539514488,0.5729354469709209,0.6362281238111146,0.9398682465916017,0.19908440903983768,0.5165610084411293,0.3578227087404835,1.778054070549639
TSC_neg,OFT-0363-00,medium,4.075839591481486,797,2.3564955934135825,0.8262365928230756,0.3506208944894322,0.3297526080046374,0.41007285678113764,0.47999487463105894,0.8373833981779023,0.1550670253098052,0.16784612900578397,0.1614565771577946,2.9729038177363982
TSC_neg,OFT-0363-00,fast,4.799552654429162,798,2.0878953780356326,0.5921780770877163,0.2836244015468145,0.3026529321487233,0.3221936109894272,0.30686641620708055,0.7900387603247194,0.07996119538033487,0.11190807204557413,0.09593463371295449,3.198703162043167
TSC_neg,OFT-0363-00,slow,3.29845876531816,799,1.7586907361145059,0.6011508787665847,0.3418172771494286,0.33184165570163454,0.37423397735157315,0.2799597947351958,0.7998537334044438,0.1448487068579547,0.2722736744086985,0.2085611906333266,1.3423388785087813
TSC_neg,OFT-0368-00,fast,5.7589718520324915,800,2.0189698811840167,0.6554885231408198,0.324664834899078,0.32722210209329927,0.36601779592929573,0.23846462361004683,0.9230442912015704,0.08361700309670303,0.21894526580886242,0.15128113445278274,1.5763011328056602
TSC_neg,OFT-0368-00,medium,4.267471045433864,801,1.6834461623685577,0.6523699609510759,0.38752053705905937,0.40269353426857235,0.42062671504556143,0.34372153982031833,0.8930897822641075,0.10364770499692778,0.34204783310089204,0.2228477690489099,1.5424051193659445
TSC_neg,OFT-0368-00,slow,3.2089948860013635,802,1.4521742630141652,0.4927384189680681,0.33931080554018994,0.3526463813943632,0.3584892572186748,0.15583679359790792,0.7997348220633796,0.09582737715452014,0.3825580360588916,0.23919270660670588,0.6515114771210125
TSC_neg,OFT-0369-00,slow,3.207053752213547,803,1.8346671511230561,0.8322657364500547,0.4536330941231489,0.4477368749838746,0.500962174414012,0.5820344008258959,0.7967591278626924,0.2450259653341304,0.3800292036333297,0.3125275844837301,1.862345692740591
TSC_neg,OFT-0369-00,medium,3.807242194187006,804,1.9424284147360933,0.5443725103712352,0.28025357652379485,0.29845511777180844,0.31326844325472497,0.2234449458591954,0.8035653127366755,0.0769774260235703,0.1490860883994585,0.1130317572115144,1.9768333375642977
TSC_neg,OFT-0369-00,fast,4.553191821971601,805,1.5502700714747217,0.6050375180742144,0.3902787838113018,0.41246667891222616,0.417123625594166,0.2670736870037625,0.9104106969872917,0.11789992281018852,0.373110195575421,0.24550505919280477,1.08785410729161
TSC_neg,OFT-0372-00,fast,5.117011004225357,806,1.5605374643859322,0.6273013549088318,0.4019777603709587,0.41952192197784544,0.43014320968819286,0.28373529385091845,0.9027452812964826,0.10931371695017349,0.42477854665519665,0.26704613180268505,1.062495427046907
TSC_neg,OFT-0372-00,medium,3.8448288491562446,807,1.4864487530886592,0.5646252824579151,0.37984846856287013,0.3935731547517678,0.40294557029975075,0.26102578132447624,0.8182848080331652,0.13164251463909252,0.4008291772022692,0.26623584592068084,0.980430641943847
TSC_neg,OFT-0372-00,slow,3.1257477933358464,808,1.7175688721598046,0.6446399283871976,0.375321152377766,0.40697477794393555,0.4089859993789448,0.3387222961610631,0.9121337473896072,0.1626561784974765,0.22243177546763243,0.19254397698255446,1.759194452453598
TSC_neg,OFT-0377-00,fast,5.3239584065685115,809,1.8055337983097979,0.5994290096938445,0.3319954521233465,0.3342144432032703,0.36542464681965875,0.2744023116280468,0.8300618896683364,0.13599119822448139,0.22124318775777038,0.17861719299112588,1.5362592314485635
TSC_neg,OFT-0377-00,medium,4.110412198061071,810,1.6903064825953755,0.6945876425144396,0.41092408368921196,0.4367905287714696,0.4463820285423654,0.45612334644188,0.8816399877832377,0.14187586333347407,0.30588891661086987,0.22388238997217197,2.037334631359684
TSC_neg,OFT-0377-00,slow,3.3151766009433374,811,1.6324406620674312,0.6872214889212962,0.42097792887059876,0.44491438699750435,0.4542583738769359,0.409070814826079,0.9226417517528862,0.16101469713160022,0.32430623179717816,0.2426604644643892,1.6857744656880882
TSC_neg,OFT-0379-00,fast,5.88909563961493,812,1.4477383735454252,0.6567646995658248,0.453648747292266,0.4635790435346049,0.4790382413264609,0.36203616506749614,0.884897541548639,0.11870358046669877,0.5505156782230097,0.3346096293448543,1.081965769414172
TSC_neg,OFT-0379-00,slow,3.5203971009346966,813,1.414801131307491,0.6269159130942065,0.4431123917146157,0.45343776014966175,0.46608783188706454,0.2694643322980785,0.9209019662162454,0.12033122071152877,0.5536538083224053,0.33699251451696705,0.7996151863619848
TSC_neg,OFT-0379-00,medium,4.445707427526321,814,1.6333430589608215,0.7629300797446809,0.46709726750856506,0.49936918101194944,0.5040763690380794,0.5935820393732464,0.9024201241440134,0.18179829952508314,0.3385050131099751,0.2601516563175291,2.2816769563394494
TSC_neg,OFT-0380-00,medium,4.203221058439559,815,2.111887053601612,0.6150848666078611,0.2912489404009061,0.3010109916896613,0.3317284311767754,0.28756637053487083,0.8041256364672592,0.07123818095417736,0.1639835367507943,0.11761085885248583,2.445066495905389
TSC_neg,OFT-0380-00,fast,4.897276177642335,816,1.7181595629381479,0.637648905953826,0.37112321795270925,0.3878872007255948,0.4044389289528489,0.39044458648631153,0.8238937442167252,0.13669009198916887,0.26672729311918963,0.20170869255417925,1.9356854756343114
TSC_neg,OFT-0380-00,slow,3.3933407107599183,817,1.6762891218343066,0.5492588467549765,0.32766355135320635,0.3428611582577664,0.3553629632784276,0.22237806808763275,0.8068272057610608,0.07622313295001905,0.3160234463149977,0.19612328963250836,1.1338687440146453
TSC_neg,OFT-0381-00,fast,5.58113913816552,818,1.3389976023442434,0.573103073542527,0.42800903641587534,0.4384798500367264,0.4461457910567069,0.22738930827787343,0.8733258917379609,0.09569652621075124,0.5881714380002415,0.34193398210549636,0.6650093882968244
TSC_neg,OFT-0381-00,medium,4.466638169342249,819,1.3729180219222767,0.5884020860534166,0.4285777276268627,0.43259109172752885,0.44855577243018196,0.22064512951698195,0.9243552747612586,0.10821671952453345,0.5410059659179539,0.3246113427212437,0.6797209477256574
TSC_neg,OFT-0381-00,slow,3.4733296585127857,820,1.272596618126455,0.7047954272681484,0.5538246897950773,0.5484106169391765,0.5726960319792114,0.5036820249178375,0.7917757196585516,0.4726824231943397,0.5226439601461165,0.4976631916702281,1.0120941901035707
TSC_neg,OFT-0382-00,fast,5.530742402022784,821,1.701099718428458,0.47722787457962357,0.280540799231044,0.2936582778162363,0.30512668364961637,0.13282419476840202,0.7763312724823614,0.050469859536635756,0.26088140781106645,0.1556756336738511,0.8532112035379661
TSC_neg,OFT-0382-00,medium,4.400068710932146,822,1.731913701101708,0.5786197767019544,0.33409273010189927,0.35263017019292703,0.3646586109269061,0.2921408235741916,0.8103919826043343,0.08613264418158839,0.26996899334751023,0.1780508187645493,1.6407721436008251
TSC_neg,OFT-0382-00,slow,3.341611452645359,823,2.0166879717674386,0.6922605955691157,0.34326609037213324,0.33179711907702747,0.38689040352175597,0.3360253533564225,0.8593820048334119,0.19243671088605552,0.1597175450111342,0.17607712794859487,1.9083986504739217
TSC_neg,OFT-0386-00,fast,5.987798502940138,824,1.4630825225785558,0.6094949748917908,0.4165827733473358,0.4088293603946011,0.44069679854039245,0.3551016511567153,0.7778264452624246,0.17077190417209698,0.4590871935703331,0.31492954887121505,1.1275590125775334
TSC_neg,OFT-0386-00,slow,3.4309704692470584,825,1.723065576052625,0.6202151712918211,0.3599486751471604,0.38944712426374517,0.392481987165243,0.3325948062715071,0.8895922153896244,0.10173721279259149,0.2460037142072488,0.17387046349992014,1.9128884778734134
TSC_neg,OFT-0386-00,medium,4.434719805294308,826,1.5712565033379167,0.7486278842451702,0.4764517331542075,0.48843988849795417,0.510473752040578,0.42558316810198316,0.9450255287710809,0.16594374766959782,0.5053425636196498,0.3356431556446238,1.2679631952709534
TSC_neg,OFT-0394-00,medium,4.1199230043184025,827,1.699545790373988,0.6624717625361886,0.3897934179169192,0.4177403675735901,0.42387821099432776,0.5035079903074878,0.7971911982224289,0.13811231629953677,0.25670133914785787,0.19740682772369733,2.5506108178397375
TSC_neg,OFT-0394-00,slow,3.3161313809928594,828,1.617574351103649,0.5618561360935979,0.3473448597341142,0.3581597239116011,0.3741587692790498,0.27734195287547053,0.7954400014847899,0.10094530190984269,0.3229078208460962,0.21192656137796945,1.3086700934142617
TSC_neg,OFT-0394-00,fast,5.154262993049224,829,1.7610260121565557,0.7346901823988412,0.41719439538495984,0.4184820096767764,0.4568813687616952,0.4255551417217931,0.8654818462576669,0.2029585646141515,0.33352992245316937,0.26824424353366044,1.5864465015756903
TSC_neg,OFT-0395-00,medium,3.894922019419566,830,1.4057290530127704,0.7613512427107022,0.5416059667252148,0.552584654995461,0.5690741262234009,0.4650354420798438,0.8594796097534021,0.33163937079743877,0.6201420822629186,0.47589072653017866,0.9771895440588156
TSC_neg,OFT-0395-00,fast,4.443931378709387,831,1.9546993242348059,0.8508864424667524,0.4353029808304884,0.41853311596816456,0.48725091353502126,0.6023258900614078,0.8417295787482976,0.234464224754589,0.27048396057579044,0.2524740926651897,2.3856938496266333
TSC_neg,OFT-0395-00,slow,3.32992610983369,832,1.4900834234831333,0.5790059234436932,0.3885728237216694,0.40498299839761165,0.41237696118692213,0.31985658464258965,0.7954219811523802,0.137971410978979,0.39625786797373974,0.2671146394763594,1.1974505975023437
TSC_neg,OFT-0398-00,medium,3.5304946367665915,833,1.5571657285527691,0.5641540089573396,0.36229541828002126,0.3676905377037072,0.387527742114686,0.16378396850363822,0.8785893512137277,0.13063013209299992,0.37710751664837816,0.25386882437068903,0.6451519555803649
TSC_neg,OFT-0398-00,slow,3.066720636624053,834,1.5411758979523156,0.6701190880641853,0.4348102568659032,0.45022838930756603,0.46422386076568856,0.38945134995295744,0.8473061438362767,0.23080017979728573,0.38933776947623433,0.31006897463676003,1.256015215353914
TSC_neg,OFT-0398-00,fast,4.272592610040495,835,1.355885378693119,0.5785051986277769,0.4266623180090442,0.44499307513864406,0.4456426780863858,0.2871520205915402,0.8426761947159787,0.12285832492301944,0.5298841721150049,0.32637124851901217,0.8798324665379116
TSC_neg,OFT-0399-00,fast,4.398380285719922,836,1.1717614727820143,0.5693239922385505,0.48587020947774684,0.48512692317371997,0.49630193232284725,0.1823948567684107,0.9267664494884124,0.09427931102052742,0.7817671120140385,0.43802321151728296,0.41640454654584896
TSC_neg,OFT-0399-00,slow,2.981342146349008,837,1.463684831730661,0.6283574177565555,0.42929830530086566,0.4167170927469046,0.4541806943578268,0.31268556054463853,0.7927459775386334,0.1181780548107769,0.5931131845372587,0.3556456196740178,0.8792054316070133
TSC_neg,OFT-0399-00,medium,3.5664122290966658,838,1.676095031226673,0.5709311728364215,0.34063174354653253,0.35667468410647796,0.36941917220776865,0.18003175261417972,0.9257106471401509,0.06869753936722942,0.3032367497095145,0.18596714453837193,0.9680836529542587
TSC_neg,OFT-0410-00,fast,4.775356231335905,839,1.8082140623189205,0.551266596062171,0.304867995194776,0.3247416788733689,0.3356678203032003,0.14894561118416844,0.9276604395818282,0.06565462140215235,0.2004106090446522,0.13303261522340226,1.1196172527619892
TSC_neg,OFT-0410-00,slow,3.1513510820634645,840,1.545031218257534,0.6430552831404721,0.41620860183375546,0.43337105703552914,0.4445644369970952,0.35285222448523085,0.9051239771791744,0.18593318928378488,0.33434835704019067,0.2601407731619878,1.356389543232088
TSC_neg,OFT-0410-00,medium,3.8689132987126467,841,1.6260316438884332,0.7580715596568869,0.46620959838399084,0.47870758722400397,0.5026923435431028,0.47241925511818017,0.9336021142478067,0.09819485096613668,0.5065531538402877,0.30237400240321216,1.5623673046078037
TSC_neg,OFT-0411-00,fast,5.234575233957493,842,1.3692424521053588,0.5716584301631374,0.41749978558154593,0.414684554893086,0.4367696161542448,0.23122973451535173,0.8293048217964722,0.1707510112331926,0.5157928970719629,0.3432719541525777,0.6736050869235143
TSC_neg,OFT-0411-00,slow,3.3773192221952923,843,1.4148050834460792,0.5501700911208565,0.3888663516678864,0.4071843120205727,0.4090293190995077,0.18903471011358297,0.8974911132979894,0.12626839215303268,0.4233230608334256,0.27479572649322914,0.6879099341388073
TSC_neg,OFT-0411-00,medium,4.197338249787901,844,1.2210400841620577,0.6601351923701,0.5406335147655039,0.5352606112234987,0.5555712244660784,0.44658817995335803,0.8157773030040526,0.29852543517492436,0.6613939797319787,0.4799597074534515,0.9304701478439625
TSC_neg,OFT-0414-00,fast,4.6232418107798505,845,1.8165724548132236,0.6282148544271893,0.34582427624213924,0.36281647678444795,0.3811230985152705,0.21333373110734966,0.9473982857477707,0.05858421929798127,0.3051761579079806,0.18188018860298094,1.1729355063130456
TSC_neg,OFT-0414-00,medium,3.809890061021069,846,1.453530796908153,0.6419099660455894,0.4416211664802799,0.461738958173875,0.46665726642594374,0.2839610059513098,0.959960076649325,0.11037822281190124,0.5123297602912387,0.31135399155156995,0.912019802721164
TSC_neg,OFT-0414-00,slow,3.1237533997425335,847,1.470992036127461,0.6512543958693647,0.44273142197551213,0.4381498071527751,0.4687967937122437,0.26866481792230634,0.9003635823539103,0.09343295887736629,0.6127258156953914,0.35307938728637883,0.7609190102745795
TSC_neg,OFT-0415-00,medium,3.582875619892324,848,1.5141726835735456,0.5264824816916974,0.34770306412420854,0.37025508867498547,0.37005049132014467,0.26059301260149453,0.786610280595036,0.11344927805434475,0.31954939402970345,0.2164993360420241,1.2036665671386242
TSC_neg,OFT-0415-00,fast,4.5051278496598375,849,1.557945175723128,0.551467408207887,0.35397099769696366,0.378735165845626,0.378658049010829,0.18740429434994024,0.9023382453162434,0.06696563047233638,0.357924025904796,0.2124448281885662,0.8821315912835499
TSC_neg,OFT-0415-00,slow,2.9307367107446116,850,1.2460830182319214,0.5904936234737607,0.47387984173929076,0.48122249811013273,0.48845656445609953,0.31683033722880993,0.8221715920931333,0.2065837517295532,0.6082405767729019,0.40741216425122756,0.7776653841720812
TSC_neg,OFT-0456-00,medium,4.3294631196098186,851,1.7956993139994915,0.7823107147221215,0.435657968248432,0.4249758051261703,0.4789895615576432,0.42385628970062517,0.9444842930532533,0.17402327081765168,0.37359439265904304,0.27380883173834736,1.5480007967955673
TSC_neg,OFT-0456-00,fast,5.291547509690633,852,1.6862208210148613,0.6460491615496358,0.3831343756986748,0.41291956593375445,0.4159987239300449,0.3274152461262677,0.9404150081919864,0.11639653256911747,0.2797681088328082,0.19808232070096285,1.6529251321754945
TSC_neg,OFT-0456-00,slow,3.462168271388515,853,1.753960469828593,0.6407855113945766,0.3653363473221251,0.37137895077869215,0.3997674928311816,0.3021676824233075,0.8999531029316064,0.1724740127409641,0.22447517322884863,0.19847459298490638,1.5224501931402714
TSC_neg,OFT-0457-00,slow,2.944152802946568,854,2.060317795680392,0.6393306535532227,0.310306815236769,0.30906851560790505,0.3514347950263258,0.24100428212416886,0.8709042731606005,0.10846930237129868,0.18536132244923556,0.14691531241026712,1.640429974046234
TSC_neg,OFT-0457-00,medium,3.4637735466217614,855,1.9067200100860393,0.7933604757868582,0.41608651065190133,0.4245138018440666,0.46324575629377096,0.6118016912281682,0.8434592737015314,0.13618802785419834,0.26153403239118583,0.19886103012269207,3.076528824429314
TSC_neg,OFT-0457-00,fast,4.205988422465641,856,1.5928798076575343,0.6149215569281926,0.38604391490936607,0.38831823831766576,0.41465362016171964,0.27700286776013705,0.8677503879021969,0.10660780521709601,0.4072534197674485,0.2569306124922722,1.0781232530960807
TSC_neg,OFT-0458-00,fast,5.540207422901653,857,1.7135482360661192,0.7067463547262757,0.4124461394496776,0.42240165922434597,0.4492336663592523,0.4081145462372614,0.9017045792630005,0.10839104200798443,0.37872449792876284,0.24355776996837364,1.675637555271818
TSC_neg,OFT-0458-00,slow,3.6214012299178093,858,2.1973546114223326,0.7022037418974991,0.31956778311852335,0.2920893440307654,0.36739727796589505,0.45451751917652927,0.6602421026556946,0.10497436862497095,0.2498551214063856,0.17741474501567828,2.5618925819066685
TSC_neg,OFT-0458-00,medium,4.531546002334141,859,1.8743556220965627,0.6493348512846685,0.34643097800104455,0.3602859473561406,0.38429396216149747,0.3715480060233047,0.831087840555191,0.10835059997242712,0.22618940209506727,0.1672700010337472,2.2212471078322276
TSC_neg,OFT-0460-00,slow,4.402456531361906,860,1.8461602111542557,0.7132103436531306,0.38632093755677765,0.3794683652044724,0.4271821133188219,0.3628699204367718,0.8685399215648152,0.12539587782740302,0.3519227334462973,0.23865930563685017,1.520451588797143
TSC_neg,OFT-0460-00,medium,5.5846757379995715,861,1.874843660895276,0.7988032284860156,0.4260639140996806,0.39755660305875673,0.4726563283979725,0.3963568542131859,0.8869082819006638,0.20917913838446384,0.3981810390935763,0.3036800887390201,1.3051789330640355
TSC_neg,OFT-0460-00,fast,6.868417803484875,862,1.790403807469502,0.7434712371157431,0.41525338251293215,0.4158484628143949,0.45628061433828365,0.44857614375966837,0.9148439827251608,0.15477905509857204,0.3069232757697333,0.23085116543415266,1.943140044002156
TSC_neg,OFT-0469-00,slow,3.729002243544718,863,1.5962107033225634,0.5931368941238343,0.371590600720319,0.3826517945548217,0.3992838873957584,0.2444250720101427,0.8658478767443729,0.11885486219786981,0.3680077386306481,0.24343130041425898,1.0040823492878383
TSC_neg,OFT-0469-00,fast,6.103642288691297,864,1.8456615943345496,0.6513358391123913,0.352901009107918,0.3552101857606059,0.3902053628584772,0.2182788459013756,0.9490009858975957,0.12007314390698423,0.27346847572795313,0.1967708098174687,1.109305013806969
TSC_neg,OFT-0469-00,medium,5.039160728622737,865,1.6487017712627607,0.6164746160577147,0.37391517787085854,0.3851193617813986,0.40423510764421555,0.30660942910824945,0.850855537937395,0.09545801564793378,0.36401744788328433,0.22973773176560905,1.3346063215295827
TSC_neg,OFT-0471-00,medium,4.516511160335459,866,1.9791249106152569,0.6989128662616504,0.3531423724257895,0.3424391407442317,0.3963636841552721,0.32558908371001094,0.8690082500277666,0.10054710012021281,0.290310302763098,0.19542870144165542,1.6660249047769191
TSC_neg,OFT-0471-00,fast,5.7806468923992265,867,1.9796598618429706,0.6572454038483869,0.33199915627754467,0.337425529918134,0.37265493722389964,0.31387319688371845,0.8447147526217115,0.0815524600291749,0.25047933936099415,0.1660158996950845,1.8906213047075502
TSC_neg,OFT-0471-00,slow,3.504379499491263,868,2.0387349648230213,0.8177642861282489,0.4011135828041471,0.4120480345081801,0.45319492071965994,0.6332429184169801,0.8440527036611661,0.13885265535252833,0.19663140544796498,0.16774203040024666,3.7750998775083917
TSC_neg,OFT-0472-00,medium,3.5204300006400673,869,2.072907700262205,0.7180084030906503,0.34637741130481997,0.3391414180206825,0.3928312852780487,0.3239335520134558,0.8916851530704859,0.14208588940826622,0.2136205466199872,0.1778532180141267,1.8213533363659806
TSC_neg,OFT-0472-00,fast,4.248770326281009,870,1.7223103283021541,0.5926788415665523,0.3441184970137248,0.3679698785574358,0.3751885400828283,0.23144258972506984,0.9283691487740133,0.09444522171003734,0.24649720012219253,0.17047121091611495,1.3576637866376016
TSC_neg,OFT-0472-00,slow,2.9677075666835457,871,1.654491662806111,0.6712994416712339,0.40574362310939194,0.4134928175246723,0.4389381004296222,0.3447257636573884,0.9144706191469075,0.1795969018375263,0.31695911707666663,0.24827800945709647,1.3884667611569461
TSC_neg,OFT-0473-00,slow,3.7242757602036303,872,1.5468958850399945,0.7155742471324161,0.4625872070982432,0.4735657410905971,0.4942105871025147,0.4532847870329867,0.8745262449208301,0.21824538546869718,0.4307859309875448,0.324515658228121,1.3968040541031346
TSC_neg,OFT-0473-00,medium,4.541407674844176,873,1.8333371993921737,0.7751250070837031,0.4227945668372893,0.4172541241438106,0.46683587186809095,0.4621013867896767,0.9255077709485182,0.13816798985018838,0.34156633988398055,0.23986716486708448,1.9264887173938
TSC_neg,OFT-0473-00,fast,5.44107387862427,874,1.4675989174650146,0.6456869772614673,0.43996147011116854,0.45228099495396396,0.46567715850495595,0.31088727310284753,0.909515613496451,0.1222308777723565,0.5200748696481685,0.3211528737102625,0.9680351588051602
TSC_neg,OFT-0474-00,medium,4.190497733434202,875,1.9135228695940445,0.664617692940275,0.34732675710391386,0.3684074768623874,0.3869881240834591,0.36352073166677956,0.8933389995204036,0.08729497729961161,0.2037977878470418,0.1455463825733267,2.4976280773150563
TSC_neg,OFT-0474-00,fast,5.514851916960114,876,1.5218021822450525,0.7058089721809564,0.46379810754358713,0.471676488151756,0.49404946562325835,0.39842670949211056,0.9195892427701726,0.18122798692146208,0.47695392330928815,0.3290909551153751,1.2106887269278708
TSC_neg,OFT-0474-00,slow,3.2918501664045037,877,1.514028366429069,0.7720835409667225,0.5099531541722233,0.5124692916545509,0.5427194525215356,0.5288060209633145,0.869792402890387,0.33539108974520837,0.43688829648723276,0.38613969311622054,1.3694681753531983
TSC_neg,OFT-0476-00,fast,6.287125021979442,878,1.5554588762587647,0.6893358228275198,0.44317200110460686,0.42576434094355536,0.4739424788199712,0.2891654211537005,0.92481960417239,0.136754366590303,0.5450305233634913,0.3408924449768972,0.8482599876136817
TSC_neg,OFT-0476-00,slow,3.490212214640186,879,1.8264187522014108,0.6264795079669883,0.34300978743887883,0.3577153969289028,0.37844350250489256,0.25955257894159417,0.9018040036705393,0.09079605078523145,0.2616213766222052,0.17620871370371832,1.4729837899958358
TSC_neg,OFT-0476-00,medium,4.7081620403302065,880,1.764936433020245,0.5836005360749404,0.3306637707490999,0.36046879197161463,0.3622808664148299,0.18008442298713756,0.9512292455774745,0.10190599748996464,0.2159037996047432,0.15890489854735393,1.1332842765289082
TSC_neg,OFT-0481-00,medium,4.131217011058583,881,1.6294191104196387,0.6683367388931845,0.4101687126531011,0.42111701238026356,0.44243971593311154,0.35216317126526697,0.9288524462268017,0.14994478259640548,0.3387984636439718,0.24437162312018865,1.441096829364936
TSC_neg,OFT-0481-00,slow,3.2815259377760864,882,1.8201300650301762,0.6106611314998192,0.3355041176629841,0.35007821715885734,0.36989874439258863,0.3021439424954208,0.8425544589090267,0.11855673183211377,0.2163398443337931,0.16744828808295342,1.8044015018280721
TSC_neg,OFT-0481-00,fast,4.93060278645116,883,1.6117930796071487,0.6221805745096827,0.3860176485317397,0.3910544887348357,0.4155380142789826,0.2945805193596207,0.8781221079680055,0.11849990490147896,0.3709495248868252,0.2447247148941521,1.2037219840547455
TSC_neg,OFT-0482-00,fast,4.645543896386767,884,1.7638699395689574,0.5635123964896567,0.31947502695542507,0.33648579342653445,0.3499796981472039,0.2552816596606826,0.8246922563330218,0.08287963644404663,0.2370652401510647,0.15997243829755567,1.5957852638705654
TSC_neg,OFT-0482-00,medium,3.7081136610119327,885,1.841720459320072,0.5315132909379028,0.28859607235623985,0.30546729201917844,0.3189607246789477,0.1624532311760337,0.8421561479866371,0.06296278903401699,0.20827073051910325,0.13561675977656013,1.1978846231372058
TSC_neg,OFT-0482-00,slow,3.016006842844685,886,1.61451290592935,0.7251010720064479,0.4491144476724164,0.4311711426413372,0.4836127757141705,0.3437458852549093,0.9146326980753128,0.22390104684395265,0.45217147268250735,0.33803625976323,1.01689057113482
TSC_neg,OFT-0483-00,fast,6.5717471833480685,887,1.67848203652862,0.5217986439654256,0.31087532223138475,0.3253679161980102,0.33724073744813965,0.2031524407660038,0.7773388955144627,0.08917735848013933,0.279294255031953,0.18423580675604617,1.1026762079697454
TSC_neg,OFT-0483-00,medium,4.862003997854379,888,1.856402261569508,0.6604405694898987,0.35576371735914863,0.3704204842480103,0.3938483238754923,0.3241687986913417,0.9110506735125331,0.10587600605041912,0.23429781724767534,0.17008691164904724,1.9059009041226105
TSC_neg,OFT-0483-00,slow,3.6907281035057484,889,2.151678058762566,0.7556243247287664,0.35117908167141293,0.33673330402991775,0.4017347370535822,0.3296482663646103,0.8968287243591301,0.11729467066689217,0.26316728682369633,0.19023097874529427,1.7328842470289019
TSC_neg,OFT-0488-00,fast,5.238223611958909,890,2.005726594276872,0.617610067113806,0.30792335748854843,0.31991881800941013,0.34663419619170566,0.21472172597083988,0.9048325874154607,0.05364509983191438,0.2133373715486075,0.13349123569026095,1.6085080407005719
TSC_neg,OFT-0488-00,medium,4.135761326406918,891,1.6310732429275663,0.5802968298294945,0.3557760709678104,0.3730504787856632,0.38384116582552086,0.25603819403739897,0.8669268716084264,0.12366397603375225,0.28873562162250554,0.2061997988281289,1.2416995336198715
TSC_neg,OFT-0488-00,slow,3.1040828564911385,892,1.7952699245529005,0.9039176697103241,0.5034995893085206,0.48577628881707746,0.5535518493587459,0.5106119896653987,0.9674307356954167,0.29741528868397554,0.438749383390193,0.3680823360370843,1.3872222045829292
TSC_neg,OFT-0490-00,fast,4.972094392646608,893,1.6961798874434022,0.5131051299089991,0.30250631652187915,0.3172262863763078,0.32883116819526914,0.15328239585719472,0.8148884017621023,0.07683635050343332,0.2703175246583461,0.1735769375808897,0.8830804252769041
TSC_neg,OFT-0490-00,medium,4.228368239386963,894,1.804288896412897,0.5393622837765222,0.29893343845812453,0.3158307312752502,0.32898704412292423,0.18425823465920424,0.8490453522802398,0.07789930699180907,0.20474528256044397,0.1413222947761265,1.3038157563963564
TSC_neg,OFT-0490-00,slow,3.4923516597896005,895,1.395803143754787,0.543103069710514,0.38909718189166487,0.3987554726942192,0.40834791786902114,0.25885914475706484,0.8010308592894576,0.1961801458833253,0.37732152154623655,0.28675083371478094,0.9027319690883312
TSC_neg,OFT-0491-00,slow,3.065463764833642,896,1.8206121055703706,0.6111893258564778,0.33570540588326,0.35321447357084246,0.3701408958799123,0.2250901596214224,0.917146568465998,0.145788979964651,0.1925378754675779,0.16916342771611445,1.3306077008510533
TSC_neg,OFT-0491-00,fast,4.637248476798364,897,1.9690681718899679,0.6899407464681109,0.35038946661043535,0.38516502089654425,0.39283337659264467,0.38126099322728974,0.9664364445499694,0.06875527919994041,0.15488078939337896,0.11181803429665968,3.409655657295695
TSC_neg,OFT-0491-00,medium,3.7580304057396594,898,1.8761726761966029,0.6426743440471508,0.34254541290409746,0.35894679237417493,0.38006152929697923,0.24095056415350008,0.9633262539910494,0.07295096593060878,0.24301833311275894,0.15798464952168387,1.5251517465969306
TSC_neg,OFT-0512-00,slow,3.4376679684968283,899,1.6321912678650878,0.7652599511518323,0.46885433479422733,0.49304115429643236,0.5059050368389282,0.5107111703201235,0.9547044253969579,0.16619988051793844,0.39200467112069287,0.2791022758193157,1.8298352058252152
TSC_neg,OFT-0512-00,medium,4.254988121524452,900,1.9817578172153034,0.730604788302076,0.36866502150535035,0.3850114783326921,0.41390749235494106,0.5370108383368601,0.8075524250347385,0.1539539047576708,0.15711280129049496,0.1555333530240829,3.4527053387302016
TSC_neg,OFT-0512-00,fast,5.3051864324943505,901,1.549394620908874,0.669995534432042,0.43242407414517997,0.4400632803645984,0.4621205066810379,0.36181647238685344,0.8881234025295143,0.12441766644058301,0.4741244853672011,0.29927107590389207,1.2089924537279613
TSC_neg,OFT-0527-00,slow,3.0783765299221324,902,1.4386304233559666,0.587306510423395,0.40824001834561174,0.39813215725893003,0.43062332985533475,0.30928125995999917,0.8081009205863563,0.16438359009847386,0.44072754877650966,0.30255556943749173,1.022229604085662
TSC_neg,OFT-0527-00,fast,4.691555195297062,903,1.491787323701268,0.6022961454919783,0.4037412947025341,0.4191640675712121,0.42856065105121466,0.2799575340760656,0.8657817522864697,0.13801009812580275,0.4304932197165205,0.2842516589211616,0.9848932285517918
TSC_neg,OFT-0527-00,medium,3.720499380210182,904,1.7335840133847753,0.6660578128187143,0.3842085573448816,0.37098498737321517,0.4194397142791107,0.374133841762792,0.8190365291598449,0.1829845891671435,0.30160389702666224,0.24229424309690287,1.54413013277068
TSC_neg,OFT-0530-00,fast,4.834904444833382,905,1.6923724837143572,0.4785757773754406,0.2827839509214189,0.29795275643401964,0.3072579292281715,0.13197285733328162,0.7795513554484697,0.05805305998806504,0.25945444414286994,0.1587537520654675,0.8313054376116927
TSC_neg,OFT-0530-00,slow,2.965252167925765,906,1.3551254123590168,0.5968742919435028,0.44045686583683624,0.4498450703822018,0.4600090441001696,0.18322268129076674,0.9477696648129168,0.13600162396747037,0.5730422063295245,0.35452191514849746,0.516816234657936
TSC_neg,OFT-0530-00,medium,3.6573444531394976,907,1.4963752790232152,0.6205733323037741,0.41471771219641107,0.432600171143913,0.44044966470983143,0.28175231692960356,0.901838106965422,0.16176155824215527,0.4164466767021451,0.28910411747215015,0.9745704052684244
TSC_neg,OFT-0538-00,fast,4.500296110038739,908,1.580215098361783,0.566765165083846,0.3586633020222464,0.38182697060263626,0.3846760349049463,0.260490303398586,0.8262470099042976,0.15653711178491858,0.29542971453198286,0.22598341315845072,1.1526965619195262
TSC_neg,OFT-0538-00,slow,3.0849816558395275,909,1.6911710823583361,0.570610403747058,0.3374054876525812,0.3518508424471688,0.36655610216439083,0.21313355209713336,0.8804783786899247,0.08852449545866581,0.28408798241183947,0.18630623893525264,1.143995785193238
TSC_neg,OFT-0538-00,medium,3.7788325030917935,910,1.510819982741532,0.607288492296954,0.40195953140292007,0.40002243082773536,0.42762565151467447,0.38248442674344246,0.7437736893311454,0.260300805769837,0.3239436842142728,0.29212224499205486,1.3093300263861976
TSC_neg,OFT-0545-00,slow,3.2520815917439596,911,2.0558203028897357,0.7366810855835412,0.358339240325643,0.33796606629789755,0.4056319709828803,0.3624920741177401,0.8245374371986576,0.13287916966645302,0.30261920294867045,0.21774918630756174,1.6647229790596554
TSC_neg,OFT-0545-00,medium,3.7984668354821918,912,2.2071910046497454,0.7360339027917377,0.3334708691912857,0.31149900088246274,0.38379124839134215,0.509364579073538,0.6611563011652544,0.13429708692086556,0.23034702640571056,0.18232205666328805,2.793762797521703
TSC_neg,OFT-0545-00,fast,4.426572762046124,913,2.0612304174395644,0.62807730996008,0.30470989785812985,0.29281037735328586,0.3451308243708736,0.48146548216350166,0.5805619169870213,0.13142002937559671,0.18707586895737485,0.15924794916648577,3.0233700633730205
TSC_neg,OFT-0587-00,slow,3.244848040222078,914,1.720268115509789,0.7842687309885185,0.45589912637316193,0.4585206931818824,0.4969453269500816,0.45588504931384144,0.9091738018611857,0.22713898302210078,0.39558347360319807,0.31136122831264945,1.4641676864663131
TSC_neg,OFT-0587-00,fast,5.133957721635569,915,1.8309738104925986,0.598926087989759,0.32710794909110474,0.357702286449169,0.36108521645343683,0.3632651811360122,0.8191164870951122,0.07547162447412734,0.18648757310849523,0.13097959879131127,2.773448571290859
TSC_neg,OFT-0587-00,medium,4.063896570300577,916,1.3933353417165408,0.6999695273337659,0.5023697500354996,0.5227100521573745,0.5270697221977833,0.4762389074599,0.883512802244129,0.22454970480117067,0.5239774742859331,0.3742635895435519,1.272469245647743
TSC_neg,OFT-0590-00,slow,3.5415717510439415,917,2.108041764846034,0.6770822000261678,0.32119012598197744,0.34722717202919406,0.3656766352375011,0.41406097430154487,0.8614868635787405,0.09195233157931462,0.09520637149040442,0.09357935153485952,4.4247044621515865
TSC_neg,OFT-0590-00,fast,5.272240160691358,918,2.2763712758587866,0.7236603312537019,0.3179008358294685,0.32250198126154267,0.36862077275749777,0.4190741329351495,0.8447877522049625,0.06872004255635887,0.14190116333352013,0.10531060294493949,3.9794106311807735
TSC_neg,OFT-0590-00,medium,4.3143213294633975,919,1.8786067800736208,0.7361462484920019,0.3918575490625841,0.4241259365899968,0.43489363649126134,0.5502039920829923,0.8832070908898537,0.11506599117171559,0.19109747182048353,0.15308173149609955,3.594184535971304
TSC_neg,OFT-0593-00,medium,4.23898056605559,920,1.9032960207689946,0.5529038212828482,0.290498070320904,0.31362338597225703,0.3232987891911471,0.291074470551779,0.7808837555175552,0.06689910129275468,0.1543378294024993,0.11061846534762698,2.63133708858693
TSC_neg,OFT-0593-00,fast,5.438956790128279,921,1.6802062053413696,0.5880963942987117,0.350014416343158,0.37192788097366775,0.37977466358760215,0.2706768096856904,0.871532864851384,0.09456946661221219,0.2823195132011221,0.18844448990666712,1.436374233174721
TSC_neg,OFT-0593-00,slow,3.3084460802441753,922,1.6815550706250102,0.5971316714304972,0.3551068186000901,0.3829293238052546,0.38535992520389084,0.27333587413052157,0.9123660098213118,0.08065534963024658,0.2750824672334834,0.17786890843186498,1.5367265506957697
TSC_neg,OFT-0596-00,fast,5.040823955974406,923,1.9839513246287168,0.6145385259325034,0.30975484040542683,0.3028606123290336,0.34785280109631145,0.1928243344545111,0.8575377846427611,0.05859811591310976,0.2824509693748636,0.17052454264398667,1.130771743848514
TSC_neg,OFT-0596-00,slow,3.235658462518714,924,1.7441067474414478,0.5483659662385498,0.31441078193349475,0.3334170124608819,0.34365517997162665,0.22464652557686765,0.8409486832942502,0.11383697604679784,0.19518853496859104,0.15451275550769444,1.453902785169608
TSC_neg,OFT-0596-00,medium,3.990592566109634,925,1.8764223808873055,0.6893845082240517,0.36739303221168246,0.37407529496463005,0.4076419667132284,0.3586299085544713,0.8876134220766426,0.1668310905999554,0.21749344562184414,0.19216226811089976,1.8662868214456156
TSC_neg,OFT-0600-00,medium,3.9191487793145963,926,1.6751472998630164,0.5362019918530304,0.3200924431522397,0.3434042175748508,0.34710613673983837,0.19817041338384903,0.8599335256302196,0.0904294310166939,0.23989117692859113,0.16516030397264253,1.1998670904400512
TSC_neg,OFT-0600-00,fast,4.864560437997978,927,1.8244943966807685,0.6048539016750815,0.3315186403287774,0.3589300160000428,0.36568554799706554,0.23780203575595638,0.9259816462003645,0.07777598400831123,0.22118252602362964,0.14947925501597042,1.590869821571893
TSC_neg,OFT-0600-00,slow,3.0550393857559124,928,1.6833084634478575,0.5642999658418666,0.335232655271056,0.35580758452607786,0.3638660690924074,0.19664720493876364,0.8720883164742536,0.09746887258555331,0.2892598823710593,0.19336437747830632,1.0169774159194633
TSC_neg,OFT-0603-00,medium,4.389289515472299,929,1.682404776834239,0.6125826034120903,0.36411130772273465,0.38478907412002694,0.3951702196839042,0.30155421309035524,0.8848075869342031,0.09121370857517733,0.30310537013588096,0.19715953935552916,1.529493394415858
TSC_neg,OFT-0603-00,fast,5.4294596008794365,930,1.696401128769276,0.5943822015115481,0.35037833412830083,0.37455980699440644,0.3808788175512068,0.24863410262173674,0.8908675661406557,0.09970723331784895,0.28430636812458626,0.19200680072121762,1.2949234177529918
TSC_neg,OFT-0603-00,slow,3.3314461136972193,931,1.8434250912782195,0.533000130964463,0.28913576878509556,0.31793062226599655,0.31961881405751646,0.18420753421590472,0.8731296542973022,0.07193625623833783,0.14920181147852127,0.11056903385842955,1.6659956932585707
TSC_neg,OFT-0609-00,fast,5.065588136967864,932,1.247930382128887,0.5094840178584192,0.4082631732943893,0.42386805880123973,0.42091577886489323,0.22348919594491815,0.7761281262170344,0.06466221829847027,0.6193835749991502,0.34202289664881025,0.6534334342369986
TSC_neg,OFT-0609-00,slow,2.9985464712357714,933,1.2378367336488063,0.47797509669657207,0.38613743129728534,0.3951105800162025,0.39761713947219596,0.13863197363337415,0.797143446774994,0.08878317402780589,0.5659099634526101,0.327346568740208,0.42350214381931284
TSC_neg,OFT-0609-00,medium,3.8616597849186958,934,1.5946737473948551,0.6674888478145196,0.4185739239170177,0.4603637995922864,0.4496882894042056,0.45655818714139584,0.8822408688976762,0.20473778773322077,0.25521631384452964,0.2299770507888752,1.9852336812533868
TSC_neg,OFT-0615-00,fast,5.3857166525738425,935,1.6468003198900951,0.682645455920232,0.4145283721864899,0.42797974343326395,0.4480430076532075,0.3504467037979649,0.9298457098879727,0.17532469173418472,0.3365549251927078,0.25593980846344627,1.3692543801681254
TSC_neg,OFT-0615-00,slow,3.119054679701179,936,1.3222432823887087,0.612449224990779,0.4631895152338034,0.4659351344975993,0.48184697895342543,0.20926740905623986,0.9192460203280034,0.14206987537076654,0.6568046110586919,0.39943724321472923,0.5239056012204201
TSC_neg,OFT-0615-00,medium,4.022678765741599,937,1.5733239303092768,0.559447908160324,0.3555834227032638,0.3712348879465943,0.38106648338539617,0.24087410046404295,0.8341469447551123,0.1125786628950336,0.336666225427396,0.2246224441612148,1.0723509904075486
TSC_neg,OFT-0616-00,medium,4.308818593316341,938,1.555145232216336,0.6903355310268132,0.4439042198283773,0.4433482078346704,0.47470813372818177,0.4451019751930802,0.7650284953596413,0.2573336626447789,0.4313684017152265,0.34435103218000274,1.29258208513344
TSC_neg,OFT-0616-00,slow,3.5483779175986867,939,1.8455982885893814,0.6830892180150036,0.37011803827424383,0.3691155432497283,0.40923943574183885,0.39328567673828996,0.8315727996909431,0.14934462680766458,0.262754639730458,0.20604963326906128,1.9086938933045046
TSC_neg,OFT-0616-00,fast,5.0962537027550505,940,1.7062242285774878,0.6492902984247633,0.38054218639603377,0.38303532938327833,0.41413570039962494,0.48536172318654974,0.6947669987401633,0.18114937467858216,0.2952647049932041,0.23820703983589314,2.0375624646564927
TSC_neg,OFT-0618-00,slow,3.394187032470924,941,1.8410642242251551,0.8650097997091516,0.46984227292407815,0.47307150723153424,0.5192382137722124,0.544604545821946,0.9561722302508722,0.22924684855993638,0.34692923045609525,0.2880880395080158,1.8904101216836278
TSC_neg,OFT-0618-00,medium,4.101591930980765,942,1.665427576850035,0.6810327483015003,0.4089236648702524,0.4238893046296018,0.44293730029915834,0.3873160398114521,0.8691777554966702,0.23121283008355523,0.28404257580495573,0.25762770294425547,1.50339437640081
TSC_neg,OFT-0618-00,fast,4.960299194495504,943,2.4414336969139527,0.6076706404745347,0.2488990961510235,0.23090318180486108,0.29374553919146235,0.2682967312451172,0.7156464889078823,0.090402660967148,0.10063627564570171,0.09551946830642485,2.808817260000085
TSC_neg,OFT-0619-00,slow,2.9882947418885206,944,2.1235972430560515,0.6853572444927344,0.3227340997610462,0.3117376966986749,0.3680619928525073,0.2975507618358994,0.8684073775342767,0.11262926754272763,0.19366056449712563,0.15314491601992664,1.9429359430853272
TSC_neg,OFT-0619-00,medium,3.511355644501487,945,2.0283294891567953,0.7922397673740609,0.39058731414658177,0.3771770856921489,0.4407938708000166,0.43754139160345934,0.8961707040498694,0.1623915465551438,0.26707184099159376,0.21473169377336876,2.037619058066237
TSC_neg,OFT-0619-00,fast,4.177628627358945,946,1.5847956391222928,0.6113421377696847,0.3857545557787276,0.36444917059355986,0.413953003527597,0.274021696291117,0.8230524511400967,0.18922847454706562,0.3695093921321091,0.27936893333958734,0.980859585979911
TSC_neg,OFT-0622-00,slow,2.8640473279311323,947,1.2683064502017865,0.5171422636265641,0.4077423587527188,0.40842530686967116,0.42141734686194965,0.12226257747698499,0.8677547494719027,0.0943761203022405,0.6012759401966706,0.3478260302494556,0.3515049675531763
TSC_neg,OFT-0622-00,medium,3.294331074131721,948,1.616408682760522,0.6309054726256199,0.3903130930651474,0.40923858599017104,0.4203871405102064,0.21810917644680103,0.9232414750465334,0.13243844380567252,0.4077594667418186,0.27009895527374556,0.8075158092549716
TSC_neg,OFT-0622-00,fast,3.9787920910538737,949,1.5705195485468604,0.6215554776023183,0.39576424131582383,0.41265870585793357,0.4239881458516358,0.3329850250808339,0.8301296802720658,0.12056866885318201,0.4122692092004613,0.2664189390268217,1.2498549326003834
TSC_neg,OFT-0623-00,slow,3.128166232026951,950,1.8994297181352187,0.8314466845957285,0.4377349036172859,0.41891866570200686,0.48694887623959127,0.5215578123177651,0.9347306062073004,0.18470704436288746,0.30680004207041184,0.24575354321664966,2.1222799292784718
TSC_neg,OFT-0623-00,medium,3.806699913021764,951,1.8717426152988357,0.941391375435367,0.5029491596445101,0.4837274989434813,0.5577544366183671,0.6891396057879273,0.9329941600660996,0.20801539096459606,0.4008685896548457,0.30444199030972086,2.2636154923532015
TSC_neg,OFT-0623-00,fast,4.645680473178462,952,1.6838445127785238,0.6261281881972413,0.37184442117168093,0.38135698653318484,0.40362989204987587,0.386012823700806,0.79860157062506,0.13698695760966617,0.2929182162639712,0.21495258693681868,1.7958045036893056
TSC_neg,OFT-0625-00,slow,2.8702401962461512,953,1.0790628928382442,0.5101509299579988,0.47277219274601867,0.4719757241206667,0.47744453489751626,0.16879752296107217,0.7838046280676483,0.11176737758783205,0.8454086109735133,0.47858799428067267,0.3526990333612071
TSC_neg,OFT-0625-00,fast,3.9460516947137685,954,1.3604073966004353,0.6629282200661153,0.48730124646685063,0.4916101908495687,0.5092546181667588,0.4773622154201295,0.7703256306033609,0.1564489468798986,0.6328816797636461,0.39466531332177235,1.209536788025083
TSC_neg,OFT-0625-00,medium,3.3868926819916623,955,1.6368674939883887,0.7710734783644768,0.4710665226087913,0.4460868523507017,0.5085673920782521,0.48808613616630225,0.8374616285264304,0.2249978395175948,0.4837239641026806,0.3543609018101377,1.3773701716895759
TSC_neg,OFT-0626-00,medium,3.6713036178706635,956,1.50299129918521,0.7380753661892864,0.4910709507030454,0.5122013454341598,0.5219465026388255,0.5738989675819721,0.82709438382916,0.17972339725252823,0.5070692618916414,0.34339632957208477,1.6712437442098544
TSC_neg,OFT-0626-00,slow,3.041093194428056,957,1.7384568067611272,0.740917206568803,0.4261924735128658,0.418662487466087,0.465533065144858,0.3672755017224724,0.9216501979580386,0.1627917136247769,0.41041484727414396,0.28660328044946043,1.2814769640685872
TSC_neg,OFT-0626-00,fast,4.352329273344821,958,1.8901314441542845,0.6555553236026235,0.34683054748922154,0.3733177725520883,0.3854211445033966,0.35081158624959996,0.9170660544753451,0.10979518596535388,0.16401175132328766,0.13690346864432076,2.562474053605017
TSC_neg,OFT-0627-00,fast,3.635462567335309,959,1.4715807927206235,0.4822876815110562,0.3277344226676228,0.31453100400743694,0.3470535800230521,0.15627288375532447,0.7417925779090037,0.15049733023495074,0.3396515281929293,0.24507442921394001,0.6376547902470258
TSC_neg,OFT-0627-00,slow,2.6455802720624146,960,1.4578985780402185,0.44336912140173984,0.30411520257996216,0.3174729470479037,0.3215219424326844,0.03976362914145951,0.8175577145814393,0.06597727543175254,0.3627891505760863,0.2143832130039194,0.18547921072874554
TSC_neg,OFT-0627-00,medium,2.9811855228711397,961,1.3790394094980023,0.6123420980032414,0.4440352420574739,0.48920095209091596,0.46507359905069473,0.29353546796408336,0.82298788516213,0.15821725824043187,0.5855537848361334,0.37188552153828264,0.7893167412108197
TSC_neg,OFT-0629-00,slow,2.652073793235349,962,1.2757541592785022,0.7831871494144147,0.6139013098396192,0.6008277292407356,0.6350620397864688,0.7337679036050567,0.7142661128122442,0.28194524214500266,0.810268900583571,0.5461070713642868,1.343633770886641
TSC_neg,OFT-0629-00,fast,3.39328109039092,963,1.689270432510977,0.4975881239463776,0.29455800230088036,0.308787969237306,0.3199367675065676,0.24275593093878145,0.7161226914065246,0.06547240579459397,0.2553960418863701,0.16043422384048203,1.5131181186138376
TSC_neg,OFT-0629-00,medium,2.995549991783894,964,1.278816345601475,0.552717526151818,0.43221024508554773,0.42003606494110723,0.44727365521883145,0.27964136506397014,0.7430265445707708,0.1991310379125338,0.5672956733280513,0.3832133556202926,0.7297276072524287
TSC_neg,OFT-0631-00,medium,3.0803430589436105,965,1.3873083932842685,0.5209735569665703,0.37552829600723064,0.37089666081932265,0.39370895362714836,0.20052868387268377,0.7555053638111306,0.15020348935152072,0.46859827747325816,0.30940088341238947,0.6481192996640743
TSC_neg,OFT-0631-00,slow,2.623966718090505,966,1.4371565195765101,0.5777228381381124,0.4019902009757095,0.40554107999570077,0.42395678062100967,0.15333800937939357,0.9529082604497442,0.11594831848308987,0.473632534171811,0.29479042632745045,0.5201593935383341
TSC_neg,OFT-0631-00,fast,3.7023065763858143,967,1.497136226448796,0.5906106424840672,0.3944935885260051,0.37653012243684203,0.4190082202707629,0.20487134172549962,0.8889806391437968,0.1578638431021697,0.4243170571115851,0.2910904501068774,0.7038064685745569
TSC_neg,OFT-0633-00,fast,3.3695524214044634,968,1.641599858984052,0.6647030312185492,0.4049117253396443,0.4057374471633931,0.4373856385745075,0.3322824354980536,0.9059383630857634,0.1332297825314432,0.3780919731827701,0.25566087785710667,1.2996999708487742
TSC_neg,OFT-0633-00,slow,2.684319410803159,969,1.248503602195949,0.579658320980357,0.4642824577845161,0.44315593802251985,0.4787044406839962,0.2102989970249531,0.8737199777866868,0.19177017391685572,0.639028614007489,0.41539939396217235,0.5062573515552689
TSC_neg,OFT-0633-00,medium,3.0276328991611807,970,1.5937556139871785,0.4979437637040092,0.31243420216621437,0.32755312594955177,0.33562289735843864,0.1821686367637404,0.8097500173919683,0.08707282708450592,0.2635001081935399,0.17528646763902292,1.0392624097993137
TSC_neg,OFT-0635-00,medium,3.923653174803888,971,1.7296937226451372,0.6862157016778228,0.39672671103206997,0.41651693790724065,0.432912834862789,0.4047100694937133,0.9067277702003177,0.14682424178929165,0.2733892579678333,0.21010674987856248,1.9262116506377243
TSC_neg,OFT-0635-00,fast,4.718237802945771,972,1.8046395061969527,0.6254006748848251,0.346551581486087,0.37139142959233895,0.38140771816092933,0.26911285201255747,0.9451402872298496,0.08499666697652229,0.2263810664247878,0.15568886670065504,1.7285298410578334
TSC_neg,OFT-0635-00,slow,3.141052939775399,973,1.5400301243966126,0.7551180416310812,0.4903267992416306,0.4871461210917155,0.5234257045403116,0.4285541445968146,0.9662395451564993,0.20935175264202754,0.48955737576590486,0.3494545642039662,1.2263515446508244
TSC_neg,OFT-0638-00,slow,3.6244426262774327,974,1.8521866563757001,0.7395975614356541,0.3993104900576679,0.4022567690590586,0.441846373979916,0.37540102253726215,0.9468025152452008,0.15370121741185677,0.2914807407253446,0.22259097906860068,1.6865060035589614
TSC_neg,OFT-0638-00,medium,4.385127131750282,975,1.8167828088362041,0.6681216864932031,0.3677498946179422,0.37596442169407496,0.40529636860234974,0.3687937894475464,0.8743184553401211,0.17316896293052142,0.20490426669120987,0.18903661481086564,1.9509119427288248
TSC_neg,OFT-0638-00,fast,5.27365731118127,976,1.510196386977646,0.7881442692376639,0.5218819724598706,0.5121322993639102,0.555164759557095,0.5018052125105719,0.9199514266798094,0.23096268223574237,0.5679397168022557,0.39945119951899904,1.256236589387697
TSC_neg,OFT-0659-00,fast,4.3508237219704275,977,1.8539209862775026,0.5790349845523274,0.31232991526514553,0.3199430386776838,0.34566804892604325,0.173061580937107,0.8990564494132448,0.10462834263790159,0.20592582271591942,0.1552770826769105,1.1145339541006267
TSC_neg,OFT-0659-00,slow,3.0013532675265995,978,1.4408358574986417,0.5826566177945739,0.404387921609678,0.3962545599080226,0.42667150863279,0.1798002351165786,0.8774733979362095,0.13277215690499272,0.5166402445733794,0.3247062007391861,0.5537320651939124
TSC_neg,OFT-0659-00,medium,3.5792136451053205,979,1.726998336877508,0.6859526576789273,0.39719358324291215,0.4169459142536964,0.43328846754741396,0.329957245888809,0.873508289909783,0.1903045497291513,0.33938378466191216,0.2648441671955317,1.2458543051288153
TSC_neg,OFT-0672-00,slow,2.839763592448721,980,1.4546361597602058,0.6385397851414578,0.43896872826722527,0.4283872334472715,0.4639151103765044,0.2771324114060916,0.8862069245825936,0.19044049092684567,0.5018806145904868,0.34616055275866625,0.8005892329369512
TSC_neg,OFT-0672-00,medium,3.1893068699773854,981,1.3048384601064713,0.5548819895102726,0.4252495664980596,0.44881225534633956,0.4414536193745863,0.24722712434131067,0.8357588197941079,0.16754869171817974,0.515279841644747,0.3414142666814634,0.7241265186260405
TSC_neg,OFT-0672-00,fast,3.5794853895482905,982,1.2863086402163157,0.6326269844988578,0.49181585563513763,0.4981625455068776,0.5094172467431025,0.30516846332619124,0.927821055459768,0.17943005624709998,0.6252494119393506,0.40233973409322527,0.7584845280418695
TSC_neg,OFT-0680-00,medium,3.37815838440453,983,1.5082879606331543,0.5772624721825543,0.38272696411382157,0.37982911388427554,0.4070439026224131,0.24536460175276753,0.8074695999566144,0.15348102688450374,0.4218603818957671,0.2876707043901354,0.8529356587524015
TSC_neg,OFT-0680-00,fast,4.305137634463234,984,1.443798895436959,0.5414713434165248,0.37503238513882575,0.3919262885857995,0.39583725492353816,0.22531097113390172,0.8438145956215651,0.1689518428524407,0.3452716100862453,0.257111726469343,0.8763154222013555
TSC_neg,OFT-0680-00,slow,2.8157867844127966,985,1.4913213735405586,0.5175804056752805,0.34706161586518974,0.3636569793467442,0.368376464591451,0.08693942715008612,0.9017426434276777,0.06735928151693568,0.4174645062711044,0.24241189389402001,0.35864340545969725
new_preds,OFT-0000-00,fast,4.865858445508709,986,2.121982676911142,0.6670419141504209,0.31434842584172207,0.3025194118218133,0.3584351118803094,0.2941103448244726,0.8259035966046008,0.05471470342031134,0.2590118026718531,0.1568632530460822,1.8749473768599643
new_preds,OFT-0000-00,medium,3.9877173577349248,987,1.759792034165584,0.6310948253440478,0.3586189805906726,0.37830658927196353,0.39267846118484445,0.3657283474158327,0.8359450404753017,0.11839116678195609,0.2506492900662874,0.18452022842412175,1.9820501553640077
new_preds,OFT-0000-00,slow,3.287455485250596,988,1.5864867542498764,0.7594210192884377,0.47868097054961395,0.477503062001175,0.513773476641967,0.5143447246543715,0.8266319621392519,0.18713977776052942,0.5269774420137157,0.35705860988712257,1.44050503310079
new_preds,OFT-0000-01,slow,3.188288600114681,989,1.277545329441146,0.6188304351492406,0.4843901980526546,0.4804876852659422,0.501195227689728,0.3522369424085812,0.8630378196596352,0.2654647265708043,0.524041422119891,0.3947530743453477,0.8922968946922718
new_preds,OFT-0000-01,fast,4.9231637816385,990,1.7942926093013492,0.5260658725283518,0.2931884519845334,0.31420339505575823,0.3222981295525107,0.11825835070422974,0.8891781172780268,0.03530663287512016,0.2464494173526659,0.14087802511389302,0.8394378797447197
new_preds,OFT-0000-01,medium,4.019991338464981,991,1.420355432377099,0.615745018121981,0.43351474151189995,0.4200275098259324,0.4562935260881602,0.23765182573104515,0.8977635197583755,0.12276436448833468,0.5669943943748853,0.34487937943161,0.6890867935413105
new_preds,OFT-0001-00,slow,3.2804075172813056,992,1.7171261847361377,0.6720774723216932,0.3913966709586739,0.3887390994682175,0.4264817711290514,0.28412943740605257,0.8681726442152504,0.13919383282033226,0.41443117007457064,0.27681250144745145,1.0264328233744533
new_preds,OFT-0001-00,medium,4.011151105470768,993,1.7230447019988187,0.5513506232335834,0.3199862560698448,0.33308888277188675,0.3489068019653121,0.2557017066582237,0.783558152414791,0.10562959162841842,0.25073775715981517,0.1781836743941168,1.4350456489781893
new_preds,OFT-0001-00,fast,5.056876761874492,994,1.8556675074937556,0.611167184029255,0.3293516654040522,0.33423366560426626,0.36457860523220254,0.23717040480548257,0.8575693092094906,0.09253693908785819,0.27103776782597866,0.18178735345691843,1.3046584390794231
new_preds,OFT-0001-01,fast,5.008265456284565,995,1.8293538670376643,0.5140189605973426,0.2809838871851028,0.29031125470110614,0.3101132713616329,0.16485669208105236,0.7907474262263969,0.07110675004507123,0.21374221709401095,0.1424244835695411,1.1575024739377648
new_preds,OFT-0001-01,medium,4.034656184790668,996,1.4171384229523414,0.6494505565425654,0.4582830766733128,0.46219014679017445,0.48217901165696936,0.36802359233755305,0.8867216586116301,0.2079627604957329,0.46600803518296136,0.3369853978393471,1.0921054582697467
new_preds,OFT-0001-01,slow,3.257076481362302,997,1.608849538460892,0.4991444479323874,0.31024930299566394,0.3260918713162405,0.3338611961127544,0.13199202263043464,0.8364431459130733,0.06927337936843758,0.29773623653907205,0.18350480795375482,0.7192837294143162
new_preds,OFT-0003-00,slow,3.22582794725693,998,1.8129005735670833,0.5780812991762702,0.31887093401864336,0.3319292429187689,0.3512722296633466,0.19410378647430443,0.8615478233987278,0.0758311205325202,0.2736061882478337,0.17471865439017698,1.1109505573505454
new_preds,OFT-0003-00,fast,5.054185544079343,999,1.7174646546758374,0.5921728615626758,0.3447947880327385,0.3564808866252183,0.37571704722398064,0.22959019470773565,0.8698519310180448,0.08409610147179143,0.3193299616983508,0.20171303158507112,1.138202092862342
new_preds,OFT-0003-00,medium,3.967970938145328,1000,1.7077148758770109,0.6563268679106652,0.3843304741218016,0.38818222993816576,0.4183300233454095,0.3131341398519627,0.8837426870679005,0.07543639198412666,0.40100687447764805,0.23822163323088735,1.3144655907403222
new_preds,OFT-0004-00,slow,3.2130779148989523,1001,1.5690033741431861,0.8125253723345772,0.5178608189917294,0.5327037580961421,0.5546938881595851,0.6938739191274074,0.7645934811797227,0.25392631803736415,0.5063818342938464,0.38015407616560526,1.825243927741386
new_preds,OFT-0004-00,fast,4.618396977704822,1002,1.6034254710628733,0.49783067645023105,0.31047946127501064,0.3236689525734001,0.3338983631719133,0.26771111614564247,0.6722578003599851,0.1561488599988691,0.23947567618315652,0.19781226809101282,1.3533595197567292
new_preds,OFT-0004-00,medium,3.8009880246578693,1003,1.4840630750649442,0.6639384148574794,0.44737883854998867,0.4528736842718677,0.47444878558842507,0.31876378721886306,0.9020348289341011,0.1137067645663619,0.5632897616343739,0.3384982631003679,0.9416999198142019
new_preds,OFT-0004-02,slow,3.0978868259496473,1004,1.6108735016115696,0.6725069997814255,0.41747970843683746,0.42489328045315955,0.44935811985491114,0.30967095427276925,0.8968076976540085,0.1498488546242171,0.4411049728686496,0.29547691374643337,1.0480377310916298
new_preds,OFT-0004-02,medium,3.736920598288781,1005,1.5252339330846858,0.4800382092558568,0.31473087428956614,0.33096446598130946,0.3353942911603524,0.12240691144311658,0.8220122279256243,0.06673711269582362,0.33042091257684497,0.1985790126363343,0.616414140739461
new_preds,OFT-0004-02,fast,4.492241106352463,1006,1.2845076091189236,0.5609896577188347,0.4367351767605579,0.44400244233413844,0.4522669868803425,0.17589263381575804,0.9239971127106014,0.06655114277106618,0.6426270582239446,0.3545891004975054,0.49604636343579733
new_preds,OFT-0005-00,medium,3.585326098836511,1007,2.0193905311821485,0.6400414789548518,0.3169478459325905,0.3202037068442626,0.35733455006037323,0.2655911915446999,0.8848833225403415,0.0778371414448163,0.20102654471163534,0.13943184307822581,1.904810161590524
new_preds,OFT-0005-00,fast,4.270570361268608,1008,1.6849130024666852,0.5234613903897464,0.31067561922984,0.32947517536092896,0.3372738406248283,0.19425943473315999,0.8179911630450716,0.06431215095677478,0.2725326137643068,0.1684223823605408,1.1534062872790265
new_preds,OFT-0005-00,slow,3.103252864412805,1009,1.5897911837018344,0.5786910286390462,0.36400442685281603,0.3796641025711538,0.39084025207609474,0.2927745467295892,0.8386205936129777,0.142798652531548,0.289167215430264,0.215982933980906,1.3555448170524063
new_preds,OFT-0005-01,fast,4.027670889929504,1010,1.4006873533645958,0.446897396621749,0.31905578039828464,0.31490643686467734,0.3350359824262177,0.1298792765132131,0.722861490079822,0.05708384167124471,0.4303193214405907,0.2437015815559177,0.5329439213483812
new_preds,OFT-0005-01,slow,2.8852835762217923,1011,1.2910740794848983,0.661612359330569,0.5124511210034776,0.514362537208151,0.5310962757943641,0.33117080105745017,0.9283713142504135,0.19775087246866518,0.667092115400928,0.4324214939347966,0.765851849879105
new_preds,OFT-0005-01,medium,3.358657186746214,1012,1.249417035845561,0.4736368366509228,0.37908626428355224,0.3822247617019988,0.3909050858294735,0.0988937249246827,0.8477337657439838,0.10848568672336509,0.5085071659258625,0.3084964263246138,0.32056684125287815
new_preds,OFT-0005-02,slow,2.8164403043025863,1013,1.2122388236692998,0.49651469907165097,0.40958488490639267,0.4080073596461304,0.42045111167704985,0.1943535896962816,0.7216294953166069,0.12370874568691495,0.6421126160083961,0.3829106808476555,0.507568995636366
new_preds,OFT-0005-02,fast,3.6385653851688033,1014,1.5776763312690167,0.5130067037780297,0.3251660011691933,0.3435860277213002,0.3486460889952978,0.12951134048235433,0.8671672314353431,0.06309159311496293,0.3348141909485312,0.19895289203174707,0.6509648548445734
new_preds,OFT-0005-02,medium,3.246408391728612,1015,1.1401752238022596,0.659552120811767,0.5784655788364622,0.522701342091467,0.5886013965833754,0.4120936996791292,0.757992824347353,0.32938271534559577,0.8549363469614235,0.5921595311535096,0.6959166879850479
new_preds,OFT-0006-00,medium,3.985520304550596,1016,1.6799791970990294,0.6270648150771367,0.37325748804505776,0.3817212153168371,0.4049834039240676,0.3413551444895202,0.8109675345387757,0.14500734303660529,0.3226035936313694,0.23380546833398735,1.4599964103572627
new_preds,OFT-0006-00,fast,4.678818052949036,1017,1.5734672703035562,0.6495270503242581,0.41279984819700133,0.41627444199556696,0.4423907484629084,0.33565588043787736,0.8692186520604983,0.08741185246834142,0.47727660888491635,0.2823442306766289,1.1888179178780767
new_preds,OFT-0006-00,slow,3.3713591998694583,1018,1.5696820435734375,0.6900401298430989,0.43960503508863347,0.42519406832407525,0.4709094219329416,0.39955493886577237,0.8071729384894099,0.2171478820606359,0.4597619283159481,0.338454905188292,1.18052636478555
new_preds,OFT-0006-01,slow,3.216029422716493,1019,1.4920306833055048,0.5048316004436494,0.33835202324742086,0.3529921689417367,0.3591619703969494,0.15864265111510456,0.8352356387006257,0.1958626491245754,0.2469069426474916,0.2213847958860335,0.7165923498954828
new_preds,OFT-0006-01,medium,3.722549527148521,1020,1.7551197728106294,0.5972786340909989,0.34030648126909513,0.3435868113054903,0.3724280003718331,0.26603700357318544,0.7708326690674375,0.0781451139950487,0.3746972148516609,0.2264211644233548,1.1749652655074163
new_preds,OFT-0006-01,fast,4.645129741055468,1021,1.4706113830733596,0.6331515949407195,0.43053630770729284,0.43086884540707004,0.455863218611471,0.2269302545411676,0.9349249451978269,0.1552453768268237,0.5063522978800654,0.33079883735344456,0.6860068081155383
new_preds,OFT-0006-02,slow,3.1162274356468957,1022,1.3258433923063038,0.6301340398517387,0.4752703400026913,0.47005438854592596,0.4946283024838222,0.2404675273496632,0.9376210790962098,0.1834121610823583,0.6170124424070573,0.4002123017447078,0.6008499146611828
new_preds,OFT-0006-02,fast,4.79771787451065,1023,1.7926855978868317,0.4949017834820729,0.27606725020017425,0.29440395516223883,0.3034215668604116,0.14548684512412635,0.8071026820156542,0.07167443847965893,0.1894223018222069,0.1305483701509329,1.114428659323149
new_preds,OFT-0006-02,medium,3.667721439511269,1024,1.779601504813188,0.7889454278228689,0.44332701769977867,0.38789612870098605,0.48652931896516494,0.4298086969886691,0.810339881579113,0.22939256776536954,0.47657612952750805,0.3529843486464388,1.2176423647020684
new_preds,OFT-0007-00,medium,4.063950533703504,1025,1.9873672209746178,0.7581971409884055,0.38150832568154197,0.3723421098948331,0.42859442759489985,0.46693749294724396,0.8593684145115069,0.14985147994726808,0.2382203229735805,0.1940359014604243,2.4064489583257913
new_preds,OFT-0007-00,fast,5.138372068256226,1026,1.6111884260283442,0.5351701685252939,0.3321586475422454,0.3326219473255413,0.35753508766512654,0.16300819227588595,0.8056807125905092,0.10314559209443158,0.3583058536996794,0.23072572289705548,0.706502032929447
new_preds,OFT-0007-00,slow,3.3918069401917434,1027,1.8207218413094504,0.7292171679876557,0.40050992493351306,0.38309929847706187,0.44159833031528106,0.4889489489636771,0.771115699040028,0.2324968981798435,0.27383177507757556,0.2531643366287095,1.9313500292925103
new_preds,OFT-0007-01,fast,4.680107769964028,1028,1.9919037065167093,0.5423197159633999,0.27226201456885063,0.2847584116006574,0.3060192272431693,0.21426956756717458,0.7989763287328628,0.05819967313068423,0.1526313395419557,0.10541550633631996,2.0326190615976762
new_preds,OFT-0007-01,medium,3.652055983991954,1029,1.4685724062366827,0.6279608383873079,0.42759950801234275,0.4424825742125629,0.4526446743092134,0.29898127536456487,0.8978515012589173,0.19997524531920538,0.413770675294166,0.3068729603066857,0.9742835441277264
new_preds,OFT-0007-01,slow,3.1054003581046437,1030,1.7525182854663939,0.4927070049022517,0.28114229049035494,0.28561821337194826,0.307587879791842,0.1610744510473544,0.7596508585548071,0.06468164115312026,0.24494456841208612,0.15481310478260318,1.0404445494039005
new_preds,OFT-0008-00,medium,4.377285073864817,1031,1.7715625355159175,0.6260081016490477,0.35336494710119876,0.37166237639481653,0.3874453414196799,0.28750423085725113,0.8740859459050606,0.1366001478471817,0.2515910410692259,0.1940955944582038,1.4812506778414376
new_preds,OFT-0008-00,fast,5.352618163458059,1032,1.5797155670476692,0.548376475490712,0.3471362104227237,0.3590658100785699,0.37229124355622234,0.24073376387723885,0.7934460796587729,0.07107396481019737,0.38391116587868024,0.2274925653444388,1.0582049726009815
new_preds,OFT-0008-00,slow,3.54505488660592,1033,2.009539372453499,0.8562154085796105,0.42607545804600727,0.3921643987792106,0.4798429518627077,0.5334560569660984,0.8814393353700309,0.15493572602709862,0.34954068908760283,0.2522382075573507,2.1148899769469223
new_preds,OFT-0008-01,slow,3.524356348130878,1034,1.6614702901341507,0.6203106391063977,0.3733504250962637,0.3440385994253987,0.4042204518475303,0.2914358600306154,0.7371188958352994,0.16777643971198916,0.4205506118122172,0.2941635257621032,0.9907273829261425
new_preds,OFT-0008-01,fast,5.295091003958028,1035,1.4927968327431724,0.5162994250482869,0.34586047727575353,0.3566912988224974,0.3671653457473203,0.14239063312521844,0.8390104424422556,0.05273271492851843,0.4345275924932889,0.24363015371090366,0.5844540626698531
new_preds,OFT-0008-01,medium,4.416039793592477,1036,1.3091048012926123,0.5915735186433904,0.45189164233395956,0.4488778524254575,0.46935187687263835,0.3192777692263093,0.7826237224180171,0.13086102192199248,0.644644993924234,0.38775300792311324,0.8234050096385538
new_preds,OFT-0009-00,fast,4.681698328181988,1037,1.704455931249819,0.6596003523259311,0.38698586465786106,0.4038725648301869,0.4210626756163698,0.4408500415857284,0.8118762992706702,0.12176771743098273,0.30975664417809784,0.2157621808045403,2.0432220324334596
new_preds,OFT-0009-00,slow,3.276385005857491,1038,1.826257302483873,0.5899499235322262,0.3230376807965896,0.3247901109533035,0.35640171113854424,0.27556118185820067,0.7688214255024387,0.13320965935934773,0.2480145778341898,0.19061211859676874,1.4456645458158817
new_preds,OFT-0009-00,medium,3.8657278514614197,1039,1.7550141776898587,0.7856777103267434,0.4476759904931014,0.41494833059982483,0.4899262054723066,0.44143227370855265,0.867533998205543,0.18827698189457007,0.4624615680805607,0.3253692749875654,1.3567116124453449
new_preds,OFT-0009-01,fast,4.838515432139296,1040,1.6708825276612373,0.6774774299105232,0.405460838027195,0.4137815802605256,0.4394629120126109,0.3415337327770579,0.8761295420544243,0.16616166732600868,0.3740267058929527,0.2700941866094807,1.2644986442113582
new_preds,OFT-0009-01,medium,3.9003290046737358,1041,1.7268095578883749,0.602860772596922,0.34911827412753543,0.3409405034431702,0.3808360864362087,0.33369062113393805,0.7100069238312452,0.13155095285322407,0.3480958479264278,0.2398234003898259,1.391401425346875
new_preds,OFT-0009-01,slow,3.2574125198388466,1042,1.7929471606191243,0.6279073252590678,0.35020960965868314,0.3561935031523411,0.38492182410873144,0.24821150380756035,0.8819616957734919,0.14846562118788897,0.2610484756659846,0.2047570484269368,1.2122244665786408
new_preds,OFT-0010-00,medium,4.049368823347643,1043,1.420795264935011,0.5510911297932746,0.3878751171221578,0.40409511555643174,0.40827711870604744,0.10233304257272725,0.9736592101904731,0.10752482367667443,0.449591398384315,0.2785581110304947,0.36736694614332915
new_preds,OFT-0010-00,slow,3.130697969177332,1044,1.615878839767316,0.5857644336056445,0.3625051700596522,0.38174486649244355,0.3904125780029012,0.2226394066927327,0.921353230459413,0.09362498181810286,0.32403269304135646,0.20882883742972966,1.0661334393898076
new_preds,OFT-0010-00,fast,5.169350383446414,1045,1.4189550429552096,0.6236940637906824,0.4395446260874734,0.43669892899019913,0.4625633058003744,0.2556482151221449,0.9025836520682599,0.10462626292982279,0.5873950930812698,0.3460106780055463,0.7388448720592579
new_preds,OFT-0010-01,slow,3.093756885069224,1046,1.6821476366420667,0.6103820792728368,0.36285880381539665,0.38700103859774954,0.3937992132475768,0.3113831698922847,0.8413563683281561,0.14108138767552095,0.28137592709434506,0.21122865738493302,1.474152104867262
new_preds,OFT-0010-01,medium,3.832903832845738,1047,1.649403321433613,0.6055933066963558,0.3671590197660035,0.3680005407161089,0.39696330563229765,0.30012903084228026,0.8213680280042557,0.12726395001348104,0.3390922136691733,0.23317808184132716,1.2871236802029782
new_preds,OFT-0010-01,fast,4.85894195620401,1048,1.294411857446122,0.6040346657708019,0.4666479701156043,0.46498378229197623,0.48382130707250415,0.17050194518147818,0.9603127964152085,0.08550815779366672,0.718962328899663,0.4022352433466649,0.42388614126120155
new_preds,OFT-0010-02,fast,4.7402664321828665,1049,1.3443947052317722,0.5613239382335519,0.4175291200189458,0.42292567128443226,0.43550347229577163,0.15226637750057326,0.9138191315164886,0.08161807142156753,0.594310308744457,0.33796419008301226,0.4505399742593229
new_preds,OFT-0010-02,slow,3.1233683240803436,1050,1.3770900666269736,0.6437025552531436,0.4674367863460232,0.4406330642025249,0.48947000745941316,0.3970587107869437,0.7804682341765496,0.18674598923895896,0.5936070956352005,0.3901765424370798,1.017638600995532
new_preds,OFT-0010-02,medium,3.7440653058569144,1051,1.3229976516176682,0.405835700671438,0.3067546644358822,0.31742278420459824,0.31913979396532677,0.04811294293547902,0.7436065386149153,0.03919902627295589,0.4456406680379566,0.24241984715545625,0.19846948795667582
new_preds,OFT-0011-00,medium,4.206560080158138,1052,1.6545497777233533,0.6147936988178538,0.3715776382768035,0.38803637607688873,0.4019796458444348,0.32104405351413545,0.8696714154914603,0.09721228852132258,0.31999082585082034,0.20860155718607146,1.5390299950050992
new_preds,OFT-0011-00,fast,5.442276437625884,1053,1.4570222411092661,0.6210698905224843,0.4262597186228597,0.4296960918580668,0.45061099011031286,0.2876625795163631,0.8756078959881122,0.13287854065513544,0.5062949442816407,0.31958674246838803,0.90010798725425
new_preds,OFT-0011-00,slow,3.4552558320378246,1054,1.981556743655742,0.6853785138154416,0.34587882280423515,0.35368907919121617,0.38831628418063613,0.2565896189002906,0.9582447456747352,0.08000175964204607,0.25842901250547234,0.16921538607375922,1.5163492212726204
new_preds,OFT-0011-01,fast,4.919334532339163,1055,1.7385274146531695,0.6115628501921014,0.351770610596961,0.36304944162048136,0.38424464054635354,0.25168777239470164,0.897591377980575,0.09835427254978882,0.28934513926034855,0.19384970590506867,1.2983655106392433
new_preds,OFT-0011-01,slow,3.281196514504739,1056,1.5993649288052112,0.7376595725553065,0.46122030017650023,0.44541806320912714,0.4957752092238509,0.4867232103404403,0.8696578463632398,0.19808407173121317,0.42863570846051047,0.31335989009586185,1.553240302042306
new_preds,OFT-0011-01,medium,4.004290134823586,1057,2.049198577871403,0.6291177337780773,0.3070067198814724,0.3090716613463306,0.347270596618548,0.20716084353406145,0.8694587203058275,0.08588908024272997,0.22657374239157288,0.15623141131715143,1.3259871480871586
new_preds,OFT-0011-02,fast,4.5805242636828964,1058,1.5553290540186686,0.49980067819684765,0.321347226752731,0.3293434014311366,0.3436539081832456,0.11857123860851285,0.8365101129792407,0.0535650248695003,0.36596925627572857,0.20976714057261445,0.5652517276292252
new_preds,OFT-0011-02,medium,3.843492722266322,1059,1.5753567822306698,0.5215448685384675,0.3310646035369662,0.3487844408815327,0.354874636662154,0.13454149476715843,0.8717902882541687,0.08689785198084013,0.32626891164644867,0.20658338181364438,0.65126968871352
new_preds,OFT-0011-02,slow,3.0061611885066615,1060,1.4463826209935975,0.5140915361909797,0.3554326004261741,0.320344563718612,0.37526496739677473,0.5527647512037244,0.34858162544132687,0.2754272507929341,0.3242862421491136,0.2998567464710239,1.8434294299165945
new_preds,OFT-0012-00,fast,4.793073549128975,1061,2.045109245520557,0.5424612377168616,0.26524804917146855,0.2716169805531642,0.29989969773964265,0.2137864441455966,0.7677353722158036,0.04011663687267861,0.17796033772449166,0.10903848729858513,1.9606512291405447
new_preds,OFT-0012-00,medium,3.8213633641999927,1062,1.7100350559017983,0.5916524467429665,0.34598848994411674,0.3456481511526872,0.3766964845439729,0.24647805047199806,0.8219859709471454,0.08206654811200217,0.35625536864474605,0.21916095837837413,1.1246439707863565
new_preds,OFT-0012-00,slow,3.1196685334747802,1063,1.7326298946628251,0.5845651459234552,0.3373860440271425,0.34742199450881356,0.3682834317641816,0.19993558411986292,0.9150435407473938,0.06874129062453646,0.28941331156493333,0.1790773010947349,1.1164764205045374
new_preds,OFT-0013-00,slow,3.045821747768325,1064,1.7155143301799385,0.5109495895824702,0.2978404671961424,0.3120453977718364,0.3244791074944334,0.20476162504003273,0.7518991179620655,0.11223121334337655,0.22902447363225859,0.17062784348781757,1.2000481331445312
new_preds,OFT-0013-00,fast,4.559310232054689,1065,1.743592690339431,0.5119232084828252,0.2936025204276163,0.30105623937803094,0.3208926064345174,0.14544327850401761,0.8017192497524852,0.06335205924927852,0.2730558382322882,0.16820394874078334,0.8646840909077476
new_preds,OFT-0013-00,medium,3.681880028127306,1066,1.4698846669241898,0.5824729829424801,0.3962712150480045,0.4129448386731589,0.4195464360348139,0.20942793467944068,0.9305781580345556,0.07062027243071875,0.4675593789945405,0.2690898257126296,0.7782826204031068
new_preds,OFT-0014-00,slow,3.242315863344689,1067,1.9714389838010358,0.6465791086382805,0.3279731779431706,0.3295390357116025,0.36779891928005937,0.24155978823230334,0.8848306026868651,0.07965893410446992,0.2651463520965989,0.17240264310053444,1.4011373833256187
new_preds,OFT-0014-00,fast,4.8984455238304525,1068,1.8781399744966898,0.643235454190808,0.34248536473602526,0.3390054685654512,0.3800791259178731,0.28614114366431354,0.8327335615645871,0.08282742067933331,0.3186143777632585,0.2007208992212959,1.4255672666593693
new_preds,OFT-0014-00,medium,3.9221714897169266,1069,1.8117678159081751,0.5873826397819689,0.32420414725577557,0.3248728829303178,0.35710145882154987,0.24151963398281903,0.8337442109934894,0.08110356586799809,0.2720384244418927,0.1765709951549454,1.367832999813359
new_preds,OFT-0015-00,slow,3.3204733062469027,1070,1.767475871986336,0.5669672854408748,0.32077794917998065,0.33192506260103743,0.35155161621259245,0.15658340897030187,0.8823603717132049,0.06728987825866171,0.2999728059082013,0.18363134208343151,0.8527052473382206
new_preds,OFT-0015-00,fast,4.839203986548871,1071,1.884987127347752,0.6061163562601867,0.32154933445779826,0.33401833401668024,0.357120212183097,0.23163349407715925,0.8958960744923841,0.07539905804326834,0.22555222211957585,0.15047564008142209,1.5393421417036193
new_preds,OFT-0015-00,medium,4.001396931158731,1072,1.7376264824460725,0.580087473817497,0.3338389922562084,0.345945566087683,0.3646200524513696,0.22424756298085874,0.8664982881459575,0.06845546988880226,0.29927888878985953,0.1838671793393309,1.2196171376894023
new_preds,OFT-0016-00,medium,4.092745141733554,1073,1.5800592484613067,0.6406511340628132,0.40546019694305263,0.4049975058346477,0.43485906408302266,0.2775506383344921,0.8895438351697947,0.11317345892641781,0.45916832390138623,0.286170891413902,0.9698772539833829
new_preds,OFT-0016-00,fast,5.072823022469021,1074,1.3551835884314418,0.5607077558544453,0.413750403001439,0.41618850588944467,0.4321200721080649,0.16034925948420975,0.9187636179305151,0.09021742278144075,0.5591499882360941,0.3246837055087674,0.4938629711427876
new_preds,OFT-0016-00,slow,3.327591143921832,1075,1.3797792639088189,0.6895437886449203,0.4997493488135853,0.4899824420562222,0.5234736537925022,0.3803138235147005,0.8549309289238514,0.13986905247541767,0.718780810256039,0.42932493136572836,0.885841458833713
new_preds,OFT-0017-00,medium,3.6398298550786716,1076,1.5924814382111134,0.6401285632644724,0.4019692461744168,0.4198498523894694,0.4317391608106738,0.24922628025032378,0.9539245000418788,0.1887482457213581,0.33505761722913496,0.2619029314752465,0.951597902499534
new_preds,OFT-0017-00,fast,4.435558279506783,1077,1.5130044357840968,0.5786306675376081,0.38243818316219247,0.3975023178275494,0.4069622437091194,0.182500857359962,0.9428416594881444,0.09342232672405291,0.4090841312643183,0.2512532289941856,0.7263622365791977
new_preds,OFT-0017-00,slow,3.06253421816333,1078,1.3639088094831322,0.5997437155179338,0.4397242039555512,0.4452906842831377,0.45972664290084897,0.24296521513183747,0.9020394484342461,0.1254545022556017,0.5684474057817103,0.346950954018656,0.7002869204353677
new_preds,OFT-0018-00,slow,3.505394876558337,1079,1.6253912471409384,0.6332018283000613,0.3895688680579908,0.3662952226161186,0.42002298808824956,0.3366118213952316,0.7503719449779463,0.21365115387805195,0.3794570321017685,0.2965540929899102,1.1350773074869829
new_preds,OFT-0018-00,medium,4.3297223786972125,1080,1.7621892580114376,0.6644172332751657,0.377040791875519,0.39000256645359477,0.4129628470504748,0.32500051294204213,0.877526232916243,0.11613715526202391,0.3331874870815904,0.22466232117180715,1.446617800648035
new_preds,OFT-0018-00,fast,5.367293710688901,1081,1.8185867865606462,0.6667989458663014,0.3666577535886352,0.37180372376663473,0.40417540262334367,0.23853436046220738,0.9703933698013263,0.053871860945601785,0.3539020192842392,0.20388694011492048,1.1699344760765842
new_preds,OFT-0019-00,fast,4.700952640061099,1082,1.481672513912655,0.5489155250044762,0.37047020839642497,0.37589290788021135,0.39277587297243133,0.2506892153492516,0.799857756776839,0.11356598643639496,0.4069905333272399,0.2602782598818174,0.9631584883926924
new_preds,OFT-0019-00,medium,3.72819623263836,1083,1.8877422619271078,0.554938491096374,0.29396941642333274,0.3029519743736355,0.32659055075746296,0.1791050470607255,0.8571831518926041,0.05620932247921331,0.21386468159730893,0.1350370020382611,1.3263405167272466
new_preds,OFT-0019-00,slow,3.1295539413893123,1084,1.916569357962835,0.557136113455756,0.29069446985625846,0.30909109063301665,0.3239996753061958,0.16181008539518751,0.8748609968755425,0.05366819842817539,0.20565942052587743,0.1296638094770264,1.2479201871965417
new_preds,OFT-0020-00,fast,5.041835692512438,1085,1.2869487968814743,0.5851409014034392,0.45467302414932803,0.45474097227267407,0.4709815088060919,0.24676649857269978,0.8615808557938711,0.08846717571259416,0.6871115051452029,0.38778934042889857,0.6363416237789666
new_preds,OFT-0020-00,medium,4.150284970518703,1086,1.757300944319801,0.5252491523118026,0.29889539068967547,0.3018918952255801,0.32718961089244125,0.1919407707261245,0.7409882401890195,0.11205280449200977,0.2637766281626114,0.18791471632731058,1.0214249020912303
new_preds,OFT-0020-00,slow,3.2841853252871864,1087,1.7415886827892848,0.5513611517889153,0.31658517148025395,0.3322957656063835,0.34593216901883667,0.20812724850144743,0.8170511789917596,0.10457017725771865,0.25398007132442096,0.17927512429106982,1.1609376890657372
new_preds,OFT-0021-00,fast,4.998511082961426,1088,1.5296038947854869,0.6485554993810572,0.4240022541731376,0.43854589582949477,0.45207140982412775,0.29488400868810755,0.9325968895767519,0.07502639663719049,0.5057783443944607,0.29040237051582557,1.0154325123597356
new_preds,OFT-0021-00,medium,4.012751371060019,1089,1.7989222432371732,0.6645754188226711,0.3694297634714678,0.38422119693558987,0.40632297039036835,0.2937855425674031,0.9274913748700193,0.09032087893481114,0.31369408518923986,0.2020074820620255,1.4543300058420485
new_preds,OFT-0021-00,slow,3.1904330555957765,1090,1.5452100882355184,0.5956988370265045,0.3855131684434803,0.39609956686619174,0.41178637701635823,0.30871573980146655,0.8349946746474175,0.13672678819617998,0.3667083054203686,0.2517175468082743,1.2264371066535384
new_preds,OFT-0022-00,fast,5.387300572972826,1091,1.7023857393206356,0.5535634962162969,0.3251692512633507,0.3401311233594823,0.35371853188246904,0.18625114463585618,0.8644748571929683,0.08871638435136124,0.2754317413496907,0.18207406285052596,1.022941662969093
new_preds,OFT-0022-00,medium,4.267420084280021,1092,1.625065838963188,0.5770378587768689,0.3550858340269008,0.36359919483809033,0.38282983712064683,0.17549816111924701,0.9152430919511777,0.10109685707606321,0.33948123833609944,0.22028904770608132,0.7966722038464839
new_preds,OFT-0022-00,slow,3.3511641702687434,1093,2.373051980358524,0.7446557012945368,0.3137966245400294,0.3063179443886451,0.3676540091343427,0.33437447229587713,0.9010983144301772,0.08609035331711228,0.1490528964942042,0.11757162490565823,2.8440065582506473
new_preds,OFT-0023-00,fast,4.611886281883903,1094,1.892403848319425,0.581438044004711,0.30724839442757684,0.32069445717488615,0.34152210062471866,0.24928811366246584,0.8136037304620313,0.046637047267795974,0.2565595111065816,0.1515982791871888,1.644399362572267
new_preds,OFT-0023-00,slow,3.2670793632023374,1095,1.59601729283215,0.597534445631094,0.3743909594931535,0.3733636417547921,0.4022838952603959,0.22078222125037783,0.8726408423791143,0.1471192886367068,0.36859322877538475,0.2578562587060458,0.8562220764323891
new_preds,OFT-0023-00,medium,3.8781424670874105,1096,1.322877034834318,0.6337404199130332,0.47906222817784816,0.48657510227916206,0.4983970021447463,0.28097986419356746,0.8881586554798276,0.11086357457452728,0.713585914331063,0.4122247444527951,0.6816181414984009
new_preds,OFT-0024-00,fast,4.986332189763434,1097,1.6371095031995722,0.5429383152869854,0.3316444710789749,0.3414609276379735,0.3580562016049762,0.18507687783062884,0.8439900350471935,0.09152510294582739,0.3116327905962548,0.2015789467710411,0.9181359501835489
new_preds,OFT-0024-00,medium,3.964686870104485,1098,1.5854610218043375,0.6932379833878336,0.4372469419644846,0.44628494872364516,0.46924582214240307,0.33495863766135536,0.9575148778435866,0.11341000289671582,0.4710997701679549,0.29225488653233533,1.1461181766221564
new_preds,OFT-0024-00,slow,3.1718464713345096,1099,1.8087090758652773,0.5960912163576997,0.329567216923779,0.34148565134458214,0.3628827168530191,0.22799859614786694,0.8927806825997247,0.11570776011079567,0.21504382855368895,0.1653757943322423,1.3786696963028007
new_preds,OFT-0025-00,fast,5.593627936535201,1100,1.8777319520972524,0.6413809658164529,0.341572163747914,0.3481027015269381,0.3790482640064812,0.24336276415358454,0.9024553228301941,0.08807629514661759,0.2822986738955289,0.18518748452107323,1.314142609490931
new_preds,OFT-0025-00,slow,3.4231215253203486,1101,1.6749517021233653,0.5757289895893081,0.34372871101862007,0.3716977963672119,0.37272874583995613,0.23171345765204698,0.8942385010177535,0.10135346169433194,0.2636095629956921,0.18248151234501203,1.2697914143431346
new_preds,OFT-0025-00,medium,4.452530207898154,1102,1.6733666880888178,0.6364455378067562,0.3803383575979106,0.39052876354004185,0.4123517551240161,0.35371084048736195,0.7687050012490155,0.16139101734060032,0.36560016141908697,0.26349558937984363,1.3423786004154628
new_preds,OFT-0026-00,medium,4.378382052960464,1103,1.3596355529435937,0.6314091998683008,0.4643959173480775,0.46293294563748355,0.4852725776631053,0.2595004958878579,0.9155268503654752,0.11559053621887519,0.6504724281802127,0.3830314821995439,0.6774912975760792
new_preds,OFT-0026-00,slow,3.3686771494527084,1104,1.7807659564684408,0.5906038650332182,0.33165720789299297,0.3474017894785427,0.36402554003552123,0.14990134408403477,0.9677234190426238,0.03379757448308516,0.30467982253234094,0.16923869850771306,0.8857391684396758
new_preds,OFT-0026-00,fast,5.412537624322418,1105,1.370769583895495,0.5907532524002648,0.4309646634567453,0.42545618524775614,0.4509382370746854,0.24622983194234033,0.8364352251896661,0.12204111767882612,0.5990467734879092,0.36054394558336766,0.6829398606151472
new_preds,OFT-0027-00,medium,3.8400465076320396,1106,1.9992814881079546,0.5721613389719789,0.2861834826037683,0.30738303196307104,0.3219307146497945,0.14382313724383072,0.9393794213155848,0.048266989538417404,0.1562533105013455,0.10226015001988145,1.4064436363125674
new_preds,OFT-0027-00,fast,4.6038873866834065,1107,1.6987844023929912,0.5112478032602528,0.30094919787354063,0.3042317843469754,0.3272365235468796,0.15900711012440202,0.7878942270256913,0.05434113586873996,0.307703621168685,0.18102237851871247,0.8783837193254275
new_preds,OFT-0027-00,slow,3.2233790100499893,1108,1.4740484951466142,0.571716576361153,0.38785465895020504,0.38252587165039015,0.4108373986265737,0.24066648976147442,0.7612450014705525,0.13599445777097047,0.5054436455032973,0.3207190516371339,0.750396612028424
new_preds,OFT-0028-00,fast,4.67200910356929,1109,1.641712292465305,0.5657996219617656,0.3446399375569778,0.34694442296319117,0.37228489810757615,0.20782256806035165,0.8259066610329173,0.11799286076081301,0.3374175025762225,0.22770518166851775,0.9126826475248585
new_preds,OFT-0028-00,medium,3.741763238059976,1110,1.5274704330207898,0.6410021989549083,0.419649497036244,0.43880478620750596,0.4473185847760772,0.34104474564469833,0.9070421838026238,0.1376301906641556,0.40355721899283137,0.2705937048284935,1.2603572794158602
new_preds,OFT-0028-00,slow,3.047750947078304,1111,1.4265768095575135,0.6990146392019487,0.48999439393576333,0.5095169826170406,0.5161219245940365,0.3757720916689904,0.8993900364734648,0.22023922769948798,0.569086342534203,0.3946627851168455,0.9521345965207684
new_preds,OFT-0029-00,medium,4.056614496496031,1112,2.23508629930545,0.6286714660196956,0.2812739115331047,0.2634232032007412,0.3246986058439285,0.30829337219671643,0.7001328684558856,0.09006633531515043,0.20030184740796148,0.14518409136155597,2.1234652454377034
new_preds,OFT-0029-00,fast,5.058184914101545,1113,1.7296412846107865,0.5827674295832546,0.3369296482272578,0.3485188433590082,0.3676593708967574,0.27904058231158707,0.7828065721206261,0.11506005489776498,0.2937302742570516,0.2043951645774083,1.365201485507301
new_preds,OFT-0029-00,slow,3.3445958833621887,1114,1.9345297273786994,0.610589964865389,0.31562707784942773,0.33722567936609427,0.35249743872642303,0.30151525673477536,0.8613246276716827,0.0807043043629758,0.1664455661362582,0.12357493524961699,2.4399386180193035
new_preds,OFT-0030-00,slow,3.4004206953476372,1115,1.5432147721032354,0.5903669917231509,0.3825565970435497,0.37810467270410014,0.40853289637849977,0.23647901576874453,0.8442256659682312,0.11634056286373425,0.43708634091328863,0.27671345188851143,0.8545989150683666
new_preds,OFT-0030-00,medium,4.143958383820555,1116,1.939840426139006,0.6999935448960831,0.36085109654577463,0.34673373003057256,0.4032439025895634,0.3194202377284102,0.8327217593798875,0.152345011873903,0.30848860137605244,0.2304168066249777,1.3862714374316145
new_preds,OFT-0030-00,fast,5.080427120006388,1117,1.6178590401018682,0.6090636485221754,0.37646274083545983,0.38290999653905045,0.4055378542962993,0.2875471379112833,0.8272023164799518,0.13216772857919712,0.37523423421476476,0.25370098139698094,1.1334096396786943
new_preds,OFT-0031-00,fast,4.638087908364266,1118,1.4745059292425515,0.6075356567339929,0.4120265945936764,0.42520232927359136,0.4364652273612162,0.27794454341818803,0.8938224650898821,0.11136527512713522,0.4627286258096595,0.28704695046839734,0.9682894835309827
new_preds,OFT-0031-00,slow,3.073533351564154,1119,2.015823247206829,0.7835965787074248,0.3887228603962149,0.38628790044622546,0.43808207518511616,0.41193546466767067,0.9067623715520674,0.11636390861405393,0.31726655590667263,0.21681523226036328,1.8999378428033904
new_preds,OFT-0031-00,medium,3.7154578753325054,1120,1.7805346029696723,0.6093012774670874,0.3422013121513402,0.3411450142466123,0.3755888078158087,0.20652210625930925,0.9054073221331204,0.11744058477435773,0.27298521809644744,0.1952129014354026,1.0579326711541601
new_preds,OFT-0032-00,fast,4.881890727580699,1121,1.8919874329291382,0.7634783623061211,0.40353247015183324,0.38906570211821934,0.4485257066711191,0.3196166226138323,0.9592870862670247,0.11659014134681268,0.3986089764568069,0.2575995589018098,1.2407498831768642
new_preds,OFT-0032-00,slow,3.2485969123049627,1122,1.911587426974284,0.5514277883350618,0.2884659004102562,0.2916107113050144,0.321336136400857,0.181575577363506,0.7999424203293071,0.05951453269840098,0.24431201521221402,0.1519132739553075,1.1952581406212408
new_preds,OFT-0032-00,medium,3.978760248879842,1123,2.052262103828413,0.5419819686520319,0.26409003393912805,0.26441310035498616,0.2988265257782411,0.2028194319538586,0.7636172855076999,0.07170781887010799,0.1571615667812978,0.1144346928257029,1.772359648509528
new_preds,OFT-0033-00,fast,4.888842804056819,1124,1.5290128004815369,0.6362643732549373,0.41612756482781343,0.42143024187046274,0.44364466588120394,0.2547886318606366,0.9119968585212096,0.11480678906193607,0.49298638408103335,0.3038965865714847,0.8384057048324345
new_preds,OFT-0033-00,slow,3.2862027750389062,1125,1.4702929803261167,0.5300684775149055,0.3605189473171084,0.3830404353464973,0.3817126385918331,0.2600119116798279,0.7780760246398752,0.10420084752084274,0.38456177052678653,0.24438130902381464,1.063959894144319
new_preds,OFT-0033-00,medium,3.9638968336846374,1126,1.7439981570620648,0.531976720308431,0.3050328454501338,0.32319903994658167,0.33340082980742103,0.22395387564403801,0.7835248522315078,0.0797650402625426,0.24635955109159566,0.16306229567706912,1.3734252588198528
new_preds,OFT-0034-00,fast,5.146134220935211,1127,1.7265236012852254,0.6068523806805293,0.35148803076238744,0.3538783166944939,0.38340857450215504,0.24924900966158975,0.8558781360995841,0.1159061053985666,0.3126010468488796,0.21425357612372312,1.1633365200759036
new_preds,OFT-0034-00,medium,4.058410634476875,1128,1.904096687320645,0.5663233294014821,0.29742361990996663,0.3180285933099866,0.33103608359640596,0.25580917307970197,0.8233048166381098,0.06480570232980185,0.18022464233801036,0.1225151723339061,2.0879795392403553
new_preds,OFT-0034-00,slow,3.318068997114788,1129,1.7216625208844087,0.7890441000778028,0.4583035818613715,0.42418814065018084,0.4996461466384254,0.4453749541869275,0.8871473693918471,0.1527208168954232,0.5133414460795039,0.33303113148746355,1.33733729996258
new_preds,OFT-0035-00,fast,5.618133382909081,1130,1.8341879036791573,0.6056159066043667,0.3301820415397872,0.3455628082013861,0.3646112746728597,0.20140892080291067,0.9248107907050616,0.06544458823301241,0.26678079895045403,0.16611269359173322,1.2124836245081152
new_preds,OFT-0035-00,slow,3.634454573388928,1131,2.5327460322727733,0.6730591658267475,0.26574285666643577,0.2482700174676456,0.31665739531147474,0.2775074483941447,0.7887573096717896,0.05557891612310693,0.14478590705685768,0.10018241158998231,2.7700216434188327
new_preds,OFT-0035-00,medium,4.568890911646324,1132,1.9077963727525273,0.5802646321528583,0.30415438483912466,0.31804179247471576,0.33866816575334113,0.22784084821763906,0.8517637728740572,0.10132022574332528,0.17374781617834323,0.13753402096083425,1.6566144625592063
new_preds,OFT-0036-00,fast,5.163463776467982,1133,1.7017352583685141,0.6161431172332553,0.36206755087390236,0.3699246553006608,0.39382699666882154,0.2268900512832258,0.863074867036451,0.09715697205024991,0.3881860963053596,0.24267153417780477,0.9349677210883091
new_preds,OFT-0036-00,medium,4.18382261300454,1134,1.576799886189376,0.6400762413755108,0.4059337186549218,0.41015542811465716,0.43520153399499545,0.3050241319161966,0.894271499226564,0.1309540484526527,0.41055645638456856,0.27075525241861065,1.1265677366975078
new_preds,OFT-0036-00,slow,3.3963968689585107,1135,1.7376936762526947,0.6014866533379518,0.3461407850864987,0.37149842469049593,0.37805901861793045,0.2830409906356205,0.8965897754345284,0.11175527980430904,0.22085002859726383,0.16630265420078644,1.7019631586510302
new_preds,OFT-0037-00,fast,5.086995521674784,1136,1.6085172123303295,0.5963065206929278,0.3707181471990793,0.37626332864991463,0.3989166938858104,0.2842380840814393,0.7982295673262723,0.11600004702320713,0.39719907711232255,0.25659956206776485,1.1077107138880287
new_preds,OFT-0037-00,slow,3.3644262561133647,1137,1.740802575918422,0.7067526777863923,0.405992435651998,0.3992768045605484,0.44358746591879716,0.3633534304708469,0.8804578231998805,0.21761042531555924,0.312928184688902,0.2652693050022306,1.369753015592179
new_preds,OFT-0037-00,medium,4.089280393119954,1138,1.7105368625022872,0.5940478892917869,0.347287393983883,0.35159414410846057,0.37813245589737093,0.2779135829703705,0.8326005773440808,0.11614196659715897,0.2858736966778733,0.20100783163751615,1.3826007708572319
new_preds,OFT-0038-00,fast,5.10914922785743,1139,1.7205274064354508,0.6976878846142062,0.4055081494224262,0.4112653047884345,0.4420306163213988,0.3157152971500793,0.9459925801073883,0.07705600342116357,0.42935858460696363,0.2532072940140636,1.246864938782308
new_preds,OFT-0038-00,slow,3.501956895167162,1140,1.5184236084364022,0.5627905727856249,0.3706413478154222,0.3909572574275721,0.3946600009366976,0.32861195901603313,0.772995566020864,0.14071298194700535,0.33631949676288825,0.2385162393549468,1.3777341111227683
new_preds,OFT-0038-00,medium,4.257316990239946,1141,1.7287005570327578,0.601714607847584,0.34807335799116185,0.3741818304379819,0.3797785142232145,0.2784945131089932,0.8663299169994416,0.09487645531214428,0.279413171472279,0.18714481339221165,1.4881230639576102
new_preds,OFT-0039-00,slow,3.2028874786777477,1142,1.649445968133636,0.6463538415933556,0.3918611788931233,0.38556943008863576,0.4236727617306523,0.3013787346964623,0.8846424284837497,0.19724806587947935,0.3114218178629174,0.2543349418711984,1.1849678714185017
new_preds,OFT-0039-00,medium,3.8381980571989724,1143,1.7617541442509652,0.48421671632138025,0.2748491995330324,0.2899655304879857,0.3010201391315758,0.20758308848005272,0.7166442045885378,0.06072576919389236,0.2191274942638207,0.13992663172885653,1.4835137951601507
new_preds,OFT-0039-00,fast,4.705942852450187,1144,1.51734425674644,0.5186604589922529,0.3418212160399175,0.34741136434858993,0.3639261214089592,0.1574173115524624,0.8208406079373679,0.06035025087267036,0.41709631527333646,0.23872328307300342,0.659413315392127
new_preds,OFT-0040-00,fast,4.8718682740163715,1145,1.5612668676171597,0.5112866594555139,0.3274819123240929,0.3463938881522125,0.3504575057155206,0.2925632485724679,0.7182821900107714,0.10254390160678137,0.28844068267206124,0.19549229213942132,1.496546208398935
new_preds,OFT-0040-00,medium,3.986931060357567,1146,1.5700940792773492,0.5386228387722943,0.34305131512896386,0.3614215600592447,0.36749775558438025,0.2309141042376367,0.8050592365201403,0.09733880534718706,0.33667887623255666,0.21700884078987187,1.064076944502133
new_preds,OFT-0040-00,slow,3.2487555286081418,1147,1.7334972366248456,0.890398804847261,0.5136430483044124,0.5261955429109582,0.5607375178722684,0.7157114049919104,0.877204501211246,0.3510760627290711,0.298958102556846,0.3250170826429586,2.202073193113181
new_preds,OFT-0041-00,fast,5.194921727643841,1148,1.4229451005369878,0.6389821269338775,0.4490560645612679,0.45015785493378563,0.47279682235784404,0.2641413952845138,0.8849942749206201,0.12420476094664999,0.6178468582795925,0.37102580961312126,0.7119218890996862
new_preds,OFT-0041-00,slow,3.2575771583489677,1149,1.5023097818032503,0.6602139562727107,0.4394659239189961,0.44258261977202223,0.46705942796321037,0.4633867159796644,0.7816334805533313,0.188418632813552,0.43479888250629384,0.3116087576599229,1.4870786028593772
new_preds,OFT-0041-00,medium,3.9828350858439787,1150,1.6621694177305935,0.6799733844697564,0.4090878927360745,0.4173154747475162,0.44294857920278463,0.37758803238823063,0.8465840427442577,0.1248927133396372,0.4227295283390133,0.27381112083932524,1.3790091185149582
new_preds,OFT-0042-00,fast,5.354188468533836,1151,1.6837629169348711,0.5917596523387111,0.35145069794977596,0.3583264850765935,0.38148931724839275,0.1508792945883367,0.9487839488367323,0.07183222117041217,0.35446180439809005,0.2131470127842511,0.7078649267351346
new_preds,OFT-0042-00,slow,3.3846261189882267,1152,1.8884177138858607,0.5394615874029547,0.28566856974291266,0.28530888280250777,0.31739269695041805,0.21574158508631694,0.7596651533940376,0.08622635188256285,0.20793769743875498,0.14708202466065892,1.4668113631428876
new_preds,OFT-0042-00,medium,4.312159249207184,1153,1.7703236550059176,0.5551375393437572,0.31357968797061664,0.32271099071095777,0.34377441939225917,0.14416497511049683,0.8997086170494856,0.07393893328416523,0.25728515212488895,0.1656120427045271,0.8704981398466624
new_preds,OFT-0043-00,medium,3.8118662314499963,1154,1.5816579222466864,0.6506376416506793,0.4113643237890989,0.41336340447927744,0.44127348852179626,0.2427902515188009,0.9736713734579843,0.10507492105814939,0.4435574080522505,0.27431616455519997,0.8850745340234765
new_preds,OFT-0043-00,fast,4.543481748484839,1155,1.8218061270768648,0.5796183405806805,0.31815588495725017,0.3162151954254377,0.350838691910179,0.20037321141919268,0.8373277463434334,0.08311198788592401,0.28254182199216604,0.18282690493904502,1.0959722338788027
new_preds,OFT-0043-00,slow,3.2194825018509703,1156,1.7053968834948356,0.6195058369634744,0.36326197318593284,0.35969761682144785,0.3952924561581257,0.3013289591072126,0.8232024744657578,0.1420205464386778,0.3146178446208547,0.22831919552976626,1.3197705887498536
new_preds,OFT-0044-00,fast,4.651224778336048,1157,1.8509311677661726,0.5807222106656162,0.31374597866136245,0.30727176858927835,0.34711800766189405,0.22581864654268344,0.8119473866531215,0.07407000697234271,0.27663599047942844,0.17535299872588558,1.2877946096358837
new_preds,OFT-0044-00,medium,3.9098806978916594,1158,1.5645187049725269,0.5217408177139685,0.3334832725589755,0.33807348425244416,0.3570154657033495,0.1954803915117629,0.7523924847349894,0.0943473369974997,0.38584164956914657,0.24009449328332313,0.8141810702883826
new_preds,OFT-0044-00,slow,3.2656246351983707,1159,1.6427831052022392,0.5453512088258338,0.3319678703164511,0.35492258788301473,0.35864078763012386,0.23918444691012403,0.8334419473967805,0.14634517368258237,0.21559158253100877,0.18096837810679556,1.3216919409476786
new_preds,OFT-0045-00,fast,4.984902510685919,1160,1.837762218176429,0.5202607128121467,0.2830946831241258,0.29965708386461964,0.3127404368351283,0.14740990846269442,0.8326352643353733,0.07241875879244805,0.19849781574999772,0.1354582872712229,1.08823100773112
new_preds,OFT-0045-00,slow,3.3759219733576535,1161,1.4348156418419586,0.5212031054048906,0.3632544071904534,0.3668717734516152,0.3829979944672579,0.1904352827764894,0.786878746737801,0.09486034638441379,0.45981760197032745,0.27733897417737063,0.6866517168794948
new_preds,OFT-0045-00,medium,4.139706282732119,1162,1.7090361927304765,0.5585276033180008,0.3268085285108315,0.3403115297736129,0.3557734128617276,0.24344520233637781,0.8109139396616443,0.10647801202277168,0.2622564974261167,0.18436725472444418,1.320436227681709
new_preds,OFT-0046-00,fast,4.894204733786157,1163,1.7629020984409984,0.6069441652506826,0.34428693787784725,0.35709641775613465,0.37711909129945165,0.21322730161569128,0.8806643858536527,0.10361382441673114,0.3109708533117317,0.20729233886423143,1.0286308832443007
new_preds,OFT-0046-00,slow,3.2334447358728853,1164,1.564904248837035,0.5870598951048369,0.3751410960390151,0.38464146033175456,0.4016309459222428,0.1930179536111314,0.8563586443310991,0.10918790925832768,0.44795927648841327,0.27857359287337047,0.6928795784992815
new_preds,OFT-0046-00,medium,4.018007126244961,1165,1.7081600031275888,0.595505123854825,0.34862373709984623,0.3378813778238877,0.3794839104442186,0.2002322877217925,0.859656811712231,0.10692601970532217,0.3511205226375287,0.22902327117142543,0.8742879564056061
new_preds,OFT-0047-00,medium,4.550677437360221,1166,2.2714185269693217,0.6278197692442531,0.27639986281257123,0.25525345816769685,0.32032735111653143,0.3042916763295262,0.688204957811742,0.0980370433328858,0.19077572699197176,0.1444063851624288,2.107189900136742
new_preds,OFT-0047-00,fast,5.491070402310284,1167,2.2915398778303904,0.5388643041241395,0.23515379738201697,0.23689669333124003,0.27311761072478224,0.21601570498274572,0.7067838817871696,0.04904721563860897,0.1206236404906048,0.08483542806460688,2.5462912124193893
new_preds,OFT-0047-00,slow,3.694865804038475,1168,2.493700398840512,0.821980000588775,0.3296225965921842,0.28307994900380573,0.391167272091758,0.4708897994431883,0.806142393655428,0.13153104357838738,0.15610585169002836,0.14381844763420787,3.274196093680996
new_preds,OFT-0048-00,fast,5.23925540965603,1169,2.14996410151748,0.5837395223934309,0.2715112880170501,0.2637674471327995,0.3105398173140977,0.27012854466932096,0.7217371531301551,0.07623482368767043,0.17405874776924427,0.12514678572845733,2.1584936688301695
new_preds,OFT-0048-00,slow,3.356396194150045,1170,1.7459212501989825,0.6985269823622559,0.4000907728699933,0.3923069839012845,0.43739529905652597,0.28813243638306657,0.900701824678785,0.1497065627660186,0.41104037239823377,0.28037346758212617,1.0276736913369582
new_preds,OFT-0048-00,medium,4.215638490203019,1171,1.8066456388891161,0.661513031352875,0.36615538604439946,0.3906364160337188,0.40307509170795885,0.3568617937066879,0.9019953685531285,0.1361116860089188,0.21733151856310032,0.17672160228600955,2.0193444892443657
new_preds,OFT-0049-00,medium,4.251668050761065,1172,1.7953681086331237,0.6326337899555023,0.35236996074144844,0.34102623527441456,0.38740293939320514,0.2649764296501834,0.8390144344778718,0.14200191724857075,0.30361897619619477,0.22281044672238276,1.1892459871073218
new_preds,OFT-0049-00,fast,5.390666675083228,1173,1.6716864916437015,0.6300362599175692,0.37688661305032145,0.3858621458571522,0.4085303189087274,0.2596982150084394,0.8832150560498335,0.13146351521006075,0.35974448936657566,0.2456040022883182,1.057385924450758
new_preds,OFT-0049-00,slow,3.5520590059089696,1174,1.365951625432049,0.592240459847924,0.43357352399694166,0.44479420077636433,0.45340689097831444,0.37890712009341515,0.7870260338330229,0.16178065969694397,0.4859137502898758,0.3238472049934099,1.170018188364867
new_preds,OFT-0050-00,slow,3.449529987277275,1175,1.5692781014411474,0.6058434584187171,0.3860650689398778,0.3916972267220112,0.4135373676247327,0.2021362035813591,0.9101409256373209,0.12561230441848084,0.41626003686177,0.27093617064012543,0.7460657729965823
new_preds,OFT-0050-00,medium,4.360002623951224,1176,1.4198872784199126,0.6264385544359711,0.44118893376739604,0.44471444489205547,0.46434513635096797,0.29025321239008045,0.886494679555965,0.18097174686392123,0.49966090659390505,0.34031632672891315,0.8528924109517918
new_preds,OFT-0050-00,fast,5.565079232717914,1177,1.8306800689994827,0.6658102382002951,0.36369557383348733,0.37083156764281033,0.4014599068793381,0.34470417255668295,0.8731331156048899,0.12809394893026127,0.2599083904255184,0.19400116967788983,1.7768149188430828
new_preds,OFT-0051-00,fast,4.865655572872606,1178,1.5807646133912099,0.5748243626824078,0.3636369120442535,0.35914296732593975,0.39003534337402274,0.18707270586888053,0.8620596351651293,0.10203411216484953,0.40897492029723154,0.25550451623104053,0.7321698599633347
new_preds,OFT-0051-00,medium,3.920102111489807,1179,1.8078473500689274,0.5956471903824231,0.32947869761222537,0.335716637821463,0.3627497592085,0.247646251453901,0.8392342046081623,0.1381379647429023,0.22598061602903452,0.1820592903859684,1.3602505586443145
new_preds,OFT-0051-00,slow,3.2092202435492045,1180,1.6251529950343815,0.6346168789094224,0.3904966983714641,0.38999553845330287,0.4210117209387088,0.2941902238739602,0.846099837783507,0.14516018384158225,0.3985966382557857,0.27187841104868393,1.0820654083537402
new_preds,OFT-0052-00,medium,3.7988940818371755,1181,1.9754552398756555,0.6309539042696801,0.3193967099499533,0.33651079995038374,0.3583413592399191,0.2627269667837733,0.9159061657392191,0.08628765457460506,0.16844464986207913,0.1273661522183421,2.0627691282797325
new_preds,OFT-0052-00,fast,4.570532817590286,1182,1.8250569179368081,0.5466004815594023,0.2994977724734874,0.3116177217237198,0.3303856111092268,0.20059684459993155,0.7882753957432632,0.06647041023254932,0.266199793861163,0.16633510204685614,1.2059802298580606
new_preds,OFT-0052-00,slow,3.242067456188587,1183,2.053734134125502,0.5684606735047759,0.27679370180348656,0.28746025876260384,0.3132520732661477,0.23013809546872657,0.7581572894641484,0.08796527508788958,0.1767476330438263,0.13235645406585794,1.7387750154912311
new_preds,OFT-0053-00,fast,4.638879623753443,1184,1.8845006282372105,0.6766923850300837,0.35908313050713686,0.36527919708051426,0.39878428732250537,0.32801859915500986,0.9071258824947002,0.10973061124851827,0.2502620563917931,0.17999633382015567,1.82236266813496
new_preds,OFT-0053-00,slow,3.212442980604699,1185,1.7593244830463692,0.6713378516962724,0.38158842110456687,0.405740993564504,0.41780709992853016,0.37907399825923627,0.8902972330696503,0.14426270017184778,0.257594468213386,0.2009285841926169,1.886610607358101
new_preds,OFT-0053-00,medium,3.8960060791899234,1186,1.3798914670649143,0.6118144608732764,0.44337868265439084,0.4445411081636329,0.4644331549317515,0.28185789691660573,0.8516427210613023,0.14432569263809886,0.5799063091109993,0.3621160008745491,0.778363552662375
new_preds,OFT-0054-00,fast,5.163875757382147,1187,1.5445629348212304,0.5999083566168417,0.38840007298652146,0.3972589695282607,0.4148386084403114,0.249055987666766,0.908548477830054,0.13341596366802505,0.3683340045964001,0.25087498413221254,0.9927493908101738
new_preds,OFT-0054-00,slow,3.4133678849526556,1188,1.803217678691478,0.6545825566599568,0.3630080629727193,0.35457753761523403,0.39945487468362406,0.24540138537741935,0.8585909886609111,0.06918977475622921,0.42463734993993635,0.2469135623480828,0.9938756828248597
new_preds,OFT-0054-00,medium,4.235770468543533,1189,1.5631770229309034,0.606906285847874,0.38825179550678496,0.3818227337300424,0.41558360679942113,0.24937662337345612,0.8463385838645839,0.10647799186912175,0.4601412280905226,0.2833096099798222,0.8802264892857576
new_preds,OFT-0055-00,fast,5.286951910266246,1190,2.0671523301548724,0.5849233024677585,0.28296090904144233,0.27839079643642217,0.32070620821973195,0.2805750285392573,0.7399707747599358,0.07217660620188449,0.1901024233778503,0.1311395147898674,2.139515530378767
new_preds,OFT-0055-00,slow,3.499940370502526,1191,1.9284663757040221,0.7526848254273736,0.39030228108208115,0.3726284225483163,0.43560009912524267,0.4138013017070185,0.8738762000899499,0.17784791193119956,0.27687498277280315,0.22736144735200137,1.8200152511624834
new_preds,OFT-0055-00,medium,4.32123944210066,1192,2.2915835632253434,0.6016627052520785,0.26255324698055266,0.26005674420182,0.30494192926449337,0.2515568470630322,0.7535425642167959,0.058103744921862474,0.15656456085628315,0.1073341528890728,2.343679437457433
new_preds,OFT-0056-00,fast,5.596943501918089,1193,1.8781710647338998,0.5484014614225872,0.2919869609961673,0.29524540199354343,0.32403877354946986,0.16564915966850902,0.8177052335585694,0.06486113402594598,0.2479395669448551,0.15640035048540055,1.0591354760676948
new_preds,OFT-0056-00,slow,3.629539804871003,1194,1.6194226321937515,0.7601585548709484,0.46940097029593775,0.4543884377440265,0.5057456683678141,0.45618708235116295,0.8883675822581145,0.17585721196772783,0.5025707968942511,0.3392140044309895,1.3448356388362814
new_preds,OFT-0056-00,medium,4.460948397034902,1195,2.0098668672502495,0.682523641665816,0.3395864934076923,0.343284555062437,0.3824536369399578,0.27914423295172563,0.9290881630277734,0.10288497475010756,0.2186971770302246,0.16079107589016609,1.7360679465967674
new_preds,OFT-0057-00,medium,4.181492848550425,1196,1.6008891670608882,0.583455007375692,0.36445684022390595,0.3942654332771641,0.3918316111178792,0.24894746927758016,0.8954927416608391,0.09007929461249972,0.33280693892059793,0.2114431167665488,1.177373248581269
new_preds,OFT-0057-00,fast,5.348971880719056,1197,1.8123051419002325,0.588773560160322,0.3248755116056135,0.33562885014769955,0.357862767674952,0.19822068069767795,0.8951789893134936,0.04737224805942273,0.29067915262921373,0.16902570034431824,1.1727250962065965
new_preds,OFT-0057-00,slow,3.339380893643337,1198,1.573152820806703,0.5765948331538684,0.36652181881363194,0.37809575874240137,0.3927809456061615,0.2618602001743478,0.867862055352657,0.07652344804471685,0.36487807885292434,0.22070076344882059,1.1864943105875203
new_preds,OFT-0058-00,slow,3.4872252538615522,1199,1.6892851147420003,0.5242569710670193,0.3103425031641788,0.32735054042811973,0.337081811652034,0.11386044666558823,0.8881636902841694,0.06158988060200779,0.2847132290563702,0.17315155482918898,0.6575768076579479
new_preds,OFT-0058-00,fast,5.604763225463891,1200,1.3837127633211617,0.5736388980809874,0.414565011819469,0.4122354272669709,0.43444924760215897,0.18484795186608874,0.8801268371765942,0.1013897858302816,0.5714324155356711,0.33641110068297636,0.5494704291588876
new_preds,OFT-0058-00,medium,4.456165674220894,1201,1.4102800952471846,0.5962190723395939,0.4227664237401667,0.4171161674411912,0.44444800481509517,0.24235939860552347,0.8440572315383372,0.10355872606799807,0.5878166630485221,0.3456876945582601,0.701093508449077
new_preds,OFT-0059-00,fast,4.970638425146106,1202,1.9547226348682436,0.6347292884449094,0.32471578172915194,0.33746373458093837,0.36346747006862146,0.2660427890076748,0.8993272621124043,0.070501932018948,0.2179978971354589,0.14424991457720343,1.8443185203086347
new_preds,OFT-0059-00,medium,4.090372123856718,1203,1.671522986054604,0.514423223183123,0.3077571935743145,0.3202175255256,0.33359044727541554,0.22739643692236522,0.7360729755621175,0.10769921101353463,0.263193165603645,0.1854461883085898,1.226212514780668
new_preds,OFT-0059-00,slow,3.350938441577408,1204,1.8450589844659022,0.6685836524928386,0.36236437865772436,0.3664174856849135,0.4006417878871137,0.33165599994892353,0.8255431928853687,0.1437093998730597,0.30165855884110265,0.22268397935708117,1.4893572537479316
new_preds,OFT-0060-00,medium,4.432340861210304,1205,2.16222896129951,0.6870511453502652,0.31775133792368787,0.3119320330331785,0.3639138138520099,0.3309184592587323,0.8317125782622912,0.10312480486710131,0.1898994130199147,0.146512108943508,2.258642385567786
new_preds,OFT-0060-00,slow,3.5708110912365907,1206,2.1024792761142375,0.6931157801410949,0.3296659272771042,0.337498908983731,0.3750971588851031,0.34264580747902723,0.8694960859173175,0.10802669961275801,0.18022004253130927,0.14412337107203366,2.377447910982952
new_preds,OFT-0060-00,fast,5.514312422332764,1207,1.589764230897467,0.6975451891011981,0.43877272839848336,0.4362596112659214,0.4711192859863227,0.39402685974103946,0.8657684044642165,0.148876271039901,0.4758056087001341,0.31234093987001754,1.261528059386054
new_preds,OFT-0061-00,slow,3.5936619780550054,1208,1.8253533679072858,0.6017333476035224,0.32965307330787796,0.32434386484797983,0.3636631075948336,0.1950492082971236,0.8638315776912243,0.07302475827221654,0.32274688611876995,0.19788582219549325,0.9856654010535059
new_preds,OFT-0061-00,medium,4.559810972603178,1209,2.3724721951459933,0.7368301095228211,0.3105748134921679,0.30403514235596,0.36385672549599946,0.3032495509800649,0.8693897400435444,0.09664299241889987,0.1861446185414887,0.14139380548019428,2.144715958030725
new_preds,OFT-0061-00,fast,5.676846601161359,1210,2.0606761913210705,0.5890573812170031,0.2858563532193608,0.29704837264861816,0.323756481719066,0.25177989137257445,0.8277145622300216,0.06492163528406358,0.15060983798960445,0.10776573663683402,2.3363631078870832
new_preds,OFT-0062-00,medium,4.356445195581364,1211,1.8509937481977374,0.5713700429150246,0.3086828593945021,0.32993278598534515,0.3415187573345675,0.24041535911952314,0.8285168539830698,0.1023131417581013,0.19482967447757582,0.14857140811783856,1.6181805245383356
new_preds,OFT-0062-00,fast,5.810486783884311,1212,1.617233603260152,0.6149449915491353,0.38024500004790823,0.3947058822179736,0.40958249898556154,0.2687079967528766,0.8965600261637936,0.10694997723784948,0.3661119957877266,0.23653098651278803,1.136037187830986
new_preds,OFT-0062-00,slow,3.4876008067014874,1213,1.4924225469070957,0.5223729243999041,0.35001677338798753,0.34229361249502854,0.3715612922644771,0.20701831996194092,0.7499721220776518,0.1499767415403805,0.3792779854779348,0.2646273635091576,0.7823012602201167
new_preds,OFT-0063-00,slow,3.6591747387347584,1214,1.4871066047725419,0.5938377671464579,0.39932427523397857,0.3924192724298228,0.42363846172303843,0.29658478335598937,0.821358436325407,0.1319830707841561,0.4446275564266015,0.2883053136053788,1.0287177147277389
new_preds,OFT-0063-00,medium,4.766027805151208,1215,1.7840313911141867,0.5574868172840824,0.31248711208826513,0.3372781776309106,0.34311207523774234,0.27527845699166503,0.8159210727460251,0.07272766795590796,0.2085211032573712,0.1406243856066396,1.957544246711843
new_preds,OFT-0063-00,fast,6.169903031401799,1216,1.9583134228390144,0.6144444862042817,0.3137620766105492,0.3222849064712869,0.3513473778097659,0.24506245836377782,0.8420466764770225,0.08350149171637264,0.2347788846818905,0.15914018819913156,1.5399155998051983
new_preds,OFT-0064-00,fast,4.844620609416925,1217,1.4838676663904524,0.6340255760044606,0.4272790561888478,0.4376348794523056,0.45312237116579945,0.2209655589741713,0.9737125849717149,0.10514936964327984,0.5126619710740318,0.3089056703586558,0.715317264061934
new_preds,OFT-0064-00,medium,3.875333907152764,1218,1.9034596094456144,0.7240321675720174,0.38037695361599655,0.38966710993618553,0.42333385536049906,0.35021967005738563,0.9368852219368691,0.11209255865583806,0.29413797079190335,0.2031152647238707,1.7242410142511893
new_preds,OFT-0064-00,slow,3.097141790312539,1219,1.8265096980359927,0.6697801830923522,0.3666994945674544,0.36083653415268785,0.40458458063306646,0.2724619159770212,0.9381570997251357,0.12101270279710534,0.2867066040330038,0.20385965341505458,1.3365171156368723
new_preds,OFT-0065-00,fast,5.585441928191219,1220,1.9553828780320635,0.5569548444857513,0.2848316054839765,0.2977678754215979,0.3188470103591985,0.14243953099026116,0.8834809987396676,0.0456204823192374,0.20384702938762753,0.12473375585343247,1.1419485448480662
new_preds,OFT-0065-00,medium,4.369914695807914,1221,1.7942385779243313,0.6514507942207186,0.3630792483429661,0.3721886900429628,0.39912569157768507,0.2751548003711375,0.9164238821342453,0.11649292086220839,0.28843116294314897,0.2024620419026787,1.359043886870416
new_preds,OFT-0065-00,slow,3.4312801614501014,1222,1.8899245084460141,0.5796238794041936,0.30669155133650705,0.3213469695342929,0.340808092344968,0.26529038020525786,0.8188316674170969,0.09131448896579211,0.18779583279172518,0.13955516087875863,1.9009714763306693
new_preds,OFT-0066-00,medium,4.476294265803095,1223,1.9573458324101247,0.775461454010585,0.39618009304760493,0.3826475738781763,0.44359026316797745,0.5043979323799318,0.7920905716244508,0.2153163298968951,0.26255621877063184,0.23893627433376347,2.11101446938673
new_preds,OFT-0066-00,fast,5.3191336192273395,1224,1.8695436219443802,0.6252579756290143,0.3344441757281532,0.34254524706830713,0.3707959007157609,0.23321458452332533,0.8803961826840698,0.08805376475455594,0.2815190709010924,0.18478641782782418,1.262076440816253
new_preds,OFT-0066-00,slow,3.6439739874633825,1225,2.1489510464718258,0.7279497249945641,0.3387465369161019,0.3301266396071202,0.3873969354259098,0.3370891517840934,0.8972489820062356,0.08927896663297184,0.22597064128033859,0.1576248039566552,2.138553979593139
new_preds,OFT-0067-00,medium,3.9154178877339314,1226,2.0280696574155757,0.620491474319197,0.3059517566620006,0.32176631916151555,0.3452692213691503,0.2959597725790535,0.8450859631323543,0.07399299629062489,0.16603815347456832,0.1200155748825966,2.4660113728453292
new_preds,OFT-0067-00,fast,4.762785027249174,1227,1.9131715276488939,0.5637388916138791,0.29466197017193785,0.3032541380886653,0.32829658535218037,0.21708834893151188,0.8049601845660705,0.10285800416372756,0.18827980374741146,0.1455689039555695,1.491309909139465
new_preds,OFT-0067-00,slow,3.1955492213203707,1228,1.8275437857651224,0.6261222413721662,0.34260314102955014,0.33247912389553924,0.37804302857237704,0.3553552227137193,0.7286656626429229,0.18111145912937981,0.2470397698034863,0.21407561446643306,1.6599518987691089
new_preds,OFT-0068-00,fast,5.087981394478243,1229,1.4723850054476872,0.6274060524059569,0.42611548615655076,0.4249035725234542,0.45127680693772654,0.27671202487724544,0.8902692003865172,0.11648514858509118,0.5216408539020523,0.31906300124357173,0.8672645333327267
new_preds,OFT-0068-00,medium,4.238576826106795,1230,1.9534460037613424,0.6323493698771829,0.3237096744213047,0.32676385703762495,0.3622896363532896,0.3623395936139679,0.7557002660059641,0.07300963382140452,0.2581090519718217,0.16555934289661312,2.1885783506657077
new_preds,OFT-0068-00,slow,3.518135157724866,1231,2.0433041361209807,0.6852113142272125,0.3353447497679035,0.3231041898197091,0.37907807032531715,0.32071906843224407,0.8597282462709647,0.08004238284606421,0.2558225837519958,0.16793248329903,1.9098095980701586
new_preds,OFT-0069-00,fast,4.428976457654784,1232,1.6939786186139791,0.6245320479074723,0.3686776450687832,0.38811978323467633,0.4006594454236194,0.29345552684049897,0.9106610501845236,0.08933327785257394,0.3091879268168813,0.19926060233472762,1.4727222712472692
new_preds,OFT-0069-00,medium,3.6876097197608604,1233,1.5679845191669406,0.5133169433932884,0.3273737317674604,0.3287782999641309,0.3506166332206888,0.20148038851296785,0.7473896772152909,0.09720445945917534,0.3563920076953216,0.22679823357724846,0.8883684204019285
new_preds,OFT-0069-00,slow,3.032282601782352,1234,1.4324657280799302,0.6298145984090366,0.4396716696693588,0.4537910241637958,0.46343953576181873,0.25266464603737493,0.9598306177439945,0.09483918713199782,0.5464236921339076,0.3206314396329527,0.7880220552501536
new_preds,OFT-0070-00,fast,5.005050935195559,1235,1.5809348623936037,0.6657740057999847,0.4211267786150114,0.4204242452126755,0.45170768201313316,0.3387213093059201,0.869601537826343,0.11791554997782443,0.48059233094244513,0.29925394046013476,1.1318858785454924
new_preds,OFT-0070-00,medium,4.288227491189878,1236,1.703092327961628,0.6746840711937758,0.3961523753684463,0.40858496201730266,0.4309688373466125,0.3013515034197705,0.9448277333605649,0.12872845166500868,0.34896766094110576,0.23884805630305722,1.2616870661798778
new_preds,OFT-0070-00,slow,3.528292631225483,1237,1.9001250532477705,0.6268177712886192,0.32988237811887006,0.3359866233499445,0.3669993022650886,0.2869378121566599,0.8150655634998252,0.15087898600846017,0.21511484739540943,0.1829969167019348,1.5679926051651676
new_preds,OFT-0071-00,medium,4.963649986282315,1238,2.1244149550192626,0.6442671528657051,0.3032680368510508,0.30765847746938013,0.3458929263528825,0.24766089141704323,0.8803164454018672,0.06677449472041565,0.1888198738722042,0.12779718429630993,1.9379213460823823
new_preds,OFT-0071-00,slow,3.8773473235947598,1239,1.8675969220260389,0.5751357276561049,0.307954955843564,0.3208900689018513,0.3413525523201316,0.2723793611218176,0.7796632012315428,0.093093939910475,0.22027370701669163,0.1566838234635833,1.73840129185464
new_preds,OFT-0071-00,fast,5.955897442615842,1240,1.799369765658483,0.5978845788396506,0.33227443866761514,0.3544546431340999,0.3654757061891195,0.22669942374930102,0.9146093507814035,0.06849075420186747,0.2521032960239063,0.16029702511288688,1.4142459823546396
new_preds,OFT-0072-00,medium,3.6978116706546245,1241,1.923881109882478,0.59256014947665,0.30800247813278187,0.31347490106838993,0.34357218705076525,0.21397410738857248,0.8219863918280202,0.08654118863385354,0.2517870603526148,0.16916412449323415,1.2648905790726954
new_preds,OFT-0072-00,fast,4.270090347302589,1242,1.7527980306239281,0.6159423491995405,0.3514052038159176,0.38125139049141776,0.3844723469888705,0.2990063131353371,0.9031165959036835,0.08054105677412392,0.2552254221423375,0.16788323945823072,1.7810373096221421
new_preds,OFT-0072-00,slow,3.1111181492734414,1243,1.7302043859493432,0.7165975935541544,0.4141693313076221,0.43967546708944494,0.4519728640884385,0.4135465910103418,0.9464626205623724,0.100354653838628,0.34752759094241215,0.22394112239052008,1.8466755305851237
new_preds,OFT-0073-00,fast,4.92648373237461,1244,1.983759860363191,0.6066393782016821,0.3058028294264495,0.30816193778492373,0.34340739802335357,0.1900390652824245,0.8913794201654094,0.0921976951728393,0.20001341147274124,0.14610555332279027,1.3006970711275576
new_preds,OFT-0073-00,slow,3.216597998656418,1245,1.722606564878248,0.6939347222118266,0.40283993824258596,0.4019017674044779,0.4392267862387411,0.24479439747433024,0.9657063145809934,0.11751242329846873,0.42889400960117213,0.27320321644982043,0.8960157960632646
new_preds,OFT-0073-00,medium,3.9634856983210383,1246,1.942741439583034,0.609039267179744,0.31349476300379975,0.3165967581472305,0.3504378260257929,0.25799979572308224,0.8380160454758372,0.08715489619835688,0.21858056670589524,0.15286773145212607,1.6877322196926865
new_preds,OFT-0074-00,medium,3.7861311603060863,1247,1.9552198345874692,0.5263568490530646,0.2692059684245789,0.2810984212862181,0.30134982850313957,0.13522991692554825,0.7970007738767972,0.07262957919755982,0.20053904401265277,0.13658431160510628,0.9900838195570084
new_preds,OFT-0074-00,slow,3.1430599276208784,1248,1.8124975529098692,0.45285843750012206,0.24985326836611818,0.2649980839044344,0.2752289145078686,0.13197244211740702,0.721453224766482,0.0586474288821089,0.18884256226547652,0.1237449955737927,1.066487105239808
new_preds,OFT-0074-00,fast,4.399265271427747,1249,1.6906447902376438,0.5319377777386677,0.31463603756995956,0.3115585611335573,0.3417987550910481,0.14359832409390383,0.8245299230321441,0.1032771836959782,0.29578958954216616,0.1995333866190722,0.719670660269233
new_preds,OFT-0075-00,fast,4.720861163141311,1250,1.6956590633742086,0.5002833349559623,0.2950376911030945,0.30437826253969213,0.3206933965847031,0.1465311023249414,0.7836624409633897,0.04552423685911601,0.3070558061913652,0.1762900215252406,0.8311933997010806
new_preds,OFT-0075-00,slow,3.2105534634085466,1251,1.8796307498382085,0.5598722554824916,0.29786289436405705,0.3002215420545308,0.3306140645038615,0.16805113137758954,0.8378398065066676,0.09723985558315738,0.2193254645480314,0.15828266006559438,1.061715359774387
new_preds,OFT-0075-00,medium,3.9405115122389165,1252,1.9712783658827395,0.5949125678322118,0.3017902383186809,0.31804377847877974,0.3384305295078723,0.2650544149900512,0.8269964447013222,0.10323256268516005,0.15843869565495564,0.13083562917005784,2.0258580684129868
new_preds,OFT-0076-00,fast,4.719531099300295,1253,1.7063022763537394,0.5605978749772217,0.32854546509495614,0.3428475583663404,0.35755201633023936,0.1793746390787537,0.8823659480626788,0.08926420666343174,0.27920327151609353,0.18423373908976265,0.9736253520391208
new_preds,OFT-0076-00,slow,3.197382046487945,1254,1.582718074540576,0.5297204185590144,0.33469031982387587,0.3512953672706813,0.3590690821657682,0.18498447652888353,0.8372177537562198,0.08839294245809219,0.3256811559198774,0.2070370491889848,0.8934848968023519
new_preds,OFT-0076-00,medium,3.909527875452003,1255,2.074167392130019,0.5963263163622012,0.287501538508817,0.30418423857993004,0.3261046357404901,0.3146601067775585,0.7549198196600139,0.09697301246425807,0.13786560406012965,0.11741930826219386,2.6797986756567473
new_preds,OFT-0077-00,slow,3.256551418127121,1256,2.0066791493850906,0.49551726721994194,0.24693397914249715,0.26132338234719643,0.27800689015217794,0.18298585713521712,0.722996724401918,0.07113237639138957,0.13491260268018698,0.10302248953578827,1.7761739010553703
new_preds,OFT-0077-00,fast,4.731320650210441,1257,1.9090809439343515,0.6318565976394056,0.3309742311592282,0.3339479911228037,0.36858452696925037,0.21874311703729762,0.9070165521102207,0.07928999239801654,0.2692884463314666,0.17428921936474157,1.2550582177978875
new_preds,OFT-0077-00,medium,3.9386373390354046,1258,1.856935502411973,0.6698446256048155,0.36072584359271204,0.3535925777237373,0.39936569134422484,0.27616869476531897,0.881849003480091,0.13272896786535485,0.30671609926613486,0.21972253356574484,1.2568974619195552
new_preds,OFT-0078-00,slow,3.1584811853538084,1259,2.0444646572608667,0.5850045451796047,0.2861406985452036,0.29262469854378825,0.32349867937450366,0.22387393274734338,0.8453602275045238,0.08505851199142415,0.13970204525472335,0.11238027862307376,1.992110497414071
new_preds,OFT-0078-00,fast,4.6230019470830905,1260,1.67630108611014,0.5750620859477577,0.34305417488107126,0.35364840255681457,0.37205516376440706,0.23106998460940836,0.8444310063783043,0.08820271977434935,0.3245169442955661,0.20635983203495772,1.1197430349248623
new_preds,OFT-0078-00,medium,3.826265607124499,1261,1.406546746635556,0.6707991825468531,0.47691211412020057,0.4513096982203902,0.501147997673532,0.35715357161886413,0.8140188194525549,0.16981532172194674,0.6636042779007625,0.4167097998113546,0.8570798473675164
new_preds,OFT-0079-00,fast,4.986509965276577,1262,1.5348058671675309,0.638365360564176,0.4159258015753308,0.42667041106884235,0.4437307464489366,0.2468684271747893,0.9624675181288839,0.11663855840489694,0.4489484820871762,0.28279352024603654,0.872963521087783
new_preds,OFT-0079-00,medium,3.9807192327262118,1263,1.9764726972984967,0.7091753419042935,0.3588085698697564,0.3469266165364917,0.4026044163740735,0.4644101420016974,0.806031782117875,0.11208984093412386,0.2278859004425979,0.16998787068836088,2.7320192912652073
new_preds,OFT-0079-00,slow,3.185226192730071,1264,1.4722862863908235,0.5562261908304676,0.3777975764441886,0.36357649312034634,0.40010115324247364,0.1744109130916286,0.8356326685806289,0.0988830789571457,0.4914779523404918,0.29518051564881875,0.5908618755146028
new_preds,OFT-0080-00,medium,4.498906144222932,1265,1.6667946405003342,0.6730867053996568,0.40382101612566457,0.40812559026563344,0.4374792272849135,0.2726570917913559,0.975496514402116,0.12032228565843292,0.38144101728774893,0.25088165147309094,1.0867956671618153
new_preds,OFT-0080-00,fast,5.363736414258669,1266,1.5759704569104473,0.5959922010543879,0.3781747293808912,0.38590277761037184,0.4054019133400783,0.17960406761104322,0.9497356671305459,0.062030326766506015,0.4302375918522182,0.2461339593093621,0.7297004773945133
new_preds,OFT-0080-00,slow,3.6899108465918777,1267,1.9994378150213565,0.5291953458433846,0.26467207025277356,0.2653814434329681,0.2977374797015998,0.16137471534161194,0.7509214147286469,0.05331869092625693,0.2253350978098835,0.13932689436807022,1.1582452625068664
new_preds,OFT-0081-00,fast,4.070581904077191,1268,1.5976261007740356,0.69338724592238,0.4340109651353593,0.44216106307957675,0.46643300023373685,0.3911683879969067,0.8519414799628575,0.1467598307891704,0.47586230218601305,0.3113110664875917,1.2565193791865987
new_preds,OFT-0081-00,medium,3.4331812535076565,1269,2.1705972739057797,0.6353428387793167,0.2927041540212012,0.2831475720832001,0.3355339896159656,0.2909906582129399,0.7869795797213961,0.11510539932954787,0.1490603211999785,0.13208286026476318,2.203091738244026
new_preds,OFT-0081-00,slow,2.9312966415706714,1270,1.6491889915152502,0.6666142490982703,0.4042073119138365,0.42067254030090856,0.43700817906189093,0.3451838770726201,0.8939554857252923,0.15707168280184142,0.3518216706478098,0.25444667672482557,1.3566059557772232
new_preds,OFT-0082-00,fast,5.295407714392693,1271,1.6255063820701874,0.7089683329926681,0.43615229125692584,0.4276396023071776,0.4702542964738934,0.32335676411972525,0.9261411998885208,0.12611546770326554,0.5054037541840621,0.31575961094366384,1.0240599269594897
new_preds,OFT-0082-00,medium,4.368833354060043,1272,1.6960802596312403,0.7289013070590736,0.42975637675162287,0.4109949467461952,0.46714949304005415,0.4315204688881035,0.823543519540278,0.14849138364494138,0.4650426000868938,0.3067669918659176,1.4066717747674542
new_preds,OFT-0082-00,slow,3.4560470374498258,1273,2.080806306773487,0.623931089091864,0.29985063341111073,0.29407682180162487,0.340360690371205,0.26144991425206854,0.7622755521500124,0.12943297021464933,0.20828432486808957,0.16885864754136945,1.5483359487882593
new_preds,OFT-0083-00,fast,6.191051484769063,1274,1.2959688987221987,0.6010633869212448,0.4637946076590898,0.449738622356875,0.48095320506685924,0.2504049693030341,0.8306965973287985,0.09646163637971333,0.746249617255891,0.42135562681780214,0.5942841470853583
new_preds,OFT-0083-00,medium,5.027748390631318,1275,1.9891016731922555,0.6118828680237549,0.3076176930874331,0.30524061928046703,0.3456508399544733,0.2850629897382811,0.7899283608757891,0.09484851188428323,0.21276349731954,0.15380600460191163,1.853393113461957
new_preds,OFT-0083-00,slow,3.965948866760679,1276,1.5855915470569024,0.5755237821325576,0.3629710206268548,0.3787688380318085,0.38954011581506776,0.32752386290768265,0.756903699662182,0.11728718677956537,0.356445713910841,0.2368664503452032,1.3827364003232945
new_preds,OFT-0084-00,fast,4.743428305218214,1277,2.1611282777434684,0.6117794517549139,0.28308335884332625,0.2792604629854143,0.3241703704572746,0.21080126594600654,0.8101845998555226,0.10405195449338582,0.1716436615341833,0.13784780801378457,1.5292319042528897
new_preds,OFT-0084-00,slow,3.1738467582858956,1278,1.5887462302795519,0.47445516889281064,0.2986349612356447,0.29921673661515835,0.32061248719279045,0.10616873648293912,0.7422424672180027,0.08229219383666829,0.3517465512335521,0.2170193725351102,0.48921317596088226
new_preds,OFT-0084-00,medium,3.8739872519015477,1279,2.4236921679053713,0.6513174237020626,0.26872943368255836,0.24035292621237167,0.3165529324349964,0.26609035398384034,0.7531394062804313,0.10564897494610986,0.141332994529604,0.12349098473785693,2.154735056560519
new_preds,OFT-0085-00,medium,3.8896037435992405,1280,1.4453867262000808,0.5119738884206896,0.35421239114784736,0.3673042291295552,0.3739325783069527,0.12387620788790857,0.8670374550404033,0.05895579148725983,0.44586085881223897,0.2524083251497494,0.4907770289051084
new_preds,OFT-0085-00,fast,4.674564279380074,1281,2.030627227858102,0.6787688293103683,0.33426560030239083,0.32020004900867927,0.3773285039283881,0.29578554643344873,0.8702948267390782,0.09887888464035456,0.24435475790067085,0.1716168212705127,1.7235230453733545
new_preds,OFT-0085-00,slow,3.1138185526167197,1282,1.81801437372378,0.70031354866458,0.3852079272784573,0.39358468966997856,0.4245961299517226,0.31993027291645615,0.9610430121304951,0.14020235074625834,0.27720888401368077,0.20870561737996957,1.532926027256808
new_preds,OFT-0086-00,fast,4.470287036723108,1283,1.521581218531905,0.5622627328190001,0.36952528459933165,0.3726323905367849,0.39361746562679034,0.12022664545443258,0.9292551694174396,0.06590559332960184,0.4590824543056873,0.2624940238176446,0.4580166957932513
new_preds,OFT-0086-00,slow,3.0458310760547684,1284,1.60188737573207,0.52867333873479,0.330031528273443,0.3653557826516032,0.35486175458111135,0.2218390022089115,0.8119897022408019,0.12146756493111886,0.2641507489436132,0.19280915693736603,1.1505625859926134
new_preds,OFT-0086-00,medium,3.705632120415875,1285,1.773535721808845,0.6488998794775274,0.365879227296143,0.3896327267107419,0.4012568088188161,0.3470929826370693,0.8761219855418169,0.14559286471967764,0.23621940237670075,0.1909061335481892,1.81813426413277
new_preds,OFT-0087-00,medium,3.928835210757688,1286,1.9855878142996728,0.6899359868365235,0.3474719082519488,0.33727286386901234,0.3902799180750206,0.29809508618574393,0.9048544229027672,0.15617255597256818,0.2019976072390032,0.17908508160578568,1.6645444919970007
new_preds,OFT-0087-00,fast,4.800854500547193,1287,1.6974278311096689,0.63487418707586,0.37402131356643314,0.37487195284882824,0.4066279227551116,0.3214959597585648,0.8251377014980918,0.10949088908918025,0.3703871406746097,0.23993901488189498,1.3399069755988393
new_preds,OFT-0087-00,slow,3.1782523869508617,1288,1.600666515591872,0.6605731455239447,0.4126863022930715,0.41890335157205516,0.4436721576969308,0.28424964963706745,0.9313395042500774,0.20894528668659837,0.35015419021398,0.2795497384502892,1.0168124327814887
new_preds,OFT-0088-00,fast,4.506570498009291,1289,1.7217101337802387,0.5698990106823224,0.3310075253091732,0.3433001811954131,0.3608689609808169,0.18075585894138566,0.8899619074137899,0.07072417320546301,0.30203390436262895,0.186379038784046,0.9698293333877753
new_preds,OFT-0088-00,medium,3.801429937356654,1290,1.7818056198362013,0.5274864943694402,0.2960404257889428,0.29673677485053884,0.32497118436150496,0.1847302161515888,0.7837693303344905,0.08462660192064093,0.24675858903929987,0.1656925954799704,1.1148972325315512
new_preds,OFT-0088-00,slow,3.0749812082851085,1291,1.7460305155854439,0.6314252386137367,0.3616347096900651,0.3752891210504474,0.395358525805524,0.2903607002373557,0.9184799842534559,0.10050822324669767,0.27208519548458715,0.1862967093656424,1.5585927482351183
new_preds,OFT-0089-00,fast,4.524474012538228,1292,1.67762281220986,0.5382891129564826,0.3208642068042802,0.3203632233412078,0.3480423200733055,0.16641686252446874,0.8181678784175526,0.10376376707216908,0.3038207722790315,0.20379226967560027,0.8166004666878371
new_preds,OFT-0089-00,medium,3.746095425354828,1293,1.9722488676813903,0.5850710619190034,0.29665174182953036,0.3000864231966174,0.33270415684071464,0.2229696984762148,0.8287576495669466,0.11487145974016783,0.164217819579529,0.13954463965984842,1.5978377888231454
new_preds,OFT-0089-00,slow,3.17178588326015,1294,1.8144308049383282,0.6921433310014525,0.38146581788495276,0.3943671617453737,0.4203005070245151,0.39942616131652475,0.8771741007848458,0.15756940947946885,0.24703235651722102,0.20230088299834492,1.9744163020771024
new_preds,OFT-0090-00,fast,4.689163732135085,1295,1.6051218506861242,0.559324716954577,0.3484624651489782,0.35066983197319906,0.37482024662467806,0.16783096815801501,0.8643981879124069,0.08767825632756968,0.37937357410072065,0.23352591521414517,0.7186824126312176
new_preds,OFT-0090-00,slow,3.065370565166656,1296,1.74522195606919,0.6160753328709869,0.35300686581928514,0.34790979762647867,0.3858904242007477,0.21608734676226696,0.9173987461800959,0.10077380717888115,0.3093017966817469,0.205037801930314,1.0538902813428928
new_preds,OFT-0090-00,medium,3.8337850772187156,1297,1.8622274036222244,0.612134831276687,0.3287111069711581,0.31697230585734765,0.3641390725093492,0.20290341162546957,0.8234126052571488,0.10161015243887327,0.3286301207159053,0.2151201365773893,0.9432097564352151
new_preds,OFT-0091-00,fast,4.750982561149254,1298,1.7389479784290236,0.6544000118331441,0.37631948738589244,0.3660226803856186,0.4110795529417989,0.29011658580132893,0.7985301533661109,0.09057692595601223,0.46509454664374367,0.27783573629987796,1.0442018354622165
new_preds,OFT-0091-00,slow,3.2615584761042027,1299,1.6370413066378042,0.6563254732348137,0.4009217547373873,0.39702865257697273,0.4328472195495655,0.30110360409183223,0.8359838874351941,0.23708053055992867,0.35722085611130716,0.29715069333561794,1.0133027142283988
new_preds,OFT-0091-00,medium,3.848361496099826,1300,1.9297914911927965,0.6895314060917381,0.35730876068146694,0.34185399194756527,0.3988365913577508,0.37684413779148673,0.7713894924438996,0.12188768835904819,0.3252250468365686,0.2235563675978084,1.6856783899327459
new_preds,OFT-0092-00,medium,4.136720275243007,1301,1.6798231099898415,0.612341134987443,0.3645271524994951,0.36760496984583657,0.39550390031048854,0.24608305556400928,0.86979629859346,0.07827688692595851,0.3878593601585265,0.23306812354224252,1.0558417505747322
new_preds,OFT-0092-00,fast,5.157887456440046,1302,1.9310252553435894,0.5712185814887444,0.29581103608461445,0.31121717730567966,0.3302369792601306,0.1417332651903105,0.9280289348699384,0.06441668748028068,0.18676902949999294,0.1255928584901368,1.1285137299541697
new_preds,OFT-0092-00,slow,3.308456953982556,1303,2.0371636066187913,0.5190145715308435,0.25477314136407764,0.2583452275071042,0.28780332013492327,0.138105378713935,0.7839172951536724,0.06669197380047037,0.16249863287161556,0.11459530333604297,1.205157407794893
new_preds,OFT-0093-00,fast,3.9752894212322354,1304,1.753240017106657,0.5517847090476657,0.31472285805925587,0.33378353184869314,0.34435558943280703,0.279687128620874,0.7776446851961503,0.09594098046844785,0.22414956344575634,0.1600452719571021,1.747550085052436
new_preds,OFT-0093-00,medium,3.4565018332874144,1305,1.79834093803944,0.49009372300769666,0.27252547758936035,0.28019885369545594,0.29972150826665245,0.0871243797718542,0.8083839402954218,0.055365154250428594,0.24801255874890496,0.1516888564996668,0.5743624270253865
new_preds,OFT-0093-00,slow,2.9256370309246926,1306,1.7689491634343821,0.6799349322885356,0.3843722286334416,0.3929531990330378,0.4213175665903284,0.35797412236904236,0.8858589765347821,0.16564811381878153,0.27578905363870737,0.22071858372874445,1.6218576447961457
new_preds,OFT-0094-00,fast,5.079077626938094,1307,1.5084314690409746,0.6994167235996821,0.46367152764610176,0.4648206208078387,0.4931396771402994,0.4158119172390807,0.8264146319712349,0.14368437398985753,0.5866477853610241,0.36516607967544085,1.138692612437206
new_preds,OFT-0094-00,slow,3.3118665854872846,1308,2.047437426309142,0.7355060946548199,0.35923251436342846,0.34206512873149864,0.40626671189985225,0.3707206522295145,0.8311631573782039,0.10766536410643712,0.3155176738852537,0.2115915189958454,1.7520581826192834
new_preds,OFT-0094-00,medium,4.190378277006939,1309,1.9788083418065265,0.6133321262465201,0.3099502429257938,0.31096462933788416,0.3478729783408846,0.24123193566793216,0.8309971029382666,0.1096005587267944,0.2096623160305454,0.1596314373786699,1.5111806272576094
new_preds,OFT-0095-00,slow,3.663931474391207,1310,2.022956594975085,0.6601746347908941,0.32634147288712584,0.33700960369722777,0.36807061812509684,0.2687266138810258,0.9498701465218664,0.08159108127804651,0.1720946308194487,0.12684285604874762,2.1185790217286664
new_preds,OFT-0095-00,medium,4.693809937399059,1311,2.0598616366484737,0.5964777786579959,0.2895717693099539,0.29828175453815164,0.32793502047845907,0.21173424815167452,0.8626022476532603,0.06188757041761465,0.17551601569128691,0.11870179305445078,1.78374936640214
new_preds,OFT-0095-00,fast,5.73903675972553,1312,1.563698508973107,0.5254159280630047,0.3360084601014613,0.34409582101330943,0.35968439359665416,0.18725516417857324,0.7963673544516253,0.07230577585492844,0.38280927990148983,0.22755752787820913,0.8228915383489046
new_preds,OFT-0096-00,slow,3.0646952951207838,1313,1.4079733574562703,0.6476685030470438,0.46000053880079156,0.4825762165231321,0.4834590343315731,0.33534668204449236,0.9481757255392885,0.17794729272785986,0.4723664370146514,0.3251568648712556,1.0313381578988694
new_preds,OFT-0096-00,fast,4.53276944989153,1314,1.8126694444395357,0.5692097273869063,0.31401738973037185,0.3232633423588211,0.3459164319374387,0.21515538758638336,0.8203211536759584,0.10243121205241944,0.24575797443499353,0.1740945932437065,1.235853357520402
new_preds,OFT-0096-00,medium,3.7205862573397317,1315,1.8008466954935383,0.6774303449396041,0.37617324486021736,0.4067026572140624,0.41383038237014047,0.3690000112211254,0.9192506392339246,0.14283960386620026,0.22423127515931182,0.18353543951275603,2.0105109520032465
new_preds,OFT-0097-00,fast,4.207606929397815,1316,1.766885363834293,0.5314844270019208,0.3008030050396444,0.2994777632032587,0.3296381827849289,0.21043452527615236,0.7604544667331492,0.08469069945721448,0.26297303967319974,0.1738318695652071,1.2105635508753188
new_preds,OFT-0097-00,medium,3.561352177323722,1317,1.583277773640553,0.5420226155665246,0.342342085886932,0.34874972448288555,0.36730215209688116,0.23286502151760474,0.7908652977592947,0.08396739589743277,0.36151089321319246,0.22273914455531263,1.0454606979052017
new_preds,OFT-0097-00,slow,2.9433106957896267,1318,1.7455282248122725,0.6248518373135935,0.3579729209940417,0.36691422660024264,0.39133278553398576,0.1946939351060693,0.9455468333276625,0.09845780803146142,0.32663256567075,0.2125451868511057,0.9160119689864267
new_preds,OFT-0098-00,medium,3.949621424476599,1319,1.8857209348182002,0.6546725401866973,0.3471736077691758,0.3336645354289345,0.38561097432136576,0.2215932114824254,0.8953058939354476,0.10822941078527165,0.31731538108231855,0.2127723959337951,1.0414565785656469
new_preds,OFT-0098-00,slow,3.0786291779132617,1320,1.7493172396240313,0.5387635588639489,0.30798505077314714,0.3099898206209362,0.33683236428449725,0.14772502629347378,0.8297377966208006,0.09636700935437972,0.27349962486933516,0.18493331711185745,0.7988015821082248
new_preds,OFT-0098-00,fast,4.903753379345103,1321,1.6631419970558714,0.5314077615879615,0.31952037921516663,0.33451523056099186,0.346006302011766,0.17110039773973412,0.8454273160470136,0.07525137268986216,0.29224612157045415,0.18374874713015815,0.9311649761537444
new_preds,OFT-0099-00,fast,4.790521961642159,1322,2.104472746713545,0.5557645478332413,0.26408731056325263,0.248440799346139,0.3005469652220012,0.23389642289734128,0.6945229768153733,0.09511642463172373,0.17865203654356643,0.1368842305876451,1.7087170808004841
new_preds,OFT-0099-00,medium,3.8142330632448513,1323,1.869612537301629,0.6667284989158749,0.3566131942387109,0.37922483305152827,0.3953776073233566,0.34268849592026274,0.8976341176805585,0.11268946140392566,0.22849835428867957,0.17059390784630263,2.008796798470726
new_preds,OFT-0099-00,slow,3.1071264431586885,1324,1.595139934507893,0.5684337024921852,0.3563535024076425,0.36732537388278563,0.3828635274182103,0.2395285929431536,0.8107487457299181,0.1361160450614963,0.34506072593827325,0.24058838549988476,0.9955949970131386
new_preds,OFT-0100-00,fast,4.858355926708241,1325,1.6356159255918759,0.5865797891315264,0.35862929673985805,0.3689987276211171,0.3871231082888167,0.24623360483016965,0.8591140923559832,0.10071262724507166,0.3424321087240418,0.2215723679845567,1.1113010483659758
new_preds,OFT-0100-00,slow,3.156480327491546,1326,1.6748421474581954,0.550924695005545,0.3289412652061864,0.3330452068274801,0.35668919393110615,0.22320132163869122,0.7858217073684367,0.15948246436274907,0.25825128235454786,0.20886687335864845,1.0686295919000466
new_preds,OFT-0100-00,medium,3.8567627757639116,1327,1.8550058823173274,0.5384603424866163,0.29027419676640376,0.3025796913798325,0.32129746498143025,0.22450526409386481,0.7844235489016375,0.0801714057922671,0.19608964113795144,0.13813052346510926,1.625312483164325
new_preds,OFT-0101-00,fast,4.4152997596390815,1328,1.898735876716864,0.6501591663450311,0.34241685445436054,0.36074108254750403,0.3808846434406945,0.2910853550541108,0.9304096699797836,0.0748047240873934,0.22723882464148998,0.1510217743644417,1.9274396442440906
new_preds,OFT-0101-00,slow,3.0466909939138365,1329,1.823824554596268,0.6706544965004583,0.3677187560669278,0.38737082298479864,0.40558572362111917,0.3268255584281569,0.8879482849683211,0.06537938708065949,0.3421896640073393,0.2037845255439994,1.6037800591369809
new_preds,OFT-0101-00,medium,3.648071814893325,1330,1.9634143573875347,0.6274737506309244,0.3195829490957903,0.32741207202697725,0.35806929928768205,0.24082845608186493,0.8932523760530277,0.09166124097079534,0.20653512404504026,0.1490981825079178,1.615234015807509
new_preds,OFT-0102-00,medium,3.7150816719224973,1331,1.8000791629811779,0.45081573202375724,0.25044217015275294,0.27097854648069,0.2754888653866285,0.14550762166323064,0.7370931402715495,0.061365994628892855,0.15798870498284098,0.10967734980586692,1.3266879799774947
new_preds,OFT-0102-00,fast,4.473001778682359,1332,1.6772955069178517,0.48497854141747515,0.28914317090651326,0.3019534557613124,0.31362259222038347,0.12904202487440067,0.7941599939502513,0.05523988341871619,0.2760484666381656,0.16564417502844092,0.7790314682194185
new_preds,OFT-0102-00,slow,3.177731249371364,1333,1.5652152414237717,0.5695663989315707,0.36389014357761695,0.36609821984872243,0.38959967549686125,0.15477888574801046,0.8878600903626689,0.12500797951414952,0.39075174636261556,0.25787986293838255,0.6001976423610599
new_preds,OFT-0103-00,fast,4.857669634621617,1334,1.8720327603383582,0.5571024509409366,0.29759225519121996,0.3057731493957908,0.33003102965993447,0.17432520176864152,0.8457754787205873,0.07728723818144584,0.2227361999690633,0.15001171907525457,1.1620772219881694
new_preds,OFT-0103-00,medium,4.008844427921953,1335,1.551472555711687,0.5981169921205383,0.3855156766509297,0.38874556463377136,0.41209084108463073,0.18615155189775923,0.9397457826179557,0.0915281705099606,0.4309378593128472,0.26123301491140394,0.7125881541461815
new_preds,OFT-0103-00,slow,3.2437997424582243,1336,1.8161538731578355,0.6968534597083151,0.38369736728125464,0.384270938836298,0.4228418788346371,0.2991633083096964,0.9312554325977294,0.13595501072116353,0.32499376370995936,0.23047438721556146,1.2980327745915234
new_preds,OFT-0104-00,slow,3.544209231575979,1337,1.5230657793294993,0.6666865524792166,0.4377266967239673,0.4449065306763768,0.46634667869337354,0.32750352432848634,0.9086510940314305,0.11936243062908952,0.5098696657844878,0.3146160482067887,1.0409625516408085
new_preds,OFT-0104-00,fast,6.149782259682828,1338,1.7597364379996983,0.5980444839541624,0.3398488950049604,0.3591900396019273,0.37212334362361066,0.2196687227824839,0.9077380084502253,0.07332530686520916,0.28776133639652407,0.18054332163086662,1.216709213047558
new_preds,OFT-0104-00,medium,4.593496678760866,1339,2.0136087484986374,0.6049505979903729,0.3004310536698993,0.3086581622824376,0.3384959967099586,0.2234357924738234,0.8763019278517027,0.044577686561171455,0.2096685799531368,0.12712313325715413,1.7576328300675288
new_preds,OFT-0105-00,fast,4.207679396914973,1340,1.7648953449329936,0.4753840241736478,0.26935536180004843,0.28307174372317273,0.2951089445967482,0.16924520291679102,0.7126952249530971,0.07928816642594863,0.2192071840911562,0.14924767525855243,1.1339888720115434
new_preds,OFT-0105-00,slow,2.9845250458485926,1341,1.752868388045211,0.710097188528427,0.4051058216186575,0.40278491802819405,0.4432297424823786,0.4015300567168384,0.8429410299148381,0.1587664448681025,0.3696814384297355,0.264223941648919,1.5196581135344711
new_preds,OFT-0105-00,medium,3.495861308866383,1342,2.086158858568254,0.7441731764974692,0.3567193233827843,0.3550497848165357,0.40515105502211995,0.3914118005903368,0.9144428626906016,0.10578312980380339,0.20896642700373813,0.15737477840377076,2.4871317028075857
new_preds,OFT-0106-00,fast,5.589403490311641,1343,1.8740207350394356,0.72188371811741,0.3852058329024941,0.3785363192583971,0.42729056855435854,0.31411254600741284,0.9219537665437415,0.08061312651088438,0.39248283515539545,0.2365479808331399,1.3279020387368543
new_preds,OFT-0106-00,slow,3.5591109622928343,1344,1.6651267438941095,0.6327133863758788,0.3799791149208249,0.3801221817944125,0.41157089885270665,0.27524326890079887,0.8772536706507144,0.18924133886497074,0.3045453169943426,0.24689332792965668,1.1148266792337924
new_preds,OFT-0106-00,medium,4.49001049356811,1345,2.3503432247500595,0.5457090757002631,0.23218271695543313,0.21402909326670672,0.27137351179853686,0.2227568694393271,0.6484418047437696,0.06058869015450147,0.15370668285654948,0.10714768650552547,2.078970407147706
new_preds,OFT-0107-00,fast,5.903112695635472,1346,1.8162963420700975,0.5846106394112937,0.321869634304825,0.33493569876099116,0.3547122599431335,0.1595725303536928,0.9197861950252806,0.06485436053145001,0.2746359538621107,0.16974515719678035,0.9400711807566048
new_preds,OFT-0107-00,medium,4.645524452276862,1347,1.8186551528070594,0.6218921610989772,0.34195166694416945,0.3512114457350207,0.3769442287135205,0.25537737080483214,0.864122142223815,0.08626510488972165,0.3020122969357135,0.1941387009127176,1.3154377236697732
new_preds,OFT-0107-00,slow,3.599059247664575,1348,1.4860047409904846,0.7313898715276773,0.49218542266572796,0.4811572471824198,0.5220859787734715,0.3557696444957039,0.9220609219647217,0.20334268494819668,0.6071706636852641,0.4052566743167304,0.8778871935805562
new_preds,OFT-0108-00,fast,4.6283832737386135,1349,1.7313045973491996,0.5363017502375086,0.30976741531134394,0.32568476473011676,0.3380842071771145,0.12977538715884607,0.890629364578995,0.07302960862961011,0.2589024683410069,0.1659660384853085,0.7819394156975913
new_preds,OFT-0108-00,slow,3.100026065352763,1350,1.7834754980089753,0.5829644625059379,0.3268699027021924,0.3329028847320042,0.35888172267766055,0.2674820431328416,0.8157590683162914,0.1370331908395862,0.21525258842192313,0.17614288963075467,1.5185514651971455
new_preds,OFT-0108-00,medium,3.708190048430666,1351,1.7603645282444214,0.6044919187658705,0.34339019508006047,0.3704107207003263,0.37602791054078666,0.2608622217521011,0.9298998138948672,0.04740539778085035,0.2659442087353278,0.15667480325808908,1.6649915386993337
new_preds,OFT-0109-00,fast,4.689048902522596,1352,1.7022067607713252,0.504514059143513,0.2963882360065949,0.2972736919234152,0.32240396389870973,0.19481539024900235,0.7215463500365761,0.06048213415052689,0.3127719811587335,0.1866270576546302,1.0438753774360274
new_preds,OFT-0109-00,medium,3.9616743122670086,1353,1.6257765249790317,0.596424180175311,0.3668549588529723,0.37907280436699775,0.3955511115182645,0.3333847410919578,0.7837792873888674,0.14126608156538506,0.32377433602684785,0.23252020879611646,1.433788240678399
new_preds,OFT-0109-00,slow,3.2165687649327754,1354,2.234655332178579,0.7324863965991268,0.32778495459745977,0.3094165575088115,0.37837263484766814,0.30526944321128663,0.8699697466149876,0.09160157840228293,0.24664977116211567,0.1691256747821993,1.8049858107257446
new_preds,OFT-0110-00,fast,5.4628974205056045,1355,1.9475392481545517,0.5335118372246549,0.27394150733044265,0.2725068636865127,0.30638779856721926,0.17545971384173256,0.7685744246859258,0.07505135724101675,0.2064656985002018,0.14075852787060927,1.2465299012150934
new_preds,OFT-0110-00,medium,4.380177327213819,1356,1.9166450726688016,0.7265141280879379,0.3790551200365517,0.3791680474424759,0.42248749604297503,0.3310470103668976,0.9575996541206099,0.12705326877854406,0.2742500509058485,0.20065165984219627,1.6498593165252236
new_preds,OFT-0110-00,slow,3.5583344306984235,1357,1.6114876345747917,0.596005377899217,0.36984793746585554,0.3776999279760724,0.39811761752002583,0.23692841549729754,0.8425903573028195,0.15689010983179794,0.35606158744818844,0.2564758486399932,0.9237845074054761
new_preds,OFT-0111-00,fast,5.084155203599005,1358,1.7242572014709918,0.5904412864785177,0.3424322577715219,0.3597952568165289,0.3734333863598964,0.23154588851222957,0.8983464201856581,0.09701109269396425,0.26683014404773375,0.181920618370849,1.2727852982569485
new_preds,OFT-0111-00,medium,4.153452912737066,1359,1.9227224849815183,0.5876824191584181,0.3056511918640547,0.30746429129663777,0.3409050952758502,0.23732220897161554,0.8095341218900819,0.07032268759422694,0.24644136264747613,0.15838202512085153,1.4984163057047013
new_preds,OFT-0111-00,slow,3.3302359064930336,1360,1.6350572927851976,0.6730952108926425,0.4116646027406631,0.39868487184930024,0.44434342875966054,0.23925364880475455,0.9376432231321127,0.13167333093315753,0.46880351216861715,0.3002384215508873,0.7968788523763389
new_preds,OFT-0112-00,fast,5.460466572484588,1361,1.3421232238845582,0.5594401116227721,0.41683215197153306,0.415771191280605,0.434658146927938,0.1943221874970127,0.8539848118446024,0.09699030942751383,0.5933352789426232,0.3451627941850685,0.5629870622522006
new_preds,OFT-0112-00,slow,3.5493403845247444,1362,2.274489703028262,0.664556217943736,0.29217816069201985,0.2805176601383097,0.3387254178484843,0.27993166439230743,0.834936726989583,0.06957757463421786,0.17045570537782917,0.12001664000602352,2.332440438078069
new_preds,OFT-0112-00,medium,4.421119173758832,1363,1.8324476875153983,0.5867424103298634,0.3201959948583432,0.31371208873062745,0.3535142967922832,0.21502582647497603,0.8167153119348046,0.05830046599197217,0.3240155827673801,0.1911580243796761,1.1248590121850912
new_preds,OFT-0113-00,fast,4.527037077475658,1364,1.9252692730708583,0.5671276468051115,0.2945705594212944,0.3130842356823559,0.3286401953442716,0.25243108270650355,0.8250948247516026,0.05721917777308532,0.17981569614589504,0.11851743695949019,2.1299066971283365
new_preds,OFT-0113-00,slow,3.1240633987538455,1365,1.9632596997184097,0.6757241430208606,0.34418479792448226,0.34366429965899775,0.3856272160615295,0.24622153744418362,0.9253380396603951,0.08339463954020108,0.28755464760133803,0.18547464357076957,1.327521286489145
new_preds,OFT-0113-00,medium,3.6754463092626932,1366,1.8628768233032846,0.5350233568090224,0.28720275549958796,0.31087569988312924,0.31818033066326723,0.22099277322241379,0.8121991896954486,0.0859761214306971,0.15355323830450932,0.11976467986760321,1.8452249316469234
new_preds,OFT-0114-00,medium,4.597831388643835,1367,1.9576592152937538,0.6772894155375296,0.34596900739738806,0.3393362966122969,0.3873840584149057,0.30138021239547214,0.8524015830341432,0.13182397021341985,0.2639304680165878,0.19787721911500383,1.5230667468614143
new_preds,OFT-0114-00,slow,3.6328270127984643,1368,1.6516324747160895,0.6360990122058154,0.38513350999298973,0.35714015009130984,0.41650419776959263,0.29054126214454096,0.790400429044776,0.16970147622368123,0.4153736236653722,0.29253754994452674,0.993175960486562
new_preds,OFT-0114-00,fast,5.7777790191967195,1369,1.7968656888866155,0.6075613124666975,0.33812283033973356,0.3506804047761012,0.371802640605604,0.21385167310388542,0.9226150022264401,0.09774357104953446,0.2530003160425559,0.17537194354604518,1.2194178200901167
new_preds,OFT-0115-00,medium,4.85521469405947,1370,1.7596255808603798,0.4892289736818222,0.27803015539397347,0.2864761368296234,0.30443000767995454,0.16228958802023977,0.7529971665545884,0.07974954834192105,0.22268372780306914,0.15121663807249508,1.0732257381786003
new_preds,OFT-0115-00,fast,6.240615888930552,1371,1.6712005299029564,0.5994699182168739,0.3587061561377581,0.36316842357416035,0.3888016263976476,0.20863917897314968,0.8907460213328061,0.0646395364639453,0.39118176882068934,0.2279106526423173,0.9154428569014181
new_preds,OFT-0115-00,slow,3.8100180370213876,1372,1.8773093724412517,0.5848032665439424,0.31151139771036496,0.3214633701914211,0.34567288131456203,0.2627862058227179,0.8292164704756733,0.10294929094992457,0.1877395580099324,0.14534442447992849,1.8080239869057217
new_preds,OFT-0116-00,fast,4.886475257771554,1373,1.7781313116409936,0.5826425829045482,0.32767129125398603,0.3473357203031203,0.3595427027103063,0.25427229015760533,0.8332388490273182,0.07606704186327375,0.27459262979302795,0.17532983582815084,1.450251116454759
new_preds,OFT-0116-00,medium,3.901488585441174,1374,1.625848497321661,0.6500926224386722,0.3998482167985524,0.3835032501067541,0.4311287675035673,0.298160501436571,0.8041468647574334,0.14843206073928117,0.4737756430809838,0.31110385191013246,0.9583954027116953
new_preds,OFT-0116-00,slow,3.1738143482527605,1375,1.9338852457198257,0.648990132084619,0.335588749912125,0.33763788502303815,0.37476392268368675,0.356360394567018,0.7884241625137557,0.10110676268921505,0.253164370964758,0.17713556682698653,2.0117947002426995
new_preds,OFT-0117-00,slow,3.353217945820113,1376,1.4748685945817825,0.7088051315225793,0.4805886667642888,0.47389598856868725,0.5091157248590751,0.419581717813627,0.8752833004058964,0.23069344617368678,0.5109044350430899,0.37079894060838836,1.1315612637004797
new_preds,OFT-0117-00,fast,5.152286907226821,1377,1.8218717457629974,0.5438950834396719,0.29853642810179776,0.3091910852678692,0.329206260019032,0.20686392151280167,0.7959064036250794,0.0700172895950752,0.24403742534317177,0.1570273574691235,1.3173750411833658
new_preds,OFT-0117-00,medium,4.066731687779831,1378,2.2928397488611107,0.6368895196033953,0.27777323727912007,0.25660210289638896,0.32266277256965437,0.2888192896575978,0.7202583456396847,0.07476829304318464,0.2068051619381509,0.14078672749066778,2.0514667455193356
new_preds,OFT-0118-00,fast,4.545548367623894,1379,1.7479874930175432,0.5327317217462266,0.30476861183175524,0.3175618208121638,0.3332640005710643,0.1976676284013244,0.7930459140734605,0.09235113324920347,0.24999132656026854,0.171171229904736,1.154794695997305
new_preds,OFT-0118-00,medium,3.8292329883661,1380,1.7743112589652106,0.628010930834561,0.35394631447067576,0.3761800455640057,0.38820439151616126,0.29173827162644267,0.9355577578729608,0.1301744262966931,0.1953471102685488,0.16276076828262095,1.792436068622278
new_preds,OFT-0118-00,slow,3.127166192621628,1381,1.5051387288464928,0.5778556059349595,0.3839218238559419,0.39122498858439936,0.40816354661581894,0.26241052704542184,0.8613649127944366,0.13218650270361043,0.376692243919807,0.25443937331170874,1.0313283028092817
new_preds,OFT-0119-00,fast,4.86379917527248,1382,1.8042514317074314,0.6353139614347522,0.35212052503875835,0.3671993884607477,0.3875197045882577,0.2340835755424148,0.945604715634209,0.06384409529410318,0.3065464318823035,0.18519526358820335,1.2639825177328432
new_preds,OFT-0119-00,slow,3.0742784130470637,1383,1.483183758572435,0.581977654283286,0.3923840528320238,0.4007559496639646,0.4160832530134315,0.23970281384034337,0.8741915055000251,0.166503984759221,0.3839347079541365,0.2752193463566788,0.8709519044118843
new_preds,OFT-0119-00,medium,3.761419260287116,1384,1.7294897082291087,0.610914322581491,0.3532338583309812,0.3536974323957856,0.3854439163622949,0.2347124130276451,0.8819663370720373,0.07049328136220055,0.3546036339872965,0.21254845767474853,1.1042771874017212
new_preds,OFT-0120-00,medium,4.008244031852523,1385,2.316676589471427,0.6360673377850304,0.2745602647671057,0.26576686571196045,0.3197486488943464,0.26669264571149875,0.7947360417525936,0.07125872181577815,0.14630718629751485,0.10878295405664651,2.4516032684001576
new_preds,OFT-0120-00,fast,4.858629715812507,1386,1.6043522343013747,0.5991494047727157,0.37345253240702414,0.3894653629268646,0.4016646414527355,0.23635128759671697,0.9203432639252588,0.06194528638860235,0.38801872790036385,0.2249820071444831,1.0505341764727547
new_preds,OFT-0120-00,slow,3.102698138826655,1387,1.820079093350865,0.7316024379441545,0.40196189309401625,0.386152522761411,0.4431669612002833,0.3697715493922493,0.8875584165827666,0.12529642494608784,0.39004145388002986,0.25766893941305885,1.4350645065507226
new_preds,OFT-0121-00,slow,3.362702688892872,1388,1.8363452260099906,0.5735321032418058,0.312322593332832,0.321573271794918,0.3449737820714537,0.24466299720105789,0.8083774253264167,0.09653817572526105,0.23031653003307945,0.16342735287917026,1.4970749564912127
new_preds,OFT-0121-00,medium,4.054884219463336,1389,1.6965787471451534,0.5308531968525109,0.3128962906943057,0.3272217552277332,0.34014090396408136,0.20942093753187185,0.8086508621641637,0.08243165408340597,0.2600601620768837,0.17124590808014484,1.2229252066791616
new_preds,OFT-0121-00,fast,4.877111530413395,1390,1.8597135574946624,0.5819101520223366,0.3129031079422062,0.3223383666571818,0.34652898845222263,0.25551133767624357,0.825832904278937,0.06770701252780711,0.23706469932590277,0.15238585592685494,1.676739196837853
new_preds,OFT-0122-00,slow,3.27089817934142,1391,2.1133097473405216,0.6175272807824477,0.29220859912257074,0.2846559759779716,0.3328734343300554,0.3002527053917028,0.7395591250638435,0.1489812631724517,0.14270064369222352,0.1458409534323376,2.0587681191415412
new_preds,OFT-0122-00,fast,5.053742445817246,1392,2.1614047935940293,0.5808595865488018,0.2687416944157583,0.27850952357025827,0.3077564309323888,0.21615846409167722,0.8212515016344824,0.05687717265947385,0.13673858534392166,0.09680787900169775,2.232860241550033
new_preds,OFT-0122-00,medium,4.1446111717690695,1393,1.9338867138914968,0.6624321132083316,0.3425392544712928,0.34269000465447713,0.3825258618134225,0.27588345416673077,0.8398425457867068,0.12123614349623026,0.2931413038040225,0.20718872365012636,1.3315563188303974
new_preds,OFT-0123-00,medium,4.326321954256917,1394,1.8901164450765695,0.5305973265540221,0.2807220306114671,0.2953572628047263,0.31195644260428657,0.22886164946324092,0.7619957328123755,0.08595755423851552,0.1710108339030141,0.1284841940707648,1.7812436083553713
new_preds,OFT-0123-00,fast,5.341205962105164,1395,1.9224089906425876,0.6365832429758906,0.33113829891271224,0.34224759485833955,0.36931891692060953,0.25889212202798473,0.9128298509846715,0.08993539559552652,0.21561829907425537,0.15277684733489094,1.6945769371748212
new_preds,OFT-0123-00,slow,3.404918979060959,1396,1.8740567309909337,0.7227852316417468,0.3856794832777362,0.39598765505912026,0.42781770182323764,0.49175171321276695,0.8431651569235916,0.1438165102906051,0.23253742686598697,0.18817696857829602,2.6132407006448326
new_preds,OFT-0124-00,fast,5.154197857548534,1397,1.9876233132285068,0.5655006647859966,0.28451098405937436,0.2804899547691593,0.3196346941502022,0.20373611515534,0.7639675534036948,0.08043184268072708,0.23040326536104686,0.15541755402088697,1.3108951330424319
new_preds,OFT-0124-00,medium,4.062977894903928,1398,1.82100033409019,0.7183580783539866,0.39448541820992766,0.3832278913518022,0.43496950072793505,0.3612837055799054,0.900545658955664,0.19499095669469407,0.28305768168147644,0.23902431918808525,1.5114935032849766
new_preds,OFT-0124-00,slow,3.2641164411901373,1399,1.776550244807586,0.6273293160442543,0.3531165627754023,0.35990610763036224,0.38739315693400905,0.25177795495694827,0.8443812122722608,0.12685622384746378,0.3265572366593633,0.22670673025341354,1.1105887975866884
new_preds,OFT-0125-00,fast,5.725812741190015,1400,1.8296885409248755,0.629208849583514,0.3438885009715697,0.34625319632982343,0.3795535445480628,0.18038468453120493,0.9500563071412471,0.08593332862155206,0.3018398578982466,0.19388659325989932,0.9303618238802336
new_preds,OFT-0125-00,medium,4.785363291136051,1401,1.9297164094078583,0.6241683599010869,0.32345082254475704,0.33523858903217146,0.36104051471429843,0.25928465697779585,0.8770701602852895,0.07937280477196518,0.22843443682214284,0.153903620797054,1.6847209678042807
new_preds,OFT-0125-00,slow,3.819975976532673,1402,1.8911648174052742,0.6270031395502613,0.33154336088513187,0.34106497205435904,0.36847583321827293,0.27441247462120477,0.8829262421951292,0.0886865656999198,0.22787805035683806,0.15828230802837892,1.7336901264543383
new_preds,OFT-0126-00,medium,4.733874034530336,1403,1.844029600917425,0.5938290042779509,0.3220279132083967,0.34261130554361985,0.35600304959209106,0.2127474624238697,0.8829728440461742,0.09660838318826773,0.23168350871005247,0.1641459459491601,1.2960872179551888
new_preds,OFT-0126-00,fast,5.608393516093759,1404,1.955394778159642,0.6088145400988615,0.3113512150584033,0.31749375329014784,0.3485341306884606,0.2037613695832235,0.9078489862904122,0.08354149312982044,0.19898467375038623,0.14126308344010333,1.4424247625149704
new_preds,OFT-0126-00,slow,3.9363631630806504,1405,1.6649849565833712,0.5783874710097581,0.34738300110328735,0.35580239521184404,0.3762585598415963,0.26718534623879364,0.8016635713057665,0.11505290387051835,0.32113241795130654,0.21809266091091245,1.225100125436751
new_preds,OFT-0127-00,medium,4.53324496165671,1406,1.9231192783650155,0.722956011647224,0.3759288463177707,0.3810988537379937,0.4193072419839524,0.4138721360116102,0.8796400323599505,0.1019133335757984,0.2818034659884505,0.19185839978212446,2.157174960708553
new_preds,OFT-0127-00,fast,5.371007517593043,1407,2.038341860022595,0.6619413141446038,0.32474499352982245,0.3471684142680148,0.36689453360667007,0.3261525874972525,0.9107680109929762,0.050673332113305616,0.17998420382314612,0.11532876796822586,2.828024553137605
new_preds,OFT-0127-00,slow,3.6735254287406254,1408,1.8700049767110591,0.6423820731928427,0.3435189110152295,0.35707254882780737,0.38087680628743115,0.3128826135257459,0.8868931803176101,0.12299029774630135,0.20074113356006718,0.16186571565318425,1.9329764321194032
new_preds,OFT-0128-00,medium,4.963716903945819,1409,2.204937259555144,0.656913903404891,0.29792861477492844,0.31683578814044244,0.34280177585367366,0.2294938361452798,0.9741486479692172,0.05570225485661244,0.11186236444358556,0.083782309650099,2.739168174089703
new_preds,OFT-0128-00,fast,5.938341571010292,1410,1.7681390821042797,0.6159916979331718,0.3483841877416532,0.3549564689879635,0.38183512651559304,0.19708858348784056,0.9334133665860372,0.08272270811453653,0.31411584787395797,0.19841927799424725,0.9932935220818349
new_preds,OFT-0128-00,slow,3.918836015940738,1411,1.79417069553887,0.5422860894782396,0.30224888346834067,0.31240114891562754,0.3322535342195781,0.27163119085665655,0.7206498133696301,0.130696429809913,0.20603670284211262,0.16836656632601282,1.613332128723761
new_preds,OFT-0129-00,slow,3.6422250669251026,1412,2.0151039394376404,0.632216440683971,0.3137388738669257,0.3247614724821959,0.35354856971905635,0.2562958812218738,0.9092852081723671,0.085682880457584,0.1629303090244006,0.12430659474099229,2.061804377763682
new_preds,OFT-0129-00,medium,4.607041154533279,1413,2.1904453552475323,0.6046584333630648,0.27604360543143297,0.2795054064539761,0.3171204589228869,0.2373247111449593,0.8104228927822292,0.06342958392352971,0.1573046478408294,0.11036711588217955,2.1503208564253056
new_preds,OFT-0129-00,fast,5.87468092727329,1414,1.920286740051657,0.6368706420207341,0.3316539289354265,0.3456101291509355,0.3698060180710899,0.20434538688488996,0.9741735426555476,0.05275821315178952,0.2479469295921327,0.1503525713719611,1.3591080286838237
new_preds,OFT-0130-00,medium,4.4550802235515805,1415,1.8905553970070559,0.6720762580198427,0.3554914386977545,0.35290663662914545,0.3950645411130157,0.30755856163139816,0.9025638370407382,0.0605050332622422,0.30963073251768414,0.18506788288996318,1.6618689144148526
new_preds,OFT-0130-00,fast,5.3088064299711295,1416,2.05485295968205,0.5722102483494073,0.278467734468916,0.2840304302964005,0.31518554870397747,0.2642713268083152,0.7707079924109309,0.07917313813958837,0.14658973745707496,0.11288143779833167,2.3411406867482425
new_preds,OFT-0130-00,slow,3.537348494446937,1417,1.61654332565907,0.498464249689367,0.3083519270887104,0.31359177824782647,0.33211596741379235,0.16596087129858356,0.7464377930716757,0.09049102190652193,0.32557418337838867,0.2080326026424553,0.7977637600574549
new_preds,OFT-0131-00,medium,4.258418379079952,1418,1.6178776109420978,0.6156940186374643,0.38055660976663297,0.39251993535855423,0.4099487858754868,0.2903191088537938,0.856111279268756,0.11265569121772703,0.3807090641616707,0.24668237768969886,1.1768943998869084
new_preds,OFT-0131-00,fast,5.234948108821032,1419,2.0003156651762444,0.6324475154150695,0.3161738551696767,0.32629823867588414,0.3557080627003507,0.29265220166265005,0.8583088763545836,0.08927861841699185,0.18259255436717783,0.13593558639208483,2.1528740886035593
new_preds,OFT-0131-00,slow,3.5100568114724164,1420,1.70627523563461,0.7639284045275234,0.4477169852631646,0.45056450787886415,0.4872434126712096,0.5357524843630239,0.8559173980777042,0.15482028697042965,0.40248348127368067,0.27865188412205516,1.9226587541333597
new_preds,OFT-0132-00,fast,4.90628088007859,1421,1.675776673024472,0.5588551987291689,0.33349026020307165,0.32990689326108213,0.3616608775188337,0.2492502716567286,0.7555122292001718,0.09025657191902128,0.351624437299413,0.22094050460921716,1.1281329880982376
new_preds,OFT-0132-00,medium,3.8366578318780973,1422,1.917575182945945,0.5632931446186887,0.29375283411485803,0.31056324536701085,0.3274453729278369,0.26297675122325115,0.7802958671657395,0.08936542983157333,0.1771434434907834,0.13325443666117837,1.9734933996375175
new_preds,OFT-0132-00,slow,3.142066774456672,1423,1.9034612673193572,0.5778683186730239,0.30358816782588666,0.3247352951631354,0.3378731866817788,0.16856380918481864,0.9150710866132793,0.09525460492528896,0.1726032460037285,0.13392892546450874,1.2586064481603578
new_preds,OFT-0133-00,medium,4.152598936773791,1424,1.5232181013368242,0.6402704364760996,0.4203406169570714,0.4271515979633602,0.44783184439695,0.32604959363728525,0.8837268427892571,0.1345687009766353,0.4469822401846225,0.2907754705806289,1.1213105183398722
new_preds,OFT-0133-00,fast,5.108448363819388,1425,1.762140278677631,0.5647570725602715,0.32049495683969276,0.3409785894950425,0.3510277213047651,0.19927923034486003,0.8755639285030256,0.06590565100641134,0.2633620753647635,0.16463386318558743,1.2104388883848143
new_preds,OFT-0133-00,slow,3.32759916335919,1426,1.8974976918965627,0.5457902596783587,0.2876368503683593,0.30868373884191425,0.31990602653210914,0.22169304151147304,0.8111370684359512,0.09237230540708999,0.1544216907739223,0.12339699809050614,1.7965837495404158
new_preds,OFT-0134-00,fast,4.8523541683536555,1427,1.6821682502181827,0.6659448366080327,0.39588479720839903,0.40838910128363015,0.4296423021333533,0.2805952163762417,0.9719313471241383,0.08859315603322611,0.3774494889998068,0.23302132251651644,1.204161118587563
new_preds,OFT-0134-00,medium,3.9463693724583107,1428,1.8000627645874745,0.5034520059300716,0.2796858064254493,0.29449999001788774,0.30765658136352714,0.20047779666376422,0.7601950139672056,0.057717453485273455,0.2122360613378654,0.13497675741156942,1.4852764320931926
new_preds,OFT-0134-00,slow,3.093490904379973,1429,1.6640036576319115,0.6538915187021234,0.39296278929620504,0.3933178862992744,0.4255788804719447,0.273444207842157,0.9013704739710549,0.1467291274809298,0.3807717125936374,0.2637504200372836,1.0367536393060648
new_preds,OFT-0135-00,medium,3.9760237695105434,1430,1.7781503099760811,0.60288077773397,0.33904938989217376,0.33858456310666996,0.3720283133723983,0.2762104462671256,0.7822484570450683,0.11877552605499789,0.31087882412240125,0.21482717508869958,1.285733269792714
new_preds,OFT-0135-00,fast,4.838055496071161,1431,2.0673756580339693,0.6621433192557018,0.32028205260256676,0.33226208915324307,0.36301471093420856,0.3297623074539257,0.8789834836439931,0.0732503073530255,0.17006274528588997,0.12165652631945773,2.710601045668551
new_preds,OFT-0135-00,slow,3.248002076798196,1432,1.6480616699831427,0.5085313195810459,0.3085632830634593,0.31279447826349116,0.33355928762815756,0.25099591123832843,0.6900941295946889,0.08812914363303292,0.30501796604658027,0.1965735548398066,1.2768549230483834
new_preds,OFT-0136-00,medium,4.590850670882165,1433,2.1544546166560514,0.6006845618185463,0.27881049671441877,0.2808917596890211,0.31904475485243466,0.24659391344208526,0.8027591485124052,0.06602693231529298,0.16079902513995542,0.11341297872762421,2.174300650671667
new_preds,OFT-0136-00,fast,5.7799125736877155,1434,2.0402596479295534,0.6088887755957303,0.2984369054270264,0.3082211453331986,0.3372433891981143,0.17923631829942427,0.9300402521588405,0.057381709850961096,0.1823152764832316,0.11984849316709634,1.4955241702499142
new_preds,OFT-0136-00,slow,3.630828798900038,1435,1.7908875755989229,0.5722390548743093,0.319528184053059,0.327747692629261,0.3511170429057153,0.24028123570992638,0.7882220408845539,0.11525856884268418,0.2607063261856967,0.18798244751419046,1.2782110185675073
new_preds,OFT-0137-00,slow,3.2628440511746852,1436,2.0657990003746325,0.5831691224623913,0.28229712685340325,0.29130112549784926,0.3199061263045267,0.21895842729952092,0.8341074241403178,0.08368852286542852,0.14287013091283962,0.11327932688913407,1.9329072065710142
new_preds,OFT-0137-00,medium,4.063416852430935,1437,1.8311048691034082,0.6705901706102072,0.36622160856279,0.365455702863002,0.4042676788187174,0.3540172326945816,0.8330610869213971,0.11585378867395085,0.3141386069849399,0.21499619782944537,1.6466208996654925
new_preds,OFT-0137-00,fast,4.934777570972326,1438,1.7967245358391322,0.5830285687827809,0.3244952451826381,0.34472925169394464,0.356811910632656,0.2344542382941556,0.8737585591419234,0.08918772760387003,0.22984711749067493,0.15951742254727247,1.4697719819581203
new_preds,OFT-0138-00,fast,5.325866909950423,1439,1.5787297354752057,0.5782604030850502,0.3662820748169356,0.3675134731824832,0.3927793658504497,0.19390821241350253,0.8467970486955343,0.07759302850769581,0.45281917378506614,0.265206101146381,0.7311604505903676
new_preds,OFT-0138-00,medium,4.147352312322295,1440,1.5340334662067938,0.6753797707911431,0.4402640396504226,0.44147493092882273,0.4696535060430128,0.29651826947415877,0.9299419636428685,0.1352440659204574,0.5169097251345662,0.32607689552751185,0.9093507499035327
new_preds,OFT-0138-00,slow,3.266424381347384,1441,1.5998818973500304,0.5787799956049345,0.3617642005723039,0.35467064574582535,0.3888911749513827,0.1858292072266783,0.8539838516074295,0.07754362440849091,0.4382080165629321,0.2578758204857115,0.720615088598331
new_preds,OFT-0139-00,fast,4.858034475119845,1442,2.008513186323557,0.6321020744041626,0.31471143864441403,0.31945177647421535,0.35438526811438253,0.2566693529635002,0.8905352454158033,0.08829830390693036,0.1820381701712961,0.13516823703911324,1.8988880715313947
new_preds,OFT-0139-00,medium,3.842610917222747,1443,1.9741136767136953,0.5721528233408198,0.28982769841971917,0.30282301682724544,0.3251183390348569,0.24525820179110686,0.8113001784366505,0.06969708801684758,0.17421788789482245,0.12195748795583503,2.0110138860840037
new_preds,OFT-0139-00,slow,3.1003227911143636,1444,1.8154217888073307,0.7010281304638907,0.3861516562079173,0.3885227381666312,0.42551121548991394,0.3764392009730764,0.9047078231275888,0.16347707000765715,0.2574207678513334,0.21044891892949527,1.7887438096044168
new_preds,OFT-0140-00,fast,5.52481303593457,1445,1.4075727227353576,0.6897597799650802,0.49003491530061727,0.47529835795388276,0.5150005233836752,0.3581342249953861,0.8946272789800883,0.15871524817188531,0.6485253413873411,0.4036202947796132,0.887304800148705
new_preds,OFT-0140-00,medium,4.332421102609511,1446,2.128023632341487,0.5274725382609966,0.24786968069551607,0.24285818053197644,0.28282003789120114,0.17559758656732505,0.7361448893480924,0.06413785522461396,0.15539982042477316,0.10976883782469356,1.5997034317495769
new_preds,OFT-0140-00,slow,3.466354624395621,1447,2.0755156762302267,0.5951650938152544,0.28675528719506316,0.29341632561141867,0.3253065130225871,0.1738287072583649,0.87749600889336,0.07762972689573255,0.17227160904289107,0.12495066796931181,1.3911786954276841
new_preds,OFT-0141-00,fast,4.687502391248226,1448,1.5947090020561847,0.6071132019231041,0.38070469354616104,0.392569033531787,0.4090057570932788,0.23616789298121407,0.9022574147508053,0.07672351242067242,0.42087420822042304,0.24879886032054774,0.9492322138330531
new_preds,OFT-0141-00,slow,3.1550570418346116,1449,1.7570992051942453,0.5350199232126557,0.30449044745513376,0.32063045564933834,0.333306631924824,0.18208875894875054,0.8448481080529539,0.09589968772580706,0.2103899729717849,0.153144830348796,1.1889970985898324
new_preds,OFT-0141-00,medium,3.7961608885893128,1450,1.7951028442265546,0.6656038377729315,0.37078869320142843,0.3834503157693856,0.4076405862728662,0.2519476106871185,0.9646071088216792,0.11306643965205578,0.3009411859306114,0.2070038127913336,1.2171157974809368
new_preds,OFT-0142-00,medium,3.949032073833002,1451,2.411463884636326,0.7566560383870876,0.31377456789123725,0.313699388134173,0.36913475170321874,0.34935332648900297,0.9037212834972205,0.0783582057880262,0.14510619103862502,0.1117321984133256,3.1267023422975786
new_preds,OFT-0142-00,fast,4.657333093038234,1452,1.5632695370455962,0.6611071010237021,0.42290026470618763,0.4325312959510281,0.4526761192458768,0.2690876894877711,0.950676207129482,0.11045890125084855,0.48048167911540574,0.29547029018312715,0.9107098020616402
new_preds,OFT-0142-00,slow,3.2027058436877147,1453,1.983893198846402,0.7311461242434693,0.3685410709954636,0.3551563769856796,0.4138667026514644,0.3415253025780892,0.9026955918855345,0.1776530728760748,0.2335928432661587,0.20562295807111675,1.6609298192275266
new_preds,OFT-0143-00,medium,4.500863513286715,1454,1.7178571668990579,0.6508168469384522,0.37885387649152236,0.3791488500062054,0.4128492477973886,0.2972028134248534,0.8824668773280834,0.13711883996578153,0.3346084604708357,0.23586365021830863,1.260061960161182
new_preds,OFT-0143-00,fast,5.623491985788908,1455,1.5927531155665076,0.6362900470862944,0.39949069373502993,0.40132341522722026,0.4290906129039379,0.2722456974452866,0.8710966300423686,0.13246396119858359,0.44055616292951283,0.2865100620640482,0.9502133903570449
new_preds,OFT-0143-00,slow,3.550176119106944,1456,2.0654625771883373,0.5518440645251114,0.267176985252535,0.28289883328111953,0.302760370161607,0.22452208506108387,0.7962577128498,0.060497038119531325,0.129764644616013,0.09513084136777217,2.360139801487618
new_preds,OFT-0144-00,medium,4.714323427464751,1457,2.447547834533548,0.6510371046134547,0.26599566121964224,0.25767788572090194,0.3141258416438688,0.2847307064991347,0.7740079876354036,0.07334507003877794,0.12441960240215895,0.09888233622046844,2.879490082680672
new_preds,OFT-0144-00,slow,3.6096158282721067,1458,1.886425726588831,0.782513300359291,0.41481267421765244,0.40675568246578164,0.4607752524853572,0.43384384053023345,0.9084808971665386,0.15585083069049513,0.3449254415541618,0.25038813612232846,1.7326852911204895
new_preds,OFT-0144-00,fast,6.191651744113579,1459,2.0012227962608162,0.8286390156356812,0.41406634842654766,0.3893679125995899,0.4658879318276895,0.5095367956263717,0.8834117178641296,0.21443133413260088,0.2561718796876557,0.2353016069101283,2.1654624561105758
new_preds,OFT-0145-00,fast,4.978631637952453,1460,1.6976629362496636,0.5751927650278409,0.3388144682586457,0.35628594184812706,0.36836175535479504,0.20917405604281492,0.8940573841608427,0.10291827715058464,0.26729730406493846,0.18510779060776156,1.1300121694286176
new_preds,OFT-0145-00,slow,3.2509107711454766,1461,2.301346357120584,0.6044070294262258,0.2626319274176758,0.24837511155846775,0.3053538151687446,0.29129340783134106,0.6711663231815242,0.08367384811584953,0.1752816815462637,0.1294777648310566,2.2497562281170245
new_preds,OFT-0145-00,medium,4.038441818242866,1462,1.9018285469029161,0.6586144346941648,0.3463058937498352,0.33120102410503793,0.38534446136787637,0.30058492878140947,0.8143360569143934,0.10209648426842884,0.3243603755072737,0.21322842988785126,1.4096850449984735
new_preds,OFT-0146-00,slow,3.4067291602788012,1463,1.7556181213639992,0.6397685600947229,0.36441214197405586,0.3495773771691027,0.3988316942391392,0.24837373764747858,0.8235855592910142,0.17892153769211938,0.34444594232594483,0.2616837400090321,0.9491370676638368
new_preds,OFT-0146-00,medium,4.103117266862826,1464,1.9954353613568454,0.5706343045387613,0.28596982673031535,0.30015693736166726,0.32155288645637115,0.20477793747994075,0.8697821839457989,0.07774430285059244,0.13390712154915246,0.10582571219987245,1.9350489897311323
new_preds,OFT-0146-00,fast,5.148460493232599,1465,1.8370245426197513,0.5043686005790333,0.2745573555918645,0.2720967727653885,0.3032837612152607,0.20307721664431247,0.7094496817844352,0.0646587904941577,0.23594935593813685,0.15030407321614728,1.351109203489608
new_preds,OFT-0147-00,fast,4.9534587437835205,1466,1.744668460955856,0.6849745686604761,0.39261016289891393,0.399751368829956,0.4291557136191091,0.33082863000042617,0.9377386341964099,0.1706994200117093,0.2773561702678909,0.2240277951398001,1.4767302860521354
new_preds,OFT-0147-00,medium,4.044370349610238,1467,1.8095117596637826,0.7744304833925952,0.42797759078199565,0.42541063299053294,0.4712842023583206,0.5108926936349931,0.8180530331761011,0.20717115758134091,0.3490199250408471,0.27809554131109404,1.8371121350107462
new_preds,OFT-0147-00,slow,3.293200893819346,1468,1.8095996292652694,0.6264375865249245,0.34617468770109644,0.3375140808047249,0.3812075500540748,0.25980453437921236,0.796598219951815,0.13005333230413238,0.3383741135811396,0.23421372294263598,1.1092626474446339
new_preds,OFT-0148-00,fast,4.877564304080207,1469,1.7777930659461412,0.5275519567084656,0.2967454237581372,0.3034752717314487,0.32559624037692814,0.17175207851256732,0.7739730998994406,0.0998964851484553,0.25676329794724945,0.17832989154785236,0.9631143552088127
new_preds,OFT-0148-00,slow,3.3167064124120857,1470,1.6779953724251935,0.6487088204165133,0.3865975026372925,0.38098106794227893,0.41936141735969507,0.20925898530811693,0.9437074795410494,0.1621987337844769,0.36228047080513687,0.2622396022948069,0.7979686648276344
new_preds,OFT-0148-00,medium,4.0478332764922484,1471,1.798423799319596,0.5651971337911849,0.3142736067021677,0.3209308708376032,0.3456390475882948,0.1495022610570759,0.8895987395364888,0.09036258408871214,0.25309260567090225,0.1717275948798072,0.870577970661693
new_preds,OFT-0149-00,fast,4.436947089632831,1472,1.5900570555084863,0.5783000446274436,0.36369766897610367,0.3750217168487263,0.390522965932521,0.22721144898711507,0.8725462419054768,0.11116893826368561,0.3511652345738067,0.23116708641874617,0.9828884055558598
new_preds,OFT-0149-00,slow,3.111005666273338,1473,1.910951928226939,0.7016884160184547,0.36719312801840626,0.34937101639809154,0.40900503901841234,0.34235390593731735,0.8266223673822606,0.19247434936781233,0.2745695333862589,0.2335219413770356,1.4660459908757173
new_preds,OFT-0149-00,medium,3.732535226973628,1474,1.8624134854144085,0.6317242455167075,0.33919655890815326,0.3405573950062668,0.3757625197342225,0.27954498041147663,0.8637004666593036,0.10364284490357492,0.2561617869625348,0.17990231593305483,1.5538709380233926
new_preds,OFT-0150-00,fast,4.9350716928101255,1475,1.7086830772924757,0.5656447674989175,0.33104135870252777,0.34155583718870375,0.3603667848020765,0.2140221357199095,0.867117798342175,0.0675287658607499,0.2927984392854717,0.18016360257311081,1.187932149797342
new_preds,OFT-0150-00,medium,4.095544465233763,1476,1.8708012304131487,0.5327563408112944,0.28477442293195426,0.29209544319956193,0.3157721626668718,0.16937047855248685,0.8034870451592853,0.05412445151315119,0.236106675442564,0.1451155634778576,1.1671420659048068
new_preds,OFT-0150-00,slow,3.2068282717133902,1477,1.78641618345356,0.7180561200183987,0.4019534342944814,0.42182000049755175,0.44146627000997096,0.39706618455281906,0.9176321073667997,0.18256765177034023,0.2685991363499252,0.22558339406013272,1.7601747070397165
new_preds,OFT-0151-00,fast,5.2422183653297365,1478,1.909502198908948,0.633796733621385,0.33191725779814446,0.3404493315681879,0.36965219227604956,0.20273370616176684,0.9319035394885541,0.07672618496832273,0.2672453384855547,0.17198576172693872,1.1787819184918722
new_preds,OFT-0151-00,medium,4.11483583127224,1479,1.7207191611362598,0.5835382600290162,0.33912463649424496,0.33188387689171495,0.36967633943609146,0.23697696104917496,0.8137678118323799,0.11647723862027334,0.31148334624253754,0.21398029243140543,1.1074709654635202
new_preds,OFT-0151-00,slow,3.2049924909586855,1480,1.8275756058786914,0.7549255783196842,0.41307488231476963,0.4094845824168817,0.45580621931538395,0.45187104618291807,0.9095358369131034,0.18456107702625563,0.27725691713925876,0.2309089970827572,1.9569226487132878
new_preds,OFT-0152-00,medium,3.8126717401112438,1481,2.2410853040506686,0.7628339101906618,0.34038593212488216,0.32042298817445497,0.39319192938310465,0.3690218382630278,0.8831701136861738,0.13585633543703152,0.1847194301461856,0.16028788279160855,2.3022441362133144
new_preds,OFT-0152-00,slow,3.128998249578556,1482,1.3974605853522264,0.5929908848048724,0.42433460451080307,0.3909717587074263,0.4454166395475617,0.2846883352158884,0.7394131945904077,0.2439799407537799,0.5135850876301707,0.37878251419197534,0.7515878493578033
new_preds,OFT-0152-00,fast,7.262140614699419,1483,2.102985512853531,0.5584796851331929,0.26556516044439815,0.2638235965321266,0.30217947603049755,0.22233411525461827,0.7432343128667052,0.10266824811301542,0.14048122788765116,0.12157473800033329,1.8287854772428853
new_preds,OFT-0153-00,fast,5.426151640308651,1484,1.6180860381108555,0.6251834047020909,0.3863721643825589,0.38400972471448735,0.4162235694225004,0.25089847513911145,0.877654570101691,0.09120048727686174,0.44514074517233737,0.26817061622459953,0.935592715829007
new_preds,OFT-0153-00,medium,4.252825584960568,1485,1.747661504294879,0.5708232727764536,0.32662118572369714,0.3405796995178171,0.35714644660529166,0.2215218313080432,0.846110843722501,0.08208885856698012,0.2788642528236424,0.18047655569531126,1.2274271882827066
new_preds,OFT-0153-00,slow,3.4080410818155618,1486,2.3677228996019273,0.7947540450363226,0.33566176395470115,0.3156246732416321,0.3930482990899038,0.4218161138212866,0.8411906148165673,0.1146072035804367,0.19457926414132443,0.15459323386088056,2.728554822786627
new_preds,OFT-0154-00,medium,3.92782319801122,1487,1.6449304786585561,0.6145700579428562,0.373614609198584,0.3941475256501286,0.4037340402916181,0.3596564891477346,0.8155342262195682,0.10650605459237256,0.333239391206797,0.2198727228995848,1.6357485567320176
new_preds,OFT-0154-00,slow,3.241519930534924,1488,1.8074036745179802,0.566100063046522,0.31321174734111146,0.31953723279302676,0.3448227868042879,0.19297402830708538,0.8423855700323479,0.07156517808291125,0.27236637079480686,0.17196577443885905,1.122165320028234
new_preds,OFT-0154-00,fast,5.042084744985816,1489,1.9568590279502438,0.5495014231411829,0.28080787389001166,0.2928902864294356,0.3143945675464081,0.1725303605211136,0.8503941722913181,0.0440615485793827,0.19059218879381795,0.11732686868660033,1.4705102288374456
new_preds,OFT-0155-00,fast,5.515082565469721,1490,1.8370120336496227,0.6229299205788292,0.3390995318311791,0.35968036100497497,0.3745783304246354,0.2155355354556301,0.9536986998738625,0.054310816367715044,0.2747682700013343,0.16453954318452468,1.3099315294312892
new_preds,OFT-0155-00,slow,3.5778516654626458,1491,2.108639580217748,0.8244149036266939,0.3909700412346243,0.3647121288484799,0.44515064903363305,0.41706690080892733,0.9283783258770495,0.1537071396581316,0.28145022979042345,0.21757868472427752,1.9168555106280172
new_preds,OFT-0155-00,medium,4.602799160803184,1492,1.6617195986898239,0.6413745532742092,0.3859703850035219,0.38323662198581554,0.41789590603735766,0.2651693546241667,0.8899194737056025,0.14049460173167244,0.37600019408798857,0.25824739790983053,1.0268035874528076
new_preds,OFT-0156-00,fast,5.473145038663826,1493,1.578980151335526,0.5925621770643384,0.37528158701877296,0.3854130925327266,0.4024416607744685,0.17218010417496704,0.9304980038142121,0.11941823340859584,0.3876703017000995,0.25354426755434767,0.6790928694061676
new_preds,OFT-0156-00,medium,4.547597140465019,1494,1.7024345746015535,0.7191459984414357,0.42242210606522035,0.4057711044825969,0.4595125926122473,0.34875474739210083,0.8944427185529996,0.163074346917155,0.4317785575867336,0.2974264522519443,1.1725747483168623
new_preds,OFT-0156-00,slow,3.5107793229895443,1495,1.9067157723258392,0.6528567281710566,0.3423985565371878,0.37249536080372747,0.38120582799142133,0.31303348837875944,0.936622456259006,0.10557494949425386,0.1695924178336662,0.13758368366396,2.2752224685546665
new_preds,OFT-0157-00,fast,4.741360166879657,1496,1.3907640316013903,0.5389086885883605,0.3874911029787246,0.39200665221579556,0.40641830117992916,0.17298117157397075,0.8487233667539683,0.09619820368364086,0.5077704627081364,0.30198433319588863,0.5728150521694871
new_preds,OFT-0157-00,medium,3.9084057515530755,1497,1.714506731743419,0.663244432773062,0.3868427113719367,0.396407968721307,0.42139292654707744,0.3680115306788353,0.8394508860067053,0.17868451191506307,0.29942477758770625,0.23905464475138466,1.5394452220811898
new_preds,OFT-0157-00,slow,3.268879381837031,1498,1.7478345092385739,0.5337055274899324,0.30535243735543116,0.3098311659549099,0.33389657362224384,0.1782539220223275,0.7508972029506216,0.10837150905060107,0.29806366046542515,0.2032175847580131,0.8771579597040692
new_preds,OFT-0158-00,fast,4.730659611225731,1499,2.0618305841598663,0.6348065209341995,0.3078849085910053,0.3152117192799209,0.34875011013390456,0.24220104343180401,0.8866722029011505,0.08151570000337592,0.18461149419928785,0.1330635971013319,1.820190109901814
new_preds,OFT-0158-00,medium,4.036188491877828,1500,2.049889820978481,0.5944299287684487,0.2899814042125968,0.29716997063455236,0.32803746978207826,0.2117285136475464,0.86759873304017,0.07628138264473984,0.15654124979585696,0.1164113162202984,1.81879666446575
new_preds,OFT-0158-00,slow,3.2289612193770645,1501,1.7963171935221154,0.6269371637023177,0.3490125051205769,0.3646487726669959,0.3837530874432945,0.3446108355945863,0.8327302725051069,0.130202424501687,0.2274688171717979,0.17883562083674245,1.9269697724771433
new_preds,OFT-0159-00,fast,5.439381121311786,1502,1.5229797914161554,0.6105749382417692,0.40090810244699376,0.4058982750393031,0.4271164569213408,0.29640781999232635,0.8304399217858764,0.12894714476054547,0.452670941146615,0.29080904295358023,1.0192524172628283
new_preds,OFT-0159-00,slow,3.5276155709149313,1503,1.3641345258170139,0.6408251431202922,0.46976682357371324,0.46493678516113,0.49114911351703583,0.20751490831410735,0.9411235527588688,0.1343543328608369,0.68160366013433,0.40797899649758346,0.508641155783951
new_preds,OFT-0159-00,medium,4.485592559780323,1504,1.77687806639867,0.6034627589261647,0.3396196792215727,0.36069215722558473,0.37260006418464686,0.1884482736605157,0.9511125324117212,0.08545500372285272,0.26538444694349783,0.1754197253331753,1.0742707144398684
new_preds,OFT-0160-00,slow,3.5676102917891366,1505,1.7177977357402259,0.7743720251128834,0.4507934834244,0.4414950050842271,0.49124080113546026,0.416083706935702,0.9192528488617963,0.20162706894220606,0.42799957980213665,0.31481332437217135,1.3216839146357386
new_preds,OFT-0160-00,medium,4.502536564488005,1506,1.7520038418423147,0.7354920719617106,0.4198004903849446,0.4181296889377467,0.4592619380820403,0.3996199497009152,0.9617449415316804,0.12343276684737975,0.35225009424818593,0.23784143054778284,1.6801948625205174
new_preds,OFT-0160-00,fast,5.67712810340294,1507,1.9257001290429572,0.8153546716751362,0.4234068738835027,0.413517555094211,0.4724003486074567,0.4548944401126534,0.9091299849271672,0.20667299994703722,0.31890396944296917,0.2627884846950032,1.7310288182551516
new_preds,OFT-0161-00,fast,5.59708576171586,1508,1.5965036719557122,0.5674639964806062,0.3554417108138965,0.370174658649822,0.3819444965222353,0.14268818972512645,0.93914423805019,0.07138058918671679,0.37456496912690784,0.22297277915681232,0.639935467749526
new_preds,OFT-0161-00,medium,4.276624388086596,1509,1.6202862578666226,0.6959789462253116,0.42954073259973463,0.43752456314475596,0.4628455093029318,0.36863254024416614,0.9165056731344479,0.15036925953683283,0.4158745642962804,0.2831219119165566,1.302027588570438
new_preds,OFT-0161-00,slow,3.442825547384497,1510,1.6608205722908949,0.6461168818959806,0.38903472938364614,0.36954345886762596,0.42116999844768777,0.2508482967251193,0.8863975199278783,0.14320393258166159,0.4042302445560918,0.27371708856887667,0.9164509897305781
new_preds,OFT-0162-00,fast,5.15038032084297,1511,1.612212591799295,0.568513452305427,0.3526293338714982,0.34730848078977694,0.37961484867573936,0.1806980526927825,0.8434027927650598,0.07454769637091714,0.41981085287419795,0.24717927462255754,0.7310404683754664
new_preds,OFT-0162-00,slow,3.394729923471764,1512,1.4775734573898456,0.7199648561022027,0.4872616332551282,0.4853673090360488,0.5163495361110128,0.3509417070429001,0.9303046861198634,0.1813556435666604,0.6027961077146271,0.3920758756406437,0.8950862035810512
new_preds,OFT-0162-00,medium,4.172398343806703,1513,1.8178125235451046,0.6110446604155914,0.3361428378895365,0.34104604646554926,0.37050556570529336,0.23996367383480982,0.8611539855247049,0.15427800875109146,0.226626594710567,0.19045230173082922,1.259967307583167
new_preds,OFT-0163-00,fast,4.7355839780695685,1514,1.6757151598412783,0.5893056961108035,0.3516741450060175,0.34490525468700717,0.3813780888941156,0.24558725801139794,0.7971008563597871,0.09658402987973252,0.3862402113255449,0.24141212060263872,1.017294647005862
new_preds,OFT-0163-00,medium,3.8746432765749894,1515,1.8182457684460172,0.6575299873882575,0.3616287736229533,0.3514285052217331,0.3986164253436164,0.33328014057740124,0.8282847528740349,0.11679645001592766,0.3161043579071015,0.21645040396151458,1.5397529155762597
new_preds,OFT-0163-00,slow,3.209586865121554,1516,1.6635701553081155,0.6029110996054339,0.3624200023555764,0.36740164638163464,0.39248138951180855,0.2114459778485801,0.8550943291401298,0.10224496020606628,0.401140290852458,0.25169262552926214,0.8400960393811662
new_preds,OFT-0164-00,fast,4.508856767217025,1517,1.5615435862675324,0.5488153683835691,0.35145696425635536,0.344037776003147,0.37612676477225715,0.19030641957080507,0.7844698786572498,0.09065400830075322,0.4390767525602205,0.26486538043048685,0.7185024304101171
new_preds,OFT-0164-00,medium,3.6602865333980024,1518,1.961573015697664,0.6688560769491962,0.34097944435237204,0.32565589253506694,0.381964023426975,0.2787706902438237,0.7983734915777676,0.1365740100731318,0.3141379018131769,0.22535595594315436,1.2370238411366556
new_preds,OFT-0164-00,slow,3.081140387638076,1519,1.7859125329584462,0.604394517150996,0.3384233583655907,0.35023083527802223,0.3716697532137663,0.22063889437152728,0.9159236604115183,0.1096036778380131,0.24051278023400685,0.17505822903600998,1.2603743085173176
new_preds,OFT-0165-00,fast,4.957911798812813,1520,1.6408098218196154,0.7396377007025794,0.45077600759504255,0.44285886148123577,0.4868837192334846,0.36844316689054646,0.9517381038154025,0.12105160634202175,0.5063019998859678,0.31367680311399476,1.1745948799301196
new_preds,OFT-0165-00,medium,4.112134708511711,1521,1.9126063909516142,0.5914440663453602,0.30923459690578997,0.2967692054432494,0.34451078058573625,0.2170396650605421,0.8135724961562876,0.06666316413016317,0.2807677969959523,0.17371548056305772,1.2493973729748165
new_preds,OFT-0165-00,slow,3.3108692445907195,1522,2.1646460370689833,0.6317224447413115,0.2918363713619843,0.29566244347324344,0.3343221305344002,0.2734543529899545,0.83720735696475,0.05696560944722122,0.16966120273567506,0.11331340609144813,2.4132568459663695
new_preds,OFT-0166-00,fast,4.767840682806336,1523,1.5775556234614532,0.6280327754712959,0.39810499619232065,0.39546221233434214,0.42684596860219265,0.21344683864940167,0.9486042686239772,0.07919009030584079,0.4661426768295509,0.27266638356769585,0.7828131794486813
new_preds,OFT-0166-00,medium,3.8322050367454366,1524,1.7157604495755443,0.6033477221807959,0.3516503264369195,0.3683137864470174,0.3831125009049039,0.25242832605311744,0.8897178906001163,0.09609679879737813,0.2942069881690039,0.19515189348319104,1.2934966786517998
new_preds,OFT-0166-00,slow,3.1779531597078687,1525,1.7545518109935467,0.6923937121109661,0.3946271109081046,0.37382445087575844,0.43184793605846244,0.2748595024931705,0.9064342767049959,0.12710691504533297,0.4189910499903505,0.2730489825178417,1.0066307515912845
new_preds,OFT-0167-00,fast,5.055693129889123,1526,1.8759815830350526,0.6073821128970551,0.3237676309777004,0.34248837052061176,0.35921944121761973,0.2633252866574763,0.8367849399263212,0.08841323299205912,0.24835430529462257,0.16838376914334086,1.5638400779193518
new_preds,OFT-0167-00,medium,4.155662271513238,1527,1.9433556884293202,0.6194018375028669,0.3187279823198431,0.33567074237492434,0.35631221421772113,0.3150926721724244,0.8439800120957817,0.07838718461335581,0.18778898798932242,0.13308808630133911,2.3675498005057274
new_preds,OFT-0167-00,slow,3.3829908694546797,1528,2.1815388657660506,0.7063146882621901,0.3237690143164911,0.299559623327414,0.3715872235597035,0.34367212794311874,0.7993695237695284,0.10997211610579316,0.23333512642037355,0.17165362126308337,2.0021257076563086
new_preds,OFT-0168-00,medium,4.315623466800502,1529,1.8047648230179572,0.5735550396774931,0.3178004315921811,0.3358104048298941,0.349769757602845,0.21229134806962702,0.8729231099234496,0.08201772300926337,0.2318468494090401,0.15693228620915173,1.3527576332297575
new_preds,OFT-0168-00,slow,3.3903830116651603,1530,1.704003208631512,0.6748880041618619,0.39606028952484523,0.386250431055759,0.43091375385447234,0.3503679434110355,0.8305821730097008,0.14509938214408866,0.3976055168530643,0.27135244949857645,1.2911913788081488
new_preds,OFT-0168-00,fast,5.349835904969842,1531,1.6171000621021367,0.5653217573179201,0.34958984330446097,0.3567536926137025,0.37655633255614346,0.12265649524057597,0.9274404248828657,0.07713251234766358,0.3789958977534686,0.22806420505056607,0.5378156349146537
new_preds,OFT-0169-00,fast,4.581793008742667,1532,1.8549869339612113,0.6342313085325346,0.34190607864723466,0.3458229598874153,0.3784467323828973,0.24530773934585776,0.9024511465386471,0.08630187948377448,0.2797261641633098,0.18301402182354215,1.340376747648209
new_preds,OFT-0169-00,medium,3.773564295279308,1533,1.7456734523224884,0.6569570786240228,0.3763344614939239,0.39320230128824096,0.41141228863518614,0.3369145882483706,0.8808983810420583,0.10578728435038758,0.32204890089992827,0.21391809262515793,1.5749700463099008
new_preds,OFT-0169-00,slow,3.108666821659204,1534,1.6357368939080725,0.60174937739411,0.36787663079263405,0.38300634209525647,0.39711072411781867,0.20541631763712706,0.9471989856123151,0.07697127827421446,0.35885631494761816,0.2179137966109163,0.9426494367582269
new_preds,OFT-0170-00,slow,3.2402296874922203,1535,1.5796880533145579,0.6935835834416743,0.43906363790393454,0.4236994619831966,0.4708786310961521,0.3214047998381218,0.8136612816457081,0.21644423412430996,0.5320042087764686,0.37422422145038925,0.8588562188530876
new_preds,OFT-0170-00,fast,4.893454336733028,1536,1.9095052614031944,0.5596021244998156,0.29306131583454953,0.3019919415562524,0.3263789169177078,0.23076056596734165,0.7949617619693247,0.09960699640451609,0.18018634332964906,0.13989666986708257,1.6495072126205
new_preds,OFT-0170-00,medium,4.0803102469601145,1537,1.8472453979746488,0.5417554731762472,0.2932774788721829,0.3009095228109609,0.32433722816019084,0.20385024024360468,0.7881973192296078,0.09517730662820359,0.21012404653934733,0.15265067658377546,1.3354034505816987
new_preds,OFT-0171-00,fast,5.482213385411963,1538,1.8568100115494883,0.6535740285935384,0.351987561747439,0.3664862622402214,0.38968587010320155,0.28135368604923544,0.9161335637565983,0.07613845420568398,0.2851177764012883,0.18062811530348616,1.5576406008362158
new_preds,OFT-0171-00,medium,4.407420445518479,1539,1.9451143648900298,0.6757791614506168,0.34742387062100744,0.3477568266097063,0.3884682819747086,0.32282391851756514,0.8794024835671368,0.1211882009690958,0.23045852484503662,0.1758233629070662,1.8360695255737887
new_preds,OFT-0171-00,slow,3.4783354534346245,1540,1.8760311403471157,0.591384530700718,0.31523172402740396,0.316481950393649,0.3497508248615682,0.28001616151932557,0.7951003193581841,0.0918211362802753,0.23206568228848784,0.16194340928438156,1.7290988423468456
new_preds,OFT-0172-00,slow,3.211162418677751,1541,1.8352423930066735,0.6257086982936143,0.34094063033740035,0.3485571734471039,0.3765366388319271,0.21127603287955252,0.9172284722167134,0.10333336175524507,0.27430868847619766,0.18882102511572135,1.118922179085032
new_preds,OFT-0172-00,medium,3.917343782041677,1542,1.787043783430584,0.6734059978598745,0.37682680419118697,0.36993709636568783,0.4138992033997728,0.3586735264300653,0.8135679172978875,0.19361118872336733,0.28974418114777123,0.2416776849355693,1.4840986519946466
new_preds,OFT-0172-00,fast,4.9910714487451795,1543,1.8213923124689588,0.7064054459428666,0.38783816155746814,0.4020684137142721,0.4276590721056427,0.33849703443118706,0.9738136762422162,0.09879170032901564,0.29953387742015225,0.19916278887458394,1.6995997914266212
new_preds,OFT-0173-00,medium,4.004313670377142,1544,1.4742314480792893,0.7487406582547123,0.5078854200473156,0.49163361060354316,0.5379923248232403,0.368965075144625,0.928361892987133,0.1380537792436413,0.7165885519175615,0.4273211655806014,0.8634373975913692
new_preds,OFT-0173-00,fast,5.0546495515476115,1545,1.5500196386794254,0.6003781748753314,0.38733585039402296,0.3907163375132118,0.4139661409541866,0.18439188646406807,0.9263432467886216,0.09616335518749639,0.4489660753765604,0.2725647152820284,0.6765068115044676
new_preds,OFT-0173-00,slow,3.1595362137487397,1546,1.7700870784035456,0.6073587599045179,0.3431236617196817,0.32282255272213306,0.37615304899278623,0.2922579659722087,0.7164514295303256,0.08132259731977036,0.41458020314884014,0.24795140023430526,1.1786905244174275
new_preds,OFT-0174-00,slow,3.228482875540048,1547,2.054231163029404,0.5962555528104466,0.29025728143036256,0.27538485970865706,0.32850706535287294,0.30621456456224516,0.6691249399053394,0.14141632168697438,0.19727243525693308,0.16934437847195372,1.8082357815790115
new_preds,OFT-0174-00,medium,4.127879410892093,1548,1.7997272875778012,0.5044101891497681,0.28027034575257154,0.2904965321666874,0.3082878261772212,0.17609595096669214,0.7727194389124366,0.07451285484290436,0.2098230599868519,0.14216795741487814,1.2386472603865615
new_preds,OFT-0174-00,fast,5.2368935030791075,1549,1.9825404578814587,0.5938718351081769,0.2995509285811942,0.3117085554738755,0.33634104189706693,0.17449872978970327,0.9157912715059942,0.03997980283678999,0.2150943634557807,0.12753708314628534,1.3682195443465868
new_preds,OFT-0175-00,fast,5.233541597882971,1550,2.0803275229299203,0.712549291004655,0.34251784065285307,0.33921977604812614,0.3887717719468283,0.3190997437937144,0.8926110721652164,0.08628100645035638,0.25709526537802635,0.17168813591419135,1.8586010156997597
new_preds,OFT-0175-00,medium,4.304180566916713,1551,1.801033710575769,0.7451090362327706,0.4137118766058899,0.3963602264393806,0.45513652155925,0.3991584579867358,0.8819172742383558,0.19253944094963676,0.3469309130622719,0.26973517700595434,1.4798161011751334
new_preds,OFT-0175-00,slow,3.486028012540022,1552,1.9191997265074658,0.6626107991770009,0.3452536961240669,0.3226584975212469,0.3849233340056839,0.37676520412769193,0.7081910557828918,0.18855750284071743,0.26617957327143427,0.22736853805607585,1.6570683320960196
new_preds,OFT-0176-00,fast,6.108678665070566,1553,1.9368792669190338,0.7779404388956934,0.4016463246742024,0.4046161411268894,0.4486830889518887,0.39751492630624097,0.9934349173731702,0.16651162193013003,0.23727089019801384,0.20189125606407193,1.9689556351072786
new_preds,OFT-0176-00,slow,3.6015294839116154,1554,1.706409621323834,0.5451324320681251,0.31946164933435556,0.321743842116929,0.3476704971760769,0.24007683132742655,0.7421349854494912,0.11858604501501582,0.2898841269123739,0.20423508596369488,1.1754925956752746
new_preds,OFT-0176-00,medium,4.63901490761149,1555,1.8844727246168782,0.7013831969715268,0.37219068645003667,0.3571960319127495,0.41333975026522285,0.2854362742100425,0.8975843110942974,0.10310042346718191,0.3672379922893697,0.2351692078782758,1.2137485038338227
new_preds,OFT-0177-00,fast,5.423829957641219,1556,1.6759469689844142,0.5224461061896931,0.3117318840382423,0.30753792421684134,0.3380711618071737,0.19940282740670284,0.7086075596101951,0.10655068186957423,0.3377235783422228,0.2221371301058985,0.8976564490215677
new_preds,OFT-0177-00,slow,3.452755392737216,1557,1.576407552731405,0.5231070102199115,0.3318348794469654,0.33285880471312923,0.3557438957935837,0.19115176782177512,0.7700361909088882,0.08380391982748198,0.37798370461618946,0.23089381222183572,0.8278773951643292
new_preds,OFT-0177-00,medium,4.3415603885864735,1558,1.9556808863249024,0.6631931794472434,0.33911114235692613,0.3371354861723248,0.37962139699321573,0.22586526222268358,0.9378822377608302,0.1357101299759849,0.21902795801336405,0.17736904399467446,1.2734198546476083
new_preds,OFT-0178-00,fast,5.070023236378378,1559,1.6644816006349803,0.5383597253458713,0.32343987770155785,0.33498562983683045,0.3503048586570971,0.13959253898601282,0.8845419740352294,0.06625399979690345,0.3108309218102426,0.188542460803573,0.74037719880745
new_preds,OFT-0178-00,slow,3.4147046534758405,1560,1.4810801665813371,0.6129429171170975,0.4138485754838688,0.41418558301949643,0.43873536818802245,0.32425701618003483,0.8049052079122223,0.17116326417957078,0.4546159844802621,0.3128896243299164,1.0363303573087883
new_preds,OFT-0178-00,medium,4.037671953285971,1561,1.6561927024789662,0.48153082811310743,0.29074565259969976,0.2915493531622918,0.3145937995388757,0.21698195415149354,0.6885967919789358,0.1289923661128294,0.22380408591224382,0.17639822601253663,1.2300687997626043
new_preds,OFT-0179-00,fast,5.173651562570323,1562,1.9985965556880534,0.6678779937373769,0.3341734938132362,0.35260467942498963,0.3758865563037538,0.26801397734070176,0.9875105098583069,0.10019285344963123,0.14782888456637525,0.12401086900800323,2.1612136055864997
new_preds,OFT-0179-00,medium,4.16242146679563,1563,2.098137679912925,0.6278724695957038,0.29925227291173817,0.3127074329091727,0.3403297974972339,0.29123161312790746,0.8185715759410136,0.08047887419165499,0.1710371267283595,0.12575800046000724,2.3158098257177926
new_preds,OFT-0179-00,slow,3.3543028881672603,1564,2.024727478759436,0.791451821318561,0.39089301134169857,0.36818598691721227,0.4409628625888062,0.3502772761940094,0.90576503207055,0.1564073377687621,0.3514018043219034,0.2539045710453327,1.3795627024433132
new_preds,OFT-0180-00,medium,4.515943522677427,1565,1.4339755747788756,0.8194687658254665,0.5714663347399286,0.5483125619675281,0.602466638625621,0.5099625659108913,0.9408475497017131,0.31446140452901616,0.6445950343608632,0.4795282194449397,1.06346726893608
new_preds,OFT-0180-00,slow,3.6400324385177796,1566,1.8813695332946687,0.7464006070983112,0.39673258968492425,0.3968269213798271,0.4404410918615977,0.41279369928130244,0.8544576995871977,0.1651811804682858,0.32933178810960473,0.24725648428894526,1.6694959506053217
new_preds,OFT-0180-00,fast,5.5524056727136974,1567,1.8346030108794449,0.5614536598481147,0.30603550551188363,0.31897624613234565,0.33796277480391257,0.23742540337146528,0.8057181284291685,0.10919034143389963,0.19951722598111693,0.1543537837075083,1.5381897201909414
new_preds,OFT-0181-00,fast,5.767327047762986,1568,2.118631743645479,0.6208908699118361,0.2930621953409817,0.2933172112450873,0.3340407796623386,0.22483576889807982,0.8523653199354008,0.06631242942590869,0.19264960038996495,0.12948101490793681,1.7364381106986368
new_preds,OFT-0181-00,medium,4.607960840645457,1569,1.9622142506865754,0.5726030033491554,0.29181472061412383,0.30702478225047564,0.3269132559560026,0.2349582279572896,0.8028449000482714,0.09626668363778836,0.17358321218066108,0.1349249479092247,1.7413994342644892
new_preds,OFT-0181-00,slow,3.523878771614709,1570,1.7941065902056683,0.6780685894084187,0.3779421987021897,0.36996212801396144,0.41545799754046825,0.30465173286286973,0.8545520303059718,0.11810387011963547,0.38452435687339626,0.2513141134965159,1.2122348746127753
new_preds,OFT-0182-00,slow,3.554337791146271,1571,1.671587566329732,0.6375528565040622,0.3814055986931771,0.385505309393141,0.41342400591953765,0.32985997133416994,0.8566483889930381,0.14475002481848143,0.32243763853246127,0.23359383167547135,1.4121090825396443
new_preds,OFT-0182-00,medium,4.473277456778721,1572,1.8504736954974526,0.7172105305856975,0.38758212685260235,0.3941407903255467,0.42878567731923933,0.39042915656383165,0.8789880362438183,0.13715306174147,0.3085724547278374,0.22286275823465368,1.7518815600080935
new_preds,OFT-0182-00,fast,5.5664165908246055,1573,1.4550601825161893,0.6272385345790604,0.4310739460235911,0.4336749897044508,0.45559451959302455,0.22259185448812757,0.9357873198257601,0.07377259606825354,0.5902263079899572,0.3319994520291054,0.6704584996381668
new_preds,OFT-0183-00,medium,4.493312791008159,1574,2.134104033497277,0.7109624060570082,0.33314327460030796,0.31492869646331567,0.3803706660323956,0.3900921768442988,0.7868461767845876,0.11582384082451083,0.2287204696761852,0.172272155250348,2.2643948250221406
new_preds,OFT-0183-00,fast,5.583182698159296,1575,1.7751988533843137,0.5659865139437865,0.3188299231180586,0.33455491460200143,0.34972449697127456,0.1914606907199153,0.8622289467221965,0.08715443785930649,0.25805391258368016,0.17260417522149332,1.1092471574005929
new_preds,OFT-0183-00,slow,3.486311508627134,1576,1.8789932253284072,0.6366549454121281,0.33882769603964624,0.3210736950259969,0.37605610221120644,0.2963278077005566,0.7989381532069431,0.14651447712649307,0.2624439708108333,0.2044792239686632,1.449182963184413
new_preds,OFT-0184-00,slow,3.6710254807108837,1577,1.7609245641969096,0.6173451537518064,0.35058012495461666,0.361373710087875,0.3839257535542654,0.25869653349591715,0.8765111712401533,0.11584206238868909,0.28465324709230183,0.20024765474049547,1.2918829627800967
new_preds,OFT-0184-00,medium,4.790470491213176,1578,1.7720128790890741,0.5797117470716775,0.32714872104636494,0.3396410469640599,0.35871909929952894,0.26924354598353917,0.8020616936722302,0.10466912865189924,0.2589020288904476,0.18178557877117343,1.4811050898732476
new_preds,OFT-0184-00,fast,6.094575508569205,1579,2.161379089117737,0.5738848503627231,0.26551790625353916,0.27366371149317215,0.30406377426718717,0.19191011418432885,0.8245061537978671,0.038192221070239576,0.16164660801631317,0.09991941454327638,1.9206489055358718
new_preds,OFT-0185-00,slow,3.753049465784072,1580,1.8473908443382083,0.7486063344757103,0.4052235815555771,0.4134931557050494,0.44814642567059393,0.36954272451222725,0.95999541762865,0.21801679751779185,0.2450307630237063,0.23152378027074907,1.5961329072982298
new_preds,OFT-0185-00,fast,5.83156233984127,1581,2.037418032816247,0.552321051016171,0.27108872215718943,0.2720255120017956,0.3062427632645623,0.18972504101367094,0.771733342026377,0.052634263534412265,0.2108784064837886,0.13175633500910044,1.4399690231256552
new_preds,OFT-0185-00,medium,4.833572326287292,1582,2.0370114945130293,0.678955159546066,0.3333094395269369,0.3415166297646101,0.37651515452932804,0.26151613580831995,0.9639647622393438,0.07793896749959187,0.20264075257005656,0.14028986003482422,1.8641128855884785
new_preds,OFT-0186-00,slow,3.813684312011508,1583,2.506116962393854,0.8304100817133555,0.33135328245819146,0.3002263390058501,0.3937353823650869,0.46856413691066995,0.7584305196341052,0.1587550090731329,0.18919186384243963,0.17397343645778626,2.6933085099136074
new_preds,OFT-0186-00,medium,4.940485929068015,1584,1.9962420762275965,0.5863978481635201,0.2937508707719792,0.29054262899898486,0.3303317429459219,0.20288559819978644,0.8212173946465287,0.06953666760524058,0.22768731133213183,0.1486119894686862,1.3652034329473541
new_preds,OFT-0186-00,fast,6.08561141095831,1585,1.9861758831406258,0.7010301401390734,0.3529547136734813,0.33228320316376314,0.39646414198168034,0.2972910939012642,0.8658518165302858,0.11614190484341613,0.30657175265175535,0.21135682874758574,1.4065838121384098
new_preds,OFT-0187-00,medium,4.731252323755824,1586,1.6814919227820673,0.7202424148562423,0.4283353402403412,0.42993783770960836,0.4648237245673289,0.40215131947776445,0.9486942427763838,0.12790061578608605,0.38054872022908093,0.2542246680075835,1.5818737128442955
new_preds,OFT-0187-00,slow,3.5869856248453607,1587,1.9526638700942818,0.7048997855394119,0.36099392032351,0.35082622680388903,0.4039821534754978,0.3426367811256198,0.8612775558903358,0.07932836612138737,0.3326859107646486,0.206007138443018,1.6632277100455617
new_preds,OFT-0187-00,fast,5.794088237211599,1588,1.5893193804929504,0.5989635051541532,0.37686793007480723,0.3802820797112242,0.4046298769597255,0.19880391181312532,0.8932177792749502,0.07566186823756794,0.4508359485132586,0.26324890837541326,0.7551936797763111
new_preds,OFT-0188-00,fast,5.896086256311796,1589,2.0617643937866275,0.7011323106911754,0.3400642249929823,0.3132239563836331,0.3851977357052564,0.2697593817690649,0.843238799177838,0.12718447527654078,0.3006082865975819,0.21389638093706131,1.2611685180799819
new_preds,OFT-0188-00,medium,4.659060280080129,1590,2.332591707161129,0.6425685677784239,0.2754740856729098,0.256479391483766,0.3213608959360992,0.2499164750390401,0.7819979163711286,0.0820311151296387,0.17149807720458943,0.12676459616711405,1.9715005813577053
new_preds,OFT-0188-00,slow,3.5816987738142023,1591,2.124358135221409,0.6784354473932831,0.31936020398113046,0.2843323747099733,0.36424460940764974,0.32111992697005404,0.7585168546722445,0.11637648587134708,0.26096517011695325,0.18867082799415016,1.7020115424521831
new_preds,OFT-0189-00,slow,3.4479913875647275,1592,1.8987520839579133,0.5530339662980752,0.2912618087271753,0.316628894444964,0.32398332842353783,0.2555750700861736,0.8232044000219141,0.0916808691790062,0.12547297440705746,0.10857692179303183,2.353861813962161
new_preds,OFT-0189-00,fast,5.175826289857898,1593,1.5139600489236251,0.5936650956808898,0.3921273194117413,0.399534511164234,0.41731954144538486,0.2534474129052978,0.8504201167547534,0.09289527199525366,0.4725153641262344,0.28270531806074406,0.8965074114765691
new_preds,OFT-0189-00,medium,4.320428814791069,1594,2.0881274251795134,0.7463725895591122,0.3574363233579711,0.34106420828568107,0.4060533566331137,0.37945112724324803,0.900001562829944,0.13053705583290182,0.2142236806263611,0.17238036822963146,2.2012432804283915
new_preds,OFT-0190-00,slow,3.5853921652910365,1595,2.1151850691872083,0.7693741606086638,0.3637384604385031,0.3527021528319974,0.41444292295977314,0.354028142587858,0.9442137329750283,0.12596090074102995,0.2335689155351762,0.17976490813810309,1.969395174256582
new_preds,OFT-0190-00,medium,4.5095706962360955,1596,2.0940415059406257,0.6011881074842316,0.2870946472544645,0.2865842479179127,0.3263563297831854,0.2677467561299181,0.8050314810946971,0.057814558399314105,0.1748325235088125,0.1163235409540633,2.301741796492015
new_preds,OFT-0190-00,fast,5.473119791788523,1597,1.7222999454588492,0.6404260335199204,0.3718434963715338,0.3495828140582963,0.4054163135150822,0.2074414214898627,0.897739599538775,0.0980779363375343,0.41840629669415663,0.25824211651584544,0.8032826879233478
new_preds,OFT-0191-00,medium,3.407999046880854,1598,1.7389233637810437,0.6473179144978374,0.37225212334276525,0.35665718240384037,0.40663534723714934,0.36291443204392987,0.7699916619070952,0.13109562150595755,0.36253967349161476,0.24681764749878615,1.470374730987235
new_preds,OFT-0191-00,slow,2.9225237845555223,1599,1.5156360614099247,0.6931458746942443,0.4573300229142367,0.4491892834760634,0.48680700438673763,0.4026306065132801,0.8563424464531227,0.21049952436058805,0.4777554402199593,0.3441274822902737,1.170004220045578
new_preds,OFT-0191-00,fast,4.050506352581518,1600,1.619105922768348,0.6277319097903121,0.38770280619875436,0.39651578276003335,0.417706444147699,0.2519413921532848,0.9040842971035443,0.18472938013800838,0.3300707071959587,0.25740004366698355,0.9787931212600688
new_preds,OFT-0192-00,fast,5.510580627772379,1601,1.6734296241921824,0.6119037033032441,0.36565846239194516,0.37463551494723224,0.39643911750585764,0.20603647280179754,0.9066523877064216,0.1003713357720737,0.37269627374313774,0.23653380475760571,0.871065651748759
new_preds,OFT-0192-00,medium,4.251130896910805,1602,1.8681011130538043,0.6376529786415555,0.34133750801056884,0.3569761308737708,0.37837694183944226,0.2866987145490666,0.9156477521872146,0.07562606352300819,0.23553523709847973,0.15558065031074397,1.8427658836522292
new_preds,OFT-0192-00,slow,3.3386570619268268,1603,1.8231952585957216,0.7114095082074713,0.3901992970053135,0.3870275525018204,0.4303505734055832,0.3399739681472994,0.8932594402613435,0.1741780344516382,0.3139908507620516,0.2440844426068449,1.3928539013644021
new_preds,OFT-0193-00,fast,5.819631735270331,1604,1.864302370182727,0.6241907815354819,0.3348119873249438,0.3496116685323212,0.37098433660126107,0.29186606500233797,0.8722087611429736,0.12956014096962146,0.19030237929011098,0.15993126012986622,1.8249469476157383
new_preds,OFT-0193-00,slow,3.420657640360149,1605,1.63086480679845,0.7481382495072584,0.4587371352846397,0.4737195399665041,0.49491227456246695,0.48834468084429516,0.9369924838362113,0.22382591265241952,0.33048602091694185,0.2771559667846807,1.7619850891526525
new_preds,OFT-0193-00,medium,4.476764848446923,1606,1.8826156551636914,0.6404343250545667,0.34018325689471735,0.3467588436151753,0.3777146404146986,0.23850133160562242,0.9188864833272624,0.06272029012468361,0.2907504566012258,0.1767353733629547,1.3494827156973344
new_preds,OFT-0194-00,slow,3.2589022850022915,1607,1.563688597050223,0.5090726605189014,0.3255588494277105,0.33156396523245046,0.3484980758141094,0.1569444394724426,0.7872631951057454,0.11103749748398364,0.3387471711942661,0.22489233433912487,0.6978647802009085
new_preds,OFT-0194-00,fast,4.8303960818967635,1608,1.4623739019142765,0.56081912657157,0.3834991350963297,0.394704139595499,0.40566413403073476,0.17756493184051694,0.9076470003345606,0.051647504102072916,0.4857970998457889,0.2687223019739309,0.6607748241816668
new_preds,OFT-0194-00,medium,3.9728422191767283,1609,1.6432325813426771,0.5346401496482133,0.32535878105055677,0.3307621587335029,0.35151895212526374,0.21454231304080099,0.7548454283485372,0.11146040977586334,0.32522765733585346,0.2183440335558584,0.9825883929450958
new_preds,OFT-0194-01,slow,3.1304997002030834,1610,1.9457961887333117,0.6217348786082837,0.3195272363098959,0.31994571397766947,0.3573031915971943,0.22686469436967008,0.8591618818705724,0.09118053403269129,0.2520056561158434,0.17159309507426734,1.3221085281519085
new_preds,OFT-0194-01,medium,4.002993590709315,1611,1.43997526784261,0.5510091867372544,0.3826518406547243,0.3871299152837355,0.4036965089150406,0.1817333052348987,0.8381556614870979,0.10936311543629494,0.485533953501871,0.297448534469083,0.6109739473394117
new_preds,OFT-0194-01,fast,5.1751946221598235,1612,1.3271902039631545,0.4861516215955496,0.36630139383476507,0.37297208268705684,0.38128267230486323,0.129607724258687,0.791842294979133,0.06480350940841116,0.5388771605732219,0.30184033499081653,0.4293916658376035
new_preds,OFT-0195-00,fast,5.675006290059634,1613,1.7239029425006056,0.6399570911989712,0.3712257084906892,0.38521801916903753,0.40481713132922426,0.24716217445253938,0.9475389882661427,0.09816862463376692,0.3263987379644479,0.2122836812991074,1.1643013393209827
new_preds,OFT-0195-00,slow,3.3062051430397146,1614,1.8458426367354428,0.6786392924117661,0.3676582601927581,0.37004552000798513,0.4065308892201341,0.30632253616160454,0.8771871290820861,0.16778481426324646,0.27482907737359924,0.22130694581842286,1.384152381791645
new_preds,OFT-0195-00,medium,4.411624190434277,1615,1.628639678455032,0.618751701659442,0.37991933381262405,0.4013320052667706,0.4097733797934763,0.32259059998139294,0.8680629178250252,0.15180189371049418,0.2966381076569929,0.22422000068374354,1.438723570589934
new_preds,OFT-0196-00,medium,3.7728671883137768,1616,1.8342950225857724,0.5437561212742982,0.29643874871762727,0.29813942461583187,0.32735342028721115,0.17366781206431428,0.8178283484344337,0.06815176946513042,0.24976575118496624,0.15895876032504833,1.092533759757487
new_preds,OFT-0196-00,slow,3.061627894864424,1617,1.5778858068239283,0.8641180688006094,0.5476429695124533,0.49383541817684473,0.5872023569234728,0.6396145453215891,0.851979944607867,0.2629626974537091,0.5942522403107257,0.42860746888221735,1.4923084448100394
new_preds,OFT-0196-00,fast,4.963449291396983,1618,1.870535770378881,0.6666590596365425,0.35640005938058555,0.34328221575000445,0.39518243441258005,0.2635111584018903,0.8534697881790055,0.07258533490124239,0.39116345616818216,0.23187439553471229,1.1364392251857836
new_preds,OFT-0197-00,fast,6.847271552290672,1619,1.7757998773283599,0.7149940629034004,0.40263211639539503,0.3893400941882519,0.44167735970889566,0.3371818523899469,0.8926121700503656,0.13252219346206712,0.4043932229332031,0.26845770819763515,1.2559961665981219
new_preds,OFT-0197-00,slow,3.948593609845212,1620,1.9940240277802304,0.77579454234625,0.3890597763808659,0.37053565049052395,0.4374016221265389,0.451535313898458,0.8663766517047382,0.21506148778820153,0.21663303511475815,0.21584726145147984,2.0919205129686502
new_preds,OFT-0197-00,medium,5.34700993173438,1621,1.9778008361342851,0.6222914679584933,0.31463808518495445,0.3112877086143193,0.3530947580316468,0.21306121521072505,0.8717037175688527,0.07204246088583416,0.2555716384611751,0.16380704967350462,1.3006840403718423
new_preds,OFT-0198-00,fast,4.993755192409676,1622,2.0960025807304516,0.5694995697479758,0.2717074754504866,0.28276152505285623,0.30893148723767283,0.16562824932259718,0.8740171265928007,0.02749353467768113,0.16858703835761235,0.09804028651764674,1.6893896907653871
new_preds,OFT-0198-00,medium,4.175444280305795,1623,2.465732101423518,0.7392809668001618,0.29982209599062265,0.27957091377901755,0.3547544548418151,0.3443355972265413,0.8471288427629423,0.09414961046748763,0.13340376891028918,0.1137766896888884,3.026416027466561
new_preds,OFT-0198-00,slow,3.311452167210163,1624,2.0209009893019934,0.624271213998571,0.30890737215888564,0.3043364072931824,0.34832785238884634,0.23897068263150043,0.807588789870962,0.0854849231971776,0.2612670138557453,0.17337596852646145,1.3783379822621011
new_preds,OFT-0199-00,medium,3.851799441592652,1625,1.5421920298755816,0.5900357012880844,0.38259548088553297,0.3996313126153662,0.4085255084358517,0.33323545140776956,0.7999632890149955,0.14766567011017567,0.3532376232104664,0.25045164666032105,1.3305380733220946
new_preds,OFT-0199-00,slow,3.1938542879092418,1626,1.5652880620829912,0.6643670315974534,0.42443755094723823,0.43784560335538236,0.45442873602851525,0.41627704829648937,0.8051091025708588,0.1633577967991795,0.4329709964475334,0.2981643966233565,1.3961326469918327
new_preds,OFT-0199-00,fast,4.647304208315033,1627,1.8423179916766559,0.5648726816220061,0.30660976236134296,0.32201459211829253,0.338892627268926,0.1998390325002635,0.8594426848104267,0.10853498978095488,0.18775380198405864,0.14814439588250677,1.348947635243359
new_preds,OFT-0200-00,fast,5.800695307934705,1628,1.8674215417740632,0.6711043355732619,0.3593748495241777,0.3534305095537021,0.39834103528031334,0.31645403869157357,0.8283885613938431,0.09326544591700199,0.3552560951188346,0.2242607705179183,1.411098508048197
new_preds,OFT-0200-00,medium,4.5621819882157695,1629,1.7572415510290058,0.6909336098687612,0.3931921649952815,0.40126973875679395,0.4304098456044665,0.38957086397483,0.8984338634895748,0.08850384825728122,0.34513080669618024,0.21681732747673071,1.7967699745613714
new_preds,OFT-0200-00,slow,3.626369354475952,1630,1.5025946512334216,0.5559563167126829,0.36999753476848857,0.3669500586843045,0.3932423825115127,0.3603483945586482,0.6355505734339013,0.18293876589750932,0.39413179615599236,0.28853528102675086,1.248888500832033
new_preds,OFT-0201-00,medium,4.270946852960539,1631,1.6747925551594594,0.6029270987094166,0.3600010621327434,0.37270041701480927,0.39036681670482754,0.2807893231294323,0.8646317909691223,0.10688892577292332,0.30915722694783215,0.20802307636037773,1.3497989167461153
new_preds,OFT-0201-00,slow,3.3541134438667686,1632,1.596932300924229,0.6011856257638376,0.37646281274159193,0.3768620001238818,0.4045531643693726,0.2043216855938564,0.8859261330753344,0.09532366669166481,0.4326411721166351,0.26398241940414996,0.7739973216968112
new_preds,OFT-0201-00,fast,5.214521318480013,1633,1.6255884919747003,0.5517413769968115,0.33941023802806203,0.34591186257824424,0.3659516303991557,0.15302521826577642,0.8595973335822855,0.08253042626183299,0.3686535434867277,0.22559198487428034,0.678327372096378
new_preds,OFT-0202-00,fast,5.750044288912785,1634,1.879474083011248,0.5618113530244794,0.29891944672328696,0.303755635896565,0.3317809350109359,0.1811062450555367,0.8079893392035445,0.07218747325234945,0.2658406825323132,0.1690140778923313,1.071545325182371
new_preds,OFT-0202-00,medium,4.61885119755826,1635,1.8369263908349167,0.578223260207301,0.3147775888529142,0.32561695185821654,0.34770829777221274,0.20754716461962885,0.8528065748466418,0.04110105309657492,0.28937839852600516,0.16523972581129004,1.2560367284599316
new_preds,OFT-0202-00,slow,3.508138906657688,1636,1.675849913163678,0.5793009132771499,0.3456758918127356,0.34529010772180146,0.37487901949578745,0.24000720257950633,0.7776274201058045,0.1031461988764682,0.37873525642137057,0.24094072764891938,0.9961254990863425
new_preds,OFT-0203-00,medium,4.629792182293354,1637,1.8298942112590617,0.6065943049811222,0.3314914606805352,0.34248754581636776,0.36587931621810876,0.2600904333134711,0.8530579062652159,0.10236447221412845,0.24800445307961955,0.17518446264687398,1.484666102140264
new_preds,OFT-0203-00,fast,5.940797292533743,1638,1.6044957487798346,0.5838594463356997,0.3638896810912122,0.3541572919418536,0.39138590174677323,0.20653870367192667,0.8026596809100945,0.06477117131802684,0.49157405108704477,0.2781726112025358,0.7424839662649142
new_preds,OFT-0203-00,slow,3.6631382190167723,1639,1.7258316653828025,0.7928965753944599,0.45942868664342734,0.4264609930634724,0.5011121727373062,0.4739177248250901,0.8561994399714623,0.18599310093753152,0.4883384252151415,0.3371657630763365,1.4055926690213563
new_preds,OFT-0204-00,fast,5.938296199141229,1640,1.7112057212993947,0.6480458418830165,0.37870715006196126,0.3798835311287351,0.4123744865395932,0.30770952341918356,0.9033348010245212,0.09962872817698579,0.33882489353768197,0.21922681085733386,1.4036126430696085
new_preds,OFT-0204-00,medium,4.359897730954877,1641,1.9138756564466848,0.7226693610884707,0.3775947296545815,0.37805366061385814,0.42072905858381743,0.3553887209477751,0.9231649251700975,0.07619904952788437,0.32816353868951315,0.20218129410869876,1.7577725106295314
new_preds,OFT-0204-00,slow,3.5324768957120525,1642,2.020922107750902,0.6474399345217035,0.32036857434463106,0.3156437094448903,0.3612524943667651,0.2454131099981612,0.8686943453280769,0.12125335299741444,0.2096491691434078,0.16545126107041114,1.48329549385375
new_preds,OFT-0205-00,fast,5.226740100850994,1643,1.787093303363277,0.5327543754379195,0.2981122331079667,0.290609486623852,0.3274425008992108,0.21152968072250725,0.7256391561150659,0.10397993736665419,0.2686212293926156,0.1863005833796349,1.1354214618397713
new_preds,OFT-0205-00,slow,3.2971110882647765,1644,1.8419120119015602,0.7270863739941908,0.3947454434826985,0.37698542614236574,0.43628805979663504,0.4388751313606072,0.8005104583275803,0.16959849231756097,0.33616815718079157,0.2528833247491763,1.735484661932169
new_preds,OFT-0205-00,medium,4.1918143545338555,1645,2.1111520548507854,0.6376777127157987,0.3020520057996814,0.30363480537550946,0.34400521916419613,0.26405472538970864,0.8712773565962386,0.10539885962745313,0.1352899350433839,0.12034439733541852,2.1941588577135596
new_preds,OFT-0206-00,fast,4.903698195488754,1646,1.574921453382696,0.6079672113206905,0.38603017948283563,0.40135632865086185,0.41377230846256763,0.2005958805459834,0.9479325443385394,0.07778403950615354,0.428776769459594,0.25328040448287376,0.7919913147467641
new_preds,OFT-0206-00,medium,3.8830147618723783,1647,1.53318569073896,0.5546762295125875,0.3617802024001714,0.3746700511520219,0.38589220578922345,0.18979991279492883,0.8766181584507193,0.08862414688115654,0.3885266050300889,0.23857537595562273,0.7955553335488965
new_preds,OFT-0206-00,slow,3.1366221178884732,1648,1.5985041690119426,0.6480964145452689,0.40543930201062045,0.3959642576899199,0.43577144107745136,0.21296504771700422,0.9372594894793108,0.07653087715767777,0.5163303499558128,0.2964306135567453,0.7184313562007879
new_preds,OFT-0207-00,slow,3.5352843547755337,1649,1.7976747501838544,0.6268848259966577,0.3487198259487953,0.34517208364733387,0.38349045095477824,0.29463716573789667,0.8236736311827579,0.1221224657431696,0.29352854115528887,0.20782550344922923,1.4177141921846714
new_preds,OFT-0207-00,fast,5.618408552120052,1650,1.4940073752720768,0.6083192858287751,0.4071728800655973,0.41091119984784447,0.43231618078599443,0.17622223491684566,0.9615048651195879,0.07894881723784149,0.5125888058697028,0.29576881155377216,0.5958107414743682
new_preds,OFT-0207-00,medium,4.561492363308023,1651,1.8345358245785612,0.6579704118797258,0.35865770679669234,0.3830798327296283,0.3960717949320715,0.2693107392424224,0.9543003408458258,0.11883031595603386,0.24184578368400422,0.18033804982001905,1.4933661504668585
new_preds,OFT-0208-00,medium,4.1724301562563335,1652,1.775538009083101,0.7538118806420906,0.4245540657456068,0.40632659698685447,0.46571129260766725,0.38900704918386303,0.8758706023539737,0.1666586758941826,0.43130884299864963,0.2989837594464161,1.3010975910669185
new_preds,OFT-0208-00,slow,3.341988712731878,1653,1.600899244779697,0.6111659474518811,0.38176415501775374,0.3940922891547616,0.41043937907201966,0.3712870123375733,0.7909792359843015,0.164694027529567,0.3147972404366369,0.23974563398310195,1.5486705896122503
new_preds,OFT-0208-00,fast,5.234581878752244,1654,1.776326812403797,0.6675430022752051,0.37579965444076086,0.36308530189176724,0.41226757292006644,0.29077890986614113,0.8989438066401267,0.10036424978964224,0.35898332538435546,0.22967378758699886,1.2660517898935075
new_preds,OFT-0209-00,fast,5.962448523243186,1655,1.8878075059882988,0.6521128449045077,0.34543397186203884,0.3481631884291712,0.3837688309923475,0.3098955490398429,0.8710717472852664,0.1170340966764334,0.23707393096784746,0.17705401382214042,1.750288188050616
new_preds,OFT-0209-00,medium,4.893475508445682,1656,1.94135050951845,0.6710777262430526,0.345675715411903,0.3457981006278765,0.3863509667657967,0.2379825266069442,0.9496194818233413,0.09983176985909965,0.2579700887738019,0.17890092931645077,1.3302475706315997
new_preds,OFT-0209-00,slow,3.6761481583393785,1657,1.7093225642045662,0.6378893934569857,0.3731825735032216,0.3964776790515042,0.4062709259974422,0.3911981150961504,0.8186365017786561,0.19318708240408064,0.22206200471088133,0.207624543557481,1.8841612286933067
new_preds,OFT-0210-00,fast,4.8934193755177375,1658,1.9655098314807389,0.6690241883451581,0.3403820106262919,0.32385872872343,0.38146228284115014,0.29744048585959987,0.8366723063553019,0.10431007092593235,0.2874262682237663,0.19586816957484934,1.5185748991539716
new_preds,OFT-0210-00,slow,3.1980803831826226,1659,1.6084988736081318,0.5273182118329088,0.327832503015713,0.3308805697276148,0.35276821661786256,0.19338858219561147,0.7421294193546303,0.08706049987397772,0.38849436504723045,0.2377774324606041,0.8133176483333963
new_preds,OFT-0210-00,medium,3.8670548805988187,1660,1.7024624294194228,0.8295789858541918,0.48728181692508565,0.4875273642116036,0.530068963041224,0.5550775690401741,0.825892687550821,0.29735388599549806,0.4419517095784025,0.36965279778695026,1.5016187415957112
new_preds,OFT-0211-00,fast,5.058052660363547,1661,1.879450740881948,0.6388400905959443,0.3399078660056625,0.3410394132630506,0.3772743940794478,0.26021339058141496,0.8857574005025407,0.12327386987265251,0.23985291536118325,0.1815633926169179,1.433182024365679
new_preds,OFT-0211-00,medium,4.140412433944221,1662,1.8395717345318903,0.5593876684771418,0.3040858140927499,0.3155201946382915,0.33599854589079875,0.237646133978405,0.7726509495019126,0.1409713332666391,0.1927257668162385,0.16684855004143878,1.424322440437048
new_preds,OFT-0211-00,slow,3.296104757307001,1663,1.640850028641067,0.6518282564340018,0.3972503550332619,0.41228357606799715,0.42907259270835446,0.4551872018894796,0.7538967633999059,0.25473923157265643,0.252467173971376,0.2536032027720162,1.7948795477109296
new_preds,OFT-0212-00,fast,5.331293812869353,1664,1.848549194403433,0.5909633211007347,0.3196903403436074,0.32579398392633463,0.35359946293824823,0.16803700110662279,0.902358336572594,0.04262554467897436,0.30137696939480185,0.1720012570368881,0.9769521688471433
new_preds,OFT-0212-00,medium,4.31445850001586,1665,1.4434478466385243,0.6215847711550828,0.43062502923303975,0.41519249594329016,0.45449499697329504,0.2614015478519873,0.8479678231976551,0.09418922468047376,0.6144213921630641,0.35430530842176894,0.7377861455601226
new_preds,OFT-0212-00,slow,3.2570145404255055,1666,1.8569109365103247,0.6327667200668463,0.3407630961859694,0.3402090603211674,0.3772635491710792,0.303678227994872,0.8458243368000913,0.13702107430341715,0.2225305575859361,0.17977581594467662,1.6892051158222778
new_preds,OFT-0213-00,fast,5.569081796575872,1667,1.6437915994682226,0.670738357775338,0.4080434271548329,0.4206041507502162,0.4408802934823961,0.35199844385004253,0.9132263687753486,0.15995243780690982,0.3383439234972837,0.24914818065209676,1.4128076028039027
new_preds,OFT-0213-00,slow,3.463578207156547,1668,1.573190619840271,0.7039989605723165,0.4474975579525098,0.4561690389511457,0.4795602332799857,0.498406258374272,0.8513689414934741,0.18163558525593118,0.3868301479962657,0.2842328666260984,1.7535138152404928
new_preds,OFT-0213-00,medium,4.464817108635918,1669,1.6900699591055597,0.6902210650094016,0.40839792535847996,0.42609547247648144,0.44362581781484545,0.3917656743250474,0.8911323965933915,0.20243233650347833,0.289172863837465,0.24580260017047167,1.5938223357008665
new_preds,OFT-0214-00,slow,3.9435647710115194,1670,1.848344499548981,0.8266939489154947,0.4472618330171774,0.4105129501039491,0.4946908475044671,0.44593296928606563,0.9320100728293984,0.14476498162923013,0.45605536627317467,0.3004101739512024,1.4844136715506229
new_preds,OFT-0214-00,medium,5.06566644491064,1671,2.0879938408018117,0.6413910752113073,0.30718053984536964,0.30632808207280393,0.348956856766112,0.2539402898613199,0.853884903434861,0.062498058838755824,0.2255041749295108,0.1440011168841333,1.7634605575014133
new_preds,OFT-0214-00,fast,6.254438349862119,1672,1.607205169770261,0.5409663453214025,0.33658823123293585,0.34586049646116734,0.3621354954939941,0.17312192451177055,0.8269368669759322,0.1016447585315694,0.3468384319567045,0.22424159524413695,0.7720330580206975
new_preds,OFT-0215-00,slow,3.8638906699444178,1673,1.2428948273906948,0.5978399014541861,0.4810060258350883,0.47767918778562857,0.4956102602874757,0.2319821894503131,0.8713202847215196,0.10859078220613094,0.7705477847719389,0.4395692834890349,0.5277488627252999
new_preds,OFT-0215-00,fast,5.83599793919249,1674,1.815593593303838,0.6436772520335486,0.3545271664361011,0.3651832864663853,0.39067092713578205,0.2242069033858068,0.963988073707548,0.08298248828345958,0.29150624316631374,0.18724436572488667,1.1974026695960946
new_preds,OFT-0215-00,medium,4.7176751057122,1675,1.9499512116449556,0.6201412319377912,0.3180291015664169,0.32406393311042914,0.35579311786283874,0.2048196778814186,0.9041999433661482,0.12382291515939947,0.19032993504438858,0.157076425101894,1.303949193830672
new_preds,OFT-0216-00,medium,3.7333760746882523,1676,1.95784547187684,0.5728869692261904,0.2926109222894933,0.3016569697800802,0.32764542815658027,0.16456446796849414,0.8758149411855625,0.06485700712777827,0.2053452963444867,0.1351011517361325,1.2180833831076938
new_preds,OFT-0216-00,fast,4.66326757335976,1677,1.8616889191375194,0.5795505919138614,0.3113036694564174,0.29813824684749657,0.3448345347635979,0.2106009818281488,0.8012572278929103,0.06814153241125556,0.29933839692207664,0.1837399646666661,1.1461903903715935
new_preds,OFT-0216-00,slow,3.049817873725828,1678,2.145172161007224,0.8328634678995039,0.3882501754583879,0.3630764903390572,0.44382683701352743,0.3842483651821226,0.9200045053320687,0.17586511497465476,0.29518936256526396,0.23552723876995935,1.6314391795567218
new_preds,OFT-0217-00,fast,5.176618781716526,1679,1.6482857691267865,0.5402252107208736,0.32774972692209137,0.3378544910140502,0.354309162396939,0.14811090733070228,0.8563983040561515,0.07255159446505698,0.34017584373584564,0.20636371910045131,0.7177177653917285
new_preds,OFT-0217-00,slow,3.2970450183200906,1680,1.7574728971836044,0.6057319400249299,0.34466075749767233,0.3643994674529506,0.3772946553135794,0.3015317388392165,0.8587865992352549,0.10706012188401318,0.24180016129583337,0.17443014158992326,1.7286676264249266
new_preds,OFT-0217-00,medium,4.1844179804807835,1681,1.872349975349631,0.654925176517964,0.3497877988305404,0.36327552696122617,0.38792997104146826,0.3437186377547269,0.8525478871622147,0.10715848162166955,0.24829487762726227,0.17772667962446592,1.933973213706573
new_preds,OFT-0218-00,fast,5.290327066730436,1682,1.5400974346458254,0.6425615022786381,0.41722133147141255,0.4223608265417981,0.4453888528223156,0.26139106661457623,0.8894401155049148,0.12600606994779276,0.5047181592219788,0.3153621145848858,0.8288600771168974
new_preds,OFT-0218-00,medium,4.271064923703538,1683,1.9445005090594298,0.6452147599102637,0.3318151663649392,0.32429130783919136,0.3709901155581049,0.29495636660005714,0.8005681180701593,0.1014064231585007,0.2870295544037024,0.19421798878110155,1.5186871641045332
new_preds,OFT-0218-00,slow,3.5187865831665004,1684,1.8290247739089507,0.6961452289633738,0.38061006001334136,0.3818357768597686,0.42005195613209556,0.3884016966096248,0.857966402281712,0.14601354832558336,0.28782617731146193,0.21691986281852266,1.7905308050769217
new_preds,OFT-0219-00,fast,5.807467979002098,1685,1.819642137585042,0.6874933042922686,0.37781786324462835,0.37827878122308745,0.4165272933755834,0.36568196766013883,0.8237502987030514,0.1853408057111294,0.2913361014280142,0.23833845356957178,1.534296972156006
new_preds,OFT-0219-00,medium,4.418360218137265,1686,1.8359469844991398,0.6026973061972194,0.32827598579140876,0.341760412500856,0.36257865084213525,0.2096018926730225,0.9039122697777465,0.08270049943140328,0.25409994148636866,0.16840022045888597,1.244665191659863
new_preds,OFT-0219-00,slow,3.4091585074699267,1687,1.4387253504167115,0.5643087147938572,0.39222824191595096,0.38496318485756664,0.4137383010256892,0.21163156895262947,0.7935104199603394,0.10545000839313015,0.5443612067966578,0.32490560759489395,0.6513632390626531
new_preds,OFT-0220-00,fast,5.637483818771867,1688,2.0310363975506003,0.6892860719110795,0.33937652360260423,0.35007209346600243,0.3831152171411637,0.2943644714484727,0.9566490325463314,0.09726723643072097,0.18418012813912982,0.14072368228492538,2.0917905690704464
new_preds,OFT-0220-00,slow,3.5821176634866867,1689,1.890413070740431,0.6317337177468525,0.3341776078068573,0.31372404416368993,0.37137212154935695,0.34003589312134597,0.7333121674677168,0.15664027682686643,0.25550014878149824,0.20607021280418233,1.6500972580858357
new_preds,OFT-0220-00,medium,4.427638501626099,1690,1.5898264603159529,0.6690654124121576,0.4208417894108967,0.42954088942788227,0.4518697422860542,0.36280674374184935,0.8929361099226478,0.14995454447698683,0.4017815710027329,0.27586805773985984,1.3151458951582267
new_preds,OFT-0221-00,medium,4.222561190110179,1691,1.5355294003823663,0.6192752966389645,0.4032975835465978,0.39699349002546025,0.4302947976831435,0.24055152333199759,0.8475714677652992,0.10850732777948544,0.5245488718557915,0.31652809981763846,0.759968936314301
new_preds,OFT-0221-00,fast,5.100138865736541,1692,1.7017344737548898,0.5277801162692767,0.31014246018341857,0.30862976745490367,0.3373471671941508,0.2009897993448427,0.7208597753189997,0.06592879927682899,0.361610294835932,0.2137695470563805,0.9402171736455651
new_preds,OFT-0221-00,slow,3.4562726766340996,1693,1.8670728817517472,0.6253613536957071,0.33494212240337035,0.31767037104936674,0.37124452631491256,0.1877992445415467,0.8818488214839313,0.09659669917356156,0.31873334006061044,0.207665019617086,0.9043374030341276
new_preds,OFT-0222-00,fast,5.47544823734877,1694,1.7757531173243737,0.5993053961733242,0.3374936472454747,0.34707257272950587,0.3702201158614559,0.18743354445830065,0.9027437071127755,0.06153185241926581,0.329171359455482,0.19535160593737388,0.9594676407133729
new_preds,OFT-0222-00,slow,3.3034067461390686,1695,2.041012919126903,0.6087686720908361,0.29826791706504874,0.270398869069652,0.3370805114432721,0.2743460148985587,0.7298398184601163,0.11618838151213624,0.2279478309022773,0.17206810620720678,1.5944036401969082
new_preds,OFT-0222-00,medium,4.344682781108927,1696,1.6766804494590093,0.6414873469235968,0.3825936821357799,0.3463757893163125,0.41495539023425687,0.31254363995916273,0.8141388737630499,0.12952742945043347,0.4036116177643817,0.2665695236074076,1.17246576326356
new_preds,OFT-0223-00,fast,6.06893176584609,1697,1.7097503533835898,0.6509602291352239,0.3807340807662218,0.3763641449394311,0.41451234931234726,0.20643735981019606,0.9539096404404875,0.08859511895321268,0.4091072780454926,0.2488511984993526,0.8295614449722375
new_preds,OFT-0223-00,slow,3.8322528519010834,1698,1.9241393616576348,0.7263264108316863,0.3774811873324811,0.3495203011941933,0.4210868402698818,0.2988542334403435,0.8803184115049869,0.09141598417362996,0.4137587319605669,0.2525873580670984,1.1831717775873587
new_preds,OFT-0223-00,medium,4.869651967529479,1699,1.571008938298314,0.6675661567330424,0.4249282995526028,0.4287808786891676,0.45525803170015783,0.2688672120256341,0.9717174887006642,0.1849085618605949,0.39553886421373796,0.29022371303716643,0.9264136593525099
new_preds,OFT-0224-00,fast,5.664079941495144,1700,2.0796734506077077,0.5900495310598532,0.2837222021021777,0.28832115786991985,0.32201311822188716,0.20998462063874188,0.8393210965964732,0.0562703200796515,0.1824764355726818,0.11937337782616665,1.759057374957796
new_preds,OFT-0224-00,medium,4.419294573914287,1701,1.8786437282706967,0.5730004679423867,0.30500752181992336,0.2971474145800488,0.33850664008523135,0.2857982682529394,0.6915580875572022,0.09945881675630555,0.27721138777447846,0.18833510226539202,1.5174986755799107
new_preds,OFT-0224-00,slow,3.5597366732722073,1702,1.6245849998040767,0.6686771192565782,0.41159872788264085,0.4189779952492978,0.4437335268043831,0.3169831029505938,0.9114073947310741,0.16756477150235277,0.3789788380335115,0.2732718047679321,1.159955390274464
new_preds,OFT-0225-00,fast,5.7338858303548275,1703,2.0583260230046263,0.5994716191312184,0.2912423068218047,0.2824505513060568,0.3297709708604813,0.18713543054848195,0.8337709869826675,0.06053352031914144,0.23764394559163432,0.14908873295538788,1.2551949891778802
new_preds,OFT-0225-00,medium,4.398676183633907,1704,1.8483051233401229,0.6619520767870544,0.35814004323638005,0.3506007197435056,0.3961165474302143,0.38618718733448715,0.7910986466127261,0.16391287331181098,0.2432674824618325,0.20359017788682174,1.8968851608802726
new_preds,OFT-0225-00,slow,3.5220442306257147,1705,2.085565014121093,0.6137830079002363,0.29430058700850387,0.28411743150133256,0.3342358896199705,0.2392395612397787,0.8171297228592079,0.08671671601778383,0.19385755836311136,0.1402871371904476,1.7053563571904504
new_preds,OFT-0226-00,medium,4.346613767629772,1706,2.1768874479951132,0.6939896120398532,0.3187990323886562,0.28452223900026985,0.3656978548450559,0.29395352279409265,0.7730985789142528,0.10223252591801164,0.2935067917538663,0.19786965883593896,1.4855916997250214
new_preds,OFT-0226-00,fast,5.565569258734507,1707,1.9057604353760755,0.5543465820853533,0.29087946826640915,0.3014223885683054,0.3238128574937772,0.14736862373473983,0.8829275188640862,0.03856458334551512,0.22639070403076778,0.13247764368814144,1.1124037205979633
new_preds,OFT-0226-00,slow,3.403212823223817,1708,1.7345895428063176,0.7178107805802492,0.4138216926056951,0.37462898804427414,0.4518203286025143,0.5416777518618401,0.5907249376510384,0.1970757469535795,0.47780287794359944,0.3374393124485895,1.6052597663598172
new_preds,OFT-0227-00,slow,3.5102316362130432,1709,2.4657209649517053,0.661504629085589,0.26828040905210276,0.24935223303905663,0.31743343655628853,0.2538145734179484,0.7879610682578057,0.07870161663924252,0.14925648791015744,0.11397905227469998,2.226852815078967
new_preds,OFT-0227-00,medium,4.391394816542587,1710,1.8955127406443177,0.735432919218524,0.38798627065336294,0.39200925463053826,0.43141710172400793,0.34289659499028136,0.9088095993221131,0.13233206349678814,0.3416301490868493,0.23698110629181873,1.44693642609651
new_preds,OFT-0227-00,fast,5.493382093034063,1711,1.7032594788396271,0.5473254675908472,0.3213400391370324,0.3172093062955243,0.34958821769375914,0.19892369442924523,0.790530349056698,0.07229292761676812,0.33660589967232546,0.20444941364454677,0.9729726824997968
new_preds,OFT-0228-00,fast,5.395737776625636,1712,1.6073143951478361,0.564177846671938,0.3510065288876148,0.36081417957876705,0.37765294361065505,0.19901279124429166,0.8596865592353656,0.06591652896832158,0.38599589499464115,0.22595621198148136,0.8807582208034277
new_preds,OFT-0228-00,medium,4.281241177760888,1713,1.8069019467034984,0.5950077740956183,0.32929721238119597,0.3294874905539601,0.3625110325954987,0.2079708863744348,0.8762563895548764,0.08320033881672347,0.28261651563596,0.18290842722634174,1.1370218941146943
new_preds,OFT-0228-00,slow,3.5192796585854755,1714,1.7218178172541352,0.6321457832613097,0.3671386002204476,0.3679785626004793,0.4002644981005552,0.19170399550025571,0.9769784622270523,0.08718311886165318,0.3451924158132597,0.21618776733745645,0.8867476539549853
new_preds,OFT-0229-00,medium,4.408232776094408,1715,1.6922373839187883,0.6431590227332392,0.38006430353396853,0.3954938997838832,0.4129511434338774,0.27374879923475726,0.9135211716147962,0.11456438727237266,0.3499702156135835,0.23226730144297808,1.1785937905769441
new_preds,OFT-0229-00,fast,5.596962103755392,1716,2.0655190007455446,0.5790128777583973,0.2803231911928207,0.2909128898919141,0.31765940201351783,0.1899687288909476,0.818299587165431,0.05553411960688283,0.20683517239080962,0.13118464599884622,1.4481018525035192
new_preds,OFT-0229-00,slow,3.4891846212783593,1717,2.1234525438802003,0.6709845879464928,0.31598755991993954,0.3053250077802572,0.3603621884232586,0.2587868342195658,0.8549746036043595,0.12266112090736671,0.2050261949617428,0.16384365793455474,1.579474222450129
new_preds,OFT-0230-00,fast,5.74866243006699,1718,1.4847760512477208,0.6049785669525333,0.40745442145577704,0.3996403897074213,0.4321449396428715,0.22324702969648097,0.8746294119095329,0.09306390810178805,0.5376394088636842,0.31535165848273616,0.7079304125768616
new_preds,OFT-0230-00,slow,3.8765116232239705,1719,2.11313662416413,0.6744013840309475,0.3191470803728618,0.29866329018949583,0.3635538683301225,0.2917705406106809,0.8243890435563401,0.11788924399438239,0.22016664515908663,0.1690279445767345,1.72616747687081
new_preds,OFT-0230-00,medium,4.738233171768051,1720,2.0760877330117,0.6841681406075227,0.3295468345237157,0.33821845766891623,0.3738744977841916,0.2545157545002578,0.9678836038747685,0.06914225730734005,0.2039563754543999,0.13654931638086998,1.863910865656406
new_preds,OFT-0231-00,medium,4.422495663802288,1721,1.6861129507964572,0.5438722479998288,0.3225597951447581,0.32522667721765863,0.3502238517516419,0.1619227994976168,0.8259797901578967,0.11147035663606442,0.3015224607149897,0.20649640867552707,0.7841434170027145
new_preds,OFT-0231-00,fast,5.382028826763052,1722,1.9241228184797425,0.5811021025394114,0.30200884109806597,0.31240483057927937,0.33689549877823416,0.22382922312714792,0.8259020890832188,0.05877226542749617,0.2390784174750734,0.14892534145128478,1.5029626317853035
new_preds,OFT-0231-00,slow,3.6476090268376464,1723,1.9068626639313409,0.6791869650762659,0.35618032589510124,0.3639291479593846,0.3965561557927467,0.25806496697001213,0.959584355293834,0.08733502096687148,0.2812402799402695,0.18428765045357048,1.4003378215244495
new_preds,OFT-0232-00,fast,5.53056427484546,1724,2.117287291690776,0.6875883416004052,0.3247496663767939,0.3219998391764306,0.37010450077974527,0.2917911998760238,0.8814458362085247,0.1026594586085288,0.20452150842590403,0.1535904835172164,1.8997999953774225
new_preds,OFT-0232-00,slow,3.6351611663442545,1725,1.6595518638933753,0.7446911322644559,0.4487302557193848,0.42497038092561,0.48572536528751875,0.44065425767030925,0.7737623508950082,0.23644562238575545,0.49203923019900225,0.36424242629237885,1.2097828969451085
new_preds,OFT-0232-00,medium,4.3767559545565575,1726,1.6140240652987916,0.5225960965887704,0.3237845753508181,0.3357966265999188,0.3486360155055623,0.1441841463864309,0.8574333506549261,0.09260291554856387,0.3003236494323282,0.19646328249044603,0.7338986937339935
new_preds,OFT-0233-00,medium,4.915080936382904,1727,2.038647434717815,0.6217463271712859,0.30497981974864946,0.31146636972972275,0.34457563317647905,0.3008419690610584,0.7986498781001704,0.07512599031992247,0.20368469522476496,0.1394053427723437,2.158037583626542
new_preds,OFT-0233-00,fast,6.324512837217688,1728,1.939869001091715,0.6251123292586763,0.3222446097684313,0.3206327414507438,0.3601030747047119,0.2053182226527045,0.8802493017440143,0.07008926737857868,0.28475550704355024,0.17742238721106446,1.157228385211922
new_preds,OFT-0233-00,slow,3.844561361911301,1729,2.109029731308167,0.6918772894323625,0.32805478233026714,0.30966040186624066,0.3735325957180291,0.3226082517654483,0.8063149453286758,0.12619767637380777,0.23900950940418472,0.18260359288899625,1.7667136043788585
new_preds,OFT-0234-00,fast,5.874376749154498,1730,1.8892207202861733,0.5828824388277387,0.30853061930182807,0.30589138211672456,0.34282459674256693,0.20706022567239607,0.841070651456289,0.08535672214133784,0.2378107877002448,0.16158375492079133,1.2814420965393296
new_preds,OFT-0234-00,medium,4.738532756727465,1731,2.0464935183424378,0.6622483173695077,0.3236014731705074,0.3147753084776767,0.3659323286953825,0.26894463091008747,0.836284783455891,0.0768144340651385,0.28168546635041297,0.17924995020777573,1.5003888737393962
new_preds,OFT-0234-00,slow,3.610685232322205,1732,1.9535885419952863,0.6100063954227205,0.3122491672681976,0.31519653717527174,0.34946882078751296,0.17184419116257432,0.8954677567140501,0.11135268301875063,0.21921065225467679,0.1652816676367137,1.039705090223829
new_preds,OFT-0235-00,fast,5.518927455058281,1733,2.1901639551607412,0.6753881741465808,0.30837334006668576,0.2946761272341033,0.3542501943266726,0.23307037876405282,0.8897098431710913,0.09405100054365478,0.2001695548278914,0.1471102776857731,1.5843242391390908
new_preds,OFT-0235-00,medium,4.526321222840135,1734,2.081466040468203,0.6799309340715751,0.3266596335718416,0.31446260331570525,0.3708185461343082,0.2721435461519362,0.8873781536042338,0.13055304634870107,0.19319943843236173,0.1618762423905314,1.681182748827228
new_preds,OFT-0235-00,slow,3.7402277234089474,1735,1.6827632979689482,0.6920659182891667,0.4112675378197709,0.4150265883012108,0.44636733537844525,0.3503569595136353,0.82761703844044,0.13789008874857875,0.4696052548111272,0.30374767177985296,1.1534473909237513
new_preds,OFT-0236-00,fast,5.654176858266908,1736,1.9457128760438407,0.584262791649433,0.30028212222010725,0.30841859404269184,0.33577970589877293,0.18169683265342434,0.8749741997678637,0.05397479886812748,0.2324729923056763,0.1432238955869019,1.2686209372316561
new_preds,OFT-0236-00,slow,3.2957090966444675,1737,1.630134690525892,0.6769132382704459,0.4152498822364607,0.3838153851422671,0.44795780174070887,0.2779368617666774,0.9059257026277285,0.15794088091193623,0.4500277616564933,0.30398432128421476,0.9143131481008724
new_preds,OFT-0236-00,medium,4.443353740850595,1738,2.031102533881768,0.7595404594730714,0.37395475944853745,0.37925775007320806,0.42215297195160406,0.3664592755914285,0.9715139449648125,0.10559370560927495,0.24504496164090014,0.17531933362508756,2.0902388117392974
new_preds,OFT-0237-00,medium,4.32843693748204,1739,2.1365733689535054,0.6991738015261884,0.3272407171622868,0.3129070652402834,0.3737323527077746,0.32113348616392434,0.8123948216845382,0.08267015631843704,0.2787309466641985,0.18070055149131778,1.7771583070091184
new_preds,OFT-0237-00,fast,5.528692087920848,1740,1.7377920059561582,0.5886144245592271,0.3387139672307118,0.3476882148544282,0.3699515243967763,0.12516946759301925,0.9804286305143102,0.04887157354875447,0.32533642593102136,0.18710399973988792,0.6689833876722566
new_preds,OFT-0237-00,slow,3.5117678161179158,1741,1.7584005103623064,0.6707530988749855,0.38145638318586556,0.36575352304437825,0.41761847264700547,0.2832952815558337,0.8652725596212176,0.10159100610194988,0.42031504330902053,0.2609530247054852,1.0856179263511672
new_preds,OFT-0238-00,slow,3.540687784812297,1742,1.7800941072656802,0.6318509498277921,0.35495367758862423,0.37283442917781806,0.38956583661852007,0.23552799219800172,0.9652225195305999,0.15034469979186846,0.20716813495361008,0.17875641737273928,1.3175918138193803
new_preds,OFT-0238-00,medium,4.727061856443169,1743,1.5774579768726371,0.6804876996805692,0.4313824581429793,0.4290492032635962,0.462520613335178,0.3379750321648312,0.8560215846586632,0.11064480840438859,0.5454410281128295,0.32804291825860904,1.0302768734010357
new_preds,OFT-0238-00,fast,6.03374426439253,1744,1.3828354786485886,0.6174091068619876,0.44648052237231173,0.45521471471515407,0.4678465954335212,0.26284220341512515,0.9032449295108063,0.11246582992891045,0.5928334188792428,0.3526496244040766,0.7453352711187141
new_preds,OFT-0239-00,fast,6.1282733966184235,1745,1.7358812354508537,0.5529791295797399,0.31855815840771895,0.3290973051854585,0.3478607798042217,0.14286653026031979,0.8833894393660677,0.08989158025390717,0.2752955693365919,0.1825935747952495,0.7824291211808659
new_preds,OFT-0239-00,medium,4.921298487839768,1746,2.194794694511715,0.656722275540181,0.2992180895927875,0.2996641204961721,0.34390611283621164,0.25058057674736073,0.8726240444794433,0.09199232678712131,0.1604275033309215,0.1262099150590214,1.9854270294863763
new_preds,OFT-0239-00,slow,3.652027091019665,1747,1.7762669178739081,0.6921224973001776,0.3896500522165945,0.3840127752732425,0.4274591078520422,0.3315678667778087,0.8853484398148231,0.1724804511483345,0.32043967366720266,0.24646006240776858,1.345320874865434
new_preds,OFT-0240-00,slow,3.917971627810561,1748,1.848336741272971,0.6448911077265537,0.34890347268777966,0.35377981879198256,0.38590192706762655,0.33571717154050784,0.8329528197919279,0.14904680667044087,0.22589091026762956,0.18746885846903522,1.790789010410277
new_preds,OFT-0240-00,medium,4.967086806664136,1749,1.9154300590080127,0.6535605857549935,0.3412082747064478,0.3550806177248542,0.3802523135875161,0.3303952182750147,0.8130480773752489,0.08562826779634487,0.29193769090345606,0.18878297934990046,1.7501324505671805
new_preds,OFT-0240-00,fast,5.948516105293203,1750,2.0183157539118732,0.6424777472171417,0.3183237042925021,0.3264188042289962,0.35884295965808216,0.19912066347396998,0.9608811502353385,0.05792956610647512,0.21744045881654486,0.13768501246151,1.4462043465307046
new_preds,OFT-0241-00,slow,3.2924384918356506,1751,1.8518317464115075,0.6823060388028126,0.3684492611842248,0.35264400721329603,0.4076813583865483,0.32291948447810664,0.844319281043772,0.16892831344024267,0.2945583545840719,0.2317433340121573,1.3934359141530528
new_preds,OFT-0241-00,medium,4.253156681853988,1752,1.6830496055591257,0.5675252055788033,0.3372005220192341,0.3381767221854709,0.3659911074641803,0.29537070691687184,0.7448881480041888,0.10126421198853562,0.3224413629471248,0.2118527874678302,1.3942262004068453
new_preds,OFT-0241-00,fast,5.351167173082978,1753,1.886624443052474,0.5642803400363404,0.29909521320701227,0.3115191370681289,0.3322433540606783,0.1954405392404861,0.8435796915428392,0.055304729570530196,0.23464845588885747,0.14497659272969382,1.3480834082290882
new_preds,OFT-0242-00,slow,3.8738981678335533,1754,2.104970696465006,0.6826945047042198,0.32432494468958956,0.3198780818524535,0.36912113969141835,0.30612250775192845,0.8427781463784868,0.13614029729878593,0.19144360733647245,0.1637919523176292,1.868971603429505
new_preds,OFT-0242-00,medium,4.86667949544607,1755,1.9563627344927952,0.6870400284113756,0.3511823325491307,0.35958320714664505,0.39316454453191135,0.30087806542733286,0.9278587463984903,0.13162370079143138,0.21229766551039064,0.171960683150911,1.749691033521222
new_preds,OFT-0242-00,fast,5.785060258730681,1756,2.1151467575882723,0.6226915160449884,0.29439636460733926,0.29520198596388436,0.3354332585370453,0.2353724377874342,0.8464553502230717,0.04536532409377612,0.21453992204389946,0.12995262306883779,1.811217290033107
new_preds,OFT-0243-00,medium,4.139028647256052,1757,2.1898534800988565,0.6375020714441517,0.2911163131404449,0.3046592900035395,0.3344145329284083,0.3597717479347085,0.7590785133337515,0.07540102203723786,0.14340684840793533,0.1094039352225866,3.2884717282128726
new_preds,OFT-0243-00,fast,5.269722854259633,1758,1.9066677200718156,0.5758082746863038,0.30199718001446824,0.3018336040080434,0.33622356684844756,0.14439258932880386,0.8862547276391867,0.05519509531881203,0.2590518551069878,0.15712347521289993,0.9189752780935763
new_preds,OFT-0243-00,slow,3.3024434268898797,1759,1.9999916451327147,0.6486051492267351,0.32430392937151253,0.3215770913794719,0.36484158185341536,0.2561764255687667,0.8872700586472064,0.0797364242632861,0.236183418934402,0.15795992159884406,1.6217811643345446
new_preds,OFT-0244-00,medium,4.723268827557718,1760,1.8663701960412886,0.6395107910664141,0.34264948745048784,0.34938995643450854,0.37975715040247876,0.3351895344343012,0.8175073091515979,0.1441532156184687,0.22217854240554688,0.1831658790120078,1.8299780299819228
new_preds,OFT-0244-00,fast,6.020116845387674,1761,1.8041801841639205,0.6235113119063616,0.34559259511837753,0.35553462483454756,0.38033243471687556,0.24830194660665814,0.914671246542301,0.09228765994315606,0.2660688857753869,0.1791782728592715,1.385781560701152
new_preds,OFT-0244-00,slow,3.6626674214168284,1762,1.8732393813659278,0.4751538185783479,0.25365354973045434,0.26488895748793995,0.281341083336441,0.19419089836076397,0.7041800787473104,0.06803575919261044,0.1589575970450798,0.11349667811884512,1.710983101702959
new_preds,OFT-0245-00,slow,3.8794410034543128,1763,1.7386921968338016,0.5970238319943455,0.34337522942907295,0.34399185165915935,0.37508130474973195,0.25047121789019766,0.8527846452225828,0.1353226459116047,0.26174670997454264,0.19853467794307367,1.261599336122105
new_preds,OFT-0245-00,medium,4.959069219244118,1764,1.9511916497839972,0.6578225535160159,0.3371388728466724,0.34941602697806273,0.3772243329303402,0.30968249014630933,0.8826096672969668,0.1131109916375253,0.20349418264055952,0.1583025871390424,1.9562692925182892
new_preds,OFT-0245-00,fast,5.962957957166269,1765,1.9372746628808333,0.7301104907574789,0.3768750527464003,0.3920716178188477,0.4210294824977851,0.35294660751293716,0.9735605844724902,0.12571146284645057,0.23189927515926234,0.17880536900285646,1.9739150422675438
new_preds,OFT-0246-00,medium,4.03193803340911,1767,2.2874159138615564,0.7649694275668434,0.3344251576336381,0.3242627762571004,0.3882431913752886,0.41368952916235113,0.7832101757129283,0.1391043831293003,0.2169686774965752,0.17803653031293776,2.3236216097629074
new_preds,OFT-0246-00,fast,4.847891166872667,1768,1.9260411917223506,0.6612408330392555,0.34331603907595815,0.3432470232491491,0.38305663832137027,0.27899516767050125,0.8982404548592012,0.12074827508714746,0.23424265566863126,0.17749546537788935,1.5718439176827317
new_preds,OFT-0247-00,slow,3.5076574165203205,1769,1.7415719713089208,0.6218289871568788,0.3570504104343894,0.3672525138821717,0.3901477325247005,0.22611797187925253,0.9145554066364521,0.08399153882057277,0.33592601276252426,0.2099587757915485,1.0769636612081754
new_preds,OFT-0247-00,medium,4.319060235850023,1770,2.2003862057845147,0.7222197403648314,0.32822408105732276,0.33677678736338695,0.37747353847076137,0.3626705027885163,0.91397102306045,0.06902244955485072,0.16423017847922838,0.11662631401703955,3.109679885240382
new_preds,OFT-0247-00,fast,5.276679815821871,1771,1.8292940121845669,0.7579563765094418,0.4143436601556905,0.3941588326701724,0.4572952496999094,0.43478559285914864,0.8654950814976654,0.1719263161367878,0.3569740083060359,0.2644501622214118,1.6441116511591432
new_preds,OFT-0248-00,medium,5.290467893332329,1772,1.8157268232763677,0.7075407384980985,0.3896735618089205,0.3920550914768237,0.4294069588950677,0.32904328617860834,0.9514412126904467,0.14905923305255273,0.288084103658663,0.21857166835560787,1.5054251479806033
new_preds,OFT-0248-00,slow,4.165329537370686,1773,1.9800774227396332,0.6176880510161928,0.3119514640804097,0.3375970622936608,0.3501685374473825,0.35099322467156563,0.840442101609538,0.09848532474699893,0.11075349876142766,0.1046194117542133,3.3549531467082656
new_preds,OFT-0248-00,fast,6.459614466302972,1774,2.0532632034243767,0.6376374288314998,0.31054831536846583,0.3139820514785243,0.35143445455134514,0.2650968927919573,0.8562015327444678,0.05870752215137659,0.22573187051757865,0.14221969633447762,1.8639956322821312
new_preds,OFT-0249-00,medium,4.4600944645108,1775,1.8723779342712399,0.6865307917413715,0.3666625093018844,0.3755470445652704,0.4066460446068203,0.3288235262230399,0.9237929037199162,0.11508880542798257,0.25887894305634246,0.1869838742421625,1.7585662269313187
new_preds,OFT-0249-00,slow,3.48424040560222,1776,1.6430291479960784,0.6693449454854499,0.4073847054398377,0.3970717443680122,0.44012973544553924,0.2857973601280925,0.8613991290676033,0.1970874113745382,0.4162350412119231,0.30666122629323067,0.9319644468349315
new_preds,OFT-0249-00,fast,5.611266181176414,1777,1.8684568669305033,0.5844698795495289,0.31280886912294353,0.314186260034092,0.34676649542626703,0.2564705300328653,0.7879850649859275,0.08020718085844021,0.26240320582783466,0.17130519334313743,1.497155602977752
new_preds,OFT-0250-00,slow,3.2229293289791374,1778,1.580330776530976,0.6703761477854608,0.4241998939342436,0.4244942491570731,0.45497192566564576,0.3119288987222208,0.87621437030418,0.13975120795722534,0.49199322567895704,0.3158722168180912,0.9875160970610425
new_preds,OFT-0250-00,fast,4.73954065749344,1779,1.4918902083936967,0.5896631406784544,0.3952456671146993,0.4102980394836513,0.4195478513101685,0.21995127128658384,0.9187504544617365,0.05671494188008353,0.4827747376122705,0.269744839746177,0.8154049267209424
new_preds,OFT-0250-00,medium,4.010173250244887,1780,1.5731077192560181,0.6446974025988849,0.40982406653232023,0.4236493265381185,0.43918323354064076,0.27021960933830164,0.9414046436675931,0.11047397030798531,0.43463471084868294,0.2725543405783341,0.9914338871467672
new_preds,OFT-0251-00,medium,3.7182086036021462,1781,1.8465732736827258,0.6075956817599694,0.32903957314848753,0.3521569507666613,0.3638590867249228,0.35978505648003856,0.8277626355736114,0.0978129619295829,0.1700756929164585,0.1339443274230207,2.686079085258844
new_preds,OFT-0251-00,slow,3.0805090237261665,1782,1.8110386083083985,0.6618831289123585,0.36547157298352173,0.35587723930154846,0.4025230174746262,0.27593872519747376,0.8378816228084093,0.11982970537173045,0.3764420165208915,0.24813586094631096,1.112046941321305
new_preds,OFT-0251-00,fast,4.422025693222216,1783,1.9782923519049058,0.6126562430708001,0.3096894361851376,0.31597826025314624,0.34756028704584535,0.26737931833919243,0.827742325106682,0.08733052349112286,0.2077889812463843,0.14755975236875357,1.8120070957493093
new_preds,OFT-0252-00,fast,5.99268656227714,1784,1.474318657474687,0.7247551380912872,0.4915864927957278,0.4915763486855809,0.5207325734576729,0.36253542176719306,0.9089868971212209,0.20976654517278046,0.6016414297694972,0.40570398747113884,0.8935959048048135
new_preds,OFT-0252-00,medium,4.505695968433038,1785,1.7273032136743018,0.6078506477553844,0.351907321739054,0.37059388960719064,0.3839002374910954,0.2623283398031607,0.8956104461810749,0.11163070139326196,0.26603146258688415,0.18883108199007306,1.3892222458215404
new_preds,OFT-0252-00,slow,3.4807513275735054,1786,1.536567208376793,0.5615985947029506,0.3654891186284101,0.3653597161748795,0.3900028031377277,0.23276986542017875,0.7591160491208796,0.11797312346618904,0.45015217454366346,0.2840626490049263,0.8194314396333817
new_preds,OFT-0253-00,fast,5.001170915603106,1787,1.7514838289912975,0.6697010264787088,0.38236209515242764,0.40647395165029687,0.4182794615682127,0.3305984271782818,0.9422314573807894,0.09145088397998714,0.3088370777337923,0.20014398085688972,1.6518029958376403
new_preds,OFT-0253-00,slow,3.1048772242369447,1788,1.2693288661306008,0.7490333606100599,0.5901018881681936,0.5739106248955718,0.6099683222234269,0.5558212204671475,0.8423173213332135,0.4792469083185755,0.5624878387747712,0.5208673735466733,1.0671070001610345
new_preds,OFT-0253-00,medium,3.8485726754055265,1789,1.7649017666110234,0.5221813852716771,0.2958699431041839,0.30678390716854154,0.32415887337512056,0.2518267836289149,0.7320273613143554,0.08227134746275012,0.23051000109446165,0.1563906742786059,1.6102416898612004
new_preds,OFT-0254-00,slow,3.096269015450594,1790,1.7960542960447548,0.5398002475105395,0.30054784462768186,0.3236661281396819,0.3304543949880391,0.18658623659689486,0.8749191065907098,0.05683193748197711,0.20348029928257455,0.13015611838227584,1.433557169005921
new_preds,OFT-0254-00,fast,4.614449768893146,1791,1.7582789262738538,0.5934363129109327,0.33750976824168816,0.33697931640364065,0.3695005863253435,0.22424087134713305,0.8330227332725422,0.07684572491355737,0.34389301576814163,0.21036937034084952,1.0659387865439172
new_preds,OFT-0254-00,medium,3.8298689172289864,1792,1.6282785867055645,0.6342054980315232,0.3894944656336036,0.3788364863195083,0.4200833446833434,0.2765656067704933,0.8932582820377817,0.1433037724291843,0.3672057174959147,0.2552547449625495,1.0834886019888503
new_preds,OFT-0255-00,fast,4.4058149103781705,1793,1.6355352828854206,0.5347943240409552,0.3269842782587166,0.3386673156097666,0.3529605339814964,0.2328993697183638,0.7771485776384821,0.10939632119529533,0.29239786737384454,0.20089709428456992,1.159296855675089
new_preds,OFT-0255-00,medium,3.727941758137572,1794,1.8711930241152126,0.6355935098525303,0.3396728726867013,0.36585126082819086,0.37666295233242997,0.256001200609211,0.911532362462425,0.10675428508354917,0.23236396117453437,0.16955912312904176,1.5098049334354195
new_preds,OFT-0255-00,slow,3.150506076955576,1795,2.0674252260538273,0.6586829549070359,0.3186006181052018,0.28214673225408604,0.3611109102054311,0.23158972004559827,0.7882149829998274,0.14078274773368085,0.283856190042618,0.2123194688881494,1.0907606413032265
new_preds,OFT-0256-00,fast,6.6403868699304915,1796,1.6809592910574902,0.6064485567114378,0.36077527869810666,0.3518950422200591,0.391484438449773,0.24902861199511753,0.8132218994199428,0.10180282218808755,0.4018844201959439,0.2518436211920157,0.9888223923100602
new_preds,OFT-0256-00,medium,5.175366657099973,1797,1.8329921806273626,0.7296511506409299,0.3980656100732511,0.3904886484878986,0.439513802644211,0.3207699945578199,0.9259225021665312,0.16806689205938802,0.3432958217931054,0.2556813569262467,1.254569353096591
new_preds,OFT-0256-00,slow,4.019902871521225,1798,1.7312697410760265,0.5714580632169132,0.330080316000751,0.34515131292047163,0.3602525344027712,0.24848428122057445,0.8244599564497076,0.1143007758096054,0.25376512413119756,0.18403294997040148,1.3502162588848292
new_preds,OFT-0257-00,fast,4.747086414671475,1799,1.8066318445583995,0.5540076480291627,0.30665221013226435,0.32358658953097685,0.33757163986937666,0.23003729476027862,0.8131688780375973,0.078729034905903,0.22835135177372778,0.1535401933398154,1.4982219948828626
new_preds,OFT-0257-00,medium,3.940605368354421,1800,1.5705736512621316,0.5455379258432881,0.34734947030652613,0.3507792006376751,0.37212302724862134,0.2837836768501,0.7135720348544801,0.12228027092965771,0.36885612636024756,0.24556819864495263,1.1556206317268305
new_preds,OFT-0257-00,slow,3.337544647388152,1801,1.5814643373262998,0.7871639897058489,0.4977437499707812,0.48620130577403187,0.5339212799376647,0.5262582077376315,0.8515770938361256,0.1796116535395591,0.5782381646373426,0.37892490908845083,1.3888192491847753
new_preds,OFT-0258-00,slow,3.867813657958947,1802,2.085853911373448,0.7006283610107565,0.3358952212283275,0.3263847250850712,0.3814868637011313,0.37921797723862977,0.7986811461267136,0.06729958308166784,0.28074874835751373,0.17402416571959078,2.179111019843489
new_preds,OFT-0258-00,fast,6.094630705379699,1803,1.7638167114709669,0.6851848647168222,0.38846715776119384,0.3719431238266556,0.42555687113064755,0.2798385941552244,0.89714021043544,0.09229015198030151,0.4329585279516243,0.2626243399659629,1.065547063122529
new_preds,OFT-0258-00,medium,5.074217879690748,1804,1.6568105548886716,0.6382421121641201,0.3852233499363519,0.4011041209721647,0.416850695214823,0.35288516213310983,0.8248913085005116,0.15545986597485295,0.33416644425081765,0.2448131551128353,1.4414468943487277
new_preds,OFT-0259-00,medium,3.932616315059503,1805,1.9009280742554004,0.5984089488554031,0.31479831191919333,0.33205497404083856,0.3502496415362196,0.18312107403577035,0.9392648131383516,0.05923873077377897,0.21937394819697736,0.13930633948537816,1.3145207512612236
new_preds,OFT-0259-00,fast,4.914563355294903,1806,1.7664019078912028,0.6447311991110701,0.3649968878717837,0.37664596533769223,0.3999636767766944,0.2660636900288757,0.947646580909543,0.10996728314821744,0.2761771530201413,0.19307221808417935,1.3780526927642802
new_preds,OFT-0259-00,slow,3.209741896289445,1807,1.540669196044818,0.5368464072872018,0.3484501466410736,0.34751931250865414,0.3719996792218395,0.1688046503393317,0.8134039823055905,0.08527469292710797,0.4205153913153277,0.25289504212121783,0.667488966661593
new_preds,OFT-0260-00,medium,4.534133880344269,1808,1.7953821642386083,0.6673722198769524,0.37171596842724225,0.36423713620969006,0.408672999858456,0.3189251749833659,0.889342192251306,0.1421590313628768,0.28426560083627517,0.21321231609957597,1.4958102834660787
new_preds,OFT-0260-00,slow,3.71745306506564,1809,1.731833737574245,0.6070247322400281,0.35050982035393247,0.3625710649102952,0.3825741843396945,0.22829137633624105,0.8843561992143522,0.13757444827334972,0.2800747135348349,0.20882458090409228,1.0932208045042808
new_preds,OFT-0260-00,fast,5.812484630195654,1810,1.5377552887663126,0.6586407336184674,0.42831309924927774,0.4167082934799584,0.45710405354542655,0.272340517710123,0.9322063797299628,0.14026671826026002,0.48360259848136067,0.31193465837081036,0.8730691200923879
new_preds,OFT-0261-00,fast,5.522563592239759,1811,1.8289361940115236,0.7454848365545746,0.40760571035529386,0.42087334682736155,0.44984060113020397,0.4260019008646342,0.9413823993493337,0.11708689039966738,0.3148912139071807,0.21598905215342407,1.9723309890819427
new_preds,OFT-0261-00,medium,4.61059079391626,1812,1.8583573423220332,0.6961444170949367,0.37460202149555283,0.3693945032193734,0.4147948209454757,0.42486389250403955,0.8437497764413326,0.20787815943624652,0.1826874554002843,0.19528280741826542,2.175633882577523
new_preds,OFT-0261-00,slow,3.756289500687103,1813,1.855888138046847,0.7073648818968032,0.3811462918456067,0.37565520873360475,0.4219236156020065,0.2779265390592679,0.9356998912389694,0.10314828423738966,0.370919747872399,0.23703401605489433,1.1725175301206698
new_preds,OFT-0262-00,fast,5.091337521407958,1814,1.458672769472501,0.9020329018242934,0.6183929121748774,0.5990937592256487,0.6538479108810544,0.6285259298339304,0.9188317413425516,0.33849141214038236,0.7295425602073532,0.5340169861738677,1.1769774110318132
new_preds,OFT-0262-00,medium,4.149890114866438,1815,1.7066734580348868,0.6364111896366622,0.37289569755742524,0.3734467127086211,0.4058351340673298,0.23803069380671932,0.9286904469499937,0.11092769496261042,0.34569170054999565,0.22830969775630303,1.0425781127387435
new_preds,OFT-0262-00,slow,3.388693770795337,1816,1.6970957281523449,0.4737525879349287,0.27915489979502256,0.2920604966694228,0.3034796108125109,0.10590727229392204,0.7978485189388813,0.05545312168103901,0.254709530336201,0.15508132600861999,0.6829144102626213
new_preds,OFT-0263-00,slow,3.220896498810558,1817,1.555496957293599,0.5422240988376232,0.3485857663013601,0.3696392528276755,0.3727905578683929,0.28584501356389863,0.7709112542147853,0.1232419335607258,0.31116403013416205,0.2172029818474439,1.3160271149714997
new_preds,OFT-0263-00,fast,4.801527252791131,1818,1.9253787359550079,0.5813990184300369,0.3019660535212346,0.31951306455845285,0.33689517413483505,0.23090195965036003,0.8685960804124709,0.05089192820665824,0.1971907282698507,0.12404132823825448,1.8614921569273364
new_preds,OFT-0263-00,medium,3.8881730948671356,1819,1.8951547998659564,0.590574850557308,0.31162354156983857,0.32120140136711395,0.34649245519327215,0.20859176626731457,0.8784054340701289,0.06887097956524568,0.23010164087039964,0.14948631021782266,1.3953904271459168
new_preds,OFT-0264-00,fast,5.642551739118997,1820,1.875820771900816,0.5429569184377845,0.28945031773349683,0.2995091450085664,0.3211386428215327,0.18344715358056493,0.822652719847872,0.07633646055339528,0.20211823730429895,0.1392273489288471,1.3176086091700028
new_preds,OFT-0264-00,medium,4.419992000854663,1821,1.6466049341998754,0.5537846362911766,0.3363190676701535,0.334953719243174,0.36350226374778133,0.23194478443512173,0.8100654270279237,0.08933650256943947,0.3226623409586404,0.20599942176403993,1.1259487160153328
new_preds,OFT-0264-00,slow,3.477807140951552,1822,1.8132335590350461,0.5796845956278394,0.3196965954768297,0.333201686754907,0.35219509549570593,0.2517412628735281,0.7865706887717958,0.1377869935687367,0.2326814367687635,0.1852342151687501,1.3590429966957749
new_preds,OFT-0265-00,medium,3.863339385853097,1823,2.0236373395774816,0.5566155302060385,0.2750569577463199,0.29947760256334677,0.3102517793037849,0.18863222596544624,0.8690960235944736,0.049388020944714034,0.13389084671050513,0.09163943382760958,2.058417627506273
new_preds,OFT-0265-00,fast,4.989056121230125,1824,1.9472637864820068,0.5786668295825739,0.297169204090224,0.29863144581719864,0.3323564072767678,0.22959189372310057,0.8046197284594834,0.07840239550652717,0.21681161141796004,0.1476070034622436,1.5554268316396511
new_preds,OFT-0265-00,slow,3.1480774258047526,1825,2.0181944817620217,0.7846413034564439,0.3887837919224704,0.3919778618712272,0.4382659808642172,0.4312709032837555,0.9225227844512234,0.15887700928514178,0.24039322643674796,0.19963511786094487,2.160295783150516
new_preds,OFT-0266-00,medium,4.278941744573596,1826,1.8509613540203043,0.6368007522236965,0.344037843275636,0.3385397338751098,0.38063320689414354,0.305178931108054,0.8239419181471925,0.0922116153964536,0.3012003629248743,0.19670598916066395,1.5514470729144518
new_preds,OFT-0266-00,fast,5.257340921332892,1827,1.6583704116351057,0.49587664274074,0.2990144055041478,0.31468575192891807,0.3236221851587219,0.18269891672979138,0.767997398438048,0.07715929100955145,0.2666331344574968,0.17189621273352412,1.062844339758746
new_preds,OFT-0266-00,slow,3.4654233777634293,1828,1.6832654487272376,0.5560202819968263,0.3303223994868119,0.346749092547012,0.3585346348005639,0.14915656981877054,0.9172096860664216,0.10682873701948034,0.260943546297583,0.18388614165853168,0.8111354584607448
new_preds,OFT-0267-00,fast,4.89218493560388,1829,1.7605891742386217,0.5862882416185815,0.33300684236691713,0.34673508778921547,0.364667017273375,0.13142568589993292,0.9731521636048127,0.050909046921347664,0.30318117266740713,0.1770451097943774,0.7423288112988408
new_preds,OFT-0267-00,slow,3.238425260960243,1830,1.5692693729021219,0.5987869134093196,0.38157050902099454,0.38423537971410876,0.4087225595695353,0.18126933214706267,0.9522864922269244,0.09979445913513602,0.40153995476901794,0.250667206952077,0.7231473727702964
new_preds,OFT-0267-00,medium,3.965249849563549,1831,1.6419528090265967,0.5610582878229439,0.3417018349970469,0.34479444409915994,0.369121391600284,0.21283148010290165,0.8392636114874275,0.0686109428136364,0.3557795319971705,0.21219523740540344,1.0029983834947371
new_preds,OFT-0268-00,fast,5.0692188091253305,1832,1.7902990725216763,0.48723654300811703,0.2721537146985355,0.2890388774893532,0.29903906823723325,0.17947612266012863,0.7428294540105828,0.06467583811725681,0.20917485816096482,0.1369253481391108,1.310758928856532
new_preds,OFT-0268-00,medium,4.131229992641446,1833,1.8381600199746233,0.5956075602974564,0.32402378129499254,0.3340166108811331,0.35797175367030043,0.18121264022282974,0.8948803814839733,0.08916121963629442,0.26663277333810426,0.17789699648719934,1.0186379972742765
new_preds,OFT-0268-00,slow,3.3610882694293442,1834,1.8305831031317514,0.7006670625780327,0.3827562165188433,0.3658014864905479,0.4224950722762421,0.36172807422927344,0.8654865794644667,0.16205515886342325,0.30071047654780503,0.23138281770561414,1.56333161561502
new_preds,OFT-0269-00,fast,5.184179257818038,1835,1.9843749224125689,0.6121432636930897,0.3084816567571094,0.3219308549327554,0.34643935762410694,0.293589852851721,0.8141041259491807,0.1032747046140396,0.17478874708148626,0.13903172584776294,2.1116752385940765
new_preds,OFT-0269-00,medium,4.384384274358929,1836,1.8573227476681224,0.6030562691165575,0.3246911555214071,0.314553021800258,0.3594867947208009,0.2286862561238871,0.7903000949538782,0.116198999352408,0.3027618284530305,0.20948041390271926,1.0916832359806528
new_preds,OFT-0269-00,slow,3.4647698487632552,1837,1.4310350069185929,0.5643496648489563,0.3943646815909518,0.39717578999527126,0.41561280449820237,0.27818110371162014,0.7587317117674154,0.19997373398181084,0.42556466853196356,0.31276920125688723,0.889413352061929
new_preds,OFT-0270-00,slow,3.2874665616171366,1838,1.6434391043555834,0.7017904166005837,0.427025506902348,0.41965501846368264,0.4613711206146274,0.3887665670179914,0.839913815755707,0.12974782922275582,0.48705627046205513,0.3084020498424055,1.2605836025300494
new_preds,OFT-0270-00,fast,5.097987613367841,1839,1.6511697486456942,0.5422271440587194,0.32838970342295787,0.3346199971575545,0.3551193835024281,0.22778622062735876,0.7834326963944569,0.12028493509044529,0.28897368189745126,0.20462930849394828,1.1131651780668326
new_preds,OFT-0270-00,medium,4.031585809448749,1840,1.860786447208578,0.5715093690009506,0.3071332392055462,0.3220849029044983,0.34018025542997177,0.25960392272832106,0.8152180384917207,0.10396482511905111,0.18193423538079406,0.14294953024992257,1.8160529962879095
new_preds,OFT-0271-00,fast,4.946139755333739,1841,1.831024444192944,0.5519651033395334,0.3014515208085175,0.3198718846601379,0.33276571862489457,0.20092075463228337,0.8296786821972524,0.07626167756931812,0.22420176010072435,0.15023171883502123,1.3374056836354706
new_preds,OFT-0271-00,slow,3.274547428448451,1842,1.5642811031310997,0.5391877851433252,0.3446872714015882,0.3670141211681378,0.36899983561930544,0.2124241526885931,0.8719854665130614,0.08405164754122771,0.30753807573433956,0.19579486163778365,1.084932213806373
new_preds,OFT-0271-00,medium,3.9547125878429874,1843,1.761611793308235,0.5568318243146704,0.31609224372241684,0.33287615103304774,0.3461846912964486,0.23010535789126998,0.8230514542291245,0.05550746951200686,0.27607448355339304,0.16579097653269995,1.3879244980856056
new_preds,OFT-0272-00,fast,5.362009779061181,1844,1.7066655424111314,0.6925649528124352,0.4058000443566687,0.41636934479972143,0.4416456579136395,0.3705659098907852,0.9168266154528103,0.10685837291408876,0.37233173339687375,0.23959505315548124,1.5466342272530669
new_preds,OFT-0272-00,slow,3.3727689510165515,1845,1.791644691001853,0.6479560208023756,0.36165430794207926,0.3645095825994251,0.3974420220496165,0.29633641593533616,0.8796659605952302,0.1560403378585445,0.257725373809355,0.20688285583394975,1.4323874964931094
new_preds,OFT-0272-00,medium,4.20452684376502,1846,1.8480563688658074,0.5690572588503418,0.30792202469429253,0.31145192039309766,0.34056392896379883,0.2536889308653292,0.7696128627311402,0.09995427163479188,0.23899965062393394,0.16947696112936292,1.4968933191555558
new_preds,OFT-0273-00,fast,4.653473006560309,1847,1.8467495957035331,0.5362001178380819,0.2903480358601689,0.3064410379970305,0.3210795461074081,0.2027979901855041,0.8069540550741516,0.09664605147939577,0.1779200876905806,0.13728306958498818,1.4772250562182938
new_preds,OFT-0273-00,slow,3.202662240277903,1848,1.7819363273817581,0.5703028624704887,0.3200467119430964,0.3274824648880902,0.3513287307590205,0.15507646855295215,0.8766996712878379,0.08587520135864193,0.28766358183664986,0.18676939159764588,0.8303098662281384
new_preds,OFT-0273-00,medium,3.8485660508780715,1849,1.9558504194354667,0.5706505899688861,0.2917659675291517,0.2903616390973721,0.3266265453341184,0.1707474703646819,0.8247148440086283,0.07818591235996722,0.2328579546031962,0.15552193348158172,1.0978996115998219
new_preds,OFT-0274-00,fast,4.995295695309984,1850,1.8135160829669394,0.6739772076641549,0.3716411527828957,0.3847622897328495,0.40943315964305305,0.3030333388504708,0.9363045831925185,0.09781583845689358,0.3005788780723296,0.19919735826461157,1.5212718757440782
new_preds,OFT-0274-00,slow,3.1891387302844265,1851,1.7141422145788061,0.6039813643723987,0.3523519572854153,0.36265036283474983,0.38380563317128813,0.2002476961096482,0.9184177846894218,0.0991792256154023,0.31737782627067984,0.20827852594304108,0.9614418731022271
new_preds,OFT-0274-00,medium,4.0011024289396415,1852,1.6449318243057298,0.5199262984565075,0.3160777187078564,0.31688806595498775,0.34155879117643795,0.16453365793247038,0.7812258032905223,0.0811157869375629,0.33935991654519626,0.21023785174137957,0.782607206883319
new_preds,OFT-0275-00,medium,4.06399394628791,1853,1.8118037541922456,0.6464138036760158,0.3567791501592322,0.36599209051044607,0.3929834818488299,0.29665203960848674,0.8875143250401396,0.07405291653564915,0.313714646211044,0.19388378137334658,1.5300508248147249
new_preds,OFT-0275-00,slow,3.3797152617298556,1854,1.9395578586395177,0.5860378043065593,0.30215020485010397,0.3014908952298285,0.3376361547821609,0.22613568910382098,0.7953228199900242,0.09680813661882372,0.23227797341597478,0.16454305501739924,1.3743253343625397
new_preds,OFT-0275-00,fast,5.23399518394841,1855,1.7738446479937862,0.5020328859923122,0.28301964693475845,0.299829060265612,0.31039630181695266,0.13865715770342946,0.8152285442471029,0.06673076070605641,0.22096874461122176,0.14384975265863909,0.9639026494016166
new_preds,OFT-0276-00,fast,5.658692560704971,1856,1.6467621253665785,0.5669692828892987,0.3442933707034877,0.35054497833344933,0.3721278597267141,0.256195465892446,0.7948340087136629,0.1113999709433424,0.3260819933574049,0.21874098215037366,1.1712275558693626
new_preds,OFT-0276-00,slow,3.2522088806263696,1857,1.834380879439249,0.596258134301588,0.3250459819903148,0.32572882820005056,0.358947501029224,0.22194502482073342,0.8600920274498334,0.11387679086450155,0.2398761609818279,0.17687647592316472,1.2548023905516215
new_preds,OFT-0276-00,medium,4.135770768828579,1858,1.5197487488718395,0.551108883200712,0.3626315755218214,0.3639111047461404,0.38619123898168284,0.23797046211171213,0.7964310911871217,0.1189686432368505,0.391394759391047,0.25518170131394874,0.9325530039434069
new_preds,OFT-0277-00,fast,4.936826261773365,1859,1.9189413966382953,0.667215874493783,0.34769997440393313,0.3528075433898581,0.3876394619151644,0.2647551923913013,0.9082450128360762,0.10879227171346299,0.26876537071981715,0.18877882121664008,1.4024623667263594
new_preds,OFT-0277-00,medium,3.857047389045504,1860,1.873024524364748,0.6143141514740076,0.3279797693425063,0.3205410779879617,0.36377156710894387,0.2446317834627081,0.8382273815492189,0.10522520402169251,0.2670018994021562,0.18611355171192434,1.3144221966241403
new_preds,OFT-0277-00,slow,3.1805947702420037,1861,1.743186565134801,0.5621433520490015,0.32248031466759886,0.3357731778637335,0.3524381943402741,0.11954415696119039,0.9395457212347783,0.09069131283513658,0.2599715863299917,0.17533144958256414,0.6818181064823551
new_preds,OFT-0278-00,medium,4.085761246854563,1862,1.6050876737814666,0.6120041699365597,0.3812901811741683,0.38422185354206473,0.4101294297694671,0.26420164461011136,0.8590768385426918,0.112853983090217,0.4043852528348482,0.25861961796253263,1.0215839258117976
new_preds,OFT-0278-00,slow,3.3561440906975646,1863,2.040395835120312,0.5669757930910884,0.27787539228027125,0.28435860494718374,0.31401294238162336,0.21445436382097993,0.8152943225088736,0.06395960802371695,0.16234347517292314,0.11315154159832004,1.89528450776462
new_preds,OFT-0278-00,fast,5.006101168514257,1864,1.8121577295647635,0.6188979168878842,0.3415254129322002,0.3545376230074848,0.3761969759266608,0.24100505154455665,0.8915335055484779,0.10100562014567818,0.27124372646793043,0.18612467330680432,1.294858157506547
new_preds,OFT-0279-00,slow,3.173877514387147,1865,1.5028540604963718,0.5021443647844215,0.3341271637637058,0.3426369955687212,0.3551293138912952,0.11025952195396561,0.8353855347934578,0.06770126922654414,0.40717092959121315,0.23743609940887864,0.46437556137616787
new_preds,OFT-0279-00,medium,3.975762072078119,1866,2.240720811054874,0.5309561511722786,0.23695774527229832,0.23893244406986958,0.27370754600979585,0.17963455528292255,0.7344908758689587,0.08326682192495438,0.09743793096234796,0.09035237644365117,1.98815529102273
new_preds,OFT-0279-00,fast,5.048059187117104,1867,1.7345415965476512,0.6299347749035269,0.36317075137161253,0.3761837935446044,0.39651625431310195,0.27975949580611725,0.934010552484766,0.07502973711726821,0.2972652318442559,0.18614748448076207,1.5028916269616837
new_preds,OFT-0280-00,fast,4.9788848069702505,1868,1.7888698469905346,0.5923262802068106,0.3311175942751215,0.3388848510848429,0.3637686800165827,0.2179273205448169,0.839549180005835,0.09999866042617736,0.2975995590895016,0.1987991097578395,1.0962187949949966
new_preds,OFT-0280-00,slow,3.3587302037367115,1869,1.6072738741950976,0.64029042079602,0.3983704526502488,0.40556985644655025,0.4286104486684701,0.3457429399957901,0.8109656837955637,0.11507907689528667,0.44265409398724,0.2788665854412633,1.239814872221802
new_preds,OFT-0280-00,medium,4.119435704641079,1870,2.026089163557758,0.5761478356802757,0.28436450184086454,0.2758867460261631,0.32083741857079107,0.20567045847513318,0.7685410740812435,0.08829544634170752,0.22084269538507978,0.15456907086339366,1.3306055171729816
new_preds,OFT-0281-00,medium,4.044889356529103,1871,1.9247005261688759,0.5018149767556148,0.26072366580294937,0.2688412608551217,0.29086007967203265,0.13130596796885668,0.7841112587333986,0.09824746768044017,0.14977562430543512,0.12401154599293765,1.0588205067319654
new_preds,OFT-0281-00,fast,5.205552078920863,1872,1.6743858578930337,0.581992551278,0.34758568255608135,0.35315651711131835,0.37688654114632103,0.19718247945328068,0.8554386095847087,0.11570472579325707,0.33922034975403803,0.22746253777364756,0.8668789216160986
new_preds,OFT-0281-00,slow,3.2721079868975167,1873,1.7788860516149985,0.6062096232248122,0.34078046914497545,0.3330720123574929,0.37395911340495513,0.1864359910356091,0.8530768945825642,0.1061736433642322,0.35014992463741496,0.22816178400082357,0.8171219025660149
new_preds,OFT-0282-00,slow,3.543231146355291,1874,1.671508070517475,0.5544326145998483,0.33169604405691194,0.323779937012764,0.35953811537477887,0.22153605608868715,0.7600013059251002,0.10889825792167013,0.3477168415636581,0.22830754974266412,0.9703404742348231
new_preds,OFT-0282-00,medium,4.48727817542842,1875,1.9735021343440604,0.6430518728388429,0.32584300855219306,0.34476198977387895,0.36549411658802433,0.33674992029204154,0.8696011934732397,0.08281113698945175,0.17281421559736448,0.12781267629340812,2.6347145686785787
new_preds,OFT-0282-00,fast,5.588821810531246,1876,1.8337355436152505,0.5984129429595375,0.3263354658980722,0.3305583342896267,0.36034515053075533,0.2182691557404387,0.8579330295641521,0.065378790698439,0.2997996261199915,0.18258920840921525,1.1954110412224268
new_preds,OFT-0283-00,medium,3.9360715448342822,1877,1.7907361260831551,0.49278056902706674,0.27518323992542487,0.2879457567384574,0.30238290606313,0.13812790658932,0.8012045866428035,0.07029127850812346,0.19990785251227328,0.13509956551019836,1.0224156241190356
new_preds,OFT-0283-00,fast,4.960056811928445,1878,1.5452522220713416,0.6101405054003728,0.3948484892534286,0.4111786652561197,0.4217599912717965,0.23649986926027228,0.9436353586286643,0.06870320237500675,0.4382015348232426,0.2534523685991247,0.9331136677374459
new_preds,OFT-0283-00,slow,3.2631462608213724,1879,1.7934706411752526,0.5004923712717314,0.27906359869028086,0.2806581642589111,0.3067421952629621,0.11809506843259313,0.7983843422404755,0.05401796749190879,0.256471402886871,0.15524468518938989,0.7607028111044427
new_preds,OFT-0284-00,fast,5.211617496719563,1880,1.669264598289858,0.6618703641417275,0.39650416406111166,0.3974318558266256,0.4296749390711886,0.2814033221718272,0.9548349578557771,0.1304978048981257,0.3519636713590244,0.24123073812857504,1.1665317793035161
new_preds,OFT-0284-00,slow,3.477396003628412,1881,2.111145346883745,0.7811230613685543,0.3699996603841453,0.36346273588448996,0.4213900855071966,0.37662619972406697,0.9256667845683351,0.1323639844442957,0.25090337329208834,0.19163367886819202,1.9653445153715128
new_preds,OFT-0284-00,medium,4.2255627779363785,1882,1.6592218545646384,0.6839154151209119,0.4121904573757943,0.4241604329704579,0.446156077093934,0.3093537212911612,0.953801945533127,0.16458743709973792,0.35688120445170946,0.26073432077572367,1.1864710421351032
new_preds,OFT-0285-00,fast,5.142549286008941,1883,1.8138724471807128,0.5943104773500266,0.3276473372059643,0.33725784318001784,0.3609802297239721,0.2546769917188547,0.8508870335653534,0.07701279092883545,0.2613441026828448,0.16917844680584013,1.5053749252772022
new_preds,OFT-0285-00,slow,3.2805067219242408,1884,1.4978899712770617,0.5530315550763143,0.36920706172083795,0.37106560877308614,0.3921851233902725,0.2518840925597828,0.7692357904720978,0.11650142987425677,0.4311191806549525,0.27381030526460465,0.9199218864913327
new_preds,OFT-0285-00,medium,4.130616730070887,1885,1.807413032125214,0.5646995583214232,0.312435258728566,0.33344824233885195,0.3439682961776731,0.26448069005350605,0.8279696653841618,0.10819649435477613,0.17522633491824838,0.14171141463651227,1.8663330031098426
new_preds,OFT-0286-00,fast,5.090464851814229,1886,1.6187649408433211,0.5472920129836852,0.3380923314898115,0.32574560274801656,0.36424229167654565,0.18637068688136793,0.7824222011151005,0.0841931078029253,0.4039831709067888,0.24408813935485707,0.7635384798866482
new_preds,OFT-0286-00,slow,3.416883112577363,1887,1.5991922777044405,0.6479737782148397,0.405188161079025,0.41633158351821575,0.435536363221002,0.2995503400463808,0.9271515037446537,0.10725675050051808,0.4081868585924554,0.25772180454648674,1.1623011121371736
new_preds,OFT-0286-00,medium,4.2110901336834345,1888,1.9414015930364088,0.5616164607598877,0.2892840217986548,0.31194142078370746,0.3233255766688089,0.22427328718396602,0.8603819857344387,0.061599901690714616,0.14704713206611628,0.10432351687841544,2.149786490090694
new_preds,OFT-0287-00,fast,5.0525942429848865,1889,1.7078321834537455,0.5191130432924609,0.3039602182942001,0.30790413996471755,0.33085432141898263,0.1788633477476082,0.7709882133457983,0.06419645547548049,0.30936926910704393,0.1867828622912622,0.9576004219739143
new_preds,OFT-0287-00,medium,4.096064739715122,1890,1.736300921730975,0.46499165409396404,0.2678059132920339,0.28124251215803464,0.2924541308922751,0.12509241030563378,0.7614526531022454,0.05808422248096824,0.2251872376802531,0.14163573008061067,0.8831981184016109
new_preds,OFT-0287-00,slow,3.1697863255061134,1891,1.7415463649150766,0.5906476812093207,0.33915128136029987,0.3439476270511975,0.37058833134142755,0.19089873860703835,0.8926239662942399,0.06188128633816618,0.3369493341262654,0.1994153102322158,0.9572922880632383
new_preds,OFT-0288-00,fast,5.600031068377713,1892,2.0551549027367852,0.6291243604456724,0.30612016622585836,0.31340645925566524,0.3464956905033352,0.23530508057448307,0.8802964968812618,0.09091443362931097,0.17946675092828482,0.1351905922787979,1.7405433071054475
new_preds,OFT-0288-00,medium,4.393380794591843,1893,1.8469493396205887,0.5991584279440507,0.3244043651284628,0.3322679162754729,0.3587486229804113,0.22095932654019224,0.8423281483694971,0.09119856841948742,0.2805084485924684,0.1858535085059779,1.188889724581579
new_preds,OFT-0288-00,slow,3.544337196771408,1894,1.694464394414763,0.5239720333540071,0.30922575598584795,0.3100092507486263,0.3360690406568678,0.13936486618653696,0.8228150903056158,0.08859095355978798,0.29350525257553056,0.19104810306765926,0.7294752680019084
new_preds,OFT-0289-00,fast,5.376361513991015,1895,1.788754934592363,0.6829618303895073,0.38180849549697904,0.38874062479104066,0.41945266235854506,0.24990597903657683,0.9712082789364578,0.1146776390069417,0.34201875245420377,0.22834819573057274,1.0944075044562211
new_preds,OFT-0289-00,medium,4.24096776620581,1896,1.830705076581496,0.5521439415443723,0.3016017973661816,0.31921023823906935,0.3329195653884556,0.20500627059203957,0.8390984630706477,0.10422415586360183,0.1833493720275328,0.1437867639455673,1.425765939552321
new_preds,OFT-0289-00,slow,3.3493249894286117,1897,1.6154234796070717,0.5764474568426542,0.35683984052458284,0.35028260291678553,0.38429079256434184,0.1996654275129584,0.7971484593134051,0.09875377546818918,0.4415955079628141,0.27017464171550165,0.7390235672939631
new_preds,OFT-0290-00,fast,5.418829190501724,1898,1.5588619932397154,0.53319573553257,0.3420416546460617,0.3518794906681964,0.36593591475687526,0.21578136303470374,0.7783306607482734,0.09937206457120287,0.3702595706733208,0.23481581762226184,0.9189387887907193
new_preds,OFT-0290-00,slow,3.4856874536598412,1899,1.5311645750902754,0.5293009967860745,0.3456852420680302,0.3519419264170779,0.36863721140778566,0.1626477075629999,0.8093819422832662,0.0987406720727998,0.4037785237120766,0.25125959789243824,0.6473293316047882
new_preds,OFT-0290-00,medium,4.358281030077017,1900,1.7410159080135963,0.7587974658356256,0.4358360324813872,0.3967649757311596,0.476206211650667,0.36643006917675763,0.8462449327767495,0.1132778929916401,0.5788719516575208,0.3460749223245805,1.0588171680150988
new_preds,OFT-0291-00,fast,4.997998663369939,1901,1.8184539042719443,0.4290501817985737,0.23594229185058876,0.2514140846067192,0.26008077809408686,0.09154571792671053,0.7242582397528042,0.038519733346609714,0.18599942135022285,0.11225957734841628,0.8154824745383029
new_preds,OFT-0291-00,medium,4.034029248611328,1902,1.6997913661224742,0.5584531121109843,0.3285421512552537,0.34964221322585276,0.35728102136221995,0.1781516774008565,0.8911824631960236,0.09083373190994874,0.2689562129420508,0.17989497242599978,0.9903093732880145
new_preds,OFT-0291-00,slow,3.20795812985632,1903,1.658441680925621,0.5024505266773887,0.3029654478998366,0.30458011473620067,0.32790108274703067,0.13346151219541053,0.8074764493006829,0.07693606503727979,0.29373030445474924,0.1853331847460145,0.7201166503360404
new_preds,OFT-0292-00,fast,4.769144217848455,1904,1.6864751485329672,0.5781366343780695,0.3428076807897108,0.35660845683535525,0.3722237999882556,0.20050124476430695,0.9088921749174956,0.054371549020946014,0.3251302312502739,0.18975089013560997,1.0566550945875088
new_preds,OFT-0292-00,medium,3.953842957011124,1905,1.7663452840729974,0.6406129086369573,0.3626770566396705,0.364812508214321,0.39741903813933144,0.2585678946926586,0.8674739807549771,0.0954899180944939,0.36814435901519643,0.23181713855484518,1.1153959379560046
new_preds,OFT-0292-00,slow,3.248051372261299,1906,1.7869163028708568,0.8260903007666716,0.46229938102835383,0.43324605540423194,0.5077732459956437,0.47068626138382863,0.9242278299986764,0.27906349673186076,0.357115395868209,0.3180894463000349,1.479729261246405
new_preds,OFT-0293-00,fast,5.001674571635279,1907,1.815331093737791,0.6249169701102301,0.34424407330759577,0.35430369478567936,0.3793281854079252,0.24093789135755367,0.9191246954038724,0.08010446620939801,0.2771456886608767,0.17862507743513734,1.348846952606884
new_preds,OFT-0293-00,medium,4.052079050205731,1908,1.8406619122938217,0.5533821911010907,0.30064303900952083,0.3186430562465926,0.33223543302096703,0.2475993702179834,0.7919134400529231,0.08239086290448203,0.20703805890847957,0.1447144609064808,1.7109511286366204
new_preds,OFT-0293-00,slow,3.1611559818839603,1909,1.7789541048268322,0.5802682823925945,0.32618507741045927,0.34606739384529883,0.35794547803322624,0.1591503480387381,0.9293640251884633,0.12762194784362876,0.21564559106207465,0.1716337694528517,0.9272671021914319
new_preds,OFT-0294-00,fast,5.4700259257614965,1910,1.733992906726785,0.6886445413719114,0.39714380531800936,0.4068328199110438,0.4335813973247472,0.36213396483530846,0.9137971743940517,0.11325837407210892,0.3451360759975195,0.2291972250348142,1.5800102500381568
new_preds,OFT-0294-00,medium,4.352512986593967,1911,1.7721890961012368,0.5725473646039633,0.32307351730328915,0.3411647425850751,0.35425774821587347,0.24924296503145227,0.8544225503910324,0.08752761521655686,0.22583786222445218,0.15668273872050453,1.5907493516312572
new_preds,OFT-0294-00,slow,3.4483335051417705,1912,1.6889224227425028,0.7818987740997728,0.46295718712178113,0.45865054299298225,0.50282488549403,0.4981314458898487,0.931753910843591,0.2838996067857689,0.2975145784569116,0.29070709262134026,1.713516658290441
new_preds,OFT-0295-00,fast,5.157116248028118,1913,1.6322604686816733,0.5555718487117032,0.3403696036089274,0.34993690443483066,0.3672698842467743,0.18774518333626203,0.8313156640458337,0.10980221954271814,0.3402164700622832,0.22500934480250068,0.8343883828516241
new_preds,OFT-0295-00,slow,3.1204079302142236,1914,1.5369614100759195,0.5657502983629373,0.368096618857198,0.37124432122984874,0.39280332879541535,0.210837946918343,0.8419192762594625,0.14936388042267987,0.3690922115811759,0.2592280460019279,0.8133300010168459
new_preds,OFT-0295-00,medium,3.97899120069572,1915,1.7296065002045946,0.5204507700575277,0.30090703867958624,0.3074447436616871,0.3283500051018289,0.1298575387623837,0.822285766773192,0.05083151589187486,0.3104251989798652,0.18062835743587002,0.7189211074373419
new_preds,OFT-0296-00,medium,4.693710597104483,1916,2.174008047322412,0.5844813792094505,0.26884968522969327,0.2548324830848332,0.3083036469771629,0.278817638386763,0.6944221652442581,0.09470955673034086,0.16526522754728948,0.12998739213881516,2.144959090255539
new_preds,OFT-0296-00,fast,5.94122803362039,1917,2.121268418960286,0.6254261033525715,0.29483590938440335,0.2940411506768936,0.33615968363042437,0.1966578919107095,0.890623984005397,0.061687359260893186,0.19566949934469793,0.12867842930279555,1.5282894963533495
new_preds,OFT-0296-00,slow,3.5958999537296505,1918,1.6146779497609216,0.7586080006428607,0.46982000389315065,0.4710204645022502,0.5059185034868643,0.417598269607955,0.9205622369082398,0.1611540329188535,0.5243594745124096,0.3427567537156315,1.2183516884233763
new_preds,OFT-0297-00,fast,4.728928557872951,1919,1.9334964750640316,0.5283180525263692,0.2732449008001801,0.2875729020691502,0.30512904476595365,0.16497587576943573,0.8265748363065191,0.060298752167971155,0.16866671481988882,0.11448273349392998,1.441054652823982
new_preds,OFT-0297-00,medium,3.746581439795217,1920,1.3658988255183022,0.5749426396476787,0.42092622740890906,0.4255867516053433,0.44017827893875505,0.320197014680144,0.7742291316257066,0.13114950498122088,0.5351374644679489,0.3331434847245849,0.9611384564367395
new_preds,OFT-0297-00,slow,3.1441692614212706,1921,1.95211726143894,0.5496534802831504,0.2815678602616275,0.27489001181838985,0.3150785627643178,0.180135034301837,0.7962528074253655,0.08628483857195579,0.19764157075811287,0.14196320466503431,1.268885375804738
new_preds,OFT-0298-00,fast,5.095266269832238,1922,1.414504203787623,0.6072509020623198,0.4293030027314743,0.43348355286435314,0.45154649014783,0.24156829631584045,0.906294502218088,0.11148025732288844,0.5468429047345033,0.32916158102869586,0.7338897071793469
new_preds,OFT-0298-00,medium,4.10517023092727,1923,1.7647799886405235,0.5454745721151525,0.30908927777187234,0.3277839469551249,0.33863743956478237,0.21087959877429424,0.8417069375857253,0.07033223289816089,0.23163098900094886,0.15098161094955487,1.3967237297842328
new_preds,OFT-0298-00,slow,3.26404705794717,1924,1.693207221823176,0.6479965840144389,0.3827036500096561,0.3879426321249733,0.41586526676025387,0.30394246693853305,0.8661712285685773,0.12537353400566345,0.3679738375282419,0.2466736857669527,1.2321641280606055
new_preds,OFT-0299-00,fast,4.954889511628849,1925,1.8034921520352216,0.5670986247504456,0.3144447421689531,0.3305975761585348,0.34602647749163956,0.19783357293840115,0.8461640557184575,0.12670326930628936,0.2134050120034103,0.17005414065484983,1.163356400359188
new_preds,OFT-0299-00,slow,3.302069581399206,1926,1.4944794952845475,0.59755422489103,0.3998410327986844,0.4075413825599967,0.42455518181022756,0.18204779651916395,0.951583426926801,0.09766066054367478,0.4669288432512706,0.28229475189747266,0.64488551521242
new_preds,OFT-0299-00,medium,3.9709333292444535,1927,1.4638206632311739,0.5365681963175708,0.3665532327800139,0.36639866293384543,0.3878051032222083,0.12266140199587128,0.8680603868749429,0.07926813416037073,0.48123048985764855,0.28024931200900965,0.43768671943047577
new_preds,OFT-0300-00,slow,3.806174908488389,1928,1.688180610339678,0.6599453882289772,0.39092108047384216,0.4125774574254959,0.4245491189432341,0.3127275842028901,0.9613967538155228,0.12202159615844187,0.3020505415960818,0.21203606887726184,1.4748791838048745
new_preds,OFT-0300-00,fast,5.8769365891466885,1929,1.9395434909995841,0.6983322636368972,0.3600498090800723,0.37377240245053794,0.4023351158996755,0.3492093353059881,0.920608285677097,0.09317069823595174,0.24635214437966516,0.16976142130780844,2.0570594462260527
new_preds,OFT-0300-00,medium,4.854082530407048,1930,2.0699597615933376,0.7128777697419345,0.3443920905946508,0.35779512947963443,0.3904528004880613,0.28488876970513566,0.9654050599889081,0.10754000173333278,0.20397737052486864,0.1557586861291007,1.8290393735666555
new_preds,OFT-0301-00,slow,3.3174127434723135,1931,1.6820110539414366,0.5336229814338537,0.3172529575138173,0.3247551387953017,0.3442992105038219,0.1703384557645495,0.8256991748629711,0.07470648563890353,0.3064527257488632,0.19057960569388335,0.8937916265718064
new_preds,OFT-0301-00,medium,4.082257933415305,1932,1.8871137490673264,0.5057019614869729,0.267976406688207,0.2864386105820625,0.29769210103805266,0.19940993421703285,0.7754479496603403,0.04634226471205642,0.16956825556278116,0.1079552601374188,1.84715347786851
new_preds,OFT-0301-00,fast,5.163986948275717,1933,1.5648594318225706,0.609042143429342,0.3891992667481953,0.39798493527576284,0.41667962633333877,0.3084955458875611,0.8407211882928042,0.10323050586115448,0.4142712652918349,0.25875088557649467,1.1922492369455502
new_preds,OFT-0302-00,slow,3.5421605112817605,1934,2.031547405995465,0.6686128736852947,0.32911507342240537,0.33436318915249974,0.3715522984552665,0.33782383624468376,0.845181608271957,0.1098901936175636,0.1933135556868615,0.15160187465221256,2.2283618657070043
new_preds,OFT-0302-00,medium,4.5307910377309035,1935,1.7734956105481443,0.6714958393013601,0.3786284190992822,0.36761532305594746,0.41523684662454186,0.3338323240946218,0.8292191687000436,0.13258826622919614,0.3653076274743062,0.24894794685175115,1.3409723932907929
new_preds,OFT-0302-00,fast,5.637900773388553,1936,1.9852009931280554,0.5488652600388743,0.2764784331353947,0.263595213005104,0.3105267864983297,0.18189214559466538,0.7303491471470995,0.09151290064607913,0.23835295260547476,0.16493292662577694,1.1028249441505873
new_preds,OFT-0303-00,fast,6.170414037111545,1937,2.0816721255014454,0.5516220339614825,0.2649898738633513,0.2617618547882543,0.30081889387561755,0.2186612460259308,0.7354383746822095,0.04724223205909551,0.20193372273523447,0.12458797739716498,1.7550750128070258
new_preds,OFT-0303-00,medium,4.83066434569714,1938,2.1664546712669783,0.7261258757004327,0.3351678137238765,0.32595957618145804,0.3840375714709461,0.29142738308028143,0.9666070616192536,0.07511311343744848,0.20300272774680064,0.13905792059212457,2.0957265996740797
new_preds,OFT-0303-00,slow,3.705271389737352,1939,2.170602265919451,0.7029457329596112,0.3238482443313255,0.316937721541283,0.3712354304098612,0.3204027533989183,0.8813850327078441,0.1090178060288693,0.1741361295038132,0.14157696776634124,2.2630994183157767
new_preds,OFT-0304-00,slow,3.7017623865361227,1940,1.7121199677135477,0.6409677627038859,0.374370823768773,0.36542606532558625,0.407695441135662,0.31594360977058145,0.8418214325315622,0.14653099739375547,0.326485724846749,0.23650836112025223,1.3358665557279834
new_preds,OFT-0304-00,medium,4.762252526009166,1941,1.9970300416475144,0.5974380485231349,0.29916327549597554,0.31303498199176083,0.3364476221243704,0.2947125755233819,0.8247356047871242,0.06702320908701531,0.15931909909996037,0.11317115409348784,2.6041315729618457
new_preds,OFT-0304-00,fast,5.833613645240755,1942,1.679509688480648,0.5223246947670465,0.31099832192070437,0.3198496018854881,0.3374141185264972,0.21018117361553224,0.7619126909761433,0.08102522051380562,0.2965373890005075,0.18878130475715657,1.1133579878892346
new_preds,OFT-0305-00,slow,3.2201105001713315,1943,2.2945410475208163,0.7371800666962532,0.32127560650647524,0.31829399875485087,0.3732636640301976,0.31173394030810897,0.8950108020073473,0.09060174884003055,0.19570816496530355,0.14315495690266705,2.177597947377128
new_preds,OFT-0305-00,medium,3.9350587622479987,1944,1.5808339076874505,0.6565723560931447,0.41533291568474934,0.41901071318680005,0.4454878457357987,0.25994600996102135,0.9465915783953579,0.1484423958368575,0.4269713987499578,0.28770689729340765,0.9035098303393285
new_preds,OFT-0305-00,fast,4.801425268703856,1945,2.0065507285560704,0.6069253122435666,0.3024719503006609,0.3257015280572124,0.34052862054352406,0.30760297113831486,0.8582637103649857,0.06413766596629722,0.1321101347044984,0.0981239003353978,3.1348424806484005
new_preds,OFT-0306-00,medium,3.930897631379017,1946,1.595142042839929,0.5410141311364732,0.3391636083851647,0.3567478729777899,0.3643949237290782,0.22478666617922263,0.8171401586263443,0.10702188614880088,0.30863098396194544,0.20782643505537315,1.0816076699738923
new_preds,OFT-0306-00,fast,4.852382354982435,1947,1.845892112140453,0.5765455393243782,0.31233978168736504,0.3175082875094102,0.3453655013919916,0.23836678045914733,0.8029071300812436,0.1024906869919863,0.23769740803558884,0.17009404751378757,1.401382258481595
new_preds,OFT-0306-00,slow,3.2380064278618925,1948,1.6592309390780147,0.5176974810062133,0.3120105036697799,0.3233849973221335,0.33772137583683404,0.17098265160362686,0.7999331468436356,0.0801322038500105,0.29983750105006307,0.1899848524500368,0.8999804426439353
new_preds,OFT-0307-00,slow,3.356234298748071,1949,1.8952998851671896,0.7087760745465369,0.3739651334828281,0.3564698409494763,0.41581650111579166,0.32234476989683775,0.8767751264083884,0.14097426745813857,0.3231718406998022,0.2320730540789704,1.3889797381954971
new_preds,OFT-0307-00,medium,4.176029447235181,1950,1.8468879627548085,0.5715813776211414,0.30948351451084966,0.3230962099090423,0.3422457473996361,0.28739515678455085,0.7725484069010545,0.0506618112171423,0.2583776146957966,0.15451971295646946,1.8599255155587457
new_preds,OFT-0307-00,fast,5.053777922429699,1951,1.871616441502641,0.5874440837330525,0.3138699098312145,0.30932966713542914,0.34806668156894427,0.25422184260271746,0.7935362529329,0.07643643694345154,0.26807219379670827,0.1722543153700799,1.4758518070013769
new_preds,OFT-0308-00,slow,3.3745515075224795,1952,2.1721196348773533,0.6691355382593215,0.3080564843276248,0.2958949601542981,0.3531913660690867,0.31897789529717085,0.8011152795987517,0.11670209089029872,0.17597019849012566,0.1463361446902122,2.179761507127541
new_preds,OFT-0308-00,fast,5.011642265814559,1953,1.674079000401719,0.605484118864603,0.3616819270293149,0.35994608058702526,0.39215720100872586,0.24227418908952494,0.8442277655552791,0.10409194882967232,0.3780349005604273,0.24106342469504982,1.005022596837354
new_preds,OFT-0308-00,medium,4.1396248891536125,1954,1.6799448277197817,0.5967764954805626,0.3552357706238351,0.3607790873252484,0.3854283612309261,0.23215769098245065,0.8693565744183156,0.1360009745769797,0.30419820494595873,0.2200995897614692,1.0547847510031676
new_preds,OFT-0309-00,slow,3.7482739484894756,1955,2.022008010127519,0.708709779559903,0.3504980079258973,0.34680929617337686,0.39527447938014815,0.321606849047802,0.8596116688238914,0.11184001591185293,0.2880393837370463,0.19993969982444962,1.608519215194272
new_preds,OFT-0309-00,medium,4.593674061129185,1956,1.6065650433303542,0.6731742023627568,0.41901459586553047,0.42782466359677696,0.4507845466776837,0.3003621882587666,0.9504257167651741,0.14527132358870531,0.4070789580980889,0.2761751408433971,1.0875786551298785
new_preds,OFT-0309-00,fast,5.62316429877644,1957,1.8837538959583229,0.6156418032568041,0.32681647245836665,0.3461443792996373,0.36291963880817135,0.25934557599695607,0.892141707811127,0.07194232797576365,0.2282489434488385,0.15009563571230108,1.727868866847415
new_preds,OFT-0310-00,slow,3.4499198137975675,1958,1.9532451326126528,0.6896783696045667,0.35309360719207616,0.3383845867571912,0.3951667024936375,0.3354074104408781,0.8116720815965308,0.16428450407212458,0.26930281386501653,0.21679365896857056,1.547127402326391
new_preds,OFT-0310-00,medium,4.347453319544366,1959,2.06124195978522,0.6036469740628537,0.29285595084904703,0.30254688378843303,0.3317048287507729,0.2674990492175004,0.8235933259958226,0.07896943291486336,0.15675750687490542,0.11786346989488439,2.2695670631118134
new_preds,OFT-0310-00,fast,5.435690659268154,1960,1.9001578140910629,0.5414581924506655,0.2849543277065495,0.3048413543980388,0.31701731079956397,0.21707685537029522,0.8175927527106934,0.07414679857444999,0.15925283654281752,0.11669981755863376,1.8601302033846694
new_preds,OFT-0311-00,slow,3.7080030596918507,1961,1.833898047044341,0.5985424263582733,0.3263771545658892,0.3341349068474,0.3603978135399373,0.2283544379068333,0.8719710119768337,0.09648078695284702,0.24478501732323504,0.17063290213804103,1.338279048445744
new_preds,OFT-0311-00,fast,5.6112388732741785,1962,1.6652652081009298,0.6707516336653471,0.40278967602420096,0.41847794623000656,0.4362849207293443,0.41152049815570213,0.8638525208466031,0.08263054673112281,0.3871361171839493,0.23488333195753605,1.752020863830814
new_preds,OFT-0311-00,medium,4.6791565134032735,1963,2.236395459445114,0.7339997363956003,0.32820659391685475,0.32647052230837087,0.378930736726698,0.36859013171125926,0.8439588554354396,0.09618296253382035,0.20699099722627298,0.15158697988004666,2.431542154893058
new_preds,OFT-0312-00,fast,5.127833502850073,1964,1.7108754024981012,0.7044365946326061,0.411740442117548,0.42141879077233746,0.44832746118193034,0.3778759123525247,0.9509746191797177,0.1521769727291462,0.3122823404663327,0.23222965659773945,1.6271647553054298
new_preds,OFT-0312-00,slow,3.277501610652138,1965,1.5816045104537229,0.539552111261993,0.3411422436492729,0.3471558047207138,0.36594347710086295,0.20275663473591932,0.7968781529870316,0.09617499688613712,0.36796412379436344,0.23206956034025028,0.8736890544311213
new_preds,OFT-0312-00,medium,4.019232761982762,1966,1.8200263728832164,0.6885321925111837,0.37830890956840213,0.35195239209364115,0.41708681993624985,0.29277883928778914,0.8329568049536362,0.12262209343293659,0.41998954207063754,0.2713058177517871,1.0791469262028408
new_preds,OFT-0313-00,fast,5.170290076171361,1967,1.692276882860115,0.5488076304914355,0.3243013221121927,0.3387528312621197,0.35236461065959807,0.19474354148537681,0.8362190293539223,0.06225576295778937,0.3162401088413037,0.18924793589954653,1.0290391837549413
new_preds,OFT-0313-00,medium,4.04277660548784,1968,1.8022298325141684,0.7216191106400348,0.4004034877357196,0.41655044517419326,0.4405554405987589,0.3666235338062853,0.9124628215786982,0.11341629981148103,0.3697191071985709,0.24156770350502596,1.5176843944234355
new_preds,OFT-0313-00,slow,3.217996954495459,1969,1.747583089914479,0.5779199422474587,0.3306966893778654,0.3389287074098043,0.3615995959865647,0.28000728468071273,0.7972273406553434,0.10214177909414453,0.267021979516058,0.18458187930510125,1.5169814379117887
new_preds,OFT-0314-00,fast,4.883947468082748,1970,1.6536148306458989,0.5512331916349209,0.33335041596089837,0.3440538665437751,0.3605857629201511,0.17754970885230523,0.848507634848783,0.0735860450589199,0.34269966292059617,0.20814285398975804,0.8530185180464653
new_preds,OFT-0314-00,slow,3.0008233994529934,1971,1.7002459480034864,0.5734145825778892,0.3372539033257049,0.3456333028705265,0.366773988232228,0.2470120583022428,0.8294650155259558,0.10275391174631554,0.2878649673543979,0.19530943955035673,1.2647215560646548
new_preds,OFT-0314-00,medium,3.819493477279222,1972,1.5006727629011614,0.5558017687857745,0.3703683991113932,0.3800854387201015,0.3935475703206909,0.18503913008590533,0.8822830652872351,0.12110083673756249,0.3857672491720605,0.2534340429548115,0.730127365402519
new_preds,OFT-0315-00,fast,5.368006006193454,1973,1.7958875452761254,0.5861106548386185,0.3263626703021104,0.34376176674479153,0.3588311683691739,0.2289799932236446,0.84697176721102,0.10178736176159563,0.2575855512804353,0.17968645652101548,1.274330840826971
new_preds,OFT-0315-00,medium,3.9966092688709085,1974,1.602596512437386,0.5192314378565395,0.3239938648480155,0.3339015437141054,0.3483985614740811,0.1980068791557931,0.7854606967273725,0.10843428300684957,0.30169238700630935,0.20506333500657947,0.9655888954963111
new_preds,OFT-0315-00,slow,3.2498139023735537,1975,1.7520519050061956,0.5924672554145787,0.3381562234096504,0.33157652815276406,0.36994510241026646,0.2414595445740108,0.7863565607160472,0.09922869853991755,0.35273560581109,0.22598215217550377,1.0684894459562757
new_preds,OFT-0316-00,fast,5.560052539543163,1976,1.7440439419668552,0.6036637765300443,0.34612876545373,0.3430837166745022,0.3783206418382693,0.25874255206452784,0.8075860885717827,0.10294825224606627,0.3440056744707002,0.22347696335838324,1.1578041341540437
new_preds,OFT-0316-00,slow,3.4007799866628208,1977,2.1034773115566714,0.6950820451295855,0.3304442797223196,0.3298069676781586,0.3760240003982278,0.2857526653294048,0.9297865001758151,0.10105626401794188,0.1875005720697494,0.14427841804384564,1.9805641703291041
new_preds,OFT-0316-00,medium,4.246373256148001,1978,1.7430403909035304,0.701591267036727,0.4025100454918586,0.4004022165044203,0.43989519818496703,0.34395000851379187,0.943228588241365,0.17176299771002665,0.3006391982746847,0.23620109799235567,1.4561744692860121
new_preds,OFT-0317-00,fast,4.964695049045424,1979,1.8334345176433187,0.5836500544801213,0.31833700569264956,0.32523673364489325,0.3515011367910835,0.19228296560065772,0.8806755769374468,0.10243774037607258,0.23060826425015746,0.166523002313115,1.1546931230503878
new_preds,OFT-0317-00,medium,3.984155182172294,1980,1.824385306501293,0.6037288132366077,0.330921769148868,0.3343961651855091,0.3650226496598356,0.22353619778572975,0.8434334190253647,0.08431661933351546,0.30880436249473253,0.196560490914124,1.1372387031908222
new_preds,OFT-0317-00,slow,3.240223777547558,1981,1.7469252391681558,0.6695728560666592,0.3832864973577769,0.3700497112680221,0.4190722921963871,0.3169968373887522,0.8009154954123123,0.16607638236209632,0.39230045362238763,0.279188417992242,1.1354225926290424
new_preds,OFT-0318-00,medium,3.9734454758100326,1982,1.8587751854540193,0.5449323388458761,0.2931674271909179,0.31421863774128206,0.3246380411477876,0.210307273688312,0.8060965790930479,0.0767495366744539,0.20539877513533672,0.1410741559048953,1.4907569167388106
new_preds,OFT-0318-00,fast,5.0939486209976215,1983,1.697603594830894,0.5675376312914492,0.33431693536675394,0.3440230649785969,0.3634695223573408,0.15225248462389165,0.9029046050081447,0.07408613030137151,0.3246348694959553,0.19936049989866342,0.7637043682238098
new_preds,OFT-0318-00,slow,3.233156253987569,1984,1.481256083387268,0.6911154523449778,0.4665739166212009,0.4841155969123591,0.49464160858667294,0.39139241677221087,0.9314146387192893,0.18012451904700985,0.47563485980818143,0.32787968942759566,1.1937074158374805
new_preds,OFT-0319-00,fast,5.24277704100374,1985,1.417375010599266,0.5938461668363247,0.41897603837762504,0.41607135963950226,0.4408348044349625,0.17837216649740456,0.9147655504524486,0.08842404154523525,0.5817774592447614,0.3351007503949983,0.5322941422457255
new_preds,OFT-0319-00,slow,3.292946066664033,1986,1.764065026494298,0.5420382997305161,0.30726662089532,0.32089451870318647,0.33661308074971946,0.20760539988003227,0.7776183444842597,0.13452473016553199,0.2267038484690537,0.18061428931729284,1.1494406154948404
new_preds,OFT-0319-00,medium,4.130994545034002,1987,1.3975020852909108,0.6377111035925073,0.4563221123636164,0.45932380631284264,0.47899573626722786,0.2526840466512899,0.9501922417093418,0.09996478887378231,0.6131418678344976,0.35655332835414,0.7086851434473671
new_preds,OFT-0320-00,medium,4.363911594903567,1988,1.7909979462797685,0.6934945934115117,0.3872112722697573,0.3986249385131765,0.4254966874124766,0.42467580862177123,0.8539530118232102,0.16832227947411377,0.2550356497308111,0.21167896460246244,2.006225840245021
new_preds,OFT-0320-00,fast,5.251638207153965,1989,1.8541303611490585,0.5247183425325334,0.2829997035415299,0.2968462196768713,0.3132145334154054,0.16831676647465885,0.8132987928366412,0.07129299694779202,0.19994957740252947,0.13562128717516075,1.2410792581349746
new_preds,OFT-0320-00,slow,3.474309500294463,1990,2.026818605747256,0.5973137755357297,0.29470509785236043,0.30556958018743763,0.3325311825627815,0.27321578798861496,0.8071755542864452,0.07575790734894142,0.17397548062712434,0.12486669398803288,2.1880597560691384
new_preds,OFT-0321-00,fast,5.252954954523975,1991,1.7513707598873647,0.5403981814442291,0.3085572705798649,0.3204248797994921,0.3375373844379105,0.24214933769381408,0.7759972595397878,0.07487014837846805,0.2571327921395719,0.16600147025901998,1.4587180301233293
new_preds,OFT-0321-00,medium,4.166559221517076,1992,2.0848686849654934,0.5931547679452971,0.28450461759183376,0.29208604780561165,0.3230858863860167,0.20555171828396973,0.8191127996710195,0.09349796890151295,0.17418105868756456,0.13383951379453876,1.5358074193210132
new_preds,OFT-0321-00,slow,3.335144661149886,1993,1.5252832547595236,0.5450953556850314,0.3573731987052931,0.37076921841141947,0.38083846832776036,0.16717899989803564,0.9002453520997113,0.07120963672458668,0.3847198845887077,0.2279647606566472,0.7333545738230787
new_preds,OFT-0322-00,medium,4.274613371358201,1994,2.089417610823712,0.713128486592865,0.34130490855378975,0.34391931858902464,0.3877828558086742,0.3323494998245976,0.8975801455845773,0.0893498703904075,0.23185190743511425,0.16060088891276086,2.069412579684608
new_preds,OFT-0322-00,fast,5.568089472664812,1995,1.828216889450728,0.6918099997457102,0.37840696240015514,0.3853547166135742,0.41758234206834954,0.3487406056114317,0.8996895530452228,0.11288574915291585,0.30901346046382755,0.21094960480837172,1.6531939271857392
new_preds,OFT-0322-00,slow,3.1769642635404267,1996,1.7934347343257602,0.719152430953425,0.40099169330730594,0.4163181682179298,0.4407617855130709,0.3501595410541676,0.9537071158737831,0.18507704480840542,0.2741034403159275,0.22959024256216645,1.5251499242584512
new_preds,OFT-0323-00,slow,3.425222589767069,1997,2.102141694594529,0.7488580453761207,0.35623576055874,0.34387335271541164,0.40531354616091264,0.38654376946397984,0.8809258118761698,0.1232093088873083,0.23057529441619268,0.1768923016517505,2.185192718137458
new_preds,OFT-0323-00,medium,4.241529471940158,1998,1.8439541458368405,0.5944034638500005,0.3223526274728718,0.32183359521745214,0.3563589820200128,0.25469973250022976,0.8334292546984801,0.07652776082929444,0.26077918005204703,0.16865347044067075,1.5101956208474734
new_preds,OFT-0323-00,fast,5.17133993213055,1999,1.803170308059118,0.657858556177016,0.3648343993003726,0.38101187241619183,0.4014624189099529,0.29419866921612375,0.9427918886986413,0.11388105437220156,0.25497806335284495,0.18442955886252327,1.5951817649546303
new_preds,OFT-0324-00,fast,5.2340014311421985,2000,1.6364851117875616,0.6285761586264053,0.3841013609587932,0.40440330945670727,0.41466071066724475,0.3222481983648856,0.8581835294452993,0.12083929396832667,0.35737182089046754,0.2391055574293971,1.3477235821256008
new_preds,OFT-0324-00,slow,3.4245839488997882,2001,1.766499568139697,0.6402249748740183,0.36242577491725064,0.3536732947436173,0.39715067491184664,0.3252919565061501,0.8128277857695194,0.1167073161714672,0.33377564120024983,0.22524147868585853,1.4441920662394103
new_preds,OFT-0324-00,medium,4.324860481316273,2002,1.631312498419613,0.5821739400461818,0.3568745660994946,0.36678497087156386,0.38503698784283025,0.26657275556083476,0.8352492716444091,0.10752445632949492,0.33080146783658226,0.2191629620830386,1.216322105830241
new_preds,OFT-0325-00,fast,5.03090251690436,2003,1.6120052842623,0.5927937852774434,0.3677368747266377,0.3781658694945018,0.39586898854548835,0.19472218455465312,0.9112194945350776,0.09698209246152673,0.3805521826306962,0.23876713754611145,0.8155317626867632
new_preds,OFT-0325-00,medium,4.026624794356366,2004,1.7624666856845201,0.5912029350152261,0.3354406297816689,0.3543611872784928,0.36741091793586345,0.25463945946362126,0.8682565332106167,0.08810480624905637,0.2586428728201593,0.17337383953460783,1.4687305775032553
new_preds,OFT-0325-00,slow,3.133098348572885,2005,1.8152419972129978,0.6036248756375555,0.3325313520535119,0.34517808515155035,0.3664180425015173,0.20586770916345298,0.9168013153621206,0.10907470488113823,0.2339284405993578,0.17150157274024802,1.2003837975017002
new_preds,OFT-0326-00,fast,4.676828232446272,2006,1.8546268713382696,0.617120698878781,0.33274655318321594,0.3407018796504301,0.36829332139516163,0.24083245378072288,0.8833329925671936,0.1001103816912852,0.24889745754144454,0.17450391961636486,1.3800976752280227
new_preds,OFT-0326-00,slow,2.96178273181035,2007,1.4025394004191587,0.6478047315804947,0.461879881154778,0.4742313291340303,0.4851204874579923,0.3143968152866895,0.927333402666982,0.12040596009587815,0.5783457717824194,0.34937586593914877,0.8998813196256904
new_preds,OFT-0326-00,medium,3.742412699731687,2008,2.07175810181826,0.7073534323966508,0.34142665197054056,0.34111593263806383,0.38716749952380447,0.29479266975978236,0.8992897865574905,0.09012688992553014,0.26446065185241485,0.1772937708889725,1.6627356295805324
new_preds,OFT-0327-00,medium,4.407154596754611,2009,1.556042816423204,0.5673480484937193,0.36460953548685326,0.37905011558728574,0.3899518496127117,0.19452121561220348,0.8831371443824275,0.0994726009610214,0.3826764374951942,0.2410745192281078,0.8068924755508691
new_preds,OFT-0327-00,slow,3.3796716864765655,2010,1.8934230908863838,0.6898107252780747,0.3643193793285514,0.3674266607965707,0.40500579757224187,0.3214824262212428,0.8699802839670703,0.18413366883172055,0.24442681126893392,0.21428024005032725,1.5002896494130178
new_preds,OFT-0327-00,fast,5.6368130689404286,2011,1.731792660161959,0.5058754309812648,0.2921108528857922,0.3042206388612252,0.3188314251477263,0.15241111651171713,0.798272102905264,0.0739084550028334,0.2507340261710903,0.16232124058696185,0.9389474597445829
new_preds,OFT-0328-00,fast,6.259273297543829,2012,1.64352585335104,0.5798507302611329,0.3528090106272778,0.35857672391064493,0.3811892255815098,0.19291584916609847,0.8872407455337961,0.08148209790103081,0.363118209725114,0.2223001538130724,0.8678169846356356
new_preds,OFT-0328-00,medium,5.134463994057187,2013,1.279535405155935,0.5899835737564576,0.4610920271366444,0.45191195281967217,0.4772034704641209,0.23693644660234764,0.8326431411403697,0.11098853200927827,0.7282457621044877,0.41961714705688297,0.5646491051764115
new_preds,OFT-0328-00,slow,3.938593264757507,2014,1.4940619677453957,0.4941052953101044,0.33071271873396973,0.3437474795124973,0.35113679080598653,0.13601539572785368,0.8109890600444363,0.06719186802534959,0.39035083942630683,0.2287713537258282,0.5945473220867582
new_preds,OFT-0329-00,fast,5.201064383091208,2015,1.7816959362267635,0.5666765699215357,0.3180545896746169,0.340452346486663,0.34913233720548176,0.15894511218363877,0.924166184370534,0.06935015014258346,0.2440679021251707,0.15670902613387708,1.0142690316245817
new_preds,OFT-0329-00,medium,4.112203369946747,2016,1.6535001484320488,0.5638175327181687,0.34098426495625983,0.3531777993856079,0.3688384234264984,0.22575659699246364,0.8476887230791161,0.06072375549269267,0.34118461814172135,0.200954186817207,1.1234232068915166
new_preds,OFT-0329-00,slow,3.264839179406137,2017,1.5874232951459124,0.6827319549451352,0.4300881542011011,0.4128548313338323,0.46166862929410535,0.2663229505297928,0.9502926607832483,0.14585228496404967,0.4842066208993305,0.31502945293169005,0.8453906390382534
new_preds,OFT-0330-00,fast,5.2715198471987295,2018,1.7330890471294549,0.611848127386509,0.3530390595912677,0.36983164340311414,0.3853901930656728,0.22762452809437833,0.9276007771493888,0.09648785212854902,0.2898476148903752,0.1931677335094621,1.1783775890460941
new_preds,OFT-0330-00,medium,4.182682821994549,2019,1.7188841163154176,0.5464684501806426,0.3179204723539169,0.3302940107508613,0.34648896958225756,0.23445023388058622,0.798316973574906,0.11465979232403345,0.23852887854950414,0.17659433543676878,1.3276203526048733
new_preds,OFT-0330-00,slow,3.361344996150717,2020,2.0031582601961255,0.6692717959452203,0.33410829750400906,0.3306713975807214,0.3760037348091604,0.2908508906463545,0.8703485625357774,0.12150711174270654,0.2213083743118032,0.17140774302725487,1.6968363593709268
new_preds,OFT-0331-00,fast,5.830421880148689,2021,1.7420269934292092,0.6100336288830879,0.35018609423624747,0.3693137926028928,0.3826670360671026,0.20669783560628194,0.9559288966893462,0.10182207013374646,0.26621934183903606,0.18402070598639125,1.1232314021312781
new_preds,OFT-0331-00,slow,3.4961510375763893,2022,1.6773163134172835,0.5847445067975278,0.34861910190702045,0.35010215096152214,0.37813477751833374,0.182272983389821,0.8660536737684177,0.08673609425945666,0.3774763586556397,0.2321062264575482,0.7852998438331787
new_preds,OFT-0331-00,medium,4.628226565921201,2023,1.6585704887224522,0.5433411248665331,0.3275960404221666,0.3411382470057569,0.3545641759777124,0.15777938565574626,0.8620767732195457,0.08000946673994917,0.3183910782956083,0.19920027251777875,0.7920641054427491
new_preds,OFT-0332-00,medium,4.248774244705252,2024,1.778925873782145,0.5241524881399895,0.2946454913411302,0.3138515168274355,0.3233338659409877,0.225325630804678,0.7823552957674195,0.06462973325863616,0.22102480393321713,0.14282726859592665,1.5776093250242562
new_preds,OFT-0332-00,fast,5.445028419023559,2025,1.5371942922813253,0.4754145156051459,0.30927418738954,0.31860002119898356,0.3300417284164907,0.11105212555888574,0.7909260410643906,0.04465711180816731,0.37353163523451927,0.2090943735213433,0.5311100613979463
new_preds,OFT-0332-00,slow,3.1859147813777096,2026,1.6549341679166067,0.6350885446901294,0.3837545667992589,0.3903512869689381,0.41517131403561763,0.21618749923860336,0.9383029136932046,0.1262225093041576,0.37997233390650537,0.2530974216053315,0.8541671340125947
new_preds,OFT-0333-00,fast,4.408085384285612,2027,1.8713108458118106,0.5656683862039456,0.30228456564016104,0.3244511885658875,0.33520754321063406,0.2524243421251059,0.8308893749094644,0.09162361336664643,0.16589284244131974,0.12875822790398309,1.9604521298114048
new_preds,OFT-0333-00,slow,3.122215660734302,2028,1.697467784742503,0.5781629305692885,0.34060318302711867,0.3435290155219104,0.37029815146989,0.1763308246748575,0.8812395514902119,0.08031907190023013,0.34330315781426024,0.2118111148572452,0.8324908954551303
new_preds,OFT-0333-00,medium,3.6726133106950485,2029,1.70823628026051,0.6369428673974342,0.3728657883909941,0.364261237077814,0.40587542326679893,0.2277697744969156,0.8842593167559714,0.14394055454715396,0.3675320472671551,0.25573630090715455,0.8906431104577827
new_preds,OFT-0334-00,fast,5.102064031536896,2030,1.667271361071731,0.5071162106067726,0.3041593722816636,0.3253301628182477,0.3295289770723024,0.09792221098936835,0.8748957099153936,0.05281289672351791,0.2924850906609294,0.17264899369222367,0.5671751042113308
new_preds,OFT-0334-00,slow,3.093239353398856,2031,2.0171569262686155,0.8759968348938467,0.4342730223346016,0.40938205029394004,0.4894884989045073,0.4806545324297763,0.9241324019845262,0.251230659897645,0.3019364013060821,0.2765835306018636,1.7378277418899133
new_preds,OFT-0334-00,medium,3.873422307090119,2032,1.6931540379165348,0.606389557032335,0.35814199030497623,0.3175312419529611,0.3891729361458963,0.3026919689945593,0.6863001275785826,0.13944025507474497,0.42825939293569815,0.2838498240052216,1.0663806823040027
new_preds,OFT-0335-00,fast,5.203158203895366,2033,1.6051955210687217,0.5779810309569354,0.36006892828365356,0.3723887265587669,0.3873079411178138,0.1867359028365067,0.9077468292139717,0.06585265875548468,0.388896373665292,0.22737451621038834,0.8212701491301736
new_preds,OFT-0335-00,slow,3.3874232068379238,2034,1.693820179237848,0.5548848425623635,0.32759371352633176,0.3341209847603791,0.3560051046558357,0.1730409751064267,0.8368642256763028,0.07698018610577918,0.33713503173483433,0.20705760892030675,0.8357141570828602
new_preds,OFT-0335-00,medium,4.1571285900102355,2035,1.6894339722621698,0.6582209794640428,0.3896103607900568,0.3956587842916308,0.4231866881243051,0.34037191158910174,0.8782676984529053,0.1329029866636084,0.341204155791605,0.2370535712276067,1.4358438467155343
new_preds,OFT-0336-00,medium,5.1507386488987414,2036,1.7341964614665697,0.6930006048897607,0.39960905254281637,0.4023295222635558,0.4362829965861844,0.3321232615904617,0.8874953094088097,0.1752905055644795,0.3502229097809867,0.26275670767273307,1.2639953686896
new_preds,OFT-0336-00,fast,6.12531045891177,2037,1.7921098320815843,0.6090767256727314,0.3398657352185118,0.35071457983652243,0.37351710902528923,0.2522544862713094,0.8629263376006512,0.09601340246792951,0.28287420976126654,0.18944380611459802,1.3315530945293406
new_preds,OFT-0336-00,slow,3.727448099779792,2038,1.5948852770804258,0.6481396154315,0.40638635564933867,0.40337243144990353,0.4366055131221087,0.3297072608947231,0.8234782322358885,0.12181557106358273,0.47142098829424034,0.2966182796789115,1.1115540864562705
new_preds,OFT-0337-00,medium,4.541057154783232,2039,1.8565644899671598,0.6262842903053976,0.3373350582163056,0.354742118178487,0.3734537122274422,0.2500326555889704,0.9430269383039156,0.11465327467671925,0.1861019803401633,0.15037762750844128,1.662698499315898
new_preds,OFT-0337-00,fast,6.316985901554129,2040,1.8638217531118941,0.6878948510460016,0.3690775954822242,0.34878675407041704,0.40892975242769636,0.2542040322884276,0.8832448672351854,0.07348068435301676,0.4247894258341557,0.24913505509358622,1.0203463025022201
new_preds,OFT-0337-00,slow,3.375460960525514,2041,1.8245060342255326,0.5544840093740177,0.3039091123693572,0.3271605852213903,0.3352309744949397,0.2344090308883741,0.8411554861257129,0.08812666344993203,0.1772327175157398,0.1326796904828359,1.766728804049316
new_preds,OFT-0338-00,fast,4.537141349878989,2042,2.03031305940577,0.5689296917301434,0.2802177177034251,0.2803391157114619,0.31630671445676484,0.2035698581253638,0.7977533455908152,0.0898949428558429,0.17400871125503756,0.13195182705544023,1.5427589194337785
new_preds,OFT-0338-00,medium,3.6775989037344927,2043,1.5991916839354452,0.4989838052826605,0.3120225113069079,0.3248615776412781,0.33539267305387704,0.1613118110692678,0.8011422788988051,0.0862303908214794,0.29288621142595594,0.1895583011237177,0.8509878497169352
new_preds,OFT-0338-00,slow,3.0910803626600534,2044,1.359055027757641,0.5741136539943341,0.42243591485886123,0.4077987314811696,0.4413956322507955,0.15911188448678434,0.8613101452953371,0.11439549114892318,0.6307650080721364,0.3725802496105298,0.4270539961608516
new_preds,OFT-0339-00,fast,5.0603228745657445,2045,1.7899647671159222,0.5856149379695462,0.32716562288157064,0.3357812813929292,0.35947178726756757,0.22295665592123926,0.8538025933729632,0.11132620233092583,0.249801697445142,0.18056394988803393,1.2347794565830703
new_preds,OFT-0339-00,slow,3.1439498021155723,2046,1.713820138861534,0.7906982153564933,0.4613659259960282,0.4195203787123377,0.5025324621660865,0.47064369434174724,0.8254219376658813,0.3176764375247463,0.3963877791319706,0.3570321083283584,1.3182111170486144
new_preds,OFT-0339-00,medium,4.078186545563286,2047,1.724204422391816,0.5142858619296715,0.29827429697474866,0.3117305410968375,0.325275742594114,0.20213673648486147,0.7764628789278193,0.07319291101944027,0.2493104439443352,0.16125167748188773,1.253548115848693
new_preds,OFT-0340-00,medium,4.400445423154358,2048,1.5587213582247248,0.6661376479247513,0.42736159635576926,0.43321958356198775,0.4572086028018919,0.28981010192140977,0.9673187059480236,0.15650535502202143,0.4152002483161128,0.2858528016690671,1.01384383930903
new_preds,OFT-0340-00,fast,5.375995394865002,2049,1.7916319074221543,0.6158511608785953,0.34373754917364563,0.35426335141567544,0.37775175063676436,0.20878932601450484,0.9194584107545387,0.12790795519845866,0.25485131057955557,0.1913796328890071,1.0909694143660245
new_preds,OFT-0340-00,slow,3.3861286291463135,2050,1.594731380078754,0.6502899940230117,0.40777400015223747,0.4267296222292083,0.43808849938608424,0.2831342968955777,0.9361325887371311,0.1862114533708761,0.34687565854075214,0.26654355595581414,1.0622440144173428
new_preds,OFT-0341-00,fast,5.048116778124028,2051,1.7061230644888636,0.4775554242457777,0.2799067864362107,0.2988807295950363,0.30461286616240657,0.17520845364083637,0.7535326898883051,0.06771500715775874,0.22199531396272618,0.14485516056024245,1.2095423660655196
new_preds,OFT-0341-00,slow,3.21532673465185,2052,1.5984531604723478,0.6146703540222743,0.3845407355199807,0.3744450079694406,0.4133069378327675,0.33568235032293864,0.6973223698832134,0.1431247970450058,0.4770982340799118,0.3101115155624588,1.0824569017184067
new_preds,OFT-0341-00,medium,3.8296168415956697,2053,1.5926122871150767,0.7049423896003327,0.4426327708907071,0.44066519999033094,0.4754214732294104,0.32501349329075624,0.932340905342108,0.14760293866842245,0.49672855561635487,0.32216574714238866,1.0088393821305557
new_preds,OFT-0342-00,fast,5.12028058864586,2054,1.8592719877762263,0.4743972828343813,0.2551521702867056,0.2662375018286423,0.2825578093551651,0.1410675014452949,0.7378072357385436,0.04666536325320063,0.20469113698362149,0.12567825011841105,1.1224495989750372
new_preds,OFT-0342-00,medium,4.049481705554146,2055,1.5352537978851644,0.5172203459550303,0.336895662897893,0.35672853191460296,0.3594362482800351,0.15764497884472034,0.8487248251951542,0.05598763786828366,0.375387551211982,0.2156875945401328,0.7308949741909587
new_preds,OFT-0342-00,slow,3.2964074761027153,2056,1.6526194819910465,0.5973405260309582,0.361450734751894,0.3738264659215301,0.39093695866177713,0.24587335833243007,0.8990386466710085,0.12503689234494375,0.29379893729872625,0.209417914821835,1.1740798705860958
new_preds,OFT-0343-00,fast,5.573374949025648,2057,1.749187016573242,0.5559954199068513,0.3178593338727601,0.33115276597433396,0.3476263446270216,0.20505438103149773,0.8395236370521043,0.0500051952216888,0.29592216520279535,0.17296368021224207,1.1855343317156382
new_preds,OFT-0343-00,slow,3.4363903817773864,2058,1.8022601558359705,0.586076203496057,0.3251895691075788,0.3402471811162432,0.35780039840613853,0.24697698448398783,0.8634684914463508,0.08065596434647883,0.240100153347737,0.1603780588471079,1.539967413618821
new_preds,OFT-0343-00,medium,4.404314400675542,2059,1.8377413791337769,0.641114934163459,0.3488602593612219,0.36975734849200115,0.3853920937115016,0.3243015838997156,0.8972761020884168,0.1024265706910108,0.21756411816686322,0.159995344428937,2.026943878006127
new_preds,OFT-0344-00,fast,5.285507967537993,2060,1.7649524552504483,0.5717479195739997,0.3239452246280868,0.32963420012789557,0.354920561496326,0.13095965382934974,0.9246621700604077,0.0681203302327201,0.29594009186282644,0.18203021104777328,0.7194391143950263
new_preds,OFT-0344-00,medium,4.432182853320218,2061,1.7337400766678217,0.6190205599823435,0.35704346246184493,0.3688141847956133,0.38979059965190715,0.27431589462030426,0.9070035497597093,0.13808359703217138,0.23975935719544378,0.18892147711380758,1.4520101092320727
new_preds,OFT-0344-00,slow,3.399379808424952,2062,1.3802757639947651,0.5982752069460433,0.43344614355505867,0.4376575265518226,0.4540497764789321,0.3034483318616885,0.7878671266564664,0.16484968033806346,0.5600339670595099,0.3624418236987867,0.8372332110156092
new_preds,OFT-0345-00,medium,4.013370285566508,2063,1.9238182521342175,0.4845329244888897,0.25186003093138637,0.2573511925142119,0.2809441426260741,0.13839592954627022,0.7305991303105954,0.03891954412611136,0.2158619665213194,0.12739075532371538,1.0863891119460698
new_preds,OFT-0345-00,fast,4.95931514190285,2064,1.6704404504675698,0.5747820695908975,0.34409012870229005,0.360637531477507,0.37292662131336607,0.24337652368678953,0.8674167871434336,0.08204121249570293,0.2988719619275381,0.1904565872116205,1.2778582628720976
new_preds,OFT-0345-00,slow,3.177024452325537,2065,2.0322819744452487,0.6597614638013319,0.3246407103430747,0.3065328510349235,0.36653080452535686,0.26505895191084655,0.8605444398660471,0.10048008290426085,0.24003974342027298,0.1702599131622669,1.556790127446095
new_preds,OFT-0346-00,fast,4.5906195823341145,2066,1.285406711269713,0.5709159931209596,0.44415202450360175,0.44874803499997323,0.45999752058077137,0.14667587005978988,0.9199812627013436,0.08624477636704554,0.6870881731949063,0.38666647478097593,0.3793343349533296
new_preds,OFT-0346-00,slow,2.8080888161390654,2067,1.3708790921802272,0.5867150957834077,0.42798456780773,0.4383529353618245,0.44782588380468974,0.22488138962665297,0.865891291067467,0.16364871347447976,0.5368821410501591,0.3502654272623194,0.6420313628562481
new_preds,OFT-0346-00,medium,3.3841943426379038,2068,1.833951778322836,0.6537890248660422,0.35649193866151574,0.3472582424238494,0.39365407443708167,0.2750977767021633,0.8497866777343752,0.1281318234289055,0.3216000198828824,0.22486592165589395,1.2233858055340985
new_preds,OFT-0347-00,medium,4.413238490048046,2069,1.6403783803430843,0.6192847155964101,0.37752552887638463,0.37374160320213884,0.4077454272163876,0.22713677256083187,0.8838419620036684,0.1700550016421856,0.3499479726588649,0.26000148715052523,0.8735979745736352
new_preds,OFT-0347-00,slow,3.4838881436570968,2070,1.8035806580872284,0.6734163182996111,0.373377434094795,0.3819826743658298,0.41088229462039694,0.30667925221657594,0.9420494845197495,0.1389417424427092,0.2558586993025533,0.19740022087263126,1.5535912313616655
new_preds,OFT-0347-00,fast,5.7330579293035475,2071,2.081325616998969,0.6560524408597141,0.3152089396783892,0.3134115076986718,0.35781437732605487,0.2772520219806226,0.8593384686527268,0.08562621735406666,0.20904080131680366,0.14733350933543515,1.8817988061996211
new_preds,OFT-0348-00,medium,4.114900427476677,2072,1.3438374077130313,0.526073660156277,0.3914712130625679,0.3984419224271712,0.4082965189492815,0.1709795147977672,0.8370676638669324,0.09269277841970783,0.5324461187127186,0.3125694485662132,0.5470128817197811
new_preds,OFT-0348-00,fast,4.901036620898217,2073,1.7270907263490147,0.6721260909001995,0.3891666376560548,0.4007401985148388,0.4245365693115731,0.3513695211589582,0.9082571020605462,0.11332405680644912,0.32519559722033853,0.21925982701339383,1.6025257610802286
new_preds,OFT-0348-00,slow,3.271838338899624,2074,2.007971746794397,0.5648962124273468,0.28132677331200934,0.27894663578180595,0.31677295320142645,0.22466951802085053,0.76203547507302,0.11077390761202426,0.16961291209981094,0.1401934098559176,1.602568325085697
new_preds,OFT-0349-00,fast,4.993055024730134,2075,1.7099222323857164,0.5736423417628591,0.33547861469846046,0.33403549911710273,0.3652490805815102,0.18048235954662836,0.8778834116314712,0.11156392862903881,0.2910666225189027,0.20131527557397075,0.8965159699484027
new_preds,OFT-0349-00,slow,3.3234256478918085,2076,1.6633341435749642,0.5719384902257001,0.343850628230625,0.35265454949811226,0.37236161098000947,0.21855545702802473,0.845817572918773,0.11255540068410266,0.3125180132891374,0.21253670698662003,1.028318637880202
new_preds,OFT-0349-00,medium,3.993190141231717,2077,1.740110544013678,0.570106062345992,0.327626347824435,0.331672495530219,0.3579363121396295,0.2287539482792626,0.8101079867145542,0.05452404705954345,0.33835926650515796,0.1964416567823507,1.1644879809413977
new_preds,OFT-0350-00,medium,3.899973279940127,2078,1.8022061670756464,0.5290522388365998,0.2935581114424148,0.2996238772323725,0.3229948773666878,0.16398499080990658,0.7859356026334408,0.0817650953765503,0.26029382064685375,0.17102945801170202,0.9588113808949015
new_preds,OFT-0350-00,fast,4.909388791845843,2079,1.7771516787484436,0.5349588507046112,0.3010203670861427,0.31766796331943714,0.33026267753845134,0.15567112347142603,0.8593856483349754,0.05536860844078259,0.2506253299066212,0.15299696917370187,1.0174784789016842
new_preds,OFT-0350-00,slow,3.101848820901483,2080,1.4960801955769745,0.7003544381265002,0.46812626769409466,0.45420986877236347,0.49715478899814514,0.3309889562578816,0.8844538040059347,0.20664290708849112,0.5665334886402735,0.3865881978643823,0.8561796715118414
new_preds,OFT-0351-00,fast,5.629958435277886,2081,1.7971756851977876,0.6532275541972365,0.3634745114667773,0.38250958635404897,0.3996936418080847,0.25562934480191435,0.9711314775260308,0.08865621385331728,0.2833575310510763,0.1860068724521968,1.374300537565408
new_preds,OFT-0351-00,medium,4.4948925148271375,2082,1.9739494345896171,0.5981265899354206,0.3030100870135869,0.3151089342337272,0.33989964987881605,0.22235509210823295,0.8609995085827987,0.10027588861603437,0.1759681102081985,0.13812199941211645,1.6098455934220088
new_preds,OFT-0351-00,slow,3.631221023814767,2083,1.8452470658324702,0.5433671522665089,0.2944685090293709,0.30294591081974265,0.3255808394340131,0.14248097839865817,0.8389186350183967,0.09239076347347734,0.22853298084552018,0.16046187215949875,0.8879428893677146
new_preds,OFT-0352-00,slow,3.3571846194240944,2084,1.8764376348328042,0.6978977399803616,0.37192695724339714,0.38294954768870704,0.4126733050855176,0.3990104109253767,0.8697956932811338,0.12558577315829783,0.2563013429772621,0.19094355806777996,2.0896772583641625
new_preds,OFT-0352-00,medium,4.423656858383992,2085,1.9337866363933338,0.6705880089156042,0.3467745594551756,0.3426494417010131,0.38725124063772925,0.3354091270401101,0.7984044793371372,0.10298701775253621,0.31220433842113343,0.20759567808683482,1.615684537034593
new_preds,OFT-0352-00,fast,5.424232497775137,2086,1.8648106575879642,0.5443431770755676,0.29190265234736873,0.3026660566067919,0.32345771793839345,0.16158813473113626,0.8446605939471157,0.057868277015485,0.2297138660598371,0.14379107153766105,1.1237702939630287
new_preds,OFT-0353-00,fast,5.213306728903402,2087,2.0095578433143997,0.6293445459233771,0.31317563115545255,0.3129384073620035,0.35269674550144314,0.2426197824546068,0.8597239932176769,0.0680723206107732,0.24037088572271584,0.15422160316674452,1.5731893423017145
new_preds,OFT-0353-00,slow,3.2597631278077066,2088,1.545223106127164,0.5778415248100588,0.3739534585774602,0.3784996903067668,0.39943946685653514,0.21538717580631023,0.8323133876315421,0.10309356106010023,0.4469637429281882,0.2750286519941442,0.7831444987444295
new_preds,OFT-0353-00,medium,4.032119116814364,2089,2.0082505692149115,0.6283478435230225,0.31288318955570543,0.3349771855965319,0.35231627130162,0.3042507199934343,0.8794029522999127,0.08083343718624365,0.14477797572688958,0.11280570645656662,2.6971217108646837
new_preds,OFT-0354-00,fast,4.37890195934491,2090,2.050602627724643,0.6427613759716677,0.31344999137393986,0.3061701829944852,0.3546139144486559,0.21875505050210114,0.8586515548997338,0.13518419748144786,0.20586485491134082,0.17052452619639435,1.2828362897789807
new_preds,OFT-0354-00,medium,3.6200045023262897,2091,2.2340852923791137,0.6919562405295507,0.30972686803406474,0.28729117993457076,0.3575055395960005,0.3026844506299816,0.8294396803309207,0.11670769549863819,0.18119033192446143,0.1489490137115498,2.032134641832213
new_preds,OFT-0354-00,slow,3.0708182309119114,2092,2.0627396508995712,0.6744430972656487,0.3269647223640272,0.31378303822967735,0.37039951922673,0.28057428705076864,0.885149048160113,0.13440974881816647,0.18146499287787188,0.15793737084801918,1.7764908048314998
new_preds,OFT-0355-00,fast,6.835427413671594,2093,1.674167296634445,0.6690572455034665,0.3996358349900054,0.40455453996672075,0.43331351130418805,0.2579176460757223,0.9698636258836584,0.11157873592295589,0.39389403733441564,0.25273638662868575,1.0205006470027949
new_preds,OFT-0355-00,medium,4.927749220044576,2094,1.6310282631708088,0.6221432168611234,0.3814423274625804,0.3714757140202247,0.4115299386373983,0.2745810192212905,0.830862678808875,0.15138867906524564,0.3892873774541818,0.2703380282597137,1.0156951317167282
new_preds,OFT-0355-00,slow,3.498763076639425,2095,1.6248273499881265,0.7788318530109366,0.4793320675065126,0.45781193174571533,0.5167695406945656,0.3956850338410663,0.9457199051735821,0.1728501568886538,0.5528230668749604,0.3628366118818071,1.0905322695769175
new_preds,OFT-0356-00,fast,4.976009900491075,2096,1.874727384652587,0.6048057435473918,0.322609969053965,0.345215761678748,0.35788444086564347,0.26660455259999655,0.8987852235724384,0.10324718969357484,0.1629007975965641,0.13307399364506947,2.003430913113462
new_preds,OFT-0356-00,slow,3.2267580832261484,2097,1.6942423145696084,0.5867588137738463,0.34632520314716714,0.3573374047239935,0.37637940447550194,0.22371070398334175,0.9034069344265916,0.12474036462295608,0.2536596148691185,0.18919998974603727,1.1824033620912355
new_preds,OFT-0356-00,medium,3.920666416802333,2098,1.8828449247078625,0.6285173696889395,0.33381260529804846,0.3421320488112456,0.37065070084690976,0.2947793465585288,0.8397018502225285,0.1258148211925267,0.222306785414055,0.17406080330329085,1.693542376941079
new_preds,OFT-0357-00,fast,5.541337588292885,2099,1.670013874444874,0.5493876503839811,0.3289719078331621,0.3233998191735369,0.3565238756520145,0.19449527816931245,0.7826831105660816,0.12101807377848742,0.3278990400941767,0.22445855693633204,0.8665086367123054
new_preds,OFT-0357-00,slow,3.3777334442473594,2100,1.5652824533190153,0.6344652246138791,0.40533593363201825,0.4154029046423072,0.43397709500475073,0.28209761914085346,0.9295965522313019,0.15021082360137136,0.37400338504547626,0.2621071043234238,1.0762684966858533
new_preds,OFT-0357-00,medium,4.293705093659491,2101,1.8347318369379026,0.4900638089658089,0.26710378001817786,0.28775947514293715,0.29497378363663185,0.14075674066336208,0.79794905285055,0.05975495098362758,0.18143439004898773,0.12059467051630765,1.1671887328082875
new_preds,OFT-0358-00,slow,3.3499235137851313,2102,1.9480163008199713,0.8352735666479928,0.428781610449771,0.4138659049493514,0.47959310497454877,0.47511038324655835,0.8614821065903102,0.0996124822424776,0.48216744781884857,0.2908899650306631,1.6332993240123506
new_preds,OFT-0358-00,fast,5.894141826321202,2103,1.6960565615140308,0.524936032682361,0.3095038482760048,0.3232658763370243,0.33643287132679933,0.1607187210945813,0.8234482502662209,0.07330568284222741,0.2882588311041677,0.18078225697319755,0.889018224384759
new_preds,OFT-0358-00,medium,4.4529162088343766,2104,1.8134710780006258,0.6540731126830989,0.3606746865818354,0.35453660719918184,0.3973494898444932,0.25035396073183575,0.8489680968457877,0.10020565118293563,0.3898702506174141,0.24503795090017486,1.0216946387779196
new_preds,OFT-0359-00,fast,5.435419752612694,2105,1.788894156420588,0.6666374619344984,0.3726533845179406,0.3869637509791869,0.4094013941950103,0.2862824189349403,0.9121154985350808,0.15162914043516265,0.28757851887485747,0.21960382965501007,1.30363126810985
new_preds,OFT-0359-00,medium,4.436670902161585,2106,1.8242797024267787,0.6031849002015262,0.33064277336371684,0.3447305281155182,0.364710539218443,0.24843833342062932,0.8682481067652695,0.09234036135496583,0.2498153553329073,0.17107785834393657,1.4521945494616053
new_preds,OFT-0359-00,slow,3.602555550419625,2107,1.5891126371983322,0.6207837600100399,0.3906480544415693,0.392961903637848,0.4194150176376281,0.22898942960953209,0.9131732666567118,0.09727829857880631,0.4382190757054621,0.2677486871421342,0.855240158425028
