group,subject,speed_bin,mean_speed,model_index,diagonal_dominance,self_gain,cross_gain,fore_hind_coupling,left_right_coupling,angle_angle_coupling,radius_radius_coupling,radius_to_angle_coupling,angle_to_radius_coupling,angle_radius_cross_coupling,angle_selectivity
Cntnap_het,OFT-0366-00,slow,3.6710539720053386,1,1.0109339725442756,0.9617849694823174,0.9513825784900055,0.9461813829938495,0.9539831762380835,0.9617849694823174,NaN,0.9513825784900055,NaN,0.9513825784900055,1.0109339725442756
Cntnap_het,OFT-0366-00,medium,4.818050275650074,2,0.9915921531544375,0.8771327225195681,0.8845700520413026,0.8882887168021696,0.8827107196608688,0.8771327225195681,NaN,0.8845700520413026,NaN,0.8845700520413026,0.9915921531544375
Cntnap_het,OFT-0366-00,fast,5.967393961629797,3,1.0009476941584226,0.9114201833775495,0.9105572535874155,0.9101257886923486,0.9107729860349492,0.9114201833775495,NaN,0.9105572535874155,NaN,0.9105572535874155,1.0009476941584226
Cntnap_het,OFT-0371-00,fast,5.161759489967794,4,1.0081495393485853,0.8447346961543972,0.837906147038684,0.8344918724808272,0.8396132843176123,0.8447346961543972,NaN,0.837906147038684,NaN,0.837906147038684,1.0081495393485853
Cntnap_het,OFT-0371-00,medium,4.119066981308078,5,1.0247611841000757,0.8548371165492918,0.83418178773037,0.823854123320909,0.8393456199351004,0.8548371165492918,NaN,0.83418178773037,NaN,0.83418178773037,1.0247611841000757
Cntnap_het,OFT-0371-00,slow,3.2841957322977513,6,1.0101523211456942,0.7885788839940857,0.7806534395720593,0.7766907173610463,0.7826348006775661,0.7885788839940857,NaN,0.7806534395720593,NaN,0.7806534395720593,1.0101523211456942
Cntnap_het,OFT-0376-00,fast,5.26788733469112,7,0.9959432795199488,0.9020284905208519,0.9057026731036687,0.9075397643950772,0.9047841274579644,0.9020284905208519,NaN,0.9057026731036687,NaN,0.9057026731036687,0.9959432795199488
Cntnap_het,OFT-0376-00,slow,3.417873622206612,8,1.0132011941092671,0.9784591601953458,0.9657106267581298,0.9593363600395215,0.9688977601174337,0.9784591601953458,NaN,0.9657106267581298,NaN,0.9657106267581298,1.0132011941092671
Cntnap_het,OFT-0376-00,medium,4.115399174413213,9,0.9955551968500839,0.9103358549328231,0.9144001837498382,0.916432348158346,0.9133841015455845,0.9103358549328231,NaN,0.9144001837498382,NaN,0.9144001837498382,0.9955551968500839
Cntnap_het,OFT-0385-00,medium,4.311198061882982,10,1.0112683078098514,0.8672053690086674,0.8575423182071359,0.8527107928063701,0.8599580809075187,0.8672053690086674,NaN,0.8575423182071359,NaN,0.8575423182071359,1.0112683078098514
Cntnap_het,OFT-0385-00,fast,5.696205808083579,11,1.0031918120277672,0.9135404375014825,0.9106338653770799,0.9091805793148786,0.9113605084081805,0.9135404375014825,NaN,0.9106338653770799,NaN,0.9106338653770799,1.0031918120277672
Cntnap_het,OFT-0385-00,slow,3.4421594866306453,12,1.0102201848436418,0.9651381646756364,0.9553740651351338,0.9504920153648826,0.9578150900202596,0.9651381646756364,NaN,0.9553740651351338,NaN,0.9553740651351338,1.0102201848436418
Cntnap_het,OFT-0391-00,slow,3.975491091668027,13,1.0057178533739346,0.96347542369686,0.9579977331262821,0.9552588878409929,0.9593671557689264,0.96347542369686,NaN,0.9579977331262821,NaN,0.9579977331262821,1.0057178533739346
Cntnap_het,OFT-0391-00,fast,6.39165551768409,14,1.007217750319477,0.8577041202432132,0.8515577887414713,0.8484846229906002,0.8530943716169066,0.8577041202432132,NaN,0.8515577887414713,NaN,0.8515577887414713,1.007217750319477
Cntnap_het,OFT-0391-00,medium,5.1122869860525,15,1.0208301948416323,0.8404268698672073,0.8232778322134053,0.814703313386504,0.8275650916268557,0.8404268698672073,NaN,0.8232778322134053,NaN,0.8232778322134053,1.0208301948416323
Cntnap_het,OFT-0403-00,medium,5.354457803942672,16,1.0134385396434418,0.8201334274020081,0.8092581792780011,0.8038205552159977,0.8119769913090029,0.8201334274020081,NaN,0.8092581792780011,NaN,0.8092581792780011,1.0134385396434418
Cntnap_het,OFT-0403-00,fast,6.945820251490444,17,1.003490105378918,0.916389328537473,0.9132021567780623,0.9116085708983567,0.913998949717915,0.916389328537473,NaN,0.9132021567780623,NaN,0.9132021567780623,1.003490105378918
Cntnap_het,OFT-0403-00,slow,3.9377791763328784,18,1.0177681310508093,0.8839002156371426,0.8684691421066084,0.8607536053413412,0.8723269104892419,0.8839002156371426,NaN,0.8684691421066084,NaN,0.8684691421066084,1.0177681310508093
Cntnap_het,OFT-0407-00,fast,6.447141152231431,19,1.014291549752357,0.7864043170226278,0.7753237392292496,0.7697834503325607,0.7780938836775942,0.7864043170226278,NaN,0.7753237392292496,NaN,0.7753237392292496,1.014291549752357
Cntnap_het,OFT-0407-00,medium,4.968686054175608,20,1.011433371475879,0.8499805381528335,0.8403722500401046,0.8355681059837401,0.8427743220682868,0.8499805381528335,NaN,0.8403722500401046,NaN,0.8403722500401046,1.011433371475879
Cntnap_het,OFT-0407-00,slow,3.65935418689637,21,1.0161991172773945,0.8267588553956482,0.813579584295157,0.8069899487449114,0.8168744020702797,0.8267588553956482,NaN,0.813579584295157,NaN,0.813579584295157,1.0161991172773945
Cntnap_het,OFT-0419-00,fast,6.183588122814384,22,1.0167672809197366,0.8035581400427386,0.7903068431901786,0.7836811947638987,0.7936196674033187,0.8035581400427386,NaN,0.7903068431901786,NaN,0.7903068431901786,1.0167672809197366
Cntnap_het,OFT-0419-00,slow,3.701707587974198,23,1.0057746765194966,0.8518391160258099,0.8469482637737671,0.8445028376477455,0.8481709768367778,0.8518391160258099,NaN,0.8469482637737671,NaN,0.8469482637737671,1.0057746765194966
Cntnap_het,OFT-0419-00,medium,4.87777135927766,24,0.9867951664541162,0.8264195498805398,0.8374783115832848,0.8430076924346575,0.8347136211575985,0.8264195498805398,NaN,0.8374783115832848,NaN,0.8374783115832848,0.9867951664541162
Cntnap_het,OFT-0420-00,medium,5.181301997401476,25,1.0106020788817658,0.8454475552015797,0.8365780883184705,0.8321433548769158,0.8387954550392477,0.8454475552015797,NaN,0.8365780883184705,NaN,0.8365780883184705,1.0106020788817658
Cntnap_het,OFT-0420-00,fast,6.288631458172929,26,1.0154811317494519,0.7989299189161319,0.7867501364006148,0.7806602451428561,0.7897950820294941,0.7989299189161319,NaN,0.7867501364006148,NaN,0.7867501364006148,1.0154811317494519
Cntnap_het,OFT-0420-00,slow,3.947120300352974,27,1.0369419994492226,0.9382074935663633,0.9047830004616433,0.8880707539092835,0.9131391237378235,0.9382074935663633,NaN,0.9047830004616433,NaN,0.9047830004616433,1.0369419994492226
Cntnap_het,OFT-0421-00,slow,3.9573560351624493,28,1.0110365716386909,0.9015218088080874,0.8916807107648919,0.8867601617432941,0.8941409852756907,0.9015218088080874,NaN,0.8916807107648919,NaN,0.8916807107648919,1.0110365716386909
Cntnap_het,OFT-0421-00,fast,6.956761347020027,29,1.0155482085071068,0.8583558558780295,0.8452142878966269,0.8386435039059253,0.8484996798919775,0.8583558558780295,NaN,0.8452142878966269,NaN,0.8452142878966269,1.0155482085071068
Cntnap_het,OFT-0421-00,medium,5.162926977626727,30,0.9982331726880832,0.8788913510664222,0.8804469487822245,0.8812247476401258,0.8800580493532739,0.8788913510664222,NaN,0.8804469487822245,NaN,0.8804469487822245,0.9982331726880832
Cntnap_het,OFT-0423-00,slow,4.1453204133125725,31,1.0009467620369423,0.9285871687579134,0.9277088492381192,0.9272696894782221,0.9279284291180677,0.9285871687579134,NaN,0.9277088492381192,NaN,0.9277088492381192,1.0009467620369423
Cntnap_het,OFT-0423-00,fast,6.382885990207444,32,1.0103757891922516,0.7952262416790725,0.7870598743412279,0.7829766906723057,0.789101466175689,0.7952262416790725,NaN,0.7870598743412279,NaN,0.7870598743412279,1.0103757891922516
Cntnap_het,OFT-0423-00,medium,5.252575215329125,33,0.9873112918717395,0.8233522376844978,0.8339337800174361,0.8392245511839052,0.8312883944342014,0.8233522376844978,NaN,0.8339337800174361,NaN,0.8339337800174361,0.9873112918717395
Cntnap_het,OFT-0425-00,slow,3.8679193486908767,34,0.9949788663158293,0.8823026193017831,0.8867551353816593,0.8889813934215977,0.8856420063616903,0.8823026193017831,NaN,0.8867551353816593,NaN,0.8867551353816593,0.9949788663158293
Cntnap_het,OFT-0425-00,fast,6.543154315224564,35,1.0111093806597438,0.8288376308881162,0.8197309279707244,0.8151775765120286,0.8220076037000724,0.8288376308881162,NaN,0.8197309279707244,NaN,0.8197309279707244,1.0111093806597438
Cntnap_het,OFT-0425-00,medium,5.182227487089433,36,1.0169769354210827,0.8149466444374192,0.8013423078272545,0.7945401395221721,0.8047433919797957,0.8149466444374192,NaN,0.8013423078272545,NaN,0.8013423078272545,1.0169769354210827
Cntnap_het,OFT-0428-00,slow,4.457290501135109,37,1.0007455125219025,0.9360691178730572,0.935371786493592,0.9350231208038594,0.9355461193384583,0.9360691178730572,NaN,0.935371786493592,NaN,0.935371786493592,1.0007455125219025
Cntnap_het,OFT-0428-00,medium,5.960257679480171,38,0.9994141508751868,0.9117261532018832,0.9122606002761565,0.9125278238132932,0.9121269885075882,0.9117261532018832,NaN,0.9122606002761565,NaN,0.9122606002761565,0.9994141508751868
Cntnap_het,OFT-0428-00,fast,7.450343367944017,39,1.0009316650149997,0.9066375920705788,0.9057936957734194,0.9053717476248395,0.9060046698477092,0.9066375920705788,NaN,0.9057936957734194,NaN,0.9057936957734194,1.0009316650149997
Cntnap_het,OFT-0430-00,fast,6.689269020906674,40,1.0028326174783146,0.8389350298215046,0.8365653601605613,0.8353805253300894,0.837157777575797,0.8389350298215046,NaN,0.8365653601605613,NaN,0.8365653601605613,1.0028326174783146
Cntnap_het,OFT-0430-00,medium,5.09250443904536,41,1.0197669853692712,0.8919082762570141,0.8746196818031349,0.8659753845761952,0.8789418304166047,0.8919082762570141,NaN,0.8746196818031349,NaN,0.8746196818031349,1.0197669853692712
Cntnap_het,OFT-0430-00,slow,4.035485538859194,42,1.0008336935203501,0.9420770448966721,0.9412922956090674,0.9408999209652651,0.9414884829309685,0.9420770448966721,NaN,0.9412922956090674,NaN,0.9412922956090674,1.0008336935203501
Cntnap_het,OFT-0431-00,medium,4.461372284712724,43,1.015004797319854,0.8844100988079673,0.8713358805232002,0.8647987713808165,0.874604435094392,0.8844100988079673,NaN,0.8713358805232002,NaN,0.8713358805232002,1.015004797319854
Cntnap_het,OFT-0431-00,slow,3.56949769826014,44,0.9997262930619645,0.8914438616056077,0.8916879227766342,0.8918099533621475,0.8916269074838776,0.8914438616056077,NaN,0.8916879227766342,NaN,0.8916879227766342,0.9997262930619645
Cntnap_het,OFT-0431-00,fast,5.761619919586888,45,1.004180810052586,0.8929402451879686,0.889222574509473,0.887363739170225,0.8901519921790968,0.8929402451879686,NaN,0.889222574509473,NaN,0.889222574509473,1.004180810052586
Cntnap_het,OFT-0432-00,fast,5.646220193478613,46,1.007872681148953,0.8684460148123017,0.8616624213112831,0.8582706245607739,0.8633583196865378,0.8684460148123017,NaN,0.8616624213112831,NaN,0.8616624213112831,1.007872681148953
Cntnap_het,OFT-0432-00,medium,4.546955683460996,47,0.9990137598842721,0.9434050915483098,0.944336434022286,0.9448021052592743,0.944103598403792,0.9434050915483098,NaN,0.944336434022286,NaN,0.944336434022286,0.9990137598842721
Cntnap_het,OFT-0432-00,slow,3.6354693691570144,48,1.0019922440140938,0.9152045208999504,0.913384835429003,0.912474992693529,0.9138397567967398,0.9152045208999504,NaN,0.913384835429003,NaN,0.913384835429003,1.0019922440140938
Cntnap_het,OFT-0434-00,medium,4.981680913701554,49,0.9991656818926519,0.8806138898653968,0.8813492154747644,0.881716878279448,0.8811653840724223,0.8806138898653968,NaN,0.8813492154747644,NaN,0.8813492154747644,0.9991656818926519
Cntnap_het,OFT-0434-00,fast,6.321191888777903,50,1.0137148693664597,0.8178903503898436,0.8068248529302916,0.8012921042005157,0.8095912272951795,0.8178903503898436,NaN,0.8068248529302916,NaN,0.8068248529302916,1.0137148693664597
Cntnap_het,OFT-0434-00,slow,3.887471979835045,51,1.021864559071417,0.9453421506677717,0.9251149208333614,0.9150013059161566,0.9301717282919642,0.9453421506677717,NaN,0.9251149208333614,NaN,0.9251149208333614,1.021864559071417
Cntnap_het,OFT-0436-00,fast,6.009426849155003,52,0.9977159517651312,0.894159455347922,0.8962064340717416,0.8972299234336514,0.8956946893907867,0.894159455347922,NaN,0.8962064340717416,NaN,0.8962064340717416,0.9977159517651312
Cntnap_het,OFT-0436-00,slow,3.8750846223033095,53,1.027730363984441,0.7846755617752496,0.763503336354796,0.7529172236445688,0.7687963927099093,0.7846755617752496,NaN,0.763503336354796,NaN,0.763503336354796,1.027730363984441
Cntnap_het,OFT-0436-00,medium,4.96373358919357,54,1.0065093943914007,0.9058144356840873,0.8999562654174729,0.8970271802841657,0.9014208079841265,0.9058144356840873,NaN,0.8999562654174729,NaN,0.8999562654174729,1.0065093943914007
Cntnap_het,OFT-0439-00,fast,6.022451306265723,55,0.9943731341513873,0.8974463304372936,0.9025247159389393,0.9050639086897619,0.9012551195635278,0.8974463304372936,NaN,0.9025247159389393,NaN,0.9025247159389393,0.9943731341513873
Cntnap_het,OFT-0439-00,medium,4.812852817216909,56,0.9984223887560885,0.8174908157482499,0.8187825362838096,0.8194283965515894,0.8184596061499196,0.8174908157482499,NaN,0.8187825362838096,NaN,0.8187825362838096,0.9984223887560885
Cntnap_het,OFT-0439-00,slow,3.693556530330783,57,1.021572314200495,0.8383990493893538,0.8206947640760051,0.8118426214193306,0.8251208354043422,0.8383990493893538,NaN,0.8206947640760051,NaN,0.8206947640760051,1.021572314200495
Cntnap_het,OFT-0442-00,fast,5.985265539281313,58,1.0030267339733296,0.8401540277706354,0.8376187785568784,0.8363511539499997,0.8382525908603177,0.8401540277706354,NaN,0.8376187785568784,NaN,0.8376187785568784,1.0030267339733296
Cntnap_het,OFT-0442-00,medium,4.829143903735848,59,0.9986963129764403,0.944697571894608,0.9459307695640745,0.9465473683988077,0.9456224701467077,0.944697571894608,NaN,0.9459307695640745,NaN,0.9459307695640745,0.9986963129764403
Cntnap_het,OFT-0442-00,slow,3.9479257743136342,60,1.0030640769264911,0.9496718764796823,0.9467708976176189,0.9453204081865876,0.947496142333135,0.9496718764796823,NaN,0.9467708976176189,NaN,0.9467708976176189,1.0030640769264911
Cntnap_het,OFT-0443-00,fast,5.508876934446175,61,1.0133582394881664,0.866108900243024,0.8546917235117997,0.8489831351461874,0.8575460176946057,0.866108900243024,NaN,0.8546917235117997,NaN,0.8546917235117997,1.0133582394881664
Cntnap_het,OFT-0443-00,slow,3.3653756817754683,62,1.010199295676343,0.8715675357283004,0.8627679107069396,0.8583680981962594,0.8649678169622799,0.8715675357283004,NaN,0.8627679107069396,NaN,0.8627679107069396,1.010199295676343
Cntnap_het,OFT-0443-00,medium,4.223459763060185,63,1.0108042252093867,0.8411746759506213,0.8321835771673521,0.8276880277757175,0.8344313518631694,0.8411746759506213,NaN,0.8321835771673521,NaN,0.8321835771673521,1.0108042252093867
Cntnap_het,OFT-0444-00,fast,5.943837692964424,64,0.9956872207876768,0.9018078438139902,0.9057139882749327,0.9076670605054042,0.9047374521596971,0.9018078438139902,NaN,0.9057139882749327,NaN,0.9057139882749327,0.9956872207876768
Cntnap_het,OFT-0444-00,medium,4.43822234871993,65,1.0042071553926173,0.8474484371789903,0.8438980270436943,0.8421228219760462,0.8447856295775182,0.8474484371789903,NaN,0.8438980270436943,NaN,0.8438980270436943,1.0042071553926173
Cntnap_het,OFT-0444-00,slow,3.544697575995098,66,1.0043501325131876,0.910187083466116,0.9062447985032399,0.9042736560218018,0.9072303697439589,0.910187083466116,NaN,0.9062447985032399,NaN,0.9062447985032399,1.0043501325131876
Cntnap_het,OFT-0446-00,fast,6.317662918799422,67,1.020765991651623,0.7822827262233059,0.7663683279235767,0.7584111287737121,0.770346927498509,0.7822827262233059,NaN,0.7663683279235767,NaN,0.7663683279235767,1.020765991651623
Cntnap_het,OFT-0446-00,medium,4.916333206527219,68,1.0134763959528257,0.8962428472258909,0.8843253289419563,0.8783665697999891,0.88730470851294,0.8962428472258909,NaN,0.8843253289419563,NaN,0.8843253289419563,1.0134763959528257
Cntnap_het,OFT-0446-00,slow,3.8708087292083544,69,1.0070855253321818,0.8388517018830944,0.8329498148694011,0.8299988713625546,0.8344252866228244,0.8388517018830944,NaN,0.8329498148694011,NaN,0.8329498148694011,1.0070855253321818
Cntnap_het,OFT-0447-00,fast,5.704234501339817,70,1.0010589851173581,0.9011406959615629,0.9001874108905966,0.8997107683551135,0.9004257321583382,0.9011406959615629,NaN,0.9001874108905966,NaN,0.9001874108905966,1.0010589851173581
Cntnap_het,OFT-0447-00,medium,4.194599712815166,71,1.0021895061751556,0.9145773944208142,0.9125792964159922,0.9115802474135811,0.9130788209171977,0.9145773944208142,NaN,0.9125792964159922,NaN,0.9125792964159922,1.0021895061751556
Cntnap_het,OFT-0447-00,slow,3.4299412338587705,72,1.0019764633902482,0.9343207772215406,0.9324777690487954,0.9315562649624227,0.9329385210919816,0.9343207772215406,NaN,0.9324777690487954,NaN,0.9324777690487954,1.0019764633902482
Cntnap_het,OFT-0448-00,fast,5.6815690769800415,73,0.9938666774182231,0.8611850195689853,0.8664995407694861,0.8691568013697366,0.865170910469361,0.8611850195689853,NaN,0.8664995407694861,NaN,0.8664995407694861,0.9938666774182231
Cntnap_het,OFT-0448-00,slow,3.4672705390055154,74,1.0102638011955243,0.9791566267827645,0.9692088597295595,0.9642349762029567,0.9716958014928607,0.9791566267827645,NaN,0.9692088597295595,NaN,0.9692088597295595,1.0102638011955243
Cntnap_het,OFT-0448-00,medium,4.513793396251167,75,1.001769735744853,0.9125882802309068,0.9109760932759299,0.9101699997984416,0.9113791400146741,0.9125882802309068,NaN,0.9109760932759299,NaN,0.9109760932759299,1.001769735744853
Cntnap_het,OFT-0450-00,fast,6.2769105751113985,76,1.0176021552573211,0.8256572311656594,0.8113752775581292,0.8042343007543638,0.8149457659600116,0.8256572311656594,NaN,0.8113752775581292,NaN,0.8113752775581292,1.0176021552573211
Cntnap_het,OFT-0450-00,medium,5.005430294483524,77,1.0051529946003688,0.882923079503436,0.8783967060203314,0.8761335192787789,0.8795282993911075,0.882923079503436,NaN,0.8783967060203314,NaN,0.8783967060203314,1.0051529946003688
Cntnap_het,OFT-0450-00,slow,4.0281027946133205,78,1.016782773032217,0.949973057330077,0.9342930294708847,0.9264530155412884,0.9382130364356828,0.949973057330077,NaN,0.9342930294708847,NaN,0.9342930294708847,1.016782773032217
Cntnap_het,OFT-0452-00,fast,6.6897307971301485,79,1.0033437011466138,0.8617333301429999,0.8588615537808405,0.8574256655997611,0.8595794978713804,0.8617333301429999,NaN,0.8588615537808405,NaN,0.8588615537808405,1.0033437011466138
Cntnap_het,OFT-0452-00,slow,3.925576444311102,80,1.0096716626349078,0.972437659631189,0.9631226621666786,0.9584651634344236,0.9654514115328063,0.972437659631189,NaN,0.9631226621666786,NaN,0.9631226621666786,1.0096716626349078
Cntnap_het,OFT-0452-00,medium,5.053880045994885,81,1.004871866028382,0.9225682763823784,0.9180954384051997,0.9158590194166101,0.9192136478994943,0.9225682763823784,NaN,0.9180954384051997,NaN,0.9180954384051997,1.004871866028382
Cntnap_het,OFT-0454-00,medium,4.752533145660216,82,1.0114692939202001,0.8593802189842561,0.8496354997130114,0.844763140077389,0.8520716795308226,0.8593802189842561,NaN,0.8496354997130114,NaN,0.8496354997130114,1.0114692939202001
Cntnap_het,OFT-0454-00,slow,3.894444408140547,83,1.0032975244312436,0.8935463837812471,0.8906095769425794,0.8891411735232453,0.8913437786522462,0.8935463837812471,NaN,0.8906095769425794,NaN,0.8906095769425794,1.0032975244312436
Cntnap_het,OFT-0454-00,fast,5.937577803737835,84,0.9940496141216066,0.9076058110681297,0.9130387439163555,0.9157552103404687,0.9116805107042991,0.9076058110681297,NaN,0.9130387439163555,NaN,0.9130387439163555,0.9940496141216066
Cntnap_het,OFT-0492-00,slow,3.8186703513795854,85,0.9989741592114856,0.9237429396874883,0.9246915259716236,0.9251658191136913,0.9244543794005899,0.9237429396874883,NaN,0.9246915259716236,NaN,0.9246915259716236,0.9989741592114856
Cntnap_het,OFT-0492-00,medium,4.717005274741533,86,1.0016229106102572,0.9020408224921149,0.9005792628510564,0.8998484830305273,0.9009446527613212,0.9020408224921149,NaN,0.9005792628510564,NaN,0.9005792628510564,1.0016229106102572
Cntnap_het,OFT-0492-00,fast,5.650350915396147,87,1.005132903106665,0.8804558731086798,0.8759596570636248,0.8737115490410974,0.8770837110748886,0.8804558731086798,NaN,0.8759596570636248,NaN,0.8759596570636248,1.005132903106665
Cntnap_het,OFT-0493-00,slow,4.097937914844304,88,1.001643786828956,0.8501595273843467,0.8487643397417916,0.8480667459205138,0.8491131366524304,0.8501595273843467,NaN,0.8487643397417916,NaN,0.8487643397417916,1.001643786828956
Cntnap_het,OFT-0493-00,fast,6.339013685092379,89,0.9934784850173252,0.8753684428910288,0.8811146452514906,0.8839877464317218,0.8796780946613754,0.8753684428910288,NaN,0.8811146452514906,NaN,0.8811146452514906,0.9934784850173252
Cntnap_het,OFT-0493-00,medium,5.2485639830325415,90,1.006351982523878,0.8438039821155576,0.8384779846106544,0.8358149858582024,0.8398094839868799,0.8438039821155576,NaN,0.8384779846106544,NaN,0.8384779846106544,1.006351982523878
Cntnap_het,OFT-0494-00,slow,3.8117107923819726,91,1.0004426020355663,0.9875450730077868,0.987108176919358,0.9868897288751436,0.9872174009414653,0.9875450730077868,NaN,0.987108176919358,NaN,0.987108176919358,1.0004426020355663
Cntnap_het,OFT-0494-00,medium,4.751078784870441,92,0.9993967598538636,0.949611839307998,0.9501850290637871,0.9504716239416819,0.9500417316248398,0.949611839307998,NaN,0.9501850290637871,NaN,0.9501850290637871,0.9993967598538636
Cntnap_het,OFT-0494-00,fast,5.637102066993898,93,0.9951717647291551,0.9311523946019103,0.935670029640895,0.9379288471603873,0.9345406208811489,0.9311523946019103,NaN,0.935670029640895,NaN,0.935670029640895,0.9951717647291551
Cntnap_het,OFT-0496-00,medium,4.783475263889967,94,1.0069309708036958,0.8638333967463026,0.8578874041949689,0.8549144079193021,0.8593739023328022,0.8638333967463026,NaN,0.8578874041949689,NaN,0.8578874041949689,1.0069309708036958
Cntnap_het,OFT-0496-00,fast,6.350987580402308,95,0.9981906642380259,0.9534866945294163,0.9552149991878208,0.956079151517023,0.9547829230232197,0.9534866945294163,NaN,0.9552149991878208,NaN,0.9552149991878208,0.9981906642380259
Cntnap_het,OFT-0496-00,slow,3.7299931280545935,96,1.014993130077124,0.8885086919521625,0.8753839465737561,0.8688215738845528,0.8786651329183576,0.8885086919521625,NaN,0.8753839465737561,NaN,0.8753839465737561,1.014993130077124
Cntnap_het,OFT-0498-00,fast,5.633552393851636,97,1.0244465656946025,0.8096003984572124,0.7902807482284656,0.7806209231140921,0.7951106607856524,0.8096003984572124,NaN,0.7902807482284656,NaN,0.7902807482284656,1.0244465656946025
Cntnap_het,OFT-0498-00,medium,4.569943070783902,98,1.0054639792887736,0.9445907510887426,0.9394575743597594,0.9368909859952677,0.9407408685420051,0.9445907510887426,NaN,0.9394575743597594,NaN,0.9394575743597594,1.0054639792887736
Cntnap_het,OFT-0498-00,slow,3.7383561214800665,99,0.9975510520900432,0.9318094289944718,0.9340969838507701,0.935240761278919,0.9335250951366953,0.9318094289944718,NaN,0.9340969838507701,NaN,0.9340969838507701,0.9975510520900432
Cntnap_het,OFT-0499-00,fast,6.084508744496071,100,1.001758461928716,0.9364750432967838,0.9348311782600366,0.9340092457416631,0.9352421445192234,0.9364750432967838,NaN,0.9348311782600366,NaN,0.9348311782600366,1.001758461928716
Cntnap_het,OFT-0499-00,medium,4.84594373269687,101,1.0114557303156517,0.8968636496505437,0.8867057872821121,0.8816268560978964,0.88924525287422,0.8968636496505437,NaN,0.8867057872821121,NaN,0.8867057872821121,1.0114557303156517
Cntnap_het,OFT-0499-00,slow,3.832364487684565,102,0.9906992448870642,0.9025955440846694,0.9110691753757839,0.9153059910213414,0.9089507675530053,0.9025955440846694,NaN,0.9110691753757839,NaN,0.9110691753757839,0.9906992448870642
Cntnap_het,OFT-0500-00,fast,6.315674862462376,103,1.0004997685372832,0.9455899625927431,0.9451176225409653,0.9448814525150762,0.9452357075539096,0.9455899625927431,NaN,0.9451176225409653,NaN,0.9451176225409653,1.0004997685372832
Cntnap_het,OFT-0500-00,medium,5.033365036205116,104,0.9964726160046937,0.9265619997622057,0.9298419092309921,0.9314818639653849,0.9290219318637953,0.9265619997622057,NaN,0.9298419092309921,NaN,0.9298419092309921,0.9964726160046937
Cntnap_het,OFT-0500-00,slow,3.816890576023973,105,1.0166227855703955,0.8648496215553652,0.8507084769599423,0.8436379046622311,0.8542437631087981,0.8648496215553652,NaN,0.8507084769599423,NaN,0.8507084769599423,1.0166227855703955
Cntnap_het,OFT-0501-00,medium,4.234500316032289,106,1.0162032974568633,0.875542051032303,0.8615815882741403,0.854601356895059,0.865071703963681,0.875542051032303,NaN,0.8615815882741403,NaN,0.8615815882741403,1.0162032974568633
Cntnap_het,OFT-0501-00,fast,5.583717386198095,107,1.0091500996256162,0.8394013617994491,0.8317903968010883,0.8279849143019081,0.8336931380506787,0.8394013617994491,NaN,0.8317903968010883,NaN,0.8317903968010883,1.0091500996256162
Cntnap_het,OFT-0501-00,slow,3.458507423736035,108,0.9917558084907757,0.8522675483983477,0.859352212613005,0.8628945447203334,0.8575810465593405,0.8522675483983477,NaN,0.859352212613005,NaN,0.859352212613005,0.9917558084907757
Cntnap_het,OFT-0502-00,fast,6.281785213169838,109,0.9934221888428658,0.8916263364740399,0.8975301201119764,0.9004820119309447,0.8960541742024922,0.8916263364740399,NaN,0.8975301201119764,NaN,0.8975301201119764,0.9934221888428658
Cntnap_het,OFT-0502-00,medium,4.818659096470809,110,1.0003985423155943,0.9495847790419616,0.949206480093408,0.9490173306191312,0.9493010548305464,0.9495847790419616,NaN,0.949206480093408,NaN,0.949206480093408,1.0003985423155943
Cntnap_het,OFT-0502-00,slow,3.676579356452724,111,1.0043279801980836,0.9106620313686173,0.9067376886074682,0.9047755172268939,0.9077187742977555,0.9106620313686173,NaN,0.9067376886074682,NaN,0.9067376886074682,1.0043279801980836
Cntnap_het,OFT-0503-00,fast,5.62880287273937,112,1.0043848858302766,0.8819408942168738,0.8780905673304867,0.876165403887293,0.8790531490520835,0.8819408942168738,NaN,0.8780905673304867,NaN,0.8780905673304867,1.0043848858302766
Cntnap_het,OFT-0503-00,slow,3.704010195030573,113,0.9752651944125142,0.8478397842989664,0.8693428096854138,0.8800943223786375,0.863967053338802,0.8478397842989664,NaN,0.8693428096854138,NaN,0.8693428096854138,0.9752651944125142
Cntnap_het,OFT-0503-00,medium,4.575333818562791,114,1.0292892523973993,0.8424466879819428,0.8184741908260805,0.8064879422481495,0.8244673151150461,0.8424466879819428,NaN,0.8184741908260805,NaN,0.8184741908260805,1.0292892523973993
Cntnap_het,OFT-0505-00,slow,3.2287811971530664,115,1.0039912036920304,0.937388567046028,0.9336621313004726,0.9317989134276946,0.9345937402368614,0.937388567046028,NaN,0.9336621313004726,NaN,0.9336621313004726,1.0039912036920304
Cntnap_het,OFT-0505-00,fast,4.645335717392841,116,1.007242279817497,0.9077726323925582,0.9012455598637482,0.897982023599343,0.9028773279959506,0.9077726323925582,NaN,0.9012455598637482,NaN,0.9012455598637482,1.007242279817497
Cntnap_het,OFT-0505-00,medium,3.8986887415610174,117,1.0015937464023439,0.9354196125218054,0.933931163090593,0.9331869383749867,0.934303275448396,0.9354196125218054,NaN,0.933931163090593,NaN,0.933931163090593,1.0015937464023439
Cntnap_het,OFT-0506-00,medium,4.96635912439875,118,0.998438976645316,0.9492947421790667,0.9507789302943978,0.9515210243520633,0.950407883265565,0.9492947421790667,NaN,0.9507789302943978,NaN,0.9507789302943978,0.998438976645316
Cntnap_het,OFT-0506-00,fast,6.506323994089744,119,1.0084857222176382,0.8227384822371723,0.8158156968528898,0.8123543041607484,0.8175463931989604,0.8227384822371723,NaN,0.8158156968528898,NaN,0.8158156968528898,1.0084857222176382
Cntnap_het,OFT-0506-00,slow,3.7622223810673097,120,1.0086998471491957,0.9768968230548053,0.9684712710284703,0.9642584950153028,0.9705776590350541,0.9768968230548053,NaN,0.9684712710284703,NaN,0.9684712710284703,1.0086998471491957
Cntnap_het,OFT-0507-00,fast,6.690377653561512,121,1.0019448553966128,0.9204961510971679,0.9187093941739897,0.9178160157124005,0.9191560834047843,0.9204961510971679,NaN,0.9187093941739897,NaN,0.9187093941739897,1.0019448553966128
Cntnap_het,OFT-0507-00,slow,3.789449722885808,122,1.021380792300864,0.8821174106230376,0.8636518498021607,0.8544190693917224,0.86826824000738,0.8821174106230376,NaN,0.8636518498021607,NaN,0.8636518498021607,1.021380792300864
Cntnap_het,OFT-0507-00,medium,4.993014831957513,123,1.0116709308491942,0.8814532026618372,0.8712845014949154,0.8662001509114543,0.8738266767866458,0.8814532026618372,NaN,0.8712845014949154,NaN,0.8712845014949154,1.0116709308491942
Cntnap_het,OFT-0508-00,fast,5.287456421411278,124,1.023582936581936,0.8576893555712763,0.8379285399533619,0.8280481321444046,0.8428687438578406,0.8576893555712763,NaN,0.8379285399533619,NaN,0.8379285399533619,1.023582936581936
Cntnap_het,OFT-0508-00,slow,3.4279798530145147,125,1.0278924955514945,0.9360877731695878,0.9106864552672399,0.897985796316066,0.9170367847428269,0.9360877731695878,NaN,0.9106864552672399,NaN,0.9106864552672399,1.0278924955514945
Cntnap_het,OFT-0508-00,medium,4.152329202424227,126,1.0204035281436568,0.8672756992680369,0.8499340460394196,0.8412632194251108,0.854269459346574,0.8672756992680369,NaN,0.8499340460394196,NaN,0.8499340460394196,1.0204035281436568
Cntnap_het,OFT-0510-00,fast,6.393395996817165,127,0.9949494143521413,0.9454335632897426,0.9502327954083567,0.9526324114676639,0.9490329873787032,0.9454335632897426,NaN,0.9502327954083567,NaN,0.9502327954083567,0.9949494143521413
Cntnap_het,OFT-0510-00,slow,3.891128756102368,128,1.0283566117241698,0.7788044659603311,0.7573291765534206,0.7465915318499654,0.7626979989051482,0.7788044659603311,NaN,0.7573291765534206,NaN,0.7573291765534206,1.0283566117241698
Cntnap_het,OFT-0510-00,medium,4.646810364797632,129,0.9924168331791315,0.9126785018696495,0.9196523792789302,0.9231393179835707,0.9179089099266101,0.9126785018696495,NaN,0.9196523792789302,NaN,0.9196523792789302,0.9924168331791315
Cntnap_het,OFT-0511-00,fast,6.130069234825496,130,0.9971884926483957,0.9130277361332542,0.915601957768664,0.9168890685863693,0.9149584023598116,0.9130277361332542,NaN,0.915601957768664,NaN,0.915601957768664,0.9971884926483957
Cntnap_het,OFT-0511-00,slow,3.808672579723519,131,0.9849580366657575,0.7797329937411448,0.7916408260200275,0.7975947421594688,0.7886638679503069,0.7797329937411448,NaN,0.7916408260200275,NaN,0.7916408260200275,0.9849580366657575
Cntnap_het,OFT-0511-00,medium,4.6935799740231445,132,0.9901085159758282,0.8353974689765573,0.8437433427720887,0.8479162796698545,0.8416568743232058,0.8353974689765573,NaN,0.8437433427720887,NaN,0.8437433427720887,0.9901085159758282
Cntnap_het,OFT-0516-00,slow,3.58494410820056,133,1.0195379090761,0.8642942353204044,0.8477313375268442,0.8394498886300639,0.8518720619752341,0.8642942353204044,NaN,0.8477313375268442,NaN,0.8477313375268442,1.0195379090761
Cntnap_het,OFT-0516-00,fast,5.380426372076717,134,1.0010617122228331,0.9404046594361917,0.9394072792455982,0.9389085891503015,0.9396566242932466,0.9404046594361917,NaN,0.9394072792455982,NaN,0.9394072792455982,1.0010617122228331
Cntnap_het,OFT-0516-00,medium,4.461236654621207,135,1.001111935160575,0.9152686244689765,0.9142520354850933,0.9137437409931516,0.9145061827310641,0.9152686244689765,NaN,0.9142520354850933,NaN,0.9142520354850933,1.001111935160575
Cntnap_het,OFT-0519-00,slow,4.335349843769441,136,1.0284881109872903,0.866782815700187,0.8427737826430727,0.8307692661145156,0.8487760409073513,0.866782815700187,NaN,0.8427737826430727,NaN,0.8427737826430727,1.0284881109872903
Cntnap_het,OFT-0519-00,fast,6.6164717970703455,137,0.9989020484285893,0.9457877177114953,0.9468272882204515,0.9473470734749295,0.9465673955932123,0.9457877177114953,NaN,0.9468272882204515,NaN,0.9468272882204515,0.9989020484285893
Cntnap_het,OFT-0519-00,medium,5.4865508715184035,138,1.0089691487230676,0.9020489524317901,0.8940302620485535,0.8900209168569351,0.8960349346443626,0.9020489524317901,NaN,0.8940302620485535,NaN,0.8940302620485535,1.0089691487230676
Cntnap_het,OFT-0520-00,fast,5.8418673763707645,139,0.9992162257843797,0.9387216905327829,0.9394580135004224,0.939826174984242,0.9392739327585125,0.9387216905327829,NaN,0.9394580135004224,NaN,0.9394580135004224,0.9992162257843797
Cntnap_het,OFT-0520-00,slow,3.408750614782496,140,1.0032619673708527,0.8264008857217846,0.8237139576689526,0.8223704936425364,0.8243856896821606,0.8264008857217846,NaN,0.8237139576689526,NaN,0.8237139576689526,1.0032619673708527
Cntnap_het,OFT-0520-00,medium,4.411202963747585,141,1.007315254334253,0.9192624052505637,0.9125866021537772,0.9092487006053837,0.9142555529279737,0.9192624052505637,NaN,0.9125866021537772,NaN,0.9125866021537772,1.007315254334253
Cntnap_het,OFT-0523-00,slow,3.431660509323947,142,1.0047187825250419,0.9040678056092407,0.8998217424951022,0.8976987109380328,0.9008832582736367,0.9040678056092407,NaN,0.8998217424951022,NaN,0.8998217424951022,1.0047187825250419
Cntnap_het,OFT-0523-00,fast,5.568546799825153,143,1.0049133991358596,0.8733889798374986,0.8691186529988945,0.8669834895795927,0.8701862347085456,0.8733889798374986,NaN,0.8691186529988945,NaN,0.8691186529988945,1.0049133991358596
Cntnap_het,OFT-0523-00,medium,4.365917159016347,144,1.0003265897006568,0.8992557184938126,0.8989621267219446,0.898815330836011,0.8990355246649118,0.8992557184938126,NaN,0.8989621267219446,NaN,0.8989621267219446,1.0003265897006568
Cntnap_het,OFT-0529-00,medium,4.006238132648711,145,1.0104753535781013,0.8521551911203967,0.8433211043722229,0.838904060998136,0.8455296260592664,0.8521551911203967,NaN,0.8433211043722229,NaN,0.8433211043722229,1.0104753535781013
Cntnap_het,OFT-0529-00,fast,5.09277962227133,146,1.002567191861628,0.9183238651430684,0.9159723882823939,0.9147966498520568,0.9165602574975626,0.9183238651430684,NaN,0.9159723882823939,NaN,0.9159723882823939,1.002567191861628
Cntnap_het,OFT-0529-00,slow,3.2539999448012082,147,1.01470136539551,0.9179904660030176,0.9046902835744225,0.8980401923601249,0.9080153291815712,0.9179904660030176,NaN,0.9046902835744225,NaN,0.9046902835744225,1.01470136539551
Cntnap_het,OFT-0534-00,fast,5.4408879903484495,148,0.99938964692634,0.9170845390842765,0.9176446263024677,0.9179246699115633,0.9175046044979198,0.9170845390842765,NaN,0.9176446263024677,NaN,0.9176446263024677,0.99938964692634
Cntnap_het,OFT-0534-00,medium,4.262129520796155,149,1.02411084358612,0.8289189686637295,0.8094035658885431,0.7996458645009501,0.8142824165823397,0.8289189686637295,NaN,0.8094035658885431,NaN,0.8094035658885431,1.02411084358612
Cntnap_het,OFT-0534-00,slow,3.510606489621315,150,1.0023085420721363,0.9202999758603287,0.9181803179664957,0.917120489019579,0.9187102324399539,0.9202999758603287,NaN,0.9181803179664957,NaN,0.9181803179664957,1.0023085420721363
Cntnap_het,OFT-0539-00,fast,5.261557619610362,151,1.0010391143013233,0.9389414006234068,0.9379667459635105,0.9374794186335622,0.9382104096284845,0.9389414006234068,NaN,0.9379667459635105,NaN,0.9379667459635105,1.0010391143013233
Cntnap_het,OFT-0539-00,slow,3.4891801604531643,152,0.977006082022649,0.7663878978947299,0.7844248996977723,0.7934434005992935,0.7799156492470116,0.7663878978947299,NaN,0.7844248996977723,NaN,0.7844248996977723,0.977006082022649
Cntnap_het,OFT-0539-00,medium,4.214352837177058,153,1.0063154136134103,0.870775043981427,0.8653102518371513,0.8625778557650133,0.8666764498732202,0.870775043981427,NaN,0.8653102518371513,NaN,0.8653102518371513,1.0063154136134103
Cntnap_het,OFT-0542-00,fast,5.113121133925638,154,1.0036877147223302,0.8454407402231642,0.8423344510668391,0.8407813064886767,0.8431110233559204,0.8454407402231642,NaN,0.8423344510668391,NaN,0.8423344510668391,1.0036877147223302
Cntnap_het,OFT-0542-00,medium,4.188097706056288,155,0.9949161314509285,0.8674806108427818,0.8719133034637784,0.8741296497742768,0.8708051303085292,0.8674806108427818,NaN,0.8719133034637784,NaN,0.8719133034637784,0.9949161314509285
Cntnap_het,OFT-0542-00,slow,3.4689007667073355,156,1.005325261882632,0.9358859661434895,0.9309285279382055,0.9284498088355635,0.9321678874895265,0.9358859661434895,NaN,0.9309285279382055,NaN,0.9309285279382055,1.005325261882632
Cntnap_het,OFT-0586-00,slow,3.603134505189467,157,0.9979942152331014,0.9311398887574721,0.9330113086276616,0.9339470185627565,0.9325434536601143,0.9311398887574721,NaN,0.9330113086276616,NaN,0.9330113086276616,0.9979942152331014
Cntnap_het,OFT-0586-00,medium,4.994840215099768,158,0.998379125191506,0.9400967777499136,0.9416230307996346,0.9423861573244947,0.9412414675372042,0.9400967777499136,NaN,0.9416230307996346,NaN,0.9416230307996346,0.998379125191506
Cntnap_het,OFT-0586-00,fast,6.6446041385629595,159,1.009198436792509,0.8794998174138282,0.8714835312360409,0.8674753881471472,0.8734876027804876,0.8794998174138282,NaN,0.8714835312360409,NaN,0.8714835312360409,1.009198436792509
Cntnap_het,OFT-0597-00,medium,4.133957646593384,160,1.0015182061660022,0.9354370390665555,0.9340190056530099,0.933309988946237,0.9343735140063962,0.9354370390665555,NaN,0.9340190056530099,NaN,0.9340190056530099,1.0015182061660022
Cntnap_het,OFT-0597-00,fast,5.28608779125245,161,1.0037348533226786,0.8473972153497673,0.8442440875143625,0.84266752359666,0.8450323694732136,0.8473972153497673,NaN,0.8442440875143625,NaN,0.8442440875143625,1.0037348533226786
Cntnap_het,OFT-0597-00,slow,3.2802899037330615,162,1.001961961183663,0.9069429907830402,0.9051670880914755,0.9042791367456932,0.9056110637643667,0.9069429907830402,NaN,0.9051670880914755,NaN,0.9051670880914755,1.001961961183663
Cntnap_het,OFT-0607-00,medium,4.396494622138709,163,0.9938584440949455,0.8572887936255776,0.8625864163243744,0.8652352276737729,0.8612620106496753,0.8572887936255776,NaN,0.8625864163243744,NaN,0.8625864163243744,0.9938584440949455
Cntnap_het,OFT-0607-00,fast,5.668646954233612,164,0.9909389023410362,0.8681001634189791,0.8760380295577682,0.8800069626271628,0.874053563023071,0.8681001634189791,NaN,0.8760380295577682,NaN,0.8760380295577682,0.9909389023410362
Cntnap_het,OFT-0607-00,slow,3.307859178094628,165,0.9978510627702384,0.9217960468413926,0.923781194642714,0.9247737685433746,0.9232849076923836,0.9217960468413926,NaN,0.923781194642714,NaN,0.923781194642714,0.9978510627702384
Cntnap_het,OFT-0611-00,fast,5.281478334592445,166,0.9998575942940697,0.9579478026863966,0.9580842393488417,0.9581524576800641,0.9580501301832303,0.9579478026863966,NaN,0.9580842393488417,NaN,0.9580842393488417,0.9998575942940697
Cntnap_het,OFT-0611-00,medium,4.139411280146142,167,1.0026836798780558,0.8326099721282868,0.8303814940216708,0.8292672549683631,0.8309386135483249,0.8326099721282868,NaN,0.8303814940216708,NaN,0.8303814940216708,1.0026836798780558
Cntnap_het,OFT-0611-00,slow,3.3276630313435267,168,0.9943070234374723,0.8776200926148332,0.8826449697405994,0.8851574083034824,0.8813887504591578,0.8776200926148332,NaN,0.8826449697405994,NaN,0.8826449697405994,0.9943070234374723
Cntnap_het,OFT-0641-00,slow,3.878965113946498,169,1.005637798407484,0.8953569400873895,0.890337397326618,0.8878276259462321,0.8915922830168108,0.8953569400873895,NaN,0.890337397326618,NaN,0.890337397326618,1.005637798407484
Cntnap_het,OFT-0641-00,medium,4.886897147936717,170,1.0070041648883654,0.8808050777788521,0.8746786840514175,0.8716154871876998,0.876210282483276,0.8808050777788521,NaN,0.8746786840514175,NaN,0.8746786840514175,1.0070041648883654
Cntnap_het,OFT-0641-00,fast,6.107213125671385,171,1.0175140163808372,0.7862142973205535,0.7726815401688655,0.7659151615930215,0.7760647294567875,0.7862142973205535,NaN,0.7726815401688655,NaN,0.7726815401688655,1.0175140163808372
Cntnap_het,OFT-0643-00,slow,4.133963833395987,172,0.9654110620155772,0.7374854499290163,0.7639082241188538,0.7771196112137726,0.7573025305713945,0.7374854499290163,NaN,0.7639082241188538,NaN,0.7639082241188538,0.9654110620155772
Cntnap_het,OFT-0643-00,medium,5.300797593504855,173,1.0113618919393668,0.8610526872944411,0.8513794064786286,0.8465427660707225,0.8537977266825818,0.8610526872944411,NaN,0.8513794064786286,NaN,0.8513794064786286,1.0113618919393668
Cntnap_het,OFT-0643-00,fast,6.614591981366362,174,1.0036163994687115,0.8677552285460093,0.8646283869069661,0.8630649660874442,0.8654100973167267,0.8677552285460093,NaN,0.8646283869069661,NaN,0.8646283869069661,1.0036163994687115
Cntnap_het,OFT-0644-00,slow,3.5485318814945526,175,1.0033713741406824,0.9557897666580336,0.9525782689152367,0.9509725200438383,0.9533811433509358,0.9557897666580336,NaN,0.9525782689152367,NaN,0.9525782689152367,1.0033713741406824
Cntnap_het,OFT-0644-00,medium,4.542351981477554,176,1.0046453300834652,0.9218825711281272,0.9176199236914163,0.9154885999730608,0.918685585550594,0.9218825711281272,NaN,0.9176199236914163,NaN,0.9176199236914163,1.0046453300834652
Cntnap_het,OFT-0644-00,fast,5.946665647324404,177,0.9985101410720794,0.9169652527122099,0.9183334399865819,0.9190175336237678,0.9179913931679888,0.9169652527122099,NaN,0.9183334399865819,NaN,0.9183334399865819,0.9985101410720794
Cntnap_het,OFT-0645-00,slow,3.9243004582340872,178,0.9955360937488349,0.8809087659095766,0.8848586921568935,0.886833655280552,0.8838712105950643,0.8809087659095766,NaN,0.8848586921568935,NaN,0.8848586921568935,0.9955360937488349
Cntnap_het,OFT-0645-00,fast,6.642957944999283,179,0.995674763506619,0.8938590942879643,0.8977420409250155,0.8996835142435409,0.8967713042657526,0.8938590942879643,NaN,0.8977420409250155,NaN,0.8977420409250155,0.995674763506619
Cntnap_het,OFT-0645-00,medium,5.180051134862894,180,0.9983302757793258,0.9457229668369795,0.9473047044463523,0.9480955732510385,0.946909270044009,0.9457229668369795,NaN,0.9473047044463523,NaN,0.9473047044463523,0.9983302757793258
Cntnap_het,OFT-0652-00,medium,5.209591938800108,181,1.0073125382719121,0.8629193288899573,0.8566550063700511,0.853522845110098,0.8582210870000277,0.8629193288899573,NaN,0.8566550063700511,NaN,0.8566550063700511,1.0073125382719121
Cntnap_het,OFT-0652-00,slow,3.790472272388752,182,1.0092367731309486,0.8943529138546371,0.8861675849167603,0.882074920447822,0.8882139171512295,0.8943529138546371,NaN,0.8861675849167603,NaN,0.8861675849167603,1.0092367731309486
Cntnap_het,OFT-0652-00,fast,6.718583494191961,183,0.9932401619218394,0.8811959403993824,0.8871932229304336,0.8901918641959591,0.8856939022976706,0.8811959403993824,NaN,0.8871932229304336,NaN,0.8871932229304336,0.9932401619218394
Cntnap_het,OFT-0653-00,slow,3.5205946059683746,184,1.025411207862763,0.8359050334112734,0.8151900691172741,0.8048325869702744,0.8203688101907738,0.8359050334112734,NaN,0.8151900691172741,NaN,0.8151900691172741,1.025411207862763
Cntnap_het,OFT-0653-00,fast,5.539974093259897,185,1.0009315368763338,0.9740311253793579,0.9731246239069201,0.9726713731707011,0.9733512492750295,0.9740311253793579,NaN,0.9731246239069201,NaN,0.9731246239069201,1.0009315368763338
Cntnap_het,OFT-0653-00,medium,4.200839259794022,186,1.0007918252765977,0.9687190775149223,0.967952628157398,0.9675694034786357,0.968144240496779,0.9687190775149223,NaN,0.967952628157398,NaN,0.967952628157398,1.0007918252765977
Cntnap_het,OFT-0654-00,medium,5.522947485178096,187,1.0073465148767269,0.8349359773608422,0.8288468417077085,0.8258022738811418,0.830369125620992,0.8349359773608422,NaN,0.8288468417077085,NaN,0.8288468417077085,1.0073465148767269
Cntnap_het,OFT-0654-00,fast,6.987057206689891,188,1.0109713303894958,0.8299938158977332,0.8209865017418075,0.8164828446638447,0.8232383302807891,0.8299938158977332,NaN,0.8209865017418075,NaN,0.8209865017418075,1.0109713303894958
Cntnap_het,OFT-0654-00,slow,4.1670748192004945,189,1.0198347856534637,0.8784413356145261,0.8613565137922422,0.8528141028811003,0.865627719247813,0.8784413356145261,NaN,0.8613565137922422,NaN,0.8613565137922422,1.0198347856534637
Cntnap_het,OFT-0656-00,fast,5.681855274838902,190,1.0019956568354482,0.9246436374684469,0.9228020412670267,0.9218812431663169,0.9232624403173819,0.9246436374684469,NaN,0.9228020412670267,NaN,0.9228020412670267,1.0019956568354482
Cntnap_het,OFT-0656-00,slow,3.484252453232484,191,1.0022177062340354,0.934203414689349,0.9321362104045647,0.9311026082621725,0.9326530114757607,0.934203414689349,NaN,0.9321362104045647,NaN,0.9321362104045647,1.0022177062340354
Cntnap_het,OFT-0656-00,medium,4.302805458485566,192,1.0013428832274707,0.9369017730762818,0.9356453106817058,0.9350170794844175,0.9359594262803497,0.9369017730762818,NaN,0.9356453106817058,NaN,0.9356453106817058,1.0013428832274707
Cntnap_het,OFT-0662-00,fast,5.200262167097168,193,1.0113487569999136,0.8387197422387542,0.8293081258405363,0.8246023176414272,0.8316610299400907,0.8387197422387542,NaN,0.8293081258405363,NaN,0.8293081258405363,1.0113487569999136
Cntnap_het,OFT-0662-00,slow,3.415013319059698,194,1.023792710974586,0.81859941209213,0.799575346959518,0.790063314393212,0.804331363242671,0.81859941209213,NaN,0.799575346959518,NaN,0.799575346959518,1.023792710974586
Cntnap_het,OFT-0662-00,medium,4.170141126298936,195,1.0062470100064589,0.853427119182001,0.8481288497707168,0.8454797150650746,0.8494534171235377,0.853427119182001,NaN,0.8481288497707168,NaN,0.8481288497707168,1.0062470100064589
Cntnap_het,OFT-0664-00,fast,6.45332995992163,196,1.0054480496499816,0.8771950087106993,0.8724419019123565,0.8700653485131851,0.8736301786119423,0.8771950087106993,NaN,0.8724419019123565,NaN,0.8724419019123565,1.0054480496499816
Cntnap_het,OFT-0664-00,medium,4.920440464017071,197,1.0015161696977823,0.9455839486978066,0.9441524533579385,0.9434367056880042,0.9445103271929054,0.9455839486978066,NaN,0.9441524533579385,NaN,0.9441524533579385,1.0015161696977823
Cntnap_het,OFT-0664-00,slow,3.6685267591820945,198,0.9996507349529964,0.9515567375486823,0.9518891991745743,0.9520554299875205,0.9518060837681015,0.9515567375486823,NaN,0.9518891991745743,NaN,0.9518891991745743,0.9996507349529964
Cntnap_het,OFT-0665-00,fast,5.545053353059841,199,1.0061980559462282,0.9148633552507438,0.909227909797944,0.906410187071544,0.9106367711611438,0.9148633552507438,NaN,0.909227909797944,NaN,0.909227909797944,1.0061980559462282
Cntnap_het,OFT-0665-00,medium,4.442287190892743,200,1.004246707561723,0.9178199223841399,0.913938692029746,0.9119980768525491,0.9149089996183445,0.9178199223841399,NaN,0.913938692029746,NaN,0.913938692029746,1.004246707561723
Cntnap_het,OFT-0665-00,slow,3.566258114637712,201,0.9988113436485495,0.9428760032048258,0.9439980925332726,0.9445591371974955,0.9437175702011606,0.9428760032048258,NaN,0.9439980925332726,NaN,0.9439980925332726,0.9988113436485495
Cntnap_het,OFT-0666-00,medium,4.990514738800256,202,1.0061577921096463,0.889877192699889,0.8844310501577016,0.8817079788866078,0.8857925857932483,0.889877192699889,NaN,0.8844310501577016,NaN,0.8844310501577016,1.0061577921096463
Cntnap_het,OFT-0666-00,fast,6.716435209714403,203,1.0001058826190727,0.9352209256334396,0.9351219124761943,0.9350724058975717,0.9351466657655056,0.9352209256334396,NaN,0.9351219124761943,NaN,0.9351219124761943,1.0001058826190727
Cntnap_het,OFT-0666-00,slow,3.752847240958562,204,1.002847172329852,0.987577255791542,0.9847734361130677,0.9833715262738305,0.9854743910326863,0.987577255791542,NaN,0.9847734361130677,NaN,0.9847734361130677,1.002847172329852
Cntnap_het,OFT-0675-00,fast,5.827908641169552,205,1.004102155721392,0.9036090163379923,0.8999174149654117,0.8980716142791215,0.9008403153085569,0.9036090163379923,NaN,0.8999174149654117,NaN,0.8999174149654117,1.004102155721392
Cntnap_het,OFT-0675-00,medium,4.335811958216762,206,1.0188611706118458,0.841306619193542,0.8257323406370675,0.8179452013588302,0.829625910276186,0.841306619193542,NaN,0.8257323406370675,NaN,0.8257323406370675,1.0188611706118458
Cntnap_het,OFT-0675-00,slow,3.5160773645026655,207,1.0042975932655005,0.8360204694129298,0.8324429681192275,0.8306542174723766,0.8333373434426532,0.8360204694129298,NaN,0.8324429681192275,NaN,0.8324429681192275,1.0042975932655005
Cntnap_het,OFT-0676-00,fast,6.6661612032776825,208,1.0028814091558749,0.9030055278244798,0.9004110751086108,0.8991138487506762,0.9010596882875781,0.9030055278244798,NaN,0.9004110751086108,NaN,0.9004110751086108,1.0028814091558749
Cntnap_het,OFT-0676-00,medium,5.055063562385651,209,1.001600113237918,0.8496114201625127,0.8482541175199506,0.8475754661986699,0.8485934431805913,0.8496114201625127,NaN,0.8482541175199506,NaN,0.8482541175199506,1.001600113237918
Cntnap_het,OFT-0676-00,slow,3.8071499916748888,210,1.0057028980284608,0.9100257639600163,0.9048654088041249,0.9022852312261791,0.9061554975930977,0.9100257639600163,NaN,0.9048654088041249,NaN,0.9048654088041249,1.0057028980284608
Cntnap_het,OFT-0685-00,fast,6.03269411877224,211,0.9951402646777445,0.8881704461593549,0.8925077978298571,0.8946764736651083,0.8914234599122315,0.8881704461593549,NaN,0.8925077978298571,NaN,0.8925077978298571,0.9951402646777445
Cntnap_het,OFT-0685-00,medium,4.924781786566309,212,1.0189053644058426,0.8196188263081707,0.8044111405636946,0.7968072976914566,0.8082130619998137,0.8196188263081707,NaN,0.8044111405636946,NaN,0.8044111405636946,1.0189053644058426
Cntnap_het,OFT-0685-00,slow,3.857019303961691,213,1.0026755110948158,0.8994338114252338,0.8970337875741546,0.895833775648615,0.8976337935369244,0.8994338114252338,NaN,0.8970337875741546,NaN,0.8970337875741546,1.0026755110948158
Cntnap_het,OFT-0687-00,fast,6.1594268875411435,214,1.0068781718961637,0.871794075368334,0.8658386880376621,0.8628609943723263,0.86732753487033,0.871794075368334,NaN,0.8658386880376621,NaN,0.8658386880376621,1.0068781718961637
Cntnap_het,OFT-0687-00,slow,3.5873212999340587,215,1.0277718222158123,0.8288503084971692,0.8064536218848842,0.7952552785787416,0.8120527935379553,0.8288503084971692,NaN,0.8064536218848842,NaN,0.8064536218848842,1.0277718222158123
Cntnap_het,OFT-0687-00,medium,4.7126967326757745,216,1.0082654062409386,0.8663552612542738,0.8592531846195727,0.8557021463022222,0.861028703778248,0.8663552612542738,NaN,0.8592531846195727,NaN,0.8592531846195727,1.0082654062409386
Cntnap_hom,OFT-0364-00,fast,6.575646998692903,217,1.0012232297258232,0.8599031819757381,0.8588526079356105,0.8583273209155466,0.8591152514456425,0.8599031819757381,NaN,0.8588526079356105,NaN,0.8588526079356105,1.0012232297258232
Cntnap_hom,OFT-0364-00,medium,5.5875084878637375,218,1.0020093109458648,0.9426786718622036,0.9407883355618173,0.9398431674116244,0.9412609196369139,0.9426786718622036,NaN,0.9407883355618173,NaN,0.9407883355618173,1.0020093109458648
Cntnap_hom,OFT-0364-00,slow,4.366563144613124,219,0.9957626305668466,0.9572753514217389,0.9613489420433478,0.9633857373541522,0.9603305443879455,0.9572753514217389,NaN,0.9613489420433478,NaN,0.9613489420433478,0.9957626305668466
Cntnap_hom,OFT-0367-00,fast,5.684662969379954,220,1.0002093796188167,0.9057147789285627,0.9055251804114591,0.9054303811529076,0.905572580040735,0.9057147789285627,NaN,0.9055251804114591,NaN,0.9055251804114591,1.0002093796188167
Cntnap_hom,OFT-0367-00,slow,3.5391581324259676,221,1.003114506555173,0.8385108326881999,0.8359073936312179,0.834605674102727,0.8365582533954634,0.8385108326881999,NaN,0.8359073936312179,NaN,0.8359073936312179,1.003114506555173
Cntnap_hom,OFT-0367-00,medium,4.348744723406051,222,0.9980024655675714,0.9274400627746674,0.9292963642602078,0.930224515002978,0.9288322888888227,0.9274400627746674,NaN,0.9292963642602078,NaN,0.9292963642602078,0.9980024655675714
Cntnap_hom,OFT-0374-00,fast,6.034659983610651,223,1.0052595676150902,0.8662477118464763,0.8617154611137797,0.8594493357474313,0.8628485237969539,0.8662477118464763,NaN,0.8617154611137797,NaN,0.8617154611137797,1.0052595676150902
Cntnap_hom,OFT-0374-00,slow,3.5147321616162164,224,1.0056011046285283,0.7013077631406944,0.6974015441239589,0.6954484346155911,0.6983780988781427,0.7013077631406944,NaN,0.6974015441239589,NaN,0.6974015441239589,1.0056011046285283
Cntnap_hom,OFT-0374-00,medium,4.588992252325106,225,1.0230415366224388,0.8378394669433739,0.8189691590719691,0.8095340051362666,0.8236867360398203,0.8378394669433739,NaN,0.8189691590719691,NaN,0.8189691590719691,1.0230415366224388
Cntnap_hom,OFT-0383-00,fast,6.121322470722228,226,1.0061019190304468,0.8109752890622188,0.8060567957605466,0.8035975491097103,0.8072864190859645,0.8109752890622188,NaN,0.8060567957605466,NaN,0.8060567957605466,1.0061019190304468
Cntnap_hom,OFT-0383-00,medium,4.9167978005147335,227,0.9922853103507768,0.862501283381689,0.869206945204894,0.8725597761164965,0.8675305297490927,0.862501283381689,NaN,0.869206945204894,NaN,0.869206945204894,0.9922853103507768
Cntnap_hom,OFT-0383-00,slow,3.7799555156790645,228,0.9964195936418341,0.8965969675928112,0.8998186841306691,0.9014295423995979,0.8990132549962044,0.8965969675928112,NaN,0.8998186841306691,NaN,0.8998186841306691,0.9964195936418341
Cntnap_hom,OFT-0388-00,slow,4.14188146709051,229,1.0081011713033472,0.8364666942737238,0.8297447895951536,0.8263838372558687,0.8314252657647964,0.8364666942737238,NaN,0.8297447895951536,NaN,0.8297447895951536,1.0081011713033472
Cntnap_hom,OFT-0388-00,medium,5.2452570284589415,230,1.0178440889477802,0.8085545265247398,0.7943795472257462,0.7872920575762494,0.7979232920504946,0.8085545265247398,NaN,0.7943795472257462,NaN,0.7943795472257462,1.0178440889477802
Cntnap_hom,OFT-0388-00,fast,6.613163687999042,231,1.0009895329905891,0.8973964263148726,0.8965093007853754,0.8960657380206267,0.8967310821677497,0.8973964263148726,NaN,0.8965093007853754,NaN,0.8965093007853754,1.0009895329905891
Cntnap_hom,OFT-0389-00,slow,4.337096711510125,232,1.0168144502472922,0.8186740681299803,0.8051361464531473,0.7983671856147307,0.8085206268723555,0.8186740681299803,NaN,0.8051361464531473,NaN,0.8051361464531473,1.0168144502472922
Cntnap_hom,OFT-0389-00,medium,5.727645199972921,233,0.9990022062353259,0.9349457998315237,0.9358796146755326,0.9363465220975369,0.9356461609645303,0.9349457998315237,NaN,0.9358796146755326,NaN,0.9358796146755326,0.9990022062353259
Cntnap_hom,OFT-0389-00,fast,7.0463763697285415,234,1.005470613971105,0.8566485341912078,0.851987638711663,0.8496571909718907,0.8531528625815493,0.8566485341912078,NaN,0.851987638711663,NaN,0.851987638711663,1.005470613971105
Cntnap_hom,OFT-0390-00,slow,4.420633840895055,235,1.000078249249991,0.8743037263592441,0.8742353181012872,0.8742011139723092,0.8742524201657766,0.8743037263592441,NaN,0.8742353181012872,NaN,0.8742353181012872,1.000078249249991
Cntnap_hom,OFT-0390-00,medium,5.791623828226863,236,0.9986749480438223,0.873158147915258,0.8743166629197786,0.8748959204220392,0.8740270341686487,0.873158147915258,NaN,0.8743166629197786,NaN,0.8743166629197786,0.9986749480438223
Cntnap_hom,OFT-0390-00,fast,7.306602627233639,237,0.9998527089273636,0.9493980295770924,0.9495378880311295,0.9496078172581477,0.9495029234176201,0.9493980295770924,NaN,0.9495378880311295,NaN,0.9495378880311295,0.9998527089273636
Cntnap_hom,OFT-0400-00,fast,6.837739463643762,238,1.0171112348926155,0.7746432273625017,0.7616111205814052,0.755095067190857,0.7648691472766793,0.7746432273625017,NaN,0.7616111205814052,NaN,0.7616111205814052,1.0171112348926155
Cntnap_hom,OFT-0400-00,medium,5.28034302292628,239,0.9946590899113188,0.9066036225351284,0.9114717109919126,0.9139057552203045,0.9102546888777164,0.9066036225351284,NaN,0.9114717109919126,NaN,0.9114717109919126,0.9946590899113188
Cntnap_hom,OFT-0400-00,slow,4.050331039936924,240,1.0256446939586936,0.7844957148074375,0.7648805862579073,0.7550730219831423,0.7697843683952899,0.7844957148074375,NaN,0.7648805862579073,NaN,0.7648805862579073,1.0256446939586936
Cntnap_hom,OFT-0401-00,fast,5.830009618433355,241,1.0035327340368505,0.9141165438049161,0.9108985813823479,0.9092896001710639,0.9117030719879899,0.9141165438049161,NaN,0.9108985813823479,NaN,0.9108985813823479,1.0035327340368505
Cntnap_hom,OFT-0401-00,slow,3.570018848815306,242,0.9972254509290219,0.7974031792693721,0.7996217691059789,0.8007310640242823,0.7990671216468272,0.7974031792693721,NaN,0.7996217691059789,NaN,0.7996217691059789,0.9972254509290219
Cntnap_hom,OFT-0401-00,medium,4.4760745238163855,243,1.0029872398813877,0.9037733838836964,0.9010816368816176,0.8997357633805783,0.9017545736321373,0.9037733838836964,NaN,0.9010816368816176,NaN,0.9010816368816176,1.0029872398813877
Cntnap_hom,OFT-0402-00,fast,6.775826799316585,244,1.0265614928107765,0.8846705314588894,0.8617803586579286,0.850335272257448,0.8675029018581686,0.8846705314588894,NaN,0.8617803586579286,NaN,0.8617803586579286,1.0265614928107765
Cntnap_hom,OFT-0402-00,slow,3.768703701922131,245,1.0096127699317627,0.8235928341885917,0.8157512055282902,0.8118303911981395,0.8177116126933657,0.8235928341885917,NaN,0.8157512055282902,NaN,0.8157512055282902,1.0096127699317627
Cntnap_hom,OFT-0402-00,medium,5.1661669333415166,246,1.0130101165552328,0.7460531763148806,0.7364715950240002,0.7316808043785601,0.7388669903467203,0.7460531763148806,NaN,0.7364715950240002,NaN,0.7364715950240002,1.0130101165552328
Cntnap_hom,OFT-0404-00,fast,5.727105493682571,247,1.0059196595034459,0.8585111692522722,0.8534589826746809,0.8509328893858851,0.8547220293190785,0.8585111692522722,NaN,0.8534589826746809,NaN,0.8534589826746809,1.0059196595034459
Cntnap_hom,OFT-0404-00,slow,3.582639565503818,248,1.002982264730149,0.8987623125277099,0.8960899351191626,0.8947537464148891,0.8967580294712995,0.8987623125277099,NaN,0.8960899351191626,NaN,0.8960899351191626,1.002982264730149
Cntnap_hom,OFT-0404-00,medium,4.604569254674041,249,1.0039191398654266,0.89007044076396,0.8865957480233639,0.8848584016530661,0.887464421208513,0.89007044076396,NaN,0.8865957480233639,NaN,0.8865957480233639,1.0039191398654266
Cntnap_hom,OFT-0405-00,fast,5.400856906753735,250,1.0018589396029518,0.9571251705054262,0.9553492339797317,0.9544612657168842,0.9557932181111553,0.9571251705054262,NaN,0.9553492339797317,NaN,0.9553492339797317,1.0018589396029518
Cntnap_hom,OFT-0405-00,medium,4.322408676743071,251,1.005208413629857,0.8529943969273381,0.8485746690550804,0.8463648051189514,0.8496796010231449,0.8529943969273381,NaN,0.8485746690550804,NaN,0.8485746690550804,1.005208413629857
Cntnap_hom,OFT-0405-00,slow,3.5550553383573753,252,1.002535085415809,0.9085612885051666,0.9062638322810755,0.9051151041690301,0.9068381963370984,0.9085612885051666,NaN,0.9062638322810755,NaN,0.9062638322810755,1.002535085415809
Cntnap_hom,OFT-0406-00,fast,5.901332577134477,253,0.9985175745682066,0.8938062092077959,0.895133177394808,0.8957966614883142,0.8948014353480549,0.8938062092077959,NaN,0.895133177394808,NaN,0.895133177394808,0.9985175745682066
Cntnap_hom,OFT-0406-00,medium,4.520701177200946,254,0.9967528420798537,0.9686681999441968,0.971823865506062,0.9734016982869947,0.9710349491155958,0.9686681999441968,NaN,0.971823865506062,NaN,0.971823865506062,0.9967528420798537
Cntnap_hom,OFT-0406-00,slow,3.7461388148385617,255,1.0005876023170248,0.9525004052677687,0.9519410425055215,0.9516613611243981,0.9520808831960834,0.9525004052677687,NaN,0.9519410425055215,NaN,0.9519410425055215,1.0005876023170248
Cntnap_hom,OFT-0416-00,fast,5.932730057405587,256,1.0086952130818754,0.9102912792097617,0.9024443334360047,0.8985208605491262,0.904406069879444,0.9102912792097617,NaN,0.9024443334360047,NaN,0.9024443334360047,1.0086952130818754
Cntnap_hom,OFT-0416-00,medium,4.7789344227474295,257,1.0206287033613353,0.8016182168950068,0.7854161011295879,0.7773150432468785,0.7894666300709428,0.8016182168950068,NaN,0.7854161011295879,NaN,0.7854161011295879,1.0206287033613353
Cntnap_hom,OFT-0416-00,slow,3.699285254417163,258,1.001918500525322,0.8787727340578225,0.8770900363623069,0.876248687514549,0.8775107107861858,0.8787727340578225,NaN,0.8770900363623069,NaN,0.8770900363623069,1.001918500525322
Cntnap_hom,OFT-0417-00,fast,5.6331603001890755,259,1.010344082680347,0.8468523566119217,0.8381821313441088,0.8338470187102023,0.840349687661062,0.8468523566119217,NaN,0.8381821313441088,NaN,0.8381821313441088,1.010344082680347
Cntnap_hom,OFT-0417-00,medium,4.415117915142794,260,1.0036027357971888,0.9094949357209449,0.9062300283572945,0.9045975746754693,0.9070462551982071,0.9094949357209449,NaN,0.9062300283572945,NaN,0.9062300283572945,1.0036027357971888
Cntnap_hom,OFT-0417-00,slow,3.472600618643135,261,1.0033940004335538,0.9644360998668472,0.9611738753172997,0.9595427630425258,0.9619894314546866,0.9644360998668472,NaN,0.9611738753172997,NaN,0.9611738753172997,1.0033940004335538
Cntnap_hom,OFT-0418-00,fast,5.6447210108296355,262,0.9990215671468143,0.9006598610631229,0.9015419593346613,0.9019830084704303,0.9013214347667766,0.9006598610631229,NaN,0.9015419593346613,NaN,0.9015419593346613,0.9990215671468143
Cntnap_hom,OFT-0418-00,slow,3.8300224046756886,263,1.0058686983991885,0.8475209502194028,0.8425761250630508,0.8401037124848749,0.8438123313521388,0.8475209502194028,NaN,0.8425761250630508,NaN,0.8425761250630508,1.0058686983991885
Cntnap_hom,OFT-0418-00,medium,4.691575429741383,264,1.0036581612551174,0.9608630675221446,0.9573608870180902,0.955609796766063,0.9582364321441037,0.9608630675221446,NaN,0.9573608870180902,NaN,0.9573608870180902,1.0036581612551174
Cntnap_hom,OFT-0422-00,slow,4.394226054058879,265,1.0234018741430126,0.8567320352736596,0.8371413585607111,0.8273460202042369,0.8420390277389482,0.8567320352736596,NaN,0.8371413585607111,NaN,0.8371413585607111,1.0234018741430126
Cntnap_hom,OFT-0422-00,fast,6.7543423990786415,266,1.015035153398072,0.8067869689722518,0.7948364805606389,0.7888612363548324,0.7978241026635421,0.8067869689722518,NaN,0.7948364805606389,NaN,0.7948364805606389,1.015035153398072
Cntnap_hom,OFT-0422-00,medium,5.6394601549149135,267,1.0048205075952565,0.8767267167830028,0.8725207240059136,0.870417727617369,0.8735722222001859,0.8767267167830028,NaN,0.8725207240059136,NaN,0.8725207240059136,1.0048205075952565
Cntnap_hom,OFT-0433-00,medium,4.860960858128045,268,1.008946341752031,0.8817797680124324,0.8739610141023214,0.870051637147266,0.8759157025798491,0.8817797680124324,NaN,0.8739610141023214,NaN,0.8739610141023214,1.008946341752031
Cntnap_hom,OFT-0433-00,slow,3.7769256014629797,269,1.0188610431090313,0.8341690592994099,0.818727013797644,0.8110059910467611,0.8225875251730854,0.8341690592994099,NaN,0.818727013797644,NaN,0.818727013797644,1.0188610431090313
Cntnap_hom,OFT-0433-00,fast,6.27175454871354,270,1.0189466968680807,0.7601442722915135,0.7460098498066249,0.7389426385641804,0.7495434554278471,0.7601442722915135,NaN,0.7460098498066249,NaN,0.7460098498066249,1.0189466968680807
Cntnap_hom,OFT-0445-00,fast,5.915050640446001,271,1.0179560454601528,0.8206167537741793,0.8061416378771353,0.7989040799286131,0.8097604168513961,0.8206167537741793,NaN,0.8061416378771353,NaN,0.8061416378771353,1.0179560454601528
Cntnap_hom,OFT-0445-00,medium,4.538916557888154,272,1.0160739827346987,0.7807708590986481,0.7684193005289366,0.7622435212440807,0.7715071901713644,0.7807708590986481,NaN,0.7684193005289366,NaN,0.7684193005289366,1.0160739827346987
Cntnap_hom,OFT-0445-00,slow,3.512216050505925,273,0.891929075365956,0.785547231760261,0.8807283599740855,0.9283189240809977,0.8569330779206293,0.785547231760261,NaN,0.8807283599740855,NaN,0.8807283599740855,0.891929075365956
Cntnap_hom,OFT-0449-00,fast,5.587060496442845,274,1.0190590251831588,0.7889671545240919,0.7742114392071532,0.766833581548684,0.7779003680363881,0.7889671545240919,NaN,0.7742114392071532,NaN,0.7742114392071532,1.0190590251831588
Cntnap_hom,OFT-0449-00,medium,4.456216700715027,275,1.013148621561862,0.8664139701980784,0.8551696678641495,0.8495475166971854,0.8579807434476319,0.8664139701980784,NaN,0.8551696678641495,NaN,0.8551696678641495,1.013148621561862
Cntnap_hom,OFT-0449-00,slow,3.605700124019238,276,1.0074906490326703,0.9129787393601535,0.9061907822536505,0.902796803700399,0.9078877715302762,0.9129787393601535,NaN,0.9061907822536505,NaN,0.9061907822536505,1.0074906490326703
Cntnap_hom,OFT-0517-00,fast,6.518515584804029,277,1.0101906113481698,0.8423071715778928,0.833810136538267,0.8295616190184539,0.8359343952981735,0.8423071715778928,NaN,0.833810136538267,NaN,0.833810136538267,1.0101906113481698
Cntnap_hom,OFT-0517-00,medium,5.261756963441654,278,0.9854789542987429,0.8045134004748618,0.8163679162964425,0.822295174207233,0.8134042873410474,0.8045134004748618,NaN,0.8163679162964425,NaN,0.8163679162964425,0.9854789542987429
Cntnap_hom,OFT-0517-00,slow,4.107673366842524,279,1.0016335465846162,0.9222470674925973,0.9207429909244634,0.9199909526403968,0.921119010066497,0.9222470674925973,NaN,0.9207429909244634,NaN,0.9207429909244634,1.0016335465846162
Cntnap_hom,OFT-0518-00,slow,4.194424015507742,280,1.0057549296211428,0.8519972500385806,0.847122121846839,0.8446845577509681,0.8483409038947745,0.8519972500385806,NaN,0.847122121846839,NaN,0.847122121846839,1.0057549296211428
Cntnap_hom,OFT-0518-00,medium,5.381234252068127,281,1.0026562522470603,0.9376379595989193,0.9351539548051209,0.9339119524082216,0.9357749560035704,0.9376379595989193,NaN,0.9351539548051209,NaN,0.9351539548051209,1.0026562522470603
Cntnap_hom,OFT-0518-00,fast,6.595931908726713,282,0.9821271890454928,0.8057180990929065,0.8203806065851468,0.8277118603312668,0.8167149797120867,0.8057180990929065,NaN,0.8203806065851468,NaN,0.8203806065851468,0.9821271890454928
Cntnap_hom,OFT-0521-00,slow,4.142945645062197,283,1.0104686899526103,0.8479292092339672,0.8391444659940269,0.834752094374057,0.8413406518040121,0.8479292092339672,NaN,0.8391444659940269,NaN,0.8391444659940269,1.0104686899526103
Cntnap_hom,OFT-0521-00,medium,5.564338907071257,284,1.0119626492873077,0.804656867113974,0.7951448283992176,0.7903888090418394,0.7975228380779067,0.804656867113974,NaN,0.7951448283992176,NaN,0.7951448283992176,1.0119626492873077
Cntnap_hom,OFT-0521-00,fast,7.202200261621405,285,1.0018423790562814,0.8934094417227025,0.8917664698555466,0.890944983921969,0.8921772128223358,0.8934094417227025,NaN,0.8917664698555466,NaN,0.8917664698555466,1.0018423790562814
Cntnap_hom,OFT-0522-00,fast,6.904142016852992,286,1.0183048876188578,0.825421742471933,0.810584091766513,0.8031652664138031,0.8142935044428681,0.825421742471933,NaN,0.810584091766513,NaN,0.810584091766513,1.0183048876188578
Cntnap_hom,OFT-0522-00,medium,5.043399319824403,287,1.00247322306741,0.9384042864224942,0.9360891291950173,0.9349315505812786,0.9366679185018865,0.9384042864224942,NaN,0.9360891291950173,NaN,0.9360891291950173,1.00247322306741
Cntnap_hom,OFT-0522-00,slow,3.774059033337281,288,0.9979656006044157,0.9412412943823474,0.9431600586355748,0.9441194407621887,0.9426803675722681,0.9412412943823474,NaN,0.9431600586355748,NaN,0.9431600586355748,0.9979656006044157
Cntnap_hom,OFT-0533-00,fast,6.83201469464119,289,1.0038546294157003,0.918377524889421,0.9148511128787326,0.913087906873388,0.9157327158814045,0.918377524889421,NaN,0.9148511128787326,NaN,0.9148511128787326,1.0038546294157003
Cntnap_hom,OFT-0533-00,medium,4.977742748664982,290,1.0123127456714291,0.8557115363410785,0.8453035289736643,0.8400995252899572,0.8479055308155179,0.8557115363410785,NaN,0.8453035289736643,NaN,0.8453035289736643,1.0123127456714291
Cntnap_hom,OFT-0533-00,slow,3.7706263149464285,291,1.0110161271055396,0.8391120157057108,0.8299689720163249,0.8253974501716319,0.8322547329386714,0.8391120157057108,NaN,0.8299689720163249,NaN,0.8299689720163249,1.0110161271055396
Cntnap_hom,OFT-0535-00,fast,5.682578088866079,292,1.0057967678668922,0.9252404870440609,0.9199079939442676,0.917241747394371,0.9212411172192159,0.9252404870440609,NaN,0.9199079939442676,NaN,0.9199079939442676,1.0057967678668922
Cntnap_hom,OFT-0535-00,slow,3.723959875570889,293,1.0239462552327296,0.9190845098469258,0.8975905768003711,0.8868436102770936,0.9029640600620097,0.9190845098469258,NaN,0.8975905768003711,NaN,0.8975905768003711,1.0239462552327296
Cntnap_hom,OFT-0535-00,medium,4.545863357613857,294,1.0026835069157736,0.9469950894271064,0.944460622814109,0.9431933895076103,0.9450942394673584,0.9469950894271064,NaN,0.944460622814109,NaN,0.944460622814109,1.0026835069157736
Cntnap_hom,OFT-0540-00,medium,4.462168650396679,295,1.008180978182883,0.859977437487585,0.8529990707001676,0.8495098873064588,0.8547436623970219,0.859977437487585,NaN,0.8529990707001676,NaN,0.8529990707001676,1.008180978182883
Cntnap_hom,OFT-0540-00,slow,3.58122893580808,296,0.9958942187093178,0.8957262577671466,0.8994190757809708,0.9012654847878829,0.8984958712775148,0.8957262577671466,NaN,0.8994190757809708,NaN,0.8994190757809708,0.9958942187093178
Cntnap_hom,OFT-0540-00,fast,5.506130523103426,297,1.0174461077231431,0.825375834215682,0.8112231477917989,0.8041468045798573,0.8147613193977696,0.825375834215682,NaN,0.8112231477917989,NaN,0.8112231477917989,1.0174461077231431
Cntnap_hom,OFT-0541-00,medium,4.664580672133635,298,0.9994272309817307,0.9450198181708723,0.9455614064493577,0.9458322005886004,0.9454260093797364,0.9450198181708723,NaN,0.9455614064493577,NaN,0.9455614064493577,0.9994272309817307
Cntnap_hom,OFT-0541-00,fast,6.109380054497126,299,0.9855540989102393,0.866422817742967,0.8791225349283213,0.8854723935209983,0.8759476056319826,0.866422817742967,NaN,0.8791225349283213,NaN,0.8791225349283213,0.9855540989102393
Cntnap_hom,OFT-0541-00,slow,3.627420417221854,300,1.0034204503023736,0.8830857707992905,0.8800755162336774,0.8785703889508707,0.8808280798750806,0.8830857707992905,NaN,0.8800755162336774,NaN,0.8800755162336774,1.0034204503023736
Cntnap_hom,OFT-0546-00,slow,3.717147567594501,301,1.0012216953127437,0.9158841559448045,0.9147665898896817,0.9142078068621204,0.9150459814034624,0.9158841559448045,NaN,0.9147665898896817,NaN,0.9147665898896817,1.0012216953127437
Cntnap_hom,OFT-0546-00,medium,4.7907356318287375,302,0.9999030834328483,0.9694410435900754,0.969535007594745,0.9695819895970796,0.9695115165935776,0.9694410435900754,NaN,0.969535007594745,NaN,0.969535007594745,0.9999030834328483
Cntnap_hom,OFT-0546-00,fast,5.9906872209964,303,1.0009015129897505,0.9217218890918164,0.9208916932681818,0.9204765953563645,0.9210992422240906,0.9217218890918164,NaN,0.9208916932681818,NaN,0.9208916932681818,1.0009015129897505
Cntnap_hom,OFT-0548-00,slow,4.3751891699585235,304,1.004677234275345,0.8817427964518236,0.8776378784852316,0.8755854195019354,0.8786641079768795,0.8817427964518236,NaN,0.8776378784852316,NaN,0.8776378784852316,1.004677234275345
Cntnap_hom,OFT-0548-00,fast,7.053956647919479,305,0.9962614439721418,0.9353634954676968,0.9388735267505265,0.9406285423919415,0.9379960189298191,0.9353634954676968,NaN,0.9388735267505265,NaN,0.9388735267505265,0.9962614439721418
Cntnap_hom,OFT-0548-00,medium,5.649416072927554,306,0.9988801493376235,0.9654818679054554,0.9665642755496592,0.9671054793717613,0.9662936736386083,0.9654818679054554,NaN,0.9665642755496592,NaN,0.9665642755496592,0.9988801493376235
Cntnap_hom,OFT-0580-00,fast,5.773584385792086,307,0.9885347934719082,0.9682328230920713,0.9794625636710946,0.9850774339606063,0.9766551285263388,0.9682328230920713,NaN,0.9794625636710946,NaN,0.9794625636710946,0.9885347934719082
Cntnap_hom,OFT-0580-00,slow,3.60820775937286,308,1.00755641264324,0.9435896840391665,0.9365130053251688,0.9329746659681697,0.9382821750036681,0.9435896840391665,NaN,0.9365130053251688,NaN,0.9365130053251688,1.00755641264324
Cntnap_hom,OFT-0580-00,medium,4.5301301892704515,309,1.0000476046685323,0.9821442344978694,0.9820974820727688,0.9820741058602189,0.9821091701790441,0.9821442344978694,NaN,0.9820974820727688,NaN,0.9820974820727688,1.0000476046685323
Cntnap_hom,OFT-0581-00,fast,5.2419256955895355,310,1.002628546861622,0.8740966047376539,0.8718050243768817,0.8706592341964955,0.8723779194670747,0.8740966047376539,NaN,0.8718050243768817,NaN,0.8718050243768817,1.002628546861622
Cntnap_hom,OFT-0581-00,medium,4.248277834839669,311,0.9898605064986326,0.8783796069890967,0.8873771619560116,0.8918759394394689,0.8851277732142828,0.8783796069890967,NaN,0.8873771619560116,NaN,0.8873771619560116,0.9898605064986326
Cntnap_hom,OFT-0581-00,slow,3.4578194601684054,312,1.0038537693301919,0.8982696302701277,0.8948211957897874,0.8930969785496171,0.8956833044098724,0.8982696302701277,NaN,0.8948211957897874,NaN,0.8948211957897874,1.0038537693301919
Cntnap_hom,OFT-0583-00,fast,6.432574776013747,313,1.0061381162358962,0.8587355114031262,0.8534966497599515,0.8508772189383644,0.8548063651707453,0.8587355114031262,NaN,0.8534966497599515,NaN,0.8534966497599515,1.0061381162358962
Cntnap_hom,OFT-0583-00,medium,4.725786232534665,314,1.0006976964370624,0.8831432984616269,0.8825275621259222,0.88221969395807,0.8826814962098484,0.8831432984616269,NaN,0.8825275621259222,NaN,0.8825275621259222,1.0006976964370624
Cntnap_hom,OFT-0583-00,slow,3.843334214070556,315,0.9960311884554833,0.9379891652660215,0.9417267010690038,0.9435954689704948,0.9407923171182582,0.9379891652660215,NaN,0.9417267010690038,NaN,0.9417267010690038,0.9960311884554833
Cntnap_hom,OFT-0584-00,slow,3.945632341131541,316,0.9970977610520901,0.959329864796902,0.9621221732407289,0.9635183274626422,0.9614240961297721,0.959329864796902,NaN,0.9621221732407289,NaN,0.9621221732407289,0.9970977610520901
Cntnap_hom,OFT-0584-00,medium,5.381458912429321,317,1.0006661068404719,0.9365778099756581,0.935954364371181,0.9356426415689423,0.9361102257723002,0.9365778099756581,NaN,0.935954364371181,NaN,0.935954364371181,1.0006661068404719
Cntnap_hom,OFT-0584-00,fast,7.057710892555831,318,0.994501210937718,0.9568991542495091,0.962190034285877,0.964835474304061,0.960867314276785,0.9568991542495091,NaN,0.962190034285877,NaN,0.962190034285877,0.994501210937718
Cntnap_hom,OFT-0599-00,medium,5.090193139775462,319,0.9903090058299268,0.8117201570926688,0.8196635114030979,0.8236351885583122,0.8176776728254904,0.8117201570926688,NaN,0.8196635114030979,NaN,0.8196635114030979,0.9903090058299268
Cntnap_hom,OFT-0599-00,fast,6.847016116966506,320,0.9930119062094186,0.9229287813114764,0.9294236811666564,0.9326711310942462,0.9277999562028613,0.9229287813114764,NaN,0.9294236811666564,NaN,0.9294236811666564,0.9930119062094186
Cntnap_hom,OFT-0599-00,slow,3.8099896620709175,321,0.9979076391504421,0.9405410625172781,0.942513140111842,0.9434991789091236,0.9420201207132008,0.9405410625172781,NaN,0.942513140111842,NaN,0.942513140111842,0.9979076391504421
Cntnap_hom,OFT-0605-00,fast,5.971086024654257,322,0.9992506008387735,0.9837172028929554,0.9844549526087056,0.9848238274665808,0.984270515179768,0.9837172028929554,NaN,0.9844549526087056,NaN,0.9844549526087056,0.9992506008387735
Cntnap_hom,OFT-0605-00,medium,4.431019374834925,323,1.001309581263173,0.8726250974157304,0.8714838185358175,0.8709131790958612,0.8717691382557957,0.8726250974157304,NaN,0.8714838185358175,NaN,0.8714838185358175,1.001309581263173
Cntnap_hom,OFT-0605-00,slow,3.365680802120634,324,1.0167689662736101,0.9023263868937645,0.8874448540662389,0.8800040876524761,0.8911652372731204,0.9023263868937645,NaN,0.8874448540662389,NaN,0.8874448540662389,1.0167689662736101
Cntnap_hom,OFT-0613-00,fast,6.240456225050972,325,0.9977668912939431,0.8880497803359406,0.8900373304472781,0.891031105502947,0.8895404429194438,0.8880497803359406,NaN,0.8900373304472781,NaN,0.8900373304472781,0.9977668912939431
Cntnap_hom,OFT-0613-00,slow,3.6239254955454316,326,1.0004725327936312,0.9531925228112956,0.9527423208208274,0.9525172198255931,0.9528548713184444,0.9531925228112956,NaN,0.9527423208208274,NaN,0.9527423208208274,1.0004725327936312
Cntnap_hom,OFT-0613-00,medium,4.723776504154785,327,0.9948675681532628,0.8531196779053003,0.857520845200448,0.8597214288480219,0.8564205533766611,0.8531196779053003,NaN,0.857520845200448,NaN,0.857520845200448,0.9948675681532628
Cntnap_neg,OFT-0365-00,medium,4.649295553476269,328,0.9888024631429795,0.837056709556456,0.8465358256651295,0.8512753837194664,0.8441660466379611,0.837056709556456,NaN,0.8465358256651295,NaN,0.8465358256651295,0.9888024631429795
Cntnap_neg,OFT-0365-00,fast,5.8100700331340915,329,0.9958687094958006,0.8895782848062942,0.8932686370442141,0.8951138131631742,0.8923460489847344,0.8895782848062942,NaN,0.8932686370442141,NaN,0.8932686370442141,0.9958687094958006
Cntnap_neg,OFT-0365-00,slow,3.6399510767552843,330,0.9957325302127598,0.8901452237072642,0.8939601717311229,0.8958676457430523,0.8930064347251583,0.8901452237072642,NaN,0.8939601717311229,NaN,0.8939601717311229,0.9957325302127598
Cntnap_neg,OFT-0370-00,slow,3.759764338918838,331,1.0037833543053594,0.9350703099141296,0.931545941565468,0.9297837573911372,0.9324270336526334,0.9350703099141296,NaN,0.931545941565468,NaN,0.931545941565468,1.0037833543053594
Cntnap_neg,OFT-0370-00,medium,4.714484462761814,332,0.995011511490539,0.9169203499841645,0.9215173285891004,0.9238158178915683,0.9203680839378663,0.9169203499841645,NaN,0.9215173285891004,NaN,0.9215173285891004,0.995011511490539
Cntnap_neg,OFT-0370-00,fast,5.687679056431786,333,1.0049093978130335,0.8909793272862512,0.8866265249636173,0.8844501238023004,0.8877147255442757,0.8909793272862512,NaN,0.8866265249636173,NaN,0.8866265249636173,1.0049093978130335
Cntnap_neg,OFT-0375-00,fast,5.3165811383240955,334,1.0060593501861261,0.8762127527198784,0.8709354498397878,0.8682967983997423,0.8722547755598102,0.8762127527198784,NaN,0.8709354498397878,NaN,0.8709354498397878,1.0060593501861261
Cntnap_neg,OFT-0375-00,medium,4.197087814262362,335,1.0008125784085073,0.8487343345589061,0.8480452313145023,0.8477006796923006,0.8482175071256033,0.8487343345589061,NaN,0.8480452313145023,NaN,0.8480452313145023,1.0008125784085073
Cntnap_neg,OFT-0375-00,slow,3.453279231050849,336,0.9704001028426876,0.7456307778247636,0.7683745865653916,0.7797464909357057,0.7626886343802346,0.7456307778247636,NaN,0.7683745865653916,NaN,0.7683745865653916,0.9704001028426876
Cntnap_neg,OFT-0384-00,fast,6.821569052926762,337,1.0068337901330047,0.8658288169939642,0.859952084921173,0.8570137188847775,0.8614212679393709,0.8658288169939642,NaN,0.859952084921173,NaN,0.859952084921173,1.0068337901330047
Cntnap_neg,OFT-0384-00,medium,4.960442253712492,338,1.0103190869672625,0.8505531363950284,0.8418658494794813,0.8375222060217076,0.844037671208368,0.8505531363950284,NaN,0.8418658494794813,NaN,0.8418658494794813,1.0103190869672625
Cntnap_neg,OFT-0384-00,slow,3.644637657142675,339,0.9961484690718627,0.8947922841143043,0.8982519292008805,0.8999817517441684,0.8973870179292365,0.8947922841143043,NaN,0.8982519292008805,NaN,0.8982519292008805,0.9961484690718627
Cntnap_neg,OFT-0426-00,slow,3.838447349807781,340,1.002463930848274,0.9057537155270966,0.9035274862813846,0.9024143716585287,0.9040840435928127,0.9057537155270966,NaN,0.9035274862813846,NaN,0.9035274862813846,1.002463930848274
Cntnap_neg,OFT-0426-00,fast,5.427988522945426,341,1.0222406234504118,0.756378719927566,0.7399223847850315,0.7316942172137644,0.7440364685706653,0.756378719927566,NaN,0.7399223847850315,NaN,0.7399223847850315,1.0222406234504118
Cntnap_neg,OFT-0426-00,medium,4.698927205233479,342,1.0232318270979914,0.8054927469530295,0.787204547025774,0.7780604470621463,0.7917765970075878,0.8054927469530295,NaN,0.787204547025774,NaN,0.787204547025774,1.0232318270979914
Cntnap_neg,OFT-0427-00,medium,5.169270064363852,343,0.9968414748611056,0.908954599179462,0.9118346518498447,0.9132746781850362,0.9111146386822491,0.908954599179462,NaN,0.9118346518498447,NaN,0.9118346518498447,0.9968414748611056
Cntnap_neg,OFT-0427-00,slow,3.922425034688281,344,1.0030863553716112,0.8994329096749283,0.8966654813500252,0.8952817671875737,0.8973573384312509,0.8994329096749283,NaN,0.8966654813500252,NaN,0.8966654813500252,1.0030863553716112
Cntnap_neg,OFT-0427-00,fast,6.159988702688991,345,1.0065687595905317,0.859991745924712,0.8543795321787587,0.8515734253057821,0.855782585615247,0.859991745924712,NaN,0.8543795321787587,NaN,0.8543795321787587,1.0065687595905317
Cntnap_neg,OFT-0429-00,fast,6.157693223315773,346,0.9967340850589768,0.9024496837372222,0.9054066648917943,0.9068851554690804,0.9046674196031513,0.9024496837372222,NaN,0.9054066648917943,NaN,0.9054066648917943,0.9967340850589768
Cntnap_neg,OFT-0429-00,medium,4.785529706510083,347,1.009486884739668,0.9431571889881977,0.9342936527911644,0.9298618846926479,0.9365095368404228,0.9431571889881977,NaN,0.9342936527911644,NaN,0.9342936527911644,1.009486884739668
Cntnap_neg,OFT-0429-00,slow,3.7445626463981783,348,1.005351499302082,0.9463174360922237,0.941280175887896,0.9387615457857317,0.9425394909389777,0.9463174360922237,NaN,0.941280175887896,NaN,0.941280175887896,1.005351499302082
Cntnap_neg,OFT-0435-00,slow,3.4817203628420565,349,1.016078617936536,0.9947303111358083,0.978989512795691,0.971119113625632,0.9829247123807202,0.9947303111358083,NaN,0.978989512795691,NaN,0.978989512795691,1.016078617936536
Cntnap_neg,OFT-0435-00,medium,3.965127527195972,350,0.9904526020629527,0.8855866165169675,0.8941231661893094,0.8983914410254807,0.8919890287712241,0.8855866165169675,NaN,0.8941231661893094,NaN,0.8941231661893094,0.9904526020629527
Cntnap_neg,OFT-0435-00,fast,4.744038696168232,351,1.0204942744191956,0.7506710354746552,0.7355955386441461,0.7280577902288916,0.7393644128517733,0.7506710354746552,NaN,0.7355955386441461,NaN,0.7355955386441461,1.0204942744191956
Cntnap_neg,OFT-0437-00,fast,5.430864092275972,352,0.9984536071688479,0.9234423573218885,0.9248725736394938,0.9255876817982964,0.9245150195600924,0.9234423573218885,NaN,0.9248725736394938,NaN,0.9248725736394938,0.9984536071688479
Cntnap_neg,OFT-0437-00,medium,4.487878992952199,353,1.0216623537916385,0.7915206955020664,0.7747380458568722,0.766346721034275,0.7789337082681708,0.7915206955020664,NaN,0.7747380458568722,NaN,0.7747380458568722,1.0216623537916385
Cntnap_neg,OFT-0437-00,slow,3.6605904403288276,354,0.9969726809788847,0.9134766635720826,0.9162504459752889,0.917637337176892,0.9155570003744872,0.9134766635720826,NaN,0.9162504459752889,NaN,0.9162504459752889,0.9969726809788847
Cntnap_neg,OFT-0440-00,medium,4.342740926813341,355,1.0157527867045435,0.8061494026932294,0.793647246894256,0.7873961689947693,0.7967727858439995,0.8061494026932294,NaN,0.793647246894256,NaN,0.793647246894256,1.0157527867045435
Cntnap_neg,OFT-0440-00,fast,5.368883781936026,356,1.0033117192675334,0.9046637367559172,0.9016776335637403,0.9001845819676517,0.9024241593617843,0.9046637367559172,NaN,0.9016776335637403,NaN,0.9016776335637403,1.0033117192675334
Cntnap_neg,OFT-0440-00,slow,3.5789213556856585,357,1.0062854579133598,0.915375452877621,0.9096578368286764,0.9067990288042042,0.9110872408409127,0.915375452877621,NaN,0.9096578368286764,NaN,0.9096578368286764,1.0062854579133598
Cntnap_neg,OFT-0441-00,slow,3.7655398475205977,358,0.997081275357523,0.8633137219651343,0.8658408730577919,0.8671044486041207,0.8652090852846276,0.8633137219651343,NaN,0.8658408730577919,NaN,0.8658408730577919,0.997081275357523
Cntnap_neg,OFT-0441-00,fast,6.174642536436669,359,0.9976154266327804,0.9168571985069024,0.9190487376498792,0.9201445072213679,0.9185008528641352,0.9168571985069024,NaN,0.9190487376498792,NaN,0.9190487376498792,0.9976154266327804
Cntnap_neg,OFT-0441-00,medium,4.8970648680957,360,0.9879308483699525,0.8180937695401693,0.8280880902646094,0.8330852506268295,0.8255895100834993,0.8180937695401693,NaN,0.8280880902646094,NaN,0.8280880902646094,0.9879308483699525
Cntnap_neg,OFT-0451-00,fast,5.897495011313239,361,1.0097981139900556,0.8597773026234964,0.8514348469380915,0.847263619095389,0.8535204608594428,0.8597773026234964,NaN,0.8514348469380915,NaN,0.8514348469380915,1.0097981139900556
Cntnap_neg,OFT-0451-00,medium,4.809765482786067,362,1.0164425169077085,0.8595014155455445,0.8455976616959894,0.8386457847712119,0.8490736001583782,0.8595014155455445,NaN,0.8455976616959894,NaN,0.8455976616959894,1.0164425169077085
Cntnap_neg,OFT-0451-00,slow,3.9297478353456565,363,1.0246370329120658,0.8168706032118406,0.797229240182991,0.7874085586685663,0.8021395809402034,0.8168706032118406,NaN,0.797229240182991,NaN,0.797229240182991,1.0246370329120658
Cntnap_neg,OFT-0453-00,fast,5.189966774657013,364,1.009635596192298,0.8567217324850112,0.8485454907850115,0.8444573699350115,0.8505895512100115,0.8567217324850112,NaN,0.8485454907850115,NaN,0.8485454907850115,1.009635596192298
Cntnap_neg,OFT-0455-00,fast,5.529051796479693,365,1.0110232575215417,0.8463826161762437,0.8371544471203324,0.8325403625923766,0.8394614893843102,0.8463826161762437,NaN,0.8371544471203324,NaN,0.8371544471203324,1.0110232575215417
Cntnap_neg,OFT-0455-00,medium,4.309592112548134,366,1.0061569384586118,0.8595125362868417,0.8542529534245196,0.8516231619933583,0.8555678491401,0.8595125362868417,NaN,0.8542529534245196,NaN,0.8542529534245196,1.0061569384586118
Cntnap_neg,OFT-0455-00,slow,3.5992456823102175,367,1.0019680579984436,0.8742412212163662,0.8725240432941268,0.8716654543330069,0.8729533377746865,0.8742412212163662,NaN,0.8725240432941268,NaN,0.8725240432941268,1.0019680579984436
Cntnap_neg,OFT-0495-00,medium,4.943594654913674,368,0.9972850159694309,0.8922840335022377,0.8947131654583972,0.895927731436477,0.8941058824693573,0.8922840335022377,NaN,0.8947131654583972,NaN,0.8947131654583972,0.9972850159694309
Cntnap_neg,OFT-0495-00,fast,5.997047707327372,369,1.0008217303515226,0.9156313035116528,0.9148795192427047,0.9145036271082305,0.9150674653099417,0.9156313035116528,NaN,0.9148795192427047,NaN,0.9148795192427047,1.0008217303515226
Cntnap_neg,OFT-0495-00,slow,3.9531788890041897,370,1.0008033954188897,0.9249897647777855,0.9242472287882554,0.9238759607934903,0.924432862785638,0.9249897647777855,NaN,0.9242472287882554,NaN,0.9242472287882554,1.0008033954188897
Cntnap_neg,OFT-0497-00,fast,6.218083934383327,371,1.014483921836471,0.8167710149825047,0.8051098666048287,0.799279292415991,0.8080251536992478,0.8167710149825047,NaN,0.8051098666048287,NaN,0.8051098666048287,1.014483921836471
Cntnap_neg,OFT-0497-00,medium,4.880485156132596,372,1.0131261883151244,0.8256844647900601,0.8149867946491557,0.8096379595787034,0.8176612121843818,0.8256844647900601,NaN,0.8149867946491557,NaN,0.8149867946491557,1.0131261883151244
Cntnap_neg,OFT-0497-00,slow,3.7675818449508967,373,1.0051517922062672,0.8614287292663376,0.8570135734181369,0.8548059954940365,0.858117362380187,0.8614287292663376,NaN,0.8570135734181369,NaN,0.8570135734181369,1.0051517922062672
Cntnap_neg,OFT-0504-00,fast,5.873239074595212,374,1.0184556706674368,0.8121578527163502,0.7974405525025051,0.7900819023955825,0.8011198775559665,0.8121578527163502,NaN,0.7974405525025051,NaN,0.7974405525025051,1.0184556706674368
Cntnap_neg,OFT-0504-00,medium,4.634157636347187,375,1.0002680368526216,0.8789273145518076,0.8786917927692494,0.8785740318779702,0.878750673214889,0.8789273145518076,NaN,0.8786917927692494,NaN,0.8786917927692494,1.0002680368526216
Cntnap_neg,OFT-0504-00,slow,3.738456729338655,376,1.0070697997946667,0.8533132405875872,0.8473228377631528,0.8443276363509356,0.8488204384692615,0.8533132405875872,NaN,0.8473228377631528,NaN,0.8473228377631528,1.0070697997946667
Cntnap_neg,OFT-0509-00,fast,5.798039423597981,377,1.0031355070265076,0.9184764978812583,0.9156056100574136,0.9141701661454911,0.9163233320133747,0.9184764978812583,NaN,0.9156056100574136,NaN,0.9156056100574136,1.0031355070265076
Cntnap_neg,OFT-0509-00,medium,4.617886290604062,378,1.0067844375039945,0.8566936781508028,0.8509206601114191,0.8480341510917271,0.8523639146212649,0.8566936781508028,NaN,0.8509206601114191,NaN,0.8509206601114191,1.0067844375039945
Cntnap_neg,OFT-0509-00,slow,3.7069137310958977,379,0.9884264528778234,0.8057815564883851,0.8152165031018099,0.8199339764085226,0.812857766448454,0.8057815564883851,NaN,0.8152165031018099,NaN,0.8152165031018099,0.9884264528778234
Cntnap_neg,OFT-0515-00,slow,3.904790355945342,380,1.0033795984833223,0.8994656980007654,0.8964361039036174,0.8949213068550435,0.8971935024279044,0.8994656980007654,NaN,0.8964361039036174,NaN,0.8964361039036174,1.0033795984833223
Cntnap_neg,OFT-0515-00,medium,5.204971793120047,381,0.9984643623823244,0.9765206984608401,0.9780225867359683,0.9787735308735322,0.9776471146671861,0.9765206984608401,NaN,0.9780225867359683,NaN,0.9780225867359683,0.9984643623823244
Cntnap_neg,OFT-0515-00,fast,6.534624797187539,382,1.0041236927747437,0.8682607488191616,0.8646950122448107,0.8629121439576354,0.8655864463883984,0.8682607488191616,NaN,0.8646950122448107,NaN,0.8646950122448107,1.0041236927747437
Cntnap_neg,OFT-0524-00,slow,3.6580449888059787,383,1.0027204616161842,0.9265465973617149,0.9240328015928863,0.9227759037084722,0.9246612505350935,0.9265465973617149,NaN,0.9240328015928863,NaN,0.9240328015928863,1.0027204616161842
Cntnap_neg,OFT-0524-00,medium,4.641641177379685,384,1.001045645755258,0.945868194520065,0.9448801845658464,0.9443861795887372,0.9451271870544011,0.945868194520065,NaN,0.9448801845658464,NaN,0.9448801845658464,1.001045645755258
Cntnap_neg,OFT-0524-00,fast,5.867550076922524,385,1.0057584716448975,0.8805182108483744,0.8754768025053816,0.8729560983338849,0.8767371545911297,0.8805182108483744,NaN,0.8754768025053816,NaN,0.8754768025053816,1.0057584716448975
Cntnap_neg,OFT-0528-00,fast,5.787172674527237,386,1.0049013348451539,0.8085872599210506,0.8046434330248416,0.8026715195767371,0.8056293897488939,0.8085872599210506,NaN,0.8046434330248416,NaN,0.8046434330248416,1.0049013348451539
Cntnap_neg,OFT-0528-00,medium,4.281806825791452,387,1.0148437696157084,0.8656699452284878,0.8530080896651625,0.8466771618835003,0.856173553555994,0.8656699452284878,NaN,0.8530080896651625,NaN,0.8530080896651625,1.0148437696157084
Cntnap_neg,OFT-0528-00,slow,3.4601921016040906,388,1.0194541398353785,0.9532534573321083,0.9350626183989402,0.9259671989323561,0.9396103281322322,0.9532534573321083,NaN,0.9350626183989402,NaN,0.9350626183989402,1.0194541398353785
Cntnap_neg,OFT-0543-00,medium,4.813708159833457,389,1.0198460253803159,0.7611951143851375,0.7463823905194674,0.7389760285866322,0.750085571485885,0.7611951143851375,NaN,0.7463823905194674,NaN,0.7463823905194674,1.0198460253803159
Cntnap_neg,OFT-0543-00,fast,6.251578351288,390,1.0015374168383067,0.8844630920295751,0.8831053909315575,0.882426540382549,0.883444816206062,0.8844630920295751,NaN,0.8831053909315575,NaN,0.8831053909315575,1.0015374168383067
Cntnap_neg,OFT-0543-00,slow,3.788289044106732,391,0.9988383334094448,0.9498100985764549,0.9509147444655669,0.9514670674101229,0.9506385829932888,0.9498100985764549,NaN,0.9509147444655669,NaN,0.9509147444655669,0.9988383334094448
Cntnap_neg,OFT-0547-00,slow,3.9086301273920943,392,1.0089266213115498,0.9066093773656733,0.8985880223748387,0.8945773448794214,0.9005933611225474,0.9066093773656733,NaN,0.8985880223748387,NaN,0.8985880223748387,1.0089266213115498
Cntnap_neg,OFT-0547-00,medium,4.9856015308839625,393,0.9942305329481138,0.9399765664013983,0.945431200562871,0.9481585176436076,0.944067542022503,0.9399765664013983,NaN,0.945431200562871,NaN,0.945431200562871,0.9942305329481138
Cntnap_neg,OFT-0547-00,fast,6.198916983487348,394,1.0015122195362594,0.9242585918751021,0.9228630203863825,0.9221652346420226,0.9232119132585623,0.9242585918751021,NaN,0.9228630203863825,NaN,0.9228630203863825,1.0015122195362594
Cntnap_neg,OFT-0549-00,slow,4.2814042914333905,395,0.9951894844946702,0.8472957830444378,0.8513914146456956,0.8534392304463245,0.8503675067453811,0.8472957830444378,NaN,0.8513914146456956,NaN,0.8513914146456956,0.9951894844946702
Cntnap_neg,OFT-0549-00,fast,6.388774219860118,396,1.0054928470485183,0.8636537102121047,0.8589357077449509,0.8565767065113736,0.8601152083617392,0.8636537102121047,NaN,0.8589357077449509,NaN,0.8589357077449509,1.0054928470485183
Cntnap_neg,OFT-0549-00,medium,5.30818934355135,397,1.0025460662735821,0.9569771729242548,0.9545468334251165,0.9533316636755473,0.955154418299901,0.9569771729242548,NaN,0.9545468334251165,NaN,0.9545468334251165,1.0025460662735821
Cntnap_neg,OFT-0582-00,slow,3.723536138836648,398,0.9992626879754337,0.9216674332831604,0.9223474911792353,0.9226875201272731,0.9221774767052167,0.9216674332831604,NaN,0.9223474911792353,NaN,0.9223474911792353,0.9992626879754337
Cntnap_neg,OFT-0582-00,medium,4.598523119958619,399,1.010903042340919,0.8359343135444282,0.8269183873546163,0.8224104242597103,0.8291723689020691,0.8359343135444282,NaN,0.8269183873546163,NaN,0.8269183873546163,1.010903042340919
Cntnap_neg,OFT-0582-00,fast,5.603672089903406,400,1.0033195611947068,0.8761973848812413,0.8732984173436286,0.8718489335748225,0.8740231592280319,0.8761973848812413,NaN,0.8732984173436286,NaN,0.8732984173436286,1.0033195611947068
Cntnap_neg,OFT-0585-00,slow,4.108770293521875,401,1.0197724699362725,0.8931758322269086,0.8758579571016707,0.8671990195390518,0.8801874258829803,0.8931758322269086,NaN,0.8758579571016707,NaN,0.8758579571016707,1.0197724699362725
Cntnap_neg,OFT-0585-00,medium,5.4207082075801125,402,1.0021863796183612,0.9022763573436718,0.900307942408142,0.8993237349403773,0.9008000461420246,0.9022763573436718,NaN,0.900307942408142,NaN,0.900307942408142,1.0021863796183612
Cntnap_neg,OFT-0585-00,fast,6.728608305424325,403,0.9948482796305612,0.9159904656662368,0.9207338288873471,0.9231055104979025,0.9195479880820696,0.9159904656662368,NaN,0.9207338288873471,NaN,0.9207338288873471,0.9948482796305612
Cntnap_neg,OFT-0598-00,fast,6.255476231650661,404,1.0014213026055145,0.8969784986540476,0.8957054301923417,0.8950688959614885,0.8960236973077681,0.8969784986540476,NaN,0.8957054301923417,NaN,0.8957054301923417,1.0014213026055145
Cntnap_neg,OFT-0598-00,slow,3.658439693451068,405,1.000993926955368,0.8702412821559505,0.8693771847376578,0.8689451360285114,0.869593209092231,0.8702412821559505,NaN,0.8693771847376578,NaN,0.8693771847376578,1.000993926955368
Cntnap_neg,OFT-0598-00,medium,4.790533127472555,406,1.020436870624539,0.8649031220869279,0.8475812144631547,0.8389202606512682,0.851911691369098,0.8649031220869279,NaN,0.8475812144631547,NaN,0.8475812144631547,1.020436870624539
Cntnap_neg,OFT-0606-00,fast,5.406736308513735,407,1.000116920150514,0.9239973691672142,0.9238893478856012,0.9238353372447945,0.9239163532060044,0.9239973691672142,NaN,0.9238893478856012,NaN,0.9238893478856012,1.000116920150514
Cntnap_neg,OFT-0606-00,slow,3.476959537950691,408,1.0036388629631545,0.8905654485711072,0.8873365524545272,0.8857221043962371,0.8881437764836722,0.8905654485711072,NaN,0.8873365524545272,NaN,0.8873365524545272,1.0036388629631545
Cntnap_neg,OFT-0606-00,medium,4.2776129561757115,409,1.002424872728796,0.9042602624026664,0.9020728505479854,0.9009791446206445,0.9026197035116557,0.9042602624026664,NaN,0.9020728505479854,NaN,0.9020728505479854,1.002424872728796
Cntnap_neg,OFT-0612-00,fast,6.577353582897681,410,1.0030474082896927,0.8943343267724919,0.8916172051104058,0.8902586442793627,0.8922964855259273,0.8943343267724919,NaN,0.8916172051104058,NaN,0.8916172051104058,1.0030474082896927
Cntnap_neg,OFT-0612-00,slow,3.925443675331776,411,1.0027127328563181,0.9503399791791649,0.9477689352483191,0.9464834132828959,0.9484116962310305,0.9503399791791649,NaN,0.9477689352483191,NaN,0.9477689352483191,1.0027127328563181
Cntnap_neg,OFT-0612-00,medium,5.059071893531393,412,1.017562951536706,0.826439338500473,0.8121751457758939,0.805043049413604,0.8157411939570386,0.826439338500473,NaN,0.8121751457758939,NaN,0.8121751457758939,1.017562951536706
Cntnap_neg,OFT-0642-00,slow,4.322847625198563,413,0.9963353881312779,0.9667886308508227,0.9703445670680503,0.9721225351766641,0.9694555830137435,0.9667886308508227,NaN,0.9703445670680503,NaN,0.9703445670680503,0.9963353881312779
Cntnap_neg,OFT-0642-00,medium,5.389259666363348,414,0.9997354686931249,0.9396459965599196,0.9398946281142195,0.9400189438913692,0.9398324702256444,0.9396459965599196,NaN,0.9398946281142195,NaN,0.9398946281142195,0.9997354686931249
Cntnap_neg,OFT-0642-00,fast,6.510246975254451,415,1.0002218538430063,0.9352189471667001,0.9350115112696696,0.9349077933211547,0.9350633702439274,0.9352189471667001,NaN,0.9350115112696696,NaN,0.9350115112696696,1.0002218538430063
Cntnap_neg,OFT-0646-00,slow,4.119144858406139,416,1.0224054453902962,0.8139557960205713,0.7961184084948308,0.7871997147319607,0.8005777553762661,0.8139557960205713,NaN,0.7961184084948308,NaN,0.7961184084948308,1.0224054453902962
Cntnap_neg,OFT-0646-00,medium,5.107115719813542,417,0.999250647050947,0.9586698673560267,0.959388788173733,0.959748248582586,0.9592090579693064,0.9586698673560267,NaN,0.959388788173733,NaN,0.959388788173733,0.999250647050947
Cntnap_neg,OFT-0646-00,fast,6.147726058304268,418,1.0086419762282304,0.8665731222013535,0.8591483823049516,0.8554360123567506,0.8610045672790521,0.8665731222013535,NaN,0.8591483823049516,NaN,0.8591483823049516,1.0086419762282304
Cntnap_neg,OFT-0651-00,slow,3.735604852156437,419,1.068286493939355,0.8113396610891497,0.7594775986517416,0.7335465674330377,0.7724431142610936,0.8113396610891497,NaN,0.7594775986517416,NaN,0.7594775986517416,1.068286493939355
Cntnap_neg,OFT-0651-00,medium,4.587653113517016,420,1.0011820635308595,0.9207458538289419,0.9196587587493888,0.9191152112096124,0.9199305325192771,0.9207458538289419,NaN,0.9196587587493888,NaN,0.9196587587493888,1.0011820635308595
Cntnap_neg,OFT-0651-00,fast,5.773834708944663,421,1.0015584552324652,0.917342932354773,0.9159155190216576,0.9152018123550998,0.9162723723549365,0.917342932354773,NaN,0.9159155190216576,NaN,0.9159155190216576,1.0015584552324652
Cntnap_neg,OFT-0655-00,slow,4.092316992531281,422,1.0057719489218004,0.9031862353294448,0.8980030078365888,0.8954113940901609,0.8992988147098029,0.9031862353294448,NaN,0.8980030078365888,NaN,0.8980030078365888,1.0057719489218004
Cntnap_neg,OFT-0655-00,medium,5.297515228316695,423,1.0014528685986175,0.9709667044145277,0.9695580639488801,0.9688537437160565,0.9699102240652921,0.9709667044145277,NaN,0.9695580639488801,NaN,0.9695580639488801,1.0014528685986175
Cntnap_neg,OFT-0655-00,fast,6.566070894894826,424,1.0078137236491371,0.846641832509607,0.8400776975372475,0.8367956300510678,0.8417187312803374,0.846641832509607,NaN,0.8400776975372475,NaN,0.8400776975372475,1.0078137236491371
Cntnap_neg,OFT-0663-00,fast,5.820672756712434,425,0.9990030178211009,0.9352440219039152,0.9361773740621437,0.9366440501412578,0.9359440360225866,0.9352440219039152,NaN,0.9361773740621437,NaN,0.9361773740621437,0.9990030178211009
Cntnap_neg,OFT-0663-00,medium,4.605919826184348,426,1.0009177206439928,0.9420356002240821,0.9411718673718497,0.9407400009457332,0.9413878005849076,0.9420356002240821,NaN,0.9411718673718497,NaN,0.9411718673718497,1.0009177206439928
Cntnap_neg,OFT-0663-00,slow,3.5598016568196984,427,1.0059197599619663,0.930723719567862,0.925246482485892,0.9225078639449071,0.9266157917563844,0.930723719567862,NaN,0.925246482485892,NaN,0.925246482485892,1.0059197599619663
Cntnap_neg,OFT-0667-00,medium,4.8539495916392505,428,1.0011032883737527,0.9541294547311767,0.9530779349262923,0.9525521750238504,0.9533408148775135,0.9541294547311767,NaN,0.9530779349262923,NaN,0.9530779349262923,1.0011032883737527
Cntnap_neg,OFT-0667-00,slow,3.7983155645602245,429,0.9968860612743725,0.8816108986195667,0.8843647562817325,0.8857416851128155,0.8836762918661911,0.8816108986195667,NaN,0.8843647562817325,NaN,0.8843647562817325,0.9968860612743725
Cntnap_neg,OFT-0667-00,fast,6.094438381139532,430,1.0088849739670316,0.8466334691819744,0.8391773998307569,0.8354493651551482,0.8410414171685613,0.8466334691819744,NaN,0.8391773998307569,NaN,0.8391773998307569,1.0088849739670316
Cntnap_neg,OFT-0677-00,fast,5.977241340856188,431,1.0160671615021781,0.8231291424503848,0.8101129272138378,0.803604819595564,0.8133669810229742,0.8231291424503848,NaN,0.8101129272138378,NaN,0.8101129272138378,1.0160671615021781
Cntnap_neg,OFT-0677-00,medium,4.882754985292613,432,1.0040443295564958,0.898813759249105,0.8951933025169586,0.8933830741508855,0.8960984166999951,0.898813759249105,NaN,0.8951933025169586,NaN,0.8951933025169586,1.0040443295564958
Cntnap_neg,OFT-0677-00,slow,3.8690191499909496,433,1.0024296559328536,0.9473424001011844,0.9450462628418496,0.9438981942121822,0.9456202971566834,0.9473424001011844,NaN,0.9450462628418496,NaN,0.9450462628418496,1.0024296559328536
Cntnap_neg,OFT-0686-00,fast,6.178917954415941,434,1.0163038159712405,0.8575792127530385,0.8438216990590405,0.8369429422120416,0.8472610774825401,0.8575792127530385,NaN,0.8438216990590405,NaN,0.8438216990590405,1.0163038159712405
Cntnap_neg,OFT-0686-00,medium,4.912040036525869,435,0.9991596172492329,0.9272504038007217,0.9280303044607797,0.9284202547908085,0.9278353292957652,0.9272504038007217,NaN,0.9280303044607797,NaN,0.9280303044607797,0.9991596172492329
Cntnap_neg,OFT-0686-00,slow,3.841908833038749,436,1.0134172594205906,0.9005350180318288,0.8886122765924661,0.882650905872785,0.8915929619523069,0.9005350180318288,NaN,0.8886122765924661,NaN,0.8886122765924661,1.0134172594205906
Cntnap_neg,OFT-0688-00,slow,3.745757330345662,437,1.0175603149134378,0.8046218125042381,0.7907362352006485,0.7837934465488534,0.7942076295265459,0.8046218125042381,NaN,0.7907362352006485,NaN,0.7907362352006485,1.0175603149134378
Cntnap_neg,OFT-0688-00,medium,4.726273546774218,438,1.0090697761003138,0.8357371477708373,0.8282253294719184,0.824469420322459,0.8301032840466482,0.8357371477708373,NaN,0.8282253294719184,NaN,0.8282253294719184,1.0090697761003138
Cntnap_neg,OFT-0688-00,fast,5.987095967962842,439,1.004838328413852,0.8693597033682888,0.8651737088299393,0.8630807115607644,0.8662202074645265,0.8693597033682888,NaN,0.8651737088299393,NaN,0.8651737088299393,1.004838328413852
Cntnap_neg,OFT-0689-00,medium,5.015935714545635,440,0.9959486305993346,0.8298880904696277,0.8332639505415292,0.8349518805774802,0.8324199855235541,0.8298880904696277,NaN,0.8332639505415292,NaN,0.8332639505415292,0.9959486305993346
Cntnap_neg,OFT-0689-00,slow,4.100108897791611,441,1.0004912045790078,0.9226826632185436,0.9222296597867596,0.9220031580708679,0.9223429106447056,0.9226826632185436,NaN,0.9222296597867596,NaN,0.9222296597867596,1.0004912045790078
Cntnap_neg,OFT-0689-00,fast,5.906770408016368,442,1.014237132048628,0.8338257218867436,0.8221210755738387,0.8162687524173862,0.8250472371520651,0.8338257218867436,NaN,0.8221210755738387,NaN,0.8221210755738387,1.014237132048628
Cntnap_neg,OFT-0690-00,slow,3.945959458377042,443,1.0013714598391665,0.896227589371035,0.89500013263308,0.8943864042641025,0.8953069968175686,0.896227589371035,NaN,0.89500013263308,NaN,0.89500013263308,1.0013714598391665
Cntnap_neg,OFT-0690-00,medium,4.766937189362878,444,1.0025614329962291,0.9294874240692802,0.9271126870414695,0.925925318527564,0.9277063712984221,0.9294874240692802,NaN,0.9271126870414695,NaN,0.9271126870414695,1.0025614329962291
Cntnap_neg,OFT-0690-00,fast,5.662348395550179,445,0.9957347867526626,0.8388114693066043,0.842404504157353,0.8442010215827274,0.8415062454446658,0.8388114693066043,NaN,0.842404504157353,NaN,0.842404504157353,0.9957347867526626
Cntnap_neg,OFT-0691-00,slow,4.085635891085457,446,1.0209998482145906,0.8213398600290513,0.8044466034596557,0.795999975174958,0.8086699176020047,0.8213398600290513,NaN,0.8044466034596557,NaN,0.8044466034596557,1.0209998482145906
Cntnap_neg,OFT-0691-00,fast,6.291020959081462,447,1.000620332124096,0.9515292574926726,0.9509393592600562,0.9506444101437481,0.9510868338182105,0.9515292574926726,NaN,0.9509393592600562,NaN,0.9509393592600562,1.000620332124096
Cntnap_neg,OFT-0691-00,medium,5.1457588300706325,448,1.0066773333705907,0.8468044269784278,0.8411875373642604,0.8383790925571768,0.8425917597678023,0.8468044269784278,NaN,0.8411875373642604,NaN,0.8411875373642604,1.0066773333705907
Cntnap_neg,OFT-0692-00,slow,4.009033671536091,449,0.999188376879847,0.976309320132,0.9771023589973183,0.9774988784299772,0.9769040992809886,0.976309320132,NaN,0.9771023589973183,NaN,0.9771023589973183,0.999188376879847
Cntnap_neg,OFT-0692-00,fast,7.228830188416525,450,1.0108112873046398,0.8874678600800869,0.8779758113371963,0.8732297869657508,0.8803488235229189,0.8874678600800869,NaN,0.8779758113371963,NaN,0.8779758113371963,1.0108112873046398
Cntnap_neg,OFT-0692-00,medium,4.952802560439383,451,1.0027411004685172,0.9166641456177981,0.9141583457479695,0.9129054458130554,0.9147847957154267,0.9166641456177981,NaN,0.9141583457479695,NaN,0.9141583457479695,1.0027411004685172
Cntnap_neg,OFT-0695-00,medium,4.994965149447017,452,1.0160412658750828,0.8599679636898678,0.8463907840880909,0.8396021942872025,0.8497850789885351,0.8599679636898678,NaN,0.8463907840880909,NaN,0.8463907840880909,1.0160412658750828
Cntnap_neg,OFT-0695-00,fast,6.459178581371558,453,1.0193122453568135,0.7934131617590638,0.7783808792381642,0.7708647379777143,0.782138949868389,0.7934131617590638,NaN,0.7783808792381642,NaN,0.7783808792381642,1.0193122453568135
Cntnap_neg,OFT-0695-00,slow,3.87297136643317,454,1.003501190397811,0.8909170795370052,0.8878086922685414,0.8862544986343095,0.8885857890856572,0.8909170795370052,NaN,0.8878086922685414,NaN,0.8878086922685414,1.003501190397811
Cntnap_neg,OFT-0696-00,fast,5.467426523319393,455,0.9975770919053353,0.9242997422278029,0.926544674820494,0.9276671411168396,0.9259834416723212,0.9242997422278029,NaN,0.926544674820494,NaN,0.926544674820494,0.9975770919053353
Cntnap_neg,OFT-0696-00,slow,3.433689793399018,456,1.0015449510530545,0.9821507437147808,0.9806357095426601,0.9798781924565998,0.9810144680856904,0.9821507437147808,NaN,0.9806357095426601,NaN,0.9806357095426601,1.0015449510530545
Cntnap_neg,OFT-0696-00,medium,4.24179835324235,457,0.9985805427422059,0.969474287343038,0.9708523707869983,0.9715414125089782,0.970507849926008,0.969474287343038,NaN,0.9708523707869983,NaN,0.9708523707869983,0.9985805427422059
Cntnap_neg,OFT-0697-00,medium,4.799910479035348,458,1.0017254120189043,0.9184296149266169,0.9168476749287903,0.9160567049298769,0.9172431599282469,0.9184296149266169,NaN,0.9168476749287903,NaN,0.9168476749287903,1.0017254120189043
Cntnap_neg,OFT-0697-00,fast,5.934521014522925,459,0.9895475621819697,0.8365292860926109,0.8453654155319722,0.8497834802516528,0.8431563831721318,0.8365292860926109,NaN,0.8453654155319722,NaN,0.8453654155319722,0.9895475621819697
Cntnap_neg,OFT-0697-00,slow,3.939688738561533,460,1.0022081329283943,0.8728032372435945,0.870880217957635,0.8699187083146551,0.8713609727791249,0.8728032372435945,NaN,0.870880217957635,NaN,0.870880217957635,1.0022081329283943
Cntnap_neg,OFT-0698-00,fast,6.466642254633631,461,1.0032842862584928,0.901777406375504,0.8988254064443347,0.8973494064787503,0.8995634064271271,0.901777406375504,NaN,0.8988254064443347,NaN,0.8988254064443347,1.0032842862584928
Cntnap_neg,OFT-0698-00,medium,4.725176006342734,462,1.0124718927960947,0.8088588642200607,0.7988951298058006,0.7939132625986705,0.8013860634093655,0.8088588642200607,NaN,0.7988951298058006,NaN,0.7988951298058006,1.0124718927960947
Cntnap_neg,OFT-0698-00,slow,3.723858757143892,463,1.0046640500664998,0.9034125344522826,0.8992185341881047,0.8971215340560159,0.9002670342541492,0.9034125344522826,NaN,0.8992185341881047,NaN,0.8992185341881047,1.0046640500664998
Cntnap_neg,OFT-0699-00,fast,6.5095707403440795,464,1.0063244002835712,0.8651084602548677,0.85967155323978,0.8569530997322361,0.8610307799935519,0.8651084602548677,NaN,0.85967155323978,NaN,0.85967155323978,1.0063244002835712
Cntnap_neg,OFT-0699-00,medium,4.835017022776691,465,1.0059830488565873,0.8582297203854437,0.8531254292613758,0.8505732836993419,0.8544015020423927,0.8582297203854437,NaN,0.8531254292613758,NaN,0.8531254292613758,1.0059830488565873
Cntnap_neg,OFT-0699-00,slow,3.8697308821507734,466,1.009106881706812,0.8429696775453583,0.8353621334140069,0.8315583613483312,0.8372640194468448,0.8429696775453583,NaN,0.8353621334140069,NaN,0.8353621334140069,1.009106881706812
Cntnap_neg,OFT-0700-00,fast,5.709053488745097,467,1.0042188906400158,0.9074037261716728,0.9035915721455506,0.9016854951324897,0.9045446106520814,0.9074037261716728,NaN,0.9035915721455506,NaN,0.9035915721455506,1.0042188906400158
Cntnap_neg,OFT-0700-00,slow,3.4176214680793913,468,1.010252041026473,0.953828339354692,0.9441488862378824,0.9393091596794778,0.9465687495170849,0.953828339354692,NaN,0.9441488862378824,NaN,0.9441488862378824,1.010252041026473
Cntnap_neg,OFT-0700-00,medium,4.34071944976649,469,1.001658041036847,0.9223259810026416,0.9207992580461029,0.9200358965678337,0.9211809387852375,0.9223259810026416,NaN,0.9207992580461029,NaN,0.9207992580461029,1.001658041036847
Cntnap_neg,OFT-0701-00,fast,6.14137342997173,470,0.9981111624505035,0.9374797837457296,0.9392538817460819,0.9401409307462582,0.9388103572459938,0.9374797837457296,NaN,0.9392538817460819,NaN,0.9392538817460819,0.9981111624505035
Cntnap_neg,OFT-0701-00,medium,4.923673505728133,471,0.9994059038217741,0.938521826471122,0.9390797301498535,0.9393586819892192,0.9389402542301706,0.938521826471122,NaN,0.9390797301498535,NaN,0.9390797301498535,0.9994059038217741
Cntnap_neg,OFT-0701-00,slow,3.7903510062423478,472,1.0033012182706482,0.8706389730570838,0.8677742608124914,0.8663419046901952,0.8684904388736396,0.8706389730570838,NaN,0.8677742608124914,NaN,0.8677742608124914,1.0033012182706482
Cntnap_neg,OFT-0703-00,fast,6.290487836537375,473,1.0022009699509928,0.9066297940775182,0.9046387114570962,0.9036431701468853,0.9051364821122019,0.9066297940775182,NaN,0.9046387114570962,NaN,0.9046387114570962,1.0022009699509928
Cntnap_neg,OFT-0703-00,slow,3.7787148571297444,474,0.9969790722468708,0.9471525272713432,0.9500224765368098,0.9514574511695433,0.9493049892204433,0.9471525272713432,NaN,0.9500224765368098,NaN,0.9500224765368098,0.9969790722468708
Cntnap_neg,OFT-0703-00,medium,4.9710216522207,475,1.0203635362852272,0.7751852287834433,0.759714749907284,0.7519795104692043,0.7635823696263239,0.7751852287834433,NaN,0.759714749907284,NaN,0.759714749907284,1.0203635362852272
Cntnap_neg,OFT-0704-00,fast,5.985151665519205,476,1.004822965865978,0.8717232973554616,0.86753918547651,0.8654471295370341,0.868585213446248,0.8717232973554616,NaN,0.86753918547651,NaN,0.86753918547651,1.004822965865978
Cntnap_neg,OFT-0704-00,slow,3.497784546360057,477,0.9940427986789511,0.9037221325628013,0.9091380509610021,0.9118460101601028,0.9077840713614521,0.9037221325628013,NaN,0.9091380509610021,NaN,0.9091380509610021,0.9940427986789511
Cntnap_neg,OFT-0704-00,medium,4.426405158974876,478,1.0054999264373734,0.9298369295196964,0.9247508677740419,0.9222078369012148,0.9260223832104557,0.9298369295196964,NaN,0.9247508677740419,NaN,0.9247508677740419,1.0054999264373734
Cntnap_neg,OFT-0705-00,fast,6.2625899666997,479,1.008818229328679,0.8561312076435653,0.8486476381511071,0.8449058534048781,0.8505185305242218,0.8561312076435653,NaN,0.8486476381511071,NaN,0.8486476381511071,1.008818229328679
Cntnap_neg,OFT-0705-00,medium,4.988987126660486,480,1.0080089052457593,0.8588518036828711,0.8520279922263954,0.8486160864981576,0.8537339450905144,0.8588518036828711,NaN,0.8520279922263954,NaN,0.8520279922263954,1.0080089052457593
Cntnap_neg,OFT-0705-00,slow,3.772864253463778,481,1.0101021734027285,0.8306738067624764,0.8223661216015284,0.8182122790210546,0.8244430428917655,0.8306738067624764,NaN,0.8223661216015284,NaN,0.8223661216015284,1.0101021734027285
Cntnap_neg,OFT-0706-00,fast,5.2386736065899315,482,1.0067462169811583,0.8559568490357539,0.8502210731940337,0.8473531852731735,0.8516550171544637,0.8559568490357539,NaN,0.8502210731940337,NaN,0.8502210731940337,1.0067462169811583
Cntnap_neg,OFT-0706-00,medium,4.196911951366041,483,1.0032519414115821,0.9041045523487357,0.9011739873402633,0.899708704836027,0.9019066285923814,0.9041045523487357,NaN,0.9011739873402633,NaN,0.9011739873402633,1.0032519414115821
Cntnap_neg,OFT-0706-00,slow,3.4230106695907407,484,1.0224300168625868,0.9840012094158502,0.9624142417447225,0.9516207579091583,0.9678109836625044,0.9840012094158502,NaN,0.9624142417447225,NaN,0.9624142417447225,1.0224300168625868
Cntnap_neg,OFT-0707-00,fast,6.920799911847315,485,1.0021405487280817,0.9215224010963993,0.919554050842466,0.9185698757154993,0.9200461384059494,0.9215224010963993,NaN,0.919554050842466,NaN,0.919554050842466,1.0021405487280817
Cntnap_neg,OFT-0707-00,slow,3.970608920045778,486,1.0064238704227897,0.8921477315533223,0.8864532706070842,0.883606040133965,0.8878768858436437,0.8921477315533223,NaN,0.8864532706070842,NaN,0.8864532706070842,1.0064238704227897
Cntnap_neg,OFT-0707-00,medium,5.205850334051888,487,1.010487602877205,0.8339622734247942,0.8253067836262588,0.8209790387269911,0.8274706560758927,0.8339622734247942,NaN,0.8253067836262588,NaN,0.8253067836262588,1.010487602877205
Cntnap_neg,OFT-0709-00,fast,6.512921312325967,488,1.015432331363341,0.8130098361732365,0.8006538801868482,0.7944759021936543,0.8037428691834454,0.8130098361732365,NaN,0.8006538801868482,NaN,0.8006538801868482,1.015432331363341
Cntnap_neg,OFT-0709-00,slow,3.8616660086883647,489,0.9966880369575246,0.8304334665857973,0.8331929709127105,0.834572723076167,0.8325030948309822,0.8304334665857973,NaN,0.8331929709127105,NaN,0.8331929709127105,0.9966880369575246
Cntnap_neg,OFT-0709-00,medium,5.076957059413625,490,1.007390197237754,0.8601022121648723,0.8537925170636536,0.8506376695130442,0.8553699408389582,0.8601022121648723,NaN,0.8537925170636536,NaN,0.8537925170636536,1.007390197237754
Cntnap_neg,OFT-0710-00,fast,6.207960435708974,491,1.0077331169482728,0.860207687510907,0.8536066474781355,0.8503061274617497,0.8552569074863284,0.860207687510907,NaN,0.8536066474781355,NaN,0.8536066474781355,1.0077331169482728
Cntnap_neg,OFT-0710-00,medium,4.597861766151092,492,1.002892102909767,0.9058819682073761,0.90326961951248,0.9019634451650321,0.9039227066862041,0.9058819682073761,NaN,0.90326961951248,NaN,0.90326961951248,1.002892102909767
Cntnap_neg,OFT-0710-00,slow,3.5494395346747094,493,0.9821797426095927,0.758239794740697,0.7719969796221813,0.7788755720629233,0.7685576834018102,0.758239794740697,NaN,0.7719969796221813,NaN,0.7719969796221813,0.9821797426095927
Cntnap_neg,OFT-0711-00,fast,6.649146591010267,494,1.0079831522362204,0.8669239639047746,0.8600579900383208,0.8566250031050942,0.8617744835049342,0.8669239639047746,NaN,0.8600579900383208,NaN,0.8600579900383208,1.0079831522362204
Cntnap_neg,OFT-0711-00,slow,3.963782245266238,495,1.0024697546372034,0.9255173727526258,0.9232372033883188,0.922097118706165,0.9238072457293954,0.9255173727526258,NaN,0.9232372033883188,NaN,0.9232372033883188,1.0024697546372034
Cntnap_neg,OFT-0711-00,medium,5.194383627971699,496,1.008791157775803,0.838286860919401,0.8309815708215242,0.8273289257725858,0.8328078933459933,0.838286860919401,NaN,0.8309815708215242,NaN,0.8309815708215242,1.008791157775803
TSC_het,OFT-0361-00,slow,3.4821636708915373,497,0.9996287101683785,0.915451682605948,0.9157917067545492,0.9159617188288498,0.9157067007173989,0.915451682605948,NaN,0.9157917067545492,NaN,0.9157917067545492,0.9996287101683785
TSC_het,OFT-0361-00,fast,5.1402843706730845,498,1.0011642540617047,0.9658452008365214,0.9647220193071271,0.9641604285424301,0.9650028146894758,0.9658452008365214,NaN,0.9647220193071271,NaN,0.9647220193071271,1.0011642540617047
TSC_het,OFT-0361-00,medium,4.226590370189939,499,0.9957777091549691,0.8697439907681478,0.8734318741742318,0.8752758158772738,0.8725099033227108,0.8697439907681478,NaN,0.8734318741742318,NaN,0.8734318741742318,0.9957777091549691
TSC_het,OFT-0373-00,fast,4.849084263507478,500,1.0033747696491166,0.9484956643210456,0.9453054760911893,0.9437103819762611,0.9461030231486534,0.9484956643210456,NaN,0.9453054760911893,NaN,0.9453054760911893,1.0033747696491166
TSC_het,OFT-0373-00,medium,3.986066698810911,501,1.0072286874273706,0.9598706993260459,0.952981891111258,0.949537487003864,0.9547040931649549,0.9598706993260459,NaN,0.952981891111258,NaN,0.952981891111258,1.0072286874273706
TSC_het,OFT-0373-00,slow,3.2719023332758463,502,0.9989239930029947,0.927066488112989,0.9280650926463528,0.9285643949130349,0.927815441513012,0.927066488112989,NaN,0.9280650926463528,NaN,0.9280650926463528,0.9989239930029947
TSC_het,OFT-0378-00,fast,4.912408997347281,503,1.0088318229015187,0.9877515122687771,0.9791042370450685,0.9747805994332146,0.9812660558509958,0.9877515122687771,NaN,0.9791042370450685,NaN,0.9791042370450685,1.0088318229015187
TSC_het,OFT-0378-00,slow,3.3042690490167717,504,1.0180144333646288,0.8900814440890007,0.8743308689123414,0.866455581324012,0.8782685127065062,0.8900814440890007,NaN,0.8743308689123414,NaN,0.8743308689123414,1.0180144333646288
TSC_het,OFT-0378-00,medium,4.0698486474390805,505,1.0103255366433896,0.9702892376401789,0.9603728723553564,0.9554146897129454,0.962851963676562,0.9702892376401789,NaN,0.9603728723553564,NaN,0.9603728723553564,1.0103255366433896
TSC_het,OFT-0387-00,fast,5.946810428142138,506,1.0152103767864449,0.9307249426197937,0.916780367795213,0.9098080803829229,0.9202665115013584,0.9307249426197937,NaN,0.916780367795213,NaN,0.916780367795213,1.0152103767864449
TSC_het,OFT-0387-00,medium,4.668475731754788,507,1.00113610706615,0.8903795967260478,0.8893691781183715,0.8888639688145331,0.8896217827702906,0.8903795967260478,NaN,0.8893691781183715,NaN,0.8893691781183715,1.00113610706615
TSC_het,OFT-0387-00,slow,3.595935112388907,508,1.00375660221785,0.9356015530292636,0.932100024011803,0.9303492595030727,0.9329754062661682,0.9356015530292636,NaN,0.932100024011803,NaN,0.932100024011803,1.00375660221785
TSC_het,OFT-0392-00,fast,4.519737045599477,509,0.993510200933965,0.9016949334215936,0.9075849775613184,0.9105299996311808,0.9061124665263872,0.9016949334215936,NaN,0.9075849775613184,NaN,0.9075849775613184,0.993510200933965
TSC_het,OFT-0392-00,slow,3.1601232945953486,510,1.0035777829851247,0.9314983672797408,0.9281775494361932,0.9265171405144196,0.9290077538970802,0.9314983672797408,NaN,0.9281775494361932,NaN,0.9281775494361932,1.0035777829851247
TSC_het,OFT-0392-00,medium,3.6712031086577146,511,0.9975294061471338,0.8899307922367892,0.8921348952248591,0.8932369467188939,0.8915838694778416,0.8899307922367892,NaN,0.8921348952248591,NaN,0.8921348952248591,0.9975294061471338
TSC_het,OFT-0393-00,slow,4.2297152880799365,512,1.0246959269745193,0.8818898529764794,0.8606356576241266,0.8500085599479504,0.8659492064622148,0.8818898529764794,NaN,0.8606356576241266,NaN,0.8606356576241266,1.0246959269745193
TSC_het,OFT-0393-00,fast,6.212119277947567,513,1.0033979871188845,0.8920911985379852,0.8890701496217858,0.8875596251636858,0.8898254118508355,0.8920911985379852,NaN,0.8890701496217858,NaN,0.8890701496217858,1.0033979871188845
TSC_het,OFT-0393-00,medium,5.291100453168175,514,1.0001268561808665,0.9180588014987839,0.9179423548373937,0.9178841315066986,0.9179714665027412,0.9180588014987839,NaN,0.9179423548373937,NaN,0.9179423548373937,1.0001268561808665
TSC_het,OFT-0396-00,fast,4.162616181963434,515,1.0014099149080837,0.9634688792969883,0.9621123827053601,0.9614341344095462,0.9624515068532671,0.9634688792969883,NaN,0.9621123827053601,NaN,0.9621123827053601,1.0014099149080837
TSC_het,OFT-0396-00,medium,3.5709252662765274,516,1.01556956888085,0.8030835279736208,0.7907715557670884,0.7846155696638222,0.7938495488187216,0.8030835279736208,NaN,0.7907715557670884,NaN,0.7907715557670884,1.01556956888085
TSC_het,OFT-0396-00,slow,2.932368673150291,517,1.0012719701838577,0.9237039640243954,0.9225305326931114,0.9219438170274694,0.9228238905259323,0.9237039640243954,NaN,0.9225305326931114,NaN,0.9225305326931114,1.0012719701838577
TSC_het,OFT-0397-00,medium,4.161742227927841,518,1.0036982896498352,0.984925576871865,0.9812964583365789,0.9794818990689358,0.9822037379704003,0.984925576871865,NaN,0.9812964583365789,NaN,0.9812964583365789,1.0036982896498352
TSC_het,OFT-0397-00,fast,4.85114176477713,519,0.9994305607295529,0.914061195118434,0.9145819940218738,0.9148423934735939,0.914451794296014,0.914061195118434,NaN,0.9145819940218738,NaN,0.9145819940218738,0.9994305607295529
TSC_het,OFT-0397-00,slow,3.204534230182664,520,0.9747349192815937,0.7964936432683896,0.8171387189610763,0.8274612568074197,0.8119774500379046,0.7964936432683896,NaN,0.8171387189610763,NaN,0.8171387189610763,0.9747349192815937
TSC_het,OFT-0408-00,fast,4.226651703428658,521,1.0054259534623438,0.9720661404282178,0.9668202189139379,0.9641972581567977,0.9681316992925079,0.9720661404282178,NaN,0.9668202189139379,NaN,0.9668202189139379,1.0054259534623438
TSC_het,OFT-0408-00,medium,3.450658068917827,522,1.000045381187501,0.912266225691974,0.9122248278460185,0.9122041289230409,0.9122351773075075,0.912266225691974,NaN,0.9122248278460185,NaN,0.9122248278460185,1.000045381187501
TSC_het,OFT-0408-00,slow,2.853215132913324,523,0.9552892554442045,0.7528592094821268,0.7880955482243451,0.8057137175954545,0.7792864635387906,0.7528592094821268,NaN,0.7880955482243451,NaN,0.7880955482243451,0.9552892554442045
TSC_het,OFT-0409-00,fast,5.338504068507536,524,0.9999151037139475,0.9681283679808887,0.9682105654620132,0.9682516642025757,0.9681900160917322,0.9681283679808887,NaN,0.9682105654620132,NaN,0.9682105654620132,0.9999151037139475
TSC_het,OFT-0409-00,slow,3.6212558010008515,525,0.9922631200461288,0.9229475019276137,0.9301439137279507,0.9337421196281191,0.9283448107778663,0.9229475019276137,NaN,0.9301439137279507,NaN,0.9301439137279507,0.9922631200461288
TSC_het,OFT-0409-00,medium,4.341589441544445,526,1.0017189102695991,0.9467548997072579,0.945130305518992,0.944318008424859,0.9455364540660585,0.9467548997072579,NaN,0.945130305518992,NaN,0.945130305518992,1.0017189102695991
TSC_het,OFT-0413-00,fast,5.362708928522584,527,0.9996464410776271,0.8368817610778683,0.8371777527419623,0.8373257485740092,0.8371037548259388,0.8368817610778683,NaN,0.8371777527419623,NaN,0.8371777527419623,0.9996464410776271
TSC_het,OFT-0413-00,medium,4.224368311458086,528,1.0059027450845945,0.9789406771525259,0.9731961483713804,0.9703238839808077,0.9746322805666667,0.9789406771525259,NaN,0.9731961483713804,NaN,0.9731961483713804,1.0059027450845945
TSC_het,OFT-0413-00,slow,3.4503185918580352,529,1.0191554901678517,0.9755053978706618,0.9571703310061149,0.9480027975738416,0.9617540977222516,0.9755053978706618,NaN,0.9571703310061149,NaN,0.9571703310061149,1.0191554901678517
TSC_het,OFT-0459-00,slow,3.368484065325696,530,0.9948257275652499,0.8209173268606781,0.8251870695682574,0.8273219409220471,0.8241196338913626,0.8209173268606781,NaN,0.8251870695682574,NaN,0.8251870695682574,0.9948257275652499
TSC_het,OFT-0459-00,medium,4.027724284067269,531,1.000625830710782,0.977452401909648,0.9768410647717607,0.9765353962028175,0.9769938990562327,0.977452401909648,NaN,0.9768410647717607,NaN,0.9768410647717607,1.000625830710782
TSC_het,OFT-0459-00,fast,4.821358114606124,532,1.0003037159786827,0.8579327512218546,0.8576722624512753,0.8575420180659854,0.85773738464392,0.8579327512218546,NaN,0.8576722624512753,NaN,0.8576722624512753,1.0003037159786827
TSC_het,OFT-0462-00,slow,3.4812164776170897,533,0.9904442132476357,0.8542095270994479,0.862450924215632,0.8665716227737241,0.8603905749365859,0.8542095270994479,NaN,0.862450924215632,NaN,0.862450924215632,0.9904442132476357
TSC_het,OFT-0462-00,fast,5.268414213392452,534,1.0101880697231715,0.9415785065086276,0.9320823861705816,0.9273343260015585,0.9344564162550931,0.9415785065086276,NaN,0.9320823861705816,NaN,0.9320823861705816,1.0101880697231715
TSC_het,OFT-0462-00,medium,4.250509138791498,535,1.0032338574485022,0.9741793450157742,0.9710391428508786,0.9694690417684309,0.9718241933921026,0.9741793450157742,NaN,0.9710391428508786,NaN,0.9710391428508786,1.0032338574485022
TSC_het,OFT-0467-00,fast,4.839922854514422,536,0.9983232217624982,0.9656145192684507,0.9672363601476667,0.9680472805872746,0.9668308999278626,0.9656145192684507,NaN,0.9672363601476667,NaN,0.9672363601476667,0.9983232217624982
TSC_het,OFT-0467-00,medium,3.9113652138798436,537,1.0034408799349825,0.9987392684809151,0.9953145107518719,0.9936021318873506,0.9961707001841328,0.9987392684809151,NaN,0.9953145107518719,NaN,0.9953145107518719,1.0034408799349825
TSC_het,OFT-0467-00,slow,3.181547475518523,538,1.0141676105487254,0.9766969206223792,0.9630527641224192,0.9562306858724392,0.9664638032474092,0.9766969206223792,NaN,0.9630527641224192,NaN,0.9630527641224192,1.0141676105487254
TSC_het,OFT-0470-00,medium,4.109814217684319,539,1.0007443196096244,0.8610939572594036,0.8604535048425793,0.8601332786341672,0.8606136179467854,0.8610939572594036,NaN,0.8604535048425793,NaN,0.8604535048425793,1.0007443196096244
TSC_het,OFT-0470-00,fast,5.0626603458827075,540,1.0033700674179458,0.9205472731707942,0.9174553866647764,0.9159094434117676,0.9182283582912809,0.9205472731707942,NaN,0.9174553866647764,NaN,0.9174553866647764,1.0033700674179458
TSC_het,OFT-0470-00,slow,3.359144726203922,541,0.9996809793309829,0.9534310517912418,0.9537353130688823,0.9538874437077026,0.9536592477494722,0.9534310517912418,NaN,0.9537353130688823,NaN,0.9537353130688823,0.9996809793309829
TSC_het,OFT-0475-00,slow,3.125137574510164,542,1.0039894460716148,0.9372408530138299,0.9335166387266747,0.9316545315830973,0.9344476922984637,0.9372408530138299,NaN,0.9335166387266747,NaN,0.9335166387266747,1.0039894460716148
TSC_het,OFT-0475-00,fast,4.432895543781916,543,1.0169565857167748,0.8210054365157351,0.8073161116677082,0.8004714492436951,0.810738442879715,0.8210054365157351,NaN,0.8073161116677082,NaN,0.8073161116677082,1.0169565857167748
TSC_het,OFT-0475-00,medium,3.6671362662511644,544,1.0009625987057769,0.8285726221977812,0.8277758062779846,0.8273773983180861,0.8279750102579336,0.8285726221977812,NaN,0.8277758062779846,NaN,0.8277758062779846,1.0009625987057769
TSC_het,OFT-0480-00,fast,5.001632175828698,545,1.005690474758522,0.8758199645452371,0.8708643330399761,0.8683865172873457,0.8721032409162914,0.8758199645452371,NaN,0.8708643330399761,NaN,0.8708643330399761,1.005690474758522
TSC_het,OFT-0480-00,slow,3.2739969784946243,546,0.9993588321996317,0.9205036356338936,0.9210942115834665,0.921389499558253,0.9209465675960731,0.9205036356338936,NaN,0.9210942115834665,NaN,0.9210942115834665,0.9993588321996317
TSC_het,OFT-0480-00,medium,4.012748816293846,547,1.0034593509088356,0.9415240568084502,0.9382782231843368,0.9366553063722804,0.9390896815903653,0.9415240568084502,NaN,0.9382782231843368,NaN,0.9382782231843368,1.0034593509088356
TSC_het,OFT-0485-00,fast,4.65446654228277,548,1.0023082272963977,0.9702858769845704,0.9680513943318578,0.9669341530055016,0.9686100149950361,0.9702858769845704,NaN,0.9680513943318578,NaN,0.9680513943318578,1.0023082272963977
TSC_het,OFT-0485-00,medium,3.9083944091654397,549,1.0024054977212025,0.8626754973985509,0.8606053132786045,0.8595702212186316,0.8611228593085911,0.8626754973985509,NaN,0.8606053132786045,NaN,0.8606053132786045,1.0024054977212025
TSC_het,OFT-0485-00,slow,3.1819689945696226,550,1.0049989358037381,0.872857860464801,0.8685162037179088,0.8663453753444628,0.869601617904632,0.872857860464801,NaN,0.8685162037179088,NaN,0.8685162037179088,1.0049989358037381
TSC_het,OFT-0489-00,medium,4.062205623763209,551,0.9932864189043401,0.8010527924139424,0.8064670745197101,0.8091742155725943,0.8051135039932684,0.8010527924139424,NaN,0.8064670745197101,NaN,0.8064670745197101,0.9932864189043401
TSC_het,OFT-0489-00,fast,4.843702712053185,552,1.0038927033394955,0.9592169413793133,0.955497473174607,0.9536377390722535,0.9564273402257835,0.9592169413793133,NaN,0.955497473174607,NaN,0.955497473174607,1.0038927033394955
TSC_het,OFT-0489-00,slow,3.3804181943160163,553,0.9926537639910292,0.6950812913032124,0.7002253117024336,0.702797321902044,0.6989393066026284,0.6950812913032124,NaN,0.7002253117024336,NaN,0.7002253117024336,0.9926537639910292
TSC_het,OFT-0513-00,slow,3.1224389590430746,554,1.0020915865855302,0.8957206699514676,0.8938511029750237,0.8929163194868016,0.8943184947191345,0.8957206699514676,NaN,0.8938511029750237,NaN,0.8938511029750237,1.0020915865855302
TSC_het,OFT-0513-00,medium,3.7392358324037853,555,0.9989378146554942,0.9358007404530427,0.9367957912132642,0.9372933165933747,0.9365470285232087,0.9358007404530427,NaN,0.9367957912132642,NaN,0.9367957912132642,0.9989378146554942
TSC_het,OFT-0513-00,fast,4.514823271182444,556,1.0042386383013788,0.8759556571464517,0.8722584689910842,0.8704098749134003,0.8731827660299261,0.8759556571464517,NaN,0.8722584689910842,NaN,0.8722584689910842,1.0042386383013788
TSC_het,OFT-0514-00,slow,3.498468587057617,557,1.0049723160302309,0.9496096584837936,0.9449112610732137,0.9425620623679236,0.9460858604258586,0.9496096584837936,NaN,0.9449112610732137,NaN,0.9449112610732137,1.0049723160302309
TSC_het,OFT-0514-00,medium,4.291673665250666,558,1.0025861810073964,0.9333967809663765,0.9309890747032853,0.9297852215717398,0.931591001269058,0.9333967809663765,NaN,0.9309890747032853,NaN,0.9309890747032853,1.0025861810073964
TSC_het,OFT-0514-00,fast,5.27473098575348,559,1.0005342084620783,0.9650661867256655,0.964550915464519,0.9642932798339461,0.9646797332798058,0.9650661867256655,NaN,0.964550915464519,NaN,0.964550915464519,1.0005342084620783
TSC_het,OFT-0525-00,slow,3.630654048183476,560,1.0007159617484365,0.9465149719716509,0.9458377882950059,0.9454991964566835,0.9460070842141672,0.9465149719716509,NaN,0.9458377882950059,NaN,0.9458377882950059,1.0007159617484365
TSC_het,OFT-0525-00,medium,4.651129585882344,561,1.000410981651125,0.9236946449253582,0.923315179328449,0.9231254465299943,0.9234100457276763,0.9236946449253582,NaN,0.923315179328449,NaN,0.923315179328449,1.000410981651125
TSC_het,OFT-0525-00,fast,5.8203955274982615,562,1.0054327206616895,0.8559606576258513,0.8513355891804789,0.8490230549577926,0.852491856291822,0.8559606576258513,NaN,0.8513355891804789,NaN,0.8513355891804789,1.0054327206616895
TSC_het,OFT-0526-00,medium,3.85182729796595,563,0.999198981522436,0.9682982446006667,0.9690744911742332,0.9694626144610166,0.9688804295308416,0.9682982446006667,NaN,0.9690744911742332,NaN,0.9690744911742332,0.999198981522436
TSC_het,OFT-0526-00,slow,3.192509038399272,564,0.9989756899523402,0.8295266317162464,0.8303771954208635,0.8308024772731719,0.8301645544947092,0.8295266317162464,NaN,0.8303771954208635,NaN,0.8303771954208635,0.9989756899523402
TSC_het,OFT-0526-00,fast,4.584737628888199,565,1.002048001795027,0.9245001475482073,0.9226106393028042,0.921665885180103,0.9230830163641551,0.9245001475482073,NaN,0.9226106393028042,NaN,0.9226106393028042,1.002048001795027
TSC_het,OFT-0531-00,medium,4.260342152867774,566,1.001536261461423,0.9408801730892391,0.939436952303978,0.9387153419113472,0.9397977575002932,0.9408801730892391,NaN,0.939436952303978,NaN,0.939436952303978,1.001536261461423
TSC_het,OFT-0531-00,fast,5.316796147796466,567,1.0028863420710006,0.8343043051164627,0.8319031480612158,0.8307025695335922,0.8325034373250275,0.8343043051164627,NaN,0.8319031480612158,NaN,0.8319031480612158,1.0028863420710006
TSC_het,OFT-0531-00,slow,3.52939913468664,568,1.0170564205431698,0.940690876901477,0.9249151353855973,0.9170272646276576,0.9288590707645674,0.940690876901477,NaN,0.9249151353855973,NaN,0.9249151353855973,1.0170564205431698
TSC_het,OFT-0532-00,medium,3.658833676627867,569,0.9989563191056061,0.9698050661568288,0.9708182906587175,0.9713249029096618,0.9705649845332454,0.9698050661568288,NaN,0.9708182906587175,NaN,0.9708182906587175,0.9989563191056061
TSC_het,OFT-0532-00,slow,3.014520914149488,570,1.0056129585667666,0.8936330520301932,0.8886451237699134,0.8861511596397738,0.8898921058349833,0.8936330520301932,NaN,0.8886451237699134,NaN,0.8886451237699134,1.0056129585667666
TSC_het,OFT-0532-00,fast,4.384854170266598,571,0.9944007518852689,0.8627638604921466,0.8676218907281054,0.8700509058460848,0.8664073831691157,0.8627638604921466,NaN,0.8676218907281054,NaN,0.8676218907281054,0.9944007518852689
TSC_het,OFT-0536-00,medium,4.193931589131561,572,0.9985919298944435,0.9584404255051024,0.9597918797585464,0.960467606885268,0.9594540161951852,0.9584404255051024,NaN,0.9597918797585464,NaN,0.9597918797585464,0.9985919298944435
TSC_het,OFT-0536-00,fast,5.29912247372033,573,1.0014717159252344,0.9187780090856527,0.9174278159586532,0.9167527193951535,0.9177653642404029,0.9187780090856527,NaN,0.9174278159586532,NaN,0.9174278159586532,1.0014717159252344
TSC_het,OFT-0536-00,slow,3.3757998022574505,574,1.003523866569009,0.8971494804282314,0.8939991467223739,0.8924239798694451,0.8947867301488384,0.8971494804282314,NaN,0.8939991467223739,NaN,0.8939991467223739,1.003523866569009
TSC_het,OFT-0537-00,medium,4.059215543191396,575,1.0114268689234098,0.8450407885223266,0.8354937113958728,0.8307201728326461,0.8378804806774862,0.8450407885223266,NaN,0.8354937113958728,NaN,0.8354937113958728,1.0114268689234098
TSC_het,OFT-0537-00,fast,4.8172871495195695,576,1.0016012155917573,0.915253344315913,0.9137901692493164,0.9130585817160183,0.9141559630159656,0.915253344315913,NaN,0.9137901692493164,NaN,0.9137901692493164,1.0016012155917573
TSC_het,OFT-0537-00,slow,3.3303345003489384,577,1.0105382956437112,0.9049739271353332,0.8955364987517531,0.8908177845599632,0.8978958558476481,0.9049739271353332,NaN,0.8955364987517531,NaN,0.8955364987517531,1.0105382956437112
TSC_het,OFT-0544-00,medium,4.219612566706211,578,0.999425832142976,0.9807745566677822,0.9813380094096612,0.9816197357806005,0.9811971462241913,0.9807745566677822,NaN,0.9813380094096612,NaN,0.9813380094096612,0.999425832142976
TSC_het,OFT-0544-00,fast,5.125386830174372,579,0.99976024981416,0.9606841420829291,0.9609145215180394,0.9610297112355948,0.9608569266592617,0.9606841420829291,NaN,0.9609145215180394,NaN,0.9609145215180394,0.99976024981416
TSC_het,OFT-0544-00,slow,3.4509090513908887,580,1.016854684138056,0.9621332501651831,0.9461855908946736,0.9382117612594189,0.9501725057123009,0.9621332501651831,NaN,0.9461855908946736,NaN,0.9461855908946736,1.016854684138056
TSC_het,OFT-0588-00,medium,4.123753813461816,581,1.0027763026394083,0.8916556683042478,0.8891870160446754,0.8879526899148892,0.8898041791095685,0.8916556683042478,NaN,0.8891870160446754,NaN,0.8891870160446754,1.0027763026394083
TSC_het,OFT-0588-00,fast,5.0590044647782575,582,1.0001696872038062,0.9116258957287704,0.9114712307242789,0.911393898222033,0.9115098969754016,0.9116258957287704,NaN,0.9114712307242789,NaN,0.9114712307242789,1.0001696872038062
TSC_het,OFT-0588-00,slow,3.3311553338682907,583,1.0044888760373538,0.839297824535459,0.8355471569246607,0.8336718231192615,0.8364848238273603,0.839297824535459,NaN,0.8355471569246607,NaN,0.8355471569246607,1.0044888760373538
TSC_het,OFT-0589-00,slow,3.427530118756996,584,0.9924944898224066,0.8044225832852808,0.8105058431399668,0.81354747306731,0.8089850281762954,0.8044225832852808,NaN,0.8105058431399668,NaN,0.8105058431399668,0.9924944898224066
TSC_het,OFT-0589-00,medium,4.105130445978104,585,1.0121615089851417,0.9139975829214494,0.9030155511820265,0.897524535312315,0.9057610591168821,0.9139975829214494,NaN,0.9030155511820265,NaN,0.9030155511820265,1.0121615089851417
TSC_het,OFT-0589-00,fast,4.96719980940144,586,0.9997960863443601,0.9553426248854888,0.9555374720245102,0.9556348955940208,0.9554887602397549,0.9553426248854888,NaN,0.9555374720245102,NaN,0.9555374720245102,0.9997960863443601
TSC_het,OFT-0591-00,slow,3.428129490605594,587,1.000684215129007,0.8665810495527166,0.8659885271009277,0.8656922658750335,0.8661366577138749,0.8665810495527166,NaN,0.8659885271009277,NaN,0.8659885271009277,1.000684215129007
TSC_het,OFT-0591-00,medium,4.140551640991795,588,1.0150199048301998,0.8760026627800843,0.8630398858302475,0.8565584973553291,0.8662805800677067,0.8760026627800843,NaN,0.8630398858302475,NaN,0.8630398858302475,1.0150199048301998
TSC_het,OFT-0591-00,fast,4.815766143304257,589,1.0047196623839016,0.8817538058689964,0.8776117745888006,0.8755407589487028,0.8786472824088496,0.8817538058689964,NaN,0.8776117745888006,NaN,0.8776117745888006,1.0047196623839016
TSC_het,OFT-0592-00,fast,4.785038119460661,590,1.0118632579072966,0.8860724384123404,0.8756839735883752,0.8704897411763928,0.8782810897943666,0.8860724384123404,NaN,0.8756839735883752,NaN,0.8756839735883752,1.0118632579072966
TSC_het,OFT-0592-00,medium,3.920130334248016,591,1.0046620774086046,0.8111755736028776,0.8074113593450245,0.8055292522160978,0.8083524129094877,0.8111755736028776,NaN,0.8074113593450245,NaN,0.8074113593450245,1.0046620774086046
TSC_het,OFT-0592-00,slow,3.3388295370082823,592,0.9971803278262205,0.9213133288841173,0.923918476102023,0.9252210497109762,0.9232671892975467,0.9213133288841173,NaN,0.923918476102023,NaN,0.923918476102023,0.9971803278262205
TSC_het,OFT-0594-00,medium,3.8432396057289115,593,1.005581971308034,0.940907212110239,0.935684249476283,0.933072768159305,0.936989990134772,0.940907212110239,NaN,0.935684249476283,NaN,0.935684249476283,1.005581971308034
TSC_het,OFT-0594-00,fast,4.64164977214483,594,1.0083436797984042,0.9400550252135209,0.9322764093701306,0.9283871014484353,0.9342210633309782,0.9400550252135209,NaN,0.9322764093701306,NaN,0.9322764093701306,1.0083436797984042
TSC_het,OFT-0594-00,slow,3.0845228028874048,595,0.9963167130092263,0.9820013445209768,0.9856317089723285,0.9874468911980047,0.9847241178594908,0.9820013445209768,NaN,0.9856317089723285,NaN,0.9856317089723285,0.9963167130092263
TSC_het,OFT-0595-00,medium,3.830825626862567,596,1.0153383616438145,0.9049711415221854,0.8913000588858412,0.8844645175676691,0.8947178295449272,0.9049711415221854,NaN,0.8913000588858412,NaN,0.8913000588858412,1.0153383616438145
TSC_het,OFT-0595-00,slow,3.019854121140969,597,0.9816767217497953,0.6408606820532382,0.6528225309355736,0.6588034553767413,0.6498320687149897,0.6408606820532382,NaN,0.6528225309355736,NaN,0.6528225309355736,0.9816767217497953
TSC_het,OFT-0595-00,fast,4.656119626687766,598,1.0006366223338925,0.9130698972709274,0.9124889864027524,0.912198530968665,0.9126342141197962,0.9130698972709274,NaN,0.9124889864027524,NaN,0.9124889864027524,1.0006366223338925
TSC_het,OFT-0601-00,medium,4.436923347529087,599,0.9979836623701617,0.952776776123613,0.9547017772423403,0.9556642778017037,0.9542205269626582,0.952776776123613,NaN,0.9547017772423403,NaN,0.9547017772423403,0.9979836623701617
TSC_het,OFT-0601-00,fast,5.696932761976598,600,1.0047569370372738,0.8756220273546513,0.8714764686637523,0.8694036893183027,0.8725128583364771,0.8756220273546513,NaN,0.8714764686637523,NaN,0.8714764686637523,1.0047569370372738
TSC_het,OFT-0601-00,slow,3.59920669816373,601,1.0066645846413071,0.9460833114335105,0.939819802810106,0.9366880484984038,0.9413856799659572,0.9460833114335105,NaN,0.939819802810106,NaN,0.939819802810106,1.0066645846413071
TSC_het,OFT-0602-00,fast,5.674176156019805,602,1.0519465945089257,0.6895250847643133,0.6554753714338515,0.6384505147686205,0.6639877997664669,0.6895250847643133,NaN,0.6554753714338515,NaN,0.6554753714338515,1.0519465945089257
TSC_het,OFT-0602-00,medium,4.5344245284349345,603,1.0001038595719571,0.9882498112420242,0.9881471826985985,0.9880958684268857,0.9881728398344549,0.9882498112420242,NaN,0.9881471826985985,NaN,0.9881471826985985,1.0001038595719571
TSC_het,OFT-0602-00,slow,3.5543513972301564,604,1.0068892496213917,0.860311834636698,0.8544254841932125,0.8514823089714696,0.8558970718040838,0.860311834636698,NaN,0.8544254841932125,NaN,0.8544254841932125,1.0068892496213917
TSC_het,OFT-0604-00,medium,4.358397587255025,605,1.0155007609704982,0.8161498897167088,0.8036920513350744,0.7974631321442569,0.8068065109304828,0.8161498897167088,NaN,0.8036920513350744,NaN,0.8036920513350744,1.0155007609704982
TSC_het,OFT-0604-00,slow,3.40624818491383,606,0.9980504701657653,0.9217441511958915,0.9235446290033807,0.9244448679071255,0.9230945095515085,0.9217441511958915,NaN,0.9235446290033807,NaN,0.9235446290033807,0.9980504701657653
TSC_het,OFT-0604-00,fast,5.355069288048293,607,1.0001795124985426,0.9556524191486958,0.9554808983853169,0.9553951380036274,0.9555237785761617,0.9556524191486958,NaN,0.9554808983853169,NaN,0.9554808983853169,1.0001795124985426
TSC_het,OFT-0610-00,fast,5.39524809651876,608,1.017370932768104,0.9346353824342173,0.9186771042211944,0.9106979651146827,0.92266667377445,0.9346353824342173,NaN,0.9186771042211944,NaN,0.9186771042211944,1.017370932768104
TSC_het,OFT-0610-00,slow,3.466153632878751,609,1.0136200815698047,0.7949484590460592,0.7842666828531196,0.7789257947566499,0.7869371269013545,0.7949484590460592,NaN,0.7842666828531196,NaN,0.7842666828531196,1.0136200815698047
TSC_het,OFT-0610-00,medium,4.188461096121927,610,0.9860483743253399,0.7813368758057615,0.7923920328354649,0.7979196113503163,0.7896282435780388,0.7813368758057615,NaN,0.7923920328354649,NaN,0.7923920328354649,0.9860483743253399
TSC_het,OFT-0614-00,fast,5.058837814101713,611,1.0086983254488484,0.948853464822835,0.9406712005798327,0.9365800684583316,0.9427167666405833,0.948853464822835,NaN,0.9406712005798327,NaN,0.9406712005798327,1.0086983254488484
TSC_het,OFT-0614-00,medium,4.241342069588986,612,0.9992725924894363,0.9692900725118029,0.9699956546361994,0.9703484456983976,0.9698192591051003,0.9692900725118029,NaN,0.9699956546361994,NaN,0.9699956546361994,0.9992725924894363
TSC_het,OFT-0614-00,slow,3.4031032340223875,613,0.989586949235128,0.8627912763684829,0.8718701040220386,0.8764095178488165,0.8696003971086496,0.8627912763684829,NaN,0.8718701040220386,NaN,0.8718701040220386,0.989586949235128
TSC_het,OFT-0617-00,slow,3.6457790477242478,614,1.0112939686275688,0.9078888589306189,0.8977497019612591,0.8926801234765794,0.9002844912035992,0.9078888589306189,NaN,0.8977497019612591,NaN,0.8977497019612591,1.0112939686275688
TSC_het,OFT-0617-00,medium,4.343591528414819,615,0.99650021880813,0.9540778947898955,0.9574286856966534,0.9591040811500324,0.9565909879699639,0.9540778947898955,NaN,0.9574286856966534,NaN,0.9574286856966534,0.99650021880813
TSC_het,OFT-0617-00,fast,5.271786494968188,616,1.0000205490361351,0.9831671582836131,0.9831469555612972,0.9831368542001392,0.9831520062418762,0.9831671582836131,NaN,0.9831469555612972,NaN,0.9831469555612972,1.0000205490361351
TSC_het,OFT-0620-00,slow,3.0956529230329797,617,1.0125654611421029,0.9043857512374408,0.8931627494160792,0.8875512485053987,0.8959684998714197,0.9043857512374408,NaN,0.8931627494160792,NaN,0.8931627494160792,1.0125654611421029
TSC_het,OFT-0620-00,fast,4.416496349896756,618,1.0063552157640259,0.9532256041980641,0.9472059062906276,0.944196057336909,0.9487108307674865,0.9532256041980641,NaN,0.9472059062906276,NaN,0.9472059062906276,1.0063552157640259
TSC_het,OFT-0620-00,medium,3.675003346572091,619,0.9992294261743683,0.9285811889505513,0.9292972811116066,0.9296553271921342,0.9291182580713427,0.9285811889505513,NaN,0.9292972811116066,NaN,0.9292972811116066,0.9992294261743683
TSC_het,OFT-0621-00,slow,3.0055065071553546,620,1.0027802829078274,0.8466062620293544,0.8442589832085599,0.8430853437981627,0.8448458029137587,0.8466062620293544,NaN,0.8442589832085599,NaN,0.8442589832085599,1.0027802829078274
TSC_het,OFT-0621-00,medium,3.6405090203768755,621,0.999365441171844,0.9324331876795449,0.9330252470869763,0.9333212767906919,0.9328772322351184,0.9324331876795449,NaN,0.9330252470869763,NaN,0.9330252470869763,0.999365441171844
TSC_het,OFT-0621-00,fast,4.570697603787826,622,0.998936177495188,0.9764879541795167,0.9775278703270516,0.9780478284008189,0.9772678912901678,0.9764879541795167,NaN,0.9775278703270516,NaN,0.9775278703270516,0.998936177495188
TSC_het,OFT-0624-00,slow,3.037649308817913,623,1.0049306361392074,0.8687061433594654,0.8644438850992779,0.8623127559691841,0.8655094496643247,0.8687061433594654,NaN,0.8644438850992779,NaN,0.8644438850992779,1.0049306361392074
TSC_het,OFT-0624-00,medium,3.6609440346416413,624,0.9977945448011042,0.8734692352435197,0.8753998904830985,0.8763652181028877,0.8749172266732038,0.8734692352435197,NaN,0.8753998904830985,NaN,0.8753998904830985,0.9977945448011042
TSC_het,OFT-0624-00,fast,4.524919381863926,625,1.0017731826182945,0.9591306972513934,0.9574329937087674,0.9565841419374542,0.9578574195944237,0.9591306972513934,NaN,0.9574329937087674,NaN,0.9574329937087674,1.0017731826182945
TSC_het,OFT-0628-00,medium,3.677807789882048,626,1.0087320674571039,0.9551489570675442,0.9468807306536448,0.9427466174466947,0.9489477872571195,0.9551489570675442,NaN,0.9468807306536448,NaN,0.9468807306536448,1.0087320674571039
TSC_het,OFT-0628-00,slow,2.9832809627201766,627,1.0042472737326795,0.9497410236541614,0.9457242737877453,0.9437158988545372,0.9467284612543494,0.9497410236541614,NaN,0.9457242737877453,NaN,0.9457242737877453,1.0042472737326795
TSC_het,OFT-0628-00,fast,4.484400491790623,628,1.0002593403408124,0.8840678154295103,0.8838386004256528,0.883723992923724,0.8838959041766172,0.8840678154295103,NaN,0.8838386004256528,NaN,0.8838386004256528,1.0002593403408124
TSC_het,OFT-0630-00,medium,4.06600676753841,629,0.9991400404098977,0.887553942526801,0.8883178599895581,0.888699818720937,0.888126880623869,0.887553942526801,NaN,0.8883178599895581,NaN,0.8883178599895581,0.9991400404098977
TSC_het,OFT-0630-00,slow,3.421198961574542,630,1.0091664825266609,0.9549798807877867,0.9463055871582194,0.9419684403434356,0.9484741605656113,0.9549798807877867,NaN,0.9463055871582194,NaN,0.9463055871582194,1.0091664825266609
TSC_het,OFT-0630-00,fast,4.982720675526689,631,0.9934143082026861,0.8810479796981244,0.8868887557016789,0.8898091437034563,0.8854285617007904,0.8810479796981244,NaN,0.8868887557016789,NaN,0.8868887557016789,0.9934143082026861
TSC_het,OFT-0632-00,medium,3.3783508763883887,632,1.0336699202856972,0.8878804300517944,0.8589593376252954,0.8444987914120461,0.8661896107319202,0.8878804300517944,NaN,0.8589593376252954,NaN,0.8589593376252954,1.0336699202856972
TSC_het,OFT-0632-00,fast,3.7918778561336475,633,0.9977574065956721,0.9859052732826106,0.9881212274299213,0.9892292045035767,0.9875672388930936,0.9859052732826106,NaN,0.9881212274299213,NaN,0.9881212274299213,0.9977574065956721
TSC_het,OFT-0632-00,slow,2.795203302219694,634,1.0019185888562614,0.856576723859855,0.8549364523096421,0.8541163165345357,0.8553465201971954,0.856576723859855,NaN,0.8549364523096421,NaN,0.8549364523096421,1.0019185888562614
TSC_het,OFT-0634-00,medium,4.080689101670285,635,1.0019506417869881,0.9702909051028528,0.968401899890328,0.9674573972840653,0.968874151193459,0.9702909051028528,NaN,0.968401899890328,NaN,0.968401899890328,1.0019506417869881
TSC_het,OFT-0634-00,slow,3.2604710331230553,636,0.9972492086263672,0.9023589248921704,0.9048479728904465,0.9060924968895843,0.9042257108908773,0.9023589248921704,NaN,0.9048479728904465,NaN,0.9048479728904465,0.9972492086263672
TSC_het,OFT-0634-00,fast,4.983682047723033,637,0.9965800557011065,0.8897710665792296,0.8928244765577458,0.8943511815470042,0.8920611240631168,0.8897710665792296,NaN,0.8928244765577458,NaN,0.8928244765577458,0.9965800557011065
TSC_het,OFT-0636-00,slow,3.5329130604094963,638,1.0155293319873118,0.8709257875618491,0.8576077126768119,0.8509486752342932,0.8609372313980712,0.8709257875618491,NaN,0.8576077126768119,NaN,0.8576077126768119,1.0155293319873118
TSC_het,OFT-0636-00,medium,4.496525641144581,639,1.0120972703777145,0.9636438153013727,0.9521256933552849,0.9463666323822408,0.9550052238418067,0.9636438153013727,NaN,0.9521256933552849,NaN,0.9521256933552849,1.0120972703777145
TSC_het,OFT-0636-00,fast,5.50800001197318,640,1.009297763842981,0.8605130046704947,0.8525858626635845,0.8486222916601295,0.8545676481653119,0.8605130046704947,NaN,0.8525858626635845,NaN,0.8525858626635845,1.009297763842981
TSC_het,OFT-0640-00,fast,4.5226783434927995,641,1.0115245192385,0.9899878980905525,0.9787087502691869,0.9730691763585042,0.9815285372245284,0.9899878980905525,NaN,0.9787087502691869,NaN,0.9787087502691869,1.0115245192385
TSC_het,OFT-0640-00,slow,3.1429992171618855,642,1.000495577506174,0.9625610434525977,0.9620842561362126,0.9618458624780197,0.9622034529653087,0.9625610434525977,NaN,0.9620842561362126,NaN,0.9620842561362126,1.000495577506174
TSC_het,OFT-0640-00,medium,3.7554419124632497,643,1.0125766138345333,0.8616975805580582,0.8509949457502181,0.845643628346298,0.853670604452178,0.8616975805580582,NaN,0.8509949457502181,NaN,0.8509949457502181,1.0125766138345333
TSC_het,OFT-0647-00,slow,3.955943677104849,644,1.0147024402238776,0.8366196198628777,0.8244974947318459,0.8184364321663302,0.8275280260146041,0.8366196198628777,NaN,0.8244974947318459,NaN,0.8244974947318459,1.0147024402238776
TSC_het,OFT-0647-00,medium,4.878556009363409,645,1.008976245086648,0.8170139137171673,0.8097454401882419,0.8061112034237792,0.8115625585704732,0.8170139137171673,NaN,0.8097454401882419,NaN,0.8097454401882419,1.008976245086648
TSC_het,OFT-0647-00,fast,5.750160005518767,646,1.0057084404395802,0.8528961738971632,0.8480551018587206,0.8456345658394994,0.8492653698683313,0.8528961738971632,NaN,0.8480551018587206,NaN,0.8480551018587206,1.0057084404395802
TSC_het,OFT-0650-00,slow,3.5546488141780035,647,1.0028960286689996,0.8512550809681522,0.8487969406937439,0.84756787055654,0.849411475762346,0.8512550809681522,NaN,0.8487969406937439,NaN,0.8487969406937439,1.0028960286689996
TSC_het,OFT-0650-00,fast,5.515815905061649,648,1.007412281027365,0.9296190092412223,0.9227791111432465,0.9193591620942587,0.9244890856677406,0.9296190092412223,NaN,0.9227791111432465,NaN,0.9227791111432465,1.007412281027365
TSC_het,OFT-0650-00,medium,4.462930535999531,649,1.0004230810469732,0.9550427645702858,0.9546388749555882,0.9544369301482394,0.9547398473592626,0.9550427645702858,NaN,0.9546388749555882,NaN,0.9546388749555882,1.0004230810469732
TSC_het,OFT-0657-00,slow,3.128075683833206,650,0.9795022315834592,0.7776549982238972,0.7939287662129604,0.8020656502074921,0.7898603242156945,0.7776549982238972,NaN,0.7939287662129604,NaN,0.7939287662129604,0.9795022315834592
TSC_het,OFT-0657-00,medium,3.7240574934087847,651,1.005432057677382,0.9725361199174254,0.9672817894468687,0.9646546242115905,0.968595372064508,0.9725361199174254,NaN,0.9672817894468687,NaN,0.9672817894468687,1.005432057677382
TSC_het,OFT-0657-00,fast,4.508388046168821,652,1.0056667528216348,0.9384928727345916,0.9332046327487996,0.9305605127559035,0.9345266927452475,0.9384928727345916,NaN,0.9332046327487996,NaN,0.9332046327487996,1.0056667528216348
TSC_het,OFT-0661-00,medium,3.692715702479957,653,1.0140766782366126,0.8936090440219029,0.8812046102626163,0.8750023933829729,0.8843057187024379,0.8936090440219029,NaN,0.8812046102626163,NaN,0.8812046102626163,1.0140766782366126
TSC_het,OFT-0661-00,fast,4.5025522704564755,654,1.0129588157897775,0.8468824009316225,0.8360482062356408,0.8306311088876499,0.8387567549096362,0.8468824009316225,NaN,0.8360482062356408,NaN,0.8360482062356408,1.0129588157897775
TSC_het,OFT-0661-00,slow,3.094872514522391,655,0.986381777278396,0.891980805161253,0.904295705484734,0.9104531556464746,0.9012169804038639,0.891980805161253,NaN,0.904295705484734,NaN,0.904295705484734,0.986381777278396
TSC_het,OFT-0668-00,fast,5.954621652526587,656,1.0106221938724624,0.8795795216491523,0.8703346581760827,0.8657122264395479,0.8726458740443501,0.8795795216491523,NaN,0.8703346581760827,NaN,0.8703346581760827,1.0106221938724624
TSC_het,OFT-0668-00,slow,3.658071017481242,657,1.0075147894711467,0.918445047178605,0.9115946056342307,0.9081693848620436,0.9133072160203244,0.918445047178605,NaN,0.9115946056342307,NaN,0.9115946056342307,1.0075147894711467
TSC_het,OFT-0668-00,medium,4.7367977313910306,658,1.0041101709187747,0.8870932179124963,0.8834620379363288,0.8816464479482452,0.8843698329303709,0.8870932179124963,NaN,0.8834620379363288,NaN,0.8834620379363288,1.0041101709187747
TSC_het,OFT-0670-00,medium,3.615879258204467,659,1.007638127294481,0.9308591492622903,0.9238030241686636,0.9202749616218502,0.9255670554420703,0.9308591492622903,NaN,0.9238030241686636,NaN,0.9238030241686636,1.007638127294481
TSC_het,OFT-0670-00,slow,3.0650411196617746,660,0.9996875321458059,0.8838205971945396,0.884096849039859,0.8842349749625187,0.8840277860785293,0.8838205971945396,NaN,0.884096849039859,NaN,0.884096849039859,0.9996875321458059
TSC_het,OFT-0670-00,fast,4.395134049064842,661,1.0002891836694137,0.9252565690327244,0.9249890772971839,0.9248553314294139,0.9250559502310691,0.9252565690327244,NaN,0.9249890772971839,NaN,0.9249890772971839,1.0002891836694137
TSC_het,OFT-0674-00,slow,3.1844126436931655,662,1.0037202724312175,0.9729995571843943,0.9693931505713128,0.967589947264772,0.9702947522245832,0.9729995571843943,NaN,0.9693931505713128,NaN,0.9693931505713128,1.0037202724312175
TSC_het,OFT-0674-00,fast,4.430759928822465,663,1.0056629583129482,0.819364564553438,0.8147506654992688,0.8124437159721842,0.8159041402628111,0.819364564553438,NaN,0.8147506654992688,NaN,0.8147506654992688,1.0056629583129482
TSC_het,OFT-0674-00,medium,3.843088282151668,664,1.0005673194035487,0.9180279669799253,0.917507447202227,0.917247187313378,0.9176375771466516,0.9180279669799253,NaN,0.917507447202227,NaN,0.917507447202227,1.0005673194035487
TSC_het,OFT-0678-00,medium,4.16602537123974,665,1.0021401791726512,0.9384980043512067,0.9364937399536396,0.9354916077548558,0.9369948060530313,0.9384980043512067,NaN,0.9364937399536396,NaN,0.9364937399536396,1.0021401791726512
TSC_het,OFT-0678-00,fast,5.075390301895257,666,1.0173789613247466,0.9331349171870483,0.917195020400262,0.909225072006869,0.9211799945969588,0.9331349171870483,NaN,0.917195020400262,NaN,0.917195020400262,1.0173789613247466
TSC_het,OFT-0683-00,medium,5.012167842977351,668,1.0150850326001775,0.7952624908919298,0.7834442094519272,0.7775350687319258,0.7863987798119277,0.7952624908919298,NaN,0.7834442094519272,NaN,0.7834442094519272,1.0150850326001775
TSC_het,OFT-0683-00,slow,3.821861465812791,669,1.0098524745182778,0.8318991638119699,0.823782864134491,0.8197247142957518,0.8258119390538607,0.8318991638119699,NaN,0.823782864134491,NaN,0.823782864134491,1.0098524745182778
TSC_het,OFT-0683-00,fast,6.110018582720646,670,1.0089376549161202,0.847683963838494,0.8401747716601653,0.8364201755710008,0.8420520697047473,0.847683963838494,NaN,0.8401747716601653,NaN,0.8401747716601653,1.0089376549161202
TSC_het,OFT-0693-00,slow,3.765132001210588,671,1.003847893557862,0.8315124534823569,0.828325146487373,0.8267314929898808,0.829121973236119,0.8315124534823569,NaN,0.828325146487373,NaN,0.828325146487373,1.003847893557862
TSC_het,OFT-0693-00,medium,4.71376238154453,672,1.0203499650508239,0.8883468348923992,0.8706295538983534,0.8617709134013304,0.8750588741468648,0.8883468348923992,NaN,0.8706295538983534,NaN,0.8706295538983534,1.0203499650508239
TSC_het,OFT-0693-00,fast,5.792606341667645,673,1.0014129021019755,0.9122688593350087,0.9109817313319485,0.9103381673304184,0.9113035133327135,0.9122688593350087,NaN,0.9109817313319485,NaN,0.9109817313319485,1.0014129021019755
TSC_het,OFT-0694-00,slow,3.544568966435905,674,0.9978400643810981,0.8861399034341539,0.8880580516515688,0.8890171257602763,0.887578514597215,0.8861399034341539,NaN,0.8880580516515688,NaN,0.8880580516515688,0.9978400643810981
TSC_het,OFT-0694-00,medium,4.699776475435462,675,0.997740075699084,0.9307380305348589,0.9328461923138861,0.9339002732033999,0.9323191518691294,0.9307380305348589,NaN,0.9328461923138861,NaN,0.9328461923138861,0.997740075699084
TSC_het,OFT-0694-00,fast,5.903144454029073,676,0.99688231955778,0.9169622426048634,0.9198299785391225,0.9212638465062519,0.9191130445555578,0.9169622426048634,NaN,0.9198299785391225,NaN,0.9198299785391225,0.99688231955778
TSC_het,OFT-0702-00,fast,6.253376265054792,677,1.0057612892739192,0.8821006150821958,0.877047689635185,0.8745212269116797,0.8783109209969377,0.8821006150821958,NaN,0.877047689635185,NaN,0.877047689635185,1.0057612892739192
TSC_het,OFT-0702-00,slow,3.6393370898242132,678,0.9987271511689894,0.8599654996177454,0.8610615007423936,0.8616095013047176,0.8607875004612316,0.8599654996177454,NaN,0.8610615007423936,NaN,0.8610615007423936,0.9987271511689894
TSC_het,OFT-0702-00,medium,4.767793625575221,679,1.0144743105608878,0.8677795527178668,0.8553982527542608,0.8492076027724578,0.8584935777451623,0.8677795527178668,NaN,0.8553982527542608,NaN,0.8553982527542608,1.0144743105608878
TSC_het,OFT-0708-00,fast,5.469184190721452,680,1.0086500813282597,0.8469417522802891,0.8396784652661485,0.8360468217590784,0.8414942870196838,0.8469417522802891,NaN,0.8396784652661485,NaN,0.8396784652661485,1.0086500813282597
TSC_het,OFT-0708-00,medium,4.4113981147703685,681,1.0034369997839216,0.8846648681256835,0.8816346898870439,0.8801196007677239,0.8823922344467037,0.8846648681256835,NaN,0.8816346898870439,NaN,0.8816346898870439,1.0034369997839216
TSC_het,OFT-0708-00,slow,3.490064773131137,682,1.0111826451899555,0.950404002012325,0.9398935064137569,0.9346382586144732,0.9425211303133991,0.950404002012325,NaN,0.9398935064137569,NaN,0.9398935064137569,1.0111826451899555
TSC_hom,OFT-0637-00,medium,3.465215953472171,683,1.0097205540480014,0.9531698869434352,0.9439937447268427,0.9394056736185467,0.9462877802809908,0.9531698869434352,NaN,0.9439937447268427,NaN,0.9439937447268427,1.0097205540480014
TSC_hom,OFT-0637-00,fast,4.002649644217135,684,1.0106212566164674,0.8576690886706465,0.8486553029194136,0.8441484100437973,0.8509087493572218,0.8576690886706465,NaN,0.8486553029194136,NaN,0.8486553029194136,1.0106212566164674
TSC_hom,OFT-0637-00,slow,2.9739202354451453,685,1.0062848962804984,0.970861150212043,0.9647974980053946,0.9617656719020706,0.9663134110570568,0.970861150212043,NaN,0.9647974980053946,NaN,0.9647974980053946,1.0062848962804984
TSC_hom,OFT-0639-00,slow,3.03878600790471,686,1.0426994111476828,0.8900982680138415,0.8536480010419535,0.8354228675560095,0.8627605677849255,0.8900982680138415,NaN,0.8536480010419535,NaN,0.8536480010419535,1.0426994111476828
TSC_hom,OFT-0639-00,fast,4.436856335847172,687,1.0065750051091888,0.8140470910347404,0.8087296891963219,0.8060709882771129,0.8100590396559265,0.8140470910347404,NaN,0.8087296891963219,NaN,0.8087296891963219,1.0065750051091888
TSC_hom,OFT-0639-00,medium,3.6546131279684366,688,0.9976293325293655,0.8823504002437195,0.8844471302849821,0.8854954953056136,0.8839229477746665,0.8823504002437195,NaN,0.8844471302849821,NaN,0.8844471302849821,0.9976293325293655
TSC_hom,OFT-0648-00,medium,2.948608959762217,689,0.9903597308039989,0.9362504988162237,0.9453640628705209,0.9499208448976697,0.9430856718569467,0.9362504988162237,NaN,0.9453640628705209,NaN,0.9453640628705209,0.9903597308039989
TSC_hom,OFT-0648-00,fast,3.348318463287385,690,0.999720449813472,0.8744043630036735,0.8746488712587804,0.8747711253863337,0.8745877441950037,0.8744043630036735,NaN,0.8746488712587804,NaN,0.8746488712587804,0.999720449813472
TSC_hom,OFT-0648-00,slow,2.678618867874322,691,1.03023397123114,0.8218414193880611,0.7977230826566051,0.785663914290877,0.803752666839469,0.8218414193880611,NaN,0.7977230826566051,NaN,0.7977230826566051,1.03023397123114
TSC_hom,OFT-0649-00,slow,2.725186423480895,692,0.9991357367758156,0.7708090173722341,0.7714757755133594,0.7718091545839222,0.7713090859780781,0.7708090173722341,NaN,0.7714757755133594,NaN,0.7714757755133594,0.9991357367758156
TSC_hom,OFT-0649-00,medium,3.0043912204813803,693,1.005289406875849,0.8875574337226516,0.8828874826015779,0.8805525070410412,0.8840549703818463,0.8875574337226516,NaN,0.8828874826015779,NaN,0.8828874826015779,1.005289406875849
TSC_hom,OFT-0649-00,fast,3.3884368334650308,694,1.0058513299657643,0.8843496813554592,0.8792051618458956,0.8766329020911139,0.8804912917232864,0.8843496813554592,NaN,0.8792051618458956,NaN,0.8792051618458956,1.0058513299657643
TSC_hom,OFT-0658-00,slow,3.02750233943615,695,0.9983895490049413,0.9193210805060156,0.9208039902083006,0.9215454450594432,0.9204332627827293,0.9193210805060156,NaN,0.9208039902083006,NaN,0.9208039902083006,0.9983895490049413
TSC_hom,OFT-0658-00,medium,3.596910820247436,696,1.0045817767086258,0.9029353980147455,0.8988172182189978,0.8967581283211243,0.8998467631679348,0.9029353980147455,NaN,0.8988172182189978,NaN,0.8988172182189978,1.0045817767086258
TSC_hom,OFT-0658-00,fast,4.422425890130845,697,1.0134926149411565,0.8829991998534353,0.871243842171166,0.8653661633300312,0.8741826815917333,0.8829991998534353,NaN,0.871243842171166,NaN,0.871243842171166,1.0134926149411565
TSC_hom,OFT-0660-00,slow,2.9372844361300228,698,0.9884066433944126,0.9277267302929005,0.9386083516262866,0.9440491622929801,0.9358879462929404,0.9277267302929005,NaN,0.9386083516262866,NaN,0.9386083516262866,0.9884066433944126
TSC_hom,OFT-0660-00,medium,3.3783738080192105,699,1.0010997739682144,0.8764686836324399,0.8755058251169562,0.8750243958592143,0.8757465397458271,0.8764686836324399,NaN,0.8755058251169562,NaN,0.8755058251169562,1.0010997739682144
TSC_hom,OFT-0660-00,fast,4.056875745374309,700,1.0000951393627362,0.9918359707647332,0.9917416170992834,0.9916944402665584,0.9917652055156458,0.9918359707647332,NaN,0.9917416170992834,NaN,0.9917416170992834,1.0000951393627362
TSC_hom,OFT-0669-00,fast,3.3026693964064195,701,0.9953383135977231,0.9534674947628938,0.9579330783686161,0.9601658701714775,0.9568166824671855,0.9534674947628938,NaN,0.9579330783686161,NaN,0.9579330783686161,0.9953383135977231
TSC_hom,OFT-0669-00,medium,2.9520936668675164,702,1.0037140697363305,0.9254574961945116,0.92203300132838,0.9203207538953142,0.9228891250449129,0.9254574961945116,NaN,0.92203300132838,NaN,0.92203300132838,1.0037140697363305
TSC_hom,OFT-0669-00,slow,2.665795369411302,703,0.9775825607645203,0.9129531208893377,0.9338885098107325,0.9443562042714302,0.9286546625803838,0.9129531208893377,NaN,0.9338885098107325,NaN,0.9338885098107325,0.9775825607645203
TSC_hom,OFT-0673-00,slow,2.9958283675834516,704,0.9977421422564725,0.8633291546705752,0.865282840231734,0.8662596830123132,0.8647944188414443,0.8633291546705752,NaN,0.865282840231734,NaN,0.865282840231734,0.9977421422564725
TSC_hom,OFT-0673-00,medium,3.505284292940525,705,0.9914166949783338,0.8667188705422835,0.8742225896863927,0.8779744492584474,0.8723466599003653,0.8667188705422835,NaN,0.8742225896863927,NaN,0.8742225896863927,0.9914166949783338
TSC_hom,OFT-0673-00,fast,5.333044123285585,706,1.0046594127815842,0.9786637154165819,0.9741248655670997,0.9718554406423585,0.9752595780294702,0.9786637154165819,NaN,0.9741248655670997,NaN,0.9741248655670997,1.0046594127815842
TSC_hom,OFT-0679-00,slow,2.8517762186667857,707,1.0049015040906382,0.9514766827416131,0.9468357633742716,0.9445153036906011,0.9479959932161071,0.9514766827416131,NaN,0.9468357633742716,NaN,0.9468357633742716,1.0049015040906382
TSC_hom,OFT-0679-00,medium,3.3400117100768276,708,1.0050800023338187,0.9126982192290007,0.9080851445752524,0.9057786072483781,0.9092384132386895,0.9126982192290007,NaN,0.9080851445752524,NaN,0.9080851445752524,1.0050800023338187
TSC_hom,OFT-0679-00,fast,3.8393474692477727,709,1.0012458068009182,0.9091284764333242,0.9079972872376683,0.9074316926398406,0.9082800845365823,0.9091284764333242,NaN,0.9079972872376683,NaN,0.9079972872376683,1.0012458068009182
TSC_hom,OFT-0681-00,medium,3.37756523556951,710,1.0012595938865374,0.9165983815117806,0.9154452922182431,0.9148687475714743,0.9157335645416276,0.9165983815117806,NaN,0.9154452922182431,NaN,0.9154452922182431,1.0012595938865374
TSC_hom,OFT-0681-00,slow,2.9100410157074657,711,1.0180163652494345,0.8267024133344232,0.8120718306251044,0.8047565392704449,0.8157294763024341,0.8267024133344232,NaN,0.8120718306251044,NaN,0.8120718306251044,1.0180163652494345
TSC_hom,OFT-0681-00,fast,4.030416762239753,712,1.0027486061614648,0.8644457174176463,0.8620762094367364,0.860891455446281,0.8626685864319639,0.8644457174176463,NaN,0.8620762094367364,NaN,0.8620762094367364,1.0027486061614648
TSC_hom,OFT-0684-00,slow,2.66359678694679,713,1.000631269915111,0.7798424367273259,0.7793504562309793,0.7791044659828059,0.7794734513550658,0.7798424367273259,NaN,0.7793504562309793,NaN,0.7793504562309793,1.000631269915111
TSC_hom,OFT-0684-00,fast,3.225055971188697,714,1.0077605853357858,0.8013058021370324,0.7951350884297953,0.7920497315761768,0.7966777668566045,0.8013058021370324,NaN,0.7951350884297953,NaN,0.7951350884297953,1.0077605853357858
TSC_hom,OFT-0684-00,medium,2.9121333130050457,715,0.9998380548572513,0.9691319169927003,0.9692888886201326,0.9693673744338488,0.9692496457132744,0.9691319169927003,NaN,0.9692888886201326,NaN,0.9692888886201326,0.9998380548572513
TSC_hom,OFT-0712-00,medium,3.259543810377071,716,0.9918577512244383,0.7410083505647843,0.747091354228988,0.7501328560610898,0.745570603312937,0.7410083505647843,NaN,0.747091354228988,NaN,0.747091354228988,0.9918577512244383
TSC_hom,OFT-0712-00,slow,2.8631607109768584,717,0.9883291866838271,0.6751305017280166,0.683102867773544,0.6870890507963076,0.6811097762621621,0.6751305017280166,NaN,0.683102867773544,NaN,0.683102867773544,0.9883291866838271
TSC_hom,OFT-0712-00,fast,3.778259899505789,718,1.0185218219488483,0.8771046698417025,0.8611545191672408,0.8531794438300102,0.8651420568358563,0.8771046698417025,NaN,0.8611545191672408,NaN,0.8611545191672408,1.0185218219488483
TSC_hom,OFT-0713-00,slow,3.2160766232817752,719,1.0068279690831319,0.9821764107368335,0.9755156202417109,0.9721852249941494,0.9771808178654915,0.9821764107368335,NaN,0.9755156202417109,NaN,0.9755156202417109,1.0068279690831319
TSC_hom,OFT-0713-00,fast,4.7554637874422765,720,1.0164525740773975,0.7547610620487799,0.7425442969966928,0.7364359144706492,0.7455984882597145,0.7547610620487799,NaN,0.7425442969966928,NaN,0.7425442969966928,1.0164525740773975
TSC_hom,OFT-0713-00,medium,3.930117036066492,721,1.004339043665207,0.8607718353999481,0.8570530448150967,0.8551936495226709,0.8579827424613096,0.8607718353999481,NaN,0.8570530448150967,NaN,0.8570530448150967,1.004339043665207
TSC_hom,OFT-0714-00,slow,3.181932035037327,722,1.013607437182378,0.9953719114805102,0.9820092818650199,0.975327967057275,0.9853499392688927,0.9953719114805102,NaN,0.9820092818650199,NaN,0.9820092818650199,1.013607437182378
TSC_hom,OFT-0714-00,medium,3.7551614739910253,723,0.9957531780720128,0.9084151342201756,0.9122894651253416,0.9142266305779243,0.91132088239905,0.9084151342201756,NaN,0.9122894651253416,NaN,0.9122894651253416,0.9957531780720128
TSC_hom,OFT-0714-00,fast,4.384789956900982,724,0.9685035920331466,0.7808458635714417,0.8062395121656065,0.8189363364626889,0.7998911000170654,0.7808458635714417,NaN,0.8062395121656065,NaN,0.8062395121656065,0.9685035920331466
TSC_hom,OFT-0715-00,slow,2.9053006690189904,725,1.0047235499055982,0.7219725432512545,0.7185783027770073,0.7168811825398836,0.7194268628955691,0.7219725432512545,NaN,0.7185783027770073,NaN,0.7185783027770073,1.0047235499055982
TSC_hom,OFT-0715-00,fast,4.10005804863087,726,1.009029586091261,0.9433334756470013,0.9348917897454815,0.9306709467947216,0.9370022112208616,0.9433334756470013,NaN,0.9348917897454815,NaN,0.9348917897454815,1.009029586091261
TSC_hom,OFT-0715-00,medium,3.515612551177391,727,1.0057486479278497,0.9626462404104061,0.9571439567865712,0.9543928149746534,0.9585195276925299,0.9626462404104061,NaN,0.9571439567865712,NaN,0.9571439567865712,1.0057486479278497
TSC_hom,OFT-0716-00,medium,3.9199320976694723,728,1.0005295687100497,0.8228530182429711,0.8224174916727836,0.8221997283876897,0.8225263733153303,0.8228530182429711,NaN,0.8224174916727836,NaN,0.8224174916727836,1.0005295687100497
TSC_hom,OFT-0716-00,fast,4.823663365537254,729,0.9964009389888953,0.9355138202243173,0.9388929532459458,0.9405825197567601,0.9380481699905387,0.9355138202243173,NaN,0.9388929532459458,NaN,0.9388929532459458,0.9964009389888953
TSC_hom,OFT-0716-00,slow,3.18221114091187,730,1.002469095922134,0.9342549093321624,0.9319538259409145,0.9308032842452908,0.9325290967887265,0.9342549093321624,NaN,0.9319538259409145,NaN,0.9319538259409145,1.002469095922134
TSC_hom,OFT-0717-00,slow,2.7415297193370978,731,1.0080573017794616,0.847617089731015,0.8408421706134845,0.8374547110547194,0.8425359003928672,0.847617089731015,NaN,0.8408421706134845,NaN,0.8408421706134845,1.0080573017794616
TSC_hom,OFT-0717-00,fast,3.5985363244931947,732,0.9983918117445505,0.9458988233537571,0.9474224570220892,0.9481842738562554,0.9470415486050062,0.9458988233537571,NaN,0.9474224570220892,NaN,0.9474224570220892,0.9983918117445505
TSC_hom,OFT-0717-00,medium,3.1633502325586647,733,1.0035486014981505,0.867770035374881,0.8647015541443911,0.8631673135291463,0.8654686744520137,0.867770035374881,NaN,0.8647015541443911,NaN,0.8647015541443911,1.0035486014981505
TSC_hom,OFT-0718-00,fast,5.352296764362116,734,1.0127513515975044,0.9081920016892905,0.8967571361486874,0.8910397033783857,0.899615852533838,0.9081920016892905,NaN,0.8967571361486874,NaN,0.8967571361486874,1.0127513515975044
TSC_hom,OFT-0718-00,medium,4.130625855981335,735,1.0224484006049002,0.8088228113468653,0.7910646746264653,0.7821856062662652,0.7955042088065652,0.8088228113468653,NaN,0.7910646746264653,NaN,0.7910646746264653,1.0224484006049002
TSC_hom,OFT-0718-00,slow,3.300490543086779,736,0.9995486517114489,0.9458685076774058,0.9462956165844146,0.9465091710379193,0.9461888393576625,0.9458685076774058,NaN,0.9462956165844146,NaN,0.9462956165844146,0.9995486517114489
TSC_hom,OFT-0719-00,medium,2.91092155267849,737,0.99620956616838,0.7203358991684725,0.7230766734543893,0.7244470605973474,0.7223914798829101,0.7203358991684725,NaN,0.7230766734543893,NaN,0.7230766734543893,0.99620956616838
TSC_hom,OFT-0719-00,slow,2.619468556246872,738,0.9963682924265771,0.7639629938511905,0.766747596905777,0.7681398984330702,0.7660514461421304,0.7639629938511905,NaN,0.766747596905777,NaN,0.766747596905777,0.9963682924265771
TSC_hom,OFT-0719-00,fast,3.3785544559965945,739,0.9940070969283177,0.8514505407708293,0.8565839654485196,0.8591506777873646,0.8553006092790969,0.8514505407708293,NaN,0.8565839654485196,NaN,0.8565839654485196,0.9940070969283177
TSC_hom,OFT-0720-00,fast,5.099841275331236,740,1.0000365450773099,0.9483224189142734,0.9482877636646383,0.9482704360398204,0.948296427477047,0.9483224189142734,NaN,0.9482877636646383,NaN,0.9482877636646383,1.0000365450773099
TSC_hom,OFT-0720-00,medium,4.2917483765573605,741,1.0047788106146551,0.8600246133731212,0.8559342656191334,0.8538890917421398,0.8569568525576305,0.8600246133731212,NaN,0.8559342656191334,NaN,0.8559342656191334,1.0047788106146551
TSC_hom,OFT-0720-00,slow,3.510185026210113,742,0.9959192093794169,0.8390779469273338,0.8425160786387332,0.8442351444944329,0.8416565457108834,0.8390779469273338,NaN,0.8425160786387332,NaN,0.8425160786387332,0.9959192093794169
TSC_hom,OFT-0721-00,slow,2.8918326368007334,743,1.0021142086644814,0.959506649915819,0.9574823324724179,0.9564701737507176,0.9579884118332684,0.959506649915819,NaN,0.9574823324724179,NaN,0.9574823324724179,1.0021142086644814
TSC_hom,OFT-0721-00,medium,3.360405552452287,744,1.0029458290324709,0.8117739568172617,0.8093896333367973,0.808197471596565,0.8099857142069132,0.8117739568172617,NaN,0.8093896333367973,NaN,0.8093896333367973,1.0029458290324709
TSC_hom,OFT-0721-00,fast,3.864654357138974,745,1.0189404280592207,0.7814356619519299,0.7669100571859074,0.7596472548028963,0.7705414583774132,0.7814356619519299,NaN,0.7669100571859074,NaN,0.7669100571859074,1.0189404280592207
TSC_hom,OFT-0722-00,medium,4.3775790162949475,746,0.9918191021042645,0.8128716672350915,0.8195765392201921,0.8229289752127422,0.8179003212239168,0.8128716672350915,NaN,0.8195765392201921,NaN,0.8195765392201921,0.9918191021042645
TSC_hom,OFT-0722-00,fast,5.160962896504915,747,0.9961620404511438,0.9589686169837719,0.9626632797104699,0.9645106110738192,0.9617396140287955,0.9589686169837719,NaN,0.9626632797104699,NaN,0.9626632797104699,0.9961620404511438
TSC_hom,OFT-0722-00,slow,3.4717623729315528,748,1.0029136601836786,0.9352276842040229,0.9325106650085319,0.9311521554107862,0.9331899198074045,0.9352276842040229,NaN,0.9325106650085319,NaN,0.9325106650085319,1.0029136601836786
TSC_hom,OFT-0723-00,medium,4.048372801928119,749,1.001327615617812,0.9285699265250013,0.9273387770815451,0.9267232023598171,0.9276465644424091,0.9285699265250013,NaN,0.9273387770815451,NaN,0.9273387770815451,1.001327615617812
TSC_hom,OFT-0723-00,fast,5.009729650333349,750,1.0028476576485144,0.9093420703440449,0.9067599284982905,0.9054688575754133,0.9074054639597291,0.9093420703440449,NaN,0.9067599284982905,NaN,0.9067599284982905,1.0028476576485144
TSC_hom,OFT-0723-00,slow,3.436502943616843,751,0.9643712672221217,0.7513084403139401,0.7790655589294871,0.7929441182372609,0.7721262792756004,0.7513084403139401,NaN,0.7790655589294871,NaN,0.7790655589294871,0.9643712672221217
TSC_hom,OFT-0724,slow,3.143334243234634,752,0.9973650317583814,0.8858905612425882,0.888231021776189,0.8894012520429893,0.8876459066427886,0.8858905612425882,NaN,0.888231021776189,NaN,0.888231021776189,0.9973650317583814
TSC_hom,OFT-0724,medium,3.735697665874264,753,1.0191364523604858,0.8201925267209809,0.8047916692816566,0.7970912405619945,0.8086418836414877,0.8201925267209809,NaN,0.8047916692816566,NaN,0.8047916692816566,1.0191364523604858
TSC_hom,OFT-0724,fast,4.4360503884372955,754,1.0106530571237644,0.8904825698633979,0.881096201695207,0.8764030176111115,0.8834427937372547,0.8904825698633979,NaN,0.881096201695207,NaN,0.881096201695207,1.0106530571237644
TSC_hom,OFT-0725,slow,3.1749747135507818,755,1.0078616087804184,0.8531536150572809,0.8464987728718582,0.8431713517791468,0.848162483418214,0.8531536150572809,NaN,0.8464987728718582,NaN,0.8464987728718582,1.0078616087804184
TSC_hom,OFT-0725,fast,4.151262267721303,756,1.014300815282411,0.9376317141098037,0.9244118707020261,0.917801948998137,0.9277168315539703,0.9376317141098037,NaN,0.9244118707020261,NaN,0.9244118707020261,1.014300815282411
TSC_hom,OFT-0725,medium,3.6136076728197164,757,0.983894165201839,0.786176734230707,0.7990460377101924,0.8054806894499351,0.7958287118403211,0.786176734230707,NaN,0.7990460377101924,NaN,0.7990460377101924,0.983894165201839
TSC_hom,OFT-0726,slow,3.062427809127427,758,1.0039069578494566,0.7520017577335797,0.7490751526859604,0.7476118501621508,0.7498068039478651,0.7520017577335797,NaN,0.7490751526859604,NaN,0.7490751526859604,1.0039069578494566
TSC_hom,OFT-0726,fast,4.159740031334075,759,1.0018451110669562,0.9306904055069227,0.9289763409792414,0.9281193087154006,0.9294048571111618,0.9306904055069227,NaN,0.9289763409792414,NaN,0.9289763409792414,1.0018451110669562
TSC_hom,OFT-0726,medium,3.5305445710553554,760,1.0132459838929473,0.881062713435478,0.8695447378438019,0.8637857500479638,0.8724242317417209,0.881062713435478,NaN,0.8695447378438019,NaN,0.8695447378438019,1.0132459838929473
TSC_hom,OFT-0727,slow,3.119510835924248,761,1.0026195524188397,0.9851862715041325,0.9826122671629043,0.9813252649922899,0.9832557682482114,0.9851862715041325,NaN,0.9826122671629043,NaN,0.9826122671629043,1.0026195524188397
TSC_hom,OFT-0727,fast,4.402085359725621,762,1.0113268370377961,0.7977249400198908,0.7887904392574501,0.7843231888762296,0.7910240644480602,0.7977249400198908,NaN,0.7887904392574501,NaN,0.7887904392574501,1.0113268370377961
TSC_hom,OFT-0727,medium,3.684041538129281,763,1.006822817397624,0.9746928992738346,0.9680878129015422,0.964785269715396,0.9697390844946153,0.9746928992738346,NaN,0.9680878129015422,NaN,0.9680878129015422,1.006822817397624
TSC_hom,OFT-0728,medium,3.474509581568369,764,1.0171148974337605,0.9875253217772453,0.9709083253709375,0.9625998271677838,0.9750625744725145,0.9875253217772453,NaN,0.9709083253709375,NaN,0.9709083253709375,1.0171148974337605
TSC_hom,OFT-0728,slow,2.9918452689252013,765,1.0320620759870431,0.9527356868157274,0.9231379671659288,0.9083391073410294,0.9305373970783783,0.9527356868157274,NaN,0.9231379671659288,NaN,0.9231379671659288,1.0320620759870431
TSC_hom,OFT-0728,fast,4.0324830061633365,766,1.0189787735718003,0.9183250459499096,0.9012209770876073,0.8926689426564562,0.9054969943031829,0.9183250459499096,NaN,0.9012209770876073,NaN,0.9012209770876073,1.0189787735718003
TSC_hom,OFT-0729,medium,3.521225547208897,767,0.999844725392851,0.7050182822750446,0.7051277707126319,0.7051825149314255,0.705100398603235,0.7050182822750446,NaN,0.7051277707126319,NaN,0.7051277707126319,0.999844725392851
TSC_hom,OFT-0729,fast,4.194815010893008,768,1.0090545624230993,0.9570585642104436,0.9484705781540744,0.9441765851258903,0.9506175746681669,0.9570585642104436,NaN,0.9484705781540744,NaN,0.9484705781540744,1.0090545624230993
TSC_hom,OFT-0729,slow,3.066159506008148,769,1.0270008963711572,0.9729019809626845,0.9473234000090675,0.9345341095322585,0.9537180452474715,0.9729019809626845,NaN,0.9473234000090675,NaN,0.9473234000090675,1.0270008963711572
TSC_hom,OFT-0730,medium,3.6605706809216296,770,1.0091389398606243,0.9073409872650838,0.8991239475808949,0.8950154277388003,0.901178207501942,0.9073409872650838,NaN,0.8991239475808949,NaN,0.8991239475808949,1.0091389398606243
TSC_hom,OFT-0730,slow,3.1173750404267095,771,1.001544380177484,0.9113470481282903,0.9099417521236456,0.9092391041213235,0.9102930761248069,0.9113470481282903,NaN,0.9099417521236456,NaN,0.9099417521236456,1.001544380177484
TSC_hom,OFT-0730,fast,4.445184062788305,772,1.0056106127916564,0.8144462550975758,0.8099022074126755,0.8076301835702253,0.8110382193339005,0.8144462550975758,NaN,0.8099022074126755,NaN,0.8099022074126755,1.0056106127916564
TSC_hom,OFT-0731,slow,3.2381807178385205,773,1.0013581907932994,0.9582932012453592,0.9569934215909064,0.9563435317636799,0.9573183665045195,0.9582932012453592,NaN,0.9569934215909064,NaN,0.9569934215909064,1.0013581907932994
TSC_hom,OFT-0731,medium,3.861561905182575,774,0.9997602644021663,0.9732588675483401,0.9734922482944716,0.9736089386675372,0.9734339031079386,0.9732588675483401,NaN,0.9734922482944716,NaN,0.9734922482944716,0.9997602644021663
TSC_hom,OFT-0731,fast,4.751799879022874,775,0.9987071529357568,0.9645276219637318,0.9657762229182475,0.9664005233955053,0.9654640726796186,0.9645276219637318,NaN,0.9657762229182475,NaN,0.9657762229182475,0.9987071529357568
TSC_hom,OFT-0732,fast,4.319397973386574,776,0.9980854839110153,0.9467080664339159,0.9485240309519621,0.949432013210985,0.9480700398224506,0.9467080664339159,NaN,0.9485240309519621,NaN,0.9485240309519621,0.9980854839110153
TSC_hom,OFT-0732,medium,3.6182591972858584,777,1.0173099731758106,0.9212415852399868,0.9055662576118072,0.8977285937977173,0.909485089518852,0.9212415852399868,NaN,0.9055662576118072,NaN,0.9055662576118072,1.0173099731758106
TSC_hom,OFT-0732,slow,2.9959496453155277,778,1.0261577377746356,0.8287716163518384,0.8076454387501318,0.7970823499492787,0.8129269831505586,0.8287716163518384,NaN,0.8076454387501318,NaN,0.8076454387501318,1.0261577377746356
TSC_hom,OFT-0733,medium,3.807948976343256,779,0.9910843873620286,0.9590561694635301,0.9676836621513653,0.9719974084952827,0.9655267889794065,0.9590561694635301,NaN,0.9676836621513653,NaN,0.9676836621513653,0.9910843873620286
TSC_hom,OFT-0733,fast,4.596689349814845,780,1.0077481950590952,0.9296788438110517,0.9225308944924825,0.9189569198331978,0.9243178818221247,0.9296788438110517,NaN,0.9225308944924825,NaN,0.9225308944924825,1.0077481950590952
TSC_hom,OFT-0733,slow,3.2204482585735263,781,1.0131820966046163,0.9534109950815619,0.9410065557579829,0.9348043360961931,0.9441076655888776,0.9534109950815619,NaN,0.9410065557579829,NaN,0.9410065557579829,1.0131820966046163
TSC_hom,OFT-0734,fast,4.22774525049254,782,1.0026580151402698,0.9736103226969866,0.971029312083822,0.9697388067772399,0.9716745647371132,0.9736103226969866,NaN,0.971029312083822,NaN,0.971029312083822,1.0026580151402698
TSC_hom,OFT-0734,slow,3.0570627770564403,783,0.9896620328972963,0.9215404292235356,0.9311668009791884,0.9359799868570149,0.9287602080402751,0.9215404292235356,NaN,0.9311668009791884,NaN,0.9311668009791884,0.9896620328972963
TSC_hom,OFT-0734,medium,3.5608698192515638,784,0.998708420339521,0.9324754684159999,0.9336813923116773,0.9342843542595162,0.9333799113377581,0.9324754684159999,NaN,0.9336813923116773,NaN,0.9336813923116773,0.998708420339521
TSC_hom,OFT-0735,slow,3.23906955757152,785,1.0036122803598322,0.855614405377209,0.852534810624716,0.8509950132484694,0.8533047093128392,0.855614405377209,NaN,0.852534810624716,NaN,0.852534810624716,1.0036122803598322
TSC_hom,OFT-0735,medium,3.9333953074897616,786,1.0026208746720167,0.7810528180014757,0.779011127468275,0.7779902822016745,0.7795215501015751,0.7810528180014757,NaN,0.779011127468275,NaN,0.779011127468275,1.0026208746720167
TSC_hom,OFT-0735,fast,4.712891580538832,787,1.0005102171255686,0.8859530364876269,0.8855012385909856,0.8852753396426648,0.8856141880651459,0.8859530364876269,NaN,0.8855012385909856,NaN,0.8855012385909856,1.0005102171255686
TSC_neg,OFT-0360-00,fast,5.330132458851055,788,0.9987856809549327,0.9546216321065696,0.9557822567038224,0.9563625690024488,0.9554921005545092,0.9546216321065696,NaN,0.9557822567038224,NaN,0.9557822567038224,0.9987856809549327
TSC_neg,OFT-0360-00,slow,3.267205030025068,789,0.9983457945637009,0.9471238107156037,0.9486931440719072,0.9494778107500588,0.9483008107328312,0.9471238107156037,NaN,0.9486931440719072,NaN,0.9486931440719072,0.9983457945637009
TSC_neg,OFT-0360-00,medium,4.049208518459708,790,1.0121890656152406,0.8125969092456156,0.80281138855387,0.7979186282079972,0.8052577687268064,0.8125969092456156,NaN,0.80281138855387,NaN,0.80281138855387,1.0121890656152406
TSC_neg,OFT-0362-00,slow,3.6925671328831435,791,1.0012603444363217,0.823875150503488,0.8228380910933849,0.8223195613883333,0.8230973559459106,0.823875150503488,NaN,0.8228380910933849,NaN,0.8228380910933849,1.0012603444363217
TSC_neg,OFT-0362-00,fast,5.678894838711607,792,1.002592754450216,0.9279590657119065,0.9255593176720732,0.9243594436521565,0.9261592546820314,0.9279590657119065,NaN,0.9255593176720732,NaN,0.9255593176720732,1.002592754450216
TSC_neg,OFT-0362-00,medium,4.539652128953623,793,1.004637547948816,0.8743044673568225,0.8702685552037185,0.8682505991271665,0.8712775332419944,0.8743044673568225,NaN,0.8702685552037185,NaN,0.8702685552037185,1.004637547948816
TSC_neg,OFT-0363-00,fast,4.820957903590342,794,1.0019212069410897,0.9456650912085716,0.9438517566623122,0.9429450893891826,0.9443050902988771,0.9456650912085716,NaN,0.9438517566623122,NaN,0.9438517566623122,1.0019212069410897
TSC_neg,OFT-0363-00,medium,4.11017033780263,795,1.0013820314626583,0.8981962970305023,0.8969566746854456,0.8963368635129172,0.8972665802717098,0.8981962970305023,NaN,0.8969566746854456,NaN,0.8969566746854456,1.0013820314626583
TSC_neg,OFT-0363-00,slow,3.3469110428648343,796,1.012832934395902,0.9387611496568,0.926866729720552,0.920919519752428,0.929840334704614,0.9387611496568,NaN,0.926866729720552,NaN,0.926866729720552,1.012832934395902
TSC_neg,OFT-0368-00,fast,5.795023305919859,797,0.9987391648407918,0.9363057989621089,0.9374878165625602,0.9380788253627859,0.9371923121624471,0.9363057989621089,NaN,0.9374878165625602,NaN,0.9374878165625602,0.9987391648407918
TSC_neg,OFT-0368-00,medium,4.3227185397035255,798,1.0009241152888713,0.9649405004856886,0.9640496075041637,0.9636041610134011,0.9642723307495449,0.9649405004856886,NaN,0.9640496075041637,NaN,0.9640496075041637,1.0009241152888713
TSC_neg,OFT-0368-00,slow,3.249932039280063,799,1.0112889296094698,0.8346287681011266,0.8253118803776838,0.8206534365159623,0.8276411023085444,0.8346287681011266,NaN,0.8253118803776838,NaN,0.8253118803776838,1.0112889296094698
TSC_neg,OFT-0369-00,slow,3.2502842659538906,800,1.0005061182464556,0.9808010413848949,0.9803048911923727,0.9800568160961116,0.9804289287405032,0.9808010413848949,NaN,0.9803048911923727,NaN,0.9803048911923727,1.0005061182464556
TSC_neg,OFT-0369-00,medium,3.8451550033609245,801,0.9986532905839465,0.942901727002557,0.9441732540141238,0.9448090175199072,0.9438553722612321,0.942901727002557,NaN,0.9441732540141238,NaN,0.9441732540141238,0.9986532905839465
TSC_neg,OFT-0369-00,fast,4.56797458129323,802,0.9920613498584057,0.8567191252926251,0.8635747430488068,0.8670025519268973,0.8618608386097613,0.8567191252926251,NaN,0.8635747430488068,NaN,0.8635747430488068,0.9920613498584057
TSC_neg,OFT-0372-00,fast,5.158715572056715,803,1.0065112042160795,0.9884564925533194,0.9820620857600666,0.9788648823634403,0.9836606874583798,0.9884564925533194,NaN,0.9820620857600666,NaN,0.9820620857600666,1.0065112042160795
TSC_neg,OFT-0372-00,medium,3.900714998083419,804,1.0041849219358938,0.8614247439356902,0.8578347723793872,0.8560397866012357,0.858732265268463,0.8614247439356902,NaN,0.8578347723793872,NaN,0.8578347723793872,1.0041849219358938
TSC_neg,OFT-0372-00,slow,3.1471135993067465,805,0.994626607145646,0.8726828232882398,0.8773974243386095,0.8797547248637942,0.876218774076017,0.8726828232882398,NaN,0.8773974243386095,NaN,0.8773974243386095,0.994626607145646
TSC_neg,OFT-0377-00,fast,5.353073323389565,806,1.0021174230847538,0.8528653118173033,0.851063250843382,0.8501622203564214,0.8515137660868624,0.8528653118173033,NaN,0.851063250843382,NaN,0.851063250843382,1.0021174230847538
TSC_neg,OFT-0377-00,medium,4.144172229948712,807,1.010519928371039,0.9621517806182577,0.9521353845730177,0.9471271865503974,0.9546394835843275,0.9621517806182577,NaN,0.9521353845730177,NaN,0.9521353845730177,1.010519928371039
TSC_neg,OFT-0377-00,slow,3.368037027049206,808,0.9883529742132215,0.7935871930878714,0.8029390448484324,0.8076149707287128,0.800601081908292,0.7935871930878714,NaN,0.8029390448484324,NaN,0.8029390448484324,0.9883529742132215
TSC_neg,OFT-0379-00,fast,5.927765452999292,809,0.9983276281353421,0.888215921839681,0.8897038375054032,0.8904477953382643,0.8893318585889727,0.888215921839681,NaN,0.8897038375054032,NaN,0.8897038375054032,0.9983276281353421
TSC_neg,OFT-0379-00,slow,3.5900721460246237,810,0.9867202115805075,0.9689753750369171,0.9820163443138891,0.988536828952375,0.978756101994646,0.9689753750369171,NaN,0.9820163443138891,NaN,0.9820163443138891,0.9867202115805075
TSC_neg,OFT-0379-00,medium,4.491431419031593,811,1.0042049050711541,0.9099493203655221,0.906139091504484,0.9042339770739648,0.9070916487197433,0.9099493203655221,NaN,0.906139091504484,NaN,0.906139091504484,1.0042049050711541
TSC_neg,OFT-0380-00,medium,4.252883277820765,812,0.9999191393920243,0.9077151714971037,0.907788575833259,0.9078252780013367,0.9077702247492201,0.9077151714971037,NaN,0.907788575833259,NaN,0.907788575833259,0.9999191393920243
TSC_neg,OFT-0380-00,fast,4.92405446429917,813,0.9959767861382585,0.8879820659101748,0.8915690388258787,0.8933625252837311,0.8906722955969529,0.8879820659101748,NaN,0.8915690388258787,NaN,0.8915690388258787,0.9959767861382585
TSC_neg,OFT-0380-00,slow,3.49732949206191,814,1.0106838436512204,0.9322046931090657,0.9223504451613285,0.91742332118746,0.9248140071482629,0.9322046931090657,NaN,0.9223504451613285,NaN,0.9223504451613285,1.0106838436512204
TSC_neg,OFT-0381-00,fast,5.670017525654937,815,0.999999906842459,0.9234527701232058,0.9234528561498031,0.9234528991631019,0.9234528346431539,0.9234527701232058,NaN,0.9234528561498031,NaN,0.9234528561498031,0.999999906842459
TSC_neg,OFT-0381-00,medium,4.564732682984865,816,0.9991308385294275,0.9435399763712532,0.9443607783741358,0.9447711793755773,0.9441555778734152,0.9435399763712532,NaN,0.9443607783741358,NaN,0.9443607783741358,0.9991308385294275
TSC_neg,OFT-0381-00,slow,3.658472278688121,817,1.0275242533567233,0.7152420446501677,0.6960828830206296,0.6865033022058604,0.7008726734280141,0.7152420446501677,NaN,0.6960828830206296,NaN,0.6960828830206296,1.0275242533567233
TSC_neg,OFT-0382-00,fast,5.596489599806826,818,0.9948650587887021,0.9411871222014068,0.9460450076991839,0.9484739504480726,0.9448305363247396,0.9411871222014068,NaN,0.9460450076991839,NaN,0.9460450076991839,0.9948650587887021
TSC_neg,OFT-0382-00,medium,4.50198988434867,819,0.998964183096541,0.9057005728628374,0.9066396855745023,0.9071092419303346,0.9064049073965861,0.9057005728628374,NaN,0.9066396855745023,NaN,0.9066396855745023,0.998964183096541
TSC_neg,OFT-0382-00,slow,3.4949744254051405,820,1.0055976758946747,0.9326311376010772,0.9274396311341117,0.9248438779006288,0.928737507750853,0.9326311376010772,NaN,0.9274396311341117,NaN,0.9274396311341117,1.0055976758946747
TSC_neg,OFT-0386-00,fast,6.041914740473939,821,0.9979017353791447,0.91879798057935,0.9207299155865885,0.9216958830902078,0.9202469318347788,0.91879798057935,NaN,0.9207299155865885,NaN,0.9207299155865885,0.9979017353791447
TSC_neg,OFT-0386-00,slow,3.467315961453649,822,0.9988026950976637,0.9399626523309262,0.9410894233109933,0.9416528088010271,0.9408077305659768,0.9399626523309262,NaN,0.9410894233109933,NaN,0.9410894233109933,0.9988026950976637
TSC_neg,OFT-0386-00,medium,4.493808454780127,823,1.0052128107261609,0.9285061786076148,0.9236911514655951,0.9212836378945857,0.9248949082511002,0.9285061786076148,NaN,0.9236911514655951,NaN,0.9236911514655951,1.0052128107261609
TSC_neg,OFT-0394-00,medium,4.163803686243475,824,0.9992661491253743,0.8430573746142804,0.8436765073571056,0.8439860737285181,0.8435217241713994,0.8430573746142804,NaN,0.8436765073571056,NaN,0.8436765073571056,0.9992661491253743
TSC_neg,OFT-0394-00,slow,3.356175640647348,825,1.0018176019908576,0.87443055302922,0.8728440699100433,0.8720508283504549,0.8732406906898375,0.87443055302922,NaN,0.8728440699100433,NaN,0.8728440699100433,1.0018176019908576
TSC_neg,OFT-0394-00,fast,5.172792567830538,826,1.003960796489675,0.98664965692452,0.9827571558314995,0.9808109052849892,0.9837302811047546,0.98664965692452,NaN,0.9827571558314995,NaN,0.9827571558314995,1.003960796489675
TSC_neg,OFT-0395-00,medium,3.8989937028413486,827,1.0151299221842391,0.9674866613634412,0.9530668343237437,0.9458569208038949,0.9566717910836682,0.9674866613634412,NaN,0.9530668343237437,NaN,0.9530668343237437,1.0151299221842391
TSC_neg,OFT-0395-00,fast,4.419080811771218,828,1.0035013716976133,0.9002569937259396,0.8971158576524751,0.8955452896157429,0.8979011416708412,0.9002569937259396,NaN,0.8971158576524751,NaN,0.8971158576524751,1.0035013716976133
TSC_neg,OFT-0395-00,slow,3.378954680584298,829,0.9924487952116646,0.8619191858226859,0.8684772352802947,0.8717562600090993,0.8668377229158927,0.8619191858226859,NaN,0.8684772352802947,NaN,0.8684772352802947,0.9924487952116646
TSC_neg,OFT-0398-00,medium,3.586811612054537,830,1.0024084922596492,0.8899418655496862,0.887803597457122,0.8867344634108398,0.8883381644802628,0.8899418655496862,NaN,0.887803597457122,NaN,0.887803597457122,1.0024084922596492
TSC_neg,OFT-0398-00,slow,3.1226241219095843,831,1.0042672533580703,0.9331640112550753,0.9291988841961739,0.9272163206667232,0.9301901659608993,0.9331640112550753,NaN,0.9291988841961739,NaN,0.9291988841961739,1.0042672533580703
TSC_neg,OFT-0398-00,fast,4.318956599409392,832,1.0050477092329555,0.8435683547256547,0.8393316525933475,0.8372133015271941,0.8403908281264245,0.8435683547256547,NaN,0.8393316525933475,NaN,0.8393316525933475,1.0050477092329555
TSC_neg,OFT-0399-00,medium,3.6269047265541317,833,0.9990769053110499,0.9227799835380572,0.9236325838707696,0.9240588840371259,0.9234194337875916,0.9227799835380572,NaN,0.9236325838707696,NaN,0.9236325838707696,0.9990769053110499
TSC_neg,OFT-0399-00,slow,3.036732582737281,834,1.016186822454032,0.77455843903651,0.7622205109548621,0.756051546914038,0.765304992975274,0.77455843903651,NaN,0.7622205109548621,NaN,0.7622205109548621,1.016186822454032
TSC_neg,OFT-0399-00,fast,4.432517196788314,835,1.0074919293373772,0.9731281028572822,0.9658917104152925,0.962273514194298,0.9677008085257899,0.9731281028572822,NaN,0.9658917104152925,NaN,0.9658917104152925,1.0074919293373772
TSC_neg,OFT-0410-00,fast,4.834772504393114,836,1.0011247043324283,0.9291783371687045,0.9281344603201064,0.9276125218958073,0.9283954295322558,0.9291783371687045,NaN,0.9281344603201064,NaN,0.9281344603201064,1.0011247043324283
TSC_neg,OFT-0410-00,medium,3.949584511105879,837,1.0018552006402672,0.8859674797382873,0.884326875951816,0.8835065740585804,0.8847370268984338,0.8859674797382873,NaN,0.884326875951816,NaN,0.884326875951816,1.0018552006402672
TSC_neg,OFT-0410-00,slow,3.2474605732015642,838,0.9946082003387822,0.8084931390188234,0.8128760035795356,0.8150674358598919,0.8117802874393576,0.8084931390188234,NaN,0.8128760035795356,NaN,0.8128760035795356,0.9946082003387822
TSC_neg,OFT-0411-00,fast,5.299422410096592,839,1.006906003763056,0.9069653102129873,0.9007447634867947,0.8976344901236981,0.9022999001683427,0.9069653102129873,NaN,0.9007447634867947,NaN,0.9007447634867947,1.006906003763056
TSC_neg,OFT-0411-00,slow,3.429345495887322,840,0.9975460466272882,0.6945632306933248,0.6962718493463526,0.6971261586728663,0.6958446946830955,0.6945632306933248,NaN,0.6962718493463526,NaN,0.6962718493463526,0.9975460466272882
TSC_neg,OFT-0411-00,medium,4.294658868221697,841,1.0047931125806207,0.9149641091302805,0.9105995031956068,0.9084172002282703,0.9116906546792753,0.9149641091302805,NaN,0.9105995031956068,NaN,0.9105995031956068,1.0047931125806207
TSC_neg,OFT-0414-00,fast,4.653667463015169,842,1.006728487537031,0.9241601081169877,0.9179834677947304,0.9148951476336017,0.9195276278752946,0.9241601081169877,NaN,0.9179834677947304,NaN,0.9179834677947304,1.006728487537031
TSC_neg,OFT-0414-00,slow,3.173847505344554,844,1.001942967563835,0.932218350632172,0.9304105930288685,0.9295067142272166,0.9308625324296943,0.932218350632172,NaN,0.9304105930288685,NaN,0.9304105930288685,1.001942967563835
TSC_neg,OFT-0415-00,medium,3.5958888925656343,845,1.0113789997174616,0.8444383419809582,0.8349375874097249,0.8301872101241081,0.8373127760525332,0.8444383419809582,NaN,0.8349375874097249,NaN,0.8349375874097249,1.0113789997174616
TSC_neg,OFT-0415-00,fast,4.559592510788851,846,0.9963234188018198,0.7844883829867646,0.7873832614816899,0.7888307007291524,0.7866595418579584,0.7844883829867646,NaN,0.7873832614816899,NaN,0.7873832614816899,0.9963234188018198
TSC_neg,OFT-0415-00,slow,2.9984687716111673,847,0.9315379637102137,0.8676559413421738,0.9314230607267956,0.9633066204191063,0.9154812808806401,0.8676559413421738,NaN,0.9314230607267956,NaN,0.9314230607267956,0.9315379637102137
TSC_neg,OFT-0456-00,medium,4.404837717723942,848,1.0050111453775148,0.9699667895983397,0.9651303809511372,0.9627121766275362,0.9663394831129379,0.9699667895983397,NaN,0.9651303809511372,NaN,0.9651303809511372,1.0050111453775148
TSC_neg,OFT-0456-00,fast,5.346499684865495,849,0.9991689118396991,0.9738746308433339,0.9746846797406931,0.9750897041893727,0.9744821675163533,0.9738746308433339,NaN,0.9746846797406931,NaN,0.9746846797406931,0.9991689118396991
TSC_neg,OFT-0456-00,slow,3.5851980316460677,850,1.001968679439613,0.9653109884587332,0.9634143344666404,0.962466007470594,0.9638884979646635,0.9653109884587332,NaN,0.9634143344666404,NaN,0.9634143344666404,1.001968679439613
TSC_neg,OFT-0457-00,medium,3.558863341796384,851,1.002579058285674,0.9633869783131674,0.9609087386689268,0.9596696188468065,0.961528298579987,0.9633869783131674,NaN,0.9609087386689268,NaN,0.9609087386689268,1.002579058285674
TSC_neg,OFT-0457-00,slow,3.072339781767168,852,0.9638544727388352,0.6734975052758511,0.698754349670732,0.7113827718681726,0.6924401385720118,0.6734975052758511,NaN,0.698754349670732,NaN,0.698754349670732,0.9638544727388352
TSC_neg,OFT-0457-00,fast,4.263613906697946,853,0.9984308661684045,0.9113112073939343,0.9127434239800678,0.9134595322731347,0.9123853698335345,0.9113112073939343,NaN,0.9127434239800678,NaN,0.9127434239800678,0.9984308661684045
TSC_neg,OFT-0458-00,fast,5.562909010612005,854,1.0125914999220318,0.8876560096987158,0.8766180732971431,0.871099105096357,0.8793775573975363,0.8876560096987158,NaN,0.8766180732971431,NaN,0.8766180732971431,1.0125914999220318
TSC_neg,OFT-0458-00,slow,3.692850057131353,855,0.9876035231229701,0.7942183752820114,0.8041874666167229,0.8091720122840788,0.8016951937830451,0.7942183752820114,NaN,0.8041874666167229,NaN,0.8041874666167229,0.9876035231229701
TSC_neg,OFT-0458-00,medium,4.561727246251197,856,0.9962004676321121,0.887966575916044,0.8913533016368369,0.8930466644972335,0.8905066202066387,0.887966575916044,NaN,0.8913533016368369,NaN,0.8913533016368369,0.9962004676321121
TSC_neg,OFT-0460-00,slow,4.4721081410527574,857,0.9855274772291208,0.8427990114853557,0.8551755592395495,0.8613638331166465,0.8520814223010011,0.8427990114853557,NaN,0.8551755592395495,NaN,0.8551755592395495,0.9855274772291208
TSC_neg,OFT-0460-00,medium,5.620861277078143,858,0.9947513363332063,0.9707704472642552,0.9758925791873293,0.9784536451488661,0.9746120462065608,0.9707704472642552,NaN,0.9758925791873293,NaN,0.9758925791873293,0.9947513363332063
TSC_neg,OFT-0460-00,fast,6.892108258609201,859,0.9924617451859047,0.8402802555043739,0.8466626140305039,0.849853793293569,0.8450670243989713,0.8402802555043739,NaN,0.8466626140305039,NaN,0.8466626140305039,0.9924617451859047
TSC_neg,OFT-0469-00,slow,3.8380231773479263,860,0.9989510509079954,0.9469809615599862,0.9479753394315257,0.9484725283672957,0.9477267449636411,0.9469809615599862,NaN,0.9479753394315257,NaN,0.9479753394315257,0.9989510509079954
TSC_neg,OFT-0469-00,fast,6.130687959793423,861,1.0045545662763347,0.9963739430489955,0.9918564670332813,0.9895977290254243,0.9929858360372099,0.9963739430489955,NaN,0.9918564670332813,NaN,0.9918564670332813,1.0045545662763347
TSC_neg,OFT-0469-00,medium,5.096794196602124,862,1.0010174801639622,0.9428280065461092,0.94186967283696,0.941390505982385,0.9421092562642471,0.9428280065461092,NaN,0.94186967283696,NaN,0.94186967283696,1.0010174801639622
TSC_neg,OFT-0471-00,medium,4.583237487361451,863,0.9869684099820041,0.8191383243216979,0.8299539438517932,0.8353617536168407,0.8272500389692693,0.8191383243216979,NaN,0.8299539438517932,NaN,0.8299539438517932,0.9869684099820041
TSC_neg,OFT-0471-00,fast,5.821028573895502,864,1.0004805391602152,0.9221176917965912,0.9216747909665487,0.9214533405515275,0.9217855161740593,0.9221176917965912,NaN,0.9216747909665487,NaN,0.9216747909665487,1.0004805391602152
TSC_neg,OFT-0471-00,slow,3.584359872762439,865,1.0037679093804568,0.8816289408084407,0.8783195124783353,0.8766647983132829,0.8791468695608619,0.8816289408084407,NaN,0.8783195124783353,NaN,0.8783195124783353,1.0037679093804568
TSC_neg,OFT-0472-00,medium,3.573636655891582,866,0.9978326317005228,0.9257557444023096,0.927766556225588,0.9287719621372275,0.9272638532697685,0.9257557444023096,NaN,0.927766556225588,NaN,0.927766556225588,0.9978326317005228
TSC_neg,OFT-0472-00,fast,4.207579016589428,867,0.9995171122265609,0.9672630910388933,0.967730396215211,0.96796404880337,0.9676135699211317,0.9672630910388933,NaN,0.967730396215211,NaN,0.967730396215211,0.9995171122265609
TSC_neg,OFT-0472-00,slow,3.0482729781192983,868,1.0090026306093531,0.9657823389196616,0.9571653329946325,0.9528568300321177,0.9593195844758897,0.9657823389196616,NaN,0.9571653329946325,NaN,0.9571653329946325,1.0090026306093531
TSC_neg,OFT-0473-00,slow,3.7609669089355715,869,0.9993249753095311,0.9560094996348083,0.9566552655593279,0.9569781485215877,0.9564938240781979,0.9560094996348083,NaN,0.9566552655593279,NaN,0.9566552655593279,0.9993249753095311
TSC_neg,OFT-0473-00,medium,4.56776113523638,870,1.005567551491705,0.884695884699748,0.8797975664462815,0.8773484073195482,0.881022146009648,0.884695884699748,NaN,0.8797975664462815,NaN,0.8797975664462815,1.005567551491705
TSC_neg,OFT-0473-00,fast,5.4585240705834845,871,1.0051785051428344,0.956459115503301,0.9515316041973952,0.9490678485444424,0.9527634820238717,0.956459115503301,NaN,0.9515316041973952,NaN,0.9515316041973952,1.0051785051428344
TSC_neg,OFT-0474-00,medium,4.265780260858688,872,1.013174438670692,0.9101752209148863,0.8983400944353245,0.8924225311955436,0.901298876055215,0.9101752209148863,NaN,0.8983400944353245,NaN,0.8983400944353245,1.013174438670692
TSC_neg,OFT-0474-00,fast,5.586847795680023,873,0.9962333612355925,0.9718959127905811,0.9755705345835572,0.9774078454800454,0.9746518791353134,0.9718959127905811,NaN,0.9755705345835572,NaN,0.9755705345835572,0.9962333612355925
TSC_neg,OFT-0474-00,slow,3.3624738269205303,874,1.002782299723224,0.8684660072353754,0.8660563788123093,0.8648515646007763,0.8666587859180758,0.8684660072353754,NaN,0.8660563788123093,NaN,0.8660563788123093,1.002782299723224
TSC_neg,OFT-0476-00,fast,6.364510273348619,875,0.997821577123705,0.9085465035317284,0.9105300229633051,0.9115217826790936,0.910034143105411,0.9085465035317284,NaN,0.9105300229633051,NaN,0.9105300229633051,0.997821577123705
TSC_neg,OFT-0476-00,slow,3.635574703641064,876,0.997001895298819,0.8851140974535399,0.8877757420794627,0.889106564392424,0.887110330922982,0.8851140974535399,NaN,0.8877757420794627,NaN,0.8877757420794627,0.997001895298819
TSC_neg,OFT-0476-00,medium,4.840982695502038,877,1.0021110044549093,0.9082839320424858,0.9063705797109174,0.9054139035451334,0.9068489177938096,0.9082839320424858,NaN,0.9063705797109174,NaN,0.9063705797109174,1.0021110044549093
TSC_neg,OFT-0481-00,slow,3.4198013140756256,878,1.0060870392718912,0.8683285502618666,0.8630749789702877,0.8604481933244983,0.8643883717931826,0.8683285502618666,NaN,0.8630749789702877,NaN,0.8630749789702877,1.0060870392718912
TSC_neg,OFT-0481-00,medium,4.217475178468248,879,1.000924867709776,0.9124757585826317,0.9116326190101307,0.9112110492238803,0.9118434039032561,0.9124757585826317,NaN,0.9116326190101307,NaN,0.9116326190101307,1.000924867709776
TSC_neg,OFT-0481-00,fast,4.984708125097997,880,1.000684860862581,0.9535011625552005,0.9528485938453105,0.9525223094903653,0.953011736022783,0.9535011625552005,NaN,0.9528485938453105,NaN,0.9528485938453105,1.000684860862581
TSC_neg,OFT-0482-00,medium,3.818930509093698,881,0.9971898384382077,0.8436334457214392,0.8460108729574826,0.8471995865755045,0.8454165161484718,0.8436334457214392,NaN,0.8460108729574826,NaN,0.8460108729574826,0.9971898384382077
TSC_neg,OFT-0482-00,fast,4.7331730489365,882,0.9887700686341007,0.831957566130127,0.8414065034142908,0.8461309720563728,0.8390442690932498,0.831957566130127,NaN,0.8414065034142908,NaN,0.8414065034142908,0.9887700686341007
TSC_neg,OFT-0482-00,slow,3.1338496086380654,883,0.9939971304412561,0.8340265732235816,0.8390633611319781,0.8415817550861766,0.8378041641548792,0.8340265732235816,NaN,0.8390633611319781,NaN,0.8390633611319781,0.9939971304412561
TSC_neg,OFT-0483-00,fast,6.605888561202442,884,1.0004628402685534,0.9254467326198724,0.9250185967641293,0.924804528836258,0.9251256307280651,0.9254467326198724,NaN,0.9250185967641293,NaN,0.9250185967641293,1.0004628402685534
TSC_neg,OFT-0483-00,medium,4.905359371950425,885,1.0076553385519131,0.8102588950626893,0.8041032127384952,0.8010253715763977,0.8056421333195436,0.8102588950626893,NaN,0.8041032127384952,NaN,0.8041032127384952,1.0076553385519131
TSC_neg,OFT-0483-00,slow,3.719170999484902,886,1.0025601692040584,0.9323460575877123,0.9299651893490943,0.9287747552297854,0.9305604064087488,0.9323460575877123,NaN,0.9299651893490943,NaN,0.9299651893490943,1.0025601692040584
TSC_neg,OFT-0488-00,fast,5.2702610367316725,887,1.0032315198728323,0.9288106936628568,0.9258188915162785,0.9243229904429895,0.9265668420529232,0.9288106936628568,NaN,0.9258188915162785,NaN,0.9258188915162785,1.0032315198728323
TSC_neg,OFT-0488-00,medium,4.219191832868446,888,1.0016775178315163,0.9339913463863289,0.9324271831599874,0.9316451015468168,0.9328182239665728,0.9339913463863289,NaN,0.9324271831599874,NaN,0.9324271831599874,1.0016775178315163
TSC_neg,OFT-0488-00,slow,3.2030364120394266,889,0.998486532052998,0.9345003218443115,0.9359168019250858,0.936625041965473,0.9355626819048921,0.9345003218443115,NaN,0.9359168019250858,NaN,0.9359168019250858,0.998486532052998
TSC_neg,OFT-0490-00,fast,5.02150805420161,890,0.9973788359073776,0.8462978867363236,0.8485220021401333,0.849634059842038,0.8479659732891809,0.8462978867363236,NaN,0.8485220021401333,NaN,0.8485220021401333,0.9973788359073776
TSC_neg,OFT-0490-00,medium,4.321360501965476,891,0.9963022161199373,0.9303166621438175,0.9337695400968813,0.9354959790734132,0.9329063206086154,0.9303166621438175,NaN,0.9337695400968813,NaN,0.9337695400968813,0.9963022161199373
TSC_neg,OFT-0490-00,slow,3.6705546510506277,892,1.013398526861992,0.9772034711534556,0.9642834928716394,0.957823503730731,0.9675134874420932,0.9772034711534556,NaN,0.9642834928716394,NaN,0.9642834928716394,1.013398526861992
TSC_neg,OFT-0491-00,fast,4.706617622005911,893,1.0006053335619154,0.9091551533635487,0.9086051441752504,0.9083301395811008,0.9087426464723248,0.9091551533635487,NaN,0.9086051441752504,NaN,0.9086051441752504,1.0006053335619154
TSC_neg,OFT-0491-00,medium,3.8640006750125986,894,1.0156296333239205,0.873880698241741,0.860432454478245,0.853708332596497,0.8637945154191191,0.873880698241741,NaN,0.860432454478245,NaN,0.860432454478245,1.0156296333239205
TSC_neg,OFT-0491-00,slow,3.2114562729723164,895,0.9935033817455455,0.817058370733783,0.8224011973650701,0.825072610680714,0.8210654907072485,0.817058370733783,NaN,0.8224011973650701,NaN,0.8224011973650701,0.9935033817455455
TSC_neg,OFT-0512-00,slow,3.5363371938209456,896,1.002740343054118,0.9156774755238285,0.9131750625838829,0.9119238561139102,0.9138006658188695,0.9156774755238285,NaN,0.9131750625838829,NaN,0.9131750625838829,1.002740343054118
TSC_neg,OFT-0512-00,medium,4.344498127462601,897,0.9924780546712143,0.8869606063447552,0.8936828398070578,0.8970439565382093,0.8920022814414823,0.8869606063447552,NaN,0.8936828398070578,NaN,0.8936828398070578,0.9924780546712143
TSC_neg,OFT-0512-00,fast,5.368227096594196,898,1.0004017594539494,0.9310648280775438,0.9306909142040575,0.9305039572673144,0.9307843926724291,0.9310648280775438,NaN,0.9306909142040575,NaN,0.9306909142040575,1.0004017594539494
TSC_neg,OFT-0527-00,medium,3.8848272785542153,899,0.9998092645129545,0.9347038424567418,0.9348821576604133,0.934971315262249,0.9348375788594955,0.9347038424567418,NaN,0.9348821576604133,NaN,0.9348821576604133,0.9998092645129545
TSC_neg,OFT-0527-00,slow,3.2689873064815234,900,0.9968137726821038,0.7753149857368993,0.7777932117157422,0.7790323247051638,0.7771736552210315,0.7753149857368993,NaN,0.7777932117157422,NaN,0.7777932117157422,0.9968137726821038
TSC_neg,OFT-0527-00,fast,4.804129971633272,901,1.0072641280564425,0.8956095749416059,0.8891506706088316,0.8859212184424444,0.8907653966920251,0.8956095749416059,NaN,0.8891506706088316,NaN,0.8891506706088316,1.0072641280564425
TSC_neg,OFT-0530-00,fast,4.9952229746334575,902,0.9931479316232718,0.8372680879769603,0.8430446878225579,0.8459329877453569,0.8416005378611586,0.8372680879769603,NaN,0.8430446878225579,NaN,0.8430446878225579,0.9931479316232718
TSC_neg,OFT-0530-00,medium,3.8292747882485294,904,1.0290481377719458,0.6768242249447853,0.6577187209241915,0.6481659689138946,0.6624950969293399,0.6768242249447853,NaN,0.6577187209241915,NaN,0.6577187209241915,1.0290481377719458
TSC_neg,OFT-0538-00,slow,3.170112693574481,905,1.0014409209227246,0.8726265602267442,0.871370983545099,0.8707431952042765,0.8716848777155104,0.8726265602267442,NaN,0.871370983545099,NaN,0.871370983545099,1.0014409209227246
TSC_neg,OFT-0538-00,medium,3.836603250968371,906,1.0011806734107864,0.9607021401935941,0.9595692023505692,0.9590027334290565,0.9598524368113253,0.9607021401935941,NaN,0.9595692023505692,NaN,0.9595692023505692,1.0011806734107864
TSC_neg,OFT-0538-00,fast,4.574749525739784,907,0.9979854091306818,0.9147321615341866,0.9165786925993088,0.91750195813187,0.9161170598330282,0.9147321615341866,NaN,0.9165786925993088,NaN,0.9165786925993088,0.9979854091306818
TSC_neg,OFT-0545-00,slow,3.278749113611854,908,0.995510149528849,0.8600737963230985,0.863952815277826,0.8658923247551896,0.8629830605391441,0.8600737963230985,NaN,0.863952815277826,NaN,0.863952815277826,0.995510149528849
TSC_neg,OFT-0545-00,medium,3.8256478640428733,909,1.0087265641840386,0.9421451872503503,0.9339946232232458,0.9299193412096934,0.9360322642300218,0.9421451872503503,NaN,0.9339946232232458,NaN,0.9339946232232458,1.0087265641840386
TSC_neg,OFT-0545-00,fast,4.4548492209598916,910,1.0117987359057463,0.8930904754595441,0.8826760142767559,0.8774687836853619,0.885279629572453,0.8930904754595441,NaN,0.8826760142767559,NaN,0.8826760142767559,1.0117987359057463
TSC_neg,OFT-0587-00,slow,3.386887824417972,911,1.0027756634311469,0.9765700163225848,0.9738668896102888,0.9725153262541408,0.9745426712883628,0.9765700163225848,NaN,0.9738668896102888,NaN,0.9738668896102888,1.0027756634311469
TSC_neg,OFT-0587-00,fast,5.206142921743413,912,0.997815227135805,0.9413347778652101,0.943395883591875,0.9444264364552074,0.9428806071602088,0.9413347778652101,NaN,0.943395883591875,NaN,0.943395883591875,0.997815227135805
TSC_neg,OFT-0587-00,medium,4.192967514247591,913,1.0073254061973824,0.9309330832697886,0.9241632123466715,0.9207782768851129,0.9258556800774508,0.9309330832697886,NaN,0.9241632123466715,NaN,0.9241632123466715,1.0073254061973824
TSC_neg,OFT-0590-00,slow,3.6232920836784266,914,1.0000847644639628,0.9016908462701156,0.901614421406984,0.9015762089754182,0.9016335276227669,0.9016908462701156,NaN,0.901614421406984,NaN,0.901614421406984,1.0000847644639628
TSC_neg,OFT-0590-00,fast,5.291387197712308,915,1.0111960622871217,0.8952573347748917,0.8853449574852972,0.8803887688404999,0.8878230518076958,0.8952573347748917,NaN,0.8853449574852972,NaN,0.8853449574852972,1.0111960622871217
TSC_neg,OFT-0590-00,medium,4.347097573360227,916,0.9995642048600238,0.9628876465503045,0.9633074512558646,0.9635173536086445,0.9632025000794746,0.9628876465503045,NaN,0.9633074512558646,NaN,0.9633074512558646,0.9995642048600238
TSC_neg,OFT-0593-00,medium,4.276031679055347,917,1.0060591038296156,0.9575708040283226,0.9518037264245015,0.948920187622591,0.9532454958254568,0.9575708040283226,NaN,0.9518037264245015,NaN,0.9518037264245015,1.0060591038296156
TSC_neg,OFT-0593-00,fast,5.470839546831834,918,1.0060090714712262,0.9477099678451465,0.942049127309736,0.9392187070420306,0.9434643374435885,0.9477099678451465,NaN,0.942049127309736,NaN,0.942049127309736,1.0060090714712262
TSC_neg,OFT-0593-00,slow,3.3977518830950837,919,1.011748222864252,0.9677732936318705,0.9565356990616808,0.9509169017765862,0.9593450977042284,0.9677732936318705,NaN,0.9565356990616808,NaN,0.9565356990616808,1.011748222864252
TSC_neg,OFT-0596-00,fast,5.0887885750837105,920,1.0004136256125482,0.9683930284074612,0.9679926418580305,0.9677924485833147,0.968092738495388,0.9683930284074612,NaN,0.9679926418580305,NaN,0.9679926418580305,1.0004136256125482
TSC_neg,OFT-0596-00,slow,3.3318683723824654,921,0.9974032239498863,0.8198130138906927,0.8219474272843171,0.8230146339811294,0.821413823935911,0.8198130138906927,NaN,0.8219474272843171,NaN,0.8219474272843171,0.9974032239498863
TSC_neg,OFT-0596-00,medium,4.06103989577924,922,0.999522697455407,0.9593458553422414,0.9598039722204926,0.9600330306596183,0.9596894430009298,0.9593458553422414,NaN,0.9598039722204926,NaN,0.9598039722204926,0.999522697455407
TSC_neg,OFT-0600-00,medium,4.058772287639343,923,0.9936552881075056,0.8862687633305781,0.8919277881754613,0.894757300597903,0.8905130319642405,0.8862687633305781,NaN,0.8919277881754613,NaN,0.8919277881754613,0.9936552881075056
TSC_neg,OFT-0600-00,fast,4.92926661827107,924,1.01573316541969,0.9914950546823809,0.9761373246808436,0.9684584596800752,0.979976757181228,0.9914950546823809,NaN,0.9761373246808436,NaN,0.9761373246808436,1.01573316541969
TSC_neg,OFT-0600-00,slow,3.192985572959552,925,1.0010280909246205,0.9697241528872421,0.9687282122038514,0.9682302418621562,0.9689771973746991,0.9697241528872421,NaN,0.9687282122038514,NaN,0.9687282122038514,1.0010280909246205
TSC_neg,OFT-0603-00,medium,4.430315681013755,926,1.0028672745078173,0.9451810260375029,0.9424786809414781,0.9411275083934657,0.9431542672154843,0.9451810260375029,NaN,0.9424786809414781,NaN,0.9424786809414781,1.0028672745078173
TSC_neg,OFT-0603-00,fast,5.456996580583005,927,1.0079812249157276,0.9142556379736977,0.9070165350055346,0.9033969835214529,0.9088263107475753,0.9142556379736977,NaN,0.9070165350055346,NaN,0.9070165350055346,1.0079812249157276
TSC_neg,OFT-0603-00,slow,3.386709967723746,928,1.009496541251638,0.9635846807467188,0.9545200417943039,0.9499877223180966,0.9567862015324076,0.9635846807467188,NaN,0.9545200417943039,NaN,0.9545200417943039,1.009496541251638
TSC_neg,OFT-0609-00,fast,5.1062889669148435,929,1.0112564641393302,0.8850171323881177,0.8751658592771978,0.8702402227217378,0.8776286775549278,0.8850171323881177,NaN,0.8751658592771978,NaN,0.8751658592771978,1.0112564641393302
TSC_neg,OFT-0609-00,slow,3.050803359115185,930,1.0006871638749335,0.8783147913238676,0.8777116595787972,0.8774100937062621,0.8778624425150647,0.8783147913238676,NaN,0.8777116595787972,NaN,0.8777116595787972,1.0006871638749335
TSC_neg,OFT-0609-00,medium,3.9320043036371017,931,0.9992125846260238,0.9079874127968255,0.908702939461735,0.9090607027941896,0.9085240577955076,0.9079874127968255,NaN,0.908702939461735,NaN,0.908702939461735,0.9992125846260238
TSC_neg,OFT-0615-00,fast,5.506124833261599,932,1.0107583169033405,0.8764113145145139,0.8670829612360497,0.8624187845968176,0.8694150495556657,0.8764113145145139,NaN,0.8670829612360497,NaN,0.8670829612360497,1.0107583169033405
TSC_neg,OFT-0615-00,slow,3.2487486426114844,933,0.9997077270028901,0.9766949479443083,0.976980492961104,0.9771232654695017,0.9769091067069051,0.9766949479443083,NaN,0.976980492961104,NaN,0.976980492961104,0.9997077270028901
TSC_neg,OFT-0615-00,medium,4.171631765157529,934,1.0005752482229562,0.8977984781863219,0.8972823181273292,0.8970242380978329,0.8974113581420775,0.8977984781863219,NaN,0.8972823181273292,NaN,0.8972823181273292,1.0005752482229562
TSC_neg,OFT-0616-00,slow,3.6514797776134214,935,1.0053042062334319,0.8039885915602616,0.7997465708141833,0.7976255604411441,0.8008070760007029,0.8039885915602616,NaN,0.7997465708141833,NaN,0.7997465708141833,1.0053042062334319
TSC_neg,OFT-0616-00,fast,5.133875815612934,936,1.0119141743735438,0.857218152943256,0.8471253537622823,0.8420789541717952,0.8496485535575256,0.857218152943256,NaN,0.8471253537622823,NaN,0.8471253537622823,1.0119141743735438
TSC_neg,OFT-0616-00,medium,4.368222937986188,937,1.0267971371491034,0.7692332483515572,0.7491579597575905,0.7391203154606072,0.7541767819060821,0.7692332483515572,NaN,0.7491579597575905,NaN,0.7491579597575905,1.0267971371491034
TSC_neg,OFT-0618-00,slow,3.4594488137018384,938,1.011201237687189,0.9115678550259847,0.9014702722387039,0.8964214808450637,0.9039946679355242,0.9115678550259847,NaN,0.9014702722387039,NaN,0.9014702722387039,1.011201237687189
TSC_neg,OFT-0618-00,medium,4.161729068890309,939,1.0042912029234636,0.9308669807364753,0.926889509762455,0.9249007742754449,0.9278838775059602,0.9308669807364753,NaN,0.926889509762455,NaN,0.926889509762455,1.0042912029234636
TSC_neg,OFT-0618-00,fast,5.015395668245552,940,1.0111980773696965,0.9092664954452121,0.8991972154559211,0.8941625754612754,0.9017145354532439,0.9092664954452121,NaN,0.8991972154559211,NaN,0.8991972154559211,1.0111980773696965
TSC_neg,OFT-0619-00,slow,3.07243118330465,941,0.9965960363189421,0.9455769663430773,0.948806669787379,0.9504215215095299,0.9479992439263034,0.9455769663430773,NaN,0.948806669787379,NaN,0.948806669787379,0.9965960363189421
TSC_neg,OFT-0619-00,medium,3.57858851210388,942,1.005527066651023,0.8583899082346629,0.8536716083571868,0.851312458418449,0.8548511833265559,0.8583899082346629,NaN,0.8536716083571868,NaN,0.8536716083571868,1.005527066651023
TSC_neg,OFT-0619-00,fast,4.23262506968324,943,1.0001198644702338,0.9568890758097093,0.9567743925540125,0.9567170509261642,0.9568030633679367,0.9568890758097093,NaN,0.9567743925540125,NaN,0.9567743925540125,1.0001198644702338
TSC_neg,OFT-0622-00,slow,2.972025885507054,944,1.0246810120119487,0.8059192759171154,0.7865074754676119,0.7768015752428601,0.7913604255799878,0.8059192759171154,NaN,0.7865074754676119,NaN,0.7865074754676119,1.0246810120119487
TSC_neg,OFT-0622-00,medium,3.384949094974995,945,0.9959232279309814,0.8944868854355796,0.8981484318764865,0.89997920509694,0.8972330452662598,0.8944868854355796,NaN,0.8981484318764865,NaN,0.8981484318764865,0.9959232279309814
TSC_neg,OFT-0622-00,fast,4.0149753714270195,946,1.006971246442525,0.8810582731638865,0.8749587202976553,0.8719089438645398,0.8764836085142131,0.8810582731638865,NaN,0.8749587202976553,NaN,0.8749587202976553,1.006971246442525
TSC_neg,OFT-0623-00,slow,3.1780710470258517,947,0.9940370288557833,0.8666168632291786,0.8718154737421849,0.874414778998688,0.8705158211139334,0.8666168632291786,NaN,0.8718154737421849,NaN,0.8718154737421849,0.9940370288557833
TSC_neg,OFT-0623-00,medium,3.87265635941888,948,1.0004759028872818,0.9454985678921648,0.9450488164318026,0.9448239407016215,0.9451612542968932,0.9454985678921648,NaN,0.9450488164318026,NaN,0.9450488164318026,1.0004759028872818
TSC_neg,OFT-0623-00,fast,4.709887928826378,949,1.0097438279826658,0.8886759773783004,0.8801004301791644,0.8758126565795961,0.8822443169789482,0.8886759773783004,NaN,0.8801004301791644,NaN,0.8801004301791644,1.0097438279826658
TSC_neg,OFT-0625-00,medium,3.511480252049642,950,0.9992733013148686,0.9794785100430536,0.9801908134183427,0.9805469651059873,0.9800127375745205,0.9794785100430536,NaN,0.9801908134183427,NaN,0.9801908134183427,0.9992733013148686
TSC_neg,OFT-0625-00,slow,3.073219609131041,951,0.99756995973509,0.9436349486467265,0.9459336053957696,0.9470829337702912,0.9453589412085088,0.9436349486467265,NaN,0.9459336053957696,NaN,0.9459336053957696,0.99756995973509
TSC_neg,OFT-0625-00,fast,4.019008537818045,952,0.9975080140448657,0.9371009039150626,0.9394419801352232,0.9406125182453036,0.9388567110801831,0.9371009039150626,NaN,0.9394419801352232,NaN,0.9394419801352232,0.9975080140448657
TSC_neg,OFT-0626-00,medium,3.795617142014823,953,0.9931392633673579,0.7659815537727592,0.7712730550754854,0.7739188057268485,0.7699501797498038,0.7659815537727592,NaN,0.7712730550754854,NaN,0.7712730550754854,0.9931392633673579
TSC_neg,OFT-0626-00,slow,3.2420544468355876,954,1.0089975844876617,0.8552585960757575,0.8476319559377655,0.8438186358687694,0.8495386159722633,0.8552585960757575,NaN,0.8476319559377655,NaN,0.8476319559377655,1.0089975844876617
TSC_neg,OFT-0626-00,fast,4.4160096656369685,955,1.0002649521516573,0.9334037519898696,0.9331565101646685,0.9330328892520682,0.9332183206209689,0.9334037519898696,NaN,0.9331565101646685,NaN,0.9331565101646685,1.0002649521516573
TSC_neg,OFT-0627-00,fast,3.730396708478961,956,1.0002020880090623,0.8506380055046,0.8504661364963005,0.8503802019921507,0.8505091037483754,0.8506380055046,NaN,0.8504661364963005,NaN,0.8504661364963005,1.0002020880090623
TSC_neg,OFT-0627-00,medium,3.0853420148851325,957,1.0250881202665612,0.7621594663888206,0.7435062911378103,0.7341797035123053,0.748169584950563,0.7621594663888206,NaN,0.7435062911378103,NaN,0.7435062911378103,1.0250881202665612
TSC_neg,OFT-0627-00,slow,2.7663610655565147,958,1.0041689575752761,0.9676954219192029,0.9636778896808916,0.9616691235617358,0.9646822727404695,0.9676954219192029,NaN,0.9636778896808916,NaN,0.9636778896808916,1.0041689575752761
TSC_neg,OFT-0629-00,fast,3.4406762671966957,959,0.9993968955280348,0.9818696969175594,0.9824622242785587,0.9827584879590581,0.9823140924383087,0.9818696969175594,NaN,0.9824622242785587,NaN,0.9824622242785587,0.9993968955280348
TSC_neg,OFT-0629-00,medium,3.098923475083277,960,1.0066650298896909,0.9314508194851845,0.9252837754652625,0.9222002534553014,0.9268255364702429,0.9314508194851845,NaN,0.9252837754652625,NaN,0.9252837754652625,1.0066650298896909
TSC_neg,OFT-0629-00,slow,2.7412265549600296,961,1.0120766824760323,0.7498694323612517,0.7409215579660485,0.7364476207684472,0.7431585265648495,0.7498694323612517,NaN,0.7409215579660485,NaN,0.7409215579660485,1.0120766824760323
TSC_neg,OFT-0631-00,medium,3.1897201434014755,962,1.008294787236211,0.8807123967639644,0.8734671724110004,0.8698445602345182,0.8752784784992413,0.8807123967639644,NaN,0.8734671724110004,NaN,0.8734671724110004,1.008294787236211
TSC_neg,OFT-0631-00,slow,2.689239499755639,963,1.001637223445055,0.9572893647788939,0.9557246300076289,0.9549422626219964,0.9561158137004452,0.9572893647788939,NaN,0.9557246300076289,NaN,0.9557246300076289,1.001637223445055
TSC_neg,OFT-0631-00,fast,3.792788337705346,964,1.0026164339302484,0.9202036201276044,0.9178022511763682,0.9166015667007499,0.918402593414177,0.9202036201276044,NaN,0.9178022511763682,NaN,0.9178022511763682,1.0026164339302484
TSC_neg,OFT-0633-00,fast,3.4140937474099213,965,0.9999967577781845,0.9960545642027497,0.9960577936430578,0.9960594083632116,0.9960569862829807,0.9960545642027497,NaN,0.9960577936430578,NaN,0.9960577936430578,0.9999967577781845
TSC_neg,OFT-0633-00,slow,2.737193939477318,966,1.0065325160123855,0.7997474617375196,0.7945570053771404,0.7919617771969507,0.7958546194672351,0.7997474617375196,NaN,0.7945570053771404,NaN,0.7945570053771404,1.0065325160123855
TSC_neg,OFT-0633-00,medium,3.0478471252333805,967,1.004907417660164,0.8684924525027442,0.8642512108478115,0.8621305900203451,0.8653115212615445,0.8684924525027442,NaN,0.8642512108478115,NaN,0.8642512108478115,1.004907417660164
TSC_neg,OFT-0635-00,medium,4.072426247767327,968,0.9970531974721203,0.8366833994078922,0.839156227099194,0.840392640944845,0.8385380201763686,0.8366833994078922,NaN,0.839156227099194,NaN,0.839156227099194,0.9970531974721203
TSC_neg,OFT-0635-00,fast,4.801584295277011,969,1.0042819430764038,0.8671235783498809,0.8634264355023974,0.8615778640786556,0.8643507212142683,0.8671235783498809,NaN,0.8634264355023974,NaN,0.8634264355023974,1.0042819430764038
TSC_neg,OFT-0635-00,slow,3.3013301398891977,970,1.012363949380665,0.836878986389455,0.8266582259289589,0.8215478456987109,0.8292134160440829,0.836878986389455,NaN,0.8266582259289589,NaN,0.8266582259289589,1.012363949380665
TSC_neg,OFT-0638-00,slow,3.7879677515342656,971,1.007497112379253,0.8511921169214991,0.8448581206464878,0.8416911225089823,0.8464416197152407,0.8511921169214991,NaN,0.8448581206464878,NaN,0.8448581206464878,1.007497112379253
TSC_neg,OFT-0638-00,medium,4.476038506574597,972,1.000447145146328,0.9553942319118018,0.9549672229531562,0.9547537184738335,0.9550739751928177,0.9553942319118018,NaN,0.9549672229531562,NaN,0.9549672229531562,1.000447145146328
TSC_neg,OFT-0638-00,fast,5.328475020364506,973,0.9994742883901204,0.9364778436728065,0.936970419900662,0.9372167080145897,0.9368472758436981,0.9364778436728065,NaN,0.936970419900662,NaN,0.936970419900662,0.9994742883901204
TSC_neg,OFT-0659-00,fast,4.419306841560274,974,1.0019060058619234,0.8892353925562074,0.8875437290060088,0.8866978972309096,0.8879666448935584,0.8892353925562074,NaN,0.8875437290060088,NaN,0.8875437290060088,1.0019060058619234
TSC_neg,OFT-0659-00,medium,3.6965436007629857,975,1.0069632271808886,0.8734366676474995,0.86739678676528,0.8643768463241704,0.8689067569858349,0.8734366676474995,NaN,0.86739678676528,NaN,0.86739678676528,1.0069632271808886
TSC_neg,OFT-0659-00,slow,3.110287327850215,976,1.0062070378600585,0.9222051339994745,0.9165162827331895,0.9136718571000474,0.9179384955497607,0.9222051339994745,NaN,0.9165162827331895,NaN,0.9165162827331895,1.0062070378600585
TSC_neg,OFT-0672-00,medium,3.228281905147968,977,1.000006097933548,0.916970518407971,0.9169649268167812,0.9169621310211864,0.9169663247145786,0.916970518407971,NaN,0.9169649268167812,NaN,0.9169649268167812,1.000006097933548
TSC_neg,OFT-0672-00,slow,2.9402486436956403,978,1.001879399402025,0.8017829197363275,0.800278876095141,0.799526854274548,0.8006548870054377,0.8017829197363275,NaN,0.800278876095141,NaN,0.800278876095141,1.001879399402025
TSC_neg,OFT-0672-00,fast,3.626543425925075,979,1.0108505359073898,0.9455842920610082,0.9354343282928615,0.930359346408788,0.9379718192348983,0.9455842920610082,NaN,0.9354343282928615,NaN,0.9354343282928615,1.0108505359073898
TSC_neg,OFT-0680-00,medium,3.5047798635178533,980,1.0061638269446054,0.952271442849557,0.9464377642568386,0.9435209249604795,0.9478961839050182,0.952271442849557,NaN,0.9464377642568386,NaN,0.9464377642568386,1.0061638269446054
TSC_neg,OFT-0680-00,fast,4.408493350286812,981,0.9982958950159443,0.9492818889688723,0.950902326362577,0.9517125450594294,0.9504972170141509,0.9492818889688723,NaN,0.950902326362577,NaN,0.950902326362577,0.9982958950159443
TSC_neg,OFT-0680-00,slow,2.942699967612579,982,1.0033837726209849,0.908646860562631,0.9055825750391725,0.9040504322774432,0.9063486464200371,0.908646860562631,NaN,0.9055825750391725,NaN,0.9055825750391725,1.0033837726209849
new_preds,OFT-0000-00,fast,4.878165266112309,983,1.0226022062597928,0.7500337527316387,0.7334560282975686,0.7251671660805337,0.7376004594060862,0.7500337527316387,NaN,0.7334560282975686,NaN,0.7334560282975686,1.0226022062597928
new_preds,OFT-0000-00,medium,4.004421079604252,984,1.014626583262955,0.873057388382995,0.8604716284638578,0.8541787485042894,0.8636180684436422,0.873057388382995,NaN,0.8604716284638578,NaN,0.8604716284638578,1.014626583262955
new_preds,OFT-0000-00,slow,3.313133370770357,985,1.0113033695136102,0.9387184596812209,0.9282263739838035,0.9229803311350948,0.9308493954081578,0.9387184596812209,NaN,0.9282263739838035,NaN,0.9282263739838035,1.0113033695136102
new_preds,OFT-0000-01,fast,4.986656975880067,986,1.0085812894653112,0.8711379447536526,0.8637260614020286,0.8600201197262162,0.8655790322399344,0.8711379447536526,NaN,0.8637260614020286,NaN,0.8637260614020286,1.0085812894653112
new_preds,OFT-0000-01,medium,4.115068516186907,987,1.0019510888882959,0.9102702305862863,0.9084976708755983,0.9076113910202546,0.9089408108032704,0.9102702305862863,NaN,0.9084976708755983,NaN,0.9084976708755983,1.0019510888882959
new_preds,OFT-0000-01,slow,3.379674750678044,988,0.9980172570684299,0.9060483494758144,0.9078483794330726,0.9087483944117017,0.907398371943758,0.9060483494758144,NaN,0.9078483794330726,NaN,0.9078483794330726,0.9980172570684299
new_preds,OFT-0001-00,slow,3.292657053998963,989,1.0072594869869842,0.804855641103402,0.7990549123652011,0.7961545479961004,0.8005050945497513,0.804855641103402,NaN,0.7990549123652011,NaN,0.7990549123652011,1.0072594869869842
new_preds,OFT-0001-00,medium,4.031685427504413,990,0.9940461609945741,0.8744544620531708,0.8796920066350359,0.8823107789259683,0.8783826204895696,0.8744544620531708,NaN,0.8796920066350359,NaN,0.8796920066350359,0.9940461609945741
new_preds,OFT-0001-00,fast,5.065311904403232,991,1.0087833437932379,0.9335125509682471,0.9253845800606136,0.9213205946067968,0.9274165727875221,0.9335125509682471,NaN,0.9253845800606136,NaN,0.9253845800606136,1.0087833437932379
new_preds,OFT-0001-01,medium,4.051609373710005,992,1.001338724028449,0.897901127071243,0.8967006923081233,0.8961004749265635,0.8970008009989032,0.897901127071243,NaN,0.8967006923081233,NaN,0.8967006923081233,1.001338724028449
new_preds,OFT-0001-01,fast,5.026346522161009,993,0.9987160108921384,0.8980553308666573,0.8992099065924033,0.8997871944552764,0.898921262660967,0.8980553308666573,NaN,0.8992099065924033,NaN,0.8992099065924033,0.9987160108921384
new_preds,OFT-0001-01,slow,3.2655149474265195,994,1.0018213512008003,0.9843090449633856,0.9825195318342695,0.9816247752697118,0.9829669101165486,0.9843090449633856,NaN,0.9825195318342695,NaN,0.9825195318342695,1.0018213512008003
new_preds,OFT-0003-00,slow,3.2636510782742025,995,1.0006625193543637,0.8875907882683778,0.8870031315263605,0.8867093031553519,0.8871500457118648,0.8875907882683778,NaN,0.8870031315263605,NaN,0.8870031315263605,1.0006625193543637
new_preds,OFT-0003-00,fast,5.0813082760005175,996,0.9983797700616716,0.9065190660535285,0.9079902189900456,0.9087257954583043,0.9076224307559163,0.9065190660535285,NaN,0.9079902189900456,NaN,0.9079902189900456,0.9983797700616716
new_preds,OFT-0003-00,medium,4.013693750883593,997,0.9980870328087229,0.9435503233862954,0.9453587636852115,0.9462629838346693,0.9449066536104824,0.9435503233862954,NaN,0.9453587636852115,NaN,0.9453587636852115,0.9980870328087229
new_preds,OFT-0004-00,slow,3.272585020826242,998,1.0087776069229974,0.9204594874672277,0.9124503568976317,0.9084457916128337,0.9144526395400308,0.9204594874672277,NaN,0.9124503568976317,NaN,0.9124503568976317,1.0087776069229974
new_preds,OFT-0004-00,fast,4.632470617334549,999,1.0099101841481268,0.8283413670800821,0.8202129061395688,0.8161486756693119,0.8222450213746971,0.8283413670800821,NaN,0.8202129061395688,NaN,0.8202129061395688,1.0099101841481268
new_preds,OFT-0004-00,medium,3.8293391498400897,1000,1.0219564629952846,0.8183840680780667,0.8008013038827886,0.7920099217851495,0.8051969949316082,0.8183840680780667,NaN,0.8008013038827886,NaN,0.8008013038827886,1.0219564629952846
new_preds,OFT-0004-02,slow,3.166457359553093,1001,1.0172994924229057,0.9790832784064097,0.9624336645195051,0.9541088575760525,0.9665960679912311,0.9790832784064097,NaN,0.9624336645195051,NaN,0.9624336645195051,1.0172994924229057
new_preds,OFT-0004-02,medium,3.7706364355093656,1002,1.0011794840947117,0.9390830392306229,0.9379767106192375,0.9374235463135451,0.9382532927720839,0.9390830392306229,NaN,0.9379767106192375,NaN,0.9379767106192375,1.0011794840947117
new_preds,OFT-0004-02,fast,4.519883192989829,1003,0.9933541448791289,0.8235827251147356,0.8290927554492149,0.8318477706164547,0.8277152478655951,0.8235827251147356,NaN,0.8290927554492149,NaN,0.8290927554492149,0.9933541448791289
new_preds,OFT-0005-00,medium,3.6050903167974595,1004,0.9995363109063935,0.9363699563176516,0.9368043422740073,0.9370215352521851,0.9366957457849183,0.9363699563176516,NaN,0.9368043422740073,NaN,0.9368043422740073,0.9995363109063935
new_preds,OFT-0005-00,fast,4.2917038391663525,1005,1.0110356929103899,0.8585216687958056,0.849150702409374,0.844465219216158,0.8514934440059818,0.8585216687958056,NaN,0.849150702409374,NaN,0.849150702409374,1.0110356929103899
new_preds,OFT-0005-00,slow,3.136092954684976,1006,0.9972809624246917,0.9385616413172813,0.9411205835468412,0.9424000546616211,0.9404808479894512,0.9385616413172813,NaN,0.9411205835468412,NaN,0.9411205835468412,0.9972809624246917
new_preds,OFT-0005-01,fast,4.027670889929504,1007,1.0021339849336124,0.9022405436360226,0.900319275865884,0.8993586419808144,0.9007995928084185,0.9022405436360226,NaN,0.900319275865884,NaN,0.900319275865884,1.0021339849336124
new_preds,OFT-0005-01,slow,2.9102364226381257,1008,0.9975634909868728,0.9041447309014807,0.9063530683215216,0.9074572370315419,0.9058009839665113,0.9041447309014807,NaN,0.9063530683215216,NaN,0.9063530683215216,0.9975634909868728
new_preds,OFT-0005-01,medium,3.358657186746214,1009,1.0448292500058722,0.7976391249338951,0.7634157685855484,0.7463040904113749,0.7719716076726351,0.7976391249338951,NaN,0.7634157685855484,NaN,0.7634157685855484,1.0448292500058722
new_preds,OFT-0005-02,slow,2.8935066333518384,1010,1.0220798474939714,0.7979027950787471,0.7806658129842966,0.7720473219370714,0.7849750585079092,0.7979027950787471,NaN,0.7806658129842966,NaN,0.7806658129842966,1.0220798474939714
new_preds,OFT-0005-02,fast,3.6567606631694884,1011,1.0187558160697443,0.7802165759191254,0.7658523893675729,0.7586702960917968,0.7694434360054612,0.7802165759191254,NaN,0.7658523893675729,NaN,0.7658523893675729,1.0187558160697443
new_preds,OFT-0005-02,medium,3.2730044873384885,1012,1.0141521677826788,0.7859731297257784,0.7750051271341397,0.7695211258383202,0.7777471277820494,0.7859731297257784,NaN,0.7750051271341397,NaN,0.7750051271341397,1.0141521677826788
new_preds,OFT-0006-00,medium,4.024443170191741,1013,1.0244837138134972,0.8644635822540813,0.8438041235777547,0.8334743942395912,0.8489689882468363,0.8644635822540813,NaN,0.8438041235777547,NaN,0.8438041235777547,1.0244837138134972
new_preds,OFT-0006-00,fast,4.710635262695342,1014,1.0048177590615486,0.896637723251094,0.8923386506310463,0.8901891143210225,0.8934134187860583,0.896637723251094,NaN,0.8923386506310463,NaN,0.8923386506310463,1.0048177590615486
new_preds,OFT-0006-00,slow,3.4581411517522893,1015,1.0171493990206208,0.9299055455415538,0.9142271002046786,0.9063878775362411,0.9181467115388973,0.9299055455415538,NaN,0.9142271002046786,NaN,0.9142271002046786,1.0171493990206208
new_preds,OFT-0006-01,medium,3.852271148219807,1016,0.9981263890823552,0.8997026036593853,0.9013914605409266,0.9022358889816973,0.9009692463205412,0.8997026036593853,NaN,0.9013914605409266,NaN,0.9013914605409266,0.9981263890823552
new_preds,OFT-0006-01,slow,3.305381796177829,1017,1.0081171390027208,0.8453228558158687,0.8385165008226164,0.8351133233259902,0.8402180895709295,0.8453228558158687,NaN,0.8385165008226164,NaN,0.8385165008226164,1.0081171390027208
new_preds,OFT-0006-01,fast,4.728278954472913,1018,1.0082205515049372,0.8541679101754048,0.8472034307378647,0.8437211910190946,0.8489445505972497,0.8541679101754048,NaN,0.8472034307378647,NaN,0.8472034307378647,1.0082205515049372
new_preds,OFT-0006-02,slow,3.195155471775108,1019,1.0099761196173351,0.8553368788760918,0.8468882206840357,0.8426638915880078,0.8490003852320497,0.8553368788760918,NaN,0.8468882206840357,NaN,0.8468882206840357,1.0099761196173351
new_preds,OFT-0006-02,fast,4.717209483417762,1020,0.9985602961397445,0.9003028646393829,0.9016009029397551,0.9022499220899414,0.9012763933646621,0.9003028646393829,NaN,0.9016009029397551,NaN,0.9016009029397551,0.9985602961397445
new_preds,OFT-0006-02,medium,3.682545257741189,1021,1.0501816590608881,0.7316476307039868,0.6966867345200578,0.6792062864280937,0.7054269585660401,0.7316476307039868,NaN,0.6966867345200578,NaN,0.6966867345200578,1.0501816590608881
new_preds,OFT-0007-00,medium,4.097612321219012,1022,1.0151603683932713,0.8559909871265527,0.8432076485426226,0.8368159792506576,0.8464034831886053,0.8559909871265527,NaN,0.8432076485426226,NaN,0.8432076485426226,1.0151603683932713
new_preds,OFT-0007-00,fast,5.167547903427829,1023,0.9807908083344477,0.7398657738552065,0.7543563495579924,0.7616016374093852,0.7507337056322959,0.7398657738552065,NaN,0.7543563495579924,NaN,0.7543563495579924,0.9807908083344477
new_preds,OFT-0007-00,slow,3.4435811152248297,1024,1.0109029897477273,0.8467354040678524,0.8376030268534044,0.8330368382461801,0.8398861211570162,0.8467354040678524,NaN,0.8376030268534044,NaN,0.8376030268534044,1.0109029897477273
new_preds,OFT-0007-01,fast,4.719240552986146,1025,1.0179691126265014,0.8613958796500052,0.8461905857118636,0.8385879387427926,0.8499919091963989,0.8613958796500052,NaN,0.8461905857118636,NaN,0.8461905857118636,1.0179691126265014
new_preds,OFT-0007-01,medium,3.6901900349652035,1026,1.0012504393194006,0.9381642775455851,0.9369926251251401,0.9364067989149174,0.9372855382302512,0.9381642775455851,NaN,0.9369926251251401,NaN,0.9369926251251401,1.0012504393194006
new_preds,OFT-0007-01,slow,3.179733828891335,1027,1.0322545113287178,0.866021494256219,0.838961210391298,0.8254310684588374,0.8457262813575281,0.866021494256219,NaN,0.838961210391298,NaN,0.838961210391298,1.0322545113287178
new_preds,OFT-0008-00,medium,4.410861406450788,1028,1.0033046265230756,0.9071885635191141,0.9042005185034888,0.9027064959956761,0.904947529757395,0.9071885635191141,NaN,0.9042005185034888,NaN,0.9042005185034888,1.0033046265230756
new_preds,OFT-0008-00,fast,5.372266814575959,1029,1.012495496993639,0.8929918516001667,0.8819711833303856,0.876460849195495,0.8847263503978309,0.8929918516001667,NaN,0.8819711833303856,NaN,0.8819711833303856,1.012495496993639
new_preds,OFT-0008-00,slow,3.5976735214736064,1030,1.0184753338029295,0.8951806767064071,0.8789419311352912,0.8708225583497331,0.88300161752807,0.8951806767064071,NaN,0.8789419311352912,NaN,0.8789419311352912,1.0184753338029295
new_preds,OFT-0008-01,slow,3.524356348130878,1031,1.0041594567975358,0.8424909992902034,0.839001210004111,0.8372563153610645,0.839873657325634,0.8424909992902034,NaN,0.839001210004111,NaN,0.839001210004111,1.0041594567975358
new_preds,OFT-0008-01,fast,5.277628170875547,1032,1.0161119622142127,0.8099394607128358,0.7970966692960628,0.7906752735876763,0.8003073671502561,0.8099394607128358,NaN,0.7970966692960628,NaN,0.7970966692960628,1.0161119622142127
new_preds,OFT-0008-01,medium,4.405158355076594,1033,1.0267178257629117,0.8762402672646692,0.8534382527288558,0.8420372454609492,0.8591387563628092,0.8762402672646692,NaN,0.8534382527288558,NaN,0.8534382527288558,1.0267178257629117
new_preds,OFT-0009-00,fast,4.7209238134644895,1034,1.009432955982718,0.8530153432057868,0.8450440795994685,0.841058447796309,0.8470368955010479,0.8530153432057868,NaN,0.8450440795994685,NaN,0.8450440795994685,1.009432955982718
new_preds,OFT-0009-00,medium,3.94289581029128,1035,0.998162502400522,0.8631400977440699,0.8647290352705785,0.8655235040338329,0.8643318008889513,0.8631400977440699,NaN,0.8647290352705785,NaN,0.8647290352705785,0.998162502400522
new_preds,OFT-0009-00,slow,3.3552720689486106,1036,1.0251368201926014,0.8387384624939743,0.8181722146477903,0.8078890907246985,0.8233137766093365,0.8387384624939743,NaN,0.8181722146477903,NaN,0.8181722146477903,1.0251368201926014
new_preds,OFT-0009-01,medium,3.958139352953946,1037,1.0083716658398596,0.8568555120077067,0.8497417579598917,0.8461848809359844,0.8515201964718455,0.8568555120077067,NaN,0.8497417579598917,NaN,0.8497417579598917,1.0083716658398596
new_preds,OFT-0009-01,fast,4.913219224874587,1038,1.0066118945091584,0.8319402301876219,0.826475660307283,0.8237433753671137,0.8278418027773677,0.8319402301876219,NaN,0.826475660307283,NaN,0.826475660307283,1.0066118945091584
new_preds,OFT-0009-01,slow,3.371309883250447,1039,0.9991996341404493,0.9565791763323807,0.9573454029086665,0.9577285161968094,0.9571538462645952,0.9565791763323807,NaN,0.9573454029086665,NaN,0.9573454029086665,0.9991996341404493
new_preds,OFT-0010-00,medium,4.049368823347643,1040,1.0071473486945752,0.9654501218678764,0.9585986828235759,0.9551729633014254,0.9603115425846509,0.9654501218678764,NaN,0.9585986828235759,NaN,0.9585986828235759,1.0071473486945752
new_preds,OFT-0010-00,slow,3.1110927765889964,1041,1.0597458772400739,0.9815662918421997,0.9262279881649745,0.8985588363263617,0.9400625640842808,0.9815662918421997,NaN,0.9262279881649745,NaN,0.9262279881649745,1.0597458772400739
new_preds,OFT-0010-00,fast,5.169350383446414,1042,1.0200440220380513,0.7012124103096314,0.6874334785165513,0.6805440126200115,0.6908782114648213,0.7012124103096314,NaN,0.6874334785165513,NaN,0.6874334785165513,1.0200440220380513
new_preds,OFT-0010-01,slow,3.205415107371987,1043,1.0140010367796959,0.8901796859495579,0.8778883390263834,0.871742665564796,0.880961175757177,0.8901796859495579,NaN,0.8778883390263834,NaN,0.8778883390263834,1.0140010367796959
new_preds,OFT-0010-01,medium,3.894360657290227,1044,1.0052180324307447,0.9560243720065886,0.9510617012060562,0.94858036580579,0.9523023689061894,0.9560243720065886,NaN,0.9510617012060562,NaN,0.9510617012060562,1.0052180324307447
new_preds,OFT-0010-01,fast,4.900670578774587,1045,1.015588104437222,0.7978567590964256,0.7856105793387074,0.7794874894598481,0.7886721242781369,0.7978567590964256,NaN,0.7856105793387074,NaN,0.7856105793387074,1.015588104437222
new_preds,OFT-0010-02,fast,4.8188895808123995,1046,1.0052231044633375,0.8357960868021717,0.8314533192592917,0.8292819354878513,0.8325390111450115,0.8357960868021717,NaN,0.8314533192592917,NaN,0.8314533192592917,1.0052231044633375
new_preds,OFT-0010-02,slow,3.1534664715516216,1047,1.0294472375483175,0.9330875472925786,0.9063966692598792,0.8930512302435296,0.9130693887680541,0.9330875472925786,NaN,0.9063966692598792,NaN,0.9063966692598792,1.0294472375483175
new_preds,OFT-0010-02,medium,3.7692720461420155,1048,1.015337966374119,0.8515395147148233,0.8386759314790151,0.8322441398611111,0.8418918272879672,0.8515395147148233,NaN,0.8386759314790151,NaN,0.8386759314790151,1.015337966374119
new_preds,OFT-0011-00,medium,4.244642180837806,1049,1.0099621294336727,0.869335115757002,0.8607601121088312,0.856472610284746,0.862903863020874,0.869335115757002,NaN,0.8607601121088312,NaN,0.8607601121088312,1.0099621294336727
new_preds,OFT-0011-00,fast,5.478608062193439,1050,1.0038192758206053,0.8915349072580354,0.888142844765778,0.8864468135196493,0.8889908603888423,0.8915349072580354,NaN,0.888142844765778,NaN,0.888142844765778,1.0038192758206053
new_preds,OFT-0011-00,slow,3.5177711429284058,1051,1.00577117886219,0.9348876033587773,0.929523158951918,0.9268409367484882,0.9308642700536328,0.9348876033587773,NaN,0.929523158951918,NaN,0.929523158951918,1.00577117886219
new_preds,OFT-0011-01,fast,4.941834339140536,1052,1.0114347025870298,0.8257085859463918,0.8163735966685827,0.8117061020296783,0.818707343988035,0.8257085859463918,NaN,0.8163735966685827,NaN,0.8163735966685827,1.0114347025870298
new_preds,OFT-0011-01,slow,3.356965917525955,1053,1.0190114517488515,0.8494916317547535,0.8336428705456017,0.8257184899410259,0.8376050608478898,0.8494916317547535,NaN,0.8336428705456017,NaN,0.8336428705456017,1.0190114517488515
new_preds,OFT-0011-01,medium,4.046721779835142,1054,0.9890184015387414,0.9364917364875883,0.9468901033899564,0.9520892868411404,0.9442905116643643,0.9364917364875883,NaN,0.9468901033899564,NaN,0.9468901033899564,0.9890184015387414
new_preds,OFT-0011-02,fast,4.5805242636828964,1055,1.0106860489299545,0.9043191594962878,0.8947577345642787,0.8899770220982741,0.8971480907972809,0.9043191594962878,NaN,0.8947577345642787,NaN,0.8947577345642787,1.0106860489299545
new_preds,OFT-0011-02,medium,3.8748159230232058,1056,1.0125921123491537,0.872390918346335,0.8615422811485661,0.8561179625496813,0.8642544404480081,0.872390918346335,NaN,0.8615422811485661,NaN,0.8615422811485661,1.0125921123491537
new_preds,OFT-0011-02,slow,3.015670427297723,1057,1.0041750276947474,0.9671838330222489,0.9631626024823401,0.9611519872123859,0.9641679101173173,0.9671838330222489,NaN,0.9631626024823401,NaN,0.9631626024823401,1.0041750276947474
new_preds,OFT-0012-00,fast,4.816582404844816,1058,1.0203135116115274,0.7749747296544948,0.7595456894719214,0.7518311693806348,0.7634029495175648,0.7749747296544948,NaN,0.7595456894719214,NaN,0.7595456894719214,1.0203135116115274
new_preds,OFT-0012-00,medium,3.8464237212396473,1059,1.0164044248877866,0.9113879463918325,0.8966784520762509,0.8893237049184599,0.9003558256551463,0.9113879463918325,NaN,0.8966784520762509,NaN,0.8966784520762509,1.0164044248877866
new_preds,OFT-0012-00,slow,3.16186998546719,1060,1.0167979808403107,0.9287094541710135,0.9133667372190312,0.9056953787430403,0.9172024164570269,0.9287094541710135,NaN,0.9133667372190312,NaN,0.9133667372190312,1.0167979808403107
new_preds,OFT-0013-00,slow,3.1040929891425244,1061,1.0052327001397072,0.8375841511373338,0.833224139068423,0.8310441330339673,0.8343141420856506,0.8375841511373338,NaN,0.833224139068423,NaN,0.833224139068423,1.0052327001397072
new_preds,OFT-0013-00,fast,4.5971514806492975,1062,1.0027138870007357,0.8917985055834201,0.8893848156934578,0.8881779707484765,0.8899882381659484,0.8917985055834201,NaN,0.8893848156934578,NaN,0.8893848156934578,1.0027138870007357
new_preds,OFT-0013-00,medium,3.7384061534501214,1063,1.0028067960378422,0.9168257146867724,0.9142595745354072,0.9129765044597246,0.9149011095732485,0.9168257146867724,NaN,0.9142595745354072,NaN,0.9142595745354072,1.0028067960378422
new_preds,OFT-0014-00,slow,3.278369909292894,1064,1.0012265793114226,0.9622012746022955,0.9610225042807333,0.960433119119952,0.9613171968611237,0.9622012746022955,NaN,0.9610225042807333,NaN,0.9610225042807333,1.0012265793114226
new_preds,OFT-0014-00,fast,4.9420649354865125,1065,1.014573476820344,0.8087821472023604,0.7971646861270903,0.7913559555894554,0.8000690513959079,0.8087821472023604,NaN,0.7971646861270903,NaN,0.7971646861270903,1.014573476820344
new_preds,OFT-0014-00,medium,3.9748388254963474,1066,1.0053237726827766,0.9582757832375817,0.9532011569569829,0.9506638438166833,0.9544698135271327,0.9582757832375817,NaN,0.9532011569569829,NaN,0.9532011569569829,1.0053237726827766
new_preds,OFT-0015-00,slow,3.3594927566437502,1067,1.0345510464678815,0.7959154783476393,0.7693341774337948,0.7560435269768726,0.775979502662256,0.7959154783476393,NaN,0.7693341774337948,NaN,0.7693341774337948,1.0345510464678815
new_preds,OFT-0015-00,fast,4.877356753205566,1068,1.0128412963930236,0.8218266405729107,0.8114071212337381,0.806197361564152,0.8140120010685312,0.8218266405729107,NaN,0.8114071212337381,NaN,0.8114071212337381,1.0128412963930236
new_preds,OFT-0015-00,medium,4.058912947735554,1069,1.0031019240074024,0.9202147684451126,0.9173691590270759,0.9159463543180577,0.9180805613815851,0.9202147684451126,NaN,0.9173691590270759,NaN,0.9173691590270759,1.0031019240074024
new_preds,OFT-0016-00,medium,4.147834092062465,1070,1.0020415295025893,0.9163183435934713,0.9144514639511292,0.9135180241299581,0.9149181838617148,0.9163183435934713,NaN,0.9144514639511292,NaN,0.9144514639511292,1.0020415295025893
new_preds,OFT-0016-00,fast,5.111453333429583,1071,1.015275224649772,0.8496694766438633,0.8368858571693839,0.8304940474321441,0.8400817620380038,0.8496694766438633,NaN,0.8368858571693839,NaN,0.8368858571693839,1.015275224649772
new_preds,OFT-0016-00,slow,3.382785359741817,1072,0.9996165340443264,0.9420792805274885,0.9424406744413788,0.9426213713983238,0.9423503259629062,0.9420792805274885,NaN,0.9424406744413788,NaN,0.9424406744413788,0.9996165340443264
new_preds,OFT-0017-00,medium,3.697366508680143,1073,1.0119914567997843,0.8306042613036969,0.8207621277064064,0.8158410609077611,0.8232226611057291,0.8306042613036969,NaN,0.8207621277064064,NaN,0.8207621277064064,1.0119914567997843
new_preds,OFT-0017-00,fast,4.4722126437043785,1074,1.0098195009712723,0.8736317106136802,0.8651365018930582,0.8608888975327471,0.8672603040732136,0.8736317106136802,NaN,0.8651365018930582,NaN,0.8651365018930582,1.0098195009712723
new_preds,OFT-0017-00,slow,3.0825255212677254,1075,1.0023153760213002,0.9492508508479188,0.9470580553358152,0.9459616575797631,0.947606254213841,0.9492508508479188,NaN,0.9470580553358152,NaN,0.9470580553358152,1.0023153760213002
new_preds,OFT-0018-00,slow,3.5402643183304896,1076,1.0310544010185165,0.7189641389879422,0.6973096068235787,0.6864823407413969,0.7027232398646696,0.7189641389879422,NaN,0.6973096068235787,NaN,0.6973096068235787,1.0310544010185165
new_preds,OFT-0018-00,medium,4.352545774855427,1077,1.0189373890737148,0.7791296944949462,0.7646492344374853,0.7574090044087549,0.7682693494518505,0.7791296944949462,NaN,0.7646492344374853,NaN,0.7646492344374853,1.0189373890737148
new_preds,OFT-0018-00,fast,5.385130184189311,1078,1.0124985876478474,0.8200380960305838,0.809915298682666,0.8048539000087072,0.8124459980196453,0.8200380960305838,NaN,0.809915298682666,NaN,0.809915298682666,1.0124985876478474
new_preds,OFT-0019-00,fast,4.731155515481599,1079,1.0114679652755163,0.7844069450800173,0.7755133845156932,0.7710666042335312,0.7777367746567743,0.7844069450800173,NaN,0.7755133845156932,NaN,0.7755133845156932,1.0114679652755163
new_preds,OFT-0019-00,medium,3.7627302264476397,1080,1.0082723372201223,0.8819825479866603,0.8747463511875652,0.8711282527880175,0.8765554003873388,0.8819825479866603,NaN,0.8747463511875652,NaN,0.8747463511875652,1.0082723372201223
new_preds,OFT-0019-00,slow,3.1454401668704164,1081,1.0111415667823804,0.8615143549338911,0.8520215004862001,0.8472750732623546,0.8543947140981227,0.8615143549338911,NaN,0.8520215004862001,NaN,0.8520215004862001,1.0111415667823804
new_preds,OFT-0020-00,fast,5.041835692512438,1082,1.004678559683848,0.9088949070465683,0.9046623900609356,0.9025461315681195,0.9057205193073438,0.9088949070465683,NaN,0.9046623900609356,NaN,0.9046623900609356,1.004678559683848
new_preds,OFT-0020-00,medium,4.156083708800489,1083,0.9993643889216515,0.9561905274515713,0.9567986792918785,0.9571027552120321,0.9566466413318018,0.9561905274515713,NaN,0.9567986792918785,NaN,0.9567986792918785,0.9993643889216515
new_preds,OFT-0020-00,slow,3.304644124027117,1084,1.0000333099171388,0.9776646141718924,0.977632049329337,0.9776157669080594,0.9776401905399761,0.9776646141718924,NaN,0.977632049329337,NaN,0.977632049329337,1.0000333099171388
new_preds,OFT-0021-00,fast,5.062779652439827,1085,1.0071890764362372,0.8766677300914107,0.870410284028642,0.8672815609972577,0.8719746455443342,0.8766677300914107,NaN,0.870410284028642,NaN,0.870410284028642,1.0071890764362372
new_preds,OFT-0021-00,medium,4.131614062310055,1086,1.00303355894023,0.9162813227062883,0.9135101358666394,0.9121245424468153,0.9142029325765517,0.9162813227062883,NaN,0.9135101358666394,NaN,0.9135101358666394,1.00303355894023
new_preds,OFT-0021-00,slow,3.309804156537464,1087,1.000025816194365,0.807401520177325,0.8073806766808493,0.8073702549326116,0.8073858875549682,0.807401520177325,NaN,0.8073806766808493,NaN,0.8073806766808493,1.000025816194365
new_preds,OFT-0022-00,fast,5.430273868354208,1088,1.0113853052961639,0.8305073664255014,0.8211582292885934,0.8164836607201396,0.8234955135728205,0.8305073664255014,NaN,0.8211582292885934,NaN,0.8211582292885934,1.0113853052961639
new_preds,OFT-0022-00,medium,4.37535709171642,1089,1.009217472872508,0.8567532907514377,0.8489283170186147,0.8450158301522032,0.8508845604518205,0.8567532907514377,NaN,0.8489283170186147,NaN,0.8489283170186147,1.009217472872508
new_preds,OFT-0022-00,slow,3.4577596651168006,1090,1.0045000440584904,0.916243609104655,0.912138943670672,0.9100866109536807,0.9131651100291678,0.916243609104655,NaN,0.912138943670672,NaN,0.912138943670672,1.0045000440584904
new_preds,OFT-0023-00,fast,4.662418215599504,1091,1.0051800204327888,0.949925902244534,0.9450306243010435,0.9425829853292986,0.9462544437869163,0.949925902244534,NaN,0.9450306243010435,NaN,0.9450306243010435,1.0051800204327888
new_preds,OFT-0023-00,medium,3.9262786988110183,1092,1.0048613127154165,0.8758246070045509,0.8715875473778841,0.8694690175645505,0.8726468122845508,0.8758246070045509,NaN,0.8715875473778841,NaN,0.8715875473778841,1.0048613127154165
new_preds,OFT-0023-00,slow,3.3322040869756733,1093,1.0420336441756615,0.8877809891754752,0.8519696020734403,0.8340639085224226,0.8609224488489489,0.8877809891754752,NaN,0.8519696020734403,NaN,0.8519696020734403,1.0420336441756615
new_preds,OFT-0024-00,fast,5.0000878052863404,1094,1.0000265729151672,0.9674517621581348,0.9674260548276493,0.9674132011624068,0.9674324816602708,0.9674517621581348,NaN,0.9674260548276493,NaN,0.9674260548276493,1.0000265729151672
new_preds,OFT-0024-00,medium,3.987619251094702,1095,1.0019666949108548,0.9246451437336142,0.9228302182398189,0.9219227554929211,0.9232839496132677,0.9246451437336142,NaN,0.9228302182398189,NaN,0.9228302182398189,1.0019666949108548
new_preds,OFT-0024-00,slow,3.190250778024826,1096,1.0063595199573159,0.8945648336532357,0.8889117814388818,0.8860852553317048,0.8903250444924702,0.8945648336532357,NaN,0.8889117814388818,NaN,0.8889117814388818,1.0063595199573159
new_preds,OFT-0025-00,fast,5.600827663625582,1097,1.0057743556685035,0.9175085834286107,0.912240979557263,0.9096071776215893,0.9135578805250999,0.9175085834286107,NaN,0.912240979557263,NaN,0.912240979557263,1.0057743556685035
new_preds,OFT-0025-00,slow,3.4932680168303962,1098,1.0059999304255274,0.9462496636062606,0.9406060924934726,0.9377843069370786,0.9420169852716697,0.9462496636062606,NaN,0.9406060924934726,NaN,0.9406060924934726,1.0059999304255274
new_preds,OFT-0025-00,medium,4.495146717050776,1099,1.007432214611596,0.9157000358242782,0.9089445647490199,0.9055668292113905,0.9106334325178345,0.9157000358242782,NaN,0.9089445647490199,NaN,0.9089445647490199,1.007432214611596
new_preds,OFT-0026-00,medium,4.465627063356117,1100,1.0072018155191274,0.9016976570108006,0.8952502300108064,0.8920265165108096,0.896862086760805,0.9016976570108006,NaN,0.8952502300108064,NaN,0.8952502300108064,1.0072018155191274
new_preds,OFT-0026-00,slow,3.5222675096091374,1101,1.0028194908094787,0.918170634169752,0.9155891390070631,0.9142983914257188,0.9162345127977354,0.918170634169752,NaN,0.9155891390070631,NaN,0.9155891390070631,1.0028194908094787
new_preds,OFT-0026-00,fast,5.466693345154297,1102,1.0071921816524299,0.9019286184842098,0.89548810536285,0.89226784880217,0.8970982336431901,0.9019286184842098,NaN,0.89548810536285,NaN,0.89548810536285,1.0071921816524299
new_preds,OFT-0027-00,medium,3.871510443043571,1103,1.0168077258312271,0.8920599126759883,0.8773142552066476,0.8699414264719774,0.8810006695739829,0.8920599126759883,NaN,0.8773142552066476,NaN,0.8773142552066476,1.0168077258312271
new_preds,OFT-0027-00,fast,4.636155966325361,1104,1.0113605746276573,0.8426112082892672,0.8331461888352559,0.8284136791082504,0.8355124436987588,0.8426112082892672,NaN,0.8331461888352559,NaN,0.8331461888352559,1.0113605746276573
new_preds,OFT-0027-00,slow,3.2911380880013588,1105,1.009286077903696,0.8582835994738143,0.8503868410198261,0.846438461792832,0.8523610306333231,0.8582835994738143,NaN,0.8503868410198261,NaN,0.8503868410198261,1.009286077903696
new_preds,OFT-0028-00,fast,4.689858284698439,1106,1.0025372073000272,0.9309605873346986,0.928604525154638,0.9274264940646078,0.9291935406996532,0.9309605873346986,NaN,0.928604525154638,NaN,0.928604525154638,1.0025372073000272
new_preds,OFT-0028-00,medium,3.7722514080631764,1107,1.004807081726225,0.9084989380863477,0.9041526026325143,0.9019794349055975,0.9052391864959726,0.9084989380863477,NaN,0.9041526026325143,NaN,0.9041526026325143,1.004807081726225
new_preds,OFT-0028-00,slow,3.085291040964531,1108,1.0098572906630205,0.9715484279120409,0.9620650728521967,0.9573233953222745,0.9644359116171577,0.9715484279120409,NaN,0.9620650728521967,NaN,0.9620650728521967,1.0098572906630205
new_preds,OFT-0029-00,medium,4.125009575616223,1109,1.0089808300837289,0.8975433466335996,0.8895544096304765,0.8855599411289148,0.8915516438812574,0.8975433466335996,NaN,0.8895544096304765,NaN,0.8895544096304765,1.0089808300837289
new_preds,OFT-0029-00,fast,5.094155729850048,1110,1.009272652354629,0.8349335208960391,0.8272626023782005,0.8234271431192812,0.8291803320076602,0.8349335208960391,NaN,0.8272626023782005,NaN,0.8272626023782005,1.009272652354629
new_preds,OFT-0029-00,slow,3.449818918087639,1111,1.006658834607908,0.8850890156834246,0.8792343396342073,0.8763070016095984,0.8806980086465115,0.8850890156834246,NaN,0.8792343396342073,NaN,0.8792343396342073,1.006658834607908
new_preds,OFT-0030-00,slow,3.503086394316317,1112,1.0093580833796043,0.9406696220376326,0.931948371471912,0.9275877461890517,0.9341286841133422,0.9406696220376326,NaN,0.931948371471912,NaN,0.931948371471912,1.0093580833796043
new_preds,OFT-0030-00,fast,5.116356199746773,1113,1.013228834351706,0.797820715692972,0.7874042749715483,0.7821960546108364,0.7900083851519043,0.797820715692972,NaN,0.7874042749715483,NaN,0.7874042749715483,1.013228834351706
new_preds,OFT-0030-00,medium,4.194069349249732,1114,1.0082725692884051,0.8598745696206862,0.852819560714171,0.8492920562609134,0.8545833129407998,0.8598745696206862,NaN,0.852819560714171,NaN,0.852819560714171,1.0082725692884051
new_preds,OFT-0031-00,fast,4.638087908364266,1115,1.0128413927921278,0.8403017475395981,0.82964791281201,0.8243209954482158,0.832311371493907,0.8403017475395981,NaN,0.82964791281201,NaN,0.82964791281201,1.0128413927921278
new_preds,OFT-0031-00,slow,3.0885127575273117,1116,1.0087483822495686,0.7844777359931563,0.7776743435699242,0.7742726473583079,0.7793751916757321,0.7844777359931563,NaN,0.7776743435699242,NaN,0.7776743435699242,1.0087483822495686
new_preds,OFT-0031-00,medium,3.7244419491942544,1117,1.0092619683019883,0.8392992668449283,0.8315970414073859,0.8277459286886146,0.8335225977667715,0.8392992668449283,NaN,0.8315970414073859,NaN,0.8315970414073859,1.0092619683019883
new_preds,OFT-0032-00,fast,4.907757717701656,1118,1.025821140802674,0.7343137740728645,0.7158302211419488,0.7065884446764912,0.7204511093746777,0.7343137740728645,NaN,0.7158302211419488,NaN,0.7158302211419488,1.025821140802674
new_preds,OFT-0032-00,slow,3.342672858074038,1119,1.023309830794021,0.8059482180615694,0.7875896368905267,0.7784103463050055,0.7921792821832875,0.8059482180615694,NaN,0.7875896368905267,NaN,0.7875896368905267,1.023309830794021
new_preds,OFT-0032-00,medium,4.040219278327123,1120,1.0162331910898843,0.810815260138195,0.7978633912445,0.7913874567976529,0.8011013584679239,0.810815260138195,NaN,0.7978633912445,NaN,0.7978633912445,1.0162331910898843
new_preds,OFT-0033-00,fast,4.905183307370193,1121,1.0091021540593619,0.8401179124670239,0.832540005080202,0.828751051386791,0.8344344819269074,0.8401179124670239,NaN,0.832540005080202,NaN,0.832540005080202,1.0091021540593619
new_preds,OFT-0033-00,slow,3.342021748421344,1122,1.0339229323247494,0.7776053668629086,0.7520921942552167,0.7393356079513707,0.7584704874071397,0.7776053668629086,NaN,0.7520921942552167,NaN,0.7520921942552167,1.0339229323247494
new_preds,OFT-0033-00,medium,3.9848760324780574,1123,1.0022833179041586,0.9059220402166509,0.9038582445041533,0.9028263466479044,0.9043741934322778,0.9059220402166509,NaN,0.9038582445041533,NaN,0.9038582445041533,1.0022833179041586
new_preds,OFT-0034-00,fast,5.074866239014861,1124,0.9917982797148426,0.839071850061273,0.8460105922975781,0.8494799634157307,0.844275906738502,0.839071850061273,NaN,0.8460105922975781,NaN,0.8460105922975781,0.9917982797148426
new_preds,OFT-0034-00,medium,4.112262384388982,1125,1.0050906581295171,0.8587019814624146,0.8543527636208129,0.852178154700012,0.8554400680812133,0.8587019814624146,NaN,0.8543527636208129,NaN,0.8543527636208129,1.0050906581295171
new_preds,OFT-0034-00,slow,3.3984488727498476,1126,1.0194170576829962,0.8466321317546563,0.8305061460114688,0.822443153139875,0.8345376424472657,0.8466321317546563,NaN,0.8305061460114688,NaN,0.8305061460114688,1.0194170576829962
new_preds,OFT-0035-00,fast,5.636674252727393,1127,1.0164731255668389,0.7917465503786935,0.7789153795258227,0.7724997940993874,0.7821231722390403,0.7917465503786935,NaN,0.7789153795258227,NaN,0.7789153795258227,1.0164731255668389
new_preds,OFT-0035-00,slow,3.68583201963313,1128,0.9999346826926379,0.9038358020331887,0.9038948420104074,0.9039243619990167,0.9038800820161028,0.9038358020331887,NaN,0.9038948420104074,NaN,0.9038948420104074,0.9999346826926379
new_preds,OFT-0035-00,medium,4.600013190741494,1129,1.0022691882738504,0.924467475760829,0.9223744345099396,0.921327913884495,0.9228976948226619,0.924467475760829,NaN,0.9223744345099396,NaN,0.9223744345099396,1.0022691882738504
new_preds,OFT-0036-00,fast,5.174734272835803,1130,0.993408644023814,0.8604097933521133,0.8661186899552361,0.8689731382567976,0.8646914658044554,0.8604097933521133,NaN,0.8661186899552361,NaN,0.8661186899552361,0.993408644023814
new_preds,OFT-0036-00,medium,4.205851643364822,1131,1.0010377339686718,0.9530288300314372,0.9520408648863811,0.9515468823138531,0.9522878561726451,0.9530288300314372,NaN,0.9520408648863811,NaN,0.9520408648863811,1.0010377339686718
new_preds,OFT-0036-00,slow,3.459140459234746,1132,1.0057756421637423,0.9521999819810146,0.9467319967428627,0.9439980041237865,0.9480989930524006,0.9521999819810146,NaN,0.9467319967428627,NaN,0.9467319967428627,1.0057756421637423
new_preds,OFT-0037-00,fast,5.1456498115666465,1133,1.0156737312071271,0.8840830618192955,0.8704400189306498,0.8636184974863267,0.8738507796528111,0.8840830618192955,NaN,0.8704400189306498,NaN,0.8704400189306498,1.0156737312071271
new_preds,OFT-0037-00,slow,3.4276486876703487,1134,1.0249989889009843,0.7784290740914325,0.7594437482578135,0.7499510853410039,0.7641900797162182,0.7784290740914325,NaN,0.7594437482578135,NaN,0.7594437482578135,1.0249989889009843
new_preds,OFT-0037-00,medium,4.180740689508571,1135,1.0170684844869007,0.7704955633576958,0.7575650756167142,0.7510998317462232,0.7607976975519595,0.7704955633576958,NaN,0.7575650756167142,NaN,0.7575650756167142,1.0170684844869007
new_preds,OFT-0038-00,fast,5.136939534951243,1136,1.0000194228544315,0.939063339202199,0.939045100265912,0.9390359807977684,0.9390496599999838,0.939063339202199,NaN,0.939045100265912,NaN,0.939045100265912,1.0000194228544315
new_preds,OFT-0038-00,slow,3.573018146867977,1137,1.0272096548542249,0.8940207940008686,0.870339165696162,0.8584983515438085,0.8762595727723386,0.8940207940008686,NaN,0.870339165696162,NaN,0.870339165696162,1.0272096548542249
new_preds,OFT-0038-00,medium,4.309150394658102,1138,1.0050807614108554,0.8438006539190277,0.8395351759937828,0.8374024370311604,0.8406015454750941,0.8438006539190277,NaN,0.8395351759937828,NaN,0.8395351759937828,1.0050807614108554
new_preds,OFT-0039-00,slow,3.2498250239066158,1139,1.006978776841658,0.942661837257184,0.9361288032442937,0.9328622862378488,0.9377620617475163,0.942661837257184,NaN,0.9361288032442937,NaN,0.9361288032442937,1.006978776841658
new_preds,OFT-0039-00,medium,3.9250382545508016,1140,1.0005869669942737,0.930188139990001,0.9296424705433171,0.9293696358199746,0.9297788879049877,0.930188139990001,NaN,0.9296424705433171,NaN,0.9296424705433171,1.0005869669942737
new_preds,OFT-0039-00,fast,4.746900983575478,1141,1.0007092948739718,0.9314512686114771,0.9307910632815527,0.9304609606165906,0.9309561146140338,0.9314512686114771,NaN,0.9307910632815527,NaN,0.9307910632815527,1.0007092948739718
new_preds,OFT-0040-00,fast,4.910625749642269,1142,1.0004564985211168,0.96403204726218,0.9635921688621346,0.963372229662112,0.9637021384621458,0.96403204726218,NaN,0.9635921688621346,NaN,0.9635921688621346,1.0004564985211168
new_preds,OFT-0040-00,slow,3.369265506160937,1143,1.0160565739698655,0.8742500120371783,0.8604343837089402,0.853526569544821,0.8638882907909997,0.8742500120371783,NaN,0.8604343837089402,NaN,0.8604343837089402,1.0160565739698655
new_preds,OFT-0040-00,medium,4.045628044992792,1144,0.9965497964540951,0.9139775432158692,0.9171418693455832,0.9187240324104403,0.9163507878131547,0.9139775432158692,NaN,0.9171418693455832,NaN,0.9171418693455832,0.9965497964540951
new_preds,OFT-0041-00,fast,5.238239106978777,1145,1.003544560375351,0.9217154908687171,0.9184599541090356,0.9168321857291946,0.9192738382989558,0.9217154908687171,NaN,0.9184599541090356,NaN,0.9184599541090356,1.003544560375351
new_preds,OFT-0041-00,slow,3.318579737580307,1146,0.9914530248131674,0.844231382555638,0.8515092106504266,0.8551481246978209,0.8496897536267294,0.844231382555638,NaN,0.8515092106504266,NaN,0.8515092106504266,0.9914530248131674
new_preds,OFT-0041-00,medium,4.040705128448891,1147,1.0152083429303493,0.7977329915751271,0.7857825412195784,0.779807316041804,0.7887701538084656,0.7977329915751271,NaN,0.7857825412195784,NaN,0.7857825412195784,1.0152083429303493
new_preds,OFT-0042-00,fast,5.389475259488362,1148,1.0059067716089205,0.8774548061949812,0.8723023156425481,0.8697260703663316,0.8735904382806563,0.8774548061949812,NaN,0.8723023156425481,NaN,0.8723023156425481,1.0059067716089205
new_preds,OFT-0042-00,slow,3.498240504773326,1149,1.004009311766787,0.8953220409658251,0.8917467502271453,0.8899591048578053,0.8926405729118152,0.8953220409658251,NaN,0.8917467502271453,NaN,0.8917467502271453,1.004009311766787
new_preds,OFT-0042-00,medium,4.381898257016973,1150,0.9896800343880265,0.864604238103611,0.8736199661118184,0.8781278301159219,0.8713660341097664,0.864604238103611,NaN,0.8736199661118184,NaN,0.8736199661118184,0.9896800343880265
new_preds,OFT-0043-00,medium,3.840661465708883,1151,1.0082953170214788,0.8403876599375187,0.8334737311088957,0.8300167666945841,0.8352022133160515,0.8403876599375187,NaN,0.8334737311088957,NaN,0.8334737311088957,1.0082953170214788
new_preds,OFT-0043-00,fast,4.577066320931733,1152,1.0218427360961144,0.821278883342128,0.8037233659650721,0.794945607276544,0.8081122453093361,0.821278883342128,NaN,0.8037233659650721,NaN,0.8037233659650721,1.0218427360961144
new_preds,OFT-0043-00,slow,3.2472036452514033,1153,1.005712319936484,0.9193214403987588,0.9140998098311243,0.911488994547307,0.9154052174730329,0.9193214403987588,NaN,0.9140998098311243,NaN,0.9140998098311243,1.005712319936484
new_preds,OFT-0044-00,fast,4.681441465310782,1154,1.0191866607083742,0.8625355521994192,0.8462979211285239,0.838179105593076,0.8503573288962476,0.8625355521994192,NaN,0.8462979211285239,NaN,0.8462979211285239,1.0191866607083742
new_preds,OFT-0044-00,medium,3.9761796698040714,1155,1.0056567762923883,0.8838899260068661,0.8789180830318203,0.8764321615442974,0.8801610437755818,0.8838899260068661,NaN,0.8789180830318203,NaN,0.8789180830318203,1.0056567762923883
new_preds,OFT-0044-00,slow,3.33816541828825,1156,1.0099133654725105,0.845969022434675,0.8376649437042251,0.8335129043389999,0.8397409633868375,0.845969022434675,NaN,0.8376649437042251,NaN,0.8376649437042251,1.0099133654725105
new_preds,OFT-0045-00,fast,5.005646178090028,1157,1.0142147173968292,0.8413108241005371,0.8295194396901654,0.8236237474849792,0.8324672857927583,0.8413108241005371,NaN,0.8295194396901654,NaN,0.8295194396901654,1.0142147173968292
new_preds,OFT-0045-00,slow,3.406597898820057,1158,1.0080818385301833,0.9155001504620556,0.9081605435892834,0.9044907401528971,0.9099954453074763,0.9155001504620556,NaN,0.9081605435892834,NaN,0.9081605435892834,1.0080818385301833
new_preds,OFT-0045-00,medium,4.165164684219115,1159,1.0020807519904789,0.9146678082790948,0.9127685632742154,0.911818940771776,0.9132433745254354,0.9146678082790948,NaN,0.9127685632742154,NaN,0.9127685632742154,1.0020807519904789
new_preds,OFT-0046-00,fast,4.909976738525584,1160,1.0209027944346023,0.913942763273912,0.8952299555415292,0.8858735516753378,0.8999081574746248,0.913942763273912,NaN,0.8952299555415292,NaN,0.8952299555415292,1.0209027944346023
new_preds,OFT-0046-00,slow,3.2774332719978854,1161,1.0040557806267807,0.868681337312961,0.8651723879032773,0.8634179131984357,0.8660496252556984,0.868681337312961,NaN,0.8651723879032773,NaN,0.8651723879032773,1.0040557806267807
new_preds,OFT-0046-00,medium,4.056925977091871,1162,1.0023542408053998,0.902112291512059,0.8999934901130406,0.8989340894135311,0.9005231904627949,0.902112291512059,NaN,0.8999934901130406,NaN,0.8999934901130406,1.0023542408053998
new_preds,OFT-0047-00,medium,4.608170125693324,1163,1.00754497525575,0.8545137263187652,0.8481147217292806,0.8449152194345382,0.8497144728766517,0.8545137263187652,NaN,0.8481147217292806,NaN,0.8481147217292806,1.00754497525575
new_preds,OFT-0047-00,fast,5.529360019048816,1164,1.000326917412715,0.9350838200626748,0.9347782247839661,0.9346254271446118,0.9348546236036432,0.9350838200626748,NaN,0.9347782247839661,NaN,0.9347782247839661,1.000326917412715
new_preds,OFT-0047-00,slow,3.8378174895564663,1165,1.0106547313489362,0.8398720140958906,0.8310177432948844,0.8265906078943812,0.8332313109951359,0.8398720140958906,NaN,0.8310177432948844,NaN,0.8310177432948844,1.0106547313489362
new_preds,OFT-0048-00,fast,5.277443676530871,1166,1.014771721905406,0.9044660233748139,0.8912999878204385,0.8847169700432511,0.8945914967090325,0.9044660233748139,NaN,0.8912999878204385,NaN,0.8912999878204385,1.014771721905406
new_preds,OFT-0048-00,medium,4.275010731493961,1167,1.0046201374136736,0.9295149078023568,0.9252401710713563,0.9231028027058561,0.9263088552541063,0.9295149078023568,NaN,0.9252401710713563,NaN,0.9252401710713563,1.0046201374136736
new_preds,OFT-0048-00,slow,3.452804146970078,1168,1.0021784611889546,0.9383115320690154,0.9362719000723989,0.9352520840740908,0.9367818080715531,0.9383115320690154,NaN,0.9362719000723989,NaN,0.9362719000723989,1.0021784611889546
new_preds,OFT-0049-00,medium,4.310754595776083,1169,0.9928338477092774,0.8836124970481541,0.8899903030974166,0.8931792061220478,0.8883958515851009,0.8836124970481541,NaN,0.8899903030974166,NaN,0.8899903030974166,0.9928338477092774
new_preds,OFT-0049-00,fast,5.452710883470824,1170,1.0097517323030327,0.8251090169629745,0.8171404817311609,0.8131562141152542,0.8191326155391143,0.8251090169629745,NaN,0.8171404817311609,NaN,0.8171404817311609,1.0097517323030327
new_preds,OFT-0049-00,slow,3.6265141910978453,1171,1.003325587313098,0.9038757458932285,0.9008797914880295,0.89938181428543,0.9016287800893293,0.9038757458932285,NaN,0.9008797914880295,NaN,0.9008797914880295,1.003325587313098
new_preds,OFT-0050-00,slow,3.4955942920282,1172,1.0004882374552133,0.8521855719527689,0.8517697060790451,0.8515617731421834,0.851873672547476,0.8521855719527689,NaN,0.8517697060790451,NaN,0.8517697060790451,1.0004882374552133
new_preds,OFT-0050-00,medium,4.399895436688219,1173,0.9940515038689258,0.874182944969383,0.879414136558312,0.8820297323527768,0.8781063386610799,0.874182944969383,NaN,0.879414136558312,NaN,0.879414136558312,0.9940515038689258
new_preds,OFT-0050-00,fast,5.6031437717429435,1174,1.0195146405418098,0.8573437120657736,0.8409332028916698,0.8327279483046179,0.8450358301851958,0.8573437120657736,NaN,0.8409332028916698,NaN,0.8409332028916698,1.0195146405418098
new_preds,OFT-0051-00,fast,4.9461600062430335,1175,0.9976392438050343,0.921370933761812,0.9235512130092918,0.9246413526330317,0.9230061431974219,0.921370933761812,NaN,0.9235512130092918,NaN,0.9235512130092918,0.9976392438050343
new_preds,OFT-0051-00,medium,4.0526742313118085,1176,1.0067427532332964,0.8447226071903066,0.8390649989556525,0.8362361948383255,0.8404794010143161,0.8447226071903066,NaN,0.8390649989556525,NaN,0.8390649989556525,1.0067427532332964
new_preds,OFT-0051-00,slow,3.3802546778317897,1177,0.9958357585339965,0.8603107255372435,0.8639082480867488,0.8657070093615016,0.8630088674493726,0.8603107255372435,NaN,0.8639082480867488,NaN,0.8639082480867488,0.9958357585339965
new_preds,OFT-0052-00,medium,3.848509122276504,1178,0.9878655147846993,0.8436307780360977,0.8539935501442857,0.8591749361983796,0.8514028571172386,0.8436307780360977,NaN,0.8539935501442857,NaN,0.8539935501442857,0.9878655147846993
new_preds,OFT-0052-00,fast,4.601074317152047,1179,1.0066175679894434,0.8732929682869218,0.8675518847055134,0.864681342914809,0.8689871556008655,0.8732929682869218,NaN,0.8675518847055134,NaN,0.8675518847055134,1.0066175679894434
new_preds,OFT-0052-00,slow,3.2948898681534913,1180,1.047481659266406,0.7206142270714493,0.6879492549550936,0.6716167688969158,0.6961154979841826,0.7206142270714493,NaN,0.6879492549550936,NaN,0.6879492549550936,1.047481659266406
new_preds,OFT-0053-00,fast,4.672291047450239,1181,1.0112418456249566,0.8394787122686775,0.8301463353208768,0.8254801468469767,0.832479429557827,0.8394787122686775,NaN,0.8301463353208768,NaN,0.8301463353208768,1.0112418456249566
new_preds,OFT-0053-00,slow,3.2553105592862006,1182,0.9995100734924628,0.9593698234933858,0.9598400745889234,0.9600752001366919,0.959722511815039,0.9593698234933858,NaN,0.9598400745889234,NaN,0.9598400745889234,0.9995100734924628
new_preds,OFT-0053-00,medium,3.9245880519555953,1183,1.0037145370883231,0.8665939240323398,0.8633868415876922,0.8617833003653683,0.864188612198854,0.8665939240323398,NaN,0.8633868415876922,NaN,0.8633868415876922,1.0037145370883231
new_preds,OFT-0054-00,fast,5.178386131897014,1184,1.0089227355666452,0.8310669607924751,0.8237171504770577,0.8200422453193491,0.8255546030559121,0.8310669607924751,NaN,0.8237171504770577,NaN,0.8237171504770577,1.0089227355666452
new_preds,OFT-0054-00,slow,3.473048563445861,1185,0.9987719962653616,0.918918043601981,0.9200478658172507,0.9206127769248857,0.9197654102634334,0.918918043601981,NaN,0.9200478658172507,NaN,0.9200478658172507,0.9987719962653616
new_preds,OFT-0054-00,medium,4.26134203628955,1186,1.0047224091029834,0.877482712784848,0.8733583573280356,0.8712961795996292,0.8743894461922386,0.877482712784848,NaN,0.8733583573280356,NaN,0.8733583573280356,1.0047224091029834
new_preds,OFT-0055-00,fast,5.328246481629842,1187,0.9932736052911509,0.8791019903312742,0.885055221087436,0.8880318364655169,0.8835669133983955,0.8791019903312742,NaN,0.885055221087436,NaN,0.885055221087436,0.9932736052911509
new_preds,OFT-0055-00,slow,3.587600019005487,1188,1.0227035250954422,0.799172439759472,0.7814311969687311,0.7725605755733607,0.7858665076664164,0.799172439759472,NaN,0.7814311969687311,NaN,0.7814311969687311,1.0227035250954422
new_preds,OFT-0055-00,medium,4.388617096044731,1189,0.9890919887943863,0.8552051754364645,0.8646366416119519,0.8693523746996952,0.8622787750680799,0.8552051754364645,NaN,0.8646366416119519,NaN,0.8646366416119519,0.9890919887943863
new_preds,OFT-0056-00,fast,5.607206715098431,1190,1.0056940690657703,0.8651712073530767,0.8602727548714383,0.857823528630619,0.8614973679918478,0.8651712073530767,NaN,0.8602727548714383,NaN,0.8602727548714383,1.0056940690657703
new_preds,OFT-0056-00,slow,3.6395802442406087,1191,0.9982531695806726,0.977381849937427,0.9790921579021755,0.9799473118845498,0.9786645809109885,0.977381849937427,NaN,0.9790921579021755,NaN,0.9790921579021755,0.9982531695806726
new_preds,OFT-0056-00,medium,4.481613045520081,1192,1.0042118173254497,0.8309483800578821,0.8274632559801717,0.8257206939413164,0.8283345369995994,0.8309483800578821,NaN,0.8274632559801717,NaN,0.8274632559801717,1.0042118173254497
new_preds,OFT-0057-00,medium,4.253524801425374,1193,1.021627248215365,0.8363426348670959,0.8186377529848244,0.8097853120436888,0.8230639734553924,0.8363426348670959,NaN,0.8186377529848244,NaN,0.8186377529848244,1.021627248215365
new_preds,OFT-0057-00,fast,5.4070268651279365,1194,1.008875127626407,0.8167968294077572,0.809611424685873,0.8060187223249309,0.811407775866344,0.8167968294077572,NaN,0.809611424685873,NaN,0.809611424685873,1.008875127626407
new_preds,OFT-0057-00,slow,3.433597515076663,1195,1.0069225004985523,0.8621958572556858,0.8562683392503309,0.8533045802476535,0.8577502187516697,0.8621958572556858,NaN,0.8562683392503309,NaN,0.8562683392503309,1.0069225004985523
new_preds,OFT-0058-00,slow,3.6126657826705215,1196,0.9982406836999599,0.943775108729403,0.945438433976983,0.9462700966007729,0.9450226026650879,0.943775108729403,NaN,0.945438433976983,NaN,0.945438433976983,0.9982406836999599
new_preds,OFT-0058-00,fast,5.65005621325308,1197,1.0078885327768352,0.8634848165332225,0.856726501445784,0.8533473439020647,0.8584160802176437,0.8634848165332225,NaN,0.856726501445784,NaN,0.856726501445784,1.0078885327768352
new_preds,OFT-0058-00,medium,4.508250694040816,1198,1.010888726537045,0.764830759346377,0.7565924312623631,0.7524732672203562,0.7586520132833666,0.764830759346377,NaN,0.7565924312623631,NaN,0.7565924312623631,1.010888726537045
new_preds,OFT-0059-00,fast,5.023918901824135,1199,1.010867276992754,0.8386337600070319,0.8296180706352446,0.825110225949351,0.8318719929781915,0.8386337600070319,NaN,0.8296180706352446,NaN,0.8296180706352446,1.010867276992754
new_preds,OFT-0059-00,medium,4.1716139434740045,1200,1.0200095504068651,0.8532351943255956,0.8364972602317832,0.8281282931848768,0.8406817437552361,0.8532351943255956,NaN,0.8364972602317832,NaN,0.8364972602317832,1.0200095504068651
new_preds,OFT-0059-00,slow,3.441765182989483,1201,1.001457724808348,0.9279819475278496,0.9266311742769173,0.9259557876514513,0.9269688675896504,0.9279819475278496,NaN,0.9266311742769173,NaN,0.9266311742769173,1.001457724808348
new_preds,OFT-0060-00,medium,4.444079439508425,1202,1.0022191222364047,0.8970807286017943,0.8950944047046328,0.8941012427560519,0.895590985678923,0.8970807286017943,NaN,0.8950944047046328,NaN,0.8950944047046328,1.0022191222364047
new_preds,OFT-0060-00,slow,3.600198096267784,1203,1.0118248205016571,0.8040016571892349,0.7946055887328553,0.7899075545046654,0.7969546058469501,0.8040016571892349,NaN,0.7946055887328553,NaN,0.7946055887328553,1.0118248205016571
new_preds,OFT-0060-00,fast,5.516939642524962,1204,1.0075484864525466,0.8301366682738185,0.8239173393993443,0.8208076749621072,0.8254721716179628,0.8301366682738185,NaN,0.8239173393993443,NaN,0.8239173393993443,1.0075484864525466
new_preds,OFT-0061-00,slow,3.616822564352913,1205,1.0204666824484188,0.8961443227464541,0.8781710742347056,0.8691844499788316,0.8826643863626429,0.8961443227464541,NaN,0.8781710742347056,NaN,0.8781710742347056,1.0204666824484188
new_preds,OFT-0061-00,medium,4.583462954830817,1206,1.0123014406711397,0.8645245005189337,0.8540188384457575,0.8487660074091692,0.8566452539640516,0.8645245005189337,NaN,0.8540188384457575,NaN,0.8540188384457575,1.0123014406711397
new_preds,OFT-0061-00,fast,5.689887284167787,1207,1.0019159007812948,0.8846067380843112,0.8829151602389924,0.8820693713163329,0.883338054700322,0.8846067380843112,NaN,0.8829151602389924,NaN,0.8829151602389924,1.0019159007812948
new_preds,OFT-0062-00,medium,4.375799738921939,1208,1.0007275778905966,0.8941131021964295,0.8934630382437381,0.8931380062673925,0.8936255542319109,0.8941131021964295,NaN,0.8934630382437381,NaN,0.8934630382437381,1.0007275778905966
new_preds,OFT-0062-00,fast,5.826138086422679,1209,0.9964997102831505,0.8986343364211942,0.9017908657152058,0.9033691303622118,0.901001733391703,0.8986343364211942,NaN,0.9017908657152058,NaN,0.9017908657152058,0.9964997102831505
new_preds,OFT-0062-00,slow,3.5158360240914805,1210,1.0075065163946695,0.8420222874881808,0.8357487259748266,0.8326119452181497,0.8373171163531652,0.8420222874881808,NaN,0.8357487259748266,NaN,0.8357487259748266,1.0075065163946695
new_preds,OFT-0063-00,slow,3.7245741270257473,1211,1.000313977166815,0.8711495592610548,0.8708761240429809,0.8707394064339439,0.8709444828474993,0.8711495592610548,NaN,0.8708761240429809,NaN,0.8708761240429809,1.000313977166815
new_preds,OFT-0063-00,medium,4.796462647490115,1212,1.001389337253413,0.9543503739567754,0.95302629901607,0.9523642615457175,0.9533573177512464,0.9543503739567754,NaN,0.95302629901607,NaN,0.95302629901607,1.001389337253413
new_preds,OFT-0063-00,fast,6.185609501727299,1213,0.9924823501877039,0.9300966631520555,0.9371417667791778,0.9406643185927388,0.9353804908723973,0.9300966631520555,NaN,0.9371417667791778,NaN,0.9371417667791778,0.9924823501877039
new_preds,OFT-0064-00,fast,4.873971615111879,1214,1.0023863122508845,0.9364670981593012,0.9342377152541519,0.9331230238015772,0.9347950609804392,0.9364670981593012,NaN,0.9342377152541519,NaN,0.9342377152541519,1.0023863122508845
new_preds,OFT-0064-00,medium,3.9403526875262793,1215,0.9988005931914496,0.9740378743433116,0.9752075449124292,0.9757923801969881,0.97491512727015,0.9740378743433116,NaN,0.9752075449124292,NaN,0.9752075449124292,0.9988005931914496
new_preds,OFT-0064-00,slow,3.1567036015806527,1216,1.0033905827252165,0.9684662557050946,0.9651936866646015,0.9635574021443554,0.9660118289247249,0.9684662557050946,NaN,0.9651936866646015,NaN,0.9651936866646015,1.0033905827252165
new_preds,OFT-0065-00,fast,5.612586133949324,1217,0.9958329458395446,0.8832585350557213,0.8869545225892114,0.8888025163559561,0.8860305257058387,0.8832585350557213,NaN,0.8869545225892114,NaN,0.8869545225892114,0.9958329458395446
new_preds,OFT-0065-00,medium,4.415957746956143,1218,1.0002858363094864,0.9581255485236856,0.9578517597116546,0.9577148653056391,0.9579202069146624,0.9581255485236856,NaN,0.9578517597116546,NaN,0.9578517597116546,1.0002858363094864
new_preds,OFT-0065-00,slow,3.49150234667756,1219,1.0006029098546223,0.9021148318094745,0.9015712656087947,0.9012994825084548,0.9017071571589647,0.9021148318094745,NaN,0.9015712656087947,NaN,0.9015712656087947,1.0006029098546223
new_preds,OFT-0066-00,medium,4.500418758681513,1220,1.0014706201712404,0.9631882851529853,0.961773881083292,0.9610666790484454,0.9621274821007153,0.9631882851529853,NaN,0.961773881083292,NaN,0.961773881083292,1.0014706201712404
new_preds,OFT-0066-00,fast,5.335563726071359,1221,1.003507327879203,0.8894179736628866,0.8863093960086657,0.8847551071815551,0.887086540422221,0.8894179736628866,NaN,0.8863093960086657,NaN,0.8863093960086657,1.003507327879203
new_preds,OFT-0066-00,slow,3.7129472693142747,1222,0.9999328451269419,0.9549356410035401,0.9549997738921263,0.9550318403364194,0.9549837406699797,0.9549356410035401,NaN,0.9549997738921263,NaN,0.9549997738921263,0.9999328451269419
new_preds,OFT-0067-00,medium,3.9950277309773603,1223,1.000175085861207,0.9009311560182098,0.900773443324133,0.9006945869770946,0.9008128714976522,0.9009311560182098,NaN,0.900773443324133,NaN,0.900773443324133,1.000175085861207
new_preds,OFT-0067-00,fast,4.81115897331743,1224,1.0062588872933262,0.8651158808534456,0.8597348970307904,0.8570444051194628,0.8610801429864542,0.8651158808534456,NaN,0.8597348970307904,NaN,0.8597348970307904,1.0062588872933262
new_preds,OFT-0067-00,slow,3.264849416351027,1225,1.0048004469655873,0.9062139115824401,0.9018844630484887,0.899719738781513,0.9029668251819765,0.9062139115824401,NaN,0.9018844630484887,NaN,0.9018844630484887,1.0048004469655873
new_preds,OFT-0068-00,fast,5.094644923707484,1226,1.0066143667517466,0.8500434756087341,0.8444579212114242,0.8416651440127692,0.8458543098107516,0.8500434756087341,NaN,0.8444579212114242,NaN,0.8444579212114242,1.0066143667517466
new_preds,OFT-0068-00,medium,4.252776012332155,1227,1.011196350435302,0.8503301909083135,0.8409150117504494,0.8362074221715172,0.8432688065399154,0.8503301909083135,NaN,0.8409150117504494,NaN,0.8409150117504494,1.011196350435302
new_preds,OFT-0068-00,slow,3.557626555882934,1228,1.008508471565908,0.8871153745726472,0.8796310587210296,0.8758889007952209,0.881502137683934,0.8871153745726472,NaN,0.8796310587210296,NaN,0.8796310587210296,1.008508471565908
new_preds,OFT-0069-00,fast,4.460306981754749,1229,1.022266260495852,0.8621037469114301,0.8433260298479041,0.8339371713161412,0.8480204591137857,0.8621037469114301,NaN,0.8433260298479041,NaN,0.8433260298479041,1.022266260495852
new_preds,OFT-0069-00,medium,3.7267367410529904,1230,1.0150369173724603,0.9049734149977413,0.8915669957506265,0.8848637861270693,0.8949186005624052,0.9049734149977413,NaN,0.8915669957506265,NaN,0.8915669957506265,1.0150369173724603
new_preds,OFT-0069-00,slow,3.082464113212613,1231,0.9793070769713255,0.7835133518213112,0.8000691205504816,0.8083470049150667,0.7959301783681889,0.7835133518213112,NaN,0.8000691205504816,NaN,0.8000691205504816,0.9793070769713255
new_preds,OFT-0070-00,fast,5.016633718104402,1232,1.003391421367737,0.9088628817196708,0.9057909628934109,0.9042550034802809,0.9065589425999758,0.9088628817196708,NaN,0.9057909628934109,NaN,0.9057909628934109,1.003391421367737
new_preds,OFT-0070-00,medium,4.317721532687836,1233,1.00038369845343,0.9425485385410073,0.9421870228375028,0.9420062649857504,0.9422774017633789,0.9425485385410073,NaN,0.9421870228375028,NaN,0.9421870228375028,1.00038369845343
new_preds,OFT-0070-00,slow,3.5788828896475446,1234,1.0035603544782319,0.8936796091984088,0.8905090812032407,0.8889238172056566,0.8913017132020328,0.8936796091984088,NaN,0.8905090812032407,NaN,0.8905090812032407,1.0035603544782319
new_preds,OFT-0071-00,medium,4.971902634036787,1235,1.0041077157370808,0.8809071815039844,0.877303468241294,0.8755016116099488,0.8782043965569666,0.8809071815039844,NaN,0.877303468241294,NaN,0.877303468241294,1.0041077157370808
new_preds,OFT-0071-00,slow,3.9137451563881007,1236,1.0017341880960495,0.9186175183608492,0.9170272206710082,0.9162320718260877,0.9174247950934684,0.9186175183608492,NaN,0.9170272206710082,NaN,0.9170272206710082,1.0017341880960495
new_preds,OFT-0071-00,fast,5.9539710572481575,1237,1.0128083328615334,0.7917086576958875,0.781696429628533,0.7766903155948559,0.7841994866453716,0.7917086576958875,NaN,0.781696429628533,NaN,0.781696429628533,1.0128083328615334
new_preds,OFT-0072-00,medium,3.7090881570134298,1238,0.9977091396187268,0.9675068385599079,0.9697283508193976,0.9708391069491427,0.9691729727545254,0.9675068385599079,NaN,0.9697283508193976,NaN,0.9697283508193976,0.9977091396187268
new_preds,OFT-0072-00,slow,3.1350731691858895,1239,1.001723000199306,0.9719167618895035,0.9702450295102816,0.9694091633206707,0.9706629626050871,0.9719167618895035,NaN,0.9702450295102816,NaN,0.9702450295102816,1.001723000199306
new_preds,OFT-0072-00,fast,4.275731493841988,1240,1.004353265725208,0.8323140796224044,0.8287065000196119,0.8269027102182154,0.82960839492031,0.8323140796224044,NaN,0.8287065000196119,NaN,0.8287065000196119,1.004353265725208
new_preds,OFT-0073-00,fast,4.960613770808321,1241,1.0034756045765592,0.8809034515415891,0.8778523837789834,0.8763268498976805,0.8786151507196347,0.8809034515415891,NaN,0.8778523837789834,NaN,0.8778523837789834,1.0034756045765592
new_preds,OFT-0073-00,slow,3.309381529065918,1242,1.0033266761654305,0.8578377249553817,0.8549934386613874,0.8535712955143899,0.8557045102348859,0.8578377249553817,NaN,0.8549934386613874,NaN,0.8549934386613874,1.0033266761654305
new_preds,OFT-0073-00,medium,4.008334318369109,1243,1.0026750452902233,0.8449096537613494,0.8426555121024192,0.8415284412729543,0.8432190475171518,0.8449096537613494,NaN,0.8426555121024192,NaN,0.8426555121024192,1.0026750452902233
new_preds,OFT-0074-00,medium,3.8216589791349915,1244,1.0004342649106273,0.9510604569949616,0.9506476240894483,0.9504412076366915,0.9507508323158265,0.9510604569949616,NaN,0.9506476240894483,NaN,0.9506476240894483,1.0004342649106273
new_preds,OFT-0074-00,slow,3.1948928540696326,1245,1.0072157183501604,0.9371466283454061,0.9304328866913149,0.9270760158642692,0.9321113221048376,0.9371466283454061,NaN,0.9304328866913149,NaN,0.9304328866913149,1.0072157183501604
new_preds,OFT-0074-00,fast,4.416558281771265,1246,1.0021442774252254,0.915727281667978,0.9137679097671688,0.9127882238167642,0.9142577527423712,0.915727281667978,NaN,0.9137679097671688,NaN,0.9137679097671688,1.0021442774252254
new_preds,OFT-0075-00,fast,4.7539754515618595,1247,1.0120500160127017,0.8002359394156136,0.7907078966002113,0.7859438751925103,0.7930899073040619,0.8002359394156136,NaN,0.7907078966002113,NaN,0.7907078966002113,1.0120500160127017
new_preds,OFT-0075-00,slow,3.2594599436483103,1248,0.9991146286649457,0.9173248951119275,0.918137787991045,0.9185442344306036,0.9179345647712657,0.9173248951119275,NaN,0.918137787991045,NaN,0.918137787991045,0.9991146286649457
new_preds,OFT-0075-00,medium,3.9865977851140406,1249,1.007422490384077,0.8839318294518211,0.8774191939221295,0.8741628761572836,0.8790473528045524,0.8839318294518211,NaN,0.8774191939221295,NaN,0.8774191939221295,1.007422490384077
new_preds,OFT-0076-00,fast,4.726336711620306,1250,1.0049503680033884,0.8894929525956519,0.8851113258089307,0.88292051241557,0.886206732505611,0.8894929525956519,NaN,0.8851113258089307,NaN,0.8851113258089307,1.0049503680033884
new_preds,OFT-0076-00,slow,3.2162146902135524,1251,0.9802565782750494,0.7504617149336792,0.7655768209729961,0.7731343739926546,0.7617980444631669,0.7504617149336792,NaN,0.7655768209729961,NaN,0.7655768209729961,0.9802565782750494
new_preds,OFT-0076-00,medium,3.9307347097399505,1252,0.9986829594759664,0.9382143742368624,0.93945167015683,0.940070318116814,0.9391423461768382,0.9382143742368624,NaN,0.93945167015683,NaN,0.93945167015683,0.9986829594759664
new_preds,OFT-0077-00,slow,3.261453323156046,1253,1.0000195021408795,0.9733673216300744,0.9733483392536374,0.973338848065419,0.9733530848477469,0.9733673216300744,NaN,0.9733483392536374,NaN,0.9733483392536374,1.0000195021408795
new_preds,OFT-0077-00,fast,4.745815767089468,1254,0.9998524367795434,0.9309650175486687,0.9311024140194563,0.9311711122548502,0.9310680649017594,0.9309650175486687,NaN,0.9311024140194563,NaN,0.9311024140194563,0.9998524367795434
new_preds,OFT-0077-00,medium,3.9654458321857113,1255,1.014874192766096,0.8667747469060291,0.8540711283076243,0.8477193190084218,0.8572470329572255,0.8667747469060291,NaN,0.8540711283076243,NaN,0.8540711283076243,1.014874192766096
new_preds,OFT-0078-00,slow,3.2125106074151017,1256,0.9993883698291915,0.9099325064636425,0.9104893892443053,0.9107678306346367,0.9103501685491395,0.9099325064636425,NaN,0.9104893892443053,NaN,0.9104893892443053,0.9993883698291915
new_preds,OFT-0078-00,fast,4.645787023525011,1257,1.0038055220993145,0.8861850783068416,0.8828254664842979,0.8811456605730262,0.8836653694399339,0.8861850783068416,NaN,0.8828254664842979,NaN,0.8828254664842979,1.0038055220993145
new_preds,OFT-0078-00,medium,3.8539270655305438,1258,0.997757522743446,0.84865634211963,0.8505637118988133,0.8515173967884045,0.8500868694540173,0.84865634211963,NaN,0.8505637118988133,NaN,0.8505637118988133,0.997757522743446
new_preds,OFT-0079-00,fast,5.008595620657696,1259,1.0056782368281587,0.8996241469708356,0.8945447102526445,0.8920049918935489,0.8958145694321921,0.8996241469708356,NaN,0.8945447102526445,NaN,0.8945447102526445,1.0056782368281587
new_preds,OFT-0079-00,medium,4.027836858696186,1260,1.0128175242003008,0.8238914432780996,0.8134648380305493,0.8082515354067741,0.8160714893424368,0.8238914432780996,NaN,0.8134648380305493,NaN,0.8134648380305493,1.0128175242003008
new_preds,OFT-0079-00,slow,3.260881284504149,1261,1.0110617013687746,0.8781425806581087,0.8685351047016022,0.8637313667233492,0.8709369736907289,0.8781425806581087,NaN,0.8685351047016022,NaN,0.8685351047016022,1.0110617013687746
new_preds,OFT-0080-00,medium,4.49823011390263,1262,1.011711657803018,0.810855782091422,0.8014692485131935,0.7967759817240792,0.8038158819077506,0.810855782091422,NaN,0.8014692485131935,NaN,0.8014692485131935,1.011711657803018
new_preds,OFT-0080-00,fast,5.363736414258669,1263,1.0247611523223636,0.7429712169995759,0.7250189132519499,0.7160427613781366,0.7295069891888564,0.7429712169995759,NaN,0.7250189132519499,NaN,0.7250189132519499,1.0247611523223636
new_preds,OFT-0080-00,slow,3.6918006244923864,1264,0.9832626470467577,0.8280601819127887,0.8421556380687076,0.8492033661466674,0.838631774029728,0.8280601819127887,NaN,0.8421556380687076,NaN,0.8421556380687076,0.9832626470467577
new_preds,OFT-0081-00,fast,4.134031607581048,1265,1.0102567546750334,0.8679068464330759,0.8590953165289682,0.8546895515769144,0.861298199004995,0.8679068464330759,NaN,0.8590953165289682,NaN,0.8590953165289682,1.0102567546750334
new_preds,OFT-0081-00,medium,3.5041069656245933,1266,1.0032447551262067,0.8944070705799739,0.8915143249041545,0.8900679520662451,0.8922375113231095,0.8944070705799739,NaN,0.8915143249041545,NaN,0.8915143249041545,1.0032447551262067
new_preds,OFT-0081-00,slow,3.013411411749064,1267,1.0072386177475032,0.9710087612874206,0.9640305129075534,0.9605413887176197,0.9657750750025202,0.9710087612874206,NaN,0.9640305129075534,NaN,0.9640305129075534,1.0072386177475032
new_preds,OFT-0082-00,fast,5.310943954583404,1268,1.0148226206917164,0.8257693662179073,0.813708079994366,0.8076774368825956,0.8167234015502514,0.8257693662179073,NaN,0.813708079994366,NaN,0.813708079994366,1.0148226206917164
new_preds,OFT-0082-00,medium,4.403419476211628,1269,1.009508021866947,0.8450492853346405,0.8370902132821465,0.8331106772558994,0.83907998129527,0.8450492853346405,NaN,0.8370902132821465,NaN,0.8370902132821465,1.009508021866947
new_preds,OFT-0082-00,slow,3.511051381445266,1270,1.0269505945906832,0.7840029897774068,0.7634281472809222,0.7531407260326799,0.7685718579050433,0.7840029897774068,NaN,0.7634281472809222,NaN,0.7634281472809222,1.0269505945906832
new_preds,OFT-0083-00,fast,6.191051484769063,1271,0.9947363601896976,0.8974085658321129,0.9021571963660561,0.9045315116330273,0.90097003873257,0.8974085658321129,NaN,0.9021571963660561,NaN,0.9021571963660561,0.9947363601896976
new_preds,OFT-0083-00,medium,5.0342607490243925,1272,1.0157268073843504,0.7778731376673482,0.7658290910628703,0.7598070677606317,0.76884010271399,0.7778731376673482,NaN,0.7658290910628703,NaN,0.7658290910628703,1.0157268073843504
new_preds,OFT-0083-00,slow,3.974696071151869,1273,1.0248818938918727,0.8420500297946016,0.8216068942315023,0.8113853264499531,0.8267176781222774,0.8420500297946016,NaN,0.8216068942315023,NaN,0.8216068942315023,1.0248818938918727
new_preds,OFT-0084-00,fast,4.769176364983985,1274,1.0071939032640032,0.9380726817355239,0.9313724782244225,0.9280223764688718,0.9330475291021978,0.9380726817355239,NaN,0.9313724782244225,NaN,0.9313724782244225,1.0071939032640032
new_preds,OFT-0084-00,slow,3.219188133161662,1275,1.0097952565990345,0.929904872510864,0.9208845718316807,0.9163744214920895,0.9231396470014767,0.929904872510864,NaN,0.9208845718316807,NaN,0.9208845718316807,1.0097952565990345
new_preds,OFT-0084-00,medium,3.9097120464493123,1276,1.0252155007711468,0.8062553402226021,0.7864252341250721,0.7765101810763071,0.7913827606494546,0.8062553402226021,NaN,0.7864252341250721,NaN,0.7864252341250721,1.0252155007711468
new_preds,OFT-0085-00,medium,3.9306873219001193,1277,1.036128696549969,0.6632790795702781,0.6401512493369016,0.6285873342202131,0.6459332068952457,0.6632790795702781,NaN,0.6401512493369016,NaN,0.6401512493369016,1.036128696549969
new_preds,OFT-0085-00,fast,4.720154660205877,1278,1.0116916463491874,0.8428291038188326,0.8330889227565376,0.8282188322253901,0.8355239680221114,0.8428291038188326,NaN,0.8330889227565376,NaN,0.8330889227565376,1.0116916463491874
new_preds,OFT-0085-00,slow,3.2202067537345482,1279,1.0117223814003762,0.8699751991418048,0.8598951798789191,0.854855170247476,0.8624151846946403,0.8699751991418048,NaN,0.8598951798789191,NaN,0.8598951798789191,1.0117223814003762
new_preds,OFT-0086-00,fast,4.4886474552486435,1280,1.003464195682083,0.9282169155984958,0.9250124913201917,0.9234102791810392,0.9258135973897674,0.9282169155984958,NaN,0.9250124913201917,NaN,0.9250124913201917,1.003464195682083
new_preds,OFT-0086-00,slow,3.0690928899641063,1281,1.0005849211263038,0.9103221695968985,0.9097900141970943,0.9095239364971923,0.9099230530470453,0.9103221695968985,NaN,0.9097900141970943,NaN,0.9097900141970943,1.0005849211263038
new_preds,OFT-0086-00,medium,3.7267556617529665,1282,1.0057807128823815,0.872538400301782,0.8675234960523833,0.8650160439276839,0.868777222114733,0.872538400301782,NaN,0.8675234960523833,NaN,0.8675234960523833,1.0057807128823815
new_preds,OFT-0087-00,medium,4.006554234350379,1283,1.0056944413470887,0.8669213593067776,0.8620126786676577,0.8595583383480977,0.8632398488274378,0.8669213593067776,NaN,0.8620126786676577,NaN,0.8620126786676577,1.0056944413470887
new_preds,OFT-0087-00,fast,4.85278263242607,1284,1.002261097010174,0.8951734191591992,0.8931539115202357,0.8921441577007541,0.8936587884299765,0.8951734191591992,NaN,0.8931539115202357,NaN,0.8931539115202357,1.002261097010174
new_preds,OFT-0087-00,slow,3.305370682281454,1285,0.9788809205022914,0.7730380212940635,0.7897160983558612,0.7980551368867602,0.7855465790904119,0.7730380212940635,NaN,0.7897160983558612,NaN,0.7897160983558612,0.9788809205022914
new_preds,OFT-0088-00,fast,4.5317430250560236,1286,0.9978527277525499,0.9227256824100883,0.9247112892985029,0.9257040927427104,0.9242148875763994,0.9227256824100883,NaN,0.9247112892985029,NaN,0.9247112892985029,0.9978527277525499
new_preds,OFT-0088-00,medium,3.84302279436591,1287,1.0071956647146125,0.8795684803638073,0.8732846170590217,0.8701426854066291,0.874855582885218,0.8795684803638073,NaN,0.8732846170590217,NaN,0.8732846170590217,1.0071956647146125
new_preds,OFT-0088-00,slow,3.1455976198562046,1288,1.0099534465393256,0.8865241510367774,0.8777871436297514,0.8734186399262384,0.8799713954815079,0.8865241510367774,NaN,0.8777871436297514,NaN,0.8777871436297514,1.0099534465393256
new_preds,OFT-0089-00,fast,4.522249039821994,1289,0.9981650630476301,0.9201868140611102,0.9218784028080145,0.9227241971814666,0.9214555056212885,0.9201868140611102,NaN,0.9218784028080145,NaN,0.9218784028080145,0.9981650630476301
new_preds,OFT-0089-00,medium,3.7683511644032364,1290,1.0042111441334511,0.8258147539692559,0.8223517123800331,0.8206201915854218,0.8232174727773388,0.8258147539692559,NaN,0.8223517123800331,NaN,0.8223517123800331,1.0042111441334511
new_preds,OFT-0089-00,slow,3.1931842040920086,1291,0.9994334095000517,0.9049193762377872,0.9054323856258283,0.905688890319849,0.9053041332788181,0.9049193762377872,NaN,0.9054323856258283,NaN,0.9054323856258283,0.9994334095000517
new_preds,OFT-0090-00,fast,4.712230528661209,1292,1.001645172791397,0.9318491428920954,0.9303186080308327,0.9295533406002012,0.9307012417461484,0.9318491428920954,NaN,0.9303186080308327,NaN,0.9303186080308327,1.001645172791397
new_preds,OFT-0090-00,slow,3.1210848490947622,1293,1.0027834580884518,0.9415950282563743,0.938981412847877,0.9376746051436283,0.9396348167000013,0.9415950282563743,NaN,0.938981412847877,NaN,0.938981412847877,1.0027834580884518
new_preds,OFT-0090-00,medium,3.884947000186046,1294,1.000692426289159,0.9294542338859324,0.9288111006621712,0.928489534050291,0.9289718839681116,0.9294542338859324,NaN,0.9288111006621712,NaN,0.9288111006621712,1.000692426289159
new_preds,OFT-0091-00,fast,4.809563130650833,1295,1.0111153604558563,0.8639168312637711,0.8544196488858388,0.8496710576968725,0.8567939444803219,0.8639168312637711,NaN,0.8544196488858388,NaN,0.8544196488858388,1.0111153604558563
new_preds,OFT-0091-00,slow,3.3519654026105465,1296,1.00119013474014,0.9432002787309725,0.9420790776926514,0.941518477173491,0.9423593779522317,0.9432002787309725,NaN,0.9420790776926514,NaN,0.9420790776926514,1.00119013474014
new_preds,OFT-0091-00,medium,3.919265553448769,1297,1.0012245761222969,0.8965866807553177,0.8954900849794981,0.8949417870915882,0.8957642339234528,0.8965866807553177,NaN,0.8954900849794981,NaN,0.8954900849794981,1.0012245761222969
new_preds,OFT-0092-00,medium,4.15891274457229,1298,1.0141748905756218,0.830303480917695,0.818698518996496,0.8128960380358967,0.8215997594767956,0.830303480917695,NaN,0.818698518996496,NaN,0.818698518996496,1.0141748905756218
new_preds,OFT-0092-00,fast,5.107740118187384,1299,1.013634933778214,0.8939596155366607,0.8819344970723567,0.8759219378402046,0.8849407766884327,0.8939596155366607,NaN,0.8819344970723567,NaN,0.8819344970723567,1.013634933778214
new_preds,OFT-0092-00,slow,3.3547356122368255,1300,1.009043281244687,0.8753147660047869,0.8674699909057005,0.8635476033561575,0.8694311846804721,0.8753147660047869,NaN,0.8674699909057005,NaN,0.8674699909057005,1.009043281244687
new_preds,OFT-0093-00,fast,4.0191678697533275,1301,0.9973902083169216,0.8950542249379093,0.8973962421871953,0.8985672508118385,0.8968107378748741,0.8950542249379093,NaN,0.8973962421871953,NaN,0.8973962421871953,0.9973902083169216
new_preds,OFT-0093-00,medium,3.5109686290336093,1302,1.0064651834098,0.8030642187079775,0.7979056125789458,0.7953263095144301,0.7991952641112038,0.8030642187079775,NaN,0.7979056125789458,NaN,0.7979056125789458,1.0064651834098
new_preds,OFT-0093-00,slow,3.059042237891343,1303,1.0075090950757077,0.9155026458081972,0.9086792866514055,0.9052676070730096,0.9103851264406033,0.9155026458081972,NaN,0.9086792866514055,NaN,0.9086792866514055,1.0075090950757077
new_preds,OFT-0094-00,fast,5.115404504604591,1304,0.9960088962731276,0.8989709028651429,0.9025731659917074,0.9043742975549898,0.9016726002100663,0.8989709028651429,NaN,0.9025731659917074,NaN,0.9025731659917074,0.9960088962731276
new_preds,OFT-0094-00,slow,3.406649419610441,1305,1.0073323900886897,0.8810059879596999,0.8745931299619308,0.8713867009630464,0.8761963444613732,0.8810059879596999,NaN,0.8745931299619308,NaN,0.8745931299619308,1.0073323900886897
new_preds,OFT-0094-00,medium,4.262058948368828,1306,1.0224045311514587,0.8175366598609666,0.7996215147249351,0.7906639421569193,0.8041003010089429,0.8175366598609666,NaN,0.7996215147249351,NaN,0.7996215147249351,1.0224045311514587
new_preds,OFT-0095-00,slow,3.7040752206568075,1307,1.0086297663545418,0.8028328118626856,0.7959638299832639,0.792529339043553,0.7976810754531194,0.8028328118626856,NaN,0.7959638299832639,NaN,0.7959638299832639,1.0086297663545418
new_preds,OFT-0095-00,medium,4.731279333370895,1308,1.009705561620928,0.8521335485992221,0.8439426115780245,0.8398471430674257,0.8459903458333238,0.8521335485992221,NaN,0.8439426115780245,NaN,0.8439426115780245,1.009705561620928
new_preds,OFT-0095-00,fast,5.757998758584251,1309,0.9898423378875619,0.8769840949423374,0.8859836171626311,0.8904833782727779,0.8837337366075577,0.8769840949423374,NaN,0.8859836171626311,NaN,0.8859836171626311,0.9898423378875619
new_preds,OFT-0096-00,slow,3.1024308422427156,1310,1.008819678983418,0.8813403851644384,0.873635203124269,0.8697826121041841,0.8755614986343113,0.8813403851644384,NaN,0.873635203124269,NaN,0.873635203124269,1.008819678983418
new_preds,OFT-0096-00,fast,4.557228175695907,1311,1.0096163802648648,0.9012343388283885,0.8926502743467345,0.8883582421059075,0.894796290467148,0.9012343388283885,NaN,0.8926502743467345,NaN,0.8926502743467345,1.0096163802648648
new_preds,OFT-0096-00,medium,3.7733666165880337,1312,1.0018462181381467,0.9045902792912842,0.9029232859434205,0.9020897892694888,0.9033400342803866,0.9045902792912842,NaN,0.9029232859434205,NaN,0.9029232859434205,1.0018462181381467
new_preds,OFT-0097-00,fast,4.242635871041216,1313,1.0050787669710342,0.8748573933705773,0.8704366484699504,0.868226276019637,0.8715418346951072,0.8748573933705773,NaN,0.8704366484699504,NaN,0.8704366484699504,1.0050787669710342
new_preds,OFT-0097-00,medium,3.598465327660356,1314,1.006360201837632,0.9251030601707912,0.9192564039014423,0.9163330757667677,0.9207180679687794,0.9251030601707912,NaN,0.9192564039014423,NaN,0.9192564039014423,1.006360201837632
new_preds,OFT-0097-00,slow,3.0165485939396546,1315,1.0057270721511657,0.9773334727348062,0.9717680867875735,0.968985393813957,0.9731594332743816,0.9773334727348062,NaN,0.9717680867875735,NaN,0.9717680867875735,1.0057270721511657
new_preds,OFT-0098-00,medium,3.9893382767996637,1316,0.9966618979524882,0.8684847304189076,0.8713935309487563,0.872847931213681,0.8706663308162943,0.8684847304189076,NaN,0.8713935309487563,NaN,0.8713935309487563,0.9966618979524882
new_preds,OFT-0098-00,fast,4.919739834944232,1317,1.0025647050570494,0.9434283634905887,0.9410149377210565,0.9398082248362902,0.9416182941634395,0.9434283634905887,NaN,0.9410149377210565,NaN,0.9410149377210565,1.0025647050570494
new_preds,OFT-0098-00,slow,3.1220091734352553,1318,0.9801803780745159,0.7098575597520832,0.7242111509582964,0.7313879465614026,0.7206227531567428,0.7098575597520832,NaN,0.7242111509582964,NaN,0.7242111509582964,0.9801803780745159
new_preds,OFT-0099-00,fast,4.869667694485377,1319,1.0046583985253308,0.8655244108805846,0.8615111486163144,0.8595045174841793,0.8625144641823819,0.8655244108805846,NaN,0.8615111486163144,NaN,0.8615111486163144,1.0046583985253308
new_preds,OFT-0099-00,slow,3.199630693896349,1320,0.9920763976698084,0.9569283651293916,0.9645712440866726,0.968392683565313,0.9626605243473523,0.9569283651293916,NaN,0.9645712440866726,NaN,0.9645712440866726,0.9920763976698084
new_preds,OFT-0099-00,medium,3.9286556957030414,1321,1.0014421441882215,0.9121586544558379,0.9108450845108403,0.9101882995383417,0.9111734769970898,0.9121586544558379,NaN,0.9108450845108403,NaN,0.9108450845108403,1.0014421441882215
new_preds,OFT-0100-00,fast,4.8467006953226885,1322,1.0083814940710494,0.8590611051112315,0.8519207365091758,0.8483505522081476,0.8537058286596897,0.8590611051112315,NaN,0.8519207365091758,NaN,0.8519207365091758,1.0083814940710494
new_preds,OFT-0100-00,slow,3.2044482956706366,1323,0.9994740747117116,0.9226736727797331,0.9231591855405247,0.9234019419209204,0.9230378073503267,0.9226736727797331,NaN,0.9231591855405247,NaN,0.9231591855405247,0.9994740747117116
new_preds,OFT-0100-00,medium,3.891925487904949,1324,1.01673045060159,0.8350760321013024,0.8213347319411902,0.8144640818611343,0.8247700569812183,0.8350760321013024,NaN,0.8213347319411902,NaN,0.8213347319411902,1.01673045060159
new_preds,OFT-0101-00,fast,4.436016878111632,1325,1.0058531262977293,0.8746737298151888,0.8695839451577031,0.8670390528289602,0.8708563913220745,0.8746737298151888,NaN,0.8695839451577031,NaN,0.8695839451577031,1.0058531262977293
new_preds,OFT-0101-00,slow,3.0958514721743136,1326,1.008536101244015,0.900539868092404,0.8929178310836874,0.889106812579329,0.8948233403358665,0.900539868092404,NaN,0.8929178310836874,NaN,0.8929178310836874,1.008536101244015
new_preds,OFT-0101-00,medium,3.6762927965155656,1327,1.0352645918348125,0.8261319120451367,0.7979910822420505,0.7839206673405075,0.805026289692822,0.8261319120451367,NaN,0.7979910822420505,NaN,0.7979910822420505,1.0352645918348125
new_preds,OFT-0102-00,medium,3.7719346976178,1328,1.0000151653066491,0.9561575650647319,0.9561430648619528,0.9561358147605634,0.9561466899126477,0.9561575650647319,NaN,0.9561430648619528,NaN,0.9561430648619528,1.0000151653066491
new_preds,OFT-0102-00,fast,4.508869908756534,1329,1.0058655011019533,0.870451138092514,0.8653752784432022,0.8628373486185466,0.8666442433555301,0.870451138092514,NaN,0.8653752784432022,NaN,0.8653752784432022,1.0058655011019533
new_preds,OFT-0102-00,slow,3.241723694801388,1330,1.003905575609732,0.922425442472701,0.9188368556599128,0.9170425622535188,0.9197340023631098,0.922425442472701,NaN,0.9188368556599128,NaN,0.9188368556599128,1.003905575609732
new_preds,OFT-0103-00,fast,4.882587431103269,1331,1.0102479585671975,0.8970008501904145,0.8879016706577683,0.883352080891445,0.8901764655409298,0.8970008501904145,NaN,0.8879016706577683,NaN,0.8879016706577683,1.0102479585671975
new_preds,OFT-0103-00,medium,4.055022923568767,1332,1.006978448808383,0.8787447998140144,0.8726550214196589,0.8696101322224814,0.8741774660182479,0.8787447998140144,NaN,0.8726550214196589,NaN,0.8726550214196589,1.006978448808383
new_preds,OFT-0103-00,slow,3.299790618591718,1333,1.000002470310326,0.8192108689669186,0.819208845266849,0.8192078334168142,0.8192093511918663,0.8192108689669186,NaN,0.819208845266849,NaN,0.819208845266849,1.000002470310326
new_preds,OFT-0104-00,slow,3.6466756120059496,1334,1.0211994311392143,0.846309838357896,0.8287410005837766,0.8199565816967169,0.8331332100273063,0.846309838357896,NaN,0.8287410005837766,NaN,0.8287410005837766,1.0211994311392143
new_preds,OFT-0104-00,fast,6.187422065701337,1335,1.0118218381075035,0.784493963434206,0.7753281594529643,0.7707452574623433,0.7776196104482747,0.784493963434206,NaN,0.7753281594529643,NaN,0.7753281594529643,1.0118218381075035
new_preds,OFT-0104-00,medium,4.63512370988707,1336,1.012418913525917,0.84662958480802,0.8362443386794226,0.8310517156151241,0.838840650211572,0.84662958480802,NaN,0.8362443386794226,NaN,0.8362443386794226,1.012418913525917
new_preds,OFT-0105-00,fast,4.233233207588576,1337,1.0019057178865511,0.9372701167491541,0.9354873417892641,0.9345959543093193,0.9359330355292366,0.9372701167491541,NaN,0.9354873417892641,NaN,0.9354873417892641,1.0019057178865511
new_preds,OFT-0105-00,slow,3.024948003604132,1338,1.0286952812387946,0.7765510547818163,0.7548892941811335,0.744058413880792,0.7603047343313042,0.7765510547818163,NaN,0.7548892941811335,NaN,0.7548892941811335,1.0286952812387946
new_preds,OFT-0105-00,medium,3.543183174278209,1339,1.0171627181288438,0.8859286825426065,0.8709802932733778,0.8635060986387633,0.8747173905906849,0.8859286825426065,NaN,0.8709802932733778,NaN,0.8709802932733778,1.0171627181288438
new_preds,OFT-0106-00,fast,5.617991170718853,1340,1.010878338233105,0.8479713670620377,0.8388461152943397,0.8342834894104909,0.8411274282362643,0.8479713670620377,NaN,0.8388461152943397,NaN,0.8388461152943397,1.010878338233105
new_preds,OFT-0106-00,slow,3.646153405290919,1341,1.0044570018169776,0.8978519465111456,0.8938679753210019,0.8918759897259301,0.8948639681185379,0.8978519465111456,NaN,0.8938679753210019,NaN,0.8938679753210019,1.0044570018169776
new_preds,OFT-0106-00,medium,4.527323150327037,1342,1.019246837247214,0.80578728687495,0.790571289925435,0.7829632914506774,0.7943752891628137,0.80578728687495,NaN,0.790571289925435,NaN,0.790571289925435,1.019246837247214
new_preds,OFT-0107-00,fast,5.93603305524449,1343,1.0138501210321087,0.8312962367189816,0.8199399689105076,0.8142618350062706,0.8227790358626261,0.8312962367189816,NaN,0.8199399689105076,NaN,0.8199399689105076,1.0138501210321087
new_preds,OFT-0107-00,medium,4.715372217805848,1344,1.022842073276457,0.7712076740643281,0.7539850913581687,0.7453738000050891,0.7582907370347085,0.7712076740643281,NaN,0.7539850913581687,NaN,0.7539850913581687,1.022842073276457
new_preds,OFT-0107-00,slow,3.672060899675582,1345,1.0187796503409774,0.9225796541561891,0.9055733041461999,0.8970701291412053,0.9098248916486973,0.9225796541561891,NaN,0.9055733041461999,NaN,0.9055733041461999,1.0187796503409774
new_preds,OFT-0108-00,fast,4.549426124595657,1346,1.0059436899663237,0.8531206721013893,0.8480799478248624,0.845559585686599,0.8493401288939941,0.8531206721013893,NaN,0.8480799478248624,NaN,0.8480799478248624,1.0059436899663237
new_preds,OFT-0108-00,slow,3.1406104376864468,1347,1.001848640902092,0.9130337093997255,0.9113489524501476,0.9105065739753585,0.9117701416875421,0.9130337093997255,NaN,0.9113489524501476,NaN,0.9113489524501476,1.001848640902092
new_preds,OFT-0108-00,medium,3.7238719987923203,1348,0.9862160337800118,0.7628309779691116,0.7734927762686029,0.7788236754183486,0.7708273266937302,0.7628309779691116,NaN,0.7734927762686029,NaN,0.7734927762686029,0.9862160337800118
new_preds,OFT-0109-00,fast,4.704453886903625,1349,1.0010623866848343,0.9185132130450754,0.9175384324316362,0.9170510421249166,0.9177821275849959,0.9185132130450754,NaN,0.9175384324316362,NaN,0.9175384324316362,1.0010623866848343
new_preds,OFT-0109-00,medium,3.9837994457999693,1350,0.9987230423423846,0.9549791206358086,0.9562001477366738,0.9568106612871065,0.9558948909614574,0.9549791206358086,NaN,0.9562001477366738,NaN,0.9562001477366738,0.9987230423423846
new_preds,OFT-0109-00,slow,3.276150275186023,1351,1.0032989085622124,0.9106868846663942,0.9076924901388194,0.9061952928750321,0.9084410887707133,0.9106868846663942,NaN,0.9076924901388194,NaN,0.9076924901388194,1.0032989085622124
new_preds,OFT-0110-00,fast,5.461607789291343,1352,1.000046630479861,0.9577468696122167,0.9577022114985306,0.9576798824416877,0.9577133760269521,0.9577468696122167,NaN,0.9577022114985306,NaN,0.9577022114985306,1.000046630479861
new_preds,OFT-0110-00,medium,4.4134723030506375,1353,1.0030534143723613,0.8769883078847663,0.8743186507505412,0.8729838221834287,0.8749860650340976,0.8769883078847663,NaN,0.8743186507505412,NaN,0.8743186507505412,1.0030534143723613
new_preds,OFT-0110-00,slow,3.6190092014785558,1354,0.991159566332241,0.8564363833027469,0.8640751826388221,0.8678945823068598,0.8621654828048033,0.8564363833027469,NaN,0.8640751826388221,NaN,0.8640751826388221,0.991159566332241
new_preds,OFT-0111-00,fast,5.100900785626418,1355,1.0062922342045655,0.8729406890639535,0.8674822873436749,0.8647530864835358,0.8688468877737447,0.8729406890639535,NaN,0.8674822873436749,NaN,0.8674822873436749,1.0062922342045655
new_preds,OFT-0111-00,medium,4.188800263755716,1356,1.0182104097209277,0.8381358276948058,0.8231460017429236,0.8156510887669827,0.8268934582308942,0.8381358276948058,NaN,0.8231460017429236,NaN,0.8231460017429236,1.0182104097209277
new_preds,OFT-0111-00,slow,3.3945797673580325,1357,0.998788884197469,0.8757935955702747,0.8768555692066782,0.8773865560248801,0.8765900757975773,0.8757935955702747,NaN,0.8768555692066782,NaN,0.8768555692066782,0.998788884197469
new_preds,OFT-0112-00,fast,5.47310156250137,1358,1.008846190343733,0.876347496589466,0.8686631371337962,0.8648209574059615,0.8705842269977138,0.876347496589466,NaN,0.8686631371337962,NaN,0.8686631371337962,1.008846190343733
new_preds,OFT-0112-00,medium,4.449639672275812,1359,1.0084701192809282,0.8821822732402087,0.8747728429169851,0.8710681277553732,0.876625200497791,0.8821822732402087,NaN,0.8747728429169851,NaN,0.8747728429169851,1.0084701192809282
new_preds,OFT-0112-00,slow,3.6078789665896656,1360,1.0068357930979728,0.8610998012215381,0.8552534654851572,0.8523302976169669,0.8567150494192526,0.8610998012215381,NaN,0.8552534654851572,NaN,0.8552534654851572,1.0068357930979728
new_preds,OFT-0113-00,fast,4.611803079999714,1361,0.9966433089391437,0.9354951226478236,0.9386458668383497,0.940221238933613,0.9378581807907183,0.9354951226478236,NaN,0.9386458668383497,NaN,0.9386458668383497,0.9966433089391437
new_preds,OFT-0113-00,slow,3.210286800313854,1362,0.9843666723045641,0.8776463463193667,0.8915847834066267,0.898554001950257,0.8881001741348118,0.8776463463193667,NaN,0.8915847834066267,NaN,0.8915847834066267,0.9843666723045641
new_preds,OFT-0113-00,medium,3.7593020489196194,1363,1.008245650004374,0.8599865348039307,0.8529533797643462,0.849436802244554,0.8547116685242424,0.8599865348039307,NaN,0.8529533797643462,NaN,0.8529533797643462,1.008245650004374
new_preds,OFT-0114-00,medium,4.674387764897772,1364,1.005684639302498,0.8993963235664805,0.8943124796956878,0.8917705577602915,0.895583440663386,0.8993963235664805,NaN,0.8943124796956878,NaN,0.8943124796956878,1.005684639302498
new_preds,OFT-0114-00,slow,3.766425764950011,1365,1.0104682226401651,0.846728090682151,0.8379561788393587,0.8335702229179627,0.840149156800057,0.846728090682151,NaN,0.8379561788393587,NaN,0.8379561788393587,1.0104682226401651
new_preds,OFT-0114-00,fast,5.819930088430961,1366,1.0094311944261192,0.849971046039961,0.8420297002245762,0.8380590273168838,0.8440150366784224,0.849971046039961,NaN,0.8420297002245762,NaN,0.8420297002245762,1.0094311944261192
new_preds,OFT-0115-00,medium,4.888940318421895,1367,1.0128631958080807,0.8376897059411663,0.82705118461022,0.8217319239447469,0.8297108149429566,0.8376897059411663,NaN,0.82705118461022,NaN,0.82705118461022,1.0128631958080807
new_preds,OFT-0115-00,fast,6.262557708542324,1368,1.0158713606050953,0.7838544518528419,0.7716079833040529,0.7654847490296581,0.7746696004412501,0.7838544518528419,NaN,0.7716079833040529,NaN,0.7716079833040529,1.0158713606050953
new_preds,OFT-0115-00,slow,3.859008672230257,1369,1.0193561859882667,0.8727522335946811,0.8561798570423617,0.8478936687662022,0.8603229511804416,0.8727522335946811,NaN,0.8561798570423617,NaN,0.8561798570423617,1.0193561859882667
new_preds,OFT-0116-00,fast,4.928154308703572,1370,1.0219527741538,0.8498714516190713,0.831615191144996,0.8224870609079584,0.8361792562635149,0.8498714516190713,NaN,0.831615191144996,NaN,0.831615191144996,1.0219527741538
new_preds,OFT-0116-00,medium,3.951897009240641,1371,1.0102755648701383,0.9129743331927538,0.9036884241678242,0.8990454696553594,0.9060099014240566,0.9129743331927538,NaN,0.9036884241678242,NaN,0.9036884241678242,1.0102755648701383
new_preds,OFT-0116-00,slow,3.2392811099631467,1372,1.0161171263820865,0.9818883191844705,0.9663141125083792,0.9585270091703333,0.9702076641774019,0.9818883191844705,NaN,0.9663141125083792,NaN,0.9663141125083792,1.0161171263820865
new_preds,OFT-0117-00,slow,3.4297122326620455,1373,0.9837435392139399,0.762629553012239,0.7752320829691223,0.7815333479475637,0.7720814504799014,0.762629553012239,NaN,0.7752320829691223,NaN,0.7752320829691223,0.9837435392139399
new_preds,OFT-0117-00,fast,5.18915604671162,1374,1.008611722478046,0.8849877064227122,0.8774315097671049,0.8736534114393013,0.8793205589310067,0.8849877064227122,NaN,0.8774315097671049,NaN,0.8774315097671049,1.008611722478046
new_preds,OFT-0117-00,medium,4.119023773203526,1375,1.0056390391948882,0.8528323636380368,0.8480501754593895,0.8456590813700661,0.8492457225040515,0.8528323636380368,NaN,0.8480501754593895,NaN,0.8480501754593895,1.0056390391948882
new_preds,OFT-0118-00,fast,4.55782937595449,1376,1.0047617579443249,0.9473396259157632,0.9428500024264025,0.9406051906817221,0.9439724082987426,0.9473396259157632,NaN,0.9428500024264025,NaN,0.9428500024264025,1.0047617579443249
new_preds,OFT-0118-00,medium,3.8441883038953146,1377,1.005066881894276,0.8807507855295106,0.8763106230995655,0.8740905418845928,0.8774206637070517,0.8807507855295106,NaN,0.8763106230995655,NaN,0.8763106230995655,1.005066881894276
new_preds,OFT-0118-00,slow,3.1600015381147024,1378,1.0026579611320443,0.894749289796511,0.8923773853910263,0.8911914331882835,0.8929703614923974,0.894749289796511,NaN,0.8923773853910263,NaN,0.8923773853910263,1.0026579611320443
new_preds,OFT-0119-00,fast,4.972196212353909,1379,1.0105573254839089,0.8684231357469459,0.8593506907993552,0.85481446832556,0.861618802036253,0.8684231357469459,NaN,0.8593506907993552,NaN,0.8593506907993552,1.0105573254839089
new_preds,OFT-0119-00,medium,3.8890252183835514,1380,1.0000262160985243,0.9425957598426496,0.9425710493071549,0.9425586940394073,0.9425772269410285,0.9425957598426496,NaN,0.9425710493071549,NaN,0.9425710493071549,1.0000262160985243
new_preds,OFT-0119-00,slow,3.1922142507868037,1381,1.0047495269883961,0.8923461757035323,0.88812798785606,0.886018893932324,0.8891825348179283,0.8923461757035323,NaN,0.88812798785606,NaN,0.88812798785606,1.0047495269883961
new_preds,OFT-0120-00,medium,4.080773976835986,1382,1.0062476261054305,0.9246417118343815,0.918900763436436,0.9160302892374631,0.9203360005359223,0.9246417118343815,NaN,0.918900763436436,NaN,0.918900763436436,1.0062476261054305
new_preds,OFT-0120-00,fast,4.8786595817846035,1383,1.0009660454480422,0.9361353142763261,0.9352318378165392,0.9347800995866455,0.935457706931486,0.9361353142763261,NaN,0.9352318378165392,NaN,0.9352318378165392,1.0009660454480422
new_preds,OFT-0120-00,slow,3.2043420476763553,1384,0.997712988627879,0.8777541943501423,0.8797662297223253,0.8807722474084171,0.8792632208792796,0.8777541943501423,NaN,0.8797662297223253,NaN,0.8797662297223253,0.997712988627879
new_preds,OFT-0121-00,slow,3.3896665103050387,1385,0.9949582872439885,0.9518527749046326,0.9566760608037578,0.9590877037533203,0.9554702393289765,0.9518527749046326,NaN,0.9566760608037578,NaN,0.9566760608037578,0.9949582872439885
new_preds,OFT-0121-00,medium,4.083610068004201,1386,1.013373222536206,0.8478476679235254,0.8366588430288164,0.831064430581462,0.8394560492524936,0.8478476679235254,NaN,0.8366588430288164,NaN,0.8366588430288164,1.013373222536206
new_preds,OFT-0121-00,fast,4.890658115417021,1387,1.0065333863980914,0.8504447747047377,0.8449245561024843,0.8421644468013576,0.8463046107530476,0.8504447747047377,NaN,0.8449245561024843,NaN,0.8449245561024843,1.0065333863980914
new_preds,OFT-0122-00,slow,3.3788944810333055,1388,0.9973425556043749,0.9148847291065841,0.9173224625436518,0.9185413292621856,0.9167130291843848,0.9148847291065841,NaN,0.9173224625436518,NaN,0.9173224625436518,0.9973425556043749
new_preds,OFT-0122-00,fast,5.095443754473177,1389,1.0132763384574464,0.8820443376375879,0.8704874516070923,0.8647090085918445,0.8733766731147161,0.8820443376375879,NaN,0.8704874516070923,NaN,0.8704874516070923,1.0132763384574464
new_preds,OFT-0122-00,medium,4.209948378335755,1390,1.0093294444817418,0.8517548255873313,0.843881876471641,0.8399454019137957,0.8458501137505635,0.8517548255873313,NaN,0.843881876471641,NaN,0.843881876471641,1.0093294444817418
new_preds,OFT-0123-00,medium,4.362295176691182,1391,1.0023312804054267,0.8802267413486835,0.8781794587839721,0.8771558175016163,0.87869127942515,0.8802267413486835,NaN,0.8781794587839721,NaN,0.8781794587839721,1.0023312804054267
new_preds,OFT-0123-00,fast,5.3626420706251166,1392,0.9990850679359408,0.9493312160990499,0.950200585081629,0.9506352695729186,0.9499832428359842,0.9493312160990499,NaN,0.950200585081629,NaN,0.950200585081629,0.9990850679359408
new_preds,OFT-0123-00,slow,3.464489332347428,1393,0.999263911669873,0.9714074092578245,0.9721229776371115,0.9724807618267552,0.9719440855422901,0.9714074092578245,NaN,0.9721229776371115,NaN,0.9721229776371115,0.999263911669873
new_preds,OFT-0124-00,fast,5.161182043090362,1394,1.0077440996601028,0.8441311184118988,0.837644317338709,0.834400916802114,0.8392660176070066,0.8441311184118988,NaN,0.837644317338709,NaN,0.837644317338709,1.0077440996601028
new_preds,OFT-0124-00,medium,4.078538550944805,1395,1.0039997610694396,0.8974927678283574,0.8939173121638664,0.8921295843316209,0.8948111760799892,0.8974927678283574,NaN,0.8939173121638664,NaN,0.8939173121638664,1.0039997610694396
new_preds,OFT-0124-00,slow,3.275163838693807,1396,1.0045296173891791,0.856710979924443,0.8528479052226215,0.8509163678717105,0.8538136738980768,0.856710979924443,NaN,0.8528479052226215,NaN,0.8528479052226215,1.0045296173891791
new_preds,OFT-0125-00,fast,5.742795435143275,1397,0.9990417434999402,0.936533341386228,0.9374316413499133,0.937880791331756,0.9372070663589921,0.936533341386228,NaN,0.9374316413499133,NaN,0.9374316413499133,0.9990417434999402
new_preds,OFT-0125-00,medium,4.8132004596014335,1398,1.0037168152144371,0.876836620212011,0.8735896489137537,0.871966163264625,0.874401391738318,0.876836620212011,NaN,0.8735896489137537,NaN,0.8735896489137537,1.0037168152144371
new_preds,OFT-0125-00,slow,3.8852185889014295,1399,1.0003843774603072,0.9571575420846345,0.9567897736613867,0.9566058894497631,0.9568817157671987,0.9571575420846345,NaN,0.9567897736613867,NaN,0.9567897736613867,1.0003843774603072
new_preds,OFT-0126-00,medium,4.742109655270424,1400,1.0094207017415928,0.8850445498893815,0.8767846234601487,0.8726546602455324,0.878849605067457,0.8850445498893815,NaN,0.8767846234601487,NaN,0.8767846234601487,1.0094207017415928
new_preds,OFT-0126-00,fast,5.61309232082694,1401,1.0027189540795385,0.9177103389060477,0.9152218926074597,0.9139776694581658,0.9158440041821068,0.9177103389060477,NaN,0.9152218926074597,NaN,0.9152218926074597,1.0027189540795385
new_preds,OFT-0126-00,slow,3.961042619004213,1402,0.9979124840672787,0.9216651911102787,0.9235932066445022,0.9245572144116136,0.9231112027609463,0.9216651911102787,NaN,0.9235932066445022,NaN,0.9235932066445022,0.9979124840672787
new_preds,OFT-0127-00,slow,3.7083576502217035,1403,1.005015059252647,0.9215248414262345,0.9169264011939305,0.9146271810777789,0.9180760112520066,0.9215248414262345,NaN,0.9169264011939305,NaN,0.9169264011939305,1.005015059252647
new_preds,OFT-0127-00,medium,4.541571472747302,1404,0.9971739882396149,0.848066072296061,0.8504695091307134,0.8516712275480395,0.8498686499220504,0.848066072296061,NaN,0.8504695091307134,NaN,0.8504695091307134,0.9971739882396149
new_preds,OFT-0127-00,fast,5.36901168659727,1405,0.9993023474496273,0.9039342242998268,0.9045652965859686,0.9048808327290396,0.9044075285144333,0.9039342242998268,NaN,0.9045652965859686,NaN,0.9045652965859686,0.9993023474496273
new_preds,OFT-0128-00,medium,4.9890129186542875,1406,1.0035390179756642,0.8904251185825728,0.8872850010144453,0.8857149422303815,0.8880700304064771,0.8904251185825728,NaN,0.8872850010144453,NaN,0.8872850010144453,1.0035390179756642
new_preds,OFT-0128-00,fast,5.949506233264642,1407,0.9961107701469616,0.9323272325522202,0.9359674250030133,0.9377875212284098,0.935057376890315,0.9323272325522202,NaN,0.9359674250030133,NaN,0.9359674250030133,0.9961107701469616
new_preds,OFT-0128-00,slow,4.00458707104556,1408,1.0057228190889662,0.8362116493337287,0.83145339199046,0.8290742633188255,0.8326429563262772,0.8362116493337287,NaN,0.83145339199046,NaN,0.83145339199046,1.0057228190889662
new_preds,OFT-0129-00,slow,3.672095757419224,1409,1.0008115322727962,0.9473443865134319,0.9465762093708664,0.9461921207995839,0.9467682536565079,0.9473443865134319,NaN,0.9465762093708664,NaN,0.9465762093708664,1.0008115322727962
new_preds,OFT-0129-00,medium,4.629500548051738,1410,1.0070277935160776,0.8176724780814373,0.8119661476536822,0.8091129824398048,0.813392730260621,0.8176724780814373,NaN,0.8119661476536822,NaN,0.8119661476536822,1.0070277935160776
new_preds,OFT-0129-00,fast,5.889271845364836,1411,0.9945382295128222,0.9167754936479556,0.9218102094446797,0.9243275673430418,0.9205515304954988,0.9167754936479556,NaN,0.9218102094446797,NaN,0.9218102094446797,0.9945382295128222
new_preds,OFT-0130-00,medium,4.512592884052859,1412,1.0012523227841392,0.9011126522184156,0.899985579771471,0.8994220435479988,0.9002673478832072,0.9011126522184156,NaN,0.899985579771471,NaN,0.899985579771471,1.0012523227841392
new_preds,OFT-0130-00,fast,5.336847343639953,1413,1.0099869915037338,0.8310013089362975,0.822784170416937,0.8186756011572569,0.8248384550467771,0.8310013089362975,NaN,0.822784170416937,NaN,0.822784170416937,1.0099869915037338
new_preds,OFT-0130-00,slow,3.658082515046592,1414,1.0025405525558007,0.8741111533710644,0.8718960556185701,0.8707885067423227,0.8724498300566936,0.8741111533710644,NaN,0.8718960556185701,NaN,0.8718960556185701,1.0025405525558007
new_preds,OFT-0131-00,medium,4.27897502790481,1415,0.9995376814780985,0.960439946700631,0.9608841812550274,0.9611062985322256,0.9607731226164283,0.960439946700631,NaN,0.9608841812550274,NaN,0.9608841812550274,0.9995376814780985
new_preds,OFT-0131-00,fast,5.242139409734292,1416,1.0014457730298312,0.9023084098314259,0.9010057600038897,0.9003544350901218,0.9013314224607738,0.9023084098314259,NaN,0.9010057600038897,NaN,0.9010057600038897,1.0014457730298312
new_preds,OFT-0131-00,slow,3.534686858142453,1417,1.0143629561701983,0.823863115595995,0.8121975576735871,0.8063647787123833,0.8151139471541892,0.823863115595995,NaN,0.8121975576735871,NaN,0.8121975576735871,1.0143629561701983
new_preds,OFT-0132-00,fast,4.9276346176328225,1418,0.9977216766136975,0.9007869445245715,0.9028439149301378,0.9038724001329208,0.9023296723287461,0.9007869445245715,NaN,0.9028439149301378,NaN,0.9028439149301378,0.9977216766136975
new_preds,OFT-0132-00,slow,3.175782810733406,1419,1.01423990485812,0.892845461767062,0.8803099320884641,0.8740421672491652,0.8834438145081136,0.892845461767062,NaN,0.8803099320884641,NaN,0.8803099320884641,1.01423990485812
new_preds,OFT-0132-00,medium,3.8664053181431166,1420,0.9987907243993255,0.9429367250997094,0.944078376044985,0.9446492015176227,0.9437929633086661,0.9429367250997094,NaN,0.944078376044985,NaN,0.944078376044985,0.9987907243993255
new_preds,OFT-0133-00,medium,4.193815538048674,1421,0.9984994913510287,0.9449589145219387,0.9463789643431401,0.947088989253741,0.9460239518878398,0.9449589145219387,NaN,0.9463789643431401,NaN,0.9463789643431401,0.9984994913510287
new_preds,OFT-0133-00,fast,5.130406259621928,1422,1.0045731208255713,0.8721722375870887,0.8682018456459657,0.8662166496754042,0.8691944436312464,0.8721722375870887,NaN,0.8682018456459657,NaN,0.8682018456459657,1.0045731208255713
new_preds,OFT-0133-00,slow,3.408797550612382,1423,1.0016468620741787,0.9307478563522756,0.9292175631887992,0.9284524166070611,0.9296001364796684,0.9307478563522756,NaN,0.9292175631887992,NaN,0.9292175631887992,1.0016468620741787
new_preds,OFT-0134-00,fast,4.8677065097074035,1424,1.0021171880478865,0.9046035195525235,0.9026923500979774,0.9017367653707045,0.903170142461614,0.9046035195525235,NaN,0.9026923500979774,NaN,0.9026923500979774,1.0021171880478865
new_preds,OFT-0134-00,medium,3.9808222921014194,1425,0.9961488609147857,0.9271149039673396,0.9306991558630598,0.9324912818109198,0.9298030928891297,0.9271149039673396,NaN,0.9306991558630598,NaN,0.9306991558630598,0.9961488609147857
new_preds,OFT-0134-00,slow,3.1199716067775536,1426,1.0055280571150687,0.9143995462655121,0.9093724832392934,0.9068589517261842,0.9106292489958481,0.9143995462655121,NaN,0.9093724832392934,NaN,0.9093724832392934,1.0055280571150687
new_preds,OFT-0135-00,medium,4.007645315693448,1427,0.994072032110948,0.9031329399888691,0.9085186091304004,0.9112114437011662,0.9071721918450177,0.9031329399888691,NaN,0.9085186091304004,NaN,0.9085186091304004,0.994072032110948
new_preds,OFT-0135-00,fast,4.836439873606349,1428,0.9989263677460103,0.8966442602604149,0.8976079611189101,0.8980898115481576,0.8973670359042862,0.8966442602604149,NaN,0.8976079611189101,NaN,0.8976079611189101,0.9989263677460103
new_preds,OFT-0135-00,slow,3.313370321861746,1429,0.9997574035213203,0.9637674871547812,0.9640013504878521,0.9641182821543874,0.9639428846545843,0.9637674871547812,NaN,0.9640013504878521,NaN,0.9640013504878521,0.9997574035213203
new_preds,OFT-0136-00,medium,4.621073920863968,1430,1.0145549502517848,0.8755399714373417,0.8629793499307817,0.8566990391775018,0.8661195053074218,0.8755399714373417,NaN,0.8629793499307817,NaN,0.8629793499307817,1.0145549502517848
new_preds,OFT-0136-00,fast,5.796390724151755,1431,0.9982359667513481,0.9411102307250605,0.9427733141972462,0.9436048559333393,0.9423575433291999,0.9411102307250605,NaN,0.9427733141972462,NaN,0.9427733141972462,0.9982359667513481
new_preds,OFT-0136-00,slow,3.6970471643533376,1432,0.9977209880923478,0.9354468645573186,0.9375836288118005,0.9386520109390417,0.9370494377481802,0.9354468645573186,NaN,0.9375836288118005,NaN,0.9375836288118005,0.9977209880923478
new_preds,OFT-0137-00,slow,3.3221372170758205,1433,0.9996563226977577,0.9571960999781792,0.95752517964875,0.9576897194840353,0.9574429097311072,0.9571960999781792,NaN,0.95752517964875,NaN,0.95752517964875,0.9996563226977577
new_preds,OFT-0137-00,medium,4.100576472415927,1434,1.0115211453689543,0.8031954529373749,0.7940471206307881,0.7894729544774948,0.7963342037074348,0.8031954529373749,NaN,0.7940471206307881,NaN,0.7940471206307881,1.0115211453689543
new_preds,OFT-0137-00,fast,4.9464823351909395,1435,1.0010895282511685,0.9659132382929191,0.9648619938920948,0.9643363716916828,0.9651248049923009,0.9659132382929191,NaN,0.9648619938920948,NaN,0.9648619938920948,1.0010895282511685
new_preds,OFT-0138-00,fast,5.358794078306806,1436,1.0225678469676256,0.7820628484841124,0.7648028938160741,0.7561729164820548,0.7691178824830837,0.7820628484841124,NaN,0.7648028938160741,NaN,0.7648028938160741,1.0225678469676256
new_preds,OFT-0138-00,medium,4.190486125439501,1437,1.0139288490973817,0.8633512627103028,0.8514909734335641,0.8455608287951945,0.8544560457527487,0.8633512627103028,NaN,0.8514909734335641,NaN,0.8514909734335641,1.0139288490973817
new_preds,OFT-0138-00,slow,3.3070606880044866,1438,1.0124877759336415,0.8183238914681072,0.8082308852702043,0.8031843821712528,0.81075413681968,0.8183238914681072,NaN,0.8082308852702043,NaN,0.8082308852702043,1.0124877759336415
new_preds,OFT-0139-00,fast,4.843432726844186,1439,1.000392707045896,0.9509267749812688,0.9505534859298431,0.9503668414041302,0.9506468081926994,0.9509267749812688,NaN,0.9505534859298431,NaN,0.9505534859298431,1.000392707045896
new_preds,OFT-0139-00,medium,3.8678204853014564,1440,1.0098095790122863,0.8987859241292346,0.8900548606484343,0.8856893289080341,0.8922376265186344,0.8987859241292346,NaN,0.8900548606484343,NaN,0.8900548606484343,1.0098095790122863
new_preds,OFT-0139-00,slow,3.14701706247153,1441,1.00066239218823,0.9479574922098775,0.9473299882260005,0.947016236234062,0.9474868642219698,0.9479574922098775,NaN,0.9473299882260005,NaN,0.9473299882260005,1.00066239218823
new_preds,OFT-0140-00,fast,5.520114157773189,1442,1.0117265109613591,0.8586491179487998,0.8486968648601462,0.8437207383158192,0.8511849281323095,0.8586491179487998,NaN,0.8486968648601462,NaN,0.8486968648601462,1.0117265109613591
new_preds,OFT-0140-00,medium,4.346309181165679,1443,0.9948578839581451,0.8954866836125762,0.900115180320821,0.9024294286749437,0.8989580561437599,0.8954866836125762,NaN,0.900115180320821,NaN,0.900115180320821,0.9948578839581451
new_preds,OFT-0140-00,slow,3.5146377651041507,1444,1.0020084108945233,0.9220980607320257,0.9202498209659146,0.9193257010828592,0.9207118809074425,0.9220980607320257,NaN,0.9202498209659146,NaN,0.9202498209659146,1.0020084108945233
new_preds,OFT-0141-00,fast,4.68208233128552,1445,0.9948523780961442,0.8789817741254979,0.8835298517430409,0.8858038905518124,0.8823928323386552,0.8789817741254979,NaN,0.8835298517430409,NaN,0.8835298517430409,0.9948523780961442
new_preds,OFT-0141-00,slow,3.1925872055707334,1446,1.003397314925489,0.877592125173233,0.8746207630009474,0.8731350819148046,0.8753636035440189,0.877592125173233,NaN,0.8746207630009474,NaN,0.8746207630009474,1.003397314925489
new_preds,OFT-0141-00,medium,3.818507822744039,1447,1.0058049886558489,0.8874401295377022,0.8823182819203067,0.8797573581116092,0.8835987438246558,0.8874401295377022,NaN,0.8823182819203067,NaN,0.8823182819203067,1.0058049886558489
new_preds,OFT-0142-00,medium,4.008620334419147,1448,1.001537080647144,0.9436291120917482,0.9421809040580119,0.9414568000411435,0.9425429560664459,0.9436291120917482,NaN,0.9421809040580119,NaN,0.9421809040580119,1.001537080647144
new_preds,OFT-0142-00,fast,4.673652160813417,1449,1.0053195764146228,0.8776784386352517,0.8730342661439151,0.8707121798982469,0.8741953092667494,0.8776784386352517,NaN,0.8730342661439151,NaN,0.8730342661439151,1.0053195764146228
new_preds,OFT-0142-00,slow,3.3075948418269947,1450,0.9962445877672632,0.9265684557923883,0.9300612190716843,0.931807600711332,0.9291880282518602,0.9265684557923883,NaN,0.9300612190716843,NaN,0.9300612190716843,0.9962445877672632
new_preds,OFT-0143-00,medium,4.518014608673284,1451,1.010117019448942,0.8286684870541247,0.8203687999497281,0.8162189563975298,0.8224437217258272,0.8286684870541247,NaN,0.8203687999497281,NaN,0.8203687999497281,1.010117019448942
new_preds,OFT-0143-00,fast,5.645304651036407,1452,1.0138340690338294,0.8394242171490118,0.8279700226970791,0.8222429254711127,0.8308335713100623,0.8394242171490118,NaN,0.8279700226970791,NaN,0.8279700226970791,1.0138340690338294
new_preds,OFT-0143-00,slow,3.5676242749003326,1453,0.9994557157971969,0.954024428657394,0.9545439718621594,0.9548037434645419,0.954414086060968,0.954024428657394,NaN,0.9545439718621594,NaN,0.9545439718621594,0.9994557157971969
new_preds,OFT-0144-00,medium,4.739473695071832,1454,1.0053531571199548,0.8652925092641754,0.8606851265509402,0.8583814351943226,0.861836972229249,0.8652925092641754,NaN,0.8606851265509402,NaN,0.8606851265509402,1.0053531571199548
new_preds,OFT-0144-00,slow,3.635852178223499,1455,1.0152744043074118,0.861845762506239,0.8488796318017718,0.8423965664495383,0.8521211644778885,0.861845762506239,NaN,0.8488796318017718,NaN,0.8488796318017718,1.0152744043074118
new_preds,OFT-0144-00,fast,6.206288211290876,1456,1.002500760497401,0.9095682220465686,0.9072992838382258,0.906164814734054,0.9078665183903114,0.9095682220465686,NaN,0.9072992838382258,NaN,0.9072992838382258,1.002500760497401
new_preds,OFT-0145-00,fast,4.999920401056717,1457,0.99630087766623,0.8234709317978504,0.8265283613186987,0.8280570760791228,0.8257640039384866,0.8234709317978504,NaN,0.8265283613186987,NaN,0.8265283613186987,0.99630087766623
new_preds,OFT-0145-00,slow,3.3033506176803757,1458,1.0001151190199145,0.9821629680868117,0.9820499154630364,0.9819933891511488,0.9820781786189803,0.9821629680868117,NaN,0.9820499154630364,NaN,0.9820499154630364,1.0001151190199145
new_preds,OFT-0145-00,medium,4.074524435391083,1459,1.0070976140112147,0.932407543864094,0.925836315062217,0.9225507006612783,0.9274791222626861,0.932407543864094,NaN,0.925836315062217,NaN,0.925836315062217,1.0070976140112147
new_preds,OFT-0146-00,slow,3.497295964006201,1460,1.0028221697308182,0.8787932682575486,0.8763201440724412,0.8750835819798874,0.876938425118718,0.8787932682575486,NaN,0.8763201440724412,NaN,0.8763201440724412,1.0028221697308182
new_preds,OFT-0146-00,medium,4.165060576327549,1461,1.0163334986621813,0.8335413031194208,0.8201454583723028,0.8134475359987436,0.8234944195590823,0.8335413031194208,NaN,0.8201454583723028,NaN,0.8201454583723028,1.0163334986621813
new_preds,OFT-0146-00,fast,5.1827205618908785,1462,0.9990587106889225,0.9333449931535418,0.9342243685658209,0.9346640562719605,0.9340045247127512,0.9333449931535418,NaN,0.9342243685658209,NaN,0.9342243685658209,0.9990587106889225
new_preds,OFT-0147-00,fast,4.974315290549787,1463,1.0012985435779358,0.8775273624105513,0.8763893326708402,0.8758203178009845,0.8766738401057679,0.8775273624105513,NaN,0.8763893326708402,NaN,0.8763893326708402,1.0012985435779358
new_preds,OFT-0147-00,medium,4.088665793942183,1464,1.0036208424449036,0.8921992662819477,0.8889804082869346,0.8873709792894282,0.8897851227856879,0.8921992662819477,NaN,0.8889804082869346,NaN,0.8889804082869346,1.0036208424449036
new_preds,OFT-0147-00,slow,3.3526127959067678,1465,1.0168611746026368,0.8505635794933301,0.8364598833520303,0.8294080352813804,0.8399858073873552,0.8505635794933301,NaN,0.8364598833520303,NaN,0.8364598833520303,1.0168611746026368
new_preds,OFT-0148-00,fast,4.900917745869302,1466,1.0134374782539401,0.8280303596848461,0.8170512512636364,0.8115616970530317,0.8197960283689388,0.8280303596848461,NaN,0.8170512512636364,NaN,0.8170512512636364,1.0134374782539401
new_preds,OFT-0148-00,slow,3.39356428852272,1467,1.0053929579221463,0.9741482392444166,0.9689228789285501,0.9663101987706169,0.9702292190075166,0.9741482392444166,NaN,0.9689228789285501,NaN,0.9689228789285501,1.0053929579221463
new_preds,OFT-0148-00,medium,4.079151653491876,1468,1.0095271264271999,0.8553418500157762,0.8472698034800729,0.8432337802122211,0.8492878151139986,0.8553418500157762,NaN,0.8472698034800729,NaN,0.8472698034800729,1.0095271264271999
new_preds,OFT-0149-00,fast,4.459979832985869,1469,1.006878628811628,0.8479481779347955,0.842155304195491,0.8392588673258388,0.8436035226303171,0.8479481779347955,NaN,0.842155304195491,NaN,0.842155304195491,1.006878628811628
new_preds,OFT-0149-00,slow,3.132172672141034,1470,0.9971964619523993,0.8923877375175959,0.8948966142242426,0.8961510525775659,0.8942693950475809,0.8923877375175959,NaN,0.8948966142242426,NaN,0.8948966142242426,0.9971964619523993
new_preds,OFT-0149-00,medium,3.7605827849031486,1471,1.005872613082854,0.8512208040980489,0.8462510988237172,0.8437662461865509,0.8474935251422999,0.8512208040980489,NaN,0.8462510988237172,NaN,0.8462510988237172,1.005872613082854
new_preds,OFT-0150-00,fast,4.912107557021743,1472,1.0066727506051234,0.9108586889423085,0.904821043774931,0.9018022211912424,0.9063304550667755,0.9108586889423085,NaN,0.904821043774931,NaN,0.904821043774931,1.0066727506051234
new_preds,OFT-0150-00,medium,4.14165060845458,1473,0.9946177345057984,0.8444692913607629,0.8490390449154411,0.8513239216927805,0.8478966065267717,0.8444692913607629,NaN,0.8490390449154411,NaN,0.8490390449154411,0.9946177345057984
new_preds,OFT-0150-00,slow,3.3069950625857496,1474,1.0070616276754447,0.8617035187179218,0.855661158202357,0.8526399779445745,0.8571717483312482,0.8617035187179218,NaN,0.855661158202357,NaN,0.855661158202357,1.0070616276754447
new_preds,OFT-0151-00,fast,5.282749831077887,1475,1.0058138692655112,0.859040439785493,0.8540749596272733,0.8515922195481632,0.8553163296668281,0.859040439785493,NaN,0.8540749596272733,NaN,0.8540749596272733,1.0058138692655112
new_preds,OFT-0151-00,medium,4.172593830034359,1476,1.022430885731181,0.8073262203391984,0.7896144684262422,0.7807585924697641,0.7940424064044813,0.8073262203391984,NaN,0.7896144684262422,NaN,0.7896144684262422,1.022430885731181
new_preds,OFT-0151-00,slow,3.248856157717166,1477,1.0253983875679644,0.8427009384095897,0.8218278365039214,0.811391285551087,0.8270461119803383,0.8427009384095897,NaN,0.8218278365039214,NaN,0.8218278365039214,1.0253983875679644
new_preds,OFT-0152-00,medium,3.831038964894316,1478,1.0154858392287778,0.9020384251728727,0.8882826232790563,0.8814047223321482,0.8917215737525104,0.9020384251728727,NaN,0.8882826232790563,NaN,0.8882826232790563,1.0154858392287778
new_preds,OFT-0152-00,slow,3.151899830255866,1479,0.9916611183443608,0.8349428542479137,0.8419638914974322,0.8454744101221914,0.8402086321850526,0.8349428542479137,NaN,0.8419638914974322,NaN,0.8419638914974322,0.9916611183443608
new_preds,OFT-0152-00,fast,7.355614744874371,1480,1.0017654950281842,0.9160853803233808,0.9144708865198109,0.9136636396180258,0.9148745099707034,0.9160853803233808,NaN,0.9144708865198109,NaN,0.9144708865198109,1.0017654950281842
new_preds,OFT-0153-00,fast,5.458266077529891,1481,0.9996366660857192,0.9353139179442085,0.9356538727281988,0.9358238501201936,0.9355688840322012,0.9353139179442085,NaN,0.9356538727281988,NaN,0.9356538727281988,0.9996366660857192
new_preds,OFT-0153-00,slow,3.5127905299784907,1482,1.0085283239560927,0.9360820712228716,0.9281663677535197,0.9242085160188436,0.9301452936208575,0.9360820712228716,NaN,0.9281663677535197,NaN,0.9281663677535197,1.0085283239560927
new_preds,OFT-0153-00,medium,4.29021560416174,1483,1.0045073425696498,0.9049411278031727,0.9008805505475203,0.8988502619196941,0.9018956948614334,0.9049411278031727,NaN,0.9008805505475203,NaN,0.9008805505475203,1.0045073425696498
new_preds,OFT-0154-00,medium,3.9503716529685997,1484,1.0068405506934062,0.8836918161730729,0.8776879472767347,0.8746860128285656,0.8791889145008192,0.8836918161730729,NaN,0.8776879472767347,NaN,0.8776879472767347,1.0068405506934062
new_preds,OFT-0154-00,slow,3.2533033721326583,1485,1.0020874284280965,0.8468636228553879,0.8450995380550804,0.8442174956549267,0.8455405592551573,0.8468636228553879,NaN,0.8450995380550804,NaN,0.8450995380550804,1.0020874284280965
new_preds,OFT-0154-00,fast,5.057748237528937,1486,1.003735479120378,0.8797350338765243,0.8764610319916942,0.874824031049279,0.8772795324629017,0.8797350338765243,NaN,0.8764610319916942,NaN,0.8764610319916942,1.003735479120378
new_preds,OFT-0155-00,fast,5.514260231540338,1487,1.0033397490690228,0.8691023784138545,0.8662094561889687,0.8647629950765257,0.8669326867451902,0.8691023784138545,NaN,0.8662094561889687,NaN,0.8662094561889687,1.0033397490690228
new_preds,OFT-0155-00,slow,3.7135051270359667,1488,1.0254019474249638,0.8382472990882941,0.817481672619541,0.8070988593851645,0.8226730792367292,0.8382472990882941,NaN,0.817481672619541,NaN,0.817481672619541,1.0254019474249638
new_preds,OFT-0155-00,medium,4.649324105715415,1489,1.0055258544777845,0.8603986869852043,0.855670377000946,0.8533062220088169,0.8568524544970105,0.8603986869852043,NaN,0.855670377000946,NaN,0.855670377000946,1.0055258544777845
new_preds,OFT-0156-00,fast,5.50495174453752,1490,1.0075730903599998,0.8758133046596958,0.8692305432122774,0.8659391624885685,0.870876233574132,0.8758133046596958,NaN,0.8692305432122774,NaN,0.8692305432122774,1.0075730903599998
new_preds,OFT-0156-00,medium,4.604428014365341,1491,1.004328523455155,0.9462061352272558,0.9421281115984409,0.9400890997840334,0.9431476175056446,0.9462061352272558,NaN,0.9421281115984409,NaN,0.9421281115984409,1.004328523455155
new_preds,OFT-0156-00,slow,3.636451681157621,1492,1.0014266401735925,0.9359371720605073,0.9346038286921017,0.9339371570078991,0.9349371645342032,0.9359371720605073,NaN,0.9346038286921017,NaN,0.9346038286921017,1.0014266401735925
new_preds,OFT-0157-00,fast,4.7516026782245,1493,0.9969512444860774,0.9543213231399059,0.9572397129930391,0.9586989079196055,0.9565101155297557,0.9543213231399059,NaN,0.9572397129930391,NaN,0.9572397129930391,0.9969512444860774
new_preds,OFT-0157-00,medium,3.9460801816505975,1494,1.0044830890319563,0.8821963008542797,0.8782589876196649,0.8762903310023575,0.8792433159283186,0.8821963008542797,NaN,0.8782589876196649,NaN,0.8782589876196649,1.0044830890319563
new_preds,OFT-0157-00,slow,3.3373562992105072,1495,1.0119231815217185,0.959934340773011,0.9486237278698101,0.9429684214182097,0.9514513810956103,0.959934340773011,NaN,0.9486237278698101,NaN,0.9486237278698101,1.0119231815217185
new_preds,OFT-0158-00,fast,4.755919138733754,1496,1.0043628146243273,0.9399001853610003,0.9358173875767805,0.9337759886846702,0.9368380870228352,0.9399001853610003,NaN,0.9358173875767805,NaN,0.9358173875767805,1.0043628146243273
new_preds,OFT-0158-00,medium,4.0871794051003025,1497,0.9998563033542656,0.9517849765229119,0.9519217644874703,0.9519901584697499,0.9518875674963307,0.9517849765229119,NaN,0.9519217644874703,NaN,0.9519217644874703,0.9998563033542656
new_preds,OFT-0158-00,slow,3.3156718349517815,1498,1.0215923671133593,0.9453338305299712,0.9253532631622273,0.9153629794783553,0.9303484050041633,0.9453338305299712,NaN,0.9253532631622273,NaN,0.9253532631622273,1.0215923671133593
new_preds,OFT-0159-00,fast,5.45149854469744,1499,1.005478572403213,0.870647030769576,0.8659031178442982,0.8635311613816593,0.8670890960756176,0.870647030769576,NaN,0.8659031178442982,NaN,0.8659031178442982,1.005478572403213
new_preds,OFT-0159-00,slow,3.581234681963064,1500,1.0426632875672854,0.8880649998990813,0.8517275044478559,0.8335587567222434,0.8608118783106623,0.8880649998990813,NaN,0.8517275044478559,NaN,0.8517275044478559,1.0426632875672854
new_preds,OFT-0159-00,medium,4.508964636003706,1501,1.0055490442593313,0.9185915261863533,0.913522350233022,0.9109877622563565,0.9147896442213548,0.9185915261863533,NaN,0.913522350233022,NaN,0.913522350233022,1.0055490442593313
new_preds,OFT-0160-00,slow,3.604181557544218,1502,1.0262615019641141,0.881748988098549,0.8591854867507068,0.8479037360767856,0.8648263620876673,0.881748988098549,NaN,0.8591854867507068,NaN,0.8591854867507068,1.0262615019641141
new_preds,OFT-0160-00,medium,4.535840918640663,1503,1.0155363742851014,0.9033402785363209,0.8895203573306154,0.8826103967277625,0.8929753376320417,0.9033402785363209,NaN,0.8895203573306154,NaN,0.8895203573306154,1.0155363742851014
new_preds,OFT-0160-00,fast,5.698042403882571,1504,0.9833821134866143,0.8250521687975948,0.8389944839166787,0.845965641476221,0.8355089051369078,0.8250521687975948,NaN,0.8389944839166787,NaN,0.8389944839166787,0.9833821134866143
new_preds,OFT-0161-00,fast,5.6235345302789685,1505,1.0014464843563087,0.9091228016575374,0.9078096691725736,0.9071531029300912,0.9081379522938144,0.9091228016575374,NaN,0.9078096691725736,NaN,0.9078096691725736,1.0014464843563087
new_preds,OFT-0161-00,medium,4.2763131331999595,1506,1.003421427537668,0.8759924285803533,0.873005503510108,0.8715120409749855,0.8737522347776694,0.8759924285803533,NaN,0.873005503510108,NaN,0.873005503510108,1.003421427537668
new_preds,OFT-0161-00,slow,3.4545529753381623,1507,0.9933179425010011,0.8696692990927244,0.875519571209042,0.8784447072672006,0.8740570031799626,0.8696692990927244,NaN,0.875519571209042,NaN,0.875519571209042,0.9933179425010011
new_preds,OFT-0162-00,fast,5.177568672107624,1508,1.0089535126321278,0.8509117905739612,0.843360749450317,0.8395852288884951,0.8452485097312281,0.8509117905739612,NaN,0.843360749450317,NaN,0.843360749450317,1.0089535126321278
new_preds,OFT-0162-00,slow,3.4419205971000815,1509,1.0072435397550075,0.8450325417629361,0.8389555339997256,0.8359170301181202,0.8404747859405282,0.8450325417629361,NaN,0.8389555339997256,NaN,0.8389555339997256,1.0072435397550075
new_preds,OFT-0162-00,medium,4.194530058369975,1510,1.0026043564936755,0.7982452041902552,0.7961716892811951,0.795134931826665,0.7966900680084601,0.7982452041902552,NaN,0.7961716892811951,NaN,0.7961716892811951,1.0026043564936755
new_preds,OFT-0163-00,fast,4.788684261929818,1511,1.0032566113609562,0.9640366491023566,0.9609073473182538,0.9593426964262022,0.9616896727642795,0.9640366491023566,NaN,0.9609073473182538,NaN,0.9609073473182538,1.0032566113609562
new_preds,OFT-0163-00,medium,3.9528353580221287,1512,1.0045666888383469,0.8811161853700966,0.8771106937549312,0.8751079479473485,0.8781120666587225,0.8811161853700966,NaN,0.8771106937549312,NaN,0.8771106937549312,1.0045666888383469
new_preds,OFT-0163-00,slow,3.38725648843072,1513,1.018754331114821,0.7872595193928004,0.772766795044006,0.7655204328696088,0.7763899761312045,0.7872595193928004,NaN,0.772766795044006,NaN,0.772766795044006,1.018754331114821
new_preds,OFT-0164-00,fast,4.539902767645578,1514,0.9970032748217853,0.9177981584939319,0.9205568142772537,0.9219361421689144,0.9198671503314231,0.9177981584939319,NaN,0.9205568142772537,NaN,0.9205568142772537,0.9970032748217853
new_preds,OFT-0164-00,medium,3.694842827599689,1515,0.99268876430288,0.8443818061045609,0.8506007486621768,0.8537102199409847,0.8490460130227729,0.8443818061045609,NaN,0.8506007486621768,NaN,0.8506007486621768,0.99268876430288
new_preds,OFT-0164-00,slow,3.1073774100269493,1516,1.0337749671056864,0.8200712563443306,0.7932783075995028,0.7798818332270888,0.7999765447857099,0.8200712563443306,NaN,0.7932783075995028,NaN,0.7932783075995028,1.0337749671056864
new_preds,OFT-0165-00,fast,4.989676116755494,1517,1.005943285217257,0.8759478053017978,0.8707725556442444,0.8681849308154677,0.8720663680586327,0.8759478053017978,NaN,0.8707725556442444,NaN,0.8707725556442444,1.005943285217257
new_preds,OFT-0165-00,slow,3.404493414492332,1518,0.9823965448604167,0.7727487459471005,0.7865955453425338,0.7935189450402504,0.7831338454936754,0.7727487459471005,NaN,0.7865955453425338,NaN,0.7865955453425338,0.9823965448604167
new_preds,OFT-0165-00,medium,4.152839069921282,1519,0.9992230632120037,0.9478516623086458,0.9485886557319599,0.9489571524436171,0.9484044073761314,0.9478516623086458,NaN,0.9485886557319599,NaN,0.9485886557319599,0.9992230632120037
new_preds,OFT-0166-00,fast,4.77807340434093,1520,1.002413286961584,0.9294582386778584,0.9272205893191422,0.9261017646397841,0.9277800016588214,0.9294582386778584,NaN,0.9272205893191422,NaN,0.9272205893191422,1.002413286961584
new_preds,OFT-0166-00,medium,3.851644829887698,1521,1.0058823958067435,0.8575471831876812,0.8525322510489969,0.850024784979655,0.8537859840836679,0.8575471831876812,NaN,0.8525322510489969,NaN,0.8525322510489969,1.0058823958067435
new_preds,OFT-0166-00,slow,3.182984297465802,1522,0.9976636512611841,0.987639367263715,0.9899522409333076,0.991108677768104,0.9893740225159094,0.987639367263715,NaN,0.9899522409333076,NaN,0.9899522409333076,0.9976636512611841
new_preds,OFT-0167-00,fast,5.093004099983325,1523,1.0048276847412863,0.8842397133938068,0.8799913923763681,0.8778672318676486,0.8810534726307278,0.8842397133938068,NaN,0.8799913923763681,NaN,0.8799913923763681,1.0048276847412863
new_preds,OFT-0167-00,medium,4.216020394548865,1524,0.9952852351936061,0.915579746451954,0.9199169384582023,0.9220855344613262,0.9188326404566401,0.915579746451954,NaN,0.9199169384582023,NaN,0.9199169384582023,0.9952852351936061
new_preds,OFT-0167-00,slow,3.452388291759578,1525,1.0235814820976514,0.8631429286305006,0.8432576631433776,0.833315030399816,0.8482289795151583,0.8631429286305006,NaN,0.8432576631433776,NaN,0.8432576631433776,1.0235814820976514
new_preds,OFT-0168-00,medium,4.401669186294298,1526,1.0011714804258491,0.9330487288698814,0.9319569595340534,0.9314110748661393,0.9322299018680105,0.9330487288698814,NaN,0.9319569595340534,NaN,0.9319569595340534,1.0011714804258491
new_preds,OFT-0168-00,fast,5.4022146847607235,1527,1.0026367684438,0.9220765772391213,0.9196516687397004,0.91843921448999,0.9202578958645555,0.9220765772391213,NaN,0.9196516687397004,NaN,0.9196516687397004,1.0026367684438
new_preds,OFT-0168-00,slow,3.5262129013590244,1528,1.0044169549861335,0.9916113325689508,0.9872506907080641,0.9850703697776205,0.9883408511732856,0.9916113325689508,NaN,0.9872506907080641,NaN,0.9872506907080641,1.0044169549861335
new_preds,OFT-0169-00,fast,4.601353426042714,1529,1.0027677281119682,0.9034883246276886,0.9009946164988727,0.8997477624344647,0.9016180435310768,0.9034883246276886,NaN,0.9009946164988727,NaN,0.9009946164988727,1.0027677281119682
new_preds,OFT-0169-00,medium,3.8100612999507164,1530,1.002083271448081,0.9323196964819307,0.930381459351839,0.9294123407867934,0.930866018634362,0.9323196964819307,NaN,0.930381459351839,NaN,0.930381459351839,1.002083271448081
new_preds,OFT-0169-00,slow,3.164130644029371,1531,1.0088965664899283,0.867476477556937,0.8598269697507163,0.8560022158476059,0.8617393467022715,0.867476477556937,NaN,0.8598269697507163,NaN,0.8598269697507163,1.0088965664899283
new_preds,OFT-0170-00,slow,3.3184525680082597,1532,1.01577191467201,0.8914113805342363,0.8775704148328128,0.870649931982101,0.8810306562581687,0.8914113805342363,NaN,0.8775704148328128,NaN,0.8775704148328128,1.01577191467201
new_preds,OFT-0170-00,fast,4.915607054306066,1533,0.9965962307887835,0.8667751327312541,0.8697355116878388,0.8712157011661312,0.8689954169486929,0.8667751327312541,NaN,0.8697355116878388,NaN,0.8697355116878388,0.9965962307887835
new_preds,OFT-0170-00,medium,4.1260528570559,1534,1.0122507016452107,0.9144846265539196,0.9034171327988294,0.8978833859212842,0.9061840062376019,0.9144846265539196,NaN,0.9034171327988294,NaN,0.9034171327988294,1.0122507016452107
new_preds,OFT-0171-00,fast,5.482213385411963,1535,1.0129471652555941,0.7863631113624938,0.776312070693315,0.7712865503587256,0.7788248308606096,0.7863631113624938,NaN,0.776312070693315,NaN,0.776312070693315,1.0129471652555941
new_preds,OFT-0171-00,medium,4.41544694378542,1536,1.004682665561873,0.9446944386032379,0.9402913685933991,0.9380898335884799,0.9413921360958588,0.9446944386032379,NaN,0.9402913685933991,NaN,0.9402913685933991,1.004682665561873
new_preds,OFT-0171-00,slow,3.496494575748508,1537,1.025531245583903,0.9294910076500161,0.9063507442143269,0.8947806124964827,0.9121358100732493,0.9294910076500161,NaN,0.9063507442143269,NaN,0.9063507442143269,1.025531245583903
new_preds,OFT-0172-00,slow,3.267943912371538,1538,0.9813916194083767,0.8341358420476654,0.8499520737200883,0.8578601895563,0.8459980158019826,0.8341358420476654,NaN,0.8499520737200883,NaN,0.8499520737200883,0.9813916194083767
new_preds,OFT-0172-00,medium,3.971201590477337,1539,0.9990321011664883,0.8882138024813964,0.8890743364945947,0.889504603501194,0.8888592029912952,0.8882138024813964,NaN,0.8890743364945947,NaN,0.8890743364945947,0.9990321011664883
new_preds,OFT-0172-00,fast,5.040346839138333,1540,1.0061678397028178,0.8663668548816612,0.8610559995015858,0.8584005718115482,0.8623837133466048,0.8663668548816612,NaN,0.8610559995015858,NaN,0.8610559995015858,1.0061678397028178
new_preds,OFT-0173-00,medium,4.08463751379671,1541,1.0013398937046367,0.9294537756182715,0.9282100727851663,0.9275882213686136,0.9285209984934425,0.9294537756182715,NaN,0.9282100727851663,NaN,0.9282100727851663,1.0013398937046367
new_preds,OFT-0173-00,fast,5.10096662880129,1542,1.0022344513276833,0.9209116999209863,0.9188585552023611,0.9178319828430483,0.9193718413820173,0.9209116999209863,NaN,0.9188585552023611,NaN,0.9188585552023611,1.0022344513276833
new_preds,OFT-0173-00,slow,3.2703009315340674,1543,1.0014466547491123,0.9196766633877186,0.9183481307030986,0.9176838643607885,0.9186802638742535,0.9196766633877186,NaN,0.9183481307030986,NaN,0.9183481307030986,1.0014466547491123
new_preds,OFT-0174-00,slow,3.331394921464108,1544,1.006457913435905,0.8981856856640067,0.8924224984209501,0.8895409047994218,0.8938632952317143,0.8981856856640067,NaN,0.8924224984209501,NaN,0.8924224984209501,1.006457913435905
new_preds,OFT-0174-00,medium,4.190004631641099,1545,1.0020118885380336,0.9161645433529818,0.91432502331853,0.9134052633013044,0.9147849033271431,0.9161645433529818,NaN,0.91432502331853,NaN,0.91432502331853,1.0020118885380336
new_preds,OFT-0174-00,fast,5.274885546944167,1546,1.0010223474700979,0.9257122279571152,0.9247667949638533,0.924294078467222,0.9250031532121685,0.9257122279571152,NaN,0.9247667949638533,NaN,0.9247667949638533,1.0010223474700979
new_preds,OFT-0175-00,fast,5.256547079822322,1547,1.0051783651013453,0.9028043744715526,0.89815340820684,0.8958279250744838,0.8993161497730182,0.9028043744715526,NaN,0.89815340820684,NaN,0.89815340820684,1.0051783651013453
new_preds,OFT-0175-00,medium,4.350717679551018,1548,1.0018836240135185,0.8687554743051487,0.8671221422154182,0.8663054761705529,0.8675304752378508,0.8687554743051487,NaN,0.8671221422154182,NaN,0.8671221422154182,1.0018836240135185
new_preds,OFT-0175-00,slow,3.532453427061299,1549,1.0448075422898646,0.7630791527088902,0.7303537941891948,0.713991114929347,0.7385351338191186,0.7630791527088902,NaN,0.7303537941891948,NaN,0.7303537941891948,1.0448075422898646
new_preds,OFT-0176-00,fast,6.125416078125418,1550,0.9975029838981369,0.9283398026043991,0.9306636848107909,0.9318256259139868,0.930082714259193,0.9283398026043991,NaN,0.9306636848107909,NaN,0.9306636848107909,0.9975029838981369
new_preds,OFT-0176-00,slow,3.6737999349366666,1551,0.9891284935420938,0.7482639713537972,0.7564881370207477,0.7606002198542228,0.75443209560401,0.7482639713537972,NaN,0.7564881370207477,NaN,0.7564881370207477,0.9891284935420938
new_preds,OFT-0176-00,medium,4.668110472918924,1552,1.0256969049097993,0.8063835007330558,0.7861810802714374,0.7760798700406278,0.791231685386842,0.8063835007330558,NaN,0.7861810802714374,NaN,0.7861810802714374,1.0256969049097993
new_preds,OFT-0177-00,fast,5.445348554352678,1553,1.0035916515435912,0.959731622121595,0.9562969367525761,0.9545795940680668,0.9571556080948309,0.959731622121595,NaN,0.9562969367525761,NaN,0.9562969367525761,1.0035916515435912
new_preds,OFT-0177-00,slow,3.507335559989195,1554,1.0063597232674288,0.9287337681216175,0.9228646046229105,0.919930022873557,0.9243318954975872,0.9287337681216175,NaN,0.9228646046229105,NaN,0.9228646046229105,1.0063597232674288
new_preds,OFT-0177-00,medium,4.371493489879586,1555,1.0036670179449487,0.9079308789240861,0.9046136444566183,0.9029550272228841,0.9054429530734851,0.9079308789240861,NaN,0.9046136444566183,NaN,0.9046136444566183,1.0036670179449487
new_preds,OFT-0178-00,fast,5.09668144918794,1556,1.0085405880688552,0.9417885229179817,0.9338132089669392,0.9298255519914181,0.9358070374546998,0.9417885229179817,NaN,0.9338132089669392,NaN,0.9338132089669392,1.0085405880688552
new_preds,OFT-0178-00,slow,3.454728990993079,1557,0.9768674752818003,0.8121582172317459,0.8313903756468705,0.8410064548544327,0.8265823360430895,0.8121582172317459,NaN,0.8313903756468705,NaN,0.8313903756468705,0.9768674752818003
new_preds,OFT-0178-00,medium,4.075002635684513,1558,1.009972354775802,0.855628371071818,0.8471799916362603,0.8429558019184817,0.8492920864951498,0.855628371071818,NaN,0.8471799916362603,NaN,0.8471799916362603,1.009972354775802
new_preds,OFT-0179-00,fast,5.185649087755626,1559,1.0012735694693198,0.9492728137497273,0.9480653866184112,0.9474616730527532,0.9483672434012401,0.9492728137497273,NaN,0.9480653866184112,NaN,0.9480653866184112,1.0012735694693198
new_preds,OFT-0179-00,medium,4.187535664473216,1560,1.0072784092955844,0.8695597699340261,0.8632764903023499,0.8601348504865118,0.864847310210269,0.8695597699340261,NaN,0.8632764903023499,NaN,0.8632764903023499,1.0072784092955844
new_preds,OFT-0179-00,slow,3.41707079275461,1561,0.9732335918485887,0.703692757555705,0.7230461047065692,0.7327227782820014,0.7182077679188532,0.703692757555705,NaN,0.7230461047065692,NaN,0.7230461047065692,0.9732335918485887
new_preds,OFT-0180-00,medium,4.539239922169112,1562,1.0064792257371882,0.9369260452070665,0.9308945691559822,0.92787883113044,0.9324024381687532,0.9369260452070665,NaN,0.9308945691559822,NaN,0.9308945691559822,1.0064792257371882
new_preds,OFT-0180-00,slow,3.6820639402036046,1563,0.9976940171309705,0.9410750545368877,0.9432501732776751,0.9443377326480689,0.9427063935924782,0.9410750545368877,NaN,0.9432501732776751,NaN,0.9432501732776751,0.9976940171309705
new_preds,OFT-0180-00,fast,5.546441340203021,1564,0.9946293101258056,0.9607019200444984,0.9658894125319755,0.9684831587757139,0.9645925394101061,0.9607019200444984,NaN,0.9658894125319755,NaN,0.9658894125319755,0.9946293101258056
new_preds,OFT-0181-00,fast,5.789409152885151,1565,1.0053995662564312,0.8472778904078815,0.8427275272881706,0.8404523457283155,0.8438651180680985,0.8472778904078815,NaN,0.8427275272881706,NaN,0.8427275272881706,1.0053995662564312
new_preds,OFT-0181-00,medium,4.646556911017639,1566,1.0010297316656023,0.932765363207236,0.9318058532139881,0.9313260982173643,0.9320457307123002,0.932765363207236,NaN,0.9318058532139881,NaN,0.9318058532139881,1.0010297316656023
new_preds,OFT-0181-00,slow,3.5844712475404776,1567,1.004150417924737,0.8902498176502828,0.8865701808800212,0.8847303624948903,0.8874900900725866,0.8902498176502828,NaN,0.8865701808800212,NaN,0.8865701808800212,1.004150417924737
new_preds,OFT-0182-00,slow,3.616080747846569,1568,0.9999535210555704,0.9547619296671442,0.9548063080564774,0.9548284972511437,0.954795213459144,0.9547619296671442,NaN,0.9548063080564774,NaN,0.9548063080564774,0.9999535210555704
new_preds,OFT-0182-00,medium,4.50609155290534,1569,0.9992110392643909,0.9373416327416182,0.938081742403166,0.93845179723394,0.937896714987779,0.9373416327416182,NaN,0.938081742403166,NaN,0.938081742403166,0.9992110392643909
new_preds,OFT-0182-00,fast,5.587880448282585,1570,1.0053319500063471,0.8757083990586373,0.8710639297329688,0.8687416950701343,0.8722250470643858,0.8757083990586373,NaN,0.8710639297329688,NaN,0.8710639297329688,1.0053319500063471
new_preds,OFT-0183-00,medium,4.555887353855529,1571,1.0093655583596828,0.9044121596899607,0.8960204280793159,0.8918245622739935,0.8981183609819772,0.9044121596899607,NaN,0.8960204280793159,NaN,0.8960204280793159,1.0093655583596828
new_preds,OFT-0183-00,fast,5.609959465684634,1572,0.9946885923492675,0.9507202859703485,0.9557969130066385,0.9583352265247831,0.9545277562475658,0.9507202859703485,NaN,0.9557969130066385,NaN,0.9557969130066385,0.9946885923492675
new_preds,OFT-0183-00,slow,3.5781217308619113,1573,1.0012037806435583,0.9601830192634397,0.9590285592471983,0.9584513292390776,0.9593171742512587,0.9601830192634397,NaN,0.9590285592471983,NaN,0.9590285592471983,1.0012037806435583
new_preds,OFT-0184-00,slow,3.7489878787349213,1574,0.9996282249408905,0.948278962311483,0.9486316398954783,0.9488079786874762,0.9485434704994796,0.948278962311483,NaN,0.9486316398954783,NaN,0.9486316398954783,0.9996282249408905
new_preds,OFT-0184-00,medium,4.819801107108845,1575,1.00704320564322,0.9068586839060553,0.9005161633823103,0.897344903120438,0.9021017935132466,0.9068586839060553,NaN,0.9005161633823103,NaN,0.9005161633823103,1.00704320564322
new_preds,OFT-0184-00,fast,6.1174320830381745,1576,1.0050107376871116,0.8844609823363099,0.8800512762398641,0.8778464231916412,0.8811537027639755,0.8844609823363099,NaN,0.8800512762398641,NaN,0.8800512762398641,1.0050107376871116
new_preds,OFT-0185-00,slow,3.830187263124547,1577,0.9929575141174085,0.8960233421969914,0.9023783288385937,0.9055558221593948,0.900789582178193,0.8960233421969914,NaN,0.9023783288385937,NaN,0.9023783288385937,0.9929575141174085
new_preds,OFT-0185-00,fast,5.859328749364039,1578,0.9999874022995023,0.9328086969915781,0.932820448384205,0.9328263240805186,0.9328175105360482,0.9328086969915781,NaN,0.932820448384205,NaN,0.932820448384205,0.9999874022995023
new_preds,OFT-0185-00,medium,4.873319576496698,1579,1.0042295439270474,0.8296439878915232,0.8261497512283834,0.8244026328968135,0.8270233103941683,0.8296439878915232,NaN,0.8261497512283834,NaN,0.8261497512283834,1.0042295439270474
new_preds,OFT-0186-00,slow,3.916968256358014,1580,1.0196641752036433,0.8800212817603011,0.8630501131262621,0.8545645288092425,0.8672929052847718,0.8800212817603011,NaN,0.8630501131262621,NaN,0.8630501131262621,1.0196641752036433
new_preds,OFT-0186-00,medium,4.993884763006217,1581,1.0022641870516877,0.9524800505377339,0.9503283294393653,0.949252468890181,0.9508662597139574,0.9524800505377339,NaN,0.9503283294393653,NaN,0.9503283294393653,1.0022641870516877
new_preds,OFT-0186-00,fast,6.111558385639778,1582,0.9943120362885136,0.9054197013477127,0.9105991563044826,0.9131888837828678,0.9093042925652903,0.9054197013477127,NaN,0.9105991563044826,NaN,0.9105991563044826,0.9943120362885136
new_preds,OFT-0187-00,slow,3.694144734977922,1583,0.9939810491829129,0.8944558440414188,0.899872130134365,0.9025802731808381,0.8985180586111283,0.8944558440414188,NaN,0.899872130134365,NaN,0.899872130134365,0.9939810491829129
new_preds,OFT-0187-00,fast,5.811331333854463,1584,1.004401318617739,0.8648923443634894,0.8611023585211512,0.8592073655999821,0.8620498549817357,0.8648923443634894,NaN,0.8611023585211512,NaN,0.8611023585211512,1.004401318617739
new_preds,OFT-0187-00,medium,4.787757004651751,1585,1.0027617613284587,0.9652453758661723,0.9625869404786789,0.9612577227849322,0.9632515493255522,0.9652453758661723,NaN,0.9625869404786789,NaN,0.9625869404786789,1.0027617613284587
new_preds,OFT-0188-00,fast,5.897924146741345,1586,1.003870373564638,0.9046917212403989,0.901203726162307,0.8994597286232611,0.9020757249318301,0.9046917212403989,NaN,0.901203726162307,NaN,0.901203726162307,1.003870373564638
new_preds,OFT-0188-00,medium,4.69556800474308,1587,1.0006938015473252,0.9413663938222075,0.9407137251840848,0.9403873908650233,0.9408768923436155,0.9413663938222075,NaN,0.9407137251840848,NaN,0.9407137251840848,1.0006938015473252
new_preds,OFT-0188-00,slow,3.6738939082372264,1588,0.9958092828915192,0.9362962820670906,0.9402365474525188,0.9422066801452332,0.9392514811061619,0.9362962820670906,NaN,0.9402365474525188,NaN,0.9402365474525188,0.9958092828915192
new_preds,OFT-0189-00,slow,3.5086826337469623,1589,0.9839285988312285,0.7779832554810278,0.7906907639488928,0.7970445181828253,0.7875138868319265,0.7779832554810278,NaN,0.7906907639488928,NaN,0.7906907639488928,0.9839285988312285
new_preds,OFT-0189-00,fast,5.191677383856977,1590,1.000488474705495,0.930057989579383,0.9296039015873282,0.9293768575913011,0.929717423585342,0.930057989579383,NaN,0.9296039015873282,NaN,0.9296039015873282,1.000488474705495
new_preds,OFT-0189-00,medium,4.353303587222139,1591,1.0082876008095178,0.9104791122552586,0.9029954464621678,0.8992536135656224,0.9048663629104403,0.9104791122552586,NaN,0.9029954464621678,NaN,0.9029954464621678,1.0082876008095178
new_preds,OFT-0190-00,slow,3.6503185366839443,1592,0.9861186786741379,0.8584351894028782,0.8705191453802158,0.8765611233688845,0.8674981563858815,0.8584351894028782,NaN,0.8705191453802158,NaN,0.8705191453802158,0.9861186786741379
new_preds,OFT-0190-00,medium,4.5336627800058436,1593,1.0085305753868863,0.9260210139601848,0.9181883391140128,0.9142720016909267,0.920146507825556,0.9260210139601848,NaN,0.9181883391140128,NaN,0.9181883391140128,1.0085305753868863
new_preds,OFT-0190-00,fast,5.489562379436938,1594,1.0017723490103208,0.9530686726409816,0.9513824908249315,0.9505393999169065,0.9518040362789442,0.9530686726409816,NaN,0.9513824908249315,NaN,0.9513824908249315,1.0017723490103208
new_preds,OFT-0191-00,medium,3.457245931543118,1595,1.0073481221743303,0.9641904050215766,0.9571570977274478,0.9536404440803833,0.95891542455098,0.9641904050215766,NaN,0.9571570977274478,NaN,0.9571570977274478,1.0073481221743303
new_preds,OFT-0191-00,slow,2.997288383530628,1596,1.0082820144418982,0.967316279906036,0.9593707574378013,0.9553979962036845,0.9613571380548602,0.967316279906036,NaN,0.9593707574378013,NaN,0.9593707574378013,1.0082820144418982
new_preds,OFT-0191-00,fast,4.081965427650519,1597,1.0049267087629394,0.9636963260873692,0.958971751555569,0.956609464289669,0.9601528951885191,0.9636963260873692,NaN,0.958971751555569,NaN,0.958971751555569,1.0049267087629394
new_preds,OFT-0192-00,fast,5.566989839313616,1598,1.001194385477822,0.9254409449855071,0.9243369303792476,0.9237849230761178,0.9246129340308125,0.9254409449855071,NaN,0.9243369303792476,NaN,0.9243369303792476,1.001194385477822
new_preds,OFT-0192-00,medium,4.3337235852068385,1599,1.0005866865064281,0.8956066172205462,0.8950814849911483,0.8948189188764493,0.8952127680484978,0.8956066172205462,NaN,0.8950814849911483,NaN,0.8950814849911483,1.0005866865064281
new_preds,OFT-0192-00,slow,3.396476047984746,1600,1.0106577789922013,0.9871433797787138,0.9767335692632423,0.9715286640055066,0.9793360218921101,0.9871433797787138,NaN,0.9767335692632423,NaN,0.9767335692632423,1.0106577789922013
new_preds,OFT-0193-00,fast,5.803895848633341,1601,0.9987107170141174,0.9526978315736923,0.9539277143455599,0.9545426557314939,0.953620243652593,0.9526978315736923,NaN,0.9539277143455599,NaN,0.9539277143455599,0.9987107170141174
new_preds,OFT-0193-00,slow,3.541528648913815,1602,1.0038344363477172,0.8822380360297221,0.8788680723482617,0.8771830905075313,0.8797105632686267,0.8822380360297221,NaN,0.8788680723482617,NaN,0.8788680723482617,1.0038344363477172
new_preds,OFT-0193-00,medium,4.574615845721471,1603,1.0046246400562409,0.9013059437753196,0.8971569159650143,0.8950824020598617,0.8981941729175906,0.9013059437753196,NaN,0.8971569159650143,NaN,0.8971569159650143,1.0046246400562409
new_preds,OFT-0194-00,slow,3.3575926447348063,1604,0.9988186320307854,0.9246853780825911,0.9257790638151518,0.9263259066814326,0.9255056423820118,0.9246853780825911,NaN,0.9257790638151518,NaN,0.9257790638151518,0.9988186320307854
new_preds,OFT-0194-00,medium,4.030238292000203,1605,1.0068862907796405,0.8643924860715759,0.8584807380804337,0.8555248640848626,0.8599586750782193,0.8643924860715759,NaN,0.8584807380804337,NaN,0.8584807380804337,1.0068862907796405
new_preds,OFT-0194-00,fast,4.8634788778380775,1606,0.9977875230192351,0.9382307826253454,0.9403111995090145,0.9413514079508492,0.9397910952880975,0.9382307826253454,NaN,0.9403111995090145,NaN,0.9403111995090145,0.9977875230192351
new_preds,OFT-0194-01,slow,3.205869978259325,1607,1.0104786217997968,0.9073642105695887,0.8979548809785332,0.8932502161830054,0.900307213376297,0.9073642105695887,NaN,0.8979548809785332,NaN,0.8979548809785332,1.0104786217997968
new_preds,OFT-0194-01,medium,4.0507125910113295,1608,1.0012299211864832,0.9626541005267933,0.9614715662772277,0.960880299152445,0.9617671998396191,0.9626541005267933,NaN,0.9614715662772277,NaN,0.9614715662772277,1.0012299211864832
new_preds,OFT-0194-01,fast,5.2151658502007034,1609,1.0119834809255879,0.7968422361927049,0.7874063670129191,0.7826884324230263,0.7897653343078657,0.7968422361927049,NaN,0.7874063670129191,NaN,0.7874063670129191,1.0119834809255879
new_preds,OFT-0195-00,fast,5.644158233896237,1610,1.0068349828889873,0.8342742472748514,0.828610707269036,0.8257789372661282,0.8300265922704898,0.8342742472748514,NaN,0.828610707269036,NaN,0.828610707269036,1.0068349828889873
new_preds,OFT-0195-00,slow,3.3652885821273477,1611,0.9961844485075291,0.9235079395754054,0.9270451279971228,0.9288137222079815,0.9261608308916935,0.9235079395754054,NaN,0.9270451279971228,NaN,0.9270451279971228,0.9961844485075291
new_preds,OFT-0195-00,medium,4.454892827633911,1612,1.0038978983830484,0.8991034131925011,0.8956124070392647,0.8938669039626466,0.8964851585775738,0.8991034131925011,NaN,0.8956124070392647,NaN,0.8956124070392647,1.0038978983830484
new_preds,OFT-0196-00,medium,3.8425808752470605,1613,1.0174387660781739,0.898698627188264,0.8832950514087385,0.875593263518976,0.8871459453536199,0.898698627188264,NaN,0.8832950514087385,NaN,0.8832950514087385,1.0174387660781739
new_preds,OFT-0196-00,slow,3.1519138265300377,1614,1.0440375920931986,0.8671699342214382,0.8305926345840122,0.8123039847652992,0.8397369594933687,0.8671699342214382,NaN,0.8305926345840122,NaN,0.8305926345840122,1.0440375920931986
new_preds,OFT-0196-00,fast,5.021435753967201,1615,1.0238805831664974,0.837669770441533,0.8181322941498892,0.8083635560040672,0.8230166632228002,0.837669770441533,NaN,0.8181322941498892,NaN,0.8181322941498892,1.0238805831664974
new_preds,OFT-0197-00,fast,6.831102195658309,1616,1.0086446274297798,0.9040339099355943,0.8962858526686909,0.892411824035239,0.8982228669854166,0.9040339099355943,NaN,0.8962858526686909,NaN,0.8962858526686909,1.0086446274297798
new_preds,OFT-0197-00,slow,3.9810836992569736,1617,0.9951779879526004,0.8179560471835937,0.8219193522019022,0.8239010047110564,0.820928525947325,0.8179560471835937,NaN,0.8219193522019022,NaN,0.8219193522019022,0.9951779879526004
new_preds,OFT-0197-00,medium,5.369621355116377,1618,1.006031014164902,0.8930618897953844,0.8877081096120158,0.8850312195203316,0.8890465546578581,0.8930618897953844,NaN,0.8877081096120158,NaN,0.8877081096120158,1.006031014164902
new_preds,OFT-0198-00,fast,5.007487827215488,1619,1.0115845436945994,0.8108938462160107,0.8016075880859072,0.7969644590208553,0.803929152618433,0.8108938462160107,NaN,0.8016075880859072,NaN,0.8016075880859072,1.0115845436945994
new_preds,OFT-0198-00,medium,4.226154179477301,1620,0.9947545538373667,0.9084355232908035,0.9132258000593425,0.9156209384436118,0.9120282308672076,0.9084355232908035,NaN,0.9132258000593425,NaN,0.9132258000593425,0.9947545538373667
new_preds,OFT-0198-00,slow,3.449011119838189,1621,1.0176171704496613,0.9172288881845212,0.9013496576312869,0.8934100423546696,0.9053194652695954,0.9172288881845212,NaN,0.9013496576312869,NaN,0.9013496576312869,1.0176171704496613
new_preds,OFT-0199-00,medium,3.8551602768250373,1622,1.0247838268240188,0.8804474731514751,0.8591543407550968,0.8485077745569076,0.8644776238541914,0.8804474731514751,NaN,0.8591543407550968,NaN,0.8591543407550968,1.0247838268240188
new_preds,OFT-0199-00,slow,3.213201451303092,1623,0.984853715801146,0.7935885213714919,0.8057932956326757,0.8118956827632677,0.8027421020673797,0.7935885213714919,NaN,0.8057932956326757,NaN,0.8057932956326757,0.984853715801146
new_preds,OFT-0199-00,fast,4.651179691961644,1624,0.9974378039174482,0.9111561792724697,0.9134967370335209,0.9146670159140464,0.912911597593258,0.9111561792724697,NaN,0.9134967370335209,NaN,0.9134967370335209,0.9974378039174482
new_preds,OFT-0200-00,fast,5.830270615092785,1625,1.0033960562179338,0.8758322715667425,0.8728679628939214,0.8713858085575111,0.8736090400621268,0.8758322715667425,NaN,0.8728679628939214,NaN,0.8728679628939214,1.0033960562179338
new_preds,OFT-0200-00,medium,4.603743312722606,1626,1.0213839148940258,0.8459409506818241,0.8282301476909347,0.8193747461954901,0.8326578484386571,0.8459409506818241,NaN,0.8282301476909347,NaN,0.8282301476909347,1.0213839148940258
new_preds,OFT-0200-00,slow,3.691550433230157,1627,1.0143198765913986,0.7885715352001688,0.7774387088323138,0.7718722956483863,0.7802219154242775,0.7885715352001688,NaN,0.7774387088323138,NaN,0.7774387088323138,1.0143198765913986
new_preds,OFT-0201-00,medium,4.31489236562327,1628,1.0170096447724473,0.80594322714358,0.7924637010929305,0.7857239380676059,0.7958335826055929,0.80594322714358,NaN,0.7924637010929305,NaN,0.7924637010929305,1.0170096447724473
new_preds,OFT-0201-00,slow,3.4519460942099274,1629,1.013342815827461,0.8116487488645909,0.8009616648851714,0.7956181228954615,0.8036334358800261,0.8116487488645909,NaN,0.8009616648851714,NaN,0.8009616648851714,1.013342815827461
new_preds,OFT-0201-00,fast,5.215881545860398,1630,1.012710463199824,0.8314661430439118,0.8210304655259102,0.8158126267669095,0.8236393849054107,0.8314661430439118,NaN,0.8210304655259102,NaN,0.8210304655259102,1.012710463199824
new_preds,OFT-0202-00,fast,5.771746710744231,1631,0.9982100282559235,0.9313459986251406,0.9330160710290518,0.9338511072310075,0.932598552928074,0.9313459986251406,NaN,0.9330160710290518,NaN,0.9330160710290518,0.9982100282559235
new_preds,OFT-0202-00,medium,4.653681072536606,1632,0.9972516771757528,0.8925417165350156,0.895001469501381,0.896231345984564,0.8943865312597896,0.8925417165350156,NaN,0.895001469501381,NaN,0.895001469501381,0.9972516771757528
new_preds,OFT-0202-00,slow,3.5803983560956905,1633,0.9975265101600829,0.9154085834873853,0.9176784518142588,0.9188133859776955,0.9171109847325405,0.9154085834873853,NaN,0.9176784518142588,NaN,0.9176784518142588,0.9975265101600829
new_preds,OFT-0203-00,medium,4.618354077152147,1634,0.9915634019803963,0.8749415007933419,0.8823858353846746,0.8861080026803414,0.8805247517368416,0.8749415007933419,NaN,0.8823858353846746,NaN,0.8823858353846746,0.9915634019803963
new_preds,OFT-0203-00,fast,5.938017083746005,1635,1.0072227485321688,0.8642139061050034,0.8580166674793902,0.8549180481665836,0.8595659771357935,0.8642139061050034,NaN,0.8580166674793902,NaN,0.8580166674793902,1.0072227485321688
new_preds,OFT-0203-00,slow,3.677466367946212,1636,1.0009537264888486,0.965048174333353,0.9641286592923278,0.9636689017718152,0.9643585380525841,0.965048174333353,NaN,0.9641286592923278,NaN,0.9641286592923278,1.0009537264888486
new_preds,OFT-0204-00,fast,5.914494088630972,1637,1.0025696554075645,0.886730031944835,0.8844572815086466,0.8833209062905527,0.8850254691176939,0.886730031944835,NaN,0.8844572815086466,NaN,0.8844572815086466,1.0025696554075645
new_preds,OFT-0204-00,medium,4.369356621324537,1638,1.0029649952359234,0.9339784097067528,0.9312173546864981,0.9298368271763708,0.9319076184415618,0.9339784097067528,NaN,0.9312173546864981,NaN,0.9312173546864981,1.0029649952359234
new_preds,OFT-0204-00,slow,3.5755440979980286,1639,1.0050697828631214,0.8955986572564409,0.891081069719525,0.8888222759510671,0.892210466603754,0.8955986572564409,NaN,0.891081069719525,NaN,0.891081069719525,1.0050697828631214
new_preds,OFT-0205-00,fast,5.24732455693527,1640,1.0047773202913026,0.874852533994487,0.8706929548736748,0.8686131653132685,0.8717328496538779,0.874852533994487,NaN,0.8706929548736748,NaN,0.8706929548736748,1.0047773202913026
new_preds,OFT-0205-00,slow,3.367624780776623,1641,1.0086490278430806,0.8655922834591525,0.8581699476875082,0.854458779801686,0.8600255316304193,0.8655922834591525,NaN,0.8581699476875082,NaN,0.8581699476875082,1.0086490278430806
new_preds,OFT-0205-00,medium,4.225499034016201,1642,1.0007587465169936,0.940927641957631,0.9402142576644005,0.9398575655177851,0.9403926037377082,0.940927641957631,NaN,0.9402142576644005,NaN,0.9402142576644005,1.0007587465169936
new_preds,OFT-0206-00,fast,4.952767030483,1643,0.9847571622109985,0.8130606021530271,0.8256457869547509,0.8319383793556128,0.8224994907543199,0.8130606021530271,NaN,0.8256457869547509,NaN,0.8256457869547509,0.9847571622109985
new_preds,OFT-0206-00,slow,3.2324940337414776,1644,1.0206202589067614,0.8899885288873572,0.8720075082976203,0.8630169980027518,0.8765027634450546,0.8899885288873572,NaN,0.8720075082976203,NaN,0.8720075082976203,1.0206202589067614
new_preds,OFT-0206-00,medium,3.9473505220035565,1645,1.009065648455303,0.8251646503319164,0.8177512053800405,0.8140444829041027,0.8196045666180096,0.8251646503319164,NaN,0.8177512053800405,NaN,0.8177512053800405,1.009065648455303
new_preds,OFT-0207-00,fast,5.650463839970159,1646,1.0124313750371008,0.8817534383251036,0.8709266228467006,0.8655132151074991,0.8736333267163012,0.8817534383251036,NaN,0.8709266228467006,NaN,0.8709266228467006,1.0124313750371008
new_preds,OFT-0207-00,slow,3.618547910414053,1647,1.0167718242135173,0.8754611874539091,0.8610203062334921,0.8537998656232835,0.8646305265385963,0.8754611874539091,NaN,0.8610203062334921,NaN,0.8610203062334921,1.0167718242135173
new_preds,OFT-0207-00,medium,4.635479914624375,1648,1.008497940222108,0.827781495604658,0.8208063324575064,0.8173187508839306,0.8225501232442943,0.827781495604658,NaN,0.8208063324575064,NaN,0.8208063324575064,1.008497940222108
new_preds,OFT-0208-00,medium,4.2225359238868165,1649,0.9925237671507658,0.8482098244281048,0.8545990055865941,0.8577935961658387,0.8530017102969717,0.8482098244281048,NaN,0.8545990055865941,NaN,0.8545990055865941,0.9925237671507658
new_preds,OFT-0208-00,slow,3.4147449163040453,1650,1.00629293644079,0.8852308714041,0.8796950066400339,0.8769270742580009,0.8810789728310504,0.8852308714041,NaN,0.8796950066400339,NaN,0.8796950066400339,1.00629293644079
new_preds,OFT-0208-00,fast,5.233502416402695,1651,1.0064111881279516,0.8804106394168938,0.8748021184607117,0.8719978579826203,0.8762042486997571,0.8804106394168938,NaN,0.8748021184607117,NaN,0.8748021184607117,1.0064111881279516
new_preds,OFT-0209-00,fast,5.956083453421816,1652,1.003997169042985,0.8935753860163314,0.8900178342814371,0.8882390584139901,0.8909072222151606,0.8935753860163314,NaN,0.8900178342814371,NaN,0.8900178342814371,1.003997169042985
new_preds,OFT-0209-00,medium,4.922407415699716,1653,0.9977834783167943,0.9542128231233666,0.9563325549678083,0.9573924208900295,0.955802622006698,0.9542128231233666,NaN,0.9563325549678083,NaN,0.9563325549678083,0.9977834783167943
new_preds,OFT-0209-00,slow,3.740984290825346,1654,0.999876867644431,0.9618942483985431,0.9620127032887864,0.9620719307339082,0.9619830895662258,0.9618942483985431,NaN,0.9620127032887864,NaN,0.9620127032887864,0.999876867644431
new_preds,OFT-0210-00,fast,4.958001975344952,1655,1.004309747629793,0.9020716726866271,0.8982006545446248,0.8962651454736237,0.8991684090801253,0.9020716726866271,NaN,0.8982006545446248,NaN,0.8982006545446248,1.004309747629793
new_preds,OFT-0210-00,medium,3.933362817169508,1656,0.9909074854058125,0.8658683774927283,0.8738135398564718,0.8777861210383433,0.8718272492655359,0.8658683774927283,NaN,0.8738135398564718,NaN,0.8738135398564718,0.9909074854058125
new_preds,OFT-0210-00,slow,3.2683910125500475,1657,1.000269982290634,0.9499804916319614,0.9497240829485766,0.9495958786068841,0.9497881851194228,0.9499804916319614,NaN,0.9497240829485766,NaN,0.9497240829485766,1.000269982290634
new_preds,OFT-0211-00,fast,5.089253220997886,1658,1.0074200364039725,0.9131444322211257,0.9064187719361158,0.9030559417936109,0.9081001870073684,0.9131444322211257,NaN,0.9064187719361158,NaN,0.9064187719361158,1.0074200364039725
new_preds,OFT-0211-00,medium,4.19362175612927,1659,1.0194642287821205,0.7935347156929777,0.778384070072724,0.7708087472625971,0.7821717314777874,0.7935347156929777,NaN,0.778384070072724,NaN,0.778384070072724,1.0194642287821205
new_preds,OFT-0211-00,slow,3.353165810474631,1660,0.9997829728760452,0.9217430740897086,0.9219431607623386,0.9220432040986536,0.9218931390941809,0.9217430740897086,NaN,0.9219431607623386,NaN,0.9219431607623386,0.9997829728760452
new_preds,OFT-0212-00,fast,5.367721415415238,1661,1.016471364550966,0.7850397417599484,0.7723186005409466,0.7659580299314458,0.7754988858456972,0.7850397417599484,NaN,0.7723186005409466,NaN,0.7723186005409466,1.016471364550966
new_preds,OFT-0212-00,medium,4.394095593142861,1662,1.0165361062972238,0.8176205805871868,0.8043202553477462,0.797670092728026,0.8076453366576064,0.8176205805871868,NaN,0.8043202553477462,NaN,0.8043202553477462,1.0165361062972238
new_preds,OFT-0212-00,slow,3.4004973393930125,1663,1.006399938013087,0.8888267777959005,0.8831745156410595,0.880348384563639,0.8845875811797697,0.8888267777959005,NaN,0.8831745156410595,NaN,0.8831745156410595,1.006399938013087
new_preds,OFT-0213-00,fast,5.621191367313272,1664,1.0040342607273134,0.9294748213516546,0.9257401442440335,0.9238728056902228,0.9266738135209387,0.9294748213516546,NaN,0.9257401442440335,NaN,0.9257401442440335,1.0040342607273134
new_preds,OFT-0213-00,slow,3.5372973693016374,1665,1.0008597838906577,0.9004967724183222,0.8997232049006976,0.8993364211418854,0.8999165967801037,0.9004967724183222,NaN,0.8997232049006976,NaN,0.8997232049006976,1.0008597838906577
new_preds,OFT-0213-00,medium,4.535872714321382,1666,0.9999776695441618,0.9584732555119222,0.9584946591345792,0.9585053609459078,0.958489308228915,0.9584732555119222,NaN,0.9584946591345792,NaN,0.9584946591345792,0.9999776695441618
new_preds,OFT-0214-00,slow,4.068024350047137,1667,1.0036781929661158,0.8761145429461846,0.8729038342031231,0.8712984798315921,0.8737065113888883,0.8761145429461846,NaN,0.8729038342031231,NaN,0.8729038342031231,1.0036781929661158
new_preds,OFT-0214-00,medium,5.115499769402269,1668,1.0010055759997512,0.8749361847292827,0.874057253732521,0.87361778823414,0.8742769864817115,0.8749361847292827,NaN,0.874057253732521,NaN,0.874057253732521,1.0010055759997512
new_preds,OFT-0214-00,fast,6.2795002600079455,1669,1.004890241969333,0.8524860672623134,0.8483374916564562,0.8462632038535276,0.8493746355579204,0.8524860672623134,NaN,0.8483374916564562,NaN,0.8483374916564562,1.004890241969333
new_preds,OFT-0215-00,slow,3.9095848643829756,1670,1.0128801181992413,0.920197249884936,0.9084957176579964,0.9026449515445265,0.9114211007147313,0.920197249884936,NaN,0.9084957176579964,NaN,0.9084957176579964,1.0128801181992413
new_preds,OFT-0215-00,fast,5.8540468837277535,1671,1.0040596534681634,0.8683902357063283,0.8648791261622616,0.863123571390228,0.8657569035482782,0.8683902357063283,NaN,0.8648791261622616,NaN,0.8648791261622616,1.0040596534681634
new_preds,OFT-0215-00,medium,4.738165426656519,1672,1.0097986202113711,0.8769085731450855,0.8683994566773432,0.8641448984434723,0.870526735794279,0.8769085731450855,NaN,0.8683994566773432,NaN,0.8683994566773432,1.0097986202113711
new_preds,OFT-0216-00,medium,3.774883894645553,1673,0.9917444920528007,0.8105273247287115,0.8172743395337746,0.820647846936306,0.8155875858325088,0.8105273247287115,NaN,0.8172743395337746,NaN,0.8172743395337746,0.9917444920528007
new_preds,OFT-0216-00,fast,4.686949850456047,1674,0.9995759741818847,0.9615853208794826,0.9619932308462135,0.9621971858295791,0.9618912533545309,0.9615853208794826,NaN,0.9619932308462135,NaN,0.9619932308462135,0.9995759741818847
new_preds,OFT-0216-00,slow,3.127147822781169,1675,1.0011010879278195,0.9687712575335833,0.967705728438318,0.9671729638906854,0.9679721107121344,0.9687712575335833,NaN,0.967705728438318,NaN,0.967705728438318,1.0011010879278195
new_preds,OFT-0217-00,fast,5.210898759478377,1676,1.0078135398775894,0.9434395071279715,0.936125056667291,0.9324678314369507,0.9379536692824612,0.9434395071279715,NaN,0.936125056667291,NaN,0.936125056667291,1.0078135398775894
new_preds,OFT-0217-00,slow,3.386162539654066,1677,1.0044197796416596,0.9458949760411764,0.9417327249157094,0.9396515993529757,0.9427732876970761,0.9458949760411764,NaN,0.9417327249157094,NaN,0.9417327249157094,1.0044197796416596
new_preds,OFT-0217-00,medium,4.243880493362978,1678,1.003674236925148,0.8584313794617185,0.8552888456035349,0.853717578674443,0.8560744790680808,0.8584313794617185,NaN,0.8552888456035349,NaN,0.8552888456035349,1.003674236925148
new_preds,OFT-0218-00,fast,5.302782306123172,1679,0.9959502985971482,0.9509773263852268,0.9548441601199694,0.9567775769873408,0.9538774516862838,0.9509773263852268,NaN,0.9548441601199694,NaN,0.9548441601199694,0.9959502985971482
new_preds,OFT-0218-00,medium,4.288632199860044,1680,1.004843773800735,0.8631408477045361,0.8589801421964135,0.8568997894423522,0.8600203185734442,0.8631408477045361,NaN,0.8589801421964135,NaN,0.8589801421964135,1.004843773800735
new_preds,OFT-0218-00,slow,3.5404900404534096,1681,0.9995831373226546,0.9385870211915945,0.9389784462606724,0.9391741587952112,0.9388805899934027,0.9385870211915945,NaN,0.9389784462606724,NaN,0.9389784462606724,0.9995831373226546
new_preds,OFT-0219-00,fast,5.74167751150325,1682,1.0066574387273817,0.8285283901495577,0.8230489919162421,0.8203092927995844,0.8244188414745711,0.8285283901495577,NaN,0.8230489919162421,NaN,0.8230489919162421,1.0066574387273817
new_preds,OFT-0219-00,medium,4.473117728081894,1683,1.0108771287889189,0.9120398219901159,0.9022261915083439,0.8973193762674576,0.9046795991287868,0.9120398219901159,NaN,0.9022261915083439,NaN,0.9022261915083439,1.0108771287889189
new_preds,OFT-0219-00,slow,3.4884513592564788,1684,1.0061325938807448,0.9161773608809121,0.9105930634322587,0.907800914707932,0.911989137794422,0.9161773608809121,NaN,0.9105930634322587,NaN,0.9105930634322587,1.0061325938807448
new_preds,OFT-0220-00,fast,5.683660436314829,1685,1.0058965031635934,0.9398794093269948,0.9343698942893512,0.9316151367705294,0.9357472730487619,0.9398794093269948,NaN,0.9343698942893512,NaN,0.9343698942893512,1.0058965031635934
new_preds,OFT-0220-00,medium,4.487296382636144,1686,1.0166900815180042,0.8560727151120794,0.8420193436272049,0.8349926578847675,0.8455326864984235,0.8560727151120794,NaN,0.8420193436272049,NaN,0.8420193436272049,1.0166900815180042
new_preds,OFT-0220-00,slow,3.703123052242235,1687,1.005363134484469,0.8830338462112122,0.8783232803379201,0.8759679974012741,0.8795009218062431,0.8830338462112122,NaN,0.8783232803379201,NaN,0.8783232803379201,1.005363134484469
new_preds,OFT-0221-00,medium,4.249045483250131,1688,1.0020989606172939,0.9474418883176887,0.9454574104478302,0.944465171512901,0.9459535299152948,0.9474418883176887,NaN,0.9454574104478302,NaN,0.9454574104478302,1.0020989606172939
new_preds,OFT-0221-00,fast,5.112366219241976,1689,0.9935528295777578,0.8809857180598665,0.8867024398030949,0.8895608006747092,0.8852732593672878,0.8809857180598665,NaN,0.8867024398030949,NaN,0.8867024398030949,0.9935528295777578
new_preds,OFT-0221-00,slow,3.535756841648822,1690,1.0048563037902816,0.9237975822567908,0.919333021818403,0.9171007415992093,0.920449161928,0.9237975822567908,NaN,0.919333021818403,NaN,0.919333021818403,1.0048563037902816
new_preds,OFT-0222-00,fast,5.47544823734877,1691,1.0102420868944093,0.8658113621558712,0.8570335500646845,0.8526446440190913,0.8592280030874813,0.8658113621558712,NaN,0.8570335500646845,NaN,0.8570335500646845,1.0102420868944093
new_preds,OFT-0222-00,slow,3.307070587619732,1692,1.0074433991268819,0.8835696871053196,0.8770415170431217,0.8737774320120224,0.878673559558671,0.8835696871053196,NaN,0.8770415170431217,NaN,0.8770415170431217,1.0074433991268819
new_preds,OFT-0222-00,medium,4.344682781108927,1693,1.011458792216291,0.9084509593459913,0.8981591403792232,0.8930132308958394,0.9007320951209153,0.9084509593459913,NaN,0.8981591403792232,NaN,0.8981591403792232,1.011458792216291
new_preds,OFT-0223-00,fast,6.08283341261758,1694,1.01565968626199,0.8529581593748103,0.8398070445367557,0.8332314871177283,0.8430948232462694,0.8529581593748103,NaN,0.8398070445367557,NaN,0.8398070445367557,1.01565968626199
new_preds,OFT-0223-00,slow,3.863243224957829,1695,1.0018514807241223,0.9334198897787406,0.9316948746775116,0.9308323671268972,0.9321261284528188,0.9334198897787406,NaN,0.9316948746775116,NaN,0.9316948746775116,1.0018514807241223
new_preds,OFT-0223-00,medium,4.894724520587209,1696,1.0165916700754165,0.912258750446693,0.8973698853729704,0.8899254528361091,0.9010921016414011,0.912258750446693,NaN,0.8973698853729704,NaN,0.8973698853729704,1.0165916700754165
new_preds,OFT-0224-00,fast,5.708233517021699,1697,1.0186839456939374,0.800838008745838,0.7861496317194824,0.7788054432063045,0.7898217259760711,0.800838008745838,NaN,0.7861496317194824,NaN,0.7861496317194824,1.0186839456939374
new_preds,OFT-0224-00,slow,3.620743596985834,1698,1.0074020215401571,0.8607706555955957,0.8544460276937053,0.8512837137427601,0.856027184669178,0.8607706555955957,NaN,0.8544460276937053,NaN,0.8544460276937053,1.0074020215401571
new_preds,OFT-0224-00,medium,4.481770905385615,1699,1.0022913981418407,0.8976522451212692,0.8956000687878164,0.8945739806210903,0.8961131128711797,0.8976522451212692,NaN,0.8956000687878164,NaN,0.8956000687878164,1.0022913981418407
new_preds,OFT-0225-00,fast,5.7493968453736315,1700,1.003868462731013,0.9652785210215021,0.9615587667685791,0.9596988896421179,0.9624887053318099,0.9652785210215021,NaN,0.9615587667685791,NaN,0.9615587667685791,1.003868462731013
new_preds,OFT-0225-00,medium,4.416557111975243,1701,1.007519462290482,0.8165368960892265,0.8104428020009876,0.8073957549568682,0.8119663255230474,0.8165368960892265,NaN,0.8104428020009876,NaN,0.8104428020009876,1.007519462290482
new_preds,OFT-0225-00,slow,3.5575170716890745,1702,1.0127069532453359,0.9371623780825027,0.9254033213450921,0.9195237929763869,0.9283430855294448,0.9371623780825027,NaN,0.9254033213450921,NaN,0.9254033213450921,1.0127069532453359
new_preds,OFT-0226-00,medium,4.449111582147725,1703,1.0074201033848211,0.8370195421592888,0.8308545157546439,0.8277720025523212,0.8323957723558049,0.8370195421592888,NaN,0.8308545157546439,NaN,0.8308545157546439,1.0074201033848211
new_preds,OFT-0226-00,fast,5.638381480137283,1704,0.9856890351169464,0.8199261318535402,0.8318304278958126,0.837782575916949,0.8288543538852446,0.8199261318535402,NaN,0.8318304278958126,NaN,0.8318304278958126,0.9856890351169464
new_preds,OFT-0226-00,slow,3.5177119884252392,1705,0.9922780167071545,0.8327981228076643,0.8392790213888648,0.8425194706794649,0.8376587967435645,0.8327981228076643,NaN,0.8392790213888648,NaN,0.8392790213888648,0.9922780167071545
new_preds,OFT-0227-00,slow,3.5438639619519314,1706,1.0031211266091227,0.9480459760054171,0.9450962110728566,0.9436213286065767,0.9458336523059968,0.9480459760054171,NaN,0.9450962110728566,NaN,0.9450962110728566,1.0031211266091227
new_preds,OFT-0227-00,medium,4.422596318519016,1707,1.0028480563726248,0.8970654563646525,0.8945178191892841,0.8932440006015999,0.8951547284831263,0.8970654563646525,NaN,0.8945178191892841,NaN,0.8945178191892841,1.0028480563726248
new_preds,OFT-0227-00,fast,5.511621514301918,1708,1.0047622600912578,0.8967643213535188,0.8925139378464215,0.890388746092873,0.8935765337231958,0.8967643213535188,NaN,0.8925139378464215,NaN,0.8925139378464215,1.0047622600912578
new_preds,OFT-0228-00,fast,5.4069353730766485,1709,1.0076754357657154,0.8527187626170916,0.8462236275206264,0.8429760599723939,0.8478474112947427,0.8527187626170916,NaN,0.8462236275206264,NaN,0.8462236275206264,1.0076754357657154
new_preds,OFT-0228-00,medium,4.2764801210796515,1710,0.9965521339601686,0.9174653842879106,0.920639626390666,0.9222267474420438,0.9198460658649772,0.9174653842879106,NaN,0.920639626390666,NaN,0.920639626390666,0.9965521339601686
new_preds,OFT-0228-00,slow,3.536522724729976,1711,1.02600578502985,0.9022788022183241,0.8794090787627223,0.8679742170349213,0.8851265096266228,0.9022788022183241,NaN,0.8794090787627223,NaN,0.8794090787627223,1.02600578502985
new_preds,OFT-0229-00,medium,4.506856911463331,1712,0.9976012507583093,0.9205723492938448,0.9227858812266801,0.9238926471930977,0.9222324982434713,0.9205723492938448,NaN,0.9227858812266801,NaN,0.9227858812266801,0.9976012507583093
new_preds,OFT-0229-00,fast,5.665374872293093,1713,1.0060938504118682,0.9583560686459598,0.952551363129428,0.9496490103711621,0.954002539508561,0.9583560686459598,NaN,0.952551363129428,NaN,0.952551363129428,1.0060938504118682
new_preds,OFT-0229-00,slow,3.6381752213324776,1714,1.0036183949134756,0.9395051133722547,0.9361178692357983,0.9344242471675699,0.9369646802699123,0.9395051133722547,NaN,0.9361178692357983,NaN,0.9361178692357983,1.0036183949134756
new_preds,OFT-0230-00,fast,5.763120466600632,1715,0.994400298343903,0.9168313786276853,0.9219942714765846,0.9245757179010343,0.9207035482643597,0.9168313786276853,NaN,0.9219942714765846,NaN,0.9219942714765846,0.994400298343903
new_preds,OFT-0230-00,slow,3.924431102005407,1716,1.0067187617181086,0.864989514700992,0.8592166428136935,0.8563302068700442,0.860659860785518,0.864989514700992,NaN,0.8592166428136935,NaN,0.8592166428136935,1.0067187617181086
new_preds,OFT-0230-00,medium,4.763429342445844,1717,0.9999909130473209,0.9043023709597644,0.9043105883872883,0.9043146971010498,0.9043085340304071,0.9043023709597644,NaN,0.9043105883872883,NaN,0.9043105883872883,0.9999909130473209
new_preds,OFT-0231-00,medium,4.44227565016871,1718,1.0026405070726072,0.8390850976877663,0.8368753224798677,0.8357704348759184,0.8374277662818423,0.8390850976877663,NaN,0.8368753224798677,NaN,0.8368753224798677,1.0026405070726072
new_preds,OFT-0231-00,fast,5.389848440917462,1719,1.0080735478836271,0.8243067911384908,0.8177050105808842,0.8144041203020806,0.8193554557202858,0.8243067911384908,NaN,0.8177050105808842,NaN,0.8177050105808842,1.0080735478836271
new_preds,OFT-0231-00,slow,3.712965149475062,1720,1.0240733393914037,0.8785154246483475,0.8578637787508855,0.8475379558021545,0.863026690225251,0.8785154246483475,NaN,0.8578637787508855,NaN,0.8578637787508855,1.0240733393914037
new_preds,OFT-0232-00,fast,5.567289167306079,1721,1.0107186474484366,0.8448152221303913,0.8358559765995519,0.8313763538341323,0.8380957879822618,0.8448152221303913,NaN,0.8358559765995519,NaN,0.8358559765995519,1.0107186474484366
new_preds,OFT-0232-00,slow,3.727773658078511,1722,0.9923502985389707,0.8288636522680424,0.8352530890436286,0.8384478074314219,0.8336557298497321,0.8288636522680424,NaN,0.8352530890436286,NaN,0.8352530890436286,0.9923502985389707
new_preds,OFT-0232-00,medium,4.408995190303767,1723,1.0074184503712371,0.8667906252521017,0.8604077331844442,0.8572162871506155,0.8620034562013585,0.8667906252521017,NaN,0.8604077331844442,NaN,0.8604077331844442,1.0074184503712371
new_preds,OFT-0233-00,medium,4.954146645656102,1724,1.007301038409363,0.8512508531371885,0.8450808851357935,0.8419959011350958,0.8466233771361422,0.8512508531371885,NaN,0.8450808851357935,NaN,0.8450808851357935,1.007301038409363
new_preds,OFT-0233-00,fast,6.342942730456809,1725,1.0055572923174292,0.8524222004875035,0.8477112214292561,0.8453557319001326,0.848888966193818,0.8524222004875035,NaN,0.8477112214292561,NaN,0.8477112214292561,1.0055572923174292
new_preds,OFT-0233-00,slow,3.8775820899247133,1726,1.0071263926592315,0.9047457061504854,0.8983437558036597,0.8951427806302465,0.8999442433903659,0.9047457061504854,NaN,0.8983437558036597,NaN,0.8983437558036597,1.0071263926592315
new_preds,OFT-0234-00,fast,5.912862136612629,1727,0.9978662021080432,0.9297684318829675,0.9317566121778494,0.9327507023252903,0.9312595671041288,0.9297684318829675,NaN,0.9317566121778494,NaN,0.9317566121778494,0.9978662021080432
new_preds,OFT-0234-00,medium,4.8170824623966295,1728,1.0124879823393558,0.8261009399484234,0.8159118472099939,0.8108173008407793,0.8184591203946012,0.8261009399484234,NaN,0.8159118472099939,NaN,0.8159118472099939,1.0124879823393558
new_preds,OFT-0234-00,slow,3.7389119900836714,1729,1.0110199403791758,0.8832650087298396,0.8736375747431623,0.8688238577498235,0.8760444332398316,0.8832650087298396,NaN,0.8736375747431623,NaN,0.8736375747431623,1.0110199403791758
new_preds,OFT-0235-00,fast,5.529996224536493,1730,0.9968128927152262,0.9126664122476387,0.9155844782079611,0.9170435111881223,0.9148549617178804,0.9126664122476387,NaN,0.9155844782079611,NaN,0.9155844782079611,0.9968128927152262
new_preds,OFT-0235-00,medium,4.537335556090576,1731,1.0067555318836319,0.8685531127492474,0.8627249468639038,0.8598108639212321,0.8641819883352397,0.8685531127492474,NaN,0.8627249468639038,NaN,0.8627249468639038,1.0067555318836319
new_preds,OFT-0235-00,slow,3.7414072766222004,1732,1.0142937866073352,0.8251792556996126,0.8135505379163535,0.807736179024724,0.8164577173621683,0.8251792556996126,NaN,0.8135505379163535,NaN,0.8135505379163535,1.0142937866073352
new_preds,OFT-0236-00,fast,5.665801455346451,1733,1.0081011555751846,0.9048638359855954,0.8975923011112056,0.8939565336740111,0.8994101848298033,0.9048638359855954,NaN,0.8975923011112056,NaN,0.8975923011112056,1.0081011555751846
new_preds,OFT-0236-00,slow,3.3454949876623394,1734,1.01395922016771,0.8196207766092873,0.8083370221474205,0.802695144916487,0.8111579607628872,0.8196207766092873,NaN,0.8083370221474205,NaN,0.8083370221474205,1.01395922016771
new_preds,OFT-0236-00,medium,4.468576269828328,1735,1.0026719792956384,0.8671439566209613,0.8648331403756955,0.8636777322530627,0.865410844437012,0.8671439566209613,NaN,0.8648331403756955,NaN,0.8648331403756955,1.0026719792956384
new_preds,OFT-0237-00,medium,4.32843693748204,1736,1.013903332246642,0.9101500240219966,0.8976694277207421,0.8914291295701149,0.9007895767960559,0.9101500240219966,NaN,0.8976694277207421,NaN,0.8976694277207421,1.013903332246642
new_preds,OFT-0237-00,fast,5.528692087920848,1737,1.0021498890431038,0.90746986551981,0.9055230913474447,0.9045497042612618,0.906009784890536,0.90746986551981,NaN,0.9055230913474447,NaN,0.9055230913474447,1.0021498890431038
new_preds,OFT-0237-00,slow,3.530129013744466,1738,1.008259294239055,0.8822066705649602,0.8749799536742895,0.8713665952289542,0.8767866328969571,0.8822066705649602,NaN,0.8749799536742895,NaN,0.8749799536742895,1.008259294239055
new_preds,OFT-0238-00,medium,4.8087307647172555,1739,1.0156771609045259,0.8034775226386625,0.7910757015773733,0.7848747910467287,0.7941761568426957,0.8034775226386625,NaN,0.7910757015773733,NaN,0.7910757015773733,1.0156771609045259
new_preds,OFT-0238-00,fast,6.075421573448213,1740,0.9946949608615842,0.9183081992777599,0.9232058424045301,0.9256546639679153,0.9219814316228375,0.9183081992777599,NaN,0.9232058424045301,NaN,0.9232058424045301,0.9946949608615842
new_preds,OFT-0238-00,slow,3.707264180124953,1741,0.994413137723905,0.8839226886901936,0.8888887879271073,0.891371837545564,0.8876472631178789,0.8839226886901936,NaN,0.8888887879271073,NaN,0.8888887879271073,0.994413137723905
new_preds,OFT-0239-00,fast,6.171869421324344,1742,1.0076332278664883,0.8548658446058522,0.8483898912463436,0.8451519145665894,0.8500088795862208,0.8548658446058522,NaN,0.8483898912463436,NaN,0.8483898912463436,1.0076332278664883
new_preds,OFT-0239-00,medium,5.018658009227227,1743,1.0014842928102003,0.9131691966814696,0.9118157950526458,0.9111390942382336,0.9121541454598516,0.9131691966814696,NaN,0.9118157950526458,NaN,0.9118157950526458,1.0014842928102003
new_preds,OFT-0239-00,slow,3.8380185427874607,1744,1.0080883159557223,0.7664193075521384,0.7602700035517537,0.7571953515515613,0.7618073295518497,0.7664193075521384,NaN,0.7602700035517537,NaN,0.7602700035517537,1.0080883159557223
new_preds,OFT-0240-00,slow,3.9849468113568456,1745,1.0116749188573275,0.9264700379412794,0.9157783994365641,0.9104325801842065,0.918451309062743,0.9264700379412794,NaN,0.9157783994365641,NaN,0.9157783994365641,1.0116749188573275
new_preds,OFT-0240-00,medium,4.998843877352993,1746,1.0056280904309658,0.8612684796388255,0.8564483110945375,0.8540382268223932,0.8576533532306092,0.8612684796388255,NaN,0.8564483110945375,NaN,0.8564483110945375,1.0056280904309658
new_preds,OFT-0240-00,fast,5.966667426182764,1747,1.0068703924584899,0.8824585507890267,0.8764370840563848,0.8734263506900639,0.8779424507395454,0.8824585507890267,NaN,0.8764370840563848,NaN,0.8764370840563848,1.0068703924584899
new_preds,OFT-0241-00,slow,3.3556786755448544,1748,0.9990418114847455,0.9842758618932408,0.9852198882751865,0.9856919014661591,0.9849838816797,0.9842758618932408,NaN,0.9852198882751865,NaN,0.9852198882751865,0.9990418114847455
new_preds,OFT-0241-00,medium,4.290354812514036,1749,0.9974921660659133,0.9307102561167747,0.9330501910480912,0.9342201585137497,0.9324652073152622,0.9307102561167747,NaN,0.9330501910480912,NaN,0.9330501910480912,0.9974921660659133
new_preds,OFT-0241-00,fast,5.376909096069763,1750,1.0040425905425234,0.9614114271800239,0.9575404830790452,0.955605011028556,0.95850821910429,0.9614114271800239,NaN,0.9575404830790452,NaN,0.9575404830790452,1.0040425905425234
new_preds,OFT-0242-00,slow,3.932802913792241,1751,1.0095803666778906,0.9138029721058365,0.9051314806297018,0.9007957348916342,0.9072993534987355,0.9138029721058365,NaN,0.9051314806297018,NaN,0.9051314806297018,1.0095803666778906
new_preds,OFT-0242-00,medium,4.876924455536318,1752,1.0031443305842533,0.8966796715925904,0.8938690517947148,0.892463741895777,0.8945717067441837,0.8966796715925904,NaN,0.8938690517947148,NaN,0.8938690517947148,1.0031443305842533
new_preds,OFT-0242-00,fast,5.796974120464047,1753,1.0043240018899837,0.8821948433394772,0.8783966545450689,0.8764975601478647,0.8793462017436711,0.8821948433394772,NaN,0.8783966545450689,NaN,0.8783966545450689,1.0043240018899837
new_preds,OFT-0243-00,medium,4.1499008718369454,1754,0.9812405879610119,0.8524056240092407,0.8687019620544985,0.8768501310771276,0.8646278775431842,0.8524056240092407,NaN,0.8687019620544985,NaN,0.8687019620544985,0.9812405879610119
new_preds,OFT-0243-00,fast,5.27662356484472,1755,1.0017199428902022,0.9222274253741777,0.920643970323013,0.9198522427974306,0.9210398340858041,0.9222274253741777,NaN,0.920643970323013,NaN,0.920643970323013,1.0017199428902022
new_preds,OFT-0243-00,slow,3.3203808421954357,1756,0.9998376392309779,0.9787484296584614,0.9789073658111759,0.9789868338875332,0.9788676317729972,0.9787484296584614,NaN,0.9789073658111759,NaN,0.9789073658111759,0.9998376392309779
new_preds,OFT-0244-00,medium,4.750568688650976,1757,0.9982688327620941,0.9490451909027935,0.9506909960084554,0.9515138985612864,0.95027954473204,0.9490451909027935,NaN,0.9506909960084554,NaN,0.9506909960084554,0.9982688327620941
new_preds,OFT-0244-00,fast,6.033716909954534,1758,1.0008555561652583,0.93505764241271,0.9342583319368775,0.9338586766989612,0.9344581595558357,0.93505764241271,NaN,0.9342583319368775,NaN,0.9342583319368775,1.0008555561652583
new_preds,OFT-0244-00,slow,3.699878955772353,1759,1.0056673957874165,0.9263023864219784,0.9210822487654609,0.9184721799372021,0.9223872831795903,0.9263023864219784,NaN,0.9210822487654609,NaN,0.9210822487654609,1.0056673957874165
new_preds,OFT-0245-00,slow,3.940571666250643,1760,1.0093871392083664,0.837890788507681,0.8300985379750477,0.8262024127087315,0.8320466006082062,0.837890788507681,NaN,0.8300985379750477,NaN,0.8300985379750477,1.0093871392083664
new_preds,OFT-0245-00,medium,4.971205737210209,1761,0.9977501316880879,0.9159059605144284,0.9179712749972904,0.9190039322387213,0.917454946376575,0.9159059605144284,NaN,0.9179712749972904,NaN,0.9179712749972904,0.9977501316880879
new_preds,OFT-0245-00,fast,5.975444776998701,1762,0.9938463449090525,0.8389526970206685,0.8441472882786942,0.8467445839077071,0.842848640464188,0.8389526970206685,NaN,0.8441472882786942,NaN,0.8441472882786942,0.9938463449090525
new_preds,OFT-0246-00,slow,3.409471026702852,1763,1.0024390445976343,0.9566375399741627,0.9543099354815575,0.9531461332352551,0.9548918366047088,0.9566375399741627,NaN,0.9543099354815575,NaN,0.9543099354815575,1.0024390445976343
new_preds,OFT-0246-00,medium,4.067026284895341,1764,1.00843657971177,0.8525208613401345,0.8453886724178538,0.8418225779567131,0.8471717196484239,0.8525208613401345,NaN,0.8453886724178538,NaN,0.8453886724178538,1.00843657971177
new_preds,OFT-0246-00,fast,4.8680961521726065,1765,1.004003348335816,0.8780381724084461,0.8745370957814401,0.8727865574679373,0.8754123649381917,0.8780381724084461,NaN,0.8745370957814401,NaN,0.8745370957814401,1.004003348335816
new_preds,OFT-0247-00,slow,3.5260891012370723,1766,1.0033697086673308,0.8637769980866987,0.8608760964430168,0.859425645621176,0.8616013218539373,0.8637769980866987,NaN,0.8608760964430168,NaN,0.8608760964430168,1.0033697086673308
new_preds,OFT-0247-00,medium,4.33699707598219,1767,1.0068509899971076,0.9274139309134977,0.9211034603205404,0.9179482250240614,0.9226810779687796,0.9274139309134977,NaN,0.9211034603205404,NaN,0.9211034603205404,1.0068509899971076
new_preds,OFT-0247-00,fast,5.29457954975709,1768,1.0085092454476325,0.8644574849268571,0.8571636688795676,0.8535167608559229,0.8589871228913901,0.8644574849268571,NaN,0.8571636688795676,NaN,0.8571636688795676,1.0085092454476325
new_preds,OFT-0248-00,medium,5.299464137810214,1769,1.0047141679334084,0.8590037351228081,0.8549732476547919,0.8529580039207837,0.855980869521796,0.8590037351228081,NaN,0.8549732476547919,NaN,0.8549732476547919,1.0047141679334084
new_preds,OFT-0248-00,slow,4.211499485908461,1770,1.000681924485242,0.8979155605738371,0.8973036672324538,0.8969977205617621,0.8974566405677996,0.8979155605738371,NaN,0.8973036672324538,NaN,0.8973036672324538,1.000681924485242
new_preds,OFT-0248-00,fast,6.473360213768198,1771,1.0046065248157887,0.8682282745773404,0.864247098869425,0.8622565110154673,0.8652423927964037,0.8682282745773404,NaN,0.864247098869425,NaN,0.864247098869425,1.0046065248157887
new_preds,OFT-0249-00,medium,4.484053401212092,1772,1.0015527033597587,0.9200906662466191,0.9186642531742253,0.9179510466380283,0.9190208564423235,0.9200906662466191,NaN,0.9186642531742253,NaN,0.9186642531742253,1.0015527033597587
new_preds,OFT-0249-00,slow,3.518466369788806,1773,1.0069856877355678,0.8628565764885823,0.8568707450340312,0.8538778293067553,0.8583672028976688,0.8628565764885823,NaN,0.8568707450340312,NaN,0.8568707450340312,1.0069856877355678
new_preds,OFT-0249-00,fast,5.627826052782967,1774,0.9961292499674492,0.8953291220244938,0.8988081838313158,0.9005477147347265,0.8979384183796102,0.8953291220244938,NaN,0.8988081838313158,NaN,0.8988081838313158,0.9961292499674492
new_preds,OFT-0250-00,slow,3.2655536220743553,1775,1.0201458347384054,0.7862138284640316,0.7706876817917307,0.7629246084555803,0.774569218459806,0.7862138284640316,NaN,0.7706876817917307,NaN,0.7706876817917307,1.0201458347384054
new_preds,OFT-0250-00,fast,4.749091381934706,1776,1.0040176432843813,0.9005513520352566,0.8969477359873261,0.8951459279633609,0.8978486399993088,0.9005513520352566,NaN,0.8969477359873261,NaN,0.8969477359873261,1.0040176432843813
new_preds,OFT-0250-00,medium,4.03210833590864,1777,1.0018703208212008,0.931144344447698,0.9294060569480379,0.9285369131982077,0.9298406288229528,0.931144344447698,NaN,0.9294060569480379,NaN,0.9294060569480379,1.0018703208212008
new_preds,OFT-0251-00,medium,3.7523739586478078,1778,0.9991356804810498,0.9213858421421757,0.9221829028251296,0.9225814331666065,0.9219836376543911,0.9213858421421757,NaN,0.9221829028251296,NaN,0.9221829028251296,0.9991356804810498
new_preds,OFT-0251-00,slow,3.124937566445988,1779,1.0088386195659305,0.8354812869602198,0.8281614826756926,0.8245015805334294,0.8299914337468245,0.8354812869602198,NaN,0.8281614826756926,NaN,0.8281614826756926,1.0088386195659305
new_preds,OFT-0251-00,fast,4.446275965670614,1780,1.0012588577413235,0.9305465155273258,0.9293765626468332,0.928791586206587,0.9296690508669565,0.9305465155273258,NaN,0.9293765626468332,NaN,0.9293765626468332,1.0012588577413235
new_preds,OFT-0252-00,fast,6.020983390346391,1781,1.0040589299373996,0.8749183444332732,0.8713814681054846,0.8696130299415903,0.8722656871874318,0.8749183444332732,NaN,0.8713814681054846,NaN,0.8713814681054846,1.0040589299373996
new_preds,OFT-0252-00,medium,4.543414972769068,1782,1.0104617155555642,0.8070247429978129,0.7986692920415107,0.7944915665633596,0.8007581547805863,0.8070247429978129,NaN,0.7986692920415107,NaN,0.7986692920415107,1.0104617155555642
new_preds,OFT-0252-00,slow,3.551461756028046,1783,1.0205822825844828,0.8221258276727204,0.8055458552453026,0.7972558690315938,0.809690848352157,0.8221258276727204,NaN,0.8055458552453026,NaN,0.8055458552453026,1.0205822825844828
new_preds,OFT-0253-00,fast,5.076107718988346,1784,1.0117206174487812,0.8285451096150178,0.8189465503869336,0.8141472707728914,0.8213461901939547,0.8285451096150178,NaN,0.8189465503869336,NaN,0.8189465503869336,1.0117206174487812
new_preds,OFT-0253-00,slow,3.230663939343272,1785,1.006659438837193,0.9341629408775118,0.9279830942196073,0.9248931708906551,0.9295280558840834,0.9341629408775118,NaN,0.9279830942196073,NaN,0.9279830942196073,1.006659438837193
new_preds,OFT-0253-00,medium,3.964707494021206,1786,1.0148463483466013,0.8405059330345008,0.8282100383017216,0.8220620909353318,0.8312840119849163,0.8405059330345008,NaN,0.8282100383017216,NaN,0.8282100383017216,1.0148463483466013
new_preds,OFT-0254-00,slow,3.1246048467184213,1787,0.9868456530743506,0.8106209161721784,0.8214262419323894,0.826828904812495,0.8187249104923366,0.8106209161721784,NaN,0.8214262419323894,NaN,0.8214262419323894,0.9868456530743506
new_preds,OFT-0254-00,medium,3.853388969909936,1788,1.0175472237755268,0.9293064169613188,0.9132808731109329,0.90526810118574,0.9172872590735294,0.9293064169613188,NaN,0.9132808731109329,NaN,0.9132808731109329,1.0175472237755268
new_preds,OFT-0254-00,fast,4.6107560743331995,1789,1.0014861549825458,0.9451484970371686,0.9437459442997902,0.9430446679311009,0.9440965824841347,0.9451484970371686,NaN,0.9437459442997902,NaN,0.9437459442997902,1.0014861549825458
new_preds,OFT-0255-00,fast,4.420961671040164,1790,1.0088552332121776,0.8565673036424778,0.8490487786985872,0.8452895162266421,0.85092840993456,0.8565673036424778,NaN,0.8490487786985872,NaN,0.8490487786985872,1.0088552332121776
new_preds,OFT-0255-00,medium,3.7563773529098134,1791,1.000872760844222,0.927377842555946,0.9265691692655477,0.9261648326203485,0.9267713375881472,0.927377842555946,NaN,0.9265691692655477,NaN,0.9265691692655477,1.000872760844222
new_preds,OFT-0255-00,slow,3.186704795533806,1792,0.9879994835472817,0.7904490002874176,0.800050013639091,0.804850520314928,0.7976497603011727,0.7904490002874176,NaN,0.800050013639091,NaN,0.800050013639091,0.9879994835472817
new_preds,OFT-0256-00,fast,6.665687796731879,1793,1.0199432011631393,0.8463460015747626,0.8297971893038679,0.8215227831684209,0.8339343923715916,0.8463460015747626,NaN,0.8297971893038679,NaN,0.8297971893038679,1.0199432011631393
new_preds,OFT-0256-00,medium,5.2258190072401085,1794,0.9987096033159949,0.9041625161870008,0.9053307519872931,0.9059148698874393,0.9050386930372201,0.9041625161870008,NaN,0.9053307519872931,NaN,0.9053307519872931,0.9987096033159949
new_preds,OFT-0256-00,slow,4.125101060135302,1795,0.9950811078396928,0.9020811489451888,0.9065403230331589,0.9087699100771438,0.9054255295111664,0.9020811489451888,NaN,0.9065403230331589,NaN,0.9065403230331589,0.9950811078396928
new_preds,OFT-0257-00,fast,4.779526947829438,1796,1.0116898662393374,0.861007856240606,0.8510590893246288,0.8460847058666401,0.8535462810536232,0.861007856240606,NaN,0.8510590893246288,NaN,0.8510590893246288,1.0116898662393374
new_preds,OFT-0257-00,medium,3.9903007492431706,1797,1.000264417697307,0.8536683923792415,0.8534427270185799,0.853329894338249,0.8534991433587453,0.8536683923792415,NaN,0.8534427270185799,NaN,0.8534427270185799,1.000264417697307
new_preds,OFT-0257-00,slow,3.4155866202497984,1798,0.992423150851017,0.8533015659798744,0.8598162641088695,0.8630736131733667,0.8581875895766204,0.8533015659798744,NaN,0.8598162641088695,NaN,0.8598162641088695,0.992423150851017
new_preds,OFT-0258-00,slow,3.92753929490173,1799,1.018608762082726,0.8876997971352278,0.8714825850507788,0.8633739790085542,0.875536888071891,0.8876997971352278,NaN,0.8714825850507788,NaN,0.8714825850507788,1.018608762082726
new_preds,OFT-0258-00,fast,6.112340638797373,1800,1.0267103651991791,0.7666096301739247,0.7466659110090941,0.7366940514266787,0.7516518408003017,0.7666096301739247,NaN,0.7466659110090941,NaN,0.7466659110090941,1.0267103651991791
new_preds,OFT-0258-00,medium,5.106624433449517,1801,1.0068897406523052,0.8505824853869766,0.8447622922803184,0.8418521957269891,0.8462173405569828,0.8505824853869766,NaN,0.8447622922803184,NaN,0.8447622922803184,1.0068897406523052
new_preds,OFT-0259-00,medium,3.9568794213826353,1802,1.0062615484062014,0.929189668817793,0.9234077067632355,0.9205167257359563,0.9248531972768748,0.929189668817793,NaN,0.9234077067632355,NaN,0.9234077067632355,1.0062615484062014
new_preds,OFT-0259-00,fast,4.931709831749917,1803,1.009674899366261,0.8765511034879198,0.868151821975669,0.8639521812195435,0.8702516423537316,0.8765511034879198,NaN,0.868151821975669,NaN,0.868151821975669,1.009674899366261
new_preds,OFT-0259-00,slow,3.232692139954734,1804,1.0047005341197064,0.89210023468048,0.8879265058439687,0.885839641425713,0.8889699380530964,0.89210023468048,NaN,0.8879265058439687,NaN,0.8879265058439687,1.0047005341197064
new_preds,OFT-0260-00,medium,4.558121833789457,1805,1.0032021415706844,0.911923150033404,0.9090123637551574,0.9075569706160342,0.909740060324719,0.911923150033404,NaN,0.9090123637551574,NaN,0.9090123637551574,1.0032021415706844
new_preds,OFT-0260-00,slow,3.794309993092516,1806,0.9942069200671821,0.8431327472941819,0.8480455429109348,0.8505019407193114,0.8468173440067468,0.8431327472941819,NaN,0.8480455429109348,NaN,0.8480455429109348,0.9942069200671821
new_preds,OFT-0260-00,fast,5.829725404255025,1807,0.9940698690489614,0.8050648563188235,0.8098674765075001,0.8122687866018383,0.8086668214603309,0.8050648563188235,NaN,0.8098674765075001,NaN,0.8098674765075001,0.9940698690489614
new_preds,OFT-0261-00,medium,4.635490906565934,1808,1.002446415711424,0.9014559624878578,0.8992560084601685,0.8981560314463242,0.8998059969670908,0.9014559624878578,NaN,0.8992560084601685,NaN,0.8992560084601685,1.002446415711424
new_preds,OFT-0261-00,fast,5.538369216256731,1809,1.0125290165037863,0.8469901669054365,0.8365095252579057,0.8312692044341404,0.8391296856697884,0.8469901669054365,NaN,0.8365095252579057,NaN,0.8365095252579057,1.0125290165037863
new_preds,OFT-0261-00,slow,3.7907431881019313,1810,1.00735832005575,0.8371976776043102,0.8310823079894524,0.8280246231820233,0.8326111503931668,0.8371976776043102,NaN,0.8310823079894524,NaN,0.8310823079894524,1.00735832005575
new_preds,OFT-0262-00,fast,5.099639632104747,1811,1.0126033703203616,0.8102831639588163,0.8001979725807781,0.7951553768917591,0.8027192704252877,0.8102831639588163,NaN,0.8001979725807781,NaN,0.8001979725807781,1.0126033703203616
new_preds,OFT-0262-00,medium,4.184620947547787,1812,1.0037212759355925,0.9029227228062957,0.8995751554281441,0.8979013717390681,0.900412047272682,0.9029227228062957,NaN,0.8995751554281441,NaN,0.8995751554281441,1.0037212759355925
new_preds,OFT-0262-00,slow,3.421947495109483,1813,1.0135961839865208,0.8193817500601777,0.8083907210833324,0.80289520659491,0.8111384783275438,0.8193817500601777,NaN,0.8083907210833324,NaN,0.8083907210833324,1.0135961839865208
new_preds,OFT-0263-00,slow,3.305505653090853,1814,0.9853015356561428,0.7593236747945807,0.7706510619502116,0.7763147555280274,0.7678192151613039,0.7593236747945807,NaN,0.7706510619502116,NaN,0.7706510619502116,0.9853015356561428
new_preds,OFT-0263-00,medium,3.9450114737226873,1815,1.0084567357899348,0.8764821441692583,0.8691321234348249,0.8654571130676081,0.8709696286184332,0.8764821441692583,NaN,0.8691321234348249,NaN,0.8691321234348249,1.0084567357899348
new_preds,OFT-0263-00,fast,4.85738847807948,1816,1.0072282840069995,0.8710402918173006,0.8647893487979609,0.8616638772882911,0.8663520845527959,0.8710402918173006,NaN,0.8647893487979609,NaN,0.8647893487979609,1.0072282840069995
new_preds,OFT-0264-00,fast,5.68871819317061,1817,0.995000104265988,0.88369248089771,0.8881330535634571,0.8903533398963304,0.8870229103970202,0.88369248089771,NaN,0.8881330535634571,NaN,0.8881330535634571,0.995000104265988
new_preds,OFT-0264-00,medium,4.500891005529155,1818,1.0148431895059795,0.8830261154292488,0.8701108945305149,0.8636532840811482,0.8733396997551985,0.8830261154292488,NaN,0.8701108945305149,NaN,0.8701108945305149,1.0148431895059795
new_preds,OFT-0264-00,slow,3.567124223349361,1819,0.9798772124091863,0.756130093577367,0.7716580036781334,0.7794219587285169,0.7677760261529419,0.756130093577367,NaN,0.7716580036781334,NaN,0.7716580036781334,0.9798772124091863
new_preds,OFT-0265-00,medium,3.8921670762458507,1820,0.9918183415604084,0.838298954144129,0.8452142081031186,0.8486718350826132,0.8434853946133711,0.838298954144129,NaN,0.8452142081031186,NaN,0.8452142081031186,0.9918183415604084
new_preds,OFT-0265-00,fast,5.004855087303171,1821,1.0029106494053601,0.9333453349461671,0.9306365781433877,0.9292821997419982,0.9313137673440827,0.9333453349461671,NaN,0.9306365781433877,NaN,0.9306365781433877,1.0029106494053601
new_preds,OFT-0265-00,slow,3.2058121711467735,1822,1.0290799096050671,0.91196396162344,0.8861935337688469,0.8733083198415504,0.8926361407324952,0.91196396162344,NaN,0.8861935337688469,NaN,0.8861935337688469,1.0290799096050671
new_preds,OFT-0266-00,medium,4.278941744573596,1823,1.0146074442058062,0.8466479925682742,0.8344586839011378,0.8283640295675696,0.8375060110679219,0.8466479925682742,NaN,0.8344586839011378,NaN,0.8344586839011378,1.0146074442058062
new_preds,OFT-0266-00,fast,5.257340921332892,1824,1.004675508879994,0.9359432425279627,0.9315875964482766,0.9294097734084334,0.932676507968198,0.9359432425279627,NaN,0.9315875964482766,NaN,0.9315875964482766,1.004675508879994
new_preds,OFT-0266-00,slow,3.4654233777634293,1825,1.003520316977888,0.8844593724211186,0.8813567174052613,0.8798053898973328,0.8821323811592257,0.8844593724211186,NaN,0.8813567174052613,NaN,0.8813567174052613,1.003520316977888
new_preds,OFT-0267-00,fast,4.902446576441729,1826,1.0080144374408124,0.9205667608568802,0.913247595137677,0.909588012278075,0.9150773865674777,0.9205667608568802,NaN,0.913247595137677,NaN,0.913247595137677,1.0080144374408124
new_preds,OFT-0267-00,slow,3.2955435987851747,1827,1.012963282261568,0.9689753488719398,0.956574997179148,0.9503748213327516,0.9596750851023459,0.9689753488719398,NaN,0.956574997179148,NaN,0.956574997179148,1.012963282261568
new_preds,OFT-0267-00,medium,3.9884709215705874,1828,1.0037068138709093,0.8442464943846699,0.8411285872701585,0.8395696337129027,0.8419080640487863,0.8442464943846699,NaN,0.8411285872701585,NaN,0.8411285872701585,1.0037068138709093
new_preds,OFT-0268-00,fast,5.106353887568156,1829,0.995588224133259,0.874023487563705,0.877896570466785,0.8798331119183249,0.8769282997410149,0.874023487563705,NaN,0.877896570466785,NaN,0.877896570466785,0.995588224133259
new_preds,OFT-0268-00,medium,4.183585324845157,1830,1.0151221919769897,0.9010039287962983,0.8875817472195721,0.8808706564312094,0.8909372926137538,0.9010039287962983,NaN,0.8875817472195721,NaN,0.8875817472195721,1.0151221919769897
new_preds,OFT-0268-00,slow,3.4010778479115262,1831,1.0040207541479798,0.9328089551302147,0.9290733794858693,0.9272055916636965,0.9300072733969557,0.9328089551302147,NaN,0.9290733794858693,NaN,0.9290733794858693,1.0040207541479798
new_preds,OFT-0269-00,fast,5.200612844667349,1832,0.9992880046246564,0.9235398936441251,0.9241979182878483,0.9245269306097097,0.9240334121269173,0.9235398936441251,NaN,0.9241979182878483,NaN,0.9241979182878483,0.9992880046246564
new_preds,OFT-0269-00,medium,4.40713640002665,1833,0.9900809326830395,0.8458451680092702,0.8543192178412102,0.85855624275718,0.8522007053832252,0.8458451680092702,NaN,0.8543192178412102,NaN,0.8543192178412102,0.9900809326830395
new_preds,OFT-0269-00,slow,3.5183341913108457,1834,1.0153897266059546,0.9531320428640171,0.9386859231380641,0.9314628632750874,0.942297453069552,0.9531320428640171,NaN,0.9386859231380641,NaN,0.9386859231380641,1.0153897266059546
new_preds,OFT-0270-00,slow,3.3410430032950393,1835,0.9941583634550666,0.8189915024366887,0.8238038652015073,0.8262100465839167,0.8226007745103027,0.8189915024366887,NaN,0.8238038652015073,NaN,0.8238038652015073,0.9941583634550666
new_preds,OFT-0270-00,fast,5.120605216268107,1836,0.990285943400151,0.8921568136847877,0.9009082877835906,0.9052840248329921,0.8987204192588899,0.8921568136847877,NaN,0.9009082877835906,NaN,0.9009082877835906,0.990285943400151
new_preds,OFT-0270-00,medium,4.0580168033730235,1837,1.0046326854781098,0.9362189414920968,0.9319017338626062,0.9297431300478607,0.9329810357699788,0.9362189414920968,NaN,0.9319017338626062,NaN,0.9319017338626062,1.0046326854781098
new_preds,OFT-0271-00,fast,4.972519759087892,1838,0.9832738609301245,0.8174515168971768,0.8313569081597586,0.8383096037910496,0.8278805603441133,0.8174515168971768,NaN,0.8313569081597586,NaN,0.8313569081597586,0.9832738609301245
new_preds,OFT-0271-00,slow,3.3107067937297465,1839,1.0182400447728652,0.961866617755484,0.9446364073906008,0.9360213022081592,0.9489439599818215,0.961866617755484,NaN,0.9446364073906008,NaN,0.9446364073906008,1.0182400447728652
new_preds,OFT-0271-00,medium,3.991721071725871,1840,1.0012652195420901,0.9427941205804383,0.9416027863342817,0.9410071192112033,0.9419006198958209,0.9427941205804383,NaN,0.9416027863342817,NaN,0.9416027863342817,1.0012652195420901
new_preds,OFT-0272-00,fast,5.41426396287518,1841,1.0080900513741018,0.9437443016747424,0.9361706331575723,0.9323837988989876,0.9380640502868651,0.9437443016747424,NaN,0.9361706331575723,NaN,0.9361706331575723,1.0080900513741018
new_preds,OFT-0272-00,slow,3.4175272285600906,1842,1.0130607932745992,0.8972559088601757,0.8856881194265767,0.8799042247097771,0.8885800667849765,0.8972559088601757,NaN,0.8856881194265767,NaN,0.8856881194265767,1.0130607932745992
new_preds,OFT-0272-00,medium,4.259579214595304,1843,0.9998213561025946,0.9393488853446569,0.9395167242739587,0.93960064373861,0.9394747645416334,0.9393488853446569,NaN,0.9395167242739587,NaN,0.9395167242739587,0.9998213561025946
new_preds,OFT-0273-00,fast,4.69556789619877,1844,1.00576689863989,0.9144218970544913,0.9091787553269793,0.9065571844632232,0.9104895407588574,0.9144218970544913,NaN,0.9091787553269793,NaN,0.9091787553269793,1.00576689863989
new_preds,OFT-0273-00,slow,3.2443569302124526,1845,0.9990036626511618,0.8425016483695,0.8433419014037088,0.8437620279208131,0.8431318381451565,0.8425016483695,NaN,0.8433419014037088,NaN,0.8433419014037088,0.9990036626511618
new_preds,OFT-0273-00,medium,3.882103328446435,1846,1.0083426384094671,0.9153962773600834,0.9078226413235934,0.9040358233053483,0.909716050332716,0.9153962773600834,NaN,0.9078226413235934,NaN,0.9078226413235934,1.0083426384094671
new_preds,OFT-0274-00,fast,5.005277627976528,1847,1.0005503037370524,0.9697719818512542,0.9692386062241535,0.9689719184106034,0.9693719501309288,0.9697719818512542,NaN,0.9692386062241535,NaN,0.9692386062241535,1.0005503037370524
new_preds,OFT-0274-00,slow,3.2129507583720582,1848,1.0166531545415873,0.9035494840272795,0.8887490094246483,0.8813487721233325,0.892449128075306,0.9035494840272795,NaN,0.8887490094246483,NaN,0.8887490094246483,1.0166531545415873
new_preds,OFT-0274-00,medium,4.010332237437803,1849,0.9910596250342625,0.8846770768322127,0.892657772030243,0.8966481196292581,0.8906625982307353,0.8846770768322127,NaN,0.892657772030243,NaN,0.892657772030243,0.9910596250342625
new_preds,OFT-0275-00,medium,4.0930487474389885,1850,1.005472369390816,0.9072258769398253,0.9022882224893806,0.8998193952641581,0.9035226361019917,0.9072258769398253,NaN,0.9022882224893806,NaN,0.9022882224893806,1.005472369390816
new_preds,OFT-0275-00,slow,3.405493604808194,1851,1.0169698359652335,0.8337606655911383,0.8198479798565446,0.8128916369892477,0.823326151290193,0.8337606655911383,NaN,0.8198479798565446,NaN,0.8198479798565446,1.0169698359652335
new_preds,OFT-0275-00,fast,5.258646603431461,1852,1.004117834820771,0.8891859546307872,0.8855394494506728,0.8837161968606155,0.8864510757457015,0.8891859546307872,NaN,0.8855394494506728,NaN,0.8855394494506728,1.004117834820771
new_preds,OFT-0276-00,fast,5.636376478576893,1853,1.0088884513238554,0.8680653439925792,0.8604175643536317,0.8565936745341577,0.8623295092633684,0.8680653439925792,NaN,0.8604175643536317,NaN,0.8604175643536317,1.0088884513238554
new_preds,OFT-0276-00,slow,3.2647706906416634,1854,1.0090066447347141,0.892448722554315,0.8844825028768325,0.8804993930380913,0.8864740577962031,0.892448722554315,NaN,0.8844825028768325,NaN,0.8844825028768325,1.0090066447347141
new_preds,OFT-0276-00,medium,4.143899483598463,1855,0.991256955782056,0.8345812536945336,0.8419423932678359,0.8456229630544869,0.8401021083745102,0.8345812536945336,NaN,0.8419423932678359,NaN,0.8419423932678359,0.991256955782056
new_preds,OFT-0277-00,fast,4.947925073599319,1856,0.9943552102822389,0.8648708100192991,0.8697805382583687,0.8722354023779038,0.8685531061986014,0.8648708100192991,NaN,0.8697805382583687,NaN,0.8697805382583687,0.9943552102822389
new_preds,OFT-0277-00,medium,3.940302216154361,1857,0.9986670576250016,0.9205245096069867,0.9217531534445013,0.9223674753632587,0.9214459924851226,0.9205245096069867,NaN,0.9217531534445013,NaN,0.9217531534445013,0.9986670576250016
new_preds,OFT-0277-00,slow,3.245087038743199,1858,0.9969095623372376,0.9608764854375919,0.9638552199106539,0.9653445871471851,0.9631105362923884,0.9608764854375919,NaN,0.9638552199106539,NaN,0.9638552199106539,0.9969095623372376
new_preds,OFT-0278-00,medium,4.080585893642739,1859,1.0046998557253048,0.8809025515094036,0.8767818035302389,0.8747214295406566,0.8778119905250302,0.8809025515094036,NaN,0.8767818035302389,NaN,0.8767818035302389,1.0046998557253048
new_preds,OFT-0278-00,slow,3.357939973701725,1860,1.005041566644766,0.9057375597305879,0.901194129467008,0.898922414335218,0.9023299870329029,0.9057375597305879,NaN,0.901194129467008,NaN,0.901194129467008,1.005041566644766
new_preds,OFT-0278-00,fast,4.991116257884013,1861,1.0078742709348283,0.8854448863326971,0.8785271257211726,0.8750682454154105,0.8802565658740538,0.8854448863326971,NaN,0.8785271257211726,NaN,0.8785271257211726,1.0078742709348283
new_preds,OFT-0279-00,slow,3.2370803674958335,1862,0.9966305254829455,0.938419132616057,0.941591802199034,0.9431781369905229,0.94079863480329,0.938419132616057,NaN,0.941591802199034,NaN,0.941591802199034,0.9966305254829455
new_preds,OFT-0279-00,medium,4.0294604306715645,1863,1.0053162279586996,0.9100427800557157,0.9052303690586622,0.9028241635601353,0.9064334718079254,0.9100427800557157,NaN,0.9052303690586622,NaN,0.9052303690586622,1.0053162279586996
new_preds,OFT-0279-00,fast,5.05554854766188,1864,1.0031416335779637,0.8833636489904884,0.8805971354610652,0.8792138786963536,0.8812887638434209,0.8833636489904884,NaN,0.8805971354610652,NaN,0.8805971354610652,1.0031416335779637
new_preds,OFT-0280-00,fast,5.009707649217103,1865,1.0001153917618846,0.962149211169123,0.962038199886238,0.9619826942447954,0.9620659527069593,0.962149211169123,NaN,0.962038199886238,NaN,0.962038199886238,1.0001153917618846
new_preds,OFT-0280-00,medium,4.189987961753268,1866,1.0079649174829317,0.9644285338684075,0.9568076399690156,0.9529971930193196,0.9587128634438635,0.9644285338684075,NaN,0.9568076399690156,NaN,0.9568076399690156,1.0079649174829317
new_preds,OFT-0280-00,slow,3.470265882649002,1867,0.9990061980614393,0.9432191295797183,0.9441574350689964,0.9446265878136356,0.9439228586966768,0.9432191295797183,NaN,0.9441574350689964,NaN,0.9441574350689964,0.9990061980614393
new_preds,OFT-0281-00,medium,4.108663066110553,1868,0.9965292266879652,0.9028241331247422,0.9059685445707815,0.9075407502938011,0.9051824417092715,0.9028241331247422,NaN,0.9059685445707815,NaN,0.9059685445707815,0.9965292266879652
new_preds,OFT-0281-00,fast,5.271711805285443,1869,1.0072178097236337,0.8404459919646341,0.834423283475538,0.83141192923099,0.8359289605978121,0.8404459919646341,NaN,0.834423283475538,NaN,0.834423283475538,1.0072178097236337
new_preds,OFT-0281-00,slow,3.33952198591152,1870,0.9868909717139623,0.7871310729783286,0.797586659052413,0.8028144520894555,0.7949727625338919,0.7871310729783286,NaN,0.797586659052413,NaN,0.797586659052413,0.9868909717139623
new_preds,OFT-0282-00,slow,3.5658922911016084,1871,1.0077530284863523,0.8479190692482863,0.8413957043839034,0.8381340219517117,0.8430265455999992,0.8479190692482863,NaN,0.8413957043839034,NaN,0.8413957043839034,1.0077530284863523
new_preds,OFT-0282-00,medium,4.535801994118594,1872,0.9913307516274382,0.8648225962309056,0.872385523006476,0.8761669863942612,0.8704947913125833,0.8648225962309056,NaN,0.872385523006476,NaN,0.872385523006476,0.9913307516274382
new_preds,OFT-0282-00,fast,5.6139279072474935,1873,1.0082288224976947,0.9453285038648788,0.9376130524844624,0.9337553267942541,0.9395419153295663,0.9453285038648788,NaN,0.9376130524844624,NaN,0.9376130524844624,1.0082288224976947
new_preds,OFT-0283-00,medium,3.9525554607277527,1874,1.001434399979473,0.9483712603990306,0.9470128651646778,0.9463336675475011,0.9473524639732659,0.9483712603990306,NaN,0.9470128651646778,NaN,0.9470128651646778,1.001434399979473
new_preds,OFT-0283-00,fast,4.974363564281854,1875,1.0042549708842121,0.8492670782919454,0.8456687822458023,0.8438696342227308,0.8465683562573381,0.8492670782919454,NaN,0.8456687822458023,NaN,0.8456687822458023,1.0042549708842121
new_preds,OFT-0283-00,slow,3.272658677286184,1876,1.001518034531464,0.9295244227211225,0.9281155113257425,0.9274110556280524,0.9284677391745875,0.9295244227211225,NaN,0.9281155113257425,NaN,0.9281155113257425,1.001518034531464
new_preds,OFT-0284-00,fast,5.22690100335652,1877,0.9911436006506223,0.843450819838714,0.8509875050245418,0.8547558476174559,0.849103333728085,0.843450819838714,NaN,0.8509875050245418,NaN,0.8509875050245418,0.9911436006506223
new_preds,OFT-0284-00,slow,3.502462918497587,1878,1.0157510806929666,0.916230019564297,0.9020221951811517,0.8949182829895788,0.9055741512769377,0.916230019564297,NaN,0.9020221951811517,NaN,0.9020221951811517,1.0157510806929666
new_preds,OFT-0284-00,medium,4.258146226573397,1879,0.9871002807376678,0.8145405950644059,0.8251852531697117,0.8305075822223644,0.8225240886433852,0.8145405950644059,NaN,0.8251852531697117,NaN,0.8251852531697117,0.9871002807376678
new_preds,OFT-0285-00,fast,5.158668308241319,1880,0.9996667674794604,0.8785404339779735,0.8788332898102712,0.8789797177264198,0.8787600758521966,0.8785404339779735,NaN,0.8788332898102712,NaN,0.8788332898102712,0.9996667674794604
new_preds,OFT-0285-00,slow,3.2813136275470347,1881,1.0118618148976668,0.9057557545978606,0.8951377957566894,0.8898288163361039,0.8977922854669822,0.9057557545978606,NaN,0.8951377957566894,NaN,0.8951377957566894,1.0118618148976668
new_preds,OFT-0285-00,medium,4.162184565589168,1882,1.0076256434047186,0.8747140936692087,0.8680943159739284,0.8647844271262879,0.8697492603977484,0.8747140936692087,NaN,0.8680943159739284,NaN,0.8680943159739284,1.0076256434047186
new_preds,OFT-0286-00,fast,5.099072555285359,1883,1.011945096177348,0.8855432373383592,0.8750902007268225,0.8698636824210544,0.8777034598797069,0.8855432373383592,NaN,0.8750902007268225,NaN,0.8750902007268225,1.011945096177348
new_preds,OFT-0286-00,slow,3.466538274612565,1884,1.0128897122697254,0.9086147430042438,0.8970520008226583,0.8912706297318658,0.8999426863680547,0.9086147430042438,NaN,0.8970520008226583,NaN,0.8970520008226583,1.0128897122697254
new_preds,OFT-0286-00,medium,4.218388413471976,1885,1.000372698858571,0.8590535217094859,0.8587334727243848,0.8585734482318341,0.85881348497066,0.8590535217094859,NaN,0.8587334727243848,NaN,0.8587334727243848,1.000372698858571
new_preds,OFT-0287-00,fast,5.085228286183149,1886,1.0021530704188326,0.9186684192490334,0.9166947109837141,0.9157078568510544,0.917188138050044,0.9186684192490334,NaN,0.9166947109837141,NaN,0.9166947109837141,1.0021530704188326
new_preds,OFT-0287-00,medium,4.155374446282394,1887,1.00073065070204,0.9424196997104795,0.9417316228391188,0.9413875844034384,0.941903642056959,0.9424196997104795,NaN,0.9417316228391188,NaN,0.9417316228391188,1.00073065070204
new_preds,OFT-0287-00,slow,3.3365616206128466,1888,0.9981215946146255,0.9146194087695085,0.9163406680151459,0.9172012976379647,0.9159103532037366,0.9146194087695085,NaN,0.9163406680151459,NaN,0.9163406680151459,0.9981215946146255
new_preds,OFT-0288-00,fast,5.625367815440391,1889,0.9971407884413382,0.9016441071539253,0.9042294905650317,0.905522182270585,0.9035831447122552,0.9016441071539253,NaN,0.9042294905650317,NaN,0.9042294905650317,0.9971407884413382
new_preds,OFT-0288-00,medium,4.4528863471655855,1890,1.0088746996435594,0.9143105433751462,0.9062676898312315,0.9022462630592744,0.9082784032172102,0.9143105433751462,NaN,0.9062676898312315,NaN,0.9062676898312315,1.0088746996435594
new_preds,OFT-0288-00,slow,3.5706392077027997,1891,1.005806805523433,0.8928785589485235,0.8877237199482456,0.8851463004481067,0.8890124296983151,0.8928785589485235,NaN,0.8877237199482456,NaN,0.8877237199482456,1.005806805523433
new_preds,OFT-0289-00,fast,5.438603422668954,1892,0.9992878218844832,0.9057618659188269,0.9064073894253184,0.9067301511785641,0.9062460085486955,0.9057618659188269,NaN,0.9064073894253184,NaN,0.9064073894253184,0.9992878218844832
new_preds,OFT-0289-00,medium,4.315907182333921,1893,0.9956280298415321,0.8925932956092228,0.8965128229177028,0.8984725865719427,0.8955329410905828,0.8925932956092228,NaN,0.8965128229177028,NaN,0.8965128229177028,0.9956280298415321
new_preds,OFT-0289-00,slow,3.4639984963103645,1894,1.0063561984685725,0.879909701248911,0.8743521454808127,0.8715733675967636,0.8757415344228372,0.879909701248911,NaN,0.8743521454808127,NaN,0.8743521454808127,1.0063561984685725
new_preds,OFT-0290-00,fast,5.443445649613379,1895,1.0194282765310403,0.8198503452715504,0.804225627389282,0.796413268448148,0.8081318068598492,0.8198503452715504,NaN,0.804225627389282,NaN,0.804225627389282,1.0194282765310403
new_preds,OFT-0290-00,slow,3.5511293038783327,1896,1.000476162312743,0.9609091383887156,0.9604518074348093,0.9602231419578562,0.9605661401732859,0.9609091383887156,NaN,0.9604518074348093,NaN,0.9604518074348093,1.000476162312743
new_preds,OFT-0290-00,medium,4.395778244367539,1897,0.9698060747317551,0.7329431917311323,0.7557626321673246,0.7671723523854208,0.7500577720582766,0.7329431917311323,NaN,0.7557626321673246,NaN,0.7557626321673246,0.9698060747317551
new_preds,OFT-0291-00,fast,5.0095310333062315,1898,1.008557768415651,0.9195615676943901,0.9117589457854601,0.9078576348309955,0.9137096012626928,0.9195615676943901,NaN,0.9117589457854601,NaN,0.9117589457854601,1.008557768415651
new_preds,OFT-0291-00,medium,4.072090609824419,1899,0.9988033677227094,0.9201593760202911,0.921261787611181,0.9218129934066261,0.9209861847134586,0.9201593760202911,NaN,0.921261787611181,NaN,0.921261787611181,0.9988033677227094
new_preds,OFT-0291-00,slow,3.2515697752501307,1900,0.9997529620402035,0.9108435151209585,0.9110685836450969,0.9111811179071658,0.9110123165140622,0.9108435151209585,NaN,0.9110685836450969,NaN,0.9110685836450969,0.9997529620402035
new_preds,OFT-0292-00,fast,4.778729123794374,1901,0.9831546265993035,0.7760091957982111,0.7893053389601583,0.7959534105411319,0.7859813031696715,0.7760091957982111,NaN,0.7893053389601583,NaN,0.7893053389601583,0.9831546265993035
new_preds,OFT-0292-00,medium,3.970926150369609,1902,1.0011287907348791,0.9497228641957463,0.948652034568501,0.9481166197548787,0.9489197419753124,0.9497228641957463,NaN,0.948652034568501,NaN,0.948652034568501,1.0011287907348791
new_preds,OFT-0292-00,slow,3.279969961180649,1903,1.0355182564024283,0.8282101991639382,0.7998026051624482,0.7855988081617031,0.8069045036628206,0.8282101991639382,NaN,0.7998026051624482,NaN,0.7998026051624482,1.0355182564024283
new_preds,OFT-0293-00,fast,4.979054756014098,1904,1.0017025303041276,0.9277324164677694,0.9261556084779978,0.925367204483112,0.9265498104754406,0.9277324164677694,NaN,0.9261556084779978,NaN,0.9261556084779978,1.0017025303041276
new_preds,OFT-0293-00,slow,3.2224948304040666,1905,0.9976672803946064,0.9589530407088764,0.9611952396891102,0.9623163391792272,0.9606346899440519,0.9589530407088764,NaN,0.9611952396891102,NaN,0.9611952396891102,0.9976672803946064
new_preds,OFT-0293-00,medium,4.104691199625897,1906,0.9975246483660531,0.9264363504174878,0.9287352968520547,0.9298847700693383,0.9281605602434131,0.9264363504174878,NaN,0.9287352968520547,NaN,0.9287352968520547,0.9975246483660531
new_preds,OFT-0294-00,fast,5.4559911009239075,1907,1.0033445529606317,0.8870996321099263,0.8841425704582795,0.8826640396324562,0.8848818358711913,0.8870996321099263,NaN,0.8841425704582795,NaN,0.8841425704582795,1.0033445529606317
new_preds,OFT-0294-00,slow,3.480260724079355,1908,0.9930914832469646,0.8670256148972029,0.8730571448084694,0.8760729097641029,0.8715492623306529,0.8670256148972029,NaN,0.8730571448084694,NaN,0.8730571448084694,0.9930914832469646
new_preds,OFT-0294-00,medium,4.3941167091331454,1909,0.9982648592086922,0.9169451862028792,0.9185389806566228,0.9193358778834946,0.918140532043187,0.9169451862028792,NaN,0.9185389806566228,NaN,0.9185389806566228,0.9982648592086922
new_preds,OFT-0295-00,fast,5.220514727158062,1910,0.9923763798801155,0.9022844011320641,0.9092159178970634,0.9126816762795632,0.9074830387058136,0.9022844011320641,NaN,0.9092159178970634,NaN,0.9092159178970634,0.9923763798801155
new_preds,OFT-0295-00,slow,3.200818675028403,1911,1.0177975213731703,0.8395610049546244,0.8248801822801882,0.8175397709429701,0.8285503879487974,0.8395610049546244,NaN,0.8248801822801882,NaN,0.8248801822801882,1.0177975213731703
new_preds,OFT-0295-00,medium,4.060839493193853,1912,0.9981579524345998,0.9455331186412566,0.9472780498667707,0.9481505154795278,0.9468418170603923,0.9455331186412566,NaN,0.9472780498667707,NaN,0.9472780498667707,0.9981579524345998
new_preds,OFT-0296-00,medium,4.730355605066197,1913,1.0021201111876443,0.9024560860234854,0.9005468266213678,0.899592196920309,0.9010241414718972,0.9024560860234854,NaN,0.9005468266213678,NaN,0.9005468266213678,1.0021201111876443
new_preds,OFT-0296-00,fast,5.960548856713143,1914,0.9973453844340923,0.8666583013859284,0.8689650695858812,0.8701184536858573,0.8683883775358929,0.8666583013859284,NaN,0.8689650695858812,NaN,0.8689650695858812,0.9973453844340923
new_preds,OFT-0296-00,slow,3.653502370478192,1915,1.0087633221524235,0.9089793357373157,0.9010828563808246,0.8971346167025791,0.9030569762199474,0.9089793357373157,NaN,0.9010828563808246,NaN,0.9010828563808246,1.0087633221524235
new_preds,OFT-0297-00,medium,3.8963929482824913,1916,1.0025205477365862,0.9212857339706811,0.9189694276598014,0.9178112745043618,0.9195485042375215,0.9212857339706811,NaN,0.9189694276598014,NaN,0.9189694276598014,1.0025205477365862
new_preds,OFT-0297-00,fast,4.820822139511812,1917,1.0017210497647657,0.9239374017969036,0.922349991560896,0.9215562864428921,0.922746844119898,0.9239374017969036,NaN,0.922349991560896,NaN,0.922349991560896,1.0017210497647657
new_preds,OFT-0297-00,slow,3.2575321338408916,1918,1.002380423565876,0.9318786307126835,0.929665632732143,0.9285591337418726,0.9302188822272781,0.9318786307126835,NaN,0.929665632732143,NaN,0.929665632732143,1.002380423565876
new_preds,OFT-0298-00,fast,5.129185294141068,1919,1.0124209943568119,0.8214872734011067,0.8114087696521892,0.8063695177777304,0.8139283955894185,0.8214872734011067,NaN,0.8114087696521892,NaN,0.8114087696521892,1.0124209943568119
new_preds,OFT-0298-00,medium,4.14673370056207,1920,1.0022569159633754,0.9718670101008388,0.9696785271535636,0.968584285679926,0.9702256478903825,0.9718670101008388,NaN,0.9696785271535636,NaN,0.9696785271535636,1.0022569159633754
new_preds,OFT-0298-00,slow,3.329941813299749,1921,1.002703057156254,0.9040804351647427,0.9016432419472092,0.9004246453384424,0.9022525402515926,0.9040804351647427,NaN,0.9016432419472092,NaN,0.9016432419472092,1.002703057156254
new_preds,OFT-0299-00,fast,5.004475504180576,1922,1.0036347360777356,0.9192366508855708,0.9159075686021018,0.9142430274603671,0.9167398391729689,0.9192366508855708,NaN,0.9159075686021018,NaN,0.9159075686021018,1.0036347360777356
new_preds,OFT-0299-00,slow,3.35327096430968,1923,0.9975229851596931,0.9165737502879971,0.9188497547665663,0.9199877570058506,0.9182807536469239,0.9165737502879971,NaN,0.9188497547665663,NaN,0.9188497547665663,0.9975229851596931
new_preds,OFT-0299-00,medium,4.0318708487509145,1924,0.9942974949614632,0.9431013158291128,0.9485102000238523,0.951214642121222,0.9471579789751674,0.9431013158291128,NaN,0.9485102000238523,NaN,0.9485102000238523,0.9942974949614632
new_preds,OFT-0300-00,slow,3.90758335201072,1925,0.9914912685772229,0.8336299373216152,0.8407839420692663,0.8443609444430915,0.8389954408823533,0.8336299373216152,NaN,0.8407839420692663,NaN,0.8407839420692663,0.9914912685772229
new_preds,OFT-0300-00,fast,5.89240996877489,1926,0.9912837981905982,0.8707453594506458,0.8784016858139186,0.8822298489955551,0.8764876042231005,0.8707453594506458,NaN,0.8784016858139186,NaN,0.8784016858139186,0.9912837981905982
new_preds,OFT-0300-00,medium,4.895292559775558,1927,0.9980369129089682,0.9481855162075993,0.9500505481745484,0.9509830641580228,0.949584290182811,0.9481855162075993,NaN,0.9500505481745484,NaN,0.9500505481745484,0.9980369129089682
new_preds,OFT-0301-00,slow,3.350707193595583,1928,1.0045605701159614,0.9454754884656799,0.941183156687644,0.939036990798626,0.942256239632153,0.9454754884656799,NaN,0.941183156687644,NaN,0.941183156687644,1.0045605701159614
new_preds,OFT-0301-00,medium,4.112009437533821,1929,1.0015778224262541,0.9476357161126835,0.9461428706728953,0.9453964479530012,0.9465160820328422,0.9476357161126835,NaN,0.9461428706728953,NaN,0.9461428706728953,1.0015778224262541
new_preds,OFT-0301-00,fast,5.188501438220859,1930,1.0042202497685648,0.8905053919662224,0.8867630304920167,0.8848918497549138,0.8876986208605682,0.8905053919662224,NaN,0.8867630304920167,NaN,0.8867630304920167,1.0042202497685648
new_preds,OFT-0302-00,slow,3.5909913399247775,1931,1.0007239434827766,0.9328192540353089,0.9321444341472015,0.931807024203148,0.9323131391192285,0.9328192540353089,NaN,0.9321444341472015,NaN,0.9321444341472015,1.0007239434827766
new_preds,OFT-0302-00,medium,4.557998581355739,1932,1.0084151303457427,0.9754916001371007,0.9673512135846734,0.9632810203084597,0.9693863102227802,0.9754916001371007,NaN,0.9673512135846734,NaN,0.9673512135846734,1.0084151303457427
new_preds,OFT-0302-00,fast,5.648956119383001,1933,0.9953544271362191,0.9289546034444345,0.9332902714032963,0.9354581053827274,0.932206354413581,0.9289546034444345,NaN,0.9332902714032963,NaN,0.9332902714032963,0.9953544271362191
new_preds,OFT-0303-00,fast,6.202252487299563,1934,1.004052784588718,0.8672997871784793,0.8637989959200644,0.8620486002908572,0.8646741937346683,0.8672997871784793,NaN,0.8637989959200644,NaN,0.8637989959200644,1.004052784588718
new_preds,OFT-0303-00,medium,4.888255080220903,1935,1.0012327005409538,0.9248513580706136,0.9237126969294228,0.9231433663588278,0.9239973622147206,0.9248513580706136,NaN,0.9237126969294228,NaN,0.9237126969294228,1.0012327005409538
new_preds,OFT-0303-00,slow,3.7486768713267278,1936,1.016288861971892,0.910349473127495,0.8957585851734672,0.8884631411964531,0.899406307161974,0.910349473127495,NaN,0.8957585851734672,NaN,0.8957585851734672,1.016288861971892
new_preds,OFT-0304-00,slow,3.7118189261356984,1937,0.9915895000149859,0.8422761452966157,0.8494201938240434,0.8529922180877576,0.8476341816921865,0.8422761452966157,NaN,0.8494201938240434,NaN,0.8494201938240434,0.9915895000149859
new_preds,OFT-0304-00,medium,4.772048176857173,1938,1.0136455616131153,0.8396381822133028,0.8283350847776642,0.8226835360598448,0.8311608591365737,0.8396381822133028,NaN,0.8283350847776642,NaN,0.8283350847776642,1.0136455616131153
new_preds,OFT-0304-00,fast,5.827438795488818,1939,0.9919184116756234,0.8949589896592542,0.9022506076355836,0.9058964166237483,0.9004277031415013,0.8949589896592542,NaN,0.9022506076355836,NaN,0.9022506076355836,0.9919184116756234
new_preds,OFT-0305-00,slow,3.262387301688513,1940,1.0026127953200692,0.938624973817585,0.9361789298908189,0.9349559079274359,0.9367904408725105,0.938624973817585,NaN,0.9361789298908189,NaN,0.9361789298908189,1.0026127953200692
new_preds,OFT-0305-00,medium,3.970882591671882,1941,1.0005225074231423,0.9576299353570487,0.9571298279170511,0.9568797741970525,0.9572548547770505,0.9576299353570487,NaN,0.9571298279170511,NaN,0.9571298279170511,1.0005225074231423
new_preds,OFT-0305-00,fast,4.8219899360035345,1942,0.9975008938754593,0.9419256912711654,0.9442855611002264,0.9454654960147573,0.9436955936429612,0.9419256912711654,NaN,0.9442855611002264,NaN,0.9442855611002264,0.9975008938754593
new_preds,OFT-0306-00,medium,3.9586725722556952,1943,1.0074918080080812,0.8756292144147498,0.8691179495999696,0.8658623171925792,0.8707457658036646,0.8756292144147498,NaN,0.8691179495999696,NaN,0.8691179495999696,1.0074918080080812
new_preds,OFT-0306-00,fast,4.875472420005038,1944,1.0045841023275937,0.8870133319763237,0.8829657267332206,0.8809419241116687,0.8839776280439963,0.8870133319763237,NaN,0.8829657267332206,NaN,0.8829657267332206,1.0045841023275937
new_preds,OFT-0306-00,slow,3.243950183814439,1945,1.016282632718891,0.9417243840399532,0.9266363054148924,0.9190922661023617,0.9304083250711576,0.9417243840399532,NaN,0.9266363054148924,NaN,0.9266363054148924,1.016282632718891
new_preds,OFT-0307-00,slow,3.4485206326377913,1946,1.0216962331815438,0.8818698229526021,0.8631428738916608,0.8537793993611902,0.8678246111568964,0.8818698229526021,NaN,0.8631428738916608,NaN,0.8631428738916608,1.0216962331815438
new_preds,OFT-0307-00,medium,4.228701417595535,1947,1.0015247320686953,0.9299451918678705,0.928529433264245,0.9278215539624324,0.9288833729151513,0.9299451918678705,NaN,0.928529433264245,NaN,0.928529433264245,1.0015247320686953
new_preds,OFT-0307-00,fast,5.078262649447762,1948,0.9974124001268587,0.9487090292037643,0.9511702772926225,0.9524009013370516,0.950554965270408,0.9487090292037643,NaN,0.9511702772926225,NaN,0.9511702772926225,0.9974124001268587
new_preds,OFT-0308-00,slow,3.41287896301675,1949,1.0038828783296345,0.8834383247602711,0.8800213090895905,0.8783128012542499,0.8808755630072606,0.8834383247602711,NaN,0.8800213090895905,NaN,0.8800213090895905,1.0038828783296345
new_preds,OFT-0308-00,fast,5.022529597739789,1950,0.9987646093919318,0.9206789281037099,0.9218177330734996,0.9223871355583945,0.9215330318310523,0.9206789281037099,NaN,0.9218177330734996,NaN,0.9218177330734996,0.9987646093919318
new_preds,OFT-0308-00,medium,4.169607184629242,1951,1.013817885261632,0.8178939680407881,0.8067464383208405,0.8011726734608666,0.8095333207508273,0.8178939680407881,NaN,0.8067464383208405,NaN,0.8067464383208405,1.013817885261632
new_preds,OFT-0309-00,slow,3.8022803795373106,1952,1.0050345176163098,0.8818338618600182,0.8774164930688224,0.8752078086732243,0.8785208352666213,0.8818338618600182,NaN,0.8774164930688224,NaN,0.8774164930688224,1.0050345176163098
new_preds,OFT-0309-00,medium,4.617030431892684,1953,1.006252225129834,0.853190622817297,0.8478894272330301,0.8452388294408966,0.8492147261290968,0.853190622817297,NaN,0.8478894272330301,NaN,0.8478894272330301,1.006252225129834
new_preds,OFT-0309-00,fast,5.63759718091872,1954,1.0062855024035515,0.8469607483419442,0.8416704268509743,0.8390252661054893,0.8429930072237167,0.8469607483419442,NaN,0.8416704268509743,NaN,0.8416704268509743,1.0062855024035515
new_preds,OFT-0310-00,slow,3.503138149588555,1955,1.0024193783274504,0.9828158593592351,0.9804437948905935,0.9792577626562726,0.9810368110077539,0.9828158593592351,NaN,0.9804437948905935,NaN,0.9804437948905935,1.0024193783274504
new_preds,OFT-0310-00,medium,4.388134456351984,1956,1.0090090042600797,0.9434272569230548,0.935003803672578,0.9307920770473397,0.9371096669851973,0.9434272569230548,NaN,0.935003803672578,NaN,0.935003803672578,1.0090090042600797
new_preds,OFT-0310-00,fast,5.462757612841684,1957,1.0087007965874089,0.7943936968459059,0.7875414588086606,0.784115339790038,0.789254518317972,0.7943936968459059,NaN,0.7875414588086606,NaN,0.7875414588086606,1.0087007965874089
new_preds,OFT-0311-00,slow,3.7425623868879385,1958,1.0003949396890808,0.8995133093914807,0.8991581961330654,0.8989806395038578,0.8992469744476692,0.8995133093914807,NaN,0.8991581961330654,NaN,0.8991581961330654,1.0003949396890808
new_preds,OFT-0311-00,fast,5.608927041423035,1959,0.9983798087131238,0.9398089429134822,0.9413340841947341,0.9420966548353598,0.940952798874421,0.9398089429134822,NaN,0.9413340841947341,NaN,0.9413340841947341,0.9983798087131238
new_preds,OFT-0311-00,medium,4.689141551415935,1960,1.004001612967218,0.87160008171786,0.8681261767517886,0.8663892242687532,0.8689946529933066,0.87160008171786,NaN,0.8681261767517886,NaN,0.8681261767517886,1.004001612967218
new_preds,OFT-0312-00,fast,5.162493009800243,1961,1.0071419188026205,0.923254962964346,0.9167079095089133,0.9134343827811973,0.9183446728727716,0.923254962964346,NaN,0.9167079095089133,NaN,0.9167079095089133,1.0071419188026205
new_preds,OFT-0312-00,medium,4.063049021621741,1962,0.9963292966310839,0.8961333496583918,0.8994349084068013,0.9010856877810062,0.898609518719699,0.8961333496583918,NaN,0.8994349084068013,NaN,0.8994349084068013,0.9963292966310839
new_preds,OFT-0312-00,slow,3.350107979597255,1963,0.9997380640675166,0.98655492308698,0.9868134049763996,0.986942645921109,0.9867487845040445,0.98655492308698,NaN,0.9868134049763996,NaN,0.9868134049763996,0.9997380640675166
new_preds,OFT-0313-00,fast,5.190464430384576,1964,1.0027576651335666,0.906548604648044,0.9040555222555117,0.9028089810592455,0.9046787928536446,0.906548604648044,NaN,0.9040555222555117,NaN,0.9040555222555117,1.0027576651335666
new_preds,OFT-0313-00,medium,4.072891740847476,1965,0.9861496371128553,0.7979605623399797,0.8091678304280112,0.814771464472027,0.8063660134060033,0.7979605623399797,NaN,0.8091678304280112,NaN,0.8091678304280112,0.9861496371128553
new_preds,OFT-0313-00,slow,3.269239650261854,1966,0.9962864671611003,0.893105375185858,0.8964343134467591,0.8980987825772098,0.8956020788815338,0.893105375185858,NaN,0.8964343134467591,NaN,0.8964343134467591,0.9962864671611003
new_preds,OFT-0314-00,fast,4.936029022708365,1967,1.0142233418969642,0.845685279895149,0.8338254948002004,0.8278956022527261,0.8367904410739375,0.845685279895149,NaN,0.8338254948002004,NaN,0.8338254948002004,1.0142233418969642
new_preds,OFT-0314-00,slow,3.080468730427965,1968,1.008431324891048,0.892847048409977,0.8853821042364398,0.8816496321496714,0.8872483402798241,0.892847048409977,NaN,0.8853821042364398,NaN,0.8853821042364398,1.008431324891048
new_preds,OFT-0314-00,medium,3.902139205002509,1969,1.008694174319964,0.916912743426253,0.9090096550269187,0.9050581108272513,0.9109854271267521,0.916912743426253,NaN,0.9090096550269187,NaN,0.9090096550269187,1.008694174319964
new_preds,OFT-0315-00,fast,5.355828847201021,1970,1.0020786211271573,0.9177535032835655,0.9158497985430113,0.9148979461727345,0.91632572472815,0.9177535032835655,NaN,0.9158497985430113,NaN,0.9158497985430113,1.0020786211271573
new_preds,OFT-0315-00,medium,4.017215101142058,1971,1.0093454351304783,0.800794095786415,0.793379618032251,0.7896723791551689,0.7952332374707919,0.800794095786415,NaN,0.793379618032251,NaN,0.793379618032251,1.0093454351304783
new_preds,OFT-0315-00,slow,3.2633170623020016,1972,0.9876292856245436,0.8183970733023249,0.8286480415420227,0.8337735256618717,0.8260852994820984,0.8183970733023249,NaN,0.8286480415420227,NaN,0.8286480415420227,0.9876292856245436
new_preds,OFT-0316-00,fast,5.587583218760251,1973,0.9971108516527012,0.9201612562335412,0.9228274416113145,0.9241605343002011,0.922160895266871,0.9201612562335412,NaN,0.9228274416113145,NaN,0.9228274416113145,0.9971108516527012
new_preds,OFT-0316-00,slow,3.4425246483161693,1974,1.023667679375531,0.8773965123820484,0.8571106913498406,0.8469677808337368,0.8621821466078927,0.8773965123820484,NaN,0.8571106913498406,NaN,0.8571106913498406,1.023667679375531
new_preds,OFT-0316-00,medium,4.282031080442991,1975,1.010627294376658,0.9110191096950857,0.9014392494287328,0.8966493192955562,0.903834214495321,0.9110191096950857,NaN,0.9014392494287328,NaN,0.9014392494287328,1.010627294376658
new_preds,OFT-0317-00,fast,4.99605864483421,1976,0.9993854119694208,0.9367439268975241,0.9373199925457653,0.9376080253698857,0.9371759761337048,0.9367439268975241,NaN,0.9373199925457653,NaN,0.9373199925457653,0.9993854119694208
new_preds,OFT-0317-00,medium,4.030911507061289,1977,1.0243381946084973,0.8740269702831814,0.8532601584940753,0.8428767525995222,0.8584518614413517,0.8740269702831814,NaN,0.8532601584940753,NaN,0.8532601584940753,1.0243381946084973
new_preds,OFT-0317-00,slow,3.2717459745132182,1978,0.9934446296592809,0.8579022526178572,0.8635632293991963,0.8663937177898658,0.8621479852038616,0.8579022526178572,NaN,0.8635632293991963,NaN,0.8635632293991963,0.9934446296592809
new_preds,OFT-0318-00,medium,4.018610809887329,1979,1.007965410795709,0.9077843866199834,0.9006106528034126,0.8970237858951269,0.9024040862575551,0.9077843866199834,NaN,0.9006106528034126,NaN,0.9006106528034126,1.007965410795709
new_preds,OFT-0318-00,fast,5.118387493131598,1980,1.0036882712411686,0.8515170013467772,0.8483879165926537,0.8468233742155921,0.8491701877811846,0.8515170013467772,NaN,0.8483879165926537,NaN,0.8483879165926537,1.0036882712411686
new_preds,OFT-0318-00,slow,3.234718342417344,1981,1.0021008414218302,0.878903818410533,0.8770612518032626,0.8761399684996274,0.8775218934550802,0.878903818410533,NaN,0.8770612518032626,NaN,0.8770612518032626,1.0021008414218302
new_preds,OFT-0319-00,fast,5.284927128086995,1982,1.0011774231680892,0.9303358436333324,0.9292417328882744,0.9286946775157454,0.9295152605745388,0.9303358436333324,NaN,0.9292417328882744,NaN,0.9292417328882744,1.0011774231680892
new_preds,OFT-0319-00,slow,3.369278504758388,1983,0.9929714695210373,0.8920788356515261,0.8983932197788351,0.9015504118424895,0.8968146237470078,0.8920788356515261,NaN,0.8983932197788351,NaN,0.8983932197788351,0.9929714695210373
new_preds,OFT-0319-00,medium,4.167771874699025,1984,1.000578732219631,0.9518148826583579,0.951264355326544,0.9509890916606372,0.9514019871594976,0.9518148826583579,NaN,0.951264355326544,NaN,0.951264355326544,1.000578732219631
new_preds,OFT-0320-00,medium,4.395180285430666,1985,1.013506648649954,0.9338140263045218,0.9213694133614347,0.9151471068898911,0.9244805665972065,0.9338140263045218,NaN,0.9213694133614347,NaN,0.9213694133614347,1.013506648649954
new_preds,OFT-0320-00,fast,5.275700105681268,1986,1.009249169951998,0.9078887638649848,0.8995685019073791,0.8954083709285763,0.9016485673967805,0.9078887638649848,NaN,0.8995685019073791,NaN,0.8995685019073791,1.009249169951998
new_preds,OFT-0320-00,slow,3.5572569223596564,1987,0.9988266133946138,0.8647598332840374,0.865775722920581,0.8662836677388528,0.8655217505114452,0.8647598332840374,NaN,0.865775722920581,NaN,0.865775722920581,0.9988266133946138
new_preds,OFT-0321-00,fast,5.271153129630347,1988,1.000383279821242,0.9351880594532668,0.9348297580707018,0.9346506073794192,0.934919333416343,0.9351880594532668,NaN,0.9348297580707018,NaN,0.9348297580707018,1.000383279821242
new_preds,OFT-0321-00,medium,4.195884996812822,1989,1.001418800669209,0.9294780209039264,0.928161145249912,0.927502707422905,0.9284903641634156,0.9294780209039264,NaN,0.928161145249912,NaN,0.928161145249912,1.001418800669209
new_preds,OFT-0321-00,slow,3.3727879034106985,1990,1.005643556346242,0.8504834611488892,0.8457106454685706,0.8433242376284111,0.8469038493886502,0.8504834611488892,NaN,0.8457106454685706,NaN,0.8457106454685706,1.005643556346242
new_preds,OFT-0322-00,medium,4.380673078851817,1991,1.0092556168091935,0.793856933883305,0.7865766815280345,0.7829365553503992,0.788396744616852,0.793856933883305,NaN,0.7865766815280345,NaN,0.7865766815280345,1.0092556168091935
new_preds,OFT-0322-00,fast,5.625039092608936,1992,1.0043155834230668,0.8526907987878275,0.8490267530068111,0.8471947301163031,0.8499427644520654,0.8526907987878275,NaN,0.8490267530068111,NaN,0.8490267530068111,1.0043155834230668
new_preds,OFT-0322-00,slow,3.293190109600149,1993,1.0112639869324276,0.9074219660866261,0.8973146258665886,0.8922609557565702,0.8998414609215981,0.9074219660866261,NaN,0.8973146258665886,NaN,0.8973146258665886,1.0112639869324276
new_preds,OFT-0323-00,slow,3.5383327776019198,1994,1.0189798657160793,0.9258359690352567,0.9085910332336482,0.8999685653328442,0.9129022671840504,0.9258359690352567,NaN,0.9085910332336482,NaN,0.9085910332336482,1.0189798657160793
new_preds,OFT-0323-00,medium,4.331984617894143,1995,1.0145708303151084,0.8428637294372905,0.8307588827243451,0.8247064593678723,0.8337850944025814,0.8428637294372905,NaN,0.8307588827243451,NaN,0.8307588827243451,1.0145708303151084
new_preds,OFT-0323-00,fast,5.217993482100252,1996,1.0054374333571618,0.8802578583087723,0.8754973995443812,0.8731171701621856,0.8766875142354789,0.8802578583087723,NaN,0.8754973995443812,NaN,0.8754973995443812,1.0054374333571618
new_preds,OFT-0324-00,fast,5.2456393396162335,1997,1.0053061560870418,0.9558509249830576,0.950805800994516,0.9482832390002454,0.9520670819916515,0.9558509249830576,NaN,0.950805800994516,NaN,0.950805800994516,1.0053061560870418
new_preds,OFT-0324-00,slow,3.4759483523581864,1998,0.9973083112775935,0.8831204335825454,0.8855039345367848,0.8866956850139045,0.884908059298225,0.8831204335825454,NaN,0.8855039345367848,NaN,0.8855039345367848,0.9973083112775935
new_preds,OFT-0324-00,medium,4.358332041637447,1999,1.0018833826689018,0.9278840579850272,0.9261397823699312,0.9252676445623834,0.9265758512737052,0.9278840579850272,NaN,0.9261397823699312,NaN,0.9261397823699312,1.0018833826689018
new_preds,OFT-0325-00,fast,5.049682884156934,2000,1.00746984133192,0.8589229564690146,0.8525545095558197,0.849370286099222,0.8541466212841184,0.8589229564690146,NaN,0.8525545095558197,NaN,0.8525545095558197,1.00746984133192
new_preds,OFT-0325-00,medium,4.076098463522791,2001,1.0022284382035986,0.9196554036152867,0.9176105651758232,0.9165881459560913,0.9181217747856889,0.9196554036152867,NaN,0.9176105651758232,NaN,0.9176105651758232,1.0022284382035986
new_preds,OFT-0325-00,slow,3.160366098704432,2002,0.9915223111175221,0.8467230530024941,0.8539626829457543,0.8575824979173843,0.8521527754599392,0.8467230530024941,NaN,0.8539626829457543,NaN,0.8539626829457543,0.9915223111175221
new_preds,OFT-0326-00,fast,4.723611328957812,2003,1.0100948441084139,0.9209905433761247,0.9117862037886756,0.9071840339949513,0.914087288685538,0.9209905433761247,NaN,0.9117862037886756,NaN,0.9117862037886756,1.0100948441084139
new_preds,OFT-0326-00,slow,3.051194671673571,2004,1.0136429444575077,0.9449050867212423,0.9321873070669344,0.9258284172397808,0.9353667519805114,0.9449050867212423,NaN,0.9321873070669344,NaN,0.9321873070669344,1.0136429444575077
new_preds,OFT-0326-00,medium,3.813981775519451,2005,1.0061814264043363,0.9469335503719459,0.941116110397588,0.9382073904104087,0.9425704703911773,0.9469335503719459,NaN,0.941116110397588,NaN,0.941116110397588,1.0061814264043363
new_preds,OFT-0327-00,medium,4.444399751288772,2006,1.000258694210677,0.9326099123679522,0.9323687139794293,0.932248114785168,0.93242901357656,0.9326099123679522,NaN,0.9323687139794293,NaN,0.9323687139794293,1.000258694210677
new_preds,OFT-0327-00,slow,3.4211994934456786,2007,0.9927371976264161,0.9710913496241245,0.9781957923466092,0.981748013707852,0.9764196816659882,0.9710913496241245,NaN,0.9781957923466092,NaN,0.9781957923466092,0.9927371976264161
new_preds,OFT-0327-00,fast,5.659133798889108,2008,0.9952003238390643,0.9046603709289301,0.9090233888179727,0.9112048977624939,0.9079326343457121,0.9046603709289301,NaN,0.9090233888179727,NaN,0.9090233888179727,0.9952003238390643
new_preds,OFT-0328-00,fast,6.273070232129403,2009,1.0030798975356687,0.8832448173952108,0.8805328663899411,0.8791768908873063,0.8812108541412585,0.8832448173952108,NaN,0.8805328663899411,NaN,0.8805328663899411,1.0030798975356687
new_preds,OFT-0328-00,medium,5.14885192441246,2010,0.998761927563323,0.9464211962300457,0.9475943867213953,0.94818098196707,0.9473010890985579,0.9464211962300457,NaN,0.9475943867213953,NaN,0.9475943867213953,0.998761927563323
new_preds,OFT-0328-00,slow,3.976430074751474,2011,1.0094542458276135,0.8560981201688028,0.848080161837271,0.844071182671505,0.8500846514201539,0.8560981201688028,NaN,0.848080161837271,NaN,0.848080161837271,1.0094542458276135
new_preds,OFT-0329-00,fast,5.201064383091208,2012,1.0063709901023132,0.8962648177346599,0.8905908721032795,0.8877538992875893,0.8920093585111246,0.8962648177346599,NaN,0.8905908721032795,NaN,0.8905908721032795,1.0063709901023132
new_preds,OFT-0329-00,medium,4.112203369946747,2013,1.0004607412748514,0.9661015953407577,0.9656566774521197,0.9654342185078005,0.9657679069242792,0.9661015953407577,NaN,0.9656566774521197,NaN,0.9656566774521197,1.0004607412748514
new_preds,OFT-0329-00,slow,3.257502284101431,2014,0.9941522099390971,0.9523885880717005,0.9579907166630398,0.9607917809587097,0.9565901845152049,0.9523885880717005,NaN,0.9579907166630398,NaN,0.9579907166630398,0.9941522099390971
new_preds,OFT-0330-00,fast,5.316555479558488,2015,0.9990167055781627,0.9040768829637534,0.9049667317029854,0.9054116560726013,0.9047442695181775,0.9040768829637534,NaN,0.9049667317029854,NaN,0.9049667317029854,0.9990167055781627
new_preds,OFT-0330-00,medium,4.25482159554875,2016,0.9995293058840606,0.9439209130618775,0.9443654203085133,0.9445876739318311,0.9442542934968543,0.9439209130618775,NaN,0.9443654203085133,NaN,0.9443654203085133,0.9995293058840606
new_preds,OFT-0331-00,fast,5.858642867689242,2018,1.006473822162777,0.8169376032662345,0.8116829124385426,0.8090555670246968,0.8129965851454657,0.8169376032662345,NaN,0.8116829124385426,NaN,0.8116829124385426,1.006473822162777
new_preds,OFT-0331-00,slow,3.579465392055653,2019,0.9979480044896499,0.9089535495089096,0.9108225532990047,0.9117570551940524,0.910355302351481,0.9089535495089096,NaN,0.9108225532990047,NaN,0.9108225532990047,0.9979480044896499
new_preds,OFT-0331-00,medium,4.6939611451620165,2020,1.0002710185967452,0.907597578224367,0.9073516690482671,0.907228714460217,0.9074131463422921,0.907597578224367,NaN,0.9073516690482671,NaN,0.9073516690482671,1.0002710185967452
new_preds,OFT-0332-00,medium,4.320010455617617,2021,1.0140605432800236,0.8971556133424623,0.8847160253771169,0.8784962313944442,0.8878259223684533,0.8971556133424623,NaN,0.8847160253771169,NaN,0.8847160253771169,1.0140605432800236
new_preds,OFT-0332-00,fast,5.4795898188420535,2022,1.0108349859819157,0.8940105322931506,0.8844277698052933,0.8796363885613644,0.8868234604272576,0.8940105322931506,NaN,0.8844277698052933,NaN,0.8844277698052933,1.0108349859819157
new_preds,OFT-0332-00,slow,3.3192964198685333,2023,1.0019405652728117,0.8787868574608677,0.8770848171234475,0.8762337969547374,0.8775103272078025,0.8787868574608677,NaN,0.8770848171234475,NaN,0.8770848171234475,1.0019405652728117
new_preds,OFT-0333-00,fast,4.448614657244882,2024,1.0013164944737063,0.9251617498987088,0.9239453809107334,0.923337196416746,0.9242494731577273,0.9251617498987088,NaN,0.9239453809107334,NaN,0.9239453809107334,1.0013164944737063
new_preds,OFT-0333-00,medium,3.727700142980385,2025,1.0079067182145967,0.9510853513439214,0.9436243792765578,0.9398938932428761,0.9454896222933987,0.9510853513439214,NaN,0.9436243792765578,NaN,0.9436243792765578,1.0079067182145967
new_preds,OFT-0333-00,slow,3.1544835897213304,2026,1.001395270599688,0.9269815020801253,0.9256899141584722,0.9250441201976458,0.9260128111388854,0.9269815020801253,NaN,0.9256899141584722,NaN,0.9256899141584722,1.001395270599688
new_preds,OFT-0334-00,fast,5.014670004205512,2027,1.0032248683527936,0.9604816872256433,0.9573942169143685,0.9558504817587312,0.9581660844921873,0.9604816872256433,NaN,0.9573942169143685,NaN,0.9573942169143685,1.0032248683527936
new_preds,OFT-0334-00,slow,3.149560406867926,2028,1.0118696633104873,0.823200973788941,0.8135444747851341,0.8087162252832305,0.8159585995360857,0.823200973788941,NaN,0.8135444747851341,NaN,0.8135444747851341,1.0118696633104873
new_preds,OFT-0334-00,medium,3.928946576954649,2029,1.0049810755976836,0.86284228872046,0.8585657080232175,0.8564274176745963,0.8596348531975281,0.86284228872046,NaN,0.8585657080232175,NaN,0.8585657080232175,1.0049810755976836
new_preds,OFT-0335-00,fast,5.238282219802009,2030,1.006822672281436,0.8451240447554373,0.8393971133371546,0.8365336476280133,0.8408288461917254,0.8451240447554373,NaN,0.8393971133371546,NaN,0.8393971133371546,1.006822672281436
new_preds,OFT-0335-00,slow,3.4353272828746357,2031,1.0044315366158327,0.8767490426428388,0.8728808392424771,0.8709467375422966,0.8738478900925677,0.8767490426428388,NaN,0.8728808392424771,NaN,0.8728808392424771,1.0044315366158327
new_preds,OFT-0335-00,medium,4.199777772771943,2032,1.0087603920476538,0.9396545828718015,0.9314943273738411,0.9274141996248609,0.9335343912483312,0.9396545828718015,NaN,0.9314943273738411,NaN,0.9314943273738411,1.0087603920476538
new_preds,OFT-0336-00,medium,5.1928130521831894,2033,1.0204511206439635,0.8251413138976802,0.8086044468028694,0.8003360132554639,0.812738663576572,0.8251413138976802,NaN,0.8086044468028694,NaN,0.8086044468028694,1.0204511206439635
new_preds,OFT-0336-00,fast,6.135270724891523,2034,0.9973391096010278,0.9161113545353449,0.918555530126381,0.9197776179218993,0.9179444862286221,0.9161113545353449,NaN,0.918555530126381,NaN,0.918555530126381,0.9973391096010278
new_preds,OFT-0336-00,slow,3.809006170476244,2035,1.0245084788642942,0.8792697999614705,0.8582357472884693,0.8477187209519688,0.8634942604567195,0.8792697999614705,NaN,0.8582357472884693,NaN,0.8582357472884693,1.0245084788642942
new_preds,OFT-0337-00,medium,4.554570946727289,2036,1.0054380711166115,0.8645560123963092,0.8598799242166725,0.8575418801268542,0.8610489462615817,0.8645560123963092,NaN,0.8598799242166725,NaN,0.8598799242166725,1.0054380711166115
new_preds,OFT-0337-00,fast,6.346808727834901,2037,0.9979108139296112,0.9238980008821831,0.9258322366946024,0.926799354600812,0.9253486777414974,0.9238980008821831,NaN,0.9258322366946024,NaN,0.9258322366946024,0.9979108139296112
new_preds,OFT-0337-00,slow,3.383906666569377,2038,1.0023522188027256,0.878273070680635,0.8762120282725578,0.8751815070685193,0.8767272888745772,0.878273070680635,NaN,0.8762120282725578,NaN,0.8762120282725578,1.0023522188027256
new_preds,OFT-0338-00,fast,4.533575297278591,2039,0.9993479087774779,0.9374243441624188,0.938036029223485,0.938341871754018,0.9378831079582183,0.9374243441624188,NaN,0.938036029223485,NaN,0.938036029223485,0.9993479087774779
new_preds,OFT-0338-00,medium,3.6826106786222508,2040,0.9969409277311202,0.9232450423866407,0.9260779818597681,0.9274944515963317,0.9253697469914863,0.9232450423866407,NaN,0.9260779818597681,NaN,0.9260779818597681,0.9969409277311202
new_preds,OFT-0338-00,slow,3.0926166520995597,2041,1.009350605270105,0.885018325828105,0.876819532486704,0.8727201358160037,0.8788692308220545,0.885018325828105,NaN,0.876819532486704,NaN,0.876819532486704,1.009350605270105
new_preds,OFT-0339-00,fast,5.106620399265588,2042,1.010429405607056,0.8997319659084475,0.8904451522448493,0.8858017454130502,0.8927668556607489,0.8997319659084475,NaN,0.8904451522448493,NaN,0.8904451522448493,1.010429405607056
new_preds,OFT-0339-00,slow,3.2339420249008577,2043,1.0075911621374385,0.9237449602695764,0.9167854929473614,0.9133057592862539,0.918525359777915,0.9237449602695764,NaN,0.9167854929473614,NaN,0.9167854929473614,1.0075911621374385
new_preds,OFT-0339-00,medium,4.150505833189794,2044,0.9933538646829403,0.9047584905404644,0.9108118694733686,0.9138385589398207,0.9092985247401426,0.9047584905404644,NaN,0.9108118694733686,NaN,0.9108118694733686,0.9933538646829403
new_preds,OFT-0340-00,medium,4.430502999226956,2045,0.9944409699091021,0.8825505644205403,0.8874841153228137,0.8899508907739503,0.8862507275972453,0.8825505644205403,NaN,0.8874841153228137,NaN,0.8874841153228137,0.9944409699091021
new_preds,OFT-0340-00,fast,5.388851183866587,2046,1.0084462748907286,0.9228489358997627,0.9151195843326002,0.9112549085490189,0.9170519222243909,0.9228489358997627,NaN,0.9151195843326002,NaN,0.9151195843326002,1.0084462748907286
new_preds,OFT-0340-00,slow,3.4506282733569194,2047,1.0030249300647651,0.9671042688606578,0.9641876685938525,0.9627293684604499,0.9649168186605537,0.9671042688606578,NaN,0.9641876685938525,NaN,0.9641876685938525,1.0030249300647651
new_preds,OFT-0341-00,fast,5.0991185564001515,2048,0.9971493389586783,0.913979289297967,0.9165921829246102,0.9178986297379319,0.9159389595179496,0.913979289297967,NaN,0.9165921829246102,NaN,0.9165921829246102,0.9971493389586783
new_preds,OFT-0341-00,slow,3.229313304382366,2049,0.9970472400142698,0.920624057809031,0.9233504901892662,0.9247137063793838,0.9226688820942073,0.920624057809031,NaN,0.9233504901892662,NaN,0.9233504901892662,0.9970472400142698
new_preds,OFT-0341-00,medium,3.858924076307476,2050,1.0122289471487786,0.9702684267208964,0.958546413293084,0.9526854065791777,0.9614769166500371,0.9702684267208964,NaN,0.958546413293084,NaN,0.958546413293084,1.0122289471487786
new_preds,OFT-0342-00,fast,5.141160479262268,2051,0.9893870102061117,0.8656564985033535,0.8749422516907894,0.8795851282845071,0.8726208133939304,0.8656564985033535,NaN,0.8749422516907894,NaN,0.8749422516907894,0.9893870102061117
new_preds,OFT-0342-00,medium,4.073340868581356,2052,0.9940503310382063,0.8603253700751348,0.8654746577837699,0.8680493016380875,0.8641873358566111,0.8603253700751348,NaN,0.8654746577837699,NaN,0.8654746577837699,0.9940503310382063
new_preds,OFT-0342-00,slow,3.347452541126516,2053,0.996947546720289,0.9340264333282701,0.936886234788366,0.9383161355184142,0.9361712844233422,0.9340264333282701,NaN,0.936886234788366,NaN,0.936886234788366,0.996947546720289
new_preds,OFT-0343-00,fast,5.614820886363782,2054,1.016658050698128,0.867613219702879,0.8533972844724914,0.8462893168572977,0.8569512682800884,0.867613219702879,NaN,0.8533972844724914,NaN,0.8533972844724914,1.016658050698128
new_preds,OFT-0343-00,slow,3.523455064201008,2055,1.0057783172835635,0.8865641154127217,0.8814706980432635,0.8789239893585342,0.8827440523856279,0.8865641154127217,NaN,0.8814706980432635,NaN,0.8814706980432635,1.0057783172835635
new_preds,OFT-0343-00,medium,4.48617859811245,2056,0.9993169736157125,0.9452548459649367,0.9459009212510731,0.9462239588941412,0.9457394024295389,0.9452548459649367,NaN,0.9459009212510731,NaN,0.9459009212510731,0.9993169736157125
new_preds,OFT-0344-00,fast,5.312659712064391,2057,1.002357368002047,0.9614109266980027,0.9591498575147296,0.9580193229230936,0.9597151248105481,0.9614109266980027,NaN,0.9591498575147296,NaN,0.9591498575147296,1.002357368002047
new_preds,OFT-0344-00,medium,4.483533797064069,2058,0.9947087556513504,0.8669638864396332,0.8715756059389786,0.8738814656886513,0.8704226760641423,0.8669638864396332,NaN,0.8715756059389786,NaN,0.8715756059389786,0.9947087556513504
new_preds,OFT-0344-00,slow,3.5312491697897825,2059,0.9874289876901969,0.7926493079416111,0.8027405695226588,0.8077862003131829,0.8002177541273969,0.7926493079416111,NaN,0.8027405695226588,NaN,0.8027405695226588,0.9874289876901969
new_preds,OFT-0345-00,slow,3.274553979815448,2060,1.0048198385959406,0.8661277380365762,0.8619731665000142,0.8598958807317331,0.8630118093841546,0.8661277380365762,NaN,0.8619731665000142,NaN,0.8619731665000142,1.0048198385959406
new_preds,OFT-0345-00,medium,4.0845544204448485,2061,1.0038988014935912,0.9065981589581729,0.9030772400657762,0.9013167806195777,0.9039574697888753,0.9065981589581729,NaN,0.9030772400657762,NaN,0.9030772400657762,1.0038988014935912
new_preds,OFT-0345-00,fast,4.995687368005977,2062,0.9974144442702604,0.9142287910772686,0.9165987081189174,0.9177836666397419,0.9160062288585052,0.9142287910772686,NaN,0.9165987081189174,NaN,0.9165987081189174,0.9974144442702604
new_preds,OFT-0346-00,fast,4.733237687062788,2063,0.9996064153940367,0.8207790996753905,0.8211022728899214,0.8212638594971868,0.8210214795862887,0.8207790996753905,NaN,0.8211022728899214,NaN,0.8211022728899214,0.9996064153940367
new_preds,OFT-0346-00,medium,3.563521088297648,2064,1.0001921432236829,0.9652620857563017,0.9650766528171283,0.9649839363475415,0.9651230110519216,0.9652620857563017,NaN,0.9650766528171283,NaN,0.9650766528171283,1.0001921432236829
new_preds,OFT-0346-00,slow,2.883107300923097,2065,0.9905672395446219,0.9129196195840263,0.9216129740003401,0.9259596512084973,0.9194396353962617,0.9129196195840263,NaN,0.9216129740003401,NaN,0.9216129740003401,0.9905672395446219
new_preds,OFT-0347-00,medium,4.448700203031869,2066,1.0041174690765262,0.8801411902350058,0.8765320964333587,0.8747275495325353,0.8774343698837705,0.8801411902350058,NaN,0.8765320964333587,NaN,0.8765320964333587,1.0041174690765262
new_preds,OFT-0347-00,slow,3.55838447530293,2067,1.0062328684597186,0.8637702497950569,0.8584198318996129,0.855744622951891,0.8597574363734739,0.8637702497950569,NaN,0.8584198318996129,NaN,0.8584198318996129,1.0062328684597186
new_preds,OFT-0347-00,fast,5.762181594983411,2068,1.0071075043230788,0.8548414042861796,0.8488084942438753,0.8457920392227232,0.8503167217544513,0.8548414042861796,NaN,0.8488084942438753,NaN,0.8488084942438753,1.0071075043230788
new_preds,OFT-0348-00,medium,4.153706642228228,2069,1.005279643794488,0.8969274597783028,0.8922168725040492,0.8898615788669224,0.8933945193226126,0.8969274597783028,NaN,0.8922168725040492,NaN,0.8922168725040492,1.005279643794488
new_preds,OFT-0348-00,fast,4.924426636109719,2070,0.998649073054742,0.9348092218779692,0.9360737891825256,0.9367060728348036,0.9357576473563864,0.9348092218779692,NaN,0.9360737891825256,NaN,0.9360737891825256,0.998649073054742
new_preds,OFT-0348-00,slow,3.328895277034396,2071,0.9670092970036434,0.7609736463106898,0.786935191490535,0.7999159640804576,0.7804448051955737,0.7609736463106898,NaN,0.786935191490535,NaN,0.786935191490535,0.9670092970036434
new_preds,OFT-0349-00,fast,5.0182297318720535,2072,0.9942598520380607,0.9368457917546348,0.9422544718408,0.9449588118838825,0.9409023018192586,0.9368457917546348,NaN,0.9422544718408,NaN,0.9422544718408,0.9942598520380607
new_preds,OFT-0349-00,slow,3.369513024144955,2073,1.000251689083934,0.9490183043642316,0.9487795069192799,0.948660108196804,0.9488392062805178,0.9490183043642316,NaN,0.9487795069192799,NaN,0.9487795069192799,1.000251689083934
new_preds,OFT-0349-00,medium,4.020229759490754,2074,1.0029468185036712,0.9153338524524528,0.9126444548855231,0.9112997561020584,0.9133168042772555,0.9153338524524528,NaN,0.9126444548855231,NaN,0.9126444548855231,1.0029468185036712
new_preds,OFT-0350-00,medium,3.9905050454266977,2075,1.0022378335979563,0.8945428854249778,0.8925455170791529,0.8915468329062403,0.893044859165609,0.8945428854249778,NaN,0.8925455170791529,NaN,0.8925455170791529,1.0022378335979563
new_preds,OFT-0350-00,fast,4.950638011780393,2076,1.0035497478719122,0.9571860381187018,0.9538002875776438,0.9521074123071147,0.9546467252129083,0.9571860381187018,NaN,0.9538002875776438,NaN,0.9538002875776438,1.0035497478719122
new_preds,OFT-0350-00,slow,3.163203332407012,2077,0.9862120795472722,0.8667977733912303,0.8789162000420235,0.8849754133674199,0.8758865933793252,0.8667977733912303,NaN,0.8789162000420235,NaN,0.8789162000420235,0.9862120795472722
new_preds,OFT-0351-00,fast,5.642268623118245,2078,1.0023053957885117,0.8704494185153991,0.8684473037587693,0.8674462463804542,0.8689478324479267,0.8704494185153991,NaN,0.8684473037587693,NaN,0.8684473037587693,1.0023053957885117
new_preds,OFT-0351-00,medium,4.514928373241963,2079,1.0005362338034514,0.936321853492107,0.9358200351553095,0.935569125986911,0.935945489739509,0.936321853492107,NaN,0.9358200351553095,NaN,0.9358200351553095,1.0005362338034514
new_preds,OFT-0351-00,slow,3.6620622095784925,2080,1.004474673373127,0.9353398376190067,0.9311731419549302,0.9290897941228917,0.9322148158709492,0.9353398376190067,NaN,0.9311731419549302,NaN,0.9311731419549302,1.004474673373127
new_preds,OFT-0352-00,slow,3.426677676313915,2081,1.011515753669012,0.8604398820449564,0.8506440744238861,0.8457461706133509,0.8530930263291537,0.8604398820449564,NaN,0.8506440744238861,NaN,0.8506440744238861,1.011515753669012
new_preds,OFT-0352-00,medium,4.447896822788594,2082,1.0202438222350032,0.8399911821246285,0.8233239582715598,0.8149903463450253,0.8274907642348268,0.8399911821246285,NaN,0.8233239582715598,NaN,0.8233239582715598,1.0202438222350032
new_preds,OFT-0352-00,fast,5.43888970132042,2083,1.010042922034377,0.8382295638304574,0.829894993117855,0.8257277077615539,0.8319786357960057,0.8382295638304574,NaN,0.829894993117855,NaN,0.829894993117855,1.010042922034377
new_preds,OFT-0353-00,fast,5.243883872631072,2084,1.004332462635406,0.9321490931787312,0.9281280132404932,0.9261174732713742,0.9291332832250526,0.9321490931787312,NaN,0.9281280132404932,NaN,0.9281280132404932,1.004332462635406
new_preds,OFT-0353-00,slow,3.2889471659403777,2085,1.0082412651401838,0.9024150376651638,0.8950387857212867,0.8913506597493481,0.896882848707256,0.9024150376651638,NaN,0.8950387857212867,NaN,0.8950387857212867,1.0082412651401838
new_preds,OFT-0353-00,medium,4.0663943524942905,2086,1.0053158062056509,0.8345651939841907,0.8301522654200357,0.827945801137958,0.8312554975610743,0.8345651939841907,NaN,0.8301522654200357,NaN,0.8301522654200357,1.0053158062056509
new_preds,OFT-0354-00,fast,4.413592146813463,2087,1.0175578978947681,0.8305677032748575,0.8162363094947463,0.8090706126046908,0.8198191579397742,0.8305677032748575,NaN,0.8162363094947463,NaN,0.8162363094947463,1.0175578978947681
new_preds,OFT-0354-00,medium,3.667100408926975,2088,1.0014601354961974,0.9475851041265939,0.9462035187821932,0.9455127261099927,0.9465489151182933,0.9475851041265939,NaN,0.9462035187821932,NaN,0.9462035187821932,1.0014601354961974
new_preds,OFT-0354-00,slow,3.1515077872705537,2089,1.0041191852880096,0.8339234353733582,0.8305024419328922,0.8287919452126591,0.8313576902930087,0.8339234353733582,NaN,0.8305024419328922,NaN,0.8305024419328922,1.0041191852880096
new_preds,OFT-0355-00,fast,6.919835200696327,2090,1.0081724253337876,0.8505432841471373,0.8436486287209629,0.8402013010078757,0.8453722925775066,0.8505432841471373,NaN,0.8436486287209629,NaN,0.8436486287209629,1.0081724253337876
new_preds,OFT-0355-00,slow,3.6726650853493523,2091,0.9993044113975078,0.9588765433835067,0.9595439912474083,0.9598777151793589,0.9593771292814328,0.9588765433835067,NaN,0.9595439912474083,NaN,0.9595439912474083,0.9993044113975078
new_preds,OFT-0355-00,medium,5.078192456390153,2092,1.007632261346826,0.8495537452099339,0.8431188418624066,0.8399013901886428,0.8447275676992885,0.8495537452099339,NaN,0.8431188418624066,NaN,0.8431188418624066,1.007632261346826
new_preds,OFT-0356-00,fast,5.011276650253335,2093,1.0158515582429761,0.8086874468652123,0.7960685203494925,0.7897590570916326,0.7992232519784224,0.8086874468652123,NaN,0.7960685203494925,NaN,0.7960685203494925,1.0158515582429761
new_preds,OFT-0356-00,slow,3.250688390515308,2094,1.000034842531567,0.9567979586489084,0.956764622547345,0.9567479544965634,0.9567729565727359,0.9567979586489084,NaN,0.956764622547345,NaN,0.956764622547345,1.000034842531567
new_preds,OFT-0356-00,medium,3.9710172836897026,2095,1.0087655660796881,0.8663393791813888,0.8588114110082062,0.8550474269216148,0.8606934030515019,0.8663393791813888,NaN,0.8588114110082062,NaN,0.8588114110082062,1.0087655660796881
new_preds,OFT-0357-00,fast,5.531862862373483,2096,1.0040220466297396,0.8723884539670692,0.8688937228972883,0.8671463573623978,0.8697674056647335,0.8723884539670692,NaN,0.8688937228972883,NaN,0.8688937228972883,1.0040220466297396
new_preds,OFT-0357-00,slow,3.4721322006318713,2097,1.0005379880682885,0.9685981222376517,0.9680773081966612,0.9678169011761657,0.9682075117069088,0.9685981222376517,NaN,0.9680773081966612,NaN,0.9680773081966612,1.0005379880682885
new_preds,OFT-0357-00,medium,4.338450007723492,2098,1.0098563480000404,0.8444506750933691,0.8362087110367259,0.8320877290084042,0.8382692020508866,0.8444506750933691,NaN,0.8362087110367259,NaN,0.8362087110367259,1.0098563480000404
new_preds,OFT-0358-00,slow,3.455330527134343,2099,1.0348843106642718,0.7238042564829952,0.6994059616368129,0.6872068142137218,0.7055055353483584,0.7238042564829952,NaN,0.6994059616368129,NaN,0.6994059616368129,1.0348843106642718
new_preds,OFT-0358-00,fast,5.940149436858328,2100,1.000028938382919,0.902138716892793,0.9021126112126137,0.9020995583725238,0.9021191376326585,0.902138716892793,NaN,0.9021126112126137,NaN,0.9021126112126137,1.000028938382919
new_preds,OFT-0358-00,medium,4.5253871895236815,2101,1.0149703998185378,0.8741884086604279,0.8612944858458143,0.8548475244385073,0.8645179665494676,0.8741884086604279,NaN,0.8612944858458143,NaN,0.8612944858458143,1.0149703998185378
new_preds,OFT-0359-00,fast,5.451398562178167,2102,0.9988246076381806,0.9590602147420209,0.9601888133391241,0.9607531126376756,0.9599066636898482,0.9590602147420209,NaN,0.9601888133391241,NaN,0.9601888133391241,0.9988246076381806
new_preds,OFT-0359-00,medium,4.483344745122737,2103,0.9967373816591385,0.9352422360046655,0.9383035624167019,0.9398342256227201,0.9375382308136928,0.9352422360046655,NaN,0.9383035624167019,NaN,0.9383035624167019,0.9967373816591385
new_preds,OFT-0359-00,slow,3.6722761143539393,2104,1.007510240830673,0.8532594016088793,0.8468989862627927,0.8437187785897494,0.8484890900993143,0.8532594016088793,NaN,0.8468989862627927,NaN,0.8468989862627927,1.007510240830673
