group,subject,speed_bin,model_index,peak_log_gain,peak_frequency,peak_stride_multiple,mean_log_gain,band_0p75_2x_log_gain
Cntnap_het,OFT-0366-00,slow,1,4.6017086120909,0.9971910112359551,0.9971910112359551,2.6519743554440542,3.249859525003239
Cntnap_het,OFT-0366-00,medium,2,4.533885823328182,0.9971910112359551,0.9971910112359551,2.5408298016960624,3.116208094816948
Cntnap_het,OFT-0366-00,fast,3,4.705266181968292,0.9971910112359551,0.9971910112359551,2.551815212716219,3.206970461245537
Cntnap_het,OFT-0371-00,fast,4,4.728138337027015,0.9971910112359551,0.9971910112359551,2.584662888144926,3.1649566632661568
Cntnap_het,OFT-0371-00,medium,5,4.507310193188207,0.9971910112359551,0.9971910112359551,2.736810158750335,3.389301840016325
Cntnap_het,OFT-0371-00,slow,6,5.6688562599485985,0.9971910112359551,0.9971910112359551,2.9032885228645617,3.4691843088762813
Cntnap_het,OFT-0376-00,fast,7,4.933915276595002,0.9971910112359551,0.9971910112359551,2.603814953458334,3.278772521572119
Cntnap_het,OFT-0376-00,slow,8,4.367238909908693,0.9971910112359551,0.9971910112359551,2.6906999415814035,3.14778265758667
Cntnap_het,OFT-0376-00,medium,9,4.5819194089004815,0.9971910112359551,0.9971910112359551,2.597539322005933,3.1945133873725524
Cntnap_het,OFT-0385-00,medium,10,4.790459527439966,0.9971910112359551,0.9971910112359551,2.690355546484,3.295828441663992
Cntnap_het,OFT-0385-00,fast,11,4.983417365163826,0.9971910112359551,0.9971910112359551,2.5429484259404376,3.126600213405109
Cntnap_het,OFT-0385-00,slow,12,5.1643976580162185,0.9971910112359551,0.9971910112359551,2.5694598181880806,3.1192865621782175
Cntnap_het,OFT-0391-00,slow,13,5.944280065353924,0.9971910112359551,0.9971910112359551,2.6841962533502715,3.3371376693586985
Cntnap_het,OFT-0391-00,fast,14,4.771451704642023,0.9971910112359551,0.9971910112359551,2.5084603756648747,3.1505195542606295
Cntnap_het,OFT-0391-00,medium,15,4.832403422388285,0.9971910112359551,0.9971910112359551,2.6022256336258103,3.289918765998779
Cntnap_het,OFT-0403-00,medium,16,4.584980215487286,0.9971910112359551,0.9971910112359551,2.383209261504348,2.9936979250415545
Cntnap_het,OFT-0403-00,fast,17,4.755509655022303,0.9971910112359551,0.9971910112359551,2.4432867935280407,3.106449538677421
Cntnap_het,OFT-0403-00,slow,18,4.541133260118876,0.9971910112359551,0.9971910112359551,2.698741971288306,3.311952455368478
Cntnap_het,OFT-0407-00,fast,19,4.650116351225478,0.9971910112359551,0.9971910112359551,2.49413723711649,3.1155128318095264
Cntnap_het,OFT-0407-00,medium,20,4.5240959531002085,0.9971910112359551,0.9971910112359551,2.654266950718856,3.222024460449071
Cntnap_het,OFT-0407-00,slow,21,4.57982408918287,0.9971910112359551,0.9971910112359551,2.7338086772102694,3.3735066574403985
Cntnap_het,OFT-0419-00,fast,22,4.8683134999392115,0.9971910112359551,0.9971910112359551,2.588315052027779,3.2556151642076143
Cntnap_het,OFT-0419-00,slow,23,4.331264281977022,0.9971910112359551,0.9971910112359551,2.660501327198032,3.2336619832349367
Cntnap_het,OFT-0419-00,medium,24,4.988936656549998,0.9971910112359551,0.9971910112359551,2.6863927009868505,3.2683358390938237
Cntnap_het,OFT-0420-00,medium,25,4.984802740817804,0.9971910112359551,0.9971910112359551,2.6859390967990326,3.3745468341819302
Cntnap_het,OFT-0420-00,fast,26,4.570852025740456,0.9971910112359551,0.9971910112359551,2.50023887577333,3.101983449352113
Cntnap_het,OFT-0420-00,slow,27,3.823707246193558,0.9438202247191011,0.9438202247191011,2.4281238614627614,2.970844000274051
Cntnap_het,OFT-0421-00,slow,28,4.1062936782423956,0.9971910112359551,0.9971910112359551,2.5913320197742067,3.1559982108638174
Cntnap_het,OFT-0421-00,fast,29,4.818472272940363,0.9971910112359551,0.9971910112359551,2.5693564539827856,3.204735962729703
Cntnap_het,OFT-0421-00,medium,30,5.055710887361591,0.9971910112359551,0.9971910112359551,2.628842478246687,3.274467528484086
Cntnap_het,OFT-0423-00,slow,31,4.985112877481183,0.9971910112359551,0.9971910112359551,2.6608771997837755,3.340855788723071
Cntnap_het,OFT-0423-00,fast,32,5.047820525445549,0.9971910112359551,0.9971910112359551,2.5706580800794674,3.258069176633679
Cntnap_het,OFT-0423-00,medium,33,4.750630882718816,0.9971910112359551,0.9971910112359551,2.662206975551379,3.2610939816001165
Cntnap_het,OFT-0425-00,slow,34,4.684102068148163,0.9971910112359551,0.9971910112359551,2.6183312514678643,3.1271166867897078
Cntnap_het,OFT-0425-00,fast,35,4.833161573402889,0.9971910112359551,0.9971910112359551,2.540744646970574,3.193016322106349
Cntnap_het,OFT-0425-00,medium,36,5.489063013272744,0.9971910112359551,0.9971910112359551,2.6162946285230575,3.312334988208946
Cntnap_het,OFT-0428-00,slow,37,4.657312586098551,0.9971910112359551,0.9971910112359551,2.6584302270267397,3.3079147537838307
Cntnap_het,OFT-0428-00,medium,38,4.727472529712349,0.9971910112359551,0.9971910112359551,2.4800043629137116,3.1452915491084563
Cntnap_het,OFT-0428-00,fast,39,4.667838221427703,0.9971910112359551,0.9971910112359551,2.487826162057695,3.0925617262460916
Cntnap_het,OFT-0430-00,fast,40,4.8170651374181155,0.9971910112359551,0.9971910112359551,2.4440825901455168,3.099071360217429
Cntnap_het,OFT-0430-00,medium,41,4.259876189722379,0.9971910112359551,0.9971910112359551,2.390569194510129,3.0885302764212246
Cntnap_het,OFT-0430-00,slow,42,5.002049847506078,0.9971910112359551,0.9971910112359551,2.6801411332701255,3.3445322830413575
Cntnap_het,OFT-0431-00,medium,43,4.854356200832194,0.9971910112359551,0.9971910112359551,2.7190146260196264,3.3644865368841015
Cntnap_het,OFT-0431-00,slow,44,5.6243753275474395,0.9971910112359551,0.9971910112359551,2.7528973480739665,3.320753382203163
Cntnap_het,OFT-0431-00,fast,45,4.820025675677311,0.9971910112359551,0.9971910112359551,2.5695121332089155,3.219084574934613
Cntnap_het,OFT-0432-00,fast,46,4.757413873556179,0.9971910112359551,0.9971910112359551,2.584530052427898,3.224136588337217
Cntnap_het,OFT-0432-00,medium,47,4.724568494105658,0.9971910112359551,0.9971910112359551,2.6523231587868166,3.2839811632147216
Cntnap_het,OFT-0432-00,slow,48,4.566567947938454,0.9971910112359551,0.9971910112359551,2.4835593048935634,3.1522978157420964
Cntnap_het,OFT-0434-00,medium,49,4.794313103713711,0.9971910112359551,0.9971910112359551,2.668423551661532,3.2887011278798512
Cntnap_het,OFT-0434-00,fast,50,4.642637166068437,0.9971910112359551,0.9971910112359551,2.530494543342959,3.1385846226031013
Cntnap_het,OFT-0434-00,slow,51,4.216813129470852,0.9971910112359551,0.9971910112359551,2.437533095898055,3.1033612853013977
Cntnap_het,OFT-0436-00,fast,52,4.235669784085545,0.9971910112359551,0.9971910112359551,2.4738735179755267,3.129066645343057
Cntnap_het,OFT-0436-00,slow,53,4.2421271522182815,0.9971910112359551,0.9971910112359551,2.495176943574107,3.2082161171546013
Cntnap_het,OFT-0436-00,medium,54,5.248562669406679,0.9971910112359551,0.9971910112359551,2.689280914126871,3.351658692089098
Cntnap_het,OFT-0439-00,fast,55,4.693310209104663,0.9971910112359551,0.9971910112359551,2.4922769517755166,3.0589202775216764
Cntnap_het,OFT-0439-00,medium,56,5.05997605659075,0.9971910112359551,0.9971910112359551,2.655827888425654,3.2356845980990965
Cntnap_het,OFT-0439-00,slow,57,3.9490676031665455,0.9971910112359551,0.9971910112359551,2.5779209583780744,3.114349044950106
Cntnap_het,OFT-0442-00,fast,58,4.575899662807534,0.9971910112359551,0.9971910112359551,2.508030209661853,3.1938830414436676
Cntnap_het,OFT-0442-00,medium,59,4.8861834414294805,0.9971910112359551,0.9971910112359551,2.5168323464718476,3.1379386764443717
Cntnap_het,OFT-0442-00,slow,60,5.5101447365447696,0.9971910112359551,0.9971910112359551,2.758511199617371,3.45617261221264
Cntnap_het,OFT-0443-00,fast,61,4.786619454922265,0.9971910112359551,0.9971910112359551,2.5633813393725684,3.213575152814642
Cntnap_het,OFT-0443-00,slow,62,4.854116746815533,0.9971910112359551,0.9971910112359551,2.781272443101053,3.3269699814069784
Cntnap_het,OFT-0443-00,medium,63,4.939370252596641,0.9971910112359551,0.9971910112359551,2.7093487330612405,3.318241475167203
Cntnap_het,OFT-0444-00,fast,64,4.695269979909357,0.9971910112359551,0.9971910112359551,2.537614075060905,3.213208566081871
Cntnap_het,OFT-0444-00,medium,65,4.642258538625356,0.9971910112359551,0.9971910112359551,2.6364453922801814,3.2761656768495375
Cntnap_het,OFT-0444-00,slow,66,4.834566989832194,0.9971910112359551,0.9971910112359551,2.7696578738721414,3.364777428483234
Cntnap_het,OFT-0446-00,fast,67,4.696261441028334,0.9971910112359551,0.9971910112359551,2.52662131581189,3.1981781049446534
Cntnap_het,OFT-0446-00,medium,68,4.779963210101716,0.9971910112359551,0.9971910112359551,2.682449296794702,3.328225519900242
Cntnap_het,OFT-0446-00,slow,69,4.790778119289446,0.9971910112359551,0.9971910112359551,2.5383859090376513,3.134124794276066
Cntnap_het,OFT-0447-00,fast,70,4.654857137691403,0.9971910112359551,0.9971910112359551,2.578718103950722,3.2820221329095145
Cntnap_het,OFT-0447-00,medium,71,4.686710113487226,0.9971910112359551,0.9971910112359551,2.6252104336181565,3.2501725378899353
Cntnap_het,OFT-0447-00,slow,72,4.987189924271395,0.9971910112359551,0.9971910112359551,2.8592745573486424,3.43891153604588
Cntnap_het,OFT-0448-00,fast,73,4.831844551679069,0.9971910112359551,0.9971910112359551,2.544981738720703,3.218537151311239
Cntnap_het,OFT-0448-00,slow,74,4.583523749020934,0.9971910112359551,0.9971910112359551,2.8219353489141463,3.474701348976698
Cntnap_het,OFT-0448-00,medium,75,5.094986605072749,0.9971910112359551,0.9971910112359551,2.538660956165708,3.2582225832350575
Cntnap_het,OFT-0450-00,fast,76,4.7099380509776845,0.9971910112359551,0.9971910112359551,2.5723193835860894,3.198559180725736
Cntnap_het,OFT-0450-00,medium,77,4.951428505138009,0.9971910112359551,0.9971910112359551,2.623400248630744,3.252302716524941
Cntnap_het,OFT-0450-00,slow,78,4.6957563276776435,0.9971910112359551,0.9971910112359551,2.729636890037959,3.423795163598348
Cntnap_het,OFT-0452-00,fast,79,4.8242256399641334,0.9971910112359551,0.9971910112359551,2.486451537098081,3.1656420115054416
Cntnap_het,OFT-0452-00,slow,80,4.453625162964859,0.9971910112359551,0.9971910112359551,2.684497101846495,3.296122990823705
Cntnap_het,OFT-0452-00,medium,81,4.825646261252237,0.9971910112359551,0.9971910112359551,2.581142561079321,3.2723644005668606
Cntnap_het,OFT-0454-00,medium,82,5.068015953663604,0.9971910112359551,0.9971910112359551,2.6487838196977247,3.2555616374858576
Cntnap_het,OFT-0454-00,slow,83,5.257752106003865,0.9971910112359551,0.9971910112359551,2.785809406219641,3.4346865300067546
Cntnap_het,OFT-0454-00,fast,84,4.323764422883893,0.9971910112359551,0.9971910112359551,2.3607821835585265,2.917077396485412
Cntnap_het,OFT-0492-00,slow,85,4.554890298902808,0.9971910112359551,0.9971910112359551,2.52174300419382,3.0099201895073704
Cntnap_het,OFT-0492-00,medium,86,4.892000770048792,0.9971910112359551,0.9971910112359551,2.5440941196020628,3.136245460517102
Cntnap_het,OFT-0492-00,fast,87,4.823797424687482,0.9971910112359551,0.9971910112359551,2.60436675407011,3.296261613229892
Cntnap_het,OFT-0493-00,slow,88,5.204905336361692,0.9971910112359551,0.9971910112359551,2.77481412345717,3.4125563235319856
Cntnap_het,OFT-0493-00,fast,89,4.806826824000203,0.9971910112359551,0.9971910112359551,2.5043145043946877,3.139562716139627
Cntnap_het,OFT-0493-00,medium,90,5.602133309008427,0.9971910112359551,0.9971910112359551,2.695174791234444,3.368852757311263
Cntnap_het,OFT-0494-00,slow,91,5.394210032936,0.9971910112359551,0.9971910112359551,2.667417793694499,3.291345483268115
Cntnap_het,OFT-0494-00,medium,92,4.7196331726103296,0.9971910112359551,0.9971910112359551,2.5686508872413474,3.1645622231366017
Cntnap_het,OFT-0494-00,fast,93,4.6544584650477,0.9971910112359551,0.9971910112359551,2.4952368255627357,3.132859378461676
Cntnap_het,OFT-0496-00,medium,94,4.785564349897955,0.9971910112359551,0.9971910112359551,2.667088848413306,3.347253568803121
Cntnap_het,OFT-0496-00,fast,95,4.857878553533196,0.9971910112359551,0.9971910112359551,2.56818859896492,3.2248653283180917
Cntnap_het,OFT-0496-00,slow,96,4.795850383454096,0.9971910112359551,0.9971910112359551,2.6956879125794018,3.3491830933358275
Cntnap_het,OFT-0498-00,fast,97,4.530708747858831,0.9971910112359551,0.9971910112359551,2.5976477334522032,3.2357501047242065
Cntnap_het,OFT-0498-00,medium,98,5.057096982278944,0.9971910112359551,0.9971910112359551,2.6214379830773598,3.3546049240253715
Cntnap_het,OFT-0498-00,slow,99,4.086205798692173,0.9971910112359551,0.9971910112359551,2.6003062542685464,3.1229539292378745
Cntnap_het,OFT-0499-00,fast,100,4.951957812158676,0.9971910112359551,0.9971910112359551,2.475049841943006,3.143364409884673
Cntnap_het,OFT-0499-00,medium,101,4.7705388327225045,0.9971910112359551,0.9971910112359551,2.645566867137555,3.285578027669544
Cntnap_het,OFT-0499-00,slow,102,4.41057421617036,0.9971910112359551,0.9971910112359551,2.733849171135357,3.378356913204306
Cntnap_het,OFT-0500-00,fast,103,4.683414250935947,0.9971910112359551,0.9971910112359551,2.5555182354384183,3.1892991472848538
Cntnap_het,OFT-0500-00,medium,104,4.773383200263283,0.9971910112359551,0.9971910112359551,2.602428589183686,3.226368662731781
Cntnap_het,OFT-0500-00,slow,105,4.816708328348326,0.9971910112359551,0.9971910112359551,2.750705484891434,3.385465431069376
Cntnap_het,OFT-0501-00,medium,106,4.346745708873834,0.9971910112359551,0.9971910112359551,2.4993043590172834,3.2185653521582775
Cntnap_het,OFT-0501-00,fast,107,4.8202287233468,0.9971910112359551,0.9971910112359551,2.5988055045137752,3.2851667190691187
Cntnap_het,OFT-0501-00,slow,108,4.6017965520490085,0.9971910112359551,0.9971910112359551,2.6263736445756947,3.167204111376654
Cntnap_het,OFT-0502-00,fast,109,4.665787966060199,0.9971910112359551,0.9971910112359551,2.4858368775461903,3.1027136066786594
Cntnap_het,OFT-0502-00,medium,110,4.7406989988750325,0.9971910112359551,0.9971910112359551,2.580215047743441,3.192774474205797
Cntnap_het,OFT-0502-00,slow,111,5.8774943646127475,0.9971910112359551,0.9971910112359551,2.651243047235986,3.327262846535543
Cntnap_het,OFT-0503-00,fast,112,4.667314387223426,0.9971910112359551,0.9971910112359551,2.588553086777183,3.287122909356945
Cntnap_het,OFT-0503-00,slow,113,4.163489552137133,0.9971910112359551,0.9971910112359551,2.5744676054406472,3.133255892045781
Cntnap_het,OFT-0503-00,medium,114,4.522108872816827,0.9971910112359551,0.9971910112359551,2.6565080138009733,3.347582668283921
Cntnap_het,OFT-0505-00,slow,115,4.773541010372097,0.9971910112359551,0.9971910112359551,2.860023096778647,3.4000624221715894
Cntnap_het,OFT-0505-00,fast,116,5.018801674446312,0.9971910112359551,0.9971910112359551,2.678181790108454,3.2868903636156093
Cntnap_het,OFT-0505-00,medium,117,4.74323876672307,0.9971910112359551,0.9971910112359551,2.7221515771028115,3.303703391257346
Cntnap_het,OFT-0506-00,medium,118,4.785315817881304,0.9971910112359551,0.9971910112359551,2.5278232288632063,3.1004358089944746
Cntnap_het,OFT-0506-00,fast,119,4.816876567046885,0.9971910112359551,0.9971910112359551,2.513365320253722,3.1836502394763295
Cntnap_het,OFT-0506-00,slow,120,4.726723471886259,0.9971910112359551,0.9971910112359551,2.678300524733397,3.3442122231051714
Cntnap_het,OFT-0507-00,fast,121,4.652108592758012,0.9971910112359551,0.9971910112359551,2.5059943671834675,3.1458143954496736
Cntnap_het,OFT-0507-00,slow,122,4.512019742767719,0.9971910112359551,0.9971910112359551,2.614877868288146,3.209178005959805
Cntnap_het,OFT-0507-00,medium,123,4.799510185568601,0.9971910112359551,0.9971910112359551,2.6139169144592347,3.3012167793712903
Cntnap_het,OFT-0508-00,fast,124,4.698818607147963,0.9971910112359551,0.9971910112359551,2.6522436576587323,3.3013731084644804
Cntnap_het,OFT-0508-00,slow,125,4.419108774908855,0.9971910112359551,0.9971910112359551,2.8276039318819293,3.4310123356794326
Cntnap_het,OFT-0508-00,medium,126,4.3532762125484785,0.9971910112359551,0.9971910112359551,2.7008722962752847,3.35455915242581
Cntnap_het,OFT-0510-00,fast,127,4.561665260092296,0.9971910112359551,0.9971910112359551,2.528942544214463,3.1565355423248858
Cntnap_het,OFT-0510-00,slow,128,4.278006153079788,0.9971910112359551,0.9971910112359551,2.6283280630321975,3.1790639487399215
Cntnap_het,OFT-0510-00,medium,129,4.622380748626794,0.9971910112359551,0.9971910112359551,2.6637052403231016,3.3207903485934214
Cntnap_het,OFT-0511-00,fast,130,4.876943028516328,0.9971910112359551,0.9971910112359551,2.504878450715851,3.144908367275085
Cntnap_het,OFT-0511-00,slow,131,5.350160685211151,0.9971910112359551,0.9971910112359551,2.8269418407069526,3.4962872563856484
Cntnap_het,OFT-0511-00,medium,132,4.864785781692757,0.9971910112359551,0.9971910112359551,2.578961995853635,3.2386654082242576
Cntnap_het,OFT-0516-00,slow,133,4.451368063040171,0.9971910112359551,0.9971910112359551,2.710505019559883,3.3596493021502436
Cntnap_het,OFT-0516-00,fast,134,5.0111091614676635,0.9971910112359551,0.9971910112359551,2.6491821531688595,3.3026637572675157
Cntnap_het,OFT-0516-00,medium,135,4.696552014030817,0.9971910112359551,0.9971910112359551,2.635041770672107,3.2236558184076847
Cntnap_het,OFT-0519-00,slow,136,4.5307226741297235,0.9971910112359551,0.9971910112359551,2.649498542430072,3.336940037525324
Cntnap_het,OFT-0519-00,fast,137,4.656773119690599,0.9971910112359551,0.9971910112359551,2.451514766129713,3.0787163238174515
Cntnap_het,OFT-0519-00,medium,138,4.873354994003475,0.9971910112359551,0.9971910112359551,2.6335314461815575,3.349559980592788
Cntnap_het,OFT-0520-00,fast,139,4.9604496725785765,0.9971910112359551,0.9971910112359551,2.5643691935515207,3.2540020434830645
Cntnap_het,OFT-0520-00,slow,140,4.256714061488249,0.9971910112359551,0.9971910112359551,2.4978621252635027,2.978723884232874
Cntnap_het,OFT-0520-00,medium,141,4.73218000263932,0.9971910112359551,0.9971910112359551,2.629764501373169,3.303400664562626
Cntnap_het,OFT-0523-00,slow,142,4.598058921468193,0.9971910112359551,0.9971910112359551,2.7517405851397543,3.3241683698114066
Cntnap_het,OFT-0523-00,fast,143,5.00921293697452,0.9971910112359551,0.9971910112359551,2.556698875906888,3.248753141701273
Cntnap_het,OFT-0523-00,medium,144,5.160048915616887,0.9971910112359551,0.9971910112359551,2.672304127332144,3.2281381593572784
Cntnap_het,OFT-0529-00,medium,145,4.588159140914371,0.9971910112359551,0.9971910112359551,2.539107534015833,3.185218504584775
Cntnap_het,OFT-0529-00,fast,146,5.006969148420641,0.9971910112359551,0.9971910112359551,2.6168064869485823,3.2658429952957104
Cntnap_het,OFT-0529-00,slow,147,4.627811973233605,0.9971910112359551,0.9971910112359551,2.7907487744278017,3.3337125492051043
Cntnap_het,OFT-0534-00,fast,148,4.740578557751814,0.9971910112359551,0.9971910112359551,2.54436314354442,3.2072576146571508
Cntnap_het,OFT-0534-00,medium,149,4.692809711539051,0.9971910112359551,0.9971910112359551,2.6941720971269634,3.3091544688488996
Cntnap_het,OFT-0534-00,slow,150,5.101456948683141,0.9971910112359551,0.9971910112359551,2.634975505284494,3.174778517758215
Cntnap_het,OFT-0539-00,fast,151,4.712192065382595,0.9971910112359551,0.9971910112359551,2.563236871957099,3.1609153749114527
Cntnap_het,OFT-0539-00,slow,152,5.473016965739777,0.9971910112359551,0.9971910112359551,2.7903929319377276,3.374723252679442
Cntnap_het,OFT-0539-00,medium,153,5.013810666400205,0.9971910112359551,0.9971910112359551,2.7571082749335942,3.3378211545298564
Cntnap_het,OFT-0542-00,fast,154,4.8651033722934,0.9971910112359551,0.9971910112359551,2.6186852904070905,3.1683475559738725
Cntnap_het,OFT-0542-00,medium,155,4.9818546025345265,0.9971910112359551,0.9971910112359551,2.7484196685846136,3.3547801037390412
Cntnap_het,OFT-0542-00,slow,156,4.702876443344963,0.9971910112359551,0.9971910112359551,2.5953516271626116,3.0888910022233422
Cntnap_het,OFT-0586-00,slow,157,4.785077908315038,0.9971910112359551,0.9971910112359551,2.6727506171121767,3.2858617802167958
Cntnap_het,OFT-0586-00,medium,158,4.587187994533785,0.9971910112359551,0.9971910112359551,2.4887270341856893,3.061889994007097
Cntnap_het,OFT-0586-00,fast,159,4.901796951350773,0.9971910112359551,0.9971910112359551,2.501228975147719,3.2367099985364947
Cntnap_het,OFT-0597-00,medium,160,5.352840254673561,0.9971910112359551,0.9971910112359551,2.648808712132106,3.2915082689989306
Cntnap_het,OFT-0597-00,fast,161,4.851093582190431,0.9971910112359551,0.9971910112359551,2.5357952947267606,3.190675544446506
Cntnap_het,OFT-0597-00,slow,162,4.89740084929212,0.9971910112359551,0.9971910112359551,2.771459734467721,3.3629269686328347
Cntnap_het,OFT-0607-00,medium,163,4.507980721180492,0.9971910112359551,0.9971910112359551,2.4830895983747325,3.0841999272928002
Cntnap_het,OFT-0607-00,fast,164,4.567357519095534,0.9971910112359551,0.9971910112359551,2.5235488589162753,3.135621008838109
Cntnap_het,OFT-0607-00,slow,165,4.844924832796073,0.9971910112359551,0.9971910112359551,2.7979270752011454,3.350580945673523
Cntnap_het,OFT-0611-00,fast,166,5.067230678086431,0.9971910112359551,0.9971910112359551,2.5532558414492446,3.285278139987227
Cntnap_het,OFT-0611-00,medium,167,4.895347112379499,0.9971910112359551,0.9971910112359551,2.62231993491286,3.2477916730331247
Cntnap_het,OFT-0611-00,slow,168,5.724784812935878,0.9971910112359551,0.9971910112359551,2.7432106491393924,3.300398228714974
Cntnap_het,OFT-0641-00,slow,169,5.436555834185612,0.9971910112359551,0.9971910112359551,2.7527747849753093,3.3960582557932164
Cntnap_het,OFT-0641-00,medium,170,5.330593837274068,0.9971910112359551,0.9971910112359551,2.657618445317985,3.345403708085196
Cntnap_het,OFT-0641-00,fast,171,4.83930824766689,0.9971910112359551,0.9971910112359551,2.525024007511175,3.171470179611756
Cntnap_het,OFT-0643-00,slow,172,4.389169537299292,0.9971910112359551,0.9971910112359551,2.5624699471016554,3.0412627481551495
Cntnap_het,OFT-0643-00,medium,173,4.87430834305969,0.9971910112359551,0.9971910112359551,2.6258606791192785,3.3308514836015384
Cntnap_het,OFT-0643-00,fast,174,4.848221324674518,0.9971910112359551,0.9971910112359551,2.549861215256877,3.247518802833465
Cntnap_het,OFT-0644-00,slow,175,4.8634310199915305,0.9971910112359551,0.9971910112359551,2.7146469881641146,3.3898511883371767
Cntnap_het,OFT-0644-00,medium,176,5.129953142969287,0.9971910112359551,0.9971910112359551,2.6037519718571502,3.3532465956661195
Cntnap_het,OFT-0644-00,fast,177,4.639353251538761,0.9971910112359551,0.9971910112359551,2.5172703858982044,3.211431299140447
Cntnap_het,OFT-0645-00,slow,178,4.509257161006501,0.9971910112359551,0.9971910112359551,2.6939485556066063,3.3198434801240353
Cntnap_het,OFT-0645-00,fast,179,4.685072794590791,0.9971910112359551,0.9971910112359551,2.419502063224792,3.0389777507859876
Cntnap_het,OFT-0645-00,medium,180,4.770650803136314,0.9971910112359551,0.9971910112359551,2.4563581568620885,3.0841556530286547
Cntnap_het,OFT-0652-00,medium,181,4.86580265097924,0.9971910112359551,0.9971910112359551,2.5958332653113496,3.284834853182248
Cntnap_het,OFT-0652-00,slow,182,4.902845121565639,0.9971910112359551,0.9971910112359551,2.6527529079115224,3.2865562336671936
Cntnap_het,OFT-0652-00,fast,183,4.8101412851004195,0.9971910112359551,0.9971910112359551,2.500651966873184,3.197254019205658
Cntnap_het,OFT-0653-00,slow,184,4.602853985728393,0.9971910112359551,0.9971910112359551,2.6375685170015197,3.3366635929164015
Cntnap_het,OFT-0653-00,fast,185,5.088923464861201,0.9971910112359551,0.9971910112359551,2.5668862893314466,3.2356739550665625
Cntnap_het,OFT-0653-00,medium,186,4.816888074209324,0.9971910112359551,0.9971910112359551,2.7295315600489656,3.3407861304624333
Cntnap_het,OFT-0654-00,medium,187,4.919757256502429,0.9971910112359551,0.9971910112359551,2.5317151059047025,3.2043308252189098
Cntnap_het,OFT-0654-00,fast,188,4.761648020008755,0.9971910112359551,0.9971910112359551,2.506887685466784,3.18409931933616
Cntnap_het,OFT-0654-00,slow,189,4.619184198926462,0.9971910112359551,0.9971910112359551,2.658047013726726,3.330477468402603
Cntnap_het,OFT-0656-00,fast,190,4.911326131946642,0.9971910112359551,0.9971910112359551,2.5557703165104755,3.2494993765959603
Cntnap_het,OFT-0656-00,slow,191,5.756456202547722,0.9971910112359551,0.9971910112359551,2.748644037660633,3.3525879486191967
Cntnap_het,OFT-0656-00,medium,192,5.429408414171691,0.9971910112359551,0.9971910112359551,2.7582933665899265,3.3852120759171016
Cntnap_het,OFT-0662-00,fast,193,4.8069511978011725,0.9971910112359551,0.9971910112359551,2.6092025013046047,3.2131071627998233
Cntnap_het,OFT-0662-00,slow,194,4.875181184392444,0.9971910112359551,0.9971910112359551,2.5602657821415233,3.1625815069451715
Cntnap_het,OFT-0662-00,medium,195,4.983912188719906,0.9971910112359551,0.9971910112359551,2.663993255760804,3.2124065547740104
Cntnap_het,OFT-0664-00,fast,196,4.859050517192829,0.9971910112359551,0.9971910112359551,2.517620458160913,3.154759231976191
Cntnap_het,OFT-0664-00,medium,197,5.234949524458499,0.9971910112359551,0.9971910112359551,2.62488926299144,3.280184267709128
Cntnap_het,OFT-0664-00,slow,198,4.593487253444493,0.9971910112359551,0.9971910112359551,2.6787035761800904,3.2207420906737836
Cntnap_het,OFT-0665-00,fast,199,4.7854379519106445,0.9971910112359551,0.9971910112359551,2.3845680101245716,3.0639819721214505
Cntnap_het,OFT-0665-00,medium,200,5.155635501095756,0.9971910112359551,0.9971910112359551,2.6610698644217003,3.3738517818031792
Cntnap_het,OFT-0665-00,slow,201,4.570201872505033,0.9971910112359551,0.9971910112359551,2.856386989081905,3.5290509537236034
Cntnap_het,OFT-0666-00,medium,202,5.054719739601224,0.9971910112359551,0.9971910112359551,2.6933911190401236,3.374885871303178
Cntnap_het,OFT-0666-00,fast,203,4.777335766830381,0.9971910112359551,0.9971910112359551,2.5303661020254364,3.1734101854758463
Cntnap_het,OFT-0666-00,slow,204,5.104367775105579,0.9971910112359551,0.9971910112359551,2.6848015213650562,3.2975179310820977
Cntnap_het,OFT-0675-00,fast,205,5.0154371265407915,0.9971910112359551,0.9971910112359551,2.4358162522329163,3.138951439351154
Cntnap_het,OFT-0675-00,medium,206,4.641426337518675,0.9971910112359551,0.9971910112359551,2.721025575702631,3.3825150500678016
Cntnap_het,OFT-0675-00,slow,207,5.520925724514551,0.9971910112359551,0.9971910112359551,2.7757202062184865,3.361563531752061
Cntnap_het,OFT-0676-00,fast,208,4.837232257736134,0.9971910112359551,0.9971910112359551,2.516250935830009,3.1275933418526356
Cntnap_het,OFT-0676-00,medium,209,5.060411937723422,0.9971910112359551,0.9971910112359551,2.6385951744713303,3.30244295719728
Cntnap_het,OFT-0676-00,slow,210,5.088757537117487,0.9971910112359551,0.9971910112359551,2.703434546731268,3.3783954991261287
Cntnap_het,OFT-0685-00,fast,211,4.739235327841501,0.9971910112359551,0.9971910112359551,2.438915289208755,3.017308188357854
Cntnap_het,OFT-0685-00,medium,212,4.957445410816799,0.9971910112359551,0.9971910112359551,2.5852035100546074,3.2057579072127154
Cntnap_het,OFT-0685-00,slow,213,4.5154877065531345,0.9971910112359551,0.9971910112359551,2.7497771951723293,3.3418684350656407
Cntnap_het,OFT-0687-00,fast,214,5.049756889500254,0.9971910112359551,0.9971910112359551,2.5301676192870386,3.228701630168236
Cntnap_het,OFT-0687-00,slow,215,4.428199024716958,0.9971910112359551,0.9971910112359551,2.6716482205905585,3.304678431335773
Cntnap_het,OFT-0687-00,medium,216,4.729980493056239,0.9971910112359551,0.9971910112359551,2.7274490025510767,3.306951613460465
Cntnap_hom,OFT-0364-00,fast,217,4.5675904605247295,0.9971910112359551,0.9971910112359551,2.4624543468554796,3.074207109908806
Cntnap_hom,OFT-0364-00,medium,218,4.787257124135471,0.9971910112359551,0.9971910112359551,2.538905432376633,3.25879848565675
Cntnap_hom,OFT-0364-00,slow,219,4.5371651938993995,0.9971910112359551,0.9971910112359551,2.5564583338615012,3.1733003349112763
Cntnap_hom,OFT-0367-00,fast,220,4.651032733836148,0.9971910112359551,0.9971910112359551,2.5373179961833947,3.1555652046352374
Cntnap_hom,OFT-0367-00,slow,221,5.377421336936077,0.9971910112359551,0.9971910112359551,2.7262901602483667,3.438461615443347
Cntnap_hom,OFT-0367-00,medium,222,4.848030015228319,0.9971910112359551,0.9971910112359551,2.6303963447819934,3.3998188704640144
Cntnap_hom,OFT-0374-00,fast,223,4.604285879627957,0.9971910112359551,0.9971910112359551,2.4831420897338905,3.133426371678598
Cntnap_hom,OFT-0374-00,slow,224,4.566135501111,0.9971910112359551,0.9971910112359551,2.6043984928879174,3.2677561915544415
Cntnap_hom,OFT-0374-00,medium,225,4.498926897020152,0.9971910112359551,0.9971910112359551,2.565238878107519,3.208650804451562
Cntnap_hom,OFT-0383-00,fast,226,4.596730455949665,0.9971910112359551,0.9971910112359551,2.4179952131396525,2.970196476474851
Cntnap_hom,OFT-0383-00,medium,227,4.86769253162697,0.9971910112359551,0.9971910112359551,2.6097579732758494,3.2595584205739514
Cntnap_hom,OFT-0383-00,slow,228,5.255634243464061,0.9971910112359551,0.9971910112359551,2.7353010560162954,3.4102000760559843
Cntnap_hom,OFT-0388-00,slow,229,4.5927030330889504,0.9971910112359551,0.9971910112359551,2.605948449506798,3.2570667638536066
Cntnap_hom,OFT-0388-00,medium,230,5.387850885823028,0.9971910112359551,0.9971910112359551,2.5023419597408902,3.2114779698937634
Cntnap_hom,OFT-0388-00,fast,231,4.5809872456739775,0.9971910112359551,0.9971910112359551,2.4885033955554903,3.12270507495643
Cntnap_hom,OFT-0389-00,slow,232,6.494699582795592,0.9971910112359551,0.9971910112359551,2.4868316634575565,3.159049577729692
Cntnap_hom,OFT-0389-00,medium,233,4.778224014868262,0.9971910112359551,0.9971910112359551,2.4702034659783036,3.1319861734602674
Cntnap_hom,OFT-0389-00,fast,234,4.678812115469377,0.9971910112359551,0.9971910112359551,2.440847537643669,3.099782614538973
Cntnap_hom,OFT-0390-00,slow,235,4.41077687437865,0.9971910112359551,0.9971910112359551,2.4202934703855608,3.0186381850534163
Cntnap_hom,OFT-0390-00,medium,236,4.601164177067213,0.9971910112359551,0.9971910112359551,2.479071840454551,3.130583578905005
Cntnap_hom,OFT-0390-00,fast,237,4.800110602793496,0.9971910112359551,0.9971910112359551,2.396142662180643,3.105196267605834
Cntnap_hom,OFT-0400-00,fast,238,4.811101354670912,0.9971910112359551,0.9971910112359551,2.461768531741527,3.082554312105862
Cntnap_hom,OFT-0400-00,medium,239,4.587675650484244,0.9971910112359551,0.9971910112359551,2.465599250863861,3.0942457119706317
Cntnap_hom,OFT-0400-00,slow,240,4.644603706338966,0.9971910112359551,0.9971910112359551,2.6363066870084464,3.3144790582878296
Cntnap_hom,OFT-0401-00,fast,241,4.817311893492637,0.9971910112359551,0.9971910112359551,2.5306181404928476,3.166339637531658
Cntnap_hom,OFT-0401-00,slow,242,5.078181985116546,0.9971910112359551,0.9971910112359551,2.7416813208943234,3.3839511615517592
Cntnap_hom,OFT-0401-00,medium,243,5.061641707831045,0.9971910112359551,0.9971910112359551,2.500624282163804,3.114831279922481
Cntnap_hom,OFT-0402-00,fast,244,4.403134176614742,0.9971910112359551,0.9971910112359551,2.4330738904988953,3.0932270449408747
Cntnap_hom,OFT-0402-00,slow,245,4.779709607170428,0.9971910112359551,0.9971910112359551,2.6686528521800215,3.2465237267015574
Cntnap_hom,OFT-0402-00,medium,246,4.86298584739859,0.9971910112359551,0.9971910112359551,2.483973905135465,3.239813802995043
Cntnap_hom,OFT-0404-00,fast,247,4.676957540197361,0.9971910112359551,0.9971910112359551,2.453872895137233,3.138592907383252
Cntnap_hom,OFT-0404-00,slow,248,4.611424555791347,0.9971910112359551,0.9971910112359551,2.7075919095486283,3.4153051234374856
Cntnap_hom,OFT-0404-00,medium,249,4.468268952806316,0.9971910112359551,0.9971910112359551,2.524925545192283,3.092074150812389
Cntnap_hom,OFT-0405-00,fast,250,5.082663123808335,0.9971910112359551,0.9971910112359551,2.5602713824588785,3.3028029182000127
Cntnap_hom,OFT-0405-00,medium,251,4.87501709911695,0.9971910112359551,0.9971910112359551,2.595305779836206,3.282892180381932
Cntnap_hom,OFT-0405-00,slow,252,5.141904114682322,0.9971910112359551,0.9971910112359551,2.678811498227487,3.337435234128291
Cntnap_hom,OFT-0406-00,fast,253,4.6773584329461855,0.9971910112359551,0.9971910112359551,2.4189141278504205,3.0332342430435655
Cntnap_hom,OFT-0406-00,medium,254,4.860979467499649,0.9971910112359551,0.9971910112359551,2.5522018865431573,3.2761926920871343
Cntnap_hom,OFT-0406-00,slow,255,5.342118006183059,0.9971910112359551,0.9971910112359551,2.7235012299770847,3.4989021446493527
Cntnap_hom,OFT-0416-00,fast,256,4.8397487339629635,0.9971910112359551,0.9971910112359551,2.371386343329411,3.0857271697197803
Cntnap_hom,OFT-0416-00,medium,257,4.677005335014004,0.9971910112359551,0.9971910112359551,2.565687513877432,3.278864890689158
Cntnap_hom,OFT-0416-00,slow,258,4.631794872312734,0.9971910112359551,0.9971910112359551,2.635986051341085,3.381376193509756
Cntnap_hom,OFT-0417-00,fast,259,4.594049101866325,0.9971910112359551,0.9971910112359551,2.522843386968213,3.1888267937190258
Cntnap_hom,OFT-0417-00,medium,260,5.094270141712349,0.9971910112359551,0.9971910112359551,2.620420845884055,3.3276349385989397
Cntnap_hom,OFT-0417-00,slow,261,4.913283554180215,0.9971910112359551,0.9971910112359551,2.553971965530835,3.1746057143456055
Cntnap_hom,OFT-0418-00,fast,262,4.946084967468959,0.9971910112359551,0.9971910112359551,2.5687016640963587,3.3116771297399596
Cntnap_hom,OFT-0418-00,slow,263,4.5868381837172585,0.9971910112359551,0.9971910112359551,2.6740015730847655,3.3901306579888217
Cntnap_hom,OFT-0418-00,medium,264,4.839481936299573,0.9971910112359551,0.9971910112359551,2.6517374945021994,3.2199619051582986
Cntnap_hom,OFT-0422-00,slow,265,4.560736801661672,0.9971910112359551,0.9971910112359551,2.7038875553312995,3.2894669323776564
Cntnap_hom,OFT-0422-00,fast,266,4.7867882478737025,0.9971910112359551,0.9971910112359551,2.4635694796078003,3.117451973085573
Cntnap_hom,OFT-0422-00,medium,267,4.781597979480196,0.9971910112359551,0.9971910112359551,2.557675450426346,3.2348761174448115
Cntnap_hom,OFT-0433-00,medium,268,4.9209737452534545,0.9971910112359551,0.9971910112359551,2.635392515149924,3.2735274072198406
Cntnap_hom,OFT-0433-00,slow,269,4.650273683476987,0.9971910112359551,0.9971910112359551,2.6031459542820112,3.268494197138
Cntnap_hom,OFT-0433-00,fast,270,4.806883174032766,0.9971910112359551,0.9971910112359551,2.442204737645635,3.1284710287769477
Cntnap_hom,OFT-0445-00,fast,271,4.749129061770724,0.9971910112359551,0.9971910112359551,2.5994739434270304,3.313590553525086
Cntnap_hom,OFT-0445-00,medium,272,5.012590189549288,0.9971910112359551,0.9971910112359551,2.674817830283169,3.2533700674232757
Cntnap_hom,OFT-0445-00,slow,273,3.965795118218942,0.9971910112359551,0.9971910112359551,2.624575637892608,3.012127119135935
Cntnap_hom,OFT-0449-00,fast,274,4.643706490811413,0.9971910112359551,0.9971910112359551,2.5329131107362417,3.1528299919172897
Cntnap_hom,OFT-0449-00,medium,275,4.9079893605871625,0.9971910112359551,0.9971910112359551,2.7564689079367337,3.3733139170616115
Cntnap_hom,OFT-0449-00,slow,276,4.587073816298964,0.9971910112359551,0.9971910112359551,2.5615293858345023,3.1075352153662057
Cntnap_hom,OFT-0517-00,fast,277,4.952864895821795,0.9971910112359551,0.9971910112359551,2.429427695121276,3.153035704934101
Cntnap_hom,OFT-0517-00,medium,278,4.687842681359341,0.9971910112359551,0.9971910112359551,2.4851236135197086,3.1133927338681473
Cntnap_hom,OFT-0517-00,slow,279,4.624850408296286,0.9971910112359551,0.9971910112359551,2.547639558426662,3.212323007582352
Cntnap_hom,OFT-0518-00,slow,280,4.592784141216816,0.9971910112359551,0.9971910112359551,2.628692551146597,3.276617496429097
Cntnap_hom,OFT-0518-00,medium,281,4.844891547998765,0.9971910112359551,0.9971910112359551,2.5359544421851283,3.217435034241701
Cntnap_hom,OFT-0518-00,fast,282,4.619504593625266,0.9971910112359551,0.9971910112359551,2.485755144573147,3.1239411294049915
Cntnap_hom,OFT-0521-00,slow,283,5.277464719963453,0.9971910112359551,0.9971910112359551,2.5362761946439134,3.2104179116364464
Cntnap_hom,OFT-0521-00,medium,284,4.893854748294377,0.9971910112359551,0.9971910112359551,2.5331762251714824,3.235779956132575
Cntnap_hom,OFT-0521-00,fast,285,4.554394307756652,0.9971910112359551,0.9971910112359551,2.4145445785557795,3.0431024214890745
Cntnap_hom,OFT-0522-00,fast,286,5.278401592153797,0.9971910112359551,0.9971910112359551,2.4758764956600925,3.142833082805099
Cntnap_hom,OFT-0522-00,medium,287,4.883467184329627,0.9971910112359551,0.9971910112359551,2.5823965115725676,3.2311612044801534
Cntnap_hom,OFT-0522-00,slow,288,4.38018152900914,0.9971910112359551,0.9971910112359551,2.576865163337019,3.1226841574562085
Cntnap_hom,OFT-0533-00,fast,289,4.709986045486724,0.9971910112359551,0.9971910112359551,2.4240589038004146,3.0626927216353943
Cntnap_hom,OFT-0533-00,medium,290,4.604067341136578,0.9971910112359551,0.9971910112359551,2.580268007057151,3.172888613097349
Cntnap_hom,OFT-0533-00,slow,291,4.666880793223608,0.9971910112359551,0.9971910112359551,2.674713433279426,3.250146813474056
Cntnap_hom,OFT-0535-00,fast,292,4.743730659449381,0.9971910112359551,0.9971910112359551,2.553546838289147,3.2146487876100496
Cntnap_hom,OFT-0535-00,slow,293,4.61177977702043,0.9971910112359551,0.9971910112359551,2.7239878060571336,3.3779201606857026
Cntnap_hom,OFT-0535-00,medium,294,5.0373135649101455,0.9971910112359551,0.9971910112359551,2.660817148587411,3.3601376133291705
Cntnap_hom,OFT-0540-00,medium,295,4.965385976678056,0.9971910112359551,0.9971910112359551,2.679268455487769,3.319528417191101
Cntnap_hom,OFT-0540-00,slow,296,4.885909754106728,0.9971910112359551,0.9971910112359551,2.7738542902467183,3.3801609043178864
Cntnap_hom,OFT-0540-00,fast,297,4.775607135014961,0.9971910112359551,0.9971910112359551,2.5004243138089253,3.181577313161513
Cntnap_hom,OFT-0541-00,medium,298,4.872371420981256,0.9971910112359551,0.9971910112359551,2.643047073252463,3.2749519122832025
Cntnap_hom,OFT-0541-00,fast,299,4.530063456758242,0.9971910112359551,0.9971910112359551,2.438746650076202,3.042256879887323
Cntnap_hom,OFT-0541-00,slow,300,4.792486804760497,0.9971910112359551,0.9971910112359551,2.70115523212544,3.3223551090902723
Cntnap_hom,OFT-0546-00,slow,301,5.811454028682768,0.9971910112359551,0.9971910112359551,2.611803214484717,3.2336120968149533
Cntnap_hom,OFT-0546-00,medium,302,4.645158218084471,0.9971910112359551,0.9971910112359551,2.4644461120157115,3.059858184846026
Cntnap_hom,OFT-0546-00,fast,303,4.752238519575875,0.9971910112359551,0.9971910112359551,2.511324664844633,3.189350949775999
Cntnap_hom,OFT-0548-00,slow,304,5.0487625922012365,0.9971910112359551,0.9971910112359551,2.4353327273350627,3.127077506987324
Cntnap_hom,OFT-0548-00,fast,305,4.57185160499982,0.9971910112359551,0.9971910112359551,2.430666118072928,3.0780756332700916
Cntnap_hom,OFT-0548-00,medium,306,4.7188050723935255,0.9971910112359551,0.9971910112359551,2.53167311323585,3.189287308606598
Cntnap_hom,OFT-0580-00,fast,307,4.517678947083848,0.9971910112359551,0.9971910112359551,2.4858365699454716,3.0744318771211523
Cntnap_hom,OFT-0580-00,slow,308,4.688625979721346,0.9971910112359551,0.9971910112359551,2.7993393045712205,3.4722676860844475
Cntnap_hom,OFT-0580-00,medium,309,5.009523635578986,0.9971910112359551,0.9971910112359551,2.625569451258533,3.308452877215201
Cntnap_hom,OFT-0581-00,fast,310,4.766111514139127,0.9971910112359551,0.9971910112359551,2.5199295920796856,3.2520932037240082
Cntnap_hom,OFT-0581-00,medium,311,4.5518451999214475,0.9971910112359551,0.9971910112359551,2.583066009608869,3.228167668372721
Cntnap_hom,OFT-0581-00,slow,312,5.358201491667119,0.9971910112359551,0.9971910112359551,2.652491300894376,3.380479769261989
Cntnap_hom,OFT-0583-00,fast,313,4.482125312655543,0.9971910112359551,0.9971910112359551,2.432469759169576,3.0301221729185115
Cntnap_hom,OFT-0583-00,medium,314,4.375068821897044,0.9971910112359551,0.9971910112359551,2.41940109419427,3.0605412664238987
Cntnap_hom,OFT-0583-00,slow,315,4.48665797710407,0.9971910112359551,0.9971910112359551,2.554247516894942,3.2636695712747263
Cntnap_hom,OFT-0584-00,slow,316,4.557820636446164,0.9971910112359551,0.9971910112359551,2.6015909292930584,3.2089673719213874
Cntnap_hom,OFT-0584-00,medium,317,4.8045485836705675,0.9971910112359551,0.9971910112359551,2.5367423701514022,3.1469219911605735
Cntnap_hom,OFT-0584-00,fast,318,4.559185467380535,0.9971910112359551,0.9971910112359551,2.4268773147096097,3.008031859294222
Cntnap_hom,OFT-0599-00,medium,319,4.760157656819807,0.9971910112359551,0.9971910112359551,2.5151447987418987,3.161602369507049
Cntnap_hom,OFT-0599-00,fast,320,4.478342819574336,0.9971910112359551,0.9971910112359551,2.3327697595510544,2.918641516110082
Cntnap_hom,OFT-0599-00,slow,321,4.6916318569234985,0.9971910112359551,0.9971910112359551,2.632583074872698,3.2285692322964654
Cntnap_hom,OFT-0605-00,fast,322,4.734001796019095,0.9971910112359551,0.9971910112359551,2.3942128818225337,3.08573653727767
Cntnap_hom,OFT-0605-00,medium,323,5.306450222115436,0.9971910112359551,0.9971910112359551,2.5029301836196662,3.2191769620412094
Cntnap_hom,OFT-0605-00,slow,324,4.638084291864348,0.9971910112359551,0.9971910112359551,2.7576854394548085,3.448676616422503
Cntnap_hom,OFT-0613-00,fast,325,4.704053537319651,0.9971910112359551,0.9971910112359551,2.358662051616175,2.9822121824706107
Cntnap_hom,OFT-0613-00,slow,326,5.137947576286316,0.9971910112359551,0.9971910112359551,2.631628402870951,3.3537165610723685
Cntnap_hom,OFT-0613-00,medium,327,4.877195476756724,0.9971910112359551,0.9971910112359551,2.4703746977786514,3.1347307535327817
Cntnap_neg,OFT-0365-00,medium,328,4.78285632257347,0.9971910112359551,0.9971910112359551,2.6154383895230526,3.2726070112205026
Cntnap_neg,OFT-0365-00,fast,329,4.640758026548056,0.9971910112359551,0.9971910112359551,2.5266889125717906,3.1063528224463126
Cntnap_neg,OFT-0365-00,slow,330,4.7192039730439905,0.9971910112359551,0.9971910112359551,2.6473290989971,3.216581663721756
Cntnap_neg,OFT-0370-00,slow,331,4.850477887368341,0.9971910112359551,0.9971910112359551,2.631049145784687,3.245931454172669
Cntnap_neg,OFT-0370-00,medium,332,4.665338208293653,0.9971910112359551,0.9971910112359551,2.5845275099220038,3.19544319498179
Cntnap_neg,OFT-0370-00,fast,333,5.305621080901588,0.9971910112359551,0.9971910112359551,2.6093619904033187,3.2830282880303896
Cntnap_neg,OFT-0375-00,fast,334,4.82627693036712,0.9971910112359551,0.9971910112359551,2.569859796415112,3.183916928622081
Cntnap_neg,OFT-0375-00,medium,335,4.878616099006898,0.9971910112359551,0.9971910112359551,2.753087359410421,3.3766581325555527
Cntnap_neg,OFT-0375-00,slow,336,6.033386745845672,0.9971910112359551,0.9971910112359551,2.7955882479592353,3.4133618006473934
Cntnap_neg,OFT-0384-00,fast,337,4.887289852701583,0.9971910112359551,0.9971910112359551,2.4230242185398625,3.119812394778227
Cntnap_neg,OFT-0384-00,medium,338,5.001618255633321,0.9971910112359551,0.9971910112359551,2.638428185915442,3.2118679292831778
Cntnap_neg,OFT-0384-00,slow,339,5.014171266976145,0.9971910112359551,0.9971910112359551,2.7967214120500756,3.3171478622600103
Cntnap_neg,OFT-0426-00,slow,340,4.594924124204446,0.9971910112359551,0.9971910112359551,2.617204310564415,3.176644194197484
Cntnap_neg,OFT-0426-00,fast,341,5.220624017971614,0.9971910112359551,0.9971910112359551,2.639597581062192,3.3063002764887885
Cntnap_neg,OFT-0426-00,medium,342,4.854687437559784,0.9971910112359551,0.9971910112359551,2.6322371735666428,3.3085937513084063
Cntnap_neg,OFT-0427-00,medium,343,4.900710876061212,0.9971910112359551,0.9971910112359551,2.585492252361855,3.2238551528434334
Cntnap_neg,OFT-0427-00,slow,344,5.14241188526421,0.9971910112359551,0.9971910112359551,2.7360809761008,3.416368464058708
Cntnap_neg,OFT-0427-00,fast,345,4.62612554881796,0.9971910112359551,0.9971910112359551,2.527903394850923,3.0811701197496815
Cntnap_neg,OFT-0429-00,fast,346,4.923266160302649,0.9971910112359551,0.9971910112359551,2.559610213263624,3.219820575951371
Cntnap_neg,OFT-0429-00,medium,347,4.8934094882985555,0.9971910112359551,0.9971910112359551,2.6374934686165217,3.228676813461268
Cntnap_neg,OFT-0429-00,slow,348,4.879320133156854,0.9971910112359551,0.9971910112359551,2.7649787252207556,3.391494109980613
Cntnap_neg,OFT-0435-00,slow,349,4.756293658895263,0.9438202247191011,0.9438202247191011,2.9652546589964017,3.6740287796428364
Cntnap_neg,OFT-0435-00,medium,350,4.557397554627366,0.9971910112359551,0.9971910112359551,2.7792973440093904,3.354290874550289
Cntnap_neg,OFT-0435-00,fast,351,4.788386152353232,0.9971910112359551,0.9971910112359551,2.715467087849422,3.2853674064687683
Cntnap_neg,OFT-0437-00,fast,352,4.639541772432965,0.9971910112359551,0.9971910112359551,2.6050827203116826,3.2636612289084006
Cntnap_neg,OFT-0437-00,medium,353,4.799997848828109,0.9971910112359551,0.9971910112359551,2.651118496059737,3.2277157189196752
Cntnap_neg,OFT-0437-00,slow,354,4.780450404970447,0.9971910112359551,0.9971910112359551,2.795728521454632,3.38781707774485
Cntnap_neg,OFT-0440-00,medium,355,4.754276779690497,0.9971910112359551,0.9971910112359551,2.7468728887280034,3.2915056382952623
Cntnap_neg,OFT-0440-00,fast,356,4.937867454091523,0.9971910112359551,0.9971910112359551,2.6004729915342066,3.2227745800292356
Cntnap_neg,OFT-0440-00,slow,357,5.596202028356406,0.9971910112359551,0.9971910112359551,2.814259270562737,3.4322655897604206
Cntnap_neg,OFT-0441-00,slow,358,5.070735979132234,0.9971910112359551,0.9971910112359551,2.7433881150184347,3.423538117201056
Cntnap_neg,OFT-0441-00,fast,359,4.599208976096215,0.9971910112359551,0.9971910112359551,2.462596572481232,3.1213877668263605
Cntnap_neg,OFT-0441-00,medium,360,4.863215013422786,0.9971910112359551,0.9971910112359551,2.627242219652397,3.296267025013931
Cntnap_neg,OFT-0451-00,fast,361,4.82450863897019,0.9971910112359551,0.9971910112359551,2.5736814916132076,3.2690798032896136
Cntnap_neg,OFT-0451-00,medium,362,4.750568680536117,0.9971910112359551,0.9971910112359551,2.6762399883197943,3.3001903437712987
Cntnap_neg,OFT-0451-00,slow,363,4.275559839904964,0.9971910112359551,0.9971910112359551,2.3800133397940497,3.114123125204707
Cntnap_neg,OFT-0453-00,fast,364,5.374293582481067,0.9971910112359551,0.9971910112359551,2.5716260539129654,3.1113286353293965
Cntnap_neg,OFT-0455-00,fast,365,4.879162641221472,0.9971910112359551,0.9971910112359551,2.6294099393704706,3.2350046923177858
Cntnap_neg,OFT-0455-00,medium,366,5.487629036668089,0.9971910112359551,0.9971910112359551,2.569612441364083,3.0690437557071166
Cntnap_neg,OFT-0455-00,slow,367,4.8399380804130425,0.9971910112359551,0.9971910112359551,2.813442185418215,3.4034891354854326
Cntnap_neg,OFT-0495-00,medium,368,4.866227641510182,0.9971910112359551,0.9971910112359551,2.676394190159115,3.2621728204229727
Cntnap_neg,OFT-0495-00,fast,369,4.823925280300888,0.9971910112359551,0.9971910112359551,2.5853215217267245,3.2339526293972485
Cntnap_neg,OFT-0495-00,slow,370,4.640195277271174,0.9971910112359551,0.9971910112359551,2.8061641544040445,3.4589757785810016
Cntnap_neg,OFT-0497-00,fast,371,4.865247991287704,0.9971910112359551,0.9971910112359551,2.6068472875144533,3.2395660363023606
Cntnap_neg,OFT-0497-00,medium,372,4.872720048654019,0.9971910112359551,0.9971910112359551,2.6832406572784953,3.2503157025277525
Cntnap_neg,OFT-0497-00,slow,373,4.833038837251687,0.9971910112359551,0.9971910112359551,2.6546847345169806,3.291219875758769
Cntnap_neg,OFT-0504-00,fast,374,4.9435723334574355,0.9971910112359551,0.9971910112359551,2.654680175136299,3.283054650852873
Cntnap_neg,OFT-0504-00,medium,375,4.509479747628081,0.9971910112359551,0.9971910112359551,2.562426220129276,3.1271062571303867
Cntnap_neg,OFT-0504-00,slow,376,4.927286605290121,0.9971910112359551,0.9971910112359551,2.836085017247037,3.440857817680674
Cntnap_neg,OFT-0509-00,fast,377,5.349082669869418,0.9971910112359551,0.9971910112359551,2.711305347923677,3.382832189430669
Cntnap_neg,OFT-0509-00,medium,378,5.5448471659431595,0.9971910112359551,0.9971910112359551,2.7559282101450426,3.3856930696946312
Cntnap_neg,OFT-0509-00,slow,379,4.666141271787741,0.9971910112359551,0.9971910112359551,2.720043928807926,3.3131733401094694
Cntnap_neg,OFT-0515-00,slow,380,5.893078085610132,0.9971910112359551,0.9971910112359551,2.5811560881774236,3.294632548796051
Cntnap_neg,OFT-0515-00,medium,381,4.7953978867390745,0.9971910112359551,0.9971910112359551,2.5731101412110062,3.280396818813279
Cntnap_neg,OFT-0515-00,fast,382,4.756835749705315,0.9971910112359551,0.9971910112359551,2.4622503826703515,3.100444509845995
Cntnap_neg,OFT-0524-00,slow,383,4.725249180214725,0.9971910112359551,0.9971910112359551,2.6388517082452405,3.233192269744205
Cntnap_neg,OFT-0524-00,medium,384,5.000169312815094,0.9971910112359551,0.9971910112359551,2.6253838750903187,3.254249195362929
Cntnap_neg,OFT-0524-00,fast,385,4.803221050339368,0.9971910112359551,0.9971910112359551,2.5482225598185173,3.1981827584756832
Cntnap_neg,OFT-0528-00,fast,386,4.894169656985369,0.9971910112359551,0.9971910112359551,2.5627878630225305,3.264372232086139
Cntnap_neg,OFT-0528-00,medium,387,4.686853086067819,0.9971910112359551,0.9971910112359551,2.6744705272045897,3.358162763579764
Cntnap_neg,OFT-0528-00,slow,388,4.614951393210725,0.9971910112359551,0.9971910112359551,2.7398063320730457,3.383333870472928
Cntnap_neg,OFT-0543-00,medium,389,4.822086505959186,0.9971910112359551,0.9971910112359551,2.5625034346899445,3.26544879008776
Cntnap_neg,OFT-0543-00,fast,390,4.606922459047607,0.9971910112359551,0.9971910112359551,2.4309212204307564,3.0985034032964647
Cntnap_neg,OFT-0543-00,slow,391,4.80183576378522,0.9971910112359551,0.9971910112359551,2.7134725737457495,3.3640941650423057
Cntnap_neg,OFT-0547-00,slow,392,5.34765299648425,0.9971910112359551,0.9971910112359551,2.601759566663503,3.184824856964681
Cntnap_neg,OFT-0547-00,medium,393,4.566399928531155,0.9971910112359551,0.9971910112359551,2.534827484589343,3.13746164356835
Cntnap_neg,OFT-0547-00,fast,394,4.662061360191703,0.9971910112359551,0.9971910112359551,2.5459357524500685,3.2276594292500205
Cntnap_neg,OFT-0549-00,slow,395,4.875090634476346,0.9971910112359551,0.9971910112359551,2.646814748084993,3.2662246183390047
Cntnap_neg,OFT-0549-00,fast,396,4.750564217370759,0.9971910112359551,0.9971910112359551,2.5057298342547867,3.1595204033041933
Cntnap_neg,OFT-0549-00,medium,397,5.10725863188364,0.9971910112359551,0.9971910112359551,2.656885271125977,3.3436809880066365
Cntnap_neg,OFT-0582-00,slow,398,4.320589782434644,0.9971910112359551,0.9971910112359551,2.503393212819748,3.0336079652978247
Cntnap_neg,OFT-0582-00,medium,399,5.0813467384421225,0.9971910112359551,0.9971910112359551,2.615927234841357,3.2628500625788486
Cntnap_neg,OFT-0582-00,fast,400,4.606461074569669,0.9971910112359551,0.9971910112359551,2.4816296174635806,3.0286490893362417
Cntnap_neg,OFT-0585-00,slow,401,4.701854697266413,0.9971910112359551,0.9971910112359551,2.68914937421123,3.3929519693052343
Cntnap_neg,OFT-0585-00,medium,402,4.817221296521223,0.9971910112359551,0.9971910112359551,2.5380444219061715,3.20512406821054
Cntnap_neg,OFT-0585-00,fast,403,4.7170565080781595,0.9971910112359551,0.9971910112359551,2.490278172768065,3.1580604361542415
Cntnap_neg,OFT-0598-00,fast,404,4.817778138439748,0.9971910112359551,0.9971910112359551,2.5064999737709908,3.1968216466718222
Cntnap_neg,OFT-0598-00,slow,405,4.365999905586133,0.9971910112359551,0.9971910112359551,2.571374165969696,3.136665614596467
Cntnap_neg,OFT-0598-00,medium,406,4.730055923626105,0.9971910112359551,0.9971910112359551,2.59158770874262,3.2519285658792656
Cntnap_neg,OFT-0606-00,fast,407,4.905994777918411,0.9971910112359551,0.9971910112359551,2.5605714335644842,3.268707765520595
Cntnap_neg,OFT-0606-00,slow,408,4.902514932091497,0.9971910112359551,0.9971910112359551,2.666773314155125,3.3193626829206515
Cntnap_neg,OFT-0606-00,medium,409,5.021619469611537,0.9971910112359551,0.9971910112359551,2.696626678042,3.330044043509825
Cntnap_neg,OFT-0612-00,fast,410,4.656419247443359,0.9971910112359551,0.9971910112359551,2.4749738234513785,3.1189740961140995
Cntnap_neg,OFT-0612-00,slow,411,5.412208474324045,0.9971910112359551,0.9971910112359551,2.6342264725881663,3.3595518636879813
Cntnap_neg,OFT-0612-00,medium,412,4.749335225746785,0.9971910112359551,0.9971910112359551,2.539914648771347,3.2380729279250824
Cntnap_neg,OFT-0642-00,slow,413,4.433271451738295,0.9971910112359551,0.9971910112359551,2.56459974814712,3.2179302107659074
Cntnap_neg,OFT-0642-00,medium,414,4.935367805806486,0.9971910112359551,0.9971910112359551,2.600407023200423,3.321547454582461
Cntnap_neg,OFT-0642-00,fast,415,4.641335225152366,0.9971910112359551,0.9971910112359551,2.5424131381500015,3.259552077728372
Cntnap_neg,OFT-0646-00,slow,416,4.747695014790904,0.9971910112359551,0.9971910112359551,2.5830816698477688,3.289124955427835
Cntnap_neg,OFT-0646-00,medium,417,4.703584157638653,0.9971910112359551,0.9971910112359551,2.560997030535506,3.197248322592668
Cntnap_neg,OFT-0646-00,fast,418,4.793419457478196,0.9971910112359551,0.9971910112359551,2.5780138753928363,3.2734460751112304
Cntnap_neg,OFT-0651-00,slow,419,3.9586783787945854,0.9971910112359551,0.9971910112359551,2.2863063484625603,2.9089544159403973
Cntnap_neg,OFT-0651-00,medium,420,4.540575521992592,0.9971910112359551,0.9971910112359551,2.6346495759429964,3.200008381860862
Cntnap_neg,OFT-0651-00,fast,421,4.869413321518909,0.9971910112359551,0.9971910112359551,2.536953752151568,3.232472286013214
Cntnap_neg,OFT-0655-00,slow,422,4.729720061728637,0.9971910112359551,0.9971910112359551,2.6403242378737075,3.2484322578052893
Cntnap_neg,OFT-0655-00,medium,423,4.908683780811889,0.9971910112359551,0.9971910112359551,2.585046310596627,3.274083061386864
Cntnap_neg,OFT-0655-00,fast,424,4.9046297129221665,0.9971910112359551,0.9971910112359551,2.5291346894761526,3.2343477850532083
Cntnap_neg,OFT-0663-00,fast,425,4.675556979077447,0.9971910112359551,0.9971910112359551,2.500719131137627,3.137951027579588
Cntnap_neg,OFT-0663-00,medium,426,5.072220311740709,0.9971910112359551,0.9971910112359551,2.6955063609264305,3.275759768170786
Cntnap_neg,OFT-0663-00,slow,427,5.079828242667649,0.9971910112359551,0.9971910112359551,2.7736322942909037,3.4972636510065866
Cntnap_neg,OFT-0667-00,medium,428,5.231310554529422,0.9971910112359551,0.9971910112359551,2.6449393445406426,3.338296472547158
Cntnap_neg,OFT-0667-00,slow,429,4.556270423721442,0.9971910112359551,0.9971910112359551,2.7244686443817785,3.3211382357439745
Cntnap_neg,OFT-0667-00,fast,430,4.8783297573030335,0.9971910112359551,0.9971910112359551,2.5421772997412257,3.2191696119495057
Cntnap_neg,OFT-0677-00,fast,431,4.8153377186643045,0.9971910112359551,0.9971910112359551,2.5331292588640317,3.207795951993046
Cntnap_neg,OFT-0677-00,medium,432,4.9690810106906875,0.9971910112359551,0.9971910112359551,2.6440385231897667,3.2678005459398127
Cntnap_neg,OFT-0677-00,slow,433,4.578018583829785,0.9971910112359551,0.9971910112359551,2.7393368107541276,3.417160663257215
Cntnap_neg,OFT-0686-00,fast,434,4.7339933433391295,0.9971910112359551,0.9971910112359551,2.522319766838054,3.1682462265416844
Cntnap_neg,OFT-0686-00,medium,435,5.159059658009898,0.9971910112359551,0.9971910112359551,2.6777173712435536,3.318862630634102
Cntnap_neg,OFT-0686-00,slow,436,4.461856432470388,0.9971910112359551,0.9971910112359551,2.751102855493112,3.4248715412455057
Cntnap_neg,OFT-0688-00,slow,437,5.918557681812762,0.9971910112359551,0.9971910112359551,2.5915080192661883,3.3036551560478076
Cntnap_neg,OFT-0688-00,medium,438,4.868665462030184,0.9971910112359551,0.9971910112359551,2.6150693634533497,3.2592193303044517
Cntnap_neg,OFT-0688-00,fast,439,4.8073776772874925,0.9971910112359551,0.9971910112359551,2.5021774809926347,3.140239400686667
Cntnap_neg,OFT-0689-00,medium,440,5.430449475355448,0.9971910112359551,0.9971910112359551,2.5854993445045746,3.2238658431617226
Cntnap_neg,OFT-0689-00,slow,441,4.538549471874878,0.9971910112359551,0.9971910112359551,2.598798354959787,3.1444242217665437
Cntnap_neg,OFT-0689-00,fast,442,5.119100766578941,0.9971910112359551,0.9971910112359551,2.5646594403460377,3.284973687442885
Cntnap_neg,OFT-0690-00,slow,443,5.143191811001486,0.9971910112359551,0.9971910112359551,2.6353033519283953,3.226437481971462
Cntnap_neg,OFT-0690-00,medium,444,5.614173044221763,0.9971910112359551,0.9971910112359551,2.576730492925566,3.2835483493726905
Cntnap_neg,OFT-0690-00,fast,445,5.17539172313922,0.9971910112359551,0.9971910112359551,2.5710843841757094,3.214590669752488
Cntnap_neg,OFT-0691-00,slow,446,4.5470473873228165,0.9971910112359551,0.9971910112359551,2.5564088897239863,3.265954975217151
Cntnap_neg,OFT-0691-00,fast,447,4.607004709735592,0.9971910112359551,0.9971910112359551,2.4160088887859743,3.0650130396383384
Cntnap_neg,OFT-0691-00,medium,448,4.847842341898613,0.9971910112359551,0.9971910112359551,2.5501836319187645,3.2093512602976197
Cntnap_neg,OFT-0692-00,slow,449,4.569486709575959,0.9971910112359551,0.9971910112359551,2.565239484741051,3.136700344408069
Cntnap_neg,OFT-0692-00,fast,450,4.817940629074105,0.9971910112359551,0.9971910112359551,2.5169480314911787,3.2222627709552967
Cntnap_neg,OFT-0692-00,medium,451,5.1146282081077965,0.9971910112359551,0.9971910112359551,2.6479478386069064,3.34542319938373
Cntnap_neg,OFT-0695-00,medium,452,4.401847181849721,0.9971910112359551,0.9971910112359551,2.3625901037618937,3.0044030944054914
Cntnap_neg,OFT-0695-00,fast,453,4.686584662650569,0.9971910112359551,0.9971910112359551,2.433566815239212,3.108461031048805
Cntnap_neg,OFT-0695-00,slow,454,4.415011432506395,0.9971910112359551,0.9971910112359551,2.676532284487476,3.273490584964729
Cntnap_neg,OFT-0696-00,fast,455,4.819586516906213,0.9971910112359551,0.9971910112359551,2.5326971233579805,3.177228698220838
Cntnap_neg,OFT-0696-00,slow,456,5.804831544142339,0.9971910112359551,0.9971910112359551,2.733566074775549,3.3953862285040377
Cntnap_neg,OFT-0696-00,medium,457,4.7819540724070855,0.9971910112359551,0.9971910112359551,2.664569362861151,3.248286380158892
Cntnap_neg,OFT-0697-00,medium,458,4.708176792418483,0.9971910112359551,0.9971910112359551,2.707773046188111,3.380178215439729
Cntnap_neg,OFT-0697-00,fast,459,4.789381172226207,0.9971910112359551,0.9971910112359551,2.514726642610333,3.1756714536517525
Cntnap_neg,OFT-0697-00,slow,460,4.866901981498491,0.9971910112359551,0.9971910112359551,2.6224458932893233,3.2899968595104783
Cntnap_neg,OFT-0698-00,fast,461,4.85283670443486,0.9971910112359551,0.9971910112359551,2.541473386530777,3.2129606240628066
Cntnap_neg,OFT-0698-00,medium,462,4.4540587029681955,0.9971910112359551,0.9971910112359551,2.475320223417655,2.9307322965873586
Cntnap_neg,OFT-0698-00,slow,463,4.557135067619468,0.9971910112359551,0.9971910112359551,2.6734049786342053,3.1833351023014695
Cntnap_neg,OFT-0699-00,fast,464,4.8722978858534125,0.9971910112359551,0.9971910112359551,2.512717817460217,3.2123479541829654
Cntnap_neg,OFT-0699-00,medium,465,4.822652340911466,0.9971910112359551,0.9971910112359551,2.6399668823552647,3.310289765695247
Cntnap_neg,OFT-0699-00,slow,466,4.795980884836251,0.9971910112359551,0.9971910112359551,2.634801799487821,3.2368026146478477
Cntnap_neg,OFT-0700-00,fast,467,4.843353055872137,0.9971910112359551,0.9971910112359551,2.542027699582911,3.2252140489502237
Cntnap_neg,OFT-0700-00,slow,468,4.638156243076174,0.9971910112359551,0.9971910112359551,2.7157811961786797,3.3371618572039132
Cntnap_neg,OFT-0700-00,medium,469,4.977253810646858,0.9971910112359551,0.9971910112359551,2.670518404633085,3.2587779507692285
Cntnap_neg,OFT-0701-00,fast,470,4.701688634578495,0.9971910112359551,0.9971910112359551,2.4874152769398723,3.1133400829580835
Cntnap_neg,OFT-0701-00,medium,471,5.227119077098736,0.9971910112359551,0.9971910112359551,2.6151209475964543,3.246470786818989
Cntnap_neg,OFT-0701-00,slow,472,5.209738953232898,0.9971910112359551,0.9971910112359551,2.663369671880936,3.2639852830899074
Cntnap_neg,OFT-0703-00,fast,473,4.813638437052092,0.9971910112359551,0.9971910112359551,2.5252180669179274,3.2128469637000223
Cntnap_neg,OFT-0703-00,slow,474,4.717731129728755,0.9971910112359551,0.9971910112359551,2.668087085792139,3.2549801174893798
Cntnap_neg,OFT-0703-00,medium,475,4.875583990893073,0.9971910112359551,0.9971910112359551,2.5756513914915,3.206888091801286
Cntnap_neg,OFT-0704-00,fast,476,4.65730377599753,0.9971910112359551,0.9971910112359551,2.4641678726495817,3.0129507942479976
Cntnap_neg,OFT-0704-00,slow,477,4.420635600981886,0.9971910112359551,0.9971910112359551,2.66057518325483,3.1904781038403622
Cntnap_neg,OFT-0704-00,medium,478,4.86211248829154,0.9971910112359551,0.9971910112359551,2.5677516874707402,3.236832347975225
Cntnap_neg,OFT-0705-00,fast,479,4.881719269475808,0.9971910112359551,0.9971910112359551,2.496651303803807,3.1049677415480317
Cntnap_neg,OFT-0705-00,medium,480,4.912952948091315,0.9971910112359551,0.9971910112359551,2.6268980899049046,3.3453460769454386
Cntnap_neg,OFT-0705-00,slow,481,4.8000879460422246,0.9971910112359551,0.9971910112359551,2.6776052671845147,3.2969100195531458
Cntnap_neg,OFT-0706-00,fast,482,4.962004215473032,0.9971910112359551,0.9971910112359551,2.5497959999534876,3.2219958334971257
Cntnap_neg,OFT-0706-00,medium,483,5.423044158702949,0.9971910112359551,0.9971910112359551,2.6599473769532387,3.269729399946437
Cntnap_neg,OFT-0706-00,slow,484,4.480700721468062,0.9971910112359551,0.9971910112359551,2.77965958914738,3.413489794444161
Cntnap_neg,OFT-0707-00,fast,485,5.086499046463581,0.9971910112359551,0.9971910112359551,2.5128344692709312,3.18003444177693
Cntnap_neg,OFT-0707-00,slow,486,4.633576491142265,0.9971910112359551,0.9971910112359551,2.699719401116308,3.3695218937258415
Cntnap_neg,OFT-0707-00,medium,487,4.211524584873579,0.9971910112359551,0.9971910112359551,2.405293817843005,2.8795141783124505
Cntnap_neg,OFT-0709-00,fast,488,4.947439626373299,0.9971910112359551,0.9971910112359551,2.526007280894189,3.2056108186388044
Cntnap_neg,OFT-0709-00,slow,489,4.599461610108019,0.9971910112359551,0.9971910112359551,2.7662255284345636,3.338784331714398
Cntnap_neg,OFT-0709-00,medium,490,4.991652415367986,0.9971910112359551,0.9971910112359551,2.601274524450159,3.2699474334399836
Cntnap_neg,OFT-0710-00,fast,491,5.131643935950526,0.9971910112359551,0.9971910112359551,2.568217544953217,3.255836125742047
Cntnap_neg,OFT-0710-00,medium,492,5.15464596148063,0.9971910112359551,0.9971910112359551,2.7013760258538793,3.307430507489168
Cntnap_neg,OFT-0710-00,slow,493,5.141446014759887,0.9971910112359551,0.9971910112359551,2.7822731560994267,3.3717553960941036
Cntnap_neg,OFT-0711-00,fast,494,4.844236747848252,0.9971910112359551,0.9971910112359551,2.513083442670712,3.1846701907587978
Cntnap_neg,OFT-0711-00,slow,495,6.167153333704354,0.9971910112359551,0.9971910112359551,2.719458818302999,3.424919226660923
Cntnap_neg,OFT-0711-00,medium,496,5.05705572618726,0.9971910112359551,0.9971910112359551,2.5811001177152235,3.235208655710194
TSC_het,OFT-0361-00,slow,497,4.790888012988829,0.9971910112359551,0.9971910112359551,2.7240687230308116,3.34160319870177
TSC_het,OFT-0361-00,fast,498,4.873195082120545,0.9971910112359551,0.9971910112359551,2.5803268604716627,3.2710388136071766
TSC_het,OFT-0361-00,medium,499,4.576014007222461,0.9971910112359551,0.9971910112359551,2.591552751526298,3.1565430011414093
TSC_het,OFT-0373-00,fast,500,4.854522875731669,0.9971910112359551,0.9971910112359551,2.649248066901385,3.353577977426192
TSC_het,OFT-0373-00,medium,501,4.9344470978000174,0.9971910112359551,0.9971910112359551,2.6451614666010808,3.2868107897546364
TSC_het,OFT-0373-00,slow,502,4.667265945614374,0.9971910112359551,0.9971910112359551,2.689629883474467,3.2323410358939904
TSC_het,OFT-0378-00,fast,503,4.654159098179456,0.9971910112359551,0.9971910112359551,2.6433594283632575,3.4155697852356464
TSC_het,OFT-0378-00,slow,504,4.274841422643262,0.9971910112359551,0.9971910112359551,2.711956649367908,3.2465341148184272
TSC_het,OFT-0378-00,medium,505,4.690972819840506,0.9971910112359551,0.9971910112359551,2.7350199459295386,3.399789810137168
TSC_het,OFT-0387-00,fast,506,4.651605390517115,0.9971910112359551,0.9971910112359551,2.425549977171422,3.2311769641062336
TSC_het,OFT-0387-00,medium,507,5.18781799134244,0.9971910112359551,0.9971910112359551,2.6688759288903934,3.3652322346358865
TSC_het,OFT-0387-00,slow,508,4.949927541253369,0.9971910112359551,0.9971910112359551,2.7704433806992017,3.416175811109985
TSC_het,OFT-0392-00,fast,509,4.600679136110222,0.9971910112359551,0.9971910112359551,2.5894629404932656,3.3066438073814313
TSC_het,OFT-0392-00,slow,510,4.4562435890192456,0.9971910112359551,0.9971910112359551,2.794831662645535,3.2953928549956255
TSC_het,OFT-0392-00,medium,511,4.559303269501557,0.9971910112359551,0.9971910112359551,2.6834110860313465,3.33828133292321
TSC_het,OFT-0393-00,slow,512,4.510709413700954,0.9971910112359551,0.9971910112359551,2.645810990757533,3.3199488494612
TSC_het,OFT-0393-00,fast,513,5.253024897461697,0.9971910112359551,0.9971910112359551,2.5495456312643556,3.2578172719381397
TSC_het,OFT-0393-00,medium,514,4.840866183235049,0.9971910112359551,0.9971910112359551,2.6175532225433376,3.2670771607441633
TSC_het,OFT-0396-00,fast,515,4.762036092327921,0.9971910112359551,0.9971910112359551,2.6733291615660146,3.1671760127490245
TSC_het,OFT-0396-00,medium,516,4.873851609513552,0.9971910112359551,0.9971910112359551,2.627384686733975,3.1525827657009162
TSC_het,OFT-0396-00,slow,517,4.192205323843235,0.9971910112359551,0.9971910112359551,2.8106735676969405,3.2341841501301447
TSC_het,OFT-0397-00,medium,518,4.996676287856493,0.9971910112359551,0.9971910112359551,2.738256968615413,3.386419673363048
TSC_het,OFT-0397-00,fast,519,4.630527842608261,0.9971910112359551,0.9971910112359551,2.5924016148920384,3.1702294491092666
TSC_het,OFT-0397-00,slow,520,4.342986327734275,0.9971910112359551,0.9971910112359551,2.7032014807904052,3.2275126227311977
TSC_het,OFT-0408-00,fast,521,4.76615574811217,0.9971910112359551,0.9971910112359551,2.738461151939667,3.290602617536449
TSC_het,OFT-0408-00,medium,522,4.551044963458063,0.9438202247191011,0.9438202247191011,2.7987525699959708,3.4884840547514453
TSC_het,OFT-0408-00,slow,523,4.148125384434339,0.9438202247191011,0.9438202247191011,2.3788958777256703,2.7368375119401005
TSC_het,OFT-0409-00,fast,524,4.864137463226225,0.9971910112359551,0.9971910112359551,2.5112742128142536,3.192399946436548
TSC_het,OFT-0409-00,slow,525,5.171182385926541,0.9971910112359551,0.9971910112359551,2.81542266197183,3.3457394033027157
TSC_het,OFT-0409-00,medium,526,4.444846518265846,0.9971910112359551,0.9971910112359551,2.6573453650801118,3.178127553312142
TSC_het,OFT-0413-00,fast,527,5.255046591152139,0.9971910112359551,0.9971910112359551,2.623582004557343,3.290006389813564
TSC_het,OFT-0413-00,medium,528,4.712544421121833,0.9971910112359551,0.9971910112359551,2.6936596827203547,3.3593017847996944
TSC_het,OFT-0413-00,slow,529,4.321862822655263,0.9971910112359551,0.9971910112359551,2.7001169693851046,3.2432384019617078
TSC_het,OFT-0459-00,slow,530,4.440112239505146,0.9971910112359551,0.9971910112359551,2.7333806071255347,3.2359996844541667
TSC_het,OFT-0459-00,medium,531,5.475596847394222,0.9971910112359551,0.9971910112359551,2.7196498612530657,3.2533938411042604
TSC_het,OFT-0459-00,fast,532,5.096906214253943,0.9971910112359551,0.9971910112359551,2.6128426585201763,3.153900692484295
TSC_het,OFT-0462-00,slow,533,4.497368221328731,0.9971910112359551,0.9971910112359551,2.7693774003587306,3.3658965555803175
TSC_het,OFT-0462-00,fast,534,4.862973439769106,0.9971910112359551,0.9971910112359551,2.6266437069080824,3.29278361103052
TSC_het,OFT-0462-00,medium,535,5.020842744327198,0.9971910112359551,0.9971910112359551,2.557055815524379,3.174566030429202
TSC_het,OFT-0467-00,fast,536,4.831867453886424,0.9971910112359551,0.9971910112359551,2.6172922886479855,3.229049952151654
TSC_het,OFT-0467-00,medium,537,5.039433985477475,0.9971910112359551,0.9971910112359551,2.6481021984869684,3.2114222019816627
TSC_het,OFT-0467-00,slow,538,4.588893978156188,0.9971910112359551,0.9971910112359551,2.7424482536991626,3.355601731575726
TSC_het,OFT-0470-00,medium,539,5.0447695097610765,0.9971910112359551,0.9971910112359551,2.6187893786163388,3.1775742590542566
TSC_het,OFT-0470-00,fast,540,4.757565218865609,0.9971910112359551,0.9971910112359551,2.6773004945135717,3.248165820316666
TSC_het,OFT-0470-00,slow,541,4.960468327870692,0.9971910112359551,0.9971910112359551,2.6412020830787535,3.109298174002945
TSC_het,OFT-0475-00,slow,542,4.658156857819975,0.9971910112359551,0.9971910112359551,2.970566809502137,3.550946054726588
TSC_het,OFT-0475-00,fast,543,4.407577188951434,0.9971910112359551,0.9971910112359551,2.610156683245639,3.0830000498677945
TSC_het,OFT-0475-00,medium,544,4.86703597769241,0.9971910112359551,0.9971910112359551,2.667892085679657,2.9846308361047873
TSC_het,OFT-0480-00,fast,545,4.7122991403651335,0.9971910112359551,0.9971910112359551,2.6467105185639315,3.2319791325813996
TSC_het,OFT-0480-00,slow,546,5.033500650477015,0.9971910112359551,0.9971910112359551,2.6984542714788673,3.2922221101298534
TSC_het,OFT-0480-00,medium,547,4.9887658654890075,0.9971910112359551,0.9971910112359551,2.7428420556006805,3.355011778444052
TSC_het,OFT-0485-00,fast,548,5.019767659173573,0.9971910112359551,0.9971910112359551,2.718179127751183,3.3014921185743558
TSC_het,OFT-0485-00,medium,549,4.996855468205957,0.9971910112359551,0.9971910112359551,2.7324854119259876,3.2702236508229565
TSC_het,OFT-0485-00,slow,550,4.790771995650024,0.9971910112359551,0.9971910112359551,2.718736903057897,3.2179417429968677
TSC_het,OFT-0489-00,medium,551,4.711377743710462,0.9971910112359551,0.9971910112359551,2.633756413249305,3.0612262511572608
TSC_het,OFT-0489-00,fast,552,4.850813031131096,0.9971910112359551,0.9971910112359551,2.7126148814232556,3.313426937337037
TSC_het,OFT-0489-00,slow,553,4.8653534690138365,0.9971910112359551,0.9971910112359551,2.741062991137586,3.2722389540027734
TSC_het,OFT-0513-00,slow,554,5.1460921244802424,0.9971910112359551,0.9971910112359551,2.7999697215201746,3.360031342094733
TSC_het,OFT-0513-00,medium,555,5.443568214390009,0.9971910112359551,0.9971910112359551,2.696616636006162,3.271350079776446
TSC_het,OFT-0513-00,fast,556,5.00995381162195,0.9971910112359551,0.9971910112359551,2.708086625200816,3.3501640432256745
TSC_het,OFT-0514-00,slow,557,4.626739331143321,0.9971910112359551,0.9971910112359551,2.7311321647680322,3.2876023741031353
TSC_het,OFT-0514-00,medium,558,4.614584385550202,0.9971910112359551,0.9971910112359551,2.655279107034736,3.184226992514373
TSC_het,OFT-0514-00,fast,559,4.701296979466537,0.9971910112359551,0.9971910112359551,2.5898919513854652,3.1307510911174163
TSC_het,OFT-0525-00,slow,560,4.723580861154831,0.9971910112359551,0.9971910112359551,2.6541726856425405,3.2093308789474913
TSC_het,OFT-0525-00,medium,561,5.373534276569266,0.9971910112359551,0.9971910112359551,2.6261311831327028,3.2699392167162893
TSC_het,OFT-0525-00,fast,562,5.729257432701415,0.9971910112359551,0.9971910112359551,2.4346392835226607,3.0664892167495488
TSC_het,OFT-0526-00,medium,563,4.849765855807405,0.9971910112359551,0.9971910112359551,2.724888582170863,3.2307237292474382
TSC_het,OFT-0526-00,slow,564,5.296242548181375,0.9971910112359551,0.9971910112359551,2.861741206823649,3.44176734807006
TSC_het,OFT-0526-00,fast,565,4.826791734524111,0.9971910112359551,0.9971910112359551,2.6582282058432467,3.236132034272136
TSC_het,OFT-0531-00,medium,566,4.93425494179244,0.9971910112359551,0.9971910112359551,2.5198043594083748,3.0085687173791977
TSC_het,OFT-0531-00,fast,567,5.019197636128997,0.9971910112359551,0.9971910112359551,2.666368334883903,3.2683687076952337
TSC_het,OFT-0531-00,slow,568,4.310080752728672,0.9971910112359551,0.9971910112359551,2.676055792839569,3.1591627956293133
TSC_het,OFT-0532-00,medium,569,4.9215161925452,0.9971910112359551,0.9971910112359551,2.8296185050357754,3.334526480249694
TSC_het,OFT-0532-00,slow,570,4.702017011066458,0.9971910112359551,0.9971910112359551,2.7011315473436306,3.224788057413221
TSC_het,OFT-0532-00,fast,571,4.749352200005824,0.9971910112359551,0.9971910112359551,2.6458102974035866,3.1923012029541944
TSC_het,OFT-0536-00,medium,572,4.440853655205259,0.9971910112359551,0.9971910112359551,2.5673523186806215,3.0162262085283236
TSC_het,OFT-0536-00,fast,573,4.962374052271329,0.9971910112359551,0.9971910112359551,2.6537442129357776,3.293908047655623
TSC_het,OFT-0536-00,slow,574,4.785280878018786,0.9971910112359551,0.9971910112359551,2.8117711422857754,3.371422294319815
TSC_het,OFT-0537-00,medium,575,4.523564883144651,0.9971910112359551,0.9971910112359551,2.729976170992288,3.15364360708937
TSC_het,OFT-0537-00,fast,576,5.19624941850466,0.9971910112359551,0.9971910112359551,2.5984081899272606,3.195195147462782
TSC_het,OFT-0537-00,slow,577,4.776282691088274,0.9971910112359551,0.9971910112359551,2.75056686574673,3.237600452916476
TSC_het,OFT-0544-00,medium,578,4.8248030465733756,0.9971910112359551,0.9971910112359551,2.5372931277519424,3.135259723337026
TSC_het,OFT-0544-00,fast,579,4.914538255922421,0.9971910112359551,0.9971910112359551,2.6091996616296496,3.27663744228454
TSC_het,OFT-0544-00,slow,580,4.354712724197136,0.9971910112359551,0.9971910112359551,2.662439000167832,3.298858262744853
TSC_het,OFT-0588-00,medium,581,4.558126216533602,0.9971910112359551,0.9971910112359551,2.688453263734717,3.2586257519006345
TSC_het,OFT-0588-00,fast,582,4.6113419457537,0.9971910112359551,0.9971910112359551,2.5922338532105034,3.1816205304706875
TSC_het,OFT-0588-00,slow,583,4.968058443678731,0.9971910112359551,0.9971910112359551,2.5542389864218937,3.133808327952213
TSC_het,OFT-0589-00,slow,584,4.734766103046213,0.9971910112359551,0.9971910112359551,2.867659997196431,3.5199028661390614
TSC_het,OFT-0589-00,medium,585,4.901293169912768,0.9971910112359551,0.9971910112359551,2.690597355673281,3.3839428344520557
TSC_het,OFT-0589-00,fast,586,4.933367891156316,0.9971910112359551,0.9971910112359551,2.4699402490732125,3.07090879466575
TSC_het,OFT-0591-00,slow,587,5.335138056039306,0.9971910112359551,0.9971910112359551,2.775869225969344,3.293045171908615
TSC_het,OFT-0591-00,medium,588,4.687451647847,0.9971910112359551,0.9971910112359551,2.6283598595453515,3.2268534197100065
TSC_het,OFT-0591-00,fast,589,5.673729648293401,0.9971910112359551,0.9971910112359551,2.6664956381060216,3.206760562809871
TSC_het,OFT-0592-00,fast,590,4.695889263870272,0.9971910112359551,0.9971910112359551,2.5120514628337296,3.0339821781004317
TSC_het,OFT-0592-00,medium,591,4.678792060051691,0.9971910112359551,0.9971910112359551,2.6179554235269737,3.1848646765513995
TSC_het,OFT-0592-00,slow,592,4.749029188385015,0.9971910112359551,0.9971910112359551,2.6108760522549987,2.875642541481295
TSC_het,OFT-0594-00,medium,593,4.909059282900923,0.9971910112359551,0.9971910112359551,2.661747605255681,3.2414722645073364
TSC_het,OFT-0594-00,fast,594,4.938100101107849,0.9971910112359551,0.9971910112359551,2.708054782334368,3.2296937829599046
TSC_het,OFT-0594-00,slow,595,5.221276764155575,0.9971910112359551,0.9971910112359551,2.606642467406205,3.09017706876257
TSC_het,OFT-0595-00,medium,596,4.317724096179557,1.050561797752809,1.050561797752809,2.672434915769073,3.239070265584154
TSC_het,OFT-0595-00,slow,597,5.258018957777866,1.050561797752809,1.050561797752809,2.718746564550704,3.362026621725279
TSC_het,OFT-0595-00,fast,598,5.499992814029463,0.9971910112359551,0.9971910112359551,2.606082448162106,3.2054906962650698
TSC_het,OFT-0601-00,medium,599,4.70320220764445,0.9971910112359551,0.9971910112359551,2.5898010363879704,3.129114877042748
TSC_het,OFT-0601-00,fast,600,4.7277656265538,0.9971910112359551,0.9971910112359551,2.573391486999803,3.1293675936208083
TSC_het,OFT-0601-00,slow,601,5.085745630109761,0.9971910112359551,0.9971910112359551,2.63684739073565,3.1928598700899222
TSC_het,OFT-0602-00,fast,602,4.091067194703767,0.9971910112359551,0.9971910112359551,2.382793577605256,2.774688809248907
TSC_het,OFT-0602-00,medium,603,5.039224536316131,0.9971910112359551,0.9971910112359551,2.5680973072548348,3.0955861786744028
TSC_het,OFT-0602-00,slow,604,4.4784924419795775,0.9971910112359551,0.9971910112359551,2.7399178048485138,3.1840961039946603
TSC_het,OFT-0604-00,medium,605,4.441110512428051,0.9971910112359551,0.9971910112359551,2.596383173575234,3.2056100389357156
TSC_het,OFT-0604-00,slow,606,3.915577144955312,0.9971910112359551,0.9971910112359551,2.600426167011436,2.7758729309965178
TSC_het,OFT-0604-00,fast,607,5.046762677115134,0.9971910112359551,0.9971910112359551,2.674285135681215,3.296540801138207
TSC_het,OFT-0610-00,fast,608,4.674775235080995,0.9971910112359551,0.9971910112359551,2.6054937807135357,3.2001117404417285
TSC_het,OFT-0610-00,slow,609,4.7330842607082735,0.9971910112359551,0.9971910112359551,3.0293575566365196,3.5382497309880927
TSC_het,OFT-0610-00,medium,610,4.943010322463313,0.9971910112359551,0.9971910112359551,2.680548308287285,3.214003750209906
TSC_het,OFT-0614-00,fast,611,4.527817049289577,0.9971910112359551,0.9971910112359551,2.61728661516157,3.1745892265878677
TSC_het,OFT-0614-00,medium,612,4.611676360117691,0.9971910112359551,0.9971910112359551,2.5631983546072603,3.0894181839122363
TSC_het,OFT-0614-00,slow,613,4.528406836688172,0.9971910112359551,0.9971910112359551,2.7249350258799683,3.3552862089240416
TSC_het,OFT-0617-00,slow,614,4.693339258261621,0.9971910112359551,0.9971910112359551,2.642492053352883,3.334028525187803
TSC_het,OFT-0617-00,medium,615,4.714142427178139,0.9971910112359551,0.9971910112359551,2.646930244811505,3.2680650644503966
TSC_het,OFT-0617-00,fast,616,4.570818980407082,0.9971910112359551,0.9971910112359551,2.45071289631537,3.043588861613996
TSC_het,OFT-0620-00,slow,617,4.59669912053487,0.9971910112359551,0.9971910112359551,2.714459801299715,3.3023262417579877
TSC_het,OFT-0620-00,fast,618,4.881633641119962,0.9971910112359551,0.9971910112359551,2.64662422171768,3.2624675352119716
TSC_het,OFT-0620-00,medium,619,4.596606614436523,0.9971910112359551,0.9971910112359551,2.7186519856478615,3.291883996701824
TSC_het,OFT-0621-00,slow,620,4.384487069709107,0.9971910112359551,0.9971910112359551,2.7514824848732684,3.2129446372275505
TSC_het,OFT-0621-00,medium,621,5.654243987190424,0.9971910112359551,0.9971910112359551,2.677564361778161,3.2062742531886523
TSC_het,OFT-0621-00,fast,622,4.770765825027606,0.9971910112359551,0.9971910112359551,2.6732572613501127,3.3505516379273654
TSC_het,OFT-0624-00,slow,623,4.804685764584843,0.9971910112359551,0.9971910112359551,2.8345704414109063,3.4143546216267153
TSC_het,OFT-0624-00,medium,624,4.782692350077262,0.9971910112359551,0.9971910112359551,2.7415254538126796,3.2960392035239527
TSC_het,OFT-0624-00,fast,625,4.889279027117328,0.9971910112359551,0.9971910112359551,2.6462188706182728,3.305705774391686
TSC_het,OFT-0628-00,medium,626,4.921864751076482,0.9971910112359551,0.9971910112359551,2.776773860757985,3.3917957119774558
TSC_het,OFT-0628-00,slow,627,4.8716840721507,0.9971910112359551,0.9971910112359551,2.7695859611259968,3.398183671986745
TSC_het,OFT-0628-00,fast,628,5.203186236234056,0.9971910112359551,0.9971910112359551,2.7077410984112857,3.336898608662169
TSC_het,OFT-0630-00,medium,629,4.487019923655747,0.9971910112359551,0.9971910112359551,2.714485567428669,3.4274037265410233
TSC_het,OFT-0630-00,slow,630,4.800217562200143,0.9971910112359551,0.9971910112359551,2.8335478244549135,3.378436031722689
TSC_het,OFT-0630-00,fast,631,4.675785444663906,0.9971910112359551,0.9971910112359551,2.6063508391709895,3.1708396207577603
TSC_het,OFT-0632-00,medium,632,4.357100700944,0.9971910112359551,0.9971910112359551,2.685794573735903,3.1554052188778563
TSC_het,OFT-0632-00,fast,633,4.74808472756632,0.9971910112359551,0.9971910112359551,2.6760518477354704,3.187286236434002
TSC_het,OFT-0632-00,slow,634,4.530788233767515,0.9971910112359551,0.9971910112359551,2.6615816560306764,3.1199489443851354
TSC_het,OFT-0634-00,medium,635,5.08271430588984,0.9971910112359551,0.9971910112359551,2.695888389461224,3.209605727181762
TSC_het,OFT-0634-00,slow,636,5.045409611059176,0.9971910112359551,0.9971910112359551,2.7915640159952746,3.358566918382877
TSC_het,OFT-0634-00,fast,637,5.067229815337343,0.9971910112359551,0.9971910112359551,2.620077822240096,3.222442468925716
TSC_het,OFT-0636-00,slow,638,3.8448692827218838,0.9971910112359551,0.9971910112359551,2.403196918546775,2.8926344645300412
TSC_het,OFT-0636-00,medium,639,4.649290511644474,0.9971910112359551,0.9971910112359551,2.638465056475191,3.30818335045833
TSC_het,OFT-0636-00,fast,640,4.964393077802637,0.9971910112359551,0.9971910112359551,2.610782230824591,3.2996159226893944
TSC_het,OFT-0640-00,fast,641,4.820153534945804,0.9971910112359551,0.9971910112359551,2.734884654695067,3.368620301200224
TSC_het,OFT-0640-00,slow,642,4.931686196991378,0.9971910112359551,0.9971910112359551,2.8210015500118626,3.1748734186587546
TSC_het,OFT-0640-00,medium,643,4.966096236586391,0.9971910112359551,0.9971910112359551,2.838727211174586,3.44073506175519
TSC_het,OFT-0647-00,slow,644,4.609702304283326,0.9971910112359551,0.9971910112359551,2.52463551582347,3.1875901351006615
TSC_het,OFT-0647-00,medium,645,5.134901583576446,0.9971910112359551,0.9971910112359551,2.6731809386051677,3.374783943357039
TSC_het,OFT-0647-00,fast,646,5.010725081612939,0.9971910112359551,0.9971910112359551,2.629992846767951,3.330314940445504
TSC_het,OFT-0650-00,slow,647,5.200726438777654,0.9971910112359551,0.9971910112359551,2.7971155092704834,3.372425769114639
TSC_het,OFT-0650-00,fast,648,4.595168413692012,0.9971910112359551,0.9971910112359551,2.2963336961975473,2.9161080542708233
TSC_het,OFT-0650-00,medium,649,5.050320400043788,0.9971910112359551,0.9971910112359551,2.6721440692214133,3.2508881801992358
TSC_het,OFT-0657-00,slow,650,6.376225383941401,0.9971910112359551,0.9971910112359551,2.8623310030705276,3.5214977975538493
TSC_het,OFT-0657-00,medium,651,4.670754134310675,0.9971910112359551,0.9971910112359551,2.760750472439961,3.329487129859715
TSC_het,OFT-0657-00,fast,652,4.875380804712837,0.9971910112359551,0.9971910112359551,2.8125776865250276,3.3882136742943656
TSC_het,OFT-0661-00,medium,653,4.653068927533461,0.9971910112359551,0.9971910112359551,2.7516326514997647,3.40441010373002
TSC_het,OFT-0661-00,fast,654,4.318053907548322,0.9971910112359551,0.9971910112359551,2.6669591495276643,3.253696598577236
TSC_het,OFT-0661-00,slow,655,4.257990890690648,0.9971910112359551,0.9971910112359551,2.7857390252414813,3.369976028562678
TSC_het,OFT-0668-00,fast,656,4.970825347564995,0.9971910112359551,0.9971910112359551,2.4635370159252585,3.132932150963588
TSC_het,OFT-0668-00,slow,657,4.671731325956963,0.9971910112359551,0.9971910112359551,2.52688031465715,3.195095263416348
TSC_het,OFT-0668-00,medium,658,4.634792362124798,0.9971910112359551,0.9971910112359551,2.5800913705591775,3.1434774116086714
TSC_het,OFT-0670-00,medium,659,4.348781626720171,0.9971910112359551,0.9971910112359551,2.661390262394567,3.140801113868771
TSC_het,OFT-0670-00,slow,660,3.4169679389632774,1.050561797752809,1.050561797752809,2.3228800286706544,2.664775973091403
TSC_het,OFT-0670-00,fast,661,5.26763137516317,0.9971910112359551,0.9971910112359551,2.5903837371841436,3.0354836489980928
TSC_het,OFT-0674-00,slow,662,4.781945895513611,0.9971910112359551,0.9971910112359551,2.793117025510497,3.320168673231359
TSC_het,OFT-0674-00,fast,663,5.030865267893084,0.9971910112359551,0.9971910112359551,2.7509132417222055,3.3183635058262997
TSC_het,OFT-0674-00,medium,664,6.031347934438061,0.9971910112359551,0.9971910112359551,2.86005718791918,3.4103861727776175
TSC_het,OFT-0678-00,medium,665,4.736177027281358,0.9971910112359551,0.9971910112359551,2.8266932728388445,3.492258036183818
TSC_het,OFT-0678-00,fast,666,4.099805451484373,0.9971910112359551,0.9971910112359551,2.3873603940320463,2.812231931882077
TSC_het,OFT-0683-00,medium,668,5.116079438474811,0.9971910112359551,0.9971910112359551,2.618405182590559,3.290864511291621
TSC_het,OFT-0683-00,slow,669,4.483376316469766,0.9971910112359551,0.9971910112359551,2.5784166835931805,3.153652287803804
TSC_het,OFT-0683-00,fast,670,4.9341410869359,0.9971910112359551,0.9971910112359551,2.542718919277472,3.2233316551015525
TSC_het,OFT-0693-00,slow,671,4.873716058753171,0.9971910112359551,0.9971910112359551,2.7029666776223094,3.294703804028179
TSC_het,OFT-0693-00,medium,672,4.656364030637563,0.9971910112359551,0.9971910112359551,2.7432138232364403,3.4088534165086504
TSC_het,OFT-0693-00,fast,673,4.985416848292679,0.9971910112359551,0.9971910112359551,2.6099220890741393,3.2891183131338013
TSC_het,OFT-0694-00,slow,674,4.6591580794035785,0.9971910112359551,0.9971910112359551,2.702600607235234,3.2862989686944433
TSC_het,OFT-0694-00,medium,675,4.723979719994239,0.9971910112359551,0.9971910112359551,2.721028160668075,3.2497332758564856
TSC_het,OFT-0694-00,fast,676,4.775929896722517,0.9971910112359551,0.9971910112359551,2.5607244757871177,3.167635409845599
TSC_het,OFT-0702-00,fast,677,4.903333103990305,0.9971910112359551,0.9971910112359551,2.570262749724296,3.223628489394053
TSC_het,OFT-0702-00,slow,678,5.591718101989117,0.9971910112359551,0.9971910112359551,2.567053867078242,3.151611165196145
TSC_het,OFT-0702-00,medium,679,4.942517689842358,0.9971910112359551,0.9971910112359551,2.7038648484378154,3.2549657506191876
TSC_het,OFT-0708-00,fast,680,4.658319832975282,0.9971910112359551,0.9971910112359551,2.5935015079933734,3.1449417534518176
TSC_het,OFT-0708-00,medium,681,4.912787473997884,0.9971910112359551,0.9971910112359551,2.6786620113741146,3.2193754264068812
TSC_het,OFT-0708-00,slow,682,4.9994700185885845,0.9971910112359551,0.9971910112359551,2.7295429116078567,3.32040653432052
TSC_hom,OFT-0637-00,medium,683,4.531484830366821,0.9971910112359551,0.9971910112359551,2.6478577002419112,3.206217620078151
TSC_hom,OFT-0637-00,fast,684,4.840601138309259,0.9971910112359551,0.9971910112359551,2.6352255216727665,3.1928290187718447
TSC_hom,OFT-0637-00,slow,685,4.564823792027718,0.9971910112359551,0.9971910112359551,2.6513501802063746,3.150634432811243
TSC_hom,OFT-0639-00,slow,686,4.310402381247987,0.9971910112359551,0.9971910112359551,2.6330610591531007,3.2451523131526683
TSC_hom,OFT-0639-00,fast,687,4.927931879128203,0.9971910112359551,0.9971910112359551,2.6125972858405273,3.2153830403755754
TSC_hom,OFT-0639-00,medium,688,4.491297126001225,0.9971910112359551,0.9971910112359551,2.697677470381211,3.2479282933671327
TSC_hom,OFT-0648-00,medium,689,4.081030781838413,0.9971910112359551,0.9971910112359551,2.580520980328695,3.063311545670921
TSC_hom,OFT-0648-00,fast,690,4.515578111356033,0.9971910112359551,0.9971910112359551,2.740332197361735,3.265457565031789
TSC_hom,OFT-0648-00,slow,691,4.0526130483868625,0.9971910112359551,0.9971910112359551,2.6009320153632465,3.0585869703268638
TSC_hom,OFT-0649-00,slow,692,4.314959783352208,0.9971910112359551,0.9971910112359551,2.657518842832753,3.2435829835101435
TSC_hom,OFT-0649-00,medium,693,4.894807370457343,0.9971910112359551,0.9971910112359551,2.7205029772089504,3.3344556619915124
TSC_hom,OFT-0649-00,fast,694,5.026115711407246,0.9971910112359551,0.9971910112359551,2.5450813110950046,3.135988648593264
TSC_hom,OFT-0658-00,slow,695,5.139109833793507,0.9971910112359551,0.9971910112359551,2.7172860481533987,3.2762952865015817
TSC_hom,OFT-0658-00,medium,696,5.526874160798057,0.9971910112359551,0.9971910112359551,2.748926675006718,3.3530142289914173
TSC_hom,OFT-0658-00,fast,697,4.69580746778546,0.9971910112359551,0.9971910112359551,2.607878267517134,3.2244538779611873
TSC_hom,OFT-0660-00,slow,698,4.325565162237796,0.9971910112359551,0.9971910112359551,2.7139864066573676,3.108291648849922
TSC_hom,OFT-0660-00,medium,699,4.668204807490948,0.9971910112359551,0.9971910112359551,2.6537341972219357,3.149777872256856
TSC_hom,OFT-0660-00,fast,700,4.9355926191031605,0.9971910112359551,0.9971910112359551,2.7237212090117042,3.2415059462443625
TSC_hom,OFT-0669-00,fast,701,4.083912147076676,0.9971910112359551,0.9971910112359551,2.483453317064224,2.896677095197935
TSC_hom,OFT-0669-00,medium,702,4.263666559061494,0.9971910112359551,0.9971910112359551,2.6747180523521985,3.0914273108803703
TSC_hom,OFT-0669-00,slow,703,3.550265189671676,0.9971910112359551,0.9971910112359551,2.5152919417294153,2.819840081264565
TSC_hom,OFT-0673-00,slow,704,4.701435247536002,0.9971910112359551,0.9971910112359551,2.722110819321639,3.2321377522060524
TSC_hom,OFT-0673-00,medium,705,4.51148808350829,0.9971910112359551,0.9971910112359551,2.6469625545187387,3.132967970011017
TSC_hom,OFT-0673-00,fast,706,5.231263866645726,0.9971910112359551,0.9971910112359551,2.615030484893486,3.197612846938254
TSC_hom,OFT-0679-00,slow,707,4.800580935495548,0.9971910112359551,0.9971910112359551,2.8510609321037528,3.3961571129269714
TSC_hom,OFT-0679-00,medium,708,4.4737318743136045,0.9971910112359551,0.9971910112359551,2.6977464115826955,3.2240715270897486
TSC_hom,OFT-0679-00,fast,709,4.794344324343153,0.9971910112359551,0.9971910112359551,2.754204893665653,3.2617687129359747
TSC_hom,OFT-0681-00,medium,710,4.560693998697864,0.9971910112359551,0.9971910112359551,2.7062525560558104,3.101073832080502
TSC_hom,OFT-0681-00,slow,711,4.434378155529536,0.9971910112359551,0.9971910112359551,2.7464813378290156,3.2451054970032165
TSC_hom,OFT-0681-00,fast,712,5.0827618936781995,0.9971910112359551,0.9971910112359551,2.805250501839824,3.3529978430338754
TSC_hom,OFT-0684-00,slow,713,4.47176402371826,0.9971910112359551,0.9971910112359551,2.71195232638792,3.165631866194711
TSC_hom,OFT-0684-00,fast,714,4.327143844727709,0.9971910112359551,0.9971910112359551,2.6436460333982144,3.1299064715448286
TSC_hom,OFT-0684-00,medium,715,4.430220094462596,0.9971910112359551,0.9971910112359551,2.6701480343191433,3.1544006085335097
TSC_hom,OFT-0712-00,medium,716,4.403504511404645,0.9971910112359551,0.9971910112359551,2.622250941373272,3.129536616845625
TSC_hom,OFT-0712-00,slow,717,4.783677876915319,0.9971910112359551,0.9971910112359551,2.569356662056185,2.9946022360368865
TSC_hom,OFT-0712-00,fast,718,4.445607371041771,0.9971910112359551,0.9971910112359551,2.6539536421375813,3.1732903458349377
TSC_hom,OFT-0713-00,slow,719,4.639137481544689,0.9971910112359551,0.9971910112359551,2.5583626238096007,3.2174415930126607
TSC_hom,OFT-0713-00,fast,720,4.648528865046906,0.9971910112359551,0.9971910112359551,2.567728588897328,3.1614420094622178
TSC_hom,OFT-0713-00,medium,721,4.399907535795845,0.9971910112359551,0.9971910112359551,2.687888129675966,3.2574345242120124
TSC_hom,OFT-0714-00,slow,722,4.6296336654387344,0.9971910112359551,0.9971910112359551,2.683990580408902,3.310833067234509
TSC_hom,OFT-0714-00,medium,723,4.316291011014252,0.9971910112359551,0.9971910112359551,2.569717214893988,3.0959249754762963
TSC_hom,OFT-0714-00,fast,724,4.496527496114962,0.9971910112359551,0.9971910112359551,2.6122180701060254,3.1549682363820266
TSC_hom,OFT-0715-00,slow,725,4.66436073910272,0.9971910112359551,0.9971910112359551,2.661829962509782,3.144658295156933
TSC_hom,OFT-0715-00,fast,726,4.905259743179423,0.9971910112359551,0.9971910112359551,2.7089815873487133,3.3324046871166235
TSC_hom,OFT-0715-00,medium,727,4.5680418769820985,0.9971910112359551,0.9971910112359551,2.716077995253431,3.282755650350457
TSC_hom,OFT-0716-00,medium,728,4.899174639927764,0.9971910112359551,0.9971910112359551,2.691331213362239,3.3015278330275506
TSC_hom,OFT-0716-00,fast,729,4.7709521111928215,0.9971910112359551,0.9971910112359551,2.6578312836588744,3.2881189792639463
TSC_hom,OFT-0716-00,slow,730,4.427493674873941,1.050561797752809,1.050561797752809,2.763413681002707,3.3439319840936292
TSC_hom,OFT-0717-00,slow,731,4.304641475317357,0.9971910112359551,0.9971910112359551,2.713137568391941,3.219150723218691
TSC_hom,OFT-0717-00,fast,732,4.632398572548687,0.9971910112359551,0.9971910112359551,2.567296450998493,3.0151209354734383
TSC_hom,OFT-0717-00,medium,733,4.591540564376522,0.9971910112359551,0.9971910112359551,2.572921846970056,3.0781565700106723
TSC_hom,OFT-0718-00,fast,734,4.683369682035903,0.9971910112359551,0.9971910112359551,2.619957674992519,3.3209234128175775
TSC_hom,OFT-0718-00,medium,735,4.736293947492683,0.9971910112359551,0.9971910112359551,2.7185838461631677,3.313146201274639
TSC_hom,OFT-0718-00,slow,736,4.428614242734548,0.9971910112359551,0.9971910112359551,2.5757749881373,3.1496540930069
TSC_hom,OFT-0719-00,medium,737,5.114548783954556,0.9971910112359551,0.9971910112359551,2.7070455604692825,3.163602282459954
TSC_hom,OFT-0719-00,slow,738,5.79413009976959,0.9971910112359551,0.9971910112359551,2.6372541336883235,2.9827604312406426
TSC_hom,OFT-0719-00,fast,739,4.513375856775551,0.9971910112359551,0.9971910112359551,2.6789406528381936,3.0795192662221775
TSC_hom,OFT-0720-00,fast,740,4.624515380817688,0.9971910112359551,0.9971910112359551,2.5377281838996253,3.2022320786990544
TSC_hom,OFT-0720-00,medium,741,4.707008167620284,0.9971910112359551,0.9971910112359551,2.6032210296068854,3.256229765798232
TSC_hom,OFT-0720-00,slow,742,4.604265668566089,0.9971910112359551,0.9971910112359551,2.6311369961704747,3.244622599671893
TSC_hom,OFT-0721-00,slow,743,4.158136222390359,0.9971910112359551,0.9971910112359551,2.6229120974363256,3.0497997826441545
TSC_hom,OFT-0721-00,medium,744,4.916938177212281,0.9971910112359551,0.9971910112359551,2.6889276222174954,3.1616222835766665
TSC_hom,OFT-0721-00,fast,745,4.387840903501639,0.9971910112359551,0.9971910112359551,2.5329017556880373,3.0687156115713035
TSC_hom,OFT-0722-00,medium,746,4.568191634905306,0.9971910112359551,0.9971910112359551,2.699879513404218,3.31831646084737
TSC_hom,OFT-0722-00,fast,747,4.5555750770788945,0.9971910112359551,0.9971910112359551,2.601982651099054,3.1283333309315937
TSC_hom,OFT-0722-00,slow,748,5.656372998381097,0.9971910112359551,0.9971910112359551,2.7824938222620705,3.4578230651745794
TSC_hom,OFT-0723-00,medium,749,4.699160467416247,0.9971910112359551,0.9971910112359551,2.5993467301581075,3.265171472210947
TSC_hom,OFT-0723-00,fast,750,4.547318456317397,0.9971910112359551,0.9971910112359551,2.519317532223116,3.146897662392585
TSC_hom,OFT-0723-00,slow,751,4.377774135687032,0.9971910112359551,0.9971910112359551,2.615266437287813,3.242676253430604
TSC_hom,OFT-0724,slow,752,5.352313975718062,0.9971910112359551,0.9971910112359551,2.760608903265957,3.4233170290678476
TSC_hom,OFT-0724,medium,753,4.648450735926806,0.9971910112359551,0.9971910112359551,2.649059759633017,3.298478011314611
TSC_hom,OFT-0724,fast,754,4.322034771064582,0.9971910112359551,0.9971910112359551,2.519581487974871,3.0572908044504046
TSC_hom,OFT-0725,slow,755,4.944431267493245,0.9971910112359551,0.9971910112359551,2.7764062312045836,3.384355194008847
TSC_hom,OFT-0725,fast,756,4.6399017526783926,0.9971910112359551,0.9971910112359551,2.6032853964331344,3.129760347660691
TSC_hom,OFT-0725,medium,757,4.328588975148144,0.9971910112359551,0.9971910112359551,2.629229047883273,3.118507278500384
TSC_hom,OFT-0726,slow,758,4.605533785913183,0.9971910112359551,0.9971910112359551,2.770394657686277,3.31500822006487
TSC_hom,OFT-0726,fast,759,5.175774655998113,0.9971910112359551,0.9971910112359551,2.7616467471605906,3.3663598097296266
TSC_hom,OFT-0726,medium,760,4.976874794253764,0.9971910112359551,0.9971910112359551,2.6998348566064867,3.297968210745642
TSC_hom,OFT-0727,slow,761,4.498770863950136,0.9971910112359551,0.9971910112359551,2.52468777275057,3.0817086766475574
TSC_hom,OFT-0727,fast,762,4.685514140121413,0.9971910112359551,0.9971910112359551,2.739463486674203,3.2857980407755862
TSC_hom,OFT-0727,medium,763,4.610031493766968,0.9971910112359551,0.9971910112359551,2.6200459076331812,3.227179482616713
TSC_hom,OFT-0728,medium,764,4.1488744691900985,0.9971910112359551,0.9971910112359551,2.611367068967582,3.1303239323454135
TSC_hom,OFT-0728,slow,765,4.1449912218570155,0.9971910112359551,0.9971910112359551,2.6269311060277345,3.17444431137806
TSC_hom,OFT-0728,fast,766,4.397332165057314,0.9971910112359551,0.9971910112359551,2.6225399647708114,3.213209058762102
TSC_hom,OFT-0729,medium,767,4.42760913782743,0.9971910112359551,0.9971910112359551,2.6806147857744116,3.2261774532318883
TSC_hom,OFT-0729,fast,768,4.773366459573016,0.9971910112359551,0.9971910112359551,2.6796080823199935,3.2696176012208107
TSC_hom,OFT-0729,slow,769,4.3487217741477195,0.9971910112359551,0.9971910112359551,2.6753163381194733,3.2338802079108846
TSC_hom,OFT-0730,medium,770,4.667418430093863,0.9971910112359551,0.9971910112359551,2.6279554186988774,3.1685191618980326
TSC_hom,OFT-0730,slow,771,4.466185949655407,0.9971910112359551,0.9971910112359551,2.6888175180270313,3.173379295298628
TSC_hom,OFT-0730,fast,772,4.770978815033204,0.9971910112359551,0.9971910112359551,2.6821496373807894,3.241010236391091
TSC_hom,OFT-0731,slow,773,6.042313079488345,0.9971910112359551,0.9971910112359551,2.697110340237829,3.214741003617636
TSC_hom,OFT-0731,medium,774,4.339197817694183,0.9971910112359551,0.9971910112359551,2.5403593709479773,3.016574693019077
TSC_hom,OFT-0731,fast,775,4.619681713571211,0.9971910112359551,0.9971910112359551,2.6310723069690667,3.223817984981412
TSC_hom,OFT-0732,fast,776,4.717548345474137,0.9971910112359551,0.9971910112359551,2.6495058852391207,3.2071713410621525
TSC_hom,OFT-0732,medium,777,4.360526713668396,0.9971910112359551,0.9971910112359551,2.5613014976684076,3.132376521130463
TSC_hom,OFT-0732,slow,778,5.0696991449201825,0.5702247191011236,0.5702247191011236,2.944569774441205,3.504338670813894
TSC_hom,OFT-0733,medium,779,4.2332829625482615,0.9971910112359551,0.9971910112359551,2.5668098960166446,3.0322450068674156
TSC_hom,OFT-0733,fast,780,4.792350615930982,0.9971910112359551,0.9971910112359551,2.6161834601383793,3.2390670408249695
TSC_hom,OFT-0733,slow,781,4.562935989322965,0.9971910112359551,0.9971910112359551,2.763899026116875,3.2896342266745693
TSC_hom,OFT-0734,fast,782,4.735178316221877,0.9971910112359551,0.9971910112359551,2.7552935890784114,3.347197916685153
TSC_hom,OFT-0734,slow,783,4.4415532296149,0.9971910112359551,0.9971910112359551,2.8182419405352377,3.3606167334338166
TSC_hom,OFT-0734,medium,784,5.3051129230783705,0.9971910112359551,0.9971910112359551,2.7823131882054395,3.3987787735454673
TSC_hom,OFT-0735,slow,785,4.370111638229879,0.9971910112359551,0.9971910112359551,2.6654561750887624,3.18984464265276
TSC_hom,OFT-0735,medium,786,4.572371539120994,0.9971910112359551,0.9971910112359551,2.67019557297283,3.2203978885921978
TSC_hom,OFT-0735,fast,787,4.708715864311544,0.9971910112359551,0.9971910112359551,2.724254681884394,3.2591219357858088
TSC_neg,OFT-0360-00,fast,788,4.874411676655078,0.9971910112359551,0.9971910112359551,2.5292065415254217,3.197324095069576
TSC_neg,OFT-0360-00,slow,789,4.617600425771685,0.9971910112359551,0.9971910112359551,2.5517065552306977,3.0711736657850652
TSC_neg,OFT-0360-00,medium,790,4.686011269104363,0.9971910112359551,0.9971910112359551,2.4837963283136615,3.1735716773972156
TSC_neg,OFT-0362-00,slow,791,4.355972115963713,0.9971910112359551,0.9971910112359551,2.8028057138435796,3.4421997315656405
TSC_neg,OFT-0362-00,fast,792,4.693119780300986,0.9971910112359551,0.9971910112359551,2.5662366416585884,3.25943148957205
TSC_neg,OFT-0362-00,medium,793,4.733841192366909,0.9971910112359551,0.9971910112359551,2.5496007549342403,3.2194939437175516
TSC_neg,OFT-0363-00,fast,794,4.794572025167166,0.9971910112359551,0.9971910112359551,2.6871563686433992,3.340552584777023
TSC_neg,OFT-0363-00,medium,795,4.884003095859734,0.9971910112359551,0.9971910112359551,2.6236387905406,3.228475196922338
TSC_neg,OFT-0363-00,slow,796,4.638739547741201,0.9971910112359551,0.9971910112359551,2.7812323821784224,3.491429072953693
TSC_neg,OFT-0368-00,fast,797,4.563985775431308,0.9971910112359551,0.9971910112359551,2.544558017035522,3.1561412815331362
TSC_neg,OFT-0368-00,medium,798,5.114666751682343,0.9971910112359551,0.9971910112359551,2.6693379742143617,3.2265727536512068
TSC_neg,OFT-0368-00,slow,799,4.816112293858043,0.9971910112359551,0.9971910112359551,2.682840927000529,3.2006600503207765
TSC_neg,OFT-0369-00,slow,800,4.902712630797606,0.9971910112359551,0.9971910112359551,2.748699499345619,3.386484538897204
TSC_neg,OFT-0369-00,medium,801,4.577146939677228,0.9971910112359551,0.9971910112359551,2.6956459324730884,3.315373122292568
TSC_neg,OFT-0369-00,fast,802,4.981116516897519,0.9971910112359551,0.9971910112359551,2.676222510337483,3.3062380029864027
TSC_neg,OFT-0372-00,fast,803,4.682550117601079,0.9971910112359551,0.9971910112359551,2.504438048426029,3.1125438323149237
TSC_neg,OFT-0372-00,medium,804,4.85311530578556,0.9971910112359551,0.9971910112359551,2.6398398716700227,3.246431056710768
TSC_neg,OFT-0372-00,slow,805,4.784344791745798,0.9971910112359551,0.9971910112359551,2.7291950742646405,3.347380118089759
TSC_neg,OFT-0377-00,fast,806,4.792658963062842,0.9971910112359551,0.9971910112359551,2.5269287634523065,3.221217239616154
TSC_neg,OFT-0377-00,medium,807,4.9508582062975925,0.9971910112359551,0.9971910112359551,2.743039545026449,3.4416126068332695
TSC_neg,OFT-0377-00,slow,808,4.316570740003309,0.9971910112359551,0.9971910112359551,2.4458324408606336,2.9205270304588122
TSC_neg,OFT-0379-00,fast,809,4.75842174371019,0.9971910112359551,0.9971910112359551,2.5845071239013384,3.251300294756349
TSC_neg,OFT-0379-00,slow,810,4.400935229313288,0.35674157303370785,0.35674157303370785,2.765119438819391,3.293523986404227
TSC_neg,OFT-0379-00,medium,811,4.893683563772725,0.9971910112359551,0.9971910112359551,2.7105138359925602,3.2605660297104215
TSC_neg,OFT-0380-00,medium,812,4.854271396459055,0.9971910112359551,0.9971910112359551,2.7346357528900973,3.369498674013679
TSC_neg,OFT-0380-00,fast,813,4.988964264034705,0.9971910112359551,0.9971910112359551,2.6853560970669266,3.311434485563566
TSC_neg,OFT-0380-00,slow,814,4.811631264662256,0.9971910112359551,0.9971910112359551,2.8028440089753657,3.437807452266521
TSC_neg,OFT-0381-00,fast,815,4.909847524938718,0.9971910112359551,0.9971910112359551,2.6079585822458595,3.3407891456502488
TSC_neg,OFT-0381-00,medium,816,5.095234572607177,0.9971910112359551,0.9971910112359551,2.7124424715949726,3.3243732826064525
TSC_neg,OFT-0381-00,slow,817,5.134445739878429,0.9971910112359551,0.9971910112359551,2.8522495680425264,3.3983407537932617
TSC_neg,OFT-0382-00,fast,818,4.628633877387629,0.9971910112359551,0.9971910112359551,2.559163481798724,3.1479855934127574
TSC_neg,OFT-0382-00,medium,819,5.600909571468124,0.9971910112359551,0.9971910112359551,2.619416636670303,3.2650418396200016
TSC_neg,OFT-0382-00,slow,820,4.498277720203045,0.9971910112359551,0.9971910112359551,2.7112979589401385,3.2936388492996036
TSC_neg,OFT-0386-00,fast,821,4.93284807649681,0.9971910112359551,0.9971910112359551,2.5736481867906984,3.2324163959977104
TSC_neg,OFT-0386-00,slow,822,4.733565248066131,0.9971910112359551,0.9971910112359551,2.630092295712137,3.322032036975347
TSC_neg,OFT-0386-00,medium,823,4.736617883463422,0.9971910112359551,0.9971910112359551,2.6235246720617824,3.316405658202659
TSC_neg,OFT-0394-00,medium,824,5.2138867129935935,0.9971910112359551,0.9971910112359551,2.612313707967361,3.2807972454017382
TSC_neg,OFT-0394-00,slow,825,4.769122351955818,0.9971910112359551,0.9971910112359551,2.625688362697511,3.1595017503123395
TSC_neg,OFT-0394-00,fast,826,5.2249272996274705,0.9971910112359551,0.9971910112359551,2.614660814604083,3.3243245452994583
TSC_neg,OFT-0395-00,medium,827,4.314353095710396,0.9971910112359551,0.9971910112359551,2.5492819267354907,3.2150536344861034
TSC_neg,OFT-0395-00,fast,828,5.409823118185946,0.9971910112359551,0.9971910112359551,2.764170833981218,3.5195717006847267
TSC_neg,OFT-0395-00,slow,829,4.708145428925899,0.9971910112359551,0.9971910112359551,2.8454048324582604,3.442516616853901
TSC_neg,OFT-0398-00,medium,830,4.506515152562371,0.9971910112359551,0.9971910112359551,2.6536963390580652,3.172534703703342
TSC_neg,OFT-0398-00,slow,831,4.195896345448234,0.9971910112359551,0.9971910112359551,2.73425619369452,3.274679765262986
TSC_neg,OFT-0398-00,fast,832,4.631517925321537,0.9971910112359551,0.9971910112359551,2.598448453272858,3.03134423678184
TSC_neg,OFT-0399-00,medium,833,4.971024821569034,0.9971910112359551,0.9971910112359551,2.7724073039062582,3.3205307799007735
TSC_neg,OFT-0399-00,slow,834,4.74704244518549,0.9971910112359551,0.9971910112359551,2.773818415853716,3.419669813047173
TSC_neg,OFT-0399-00,fast,835,4.781605656859136,0.9971910112359551,0.9971910112359551,2.6664853714554857,3.2735512025516744
TSC_neg,OFT-0410-00,fast,836,4.968188539236848,0.9971910112359551,0.9971910112359551,2.5916562366548157,3.2095609223728476
TSC_neg,OFT-0410-00,medium,837,4.75305472902233,0.9971910112359551,0.9971910112359551,2.6847471138273415,3.2433591550312744
TSC_neg,OFT-0410-00,slow,838,4.91324997723263,0.9971910112359551,0.9971910112359551,2.7513798027232466,3.336868071922061
TSC_neg,OFT-0411-00,fast,839,4.529888095867916,0.9971910112359551,0.9971910112359551,2.5825941510640713,3.235405075456092
TSC_neg,OFT-0411-00,slow,840,4.664476064254885,0.9971910112359551,0.9971910112359551,2.8076874799258764,3.373907071581935
TSC_neg,OFT-0411-00,medium,841,4.419433477841077,0.9971910112359551,0.9971910112359551,2.5692034020693075,3.066223456865447
TSC_neg,OFT-0414-00,fast,842,4.946718722573885,0.9971910112359551,0.9971910112359551,2.6616780909609488,3.3495101387577795
TSC_neg,OFT-0414-00,slow,844,4.71197344160317,0.9971910112359551,0.9971910112359551,2.8043377704260517,3.4185287761461067
TSC_neg,OFT-0415-00,medium,845,4.375313866660528,0.9971910112359551,0.9971910112359551,2.6084641660538415,3.1139301611305807
TSC_neg,OFT-0415-00,fast,846,4.587773276533194,0.9971910112359551,0.9971910112359551,2.554588237651463,3.0020901066188093
TSC_neg,OFT-0415-00,slow,847,4.456879860170594,1.050561797752809,1.050561797752809,2.775492667210626,3.2752210199688165
TSC_neg,OFT-0456-00,medium,848,4.890827892858466,0.9971910112359551,0.9971910112359551,2.6060720262980013,3.211045523968673
TSC_neg,OFT-0456-00,fast,849,4.5568980290335235,0.9971910112359551,0.9971910112359551,2.435317545262956,3.022717491018395
TSC_neg,OFT-0456-00,slow,850,4.551682815528374,0.9971910112359551,0.9971910112359551,2.6784661292694896,3.186445228740287
TSC_neg,OFT-0457-00,medium,851,5.536037715858792,0.9971910112359551,0.9971910112359551,2.643890952521306,3.1791289140694086
TSC_neg,OFT-0457-00,slow,852,5.142840953003078,0.9971910112359551,0.9971910112359551,2.6976513854022626,3.1579425415621842
TSC_neg,OFT-0457-00,fast,853,5.0140989497520945,0.9971910112359551,0.9971910112359551,2.6665900229640553,3.2243327800095885
TSC_neg,OFT-0458-00,fast,854,4.7648976079980985,0.9971910112359551,0.9971910112359551,2.5652485659242705,3.334685914938932
TSC_neg,OFT-0458-00,slow,855,4.311455293346593,0.9971910112359551,0.9971910112359551,2.5973527574145434,3.234248708168042
TSC_neg,OFT-0458-00,medium,856,4.716904011791823,0.9971910112359551,0.9971910112359551,2.6360613119473215,3.2972884241415
TSC_neg,OFT-0460-00,slow,857,4.474055663566854,0.9971910112359551,0.9971910112359551,2.577159766864383,3.2763610545600756
TSC_neg,OFT-0460-00,medium,858,4.594427572940668,0.9971910112359551,0.9971910112359551,2.5032184643100757,3.160274653219642
TSC_neg,OFT-0460-00,fast,859,4.60886256154335,0.9971910112359551,0.9971910112359551,2.457594866035277,3.101917295934031
TSC_neg,OFT-0469-00,slow,860,4.759359170742239,0.9971910112359551,0.9971910112359551,2.6065447748929005,3.220441760596946
TSC_neg,OFT-0469-00,fast,861,4.614031671515934,0.9971910112359551,0.9971910112359551,2.565548941418137,3.2280521162830915
TSC_neg,OFT-0469-00,medium,862,4.818680672035773,0.9971910112359551,0.9971910112359551,2.61219852179323,3.2574987600867806
TSC_neg,OFT-0471-00,medium,863,4.605890238964221,0.9971910112359551,0.9971910112359551,2.581760527357433,3.281614992059166
TSC_neg,OFT-0471-00,fast,864,4.663605908244869,0.9971910112359551,0.9971910112359551,2.4883653717472645,3.1582659530195705
TSC_neg,OFT-0471-00,slow,865,5.1926610644167805,0.9971910112359551,0.9971910112359551,2.739825299262187,3.3892669653528205
TSC_neg,OFT-0472-00,medium,866,5.293931637074367,0.9971910112359551,0.9971910112359551,2.7207899167325906,3.3016937041936294
TSC_neg,OFT-0472-00,fast,867,5.11724137760786,0.9971910112359551,0.9971910112359551,2.7247410453907213,3.263413459355336
TSC_neg,OFT-0472-00,slow,868,4.606589617428652,0.9971910112359551,0.9971910112359551,2.8885110445170583,3.3371513302704976
TSC_neg,OFT-0473-00,slow,869,5.8551354899219445,0.9971910112359551,0.9971910112359551,2.776035688609882,3.433402437035137
TSC_neg,OFT-0473-00,medium,870,4.7846001854520015,0.9971910112359551,0.9971910112359551,2.5951220644812807,3.230007925903858
TSC_neg,OFT-0473-00,fast,871,5.060450256677806,0.9971910112359551,0.9971910112359551,2.4940242314186505,3.1768652939230746
TSC_neg,OFT-0474-00,medium,872,4.485480454520276,0.9971910112359551,0.9971910112359551,2.6507646060211107,3.34765319079751
TSC_neg,OFT-0474-00,fast,873,4.477290906856013,0.9971910112359551,0.9971910112359551,2.461139484397841,3.1343738651722863
TSC_neg,OFT-0474-00,slow,874,4.6008261399943144,0.9971910112359551,0.9971910112359551,2.7974809748822365,3.384730516931677
TSC_neg,OFT-0476-00,fast,875,4.610136740043484,0.9971910112359551,0.9971910112359551,2.449144169430352,3.0210006379586294
TSC_neg,OFT-0476-00,slow,876,5.3039821835759,0.9971910112359551,0.9971910112359551,2.799850148309598,3.3088659485559133
TSC_neg,OFT-0476-00,medium,877,4.691727507095553,0.9971910112359551,0.9971910112359551,2.687576634930596,3.2541046153211006
TSC_neg,OFT-0481-00,slow,878,4.875247131069337,0.9971910112359551,0.9971910112359551,2.750661964689467,3.345503661934084
TSC_neg,OFT-0481-00,medium,879,4.513839651750142,0.9971910112359551,0.9971910112359551,2.4096314623915442,2.8638855088888433
TSC_neg,OFT-0481-00,fast,880,5.069998188809865,0.9971910112359551,0.9971910112359551,2.6641494622566424,3.2592497248577517
TSC_neg,OFT-0482-00,medium,881,5.587670939106147,0.9971910112359551,0.9971910112359551,2.765335537232315,3.3802296343936797
TSC_neg,OFT-0482-00,fast,882,4.553781641579412,0.9971910112359551,0.9971910112359551,2.458696347788445,2.980493968573003
TSC_neg,OFT-0482-00,slow,883,5.183120653473324,0.9971910112359551,0.9971910112359551,2.762313607721124,3.270595132408589
TSC_neg,OFT-0483-00,fast,884,4.914582749132071,0.9971910112359551,0.9971910112359551,2.4117687343235166,3.0690488500206046
TSC_neg,OFT-0483-00,medium,885,4.972175841591577,0.9971910112359551,0.9971910112359551,2.567124864357449,3.1388687139994262
TSC_neg,OFT-0483-00,slow,886,4.700748963369812,0.9971910112359551,0.9971910112359551,2.708580426241926,3.2981961068340233
TSC_neg,OFT-0488-00,fast,887,4.727586596979212,0.9971910112359551,0.9971910112359551,2.476035349131482,3.1570267281338844
TSC_neg,OFT-0488-00,medium,888,4.89534272373895,0.9971910112359551,0.9971910112359551,2.671355007583697,3.301166893094249
TSC_neg,OFT-0488-00,slow,889,4.546945498661542,0.9971910112359551,0.9971910112359551,2.7986255754004623,3.3752865916376797
TSC_neg,OFT-0490-00,fast,890,4.656179903871116,0.9971910112359551,0.9971910112359551,2.625027217800686,3.1302963007837623
TSC_neg,OFT-0490-00,medium,891,4.594711561008728,0.9971910112359551,0.9971910112359551,2.5756709099996917,3.1507363225074396
TSC_neg,OFT-0490-00,slow,892,4.405218755468335,0.9971910112359551,0.9971910112359551,2.5846685796808475,3.1039423170686593
TSC_neg,OFT-0491-00,fast,893,5.052207562480999,0.9971910112359551,0.9971910112359551,2.7498373589100447,3.358729542199179
TSC_neg,OFT-0491-00,medium,894,4.4623192138885726,0.9971910112359551,0.9971910112359551,2.635889458793925,3.1983039490506937
TSC_neg,OFT-0491-00,slow,895,4.553384288448788,0.9971910112359551,0.9971910112359551,2.8431614278707635,3.3472548642398947
TSC_neg,OFT-0512-00,slow,896,4.691253882774358,0.9971910112359551,0.9971910112359551,2.7093046280697863,3.330787776598148
TSC_neg,OFT-0512-00,medium,897,4.3816184899064945,0.9971910112359551,0.9971910112359551,2.736077468658828,3.341417950340573
TSC_neg,OFT-0512-00,fast,898,4.999784140722822,0.9971910112359551,0.9971910112359551,2.5676987148115797,3.206662466475317
TSC_neg,OFT-0527-00,medium,899,4.823392433776285,0.9971910112359551,0.9971910112359551,2.7832130683470653,3.360803343354283
TSC_neg,OFT-0527-00,slow,900,4.3555801500081435,1.050561797752809,1.050561797752809,2.789256331855175,3.2946740888948485
TSC_neg,OFT-0527-00,fast,901,4.254964452956633,0.9971910112359551,0.9971910112359551,2.513236725855303,2.9096902174343002
TSC_neg,OFT-0530-00,fast,902,4.821383108103509,0.9971910112359551,0.9971910112359551,2.613367461012868,3.174931462022422
TSC_neg,OFT-0530-00,medium,904,4.396557344491726,0.9971910112359551,0.9971910112359551,2.422457840135777,2.9091779528586086
TSC_neg,OFT-0538-00,slow,905,4.067575238789937,1.050561797752809,1.050561797752809,2.7258682463822064,3.259230943554423
TSC_neg,OFT-0538-00,medium,906,4.694167544328137,0.9971910112359551,0.9971910112359551,2.830646321097255,3.317838890672179
TSC_neg,OFT-0538-00,fast,907,5.1474435001580545,0.9971910112359551,0.9971910112359551,2.7073058945618746,3.338066054320938
TSC_neg,OFT-0545-00,slow,908,4.590997192063877,0.9971910112359551,0.9971910112359551,2.7360014069970267,3.23378426227655
TSC_neg,OFT-0545-00,medium,909,4.730510479258486,0.9971910112359551,0.9971910112359551,2.6526207140575333,3.241946747214388
TSC_neg,OFT-0545-00,fast,910,4.705209996187603,0.9971910112359551,0.9971910112359551,2.5819287708193195,3.2159403629304997
TSC_neg,OFT-0587-00,slow,911,4.766461139096396,0.9971910112359551,0.9971910112359551,2.8313820047490634,3.4216626192485733
TSC_neg,OFT-0587-00,fast,912,4.730349848565663,0.9971910112359551,0.9971910112359551,2.586739325939643,3.2309093597962986
TSC_neg,OFT-0587-00,medium,913,4.503666376303737,0.9971910112359551,0.9971910112359551,2.7076677691645057,3.3039547637390427
TSC_neg,OFT-0590-00,slow,914,4.807201038923399,0.9971910112359551,0.9971910112359551,2.751220902481058,3.3615941566756287
TSC_neg,OFT-0590-00,fast,915,4.755487948055377,0.9971910112359551,0.9971910112359551,2.5871217784243794,3.2965914381463555
TSC_neg,OFT-0590-00,medium,916,4.754635801492736,0.9971910112359551,0.9971910112359551,2.7138108609463414,3.344909686681722
TSC_neg,OFT-0593-00,medium,917,4.880520278301655,0.9971910112359551,0.9971910112359551,2.669571713113256,3.2587120753684373
TSC_neg,OFT-0593-00,fast,918,4.8637614669106295,0.9971910112359551,0.9971910112359551,2.588287569768779,3.3024066991563834
TSC_neg,OFT-0593-00,slow,919,4.737907241385475,0.9971910112359551,0.9971910112359551,2.7538475741232684,3.364113615790109
TSC_neg,OFT-0596-00,fast,920,5.34784911909685,0.9971910112359551,0.9971910112359551,2.6626327211545324,3.364406803994892
TSC_neg,OFT-0596-00,slow,921,4.8524329508027115,0.9971910112359551,0.9971910112359551,2.8180948532022585,3.4166214225048206
TSC_neg,OFT-0596-00,medium,922,5.144186605567354,0.9971910112359551,0.9971910112359551,2.7767078892339345,3.360275089978153
TSC_neg,OFT-0600-00,medium,923,4.620704132717139,0.9971910112359551,0.9971910112359551,2.616711589233484,3.1331968114567563
TSC_neg,OFT-0600-00,fast,924,4.578123428398728,0.9971910112359551,0.9971910112359551,2.6771267115022885,3.3417962085472843
TSC_neg,OFT-0600-00,slow,925,5.235450264302524,0.9971910112359551,0.9971910112359551,2.722360203688807,3.2562952521910806
TSC_neg,OFT-0603-00,medium,926,5.085135590502607,0.9971910112359551,0.9971910112359551,2.663193689379084,3.279775362974375
TSC_neg,OFT-0603-00,fast,927,4.827559303881003,0.9971910112359551,0.9971910112359551,2.525031439472936,3.1727905670520893
TSC_neg,OFT-0603-00,slow,928,4.761620812772341,0.9971910112359551,0.9971910112359551,2.80101400810758,3.3845216003087337
TSC_neg,OFT-0609-00,fast,929,4.623468691832636,0.9971910112359551,0.9971910112359551,2.498828778344093,3.11448948988647
TSC_neg,OFT-0609-00,slow,930,4.53389300453664,0.9971910112359551,0.9971910112359551,2.6037834792033094,3.186017314822981
TSC_neg,OFT-0609-00,medium,931,5.0658491501852465,0.9971910112359551,0.9971910112359551,2.6702875188123456,3.242215936094793
TSC_neg,OFT-0615-00,fast,932,4.7905936737179005,0.9971910112359551,0.9971910112359551,2.652943073819466,3.351630728509543
TSC_neg,OFT-0615-00,slow,933,4.161308394524837,0.9971910112359551,0.9971910112359551,2.4856051907535885,2.860483724809241
TSC_neg,OFT-0615-00,medium,934,5.001317330987917,0.9971910112359551,0.9971910112359551,2.6546877779027214,3.208509622363765
TSC_neg,OFT-0616-00,slow,935,4.54364592283166,0.9971910112359551,0.9971910112359551,2.5963030757765733,3.135369585120546
TSC_neg,OFT-0616-00,fast,936,4.924823991996118,0.9971910112359551,0.9971910112359551,2.5727282613772595,3.2669204452580005
TSC_neg,OFT-0616-00,medium,937,4.856225519132674,0.9971910112359551,0.9971910112359551,2.582015029714016,3.204278217492613
TSC_neg,OFT-0618-00,slow,938,4.4698080999247995,0.9971910112359551,0.9971910112359551,2.7715744868472334,3.3434699060018556
TSC_neg,OFT-0618-00,medium,939,5.042141367283352,0.9971910112359551,0.9971910112359551,2.6062275719170436,3.2102705394633846
TSC_neg,OFT-0618-00,fast,940,4.985974075710795,0.9971910112359551,0.9971910112359551,2.748212258159398,3.3816192475215443
TSC_neg,OFT-0619-00,slow,941,4.661210512109922,0.9971910112359551,0.9971910112359551,2.69284732513226,3.1550748864053273
TSC_neg,OFT-0619-00,medium,942,4.611723149654759,0.9971910112359551,0.9971910112359551,2.5623361017676514,3.052134549650003
TSC_neg,OFT-0619-00,fast,943,5.18431362714518,0.9971910112359551,0.9971910112359551,2.6187584240981754,3.1082992720947717
TSC_neg,OFT-0622-00,slow,944,4.167527818078121,0.9971910112359551,0.9971910112359551,2.9386419716205006,3.3959189508194068
TSC_neg,OFT-0622-00,medium,945,5.1618197211317165,0.9971910112359551,0.9971910112359551,2.8057785997606417,3.3574741804210806
TSC_neg,OFT-0622-00,fast,946,4.478178102962565,0.9971910112359551,0.9971910112359551,2.4965825402525095,2.9528659623675524
TSC_neg,OFT-0623-00,slow,947,4.380232703508877,0.9971910112359551,0.9971910112359551,2.782736987617299,3.2902476915110963
TSC_neg,OFT-0623-00,medium,948,4.413185504656752,0.9971910112359551,0.9971910112359551,2.74736967140165,3.2975776185830763
TSC_neg,OFT-0623-00,fast,949,4.906641357283893,0.9971910112359551,0.9971910112359551,2.770537667313663,3.427244701417649
TSC_neg,OFT-0625-00,medium,950,4.950605053517004,0.9971910112359551,0.9971910112359551,2.7853626983293056,3.2854837959614307
TSC_neg,OFT-0625-00,slow,951,4.9146988611093505,0.9971910112359551,0.9971910112359551,2.605744174063336,3.05234288889847
TSC_neg,OFT-0625-00,fast,952,4.435921302191874,0.9971910112359551,0.9971910112359551,2.5655672610485425,3.039954061202612
TSC_neg,OFT-0626-00,medium,953,6.178558600754892,0.9971910112359551,0.9971910112359551,2.6275022907319423,3.185867520516486
TSC_neg,OFT-0626-00,slow,954,4.934554541449815,0.9971910112359551,0.9971910112359551,2.6811245656657507,3.2034082096612955
TSC_neg,OFT-0626-00,fast,955,5.337352374991872,0.9971910112359551,0.9971910112359551,2.7663209325342177,3.3525347706813604
TSC_neg,OFT-0627-00,fast,956,4.39598914042772,0.9971910112359551,0.9971910112359551,2.4557260171354334,2.9142274765688443
TSC_neg,OFT-0627-00,medium,957,4.840773756724861,0.9971910112359551,0.9971910112359551,2.7617147504859156,3.2576434197157167
TSC_neg,OFT-0627-00,slow,958,3.0834900023545226,0.9971910112359551,0.9971910112359551,1.9935272448601287,2.0656685974656037
TSC_neg,OFT-0629-00,fast,959,4.800820646279968,0.9971910112359551,0.9971910112359551,2.7330136410314227,3.2092789118051193
TSC_neg,OFT-0629-00,medium,960,4.659098016176079,0.9971910112359551,0.9971910112359551,2.6093006462070822,3.1571699181779294
TSC_neg,OFT-0629-00,slow,961,4.500393389997301,0.9971910112359551,0.9971910112359551,2.7180199967656953,3.133390015229908
TSC_neg,OFT-0631-00,medium,962,4.238661012472763,0.9971910112359551,0.9971910112359551,2.8973701414644615,3.2533730352411463
TSC_neg,OFT-0631-00,slow,963,4.851213380263646,0.9971910112359551,0.9971910112359551,2.6653531565728814,2.9184920723857544
TSC_neg,OFT-0631-00,fast,964,4.547505197050344,0.9971910112359551,0.9971910112359551,2.551469373715186,3.003631774701623
TSC_neg,OFT-0633-00,fast,965,4.891359364719624,0.9971910112359551,0.9971910112359551,2.5971892207570293,2.9768251035885194
TSC_neg,OFT-0633-00,slow,966,3.164306770688,0.9971910112359551,0.9971910112359551,1.93966250727082,1.8987891769116063
TSC_neg,OFT-0633-00,medium,967,4.479632197519003,0.9971910112359551,0.9971910112359551,2.524652790421126,2.9530174725703184
TSC_neg,OFT-0635-00,medium,968,4.578122533980221,0.9971910112359551,0.9971910112359551,2.6707226626792155,3.2624694603391053
TSC_neg,OFT-0635-00,fast,969,4.899479654041791,0.9971910112359551,0.9971910112359551,2.70850067427676,3.2773321572622915
TSC_neg,OFT-0635-00,slow,970,4.594883761740692,0.9971910112359551,0.9971910112359551,2.6875006785366526,3.200314618360652
TSC_neg,OFT-0638-00,slow,971,4.492376891957141,0.9971910112359551,0.9971910112359551,2.616147841488017,3.138650015246903
TSC_neg,OFT-0638-00,medium,972,5.060459314862926,0.9971910112359551,0.9971910112359551,2.6060691595240217,3.1757294736194472
TSC_neg,OFT-0638-00,fast,973,4.880912893300849,0.9971910112359551,0.9971910112359551,2.592268406010855,3.2649254875678633
TSC_neg,OFT-0659-00,fast,974,4.619787955422125,0.9971910112359551,0.9971910112359551,2.8017775800749267,3.4118295910649294
TSC_neg,OFT-0659-00,medium,975,4.448162174805118,0.9971910112359551,0.9971910112359551,2.6496443797247164,3.2011337150456662
TSC_neg,OFT-0659-00,slow,976,4.637175048698263,0.9971910112359551,0.9971910112359551,2.7843681646624994,3.395881205416614
TSC_neg,OFT-0672-00,medium,977,4.216753024490414,0.9971910112359551,0.9971910112359551,2.758268214397147,3.3747899487266695
TSC_neg,OFT-0672-00,slow,978,4.321335847969708,0.9971910112359551,0.9971910112359551,2.792434568190612,3.044563945618287
TSC_neg,OFT-0672-00,fast,979,4.640547794926645,0.9971910112359551,0.9971910112359551,2.7981962967153526,3.289883941957936
TSC_neg,OFT-0680-00,medium,980,4.7518578579904975,0.9971910112359551,0.9971910112359551,2.801937101312307,3.3540187075143
TSC_neg,OFT-0680-00,fast,981,4.7939194915553,0.9971910112359551,0.9971910112359551,2.75911297710151,3.2905707851325525
TSC_neg,OFT-0680-00,slow,982,5.090100758011096,0.9971910112359551,0.9971910112359551,2.7653802622023793,3.2308924123001
new_preds,OFT-0000-00,fast,983,5.017682531514052,0.9971910112359551,0.9971910112359551,2.6526316588624113,3.3146709686153373
new_preds,OFT-0000-00,medium,984,4.574832051557169,0.9971910112359551,0.9971910112359551,2.680555263591929,3.3191906456494453
new_preds,OFT-0000-00,slow,985,4.641546046623176,0.9971910112359551,0.9971910112359551,2.6942098896631745,3.249459229010338
new_preds,OFT-0000-01,fast,986,4.705939421762446,0.9971910112359551,0.9971910112359551,2.649372268063215,3.123500221269205
new_preds,OFT-0000-01,medium,987,4.815326716402373,0.9971910112359551,0.9971910112359551,2.6433565689815994,3.2453265000086318
new_preds,OFT-0000-01,slow,988,4.61415869052316,0.9971910112359551,0.9971910112359551,2.861573529610856,3.2771673186384747
new_preds,OFT-0001-00,slow,989,4.86763533524553,0.9971910112359551,0.9971910112359551,2.702375189968852,3.3189160683041226
new_preds,OFT-0001-00,medium,990,4.980652254038423,0.9971910112359551,0.9971910112359551,2.695472250534332,3.2976583305433502
new_preds,OFT-0001-00,fast,991,4.850782970164165,0.9971910112359551,0.9971910112359551,2.587105880511662,3.2921809441133187
new_preds,OFT-0001-01,medium,992,5.17811625033852,0.9971910112359551,0.9971910112359551,2.6398058420618415,3.2753048025351355
new_preds,OFT-0001-01,fast,993,4.7983138740763245,0.9971910112359551,0.9971910112359551,2.5693754641438,3.179959031593286
new_preds,OFT-0001-01,slow,994,4.498833338982047,0.9971910112359551,0.9971910112359551,2.859022400425635,3.517534522914025
new_preds,OFT-0003-00,slow,995,4.691001254500075,0.9971910112359551,0.9971910112359551,2.81766973505105,3.3888094478525774
new_preds,OFT-0003-00,fast,996,4.578006952436969,0.9971910112359551,0.9971910112359551,2.5806075630446803,3.1502380417680063
new_preds,OFT-0003-00,medium,997,4.978578507592765,0.9971910112359551,0.9971910112359551,2.675150131186003,3.2760731122440503
new_preds,OFT-0004-00,slow,998,4.891046240088713,0.9971910112359551,0.9971910112359551,2.884257967704654,3.470131866464871
new_preds,OFT-0004-00,fast,999,4.349292679675792,0.9971910112359551,0.9971910112359551,2.5008935766249123,3.032062532690565
new_preds,OFT-0004-00,medium,1000,4.720924357400192,0.9971910112359551,0.9971910112359551,2.765618954132802,3.34976299187183
new_preds,OFT-0004-02,slow,1001,4.67093963359042,0.9971910112359551,0.9971910112359551,2.733434498548935,3.3342560979256954
new_preds,OFT-0004-02,medium,1002,4.849151877597719,0.9971910112359551,0.9971910112359551,2.772644804456965,3.2359935995320233
new_preds,OFT-0004-02,fast,1003,5.075191917760751,0.9971910112359551,0.9971910112359551,2.7385090383781234,3.274817414156276
new_preds,OFT-0005-00,medium,1004,4.4601917397454836,0.9971910112359551,0.9971910112359551,2.723328439653927,3.2766915053645502
new_preds,OFT-0005-00,fast,1005,4.68386203317448,0.9971910112359551,0.9971910112359551,2.758743450134697,3.3288045654716067
new_preds,OFT-0005-00,slow,1006,4.6745782949069445,0.9971910112359551,0.9971910112359551,2.7602045088409755,3.299670056361567
new_preds,OFT-0005-01,fast,1007,4.770594320733507,0.9971910112359551,0.9971910112359551,2.705870836542452,3.1991346836376633
new_preds,OFT-0005-01,slow,1008,4.460394592846307,0.9971910112359551,0.9971910112359551,2.8348458324074906,3.2354048331777925
new_preds,OFT-0005-01,medium,1009,5.342814808587892,1.050561797752809,1.050561797752809,2.727824383174913,3.126097322342954
new_preds,OFT-0005-02,slow,1010,4.2475702057506615,0.9971910112359551,0.9971910112359551,2.777975806826906,3.3209368403184008
new_preds,OFT-0005-02,fast,1011,4.8781162342248034,0.9971910112359551,0.9971910112359551,2.71661927902619,3.206665116214143
new_preds,OFT-0005-02,medium,1012,4.5540342973524215,0.9971910112359551,0.9971910112359551,2.633847301760361,2.9959611021859875
new_preds,OFT-0006-00,medium,1013,4.616351467363123,0.9971910112359551,0.9971910112359551,2.720345058293423,3.3930153917245915
new_preds,OFT-0006-00,fast,1014,4.799390344636453,0.9971910112359551,0.9971910112359551,2.730592336849476,3.3339645079027393
new_preds,OFT-0006-00,slow,1015,4.235723624024559,0.9971910112359551,0.9971910112359551,2.578518221135501,3.139569045106202
new_preds,OFT-0006-01,medium,1016,4.629894781885692,0.9971910112359551,0.9971910112359551,2.7508237849374875,3.3199166919713816
new_preds,OFT-0006-01,slow,1017,4.785510334588359,0.9971910112359551,0.9971910112359551,2.861528571794387,3.4650988116737476
new_preds,OFT-0006-01,fast,1018,5.197282435759365,0.9971910112359551,0.9971910112359551,2.3912078430837727,2.854140527483155
new_preds,OFT-0006-02,slow,1019,4.342943551551025,0.9971910112359551,0.9971910112359551,2.7588563749977446,3.177330746978408
new_preds,OFT-0006-02,fast,1020,5.159588634834109,0.9971910112359551,0.9971910112359551,2.751852522905028,3.288361582051692
new_preds,OFT-0006-02,medium,1021,4.3475744855776215,0.9971910112359551,0.9971910112359551,2.8358419482292176,3.2682805743961696
new_preds,OFT-0007-00,medium,1022,4.661698072135926,0.9971910112359551,0.9971910112359551,2.5569675475538918,3.1902631358830247
new_preds,OFT-0007-00,fast,1023,4.955434101928953,0.9971910112359551,0.9971910112359551,2.7432175172619413,3.3638694614523845
new_preds,OFT-0007-00,slow,1024,4.91500382039967,0.9971910112359551,0.9971910112359551,2.7978463304336754,3.4835160854907583
new_preds,OFT-0007-01,fast,1025,4.90799700656381,0.9971910112359551,0.9971910112359551,2.610762325730171,3.164996918972428
new_preds,OFT-0007-01,medium,1026,5.03101136362995,0.9971910112359551,0.9971910112359551,2.8616527479248552,3.470426097676669
new_preds,OFT-0007-01,slow,1027,4.433088068125693,0.9971910112359551,0.9971910112359551,2.836291950319278,3.5148349366862024
new_preds,OFT-0008-00,medium,1028,5.158454499348568,0.9971910112359551,0.9971910112359551,2.73137844837264,3.329477809661155
new_preds,OFT-0008-00,fast,1029,5.003812655218413,0.9971910112359551,0.9971910112359551,2.641583549965098,3.247810062106859
new_preds,OFT-0008-00,slow,1030,4.698353197140436,0.9971910112359551,0.9971910112359551,2.8245962921968624,3.3945859370721716
new_preds,OFT-0008-01,slow,1031,4.760969118190496,0.9971910112359551,0.9971910112359551,2.7897085190819517,3.367534332918431
new_preds,OFT-0008-01,fast,1032,4.791596687782008,0.9971910112359551,0.9971910112359551,2.634199890813615,3.210340350885292
new_preds,OFT-0008-01,medium,1033,4.762188455686214,0.9971910112359551,0.9971910112359551,2.698981516886175,3.2684575711498765
new_preds,OFT-0009-00,fast,1034,4.734779392614269,0.9971910112359551,0.9971910112359551,2.632876353615905,3.224759360498249
new_preds,OFT-0009-00,medium,1035,4.69903208368636,0.9971910112359551,0.9971910112359551,2.4810302724744138,3.1006118837767787
new_preds,OFT-0009-00,slow,1036,4.295190535162656,0.9971910112359551,0.9971910112359551,2.741010674360056,3.309070649836086
new_preds,OFT-0009-01,medium,1037,4.729712786033866,0.9971910112359551,0.9971910112359551,2.7308995148160107,3.308039987766569
new_preds,OFT-0009-01,fast,1038,4.699487531178745,0.9971910112359551,0.9971910112359551,2.618064126310844,3.2280379366944847
new_preds,OFT-0009-01,slow,1039,4.79074492502699,0.9971910112359551,0.9971910112359551,2.809088795996161,3.357165402008814
new_preds,OFT-0010-00,medium,1040,5.096349835670901,0.9971910112359551,0.9971910112359551,2.8127387591425146,3.3814679309108753
new_preds,OFT-0010-00,slow,1041,4.23837763292621,0.9971910112359551,0.9971910112359551,2.801516082724295,3.2744984084711777
new_preds,OFT-0010-00,fast,1042,4.042248370172167,0.9971910112359551,0.9971910112359551,2.245539369621316,2.762638931364316
new_preds,OFT-0010-01,slow,1043,4.582292426638669,0.9971910112359551,0.9971910112359551,2.704162032392053,3.247606046973556
new_preds,OFT-0010-01,medium,1044,4.489770944433131,0.9971910112359551,0.9971910112359551,2.7758902651864372,3.3856466754860377
new_preds,OFT-0010-01,fast,1045,5.047487155050542,0.9971910112359551,0.9971910112359551,2.614006261874517,3.2349004890939974
new_preds,OFT-0010-02,fast,1046,5.4737835835894195,0.9971910112359551,0.9971910112359551,2.5870268130470095,3.2155595710022205
new_preds,OFT-0010-02,slow,1047,4.454608875503336,0.9971910112359551,0.9971910112359551,2.829698921085706,3.3194622889880114
new_preds,OFT-0010-02,medium,1048,4.857856911425184,0.9971910112359551,0.9971910112359551,2.766750388586539,3.3217817417331044
new_preds,OFT-0011-00,medium,1049,5.2102744594080255,0.9971910112359551,0.9971910112359551,2.6913522281010085,3.330098387777483
new_preds,OFT-0011-00,fast,1050,4.896713426628972,0.9971910112359551,0.9971910112359551,2.6661530834921843,3.246725095218124
new_preds,OFT-0011-00,slow,1051,4.747573581352635,0.9971910112359551,0.9971910112359551,2.8036267073850296,3.4565137134691972
new_preds,OFT-0011-01,fast,1052,4.909099305228288,0.9971910112359551,0.9971910112359551,2.5048983420252093,3.196558563314192
new_preds,OFT-0011-01,slow,1053,4.668614744856552,0.9971910112359551,0.9971910112359551,2.5762437096007647,3.1267439566301176
new_preds,OFT-0011-01,medium,1054,4.691847115003769,0.9971910112359551,0.9971910112359551,2.7453803482917047,3.3821959517567195
new_preds,OFT-0011-02,fast,1055,4.670589681172768,0.9971910112359551,0.9971910112359551,2.645534451903484,3.2713845064470286
new_preds,OFT-0011-02,medium,1056,4.814583163277368,0.9971910112359551,0.9971910112359551,2.687180181989902,3.1929765177029155
new_preds,OFT-0011-02,slow,1057,4.704558426618351,0.9971910112359551,0.9971910112359551,2.7823061259889217,3.2744804806903574
new_preds,OFT-0012-00,fast,1058,5.00427628777312,0.9971910112359551,0.9971910112359551,2.573804485748365,3.222307383314862
new_preds,OFT-0012-00,medium,1059,4.7990706093470035,0.9971910112359551,0.9971910112359551,2.744903909689414,3.360707148469372
new_preds,OFT-0012-00,slow,1060,4.804145758594265,0.9971910112359551,0.9971910112359551,2.857938705097772,3.4895195164555552
new_preds,OFT-0013-00,slow,1061,4.780082199509922,0.9971910112359551,0.9971910112359551,2.7544723701318987,3.1712557168710953
new_preds,OFT-0013-00,fast,1062,4.851070903216574,0.9971910112359551,0.9971910112359551,2.633090025676253,3.2122110505532704
new_preds,OFT-0013-00,medium,1063,5.25514748515208,0.9971910112359551,0.9971910112359551,2.7161641052147742,3.211090350584343
new_preds,OFT-0014-00,slow,1064,4.579039743429716,0.9971910112359551,0.9971910112359551,2.7051835537203663,3.1801194458299524
new_preds,OFT-0014-00,fast,1065,5.3061645263665325,0.9971910112359551,0.9971910112359551,2.560848674123318,3.2132988039469113
new_preds,OFT-0014-00,medium,1066,4.685062603407727,0.9971910112359551,0.9971910112359551,2.7656693793189993,3.3079943283061466
new_preds,OFT-0015-00,slow,1067,4.588441664438643,0.9971910112359551,0.9971910112359551,2.778576933140882,3.295850130734778
new_preds,OFT-0015-00,fast,1068,5.115705202839424,0.9971910112359551,0.9971910112359551,2.702132162835762,3.3248376909859827
new_preds,OFT-0015-00,medium,1069,4.771285400684681,0.9971910112359551,0.9971910112359551,2.699616838267447,3.22233323057186
new_preds,OFT-0016-00,medium,1070,4.634718045461729,0.9971910112359551,0.9971910112359551,2.4955673237346754,3.0440669105789913
new_preds,OFT-0016-00,fast,1071,4.842213559721658,0.9971910112359551,0.9971910112359551,2.5950686853035214,3.2247000730849305
new_preds,OFT-0016-00,slow,1072,4.8398249052449875,0.9971910112359551,0.9971910112359551,2.663282606555979,3.284181765705685
new_preds,OFT-0017-00,medium,1073,4.821205190999341,0.9971910112359551,0.9971910112359551,2.751491652232504,3.383076399698747
new_preds,OFT-0017-00,fast,1074,4.91160386547765,0.9971910112359551,0.9971910112359551,2.72772681345508,3.357445303937084
new_preds,OFT-0017-00,slow,1075,4.3475723571739815,0.9971910112359551,0.9971910112359551,2.8815876438631247,3.3837704102542308
new_preds,OFT-0018-00,slow,1076,4.303510376881206,0.9971910112359551,0.9971910112359551,2.534596663014153,3.0893383674218766
new_preds,OFT-0018-00,medium,1077,4.881829239065068,0.9971910112359551,0.9971910112359551,2.6164915573350274,3.2106783737860978
new_preds,OFT-0018-00,fast,1078,4.802657672931841,0.9971910112359551,0.9971910112359551,2.589581215787014,3.2155490021019766
new_preds,OFT-0019-00,fast,1079,4.734657076212788,0.9971910112359551,0.9971910112359551,2.622722799174812,3.1884832579921603
new_preds,OFT-0019-00,medium,1080,4.995620079580698,0.9971910112359551,0.9971910112359551,2.7053827052357935,3.310071424079245
new_preds,OFT-0019-00,slow,1081,4.7613924201434195,0.9971910112359551,0.9971910112359551,2.747129104315669,3.289817799550687
new_preds,OFT-0020-00,fast,1082,4.949087210293273,0.9971910112359551,0.9971910112359551,2.586392468767435,3.23898800658138
new_preds,OFT-0020-00,medium,1083,4.907695233246239,0.9971910112359551,0.9971910112359551,2.680721418681074,3.18369888804627
new_preds,OFT-0020-00,slow,1084,5.057123805568148,0.9971910112359551,0.9971910112359551,2.7830401304872368,3.3963054841816165
new_preds,OFT-0021-00,fast,1085,4.962905430639711,0.9971910112359551,0.9971910112359551,2.6045842974379734,3.266049133403697
new_preds,OFT-0021-00,medium,1086,5.34863542878951,0.9971910112359551,0.9971910112359551,2.7104819633007415,3.267005967715373
new_preds,OFT-0021-00,slow,1087,4.674945395075963,0.9971910112359551,0.9971910112359551,2.7913998174599675,3.348548108563043
new_preds,OFT-0022-00,fast,1088,4.7750445304764915,0.9971910112359551,0.9971910112359551,2.4977821349022054,3.1444576862764535
new_preds,OFT-0022-00,medium,1089,5.002822213639187,0.9971910112359551,0.9971910112359551,2.710009741570666,3.318307331195708
new_preds,OFT-0022-00,slow,1090,5.199294474630022,0.9971910112359551,0.9971910112359551,2.761881733879435,3.3693334834253457
new_preds,OFT-0023-00,fast,1091,5.090114581070506,0.9971910112359551,0.9971910112359551,2.719997840195803,3.2916708994427144
new_preds,OFT-0023-00,medium,1092,5.2504727413097125,0.9971910112359551,0.9971910112359551,2.732056386275677,3.3090116366859283
new_preds,OFT-0023-00,slow,1093,4.420930259523119,0.9971910112359551,0.9971910112359551,2.797143329748532,3.3967883044763756
new_preds,OFT-0024-00,fast,1094,5.001587384788942,0.9971910112359551,0.9971910112359551,2.5888016160148943,3.226918502313961
new_preds,OFT-0024-00,medium,1095,4.558872337155877,0.9971910112359551,0.9971910112359551,2.6700927011212645,3.276836188250095
new_preds,OFT-0024-00,slow,1096,4.422411282970007,0.9971910112359551,0.9971910112359551,2.6313564901689084,3.307359113634328
new_preds,OFT-0025-00,fast,1097,4.887212493023756,0.9971910112359551,0.9971910112359551,2.571387908859844,3.246467122490152
new_preds,OFT-0025-00,slow,1098,4.804234736545695,0.9971910112359551,0.9971910112359551,2.7514825343364415,3.375051876588771
new_preds,OFT-0025-00,medium,1099,4.686753543486685,0.9971910112359551,0.9971910112359551,2.6818783383643536,3.3106209676108516
new_preds,OFT-0026-00,medium,1100,5.019192392323803,0.9971910112359551,0.9971910112359551,2.715228432454163,3.2703006745684875
new_preds,OFT-0026-00,slow,1101,5.133128973456945,0.9971910112359551,0.9971910112359551,2.788553243739721,3.408992796853171
new_preds,OFT-0026-00,fast,1102,4.6934237918467865,0.9971910112359551,0.9971910112359551,2.5957660765429553,3.170438973397828
new_preds,OFT-0027-00,medium,1103,4.536976132885185,0.9971910112359551,0.9971910112359551,2.6354159526365155,3.2190000954297426
new_preds,OFT-0027-00,fast,1104,4.683484033606793,0.9971910112359551,0.9971910112359551,2.7388707504455176,3.2302895133031257
new_preds,OFT-0027-00,slow,1105,4.421444002834466,0.9971910112359551,0.9971910112359551,2.6279939613779146,2.977210869525191
new_preds,OFT-0028-00,fast,1106,4.761252899151195,0.9971910112359551,0.9971910112359551,2.607376916316472,3.221244577666765
new_preds,OFT-0028-00,medium,1107,5.378181624498405,0.9971910112359551,0.9971910112359551,2.7448094237557066,3.3476040684661506
new_preds,OFT-0028-00,slow,1108,4.752476160023692,0.9971910112359551,0.9971910112359551,2.9204288083055934,3.560607315910144
new_preds,OFT-0029-00,medium,1109,4.946586844500356,0.9971910112359551,0.9971910112359551,2.791837564801323,3.396655394964831
new_preds,OFT-0029-00,fast,1110,4.733883148085569,0.9971910112359551,0.9971910112359551,2.5992832192830897,3.2476674788570334
new_preds,OFT-0029-00,slow,1111,4.599732790899425,0.9971910112359551,0.9971910112359551,2.7886803326926572,3.3167481107271812
new_preds,OFT-0030-00,slow,1112,4.717726218622655,0.9971910112359551,0.9971910112359551,2.7627606275594436,3.359842102403443
new_preds,OFT-0030-00,fast,1113,4.591456581379794,0.9971910112359551,0.9971910112359551,2.5762377266554206,3.115406106107412
new_preds,OFT-0030-00,medium,1114,4.877577340363614,0.9971910112359551,0.9971910112359551,2.692225624609534,3.221225304885567
new_preds,OFT-0031-00,fast,1115,5.48117982596364,0.9971910112359551,0.9971910112359551,2.666663636203475,3.287743356415594
new_preds,OFT-0031-00,slow,1116,4.991971294925834,0.9971910112359551,0.9971910112359551,2.8825377760948863,3.459709952849094
new_preds,OFT-0031-00,medium,1117,5.959924450966317,0.9971910112359551,0.9971910112359551,2.7442813979024674,3.3287422472212476
new_preds,OFT-0032-00,fast,1118,4.842784575054448,0.9971910112359551,0.9971910112359551,2.4840902404940945,3.1447349726384193
new_preds,OFT-0032-00,slow,1119,4.69953480191706,0.9971910112359551,0.9971910112359551,2.5754266285290837,3.210855892400022
new_preds,OFT-0032-00,medium,1120,4.942876019562508,0.9971910112359551,0.9971910112359551,2.7055024178276197,3.2921914320311854
new_preds,OFT-0033-00,fast,1121,5.121549585385393,0.9971910112359551,0.9971910112359551,2.610198171895592,3.195610647933511
new_preds,OFT-0033-00,slow,1122,4.711589772413631,0.9971910112359551,0.9971910112359551,2.828606921281354,3.3931020121278253
new_preds,OFT-0033-00,medium,1123,4.787874182614961,0.9971910112359551,0.9971910112359551,2.7214100875827776,3.2768260954490436
new_preds,OFT-0034-00,fast,1124,5.1676304356378875,0.9971910112359551,0.9971910112359551,2.5782814942563346,3.246605157558588
new_preds,OFT-0034-00,medium,1125,4.757055520178521,0.9971910112359551,0.9971910112359551,2.5383191341538796,2.982263640687782
new_preds,OFT-0034-00,slow,1126,4.710018114001152,0.9971910112359551,0.9971910112359551,2.8469386534380168,3.4436899098054474
new_preds,OFT-0035-00,fast,1127,4.582982121246419,0.9971910112359551,0.9971910112359551,2.404016081675202,2.989806403621652
new_preds,OFT-0035-00,slow,1128,5.0182411493329635,0.9971910112359551,0.9971910112359551,2.789949685877231,3.3922219481834612
new_preds,OFT-0035-00,medium,1129,5.128094136354917,0.9971910112359551,0.9971910112359551,2.5280263384431994,3.2106213131539887
new_preds,OFT-0036-00,fast,1130,4.557032201555849,0.9971910112359551,0.9971910112359551,2.5255935833378316,3.086053104649766
new_preds,OFT-0036-00,medium,1131,5.340354764656238,0.9971910112359551,0.9971910112359551,2.617729300000217,3.279323366861381
new_preds,OFT-0036-00,slow,1132,4.945774138138891,0.9971910112359551,0.9971910112359551,2.749751327879288,3.380856486924512
new_preds,OFT-0037-00,fast,1133,4.700498624087532,0.9971910112359551,0.9971910112359551,2.593591042270136,3.20752619579061
new_preds,OFT-0037-00,slow,1134,4.5555070030002005,0.9971910112359551,0.9971910112359551,2.7186998931272472,3.358237959543385
new_preds,OFT-0037-00,medium,1135,4.385298806725529,0.9971910112359551,0.9971910112359551,2.553926784281402,3.1023013714306606
new_preds,OFT-0038-00,fast,1136,4.438853066113546,0.9971910112359551,0.9971910112359551,2.6285114970349053,3.240538240969046
new_preds,OFT-0038-00,slow,1137,4.468873563743648,0.9971910112359551,0.9971910112359551,2.6291892275527347,3.234507551123353
new_preds,OFT-0038-00,medium,1138,5.0486926014815126,0.9971910112359551,0.9971910112359551,2.6591554255491223,3.2641690538268953
new_preds,OFT-0039-00,slow,1139,4.793478026904352,0.9971910112359551,0.9971910112359551,2.5673921520233227,3.0755937664554422
new_preds,OFT-0039-00,medium,1140,4.785489408986595,0.9971910112359551,0.9971910112359551,2.679354595145946,3.2106089371141833
new_preds,OFT-0039-00,fast,1141,4.833396854318106,0.9971910112359551,0.9971910112359551,2.6503201238400402,3.304145792617534
new_preds,OFT-0040-00,fast,1142,5.0892627750150385,0.9971910112359551,0.9971910112359551,2.566222379711464,3.318429152294107
new_preds,OFT-0040-00,slow,1143,4.221219564235877,0.9971910112359551,0.9971910112359551,2.537809425922092,3.0509833129190183
new_preds,OFT-0040-00,medium,1144,4.6999146218084284,0.9971910112359551,0.9971910112359551,2.640096460079921,3.2436306120202856
new_preds,OFT-0041-00,fast,1145,4.7104915856488,0.9971910112359551,0.9971910112359551,2.5912182573689937,3.2496376709916857
new_preds,OFT-0041-00,slow,1146,4.800388835113546,0.9971910112359551,0.9971910112359551,2.66142506167961,3.213728747747791
new_preds,OFT-0041-00,medium,1147,4.928297796293164,0.9971910112359551,0.9971910112359551,2.734205909355279,3.3698133532543095
new_preds,OFT-0042-00,fast,1148,4.875875610983696,0.9971910112359551,0.9971910112359551,2.551545288412474,3.182652394676205
new_preds,OFT-0042-00,slow,1149,5.024835727591373,0.9971910112359551,0.9971910112359551,2.8425068409944645,3.3729603363321523
new_preds,OFT-0042-00,medium,1150,4.302585945021729,0.9971910112359551,0.9971910112359551,2.3900310274018994,2.860958091866324
new_preds,OFT-0043-00,medium,1151,5.001485763151519,0.9971910112359551,0.9971910112359551,2.7218857445631577,3.2032159895311376
new_preds,OFT-0043-00,fast,1152,4.7618233424677,0.9971910112359551,0.9971910112359551,2.677989013481134,3.2743714454757775
new_preds,OFT-0043-00,slow,1153,4.612920539993041,0.9971910112359551,0.9971910112359551,2.777188818987369,3.266916736640967
new_preds,OFT-0044-00,fast,1154,4.96749867352052,0.9971910112359551,0.9971910112359551,2.513727782492997,3.0937343637822194
new_preds,OFT-0044-00,medium,1155,4.787381027431405,0.9971910112359551,0.9971910112359551,2.723798988623209,3.3861483513699637
new_preds,OFT-0044-00,slow,1156,5.321247416014378,0.9971910112359551,0.9971910112359551,2.869898846946406,3.5089406924927813
new_preds,OFT-0045-00,fast,1157,4.923334339772444,0.9971910112359551,0.9971910112359551,2.6612154373631154,3.208358567922116
new_preds,OFT-0045-00,slow,1158,4.823269702025941,0.9971910112359551,0.9971910112359551,2.811864168505949,3.39943957973732
new_preds,OFT-0045-00,medium,1159,4.730584426523075,0.9971910112359551,0.9971910112359551,2.731481337255666,3.310925248085048
new_preds,OFT-0046-00,fast,1160,4.6000873808251095,0.9971910112359551,0.9971910112359551,2.632035586201157,3.2640396459676344
new_preds,OFT-0046-00,slow,1161,5.008416488175077,0.9971910112359551,0.9971910112359551,2.722803850423519,3.315284590327693
new_preds,OFT-0046-00,medium,1162,4.6899723377328515,0.9971910112359551,0.9971910112359551,2.6826347559076194,3.2283335788354752
new_preds,OFT-0047-00,medium,1163,4.838857352463359,0.9971910112359551,0.9971910112359551,2.7089780741562617,3.377766757686502
new_preds,OFT-0047-00,fast,1164,4.838380913167578,0.9971910112359551,0.9971910112359551,2.581329311632303,3.2370335614417516
new_preds,OFT-0047-00,slow,1165,4.881940547783234,0.9971910112359551,0.9971910112359551,2.661968503414344,3.2080725594024306
new_preds,OFT-0048-00,fast,1166,4.72754619720927,0.9971910112359551,0.9971910112359551,2.5926191137842967,3.270630131006751
new_preds,OFT-0048-00,medium,1167,4.899800560042306,0.9971910112359551,0.9971910112359551,2.656471035386608,3.288622391850765
new_preds,OFT-0048-00,slow,1168,4.256945091143201,0.9971910112359551,0.9971910112359551,2.773908452754252,3.3607076342008133
new_preds,OFT-0049-00,medium,1169,4.798654429906086,0.9971910112359551,0.9971910112359551,2.726301477243797,3.3847118548318407
new_preds,OFT-0049-00,fast,1170,4.8571080389243235,0.9971910112359551,0.9971910112359551,2.59597291946251,3.2641904602668292
new_preds,OFT-0049-00,slow,1171,4.435456795545793,0.9971910112359551,0.9971910112359551,2.748927784352529,3.3825405358230145
new_preds,OFT-0050-00,slow,1172,5.39280738948091,0.9971910112359551,0.9971910112359551,2.7329347983076704,3.372695278666891
new_preds,OFT-0050-00,medium,1173,4.768124357365466,0.9971910112359551,0.9971910112359551,2.6490103254315858,3.2576808893808327
new_preds,OFT-0050-00,fast,1174,4.617995286984374,0.9971910112359551,0.9971910112359551,2.6323217106120413,3.2382806441580696
new_preds,OFT-0051-00,fast,1175,4.666183119173154,0.9971910112359551,0.9971910112359551,2.5987285785410807,3.1416356170400332
new_preds,OFT-0051-00,medium,1176,5.166238099881904,0.9971910112359551,0.9971910112359551,2.7347545504257096,3.3685849851542917
new_preds,OFT-0051-00,slow,1177,4.549778546929355,0.9971910112359551,0.9971910112359551,2.724708086265742,3.2133611118579877
new_preds,OFT-0052-00,medium,1178,4.694641139199317,0.9971910112359551,0.9971910112359551,2.6406082037617473,3.2774743759836342
new_preds,OFT-0052-00,fast,1179,4.825930092207011,0.9971910112359551,0.9971910112359551,2.6070087461805405,3.2666390121160824
new_preds,OFT-0052-00,slow,1180,4.7079618953018745,0.9971910112359551,0.9971910112359551,2.859980643010449,3.397625434989112
new_preds,OFT-0053-00,fast,1181,4.378595578664569,0.9971910112359551,0.9971910112359551,2.417846652072061,2.904485867284257
new_preds,OFT-0053-00,slow,1182,4.946056028349855,0.9971910112359551,0.9971910112359551,2.7162111632531865,3.23186370943942
new_preds,OFT-0053-00,medium,1183,4.98894048473364,0.9971910112359551,0.9971910112359551,2.7975692934041922,3.3879645300034125
new_preds,OFT-0054-00,fast,1184,4.8452639236606325,0.9971910112359551,0.9971910112359551,2.4923176799242177,3.067449297865762
new_preds,OFT-0054-00,slow,1185,4.7567261362073205,0.9971910112359551,0.9971910112359551,2.750469576182892,3.212657109738657
new_preds,OFT-0054-00,medium,1186,4.8335974607273595,0.9971910112359551,0.9971910112359551,2.6450910902271363,3.2589688877513607
new_preds,OFT-0055-00,fast,1187,4.777051886458718,0.9971910112359551,0.9971910112359551,2.6616519615564798,3.308156613168273
new_preds,OFT-0055-00,slow,1188,4.566253153759661,0.9971910112359551,0.9971910112359551,2.709273864160101,3.2524066923475945
new_preds,OFT-0055-00,medium,1189,4.736873994088647,0.9971910112359551,0.9971910112359551,2.6757182154768158,3.2720706825438146
new_preds,OFT-0056-00,fast,1190,4.784758658043819,0.9971910112359551,0.9971910112359551,2.532403904248985,3.1630285089160965
new_preds,OFT-0056-00,slow,1191,4.8676413577858515,0.9971910112359551,0.9971910112359551,2.689728238333294,3.3269328685612956
new_preds,OFT-0056-00,medium,1192,5.041774522114435,0.9971910112359551,0.9971910112359551,2.635984611833953,3.335271259748302
new_preds,OFT-0057-00,medium,1193,4.817531215594993,0.9971910112359551,0.9971910112359551,2.6841366334279373,3.3142232113446664
new_preds,OFT-0057-00,fast,1194,4.833247214980027,0.9971910112359551,0.9971910112359551,2.4566411774181485,3.0967574439741146
new_preds,OFT-0057-00,slow,1195,4.779347476823444,0.9971910112359551,0.9971910112359551,2.831180293458049,3.4028329771421637
new_preds,OFT-0058-00,slow,1196,4.789996817812154,0.9971910112359551,0.9971910112359551,2.654497287913072,3.260396154215468
new_preds,OFT-0058-00,fast,1197,4.879912791346488,0.9971910112359551,0.9971910112359551,2.5893247507601944,3.1965357561000487
new_preds,OFT-0058-00,medium,1198,4.792259721822163,0.9971910112359551,0.9971910112359551,2.5985043485439094,3.162136989790431
new_preds,OFT-0059-00,fast,1199,4.864768261459858,0.9971910112359551,0.9971910112359551,2.7126406113717647,3.334559283889433
new_preds,OFT-0059-00,medium,1200,4.839488425433185,0.9971910112359551,0.9971910112359551,2.7897466419273784,3.2942879477011786
new_preds,OFT-0059-00,slow,1201,4.786973451928009,0.9971910112359551,0.9971910112359551,2.573311176361646,3.112006685810079
new_preds,OFT-0060-00,medium,1202,4.9699874861453734,0.9971910112359551,0.9971910112359551,2.557889113109369,3.176527510986126
new_preds,OFT-0060-00,slow,1203,4.843213341560632,0.9971910112359551,0.9971910112359551,2.7416789105347013,3.3972475663486077
new_preds,OFT-0060-00,fast,1204,4.704242924071679,0.9971910112359551,0.9971910112359551,2.5045657451253676,3.1387076298603067
new_preds,OFT-0061-00,slow,1205,4.820179209822097,0.9971910112359551,0.9971910112359551,2.622039700161098,3.2296403720456164
new_preds,OFT-0061-00,medium,1206,5.090936028628705,0.9971910112359551,0.9971910112359551,2.4947584062664836,3.2125321318036364
new_preds,OFT-0061-00,fast,1207,4.693517024426007,0.9971910112359551,0.9971910112359551,2.50957349721512,3.111286943228553
new_preds,OFT-0062-00,medium,1208,4.855448728901795,0.9971910112359551,0.9971910112359551,2.614658635381668,3.22574619454207
new_preds,OFT-0062-00,fast,1209,4.564027619263984,0.9971910112359551,0.9971910112359551,2.4478729954794445,3.0236239379297114
new_preds,OFT-0062-00,slow,1210,4.773024726046784,0.9971910112359551,0.9971910112359551,2.686370410556064,3.298884898751001
new_preds,OFT-0063-00,slow,1211,6.196073954735841,0.9971910112359551,0.9971910112359551,2.716561812575066,3.3711803744051267
new_preds,OFT-0063-00,medium,1212,5.151646905352648,0.9971910112359551,0.9971910112359551,2.614445554026671,3.2715395034520593
new_preds,OFT-0063-00,fast,1213,4.312898205218254,0.9971910112359551,0.9971910112359551,2.3548257917708755,2.8796900425698166
new_preds,OFT-0064-00,fast,1214,5.093658267368159,0.9971910112359551,0.9971910112359551,2.569751137624187,3.2373068704354653
new_preds,OFT-0064-00,medium,1215,4.9168807408126725,0.9971910112359551,0.9971910112359551,2.744688073001293,3.264234375680134
new_preds,OFT-0064-00,slow,1216,4.749091813936636,0.9971910112359551,0.9971910112359551,2.8039068919891217,3.384184107104453
new_preds,OFT-0065-00,fast,1217,4.540226290910963,0.9971910112359551,0.9971910112359551,2.4830819824847814,3.0856613076135626
new_preds,OFT-0065-00,medium,1218,4.926283361717404,0.9971910112359551,0.9971910112359551,2.5921330630086588,3.2175909621467524
new_preds,OFT-0065-00,slow,1219,5.1210881505455195,0.9971910112359551,0.9971910112359551,2.771776692958682,3.440041526533162
new_preds,OFT-0066-00,medium,1220,5.1344169307763705,0.9971910112359551,0.9971910112359551,2.6137471373075267,3.227562640643678
new_preds,OFT-0066-00,fast,1221,4.938084271540679,0.9971910112359551,0.9971910112359551,2.577074101939428,3.223131327112776
new_preds,OFT-0066-00,slow,1222,4.820784518765519,0.9971910112359551,0.9971910112359551,2.704620307513562,3.2895959105072476
new_preds,OFT-0067-00,medium,1223,4.8843859995730705,0.9971910112359551,0.9971910112359551,2.7882061174618644,3.386833636873471
new_preds,OFT-0067-00,fast,1224,4.657148698490912,0.9971910112359551,0.9971910112359551,2.460697212513333,3.0196744875378925
new_preds,OFT-0067-00,slow,1225,4.734846218992178,0.9971910112359551,0.9971910112359551,2.743330006855622,3.306615035333885
new_preds,OFT-0068-00,fast,1226,4.693128184230492,0.9971910112359551,0.9971910112359551,2.560260021793695,3.1221661383228554
new_preds,OFT-0068-00,medium,1227,5.076937719030957,0.9971910112359551,0.9971910112359551,2.6828375495639176,3.298224250337633
new_preds,OFT-0068-00,slow,1228,5.2956113031833025,0.9971910112359551,0.9971910112359551,2.592103262092878,3.2152720347642934
new_preds,OFT-0069-00,fast,1229,4.5874200044476,0.9971910112359551,0.9971910112359551,2.575531915050473,3.2050624598457076
new_preds,OFT-0069-00,medium,1230,4.64303059978682,0.9971910112359551,0.9971910112359551,2.7338313110881463,3.349503731078668
new_preds,OFT-0069-00,slow,1231,4.5027542585786415,0.9971910112359551,0.9971910112359551,2.782884876696922,3.3117530771667196
new_preds,OFT-0070-00,fast,1232,5.167827846813733,0.9971910112359551,0.9971910112359551,2.6147845932007567,3.2775114681293673
new_preds,OFT-0070-00,medium,1233,4.744131389463265,0.9971910112359551,0.9971910112359551,2.6622075768082087,3.2523065341417046
new_preds,OFT-0070-00,slow,1234,4.8500264954939745,0.9971910112359551,0.9971910112359551,2.7405523294671603,3.323235039012793
new_preds,OFT-0071-00,medium,1235,4.751533249260945,0.9971910112359551,0.9971910112359551,2.6115355399685396,3.210143752205557
new_preds,OFT-0071-00,slow,1236,4.7171177401437,0.9971910112359551,0.9971910112359551,2.6013085519715924,3.1683891604422523
new_preds,OFT-0071-00,fast,1237,4.578500788701948,0.9971910112359551,0.9971910112359551,2.436806102189111,2.9937970967955083
new_preds,OFT-0072-00,medium,1238,4.509447727250445,0.9971910112359551,0.9971910112359551,2.701945632509537,3.210143909034287
new_preds,OFT-0072-00,slow,1239,4.496248200915277,0.9971910112359551,0.9971910112359551,2.647733200234971,3.099970905937591
new_preds,OFT-0072-00,fast,1240,5.143941552313326,0.9971910112359551,0.9971910112359551,2.570701212132279,3.184784119906074
new_preds,OFT-0073-00,fast,1241,4.976581769837573,0.9971910112359551,0.9971910112359551,2.5184589263165096,3.2204296740651204
new_preds,OFT-0073-00,slow,1242,5.1226114311003474,0.9971910112359551,0.9971910112359551,2.7560393923376516,3.4445457478955683
new_preds,OFT-0073-00,medium,1243,5.2598198479295935,0.9971910112359551,0.9971910112359551,2.657848074885394,3.311287518805489
new_preds,OFT-0074-00,medium,1244,4.627814443997591,0.9971910112359551,0.9971910112359551,2.66083078938924,3.1714166197252753
new_preds,OFT-0074-00,slow,1245,4.680771758231008,0.9971910112359551,0.9971910112359551,2.7482831425684844,3.3100560408521935
new_preds,OFT-0074-00,fast,1246,4.663481205913139,0.9971910112359551,0.9971910112359551,2.5657630940442697,3.1073630722463856
new_preds,OFT-0075-00,fast,1247,5.067899336906657,0.9971910112359551,0.9971910112359551,2.5631540561114594,3.2396542323670983
new_preds,OFT-0075-00,slow,1248,4.435236150037902,0.9971910112359551,0.9971910112359551,2.49175706689754,2.9377315929738965
new_preds,OFT-0075-00,medium,1249,5.3987669978187665,0.9971910112359551,0.9971910112359551,2.58533099059855,3.2341387910086294
new_preds,OFT-0076-00,fast,1250,4.801335234542775,0.9971910112359551,0.9971910112359551,2.6099499653229925,3.190128650847025
new_preds,OFT-0076-00,slow,1251,5.3927020548772315,0.9971910112359551,0.9971910112359551,2.769044187865925,3.3775566333463556
new_preds,OFT-0076-00,medium,1252,4.5683159142960665,0.9971910112359551,0.9971910112359551,2.5578263991656542,3.068643411473136
new_preds,OFT-0077-00,slow,1253,5.06854175332352,0.9971910112359551,0.9971910112359551,2.7762405025071537,3.429163219155021
new_preds,OFT-0077-00,fast,1254,5.062548265345853,0.9971910112359551,0.9971910112359551,2.5551617515472085,3.225662593239294
new_preds,OFT-0077-00,medium,1255,4.838785415154112,0.9971910112359551,0.9971910112359551,2.716958131718594,3.3383579205033507
new_preds,OFT-0078-00,slow,1256,5.950103757802245,0.9971910112359551,0.9971910112359551,2.7977592892447944,3.366913791247465
new_preds,OFT-0078-00,fast,1257,4.977222337407967,0.9971910112359551,0.9971910112359551,2.569983489139397,3.1603325770570807
new_preds,OFT-0078-00,medium,1258,4.803446140397079,0.9971910112359551,0.9971910112359551,2.6393599315130727,3.1489205138220075
new_preds,OFT-0079-00,fast,1259,4.9476865389201965,0.9971910112359551,0.9971910112359551,2.6019248780024897,3.2195802654704075
new_preds,OFT-0079-00,medium,1260,4.721919441753008,0.9971910112359551,0.9971910112359551,2.6866491280883626,3.300732350947885
new_preds,OFT-0079-00,slow,1261,4.67089447762584,0.9971910112359551,0.9971910112359551,2.8204063589641413,3.4014404334855093
new_preds,OFT-0080-00,medium,1262,4.821459841932055,0.9971910112359551,0.9971910112359551,2.5752088325827285,3.124692988804284
new_preds,OFT-0080-00,fast,1263,4.877521539896778,0.9971910112359551,0.9971910112359551,2.555195451642002,3.121886494525608
new_preds,OFT-0080-00,slow,1264,4.710605128943003,0.9971910112359551,0.9971910112359551,2.7353649470523096,3.3016135095845907
new_preds,OFT-0081-00,fast,1265,4.876352418876645,0.9971910112359551,0.9971910112359551,2.7029957681716814,3.3863296862977754
new_preds,OFT-0081-00,medium,1266,4.99579407164364,0.9971910112359551,0.9971910112359551,2.7953646563107064,3.4724989018594026
new_preds,OFT-0081-00,slow,1267,4.642763020019934,0.9971910112359551,0.9971910112359551,2.7679387354549125,3.366593336163683
new_preds,OFT-0082-00,fast,1268,5.01756781681429,0.9971910112359551,0.9971910112359551,2.513930221562524,3.130004969295836
new_preds,OFT-0082-00,medium,1269,4.832929401689693,0.9971910112359551,0.9971910112359551,2.712770373317906,3.2997655417020093
new_preds,OFT-0082-00,slow,1270,4.752873378204583,0.9971910112359551,0.9971910112359551,2.7738240406228982,3.380625171263372
new_preds,OFT-0083-00,fast,1271,4.675000063790389,0.9971910112359551,0.9971910112359551,2.5123537572534707,3.135600514412297
new_preds,OFT-0083-00,medium,1272,4.816090254039555,0.9971910112359551,0.9971910112359551,2.529550407290482,3.2257642538178177
new_preds,OFT-0083-00,slow,1273,4.6417601796394505,0.9971910112359551,0.9971910112359551,2.5618855007754338,3.271082419867875
new_preds,OFT-0084-00,fast,1274,5.29780260431973,0.9971910112359551,0.9971910112359551,2.626491848614334,3.290917498987489
new_preds,OFT-0084-00,slow,1275,4.358202872645943,0.9971910112359551,0.9971910112359551,2.7585249589823713,3.3688148160896394
new_preds,OFT-0084-00,medium,1276,4.654641848376689,0.9971910112359551,0.9971910112359551,2.6169568819539655,3.2391630560383673
new_preds,OFT-0085-00,medium,1277,4.746721636068454,0.9971910112359551,0.9971910112359551,2.4528303628132275,3.0581712488329074
new_preds,OFT-0085-00,fast,1278,4.817265041109929,0.9971910112359551,0.9971910112359551,2.642227335668343,3.3056909450978393
new_preds,OFT-0085-00,slow,1279,4.670947590985979,0.9971910112359551,0.9971910112359551,2.70309056815441,3.284388338670611
new_preds,OFT-0086-00,fast,1280,4.61617134603315,0.9971910112359551,0.9971910112359551,2.6168166205764805,3.1752324515481423
new_preds,OFT-0086-00,slow,1281,4.607875792866509,0.9971910112359551,0.9971910112359551,2.576811945689686,3.1288592646788573
new_preds,OFT-0086-00,medium,1282,4.793841277344664,0.9971910112359551,0.9971910112359551,2.6544029525114547,3.192295806878562
new_preds,OFT-0087-00,medium,1283,4.809401655758119,0.9971910112359551,0.9971910112359551,2.65211179581752,3.255622902457662
new_preds,OFT-0087-00,fast,1284,4.504330263626174,0.9971910112359551,0.9971910112359551,2.60873392899055,3.242520933730173
new_preds,OFT-0087-00,slow,1285,4.310973723461278,0.9971910112359551,0.9971910112359551,2.633376403159012,3.1609662775381286
new_preds,OFT-0088-00,fast,1286,4.954228585540286,0.9971910112359551,0.9971910112359551,2.59072282405599,3.152507465413196
new_preds,OFT-0088-00,medium,1287,5.168212591345116,0.9971910112359551,0.9971910112359551,2.706487163576097,3.327369545360286
new_preds,OFT-0088-00,slow,1288,4.9999241020290714,0.9971910112359551,0.9971910112359551,2.676462314981168,3.3020686706312032
new_preds,OFT-0089-00,fast,1289,4.754593005471993,0.9971910112359551,0.9971910112359551,2.6352235729932705,3.286612853926923
new_preds,OFT-0089-00,medium,1290,4.656496370078444,0.9971910112359551,0.9971910112359551,2.6633708412920223,3.2572399517504995
new_preds,OFT-0089-00,slow,1291,4.931393881604499,0.9971910112359551,0.9971910112359551,2.7409705264807727,3.30950619628254
new_preds,OFT-0090-00,fast,1292,4.923386158158941,0.9971910112359551,0.9971910112359551,2.57423723897851,3.1696786379699993
new_preds,OFT-0090-00,slow,1293,4.869667371559203,0.9971910112359551,0.9971910112359551,2.733215057500994,3.344134466312719
new_preds,OFT-0090-00,medium,1294,4.873456769516779,0.9971910112359551,0.9971910112359551,2.736197730981573,3.2416327374037497
new_preds,OFT-0091-00,fast,1295,4.838370495829203,0.9971910112359551,0.9971910112359551,2.604459365996566,3.2557221772901697
new_preds,OFT-0091-00,slow,1296,4.957115827364959,0.9971910112359551,0.9971910112359551,2.7659277027553317,3.3915574964234922
new_preds,OFT-0091-00,medium,1297,4.789345613145481,0.9971910112359551,0.9971910112359551,2.6860780971939096,3.2662612463347616
new_preds,OFT-0092-00,medium,1298,4.7491252038563125,0.9971910112359551,0.9971910112359551,2.6655351763151094,3.1914440496198893
new_preds,OFT-0092-00,fast,1299,4.7264477445264275,0.9971910112359551,0.9971910112359551,2.621619703558135,3.168864063038121
new_preds,OFT-0092-00,slow,1300,4.718364611790084,0.9971910112359551,0.9971910112359551,2.8233189415497293,3.3827977703908347
new_preds,OFT-0093-00,fast,1301,4.97330365256706,0.9971910112359551,0.9971910112359551,2.684490108353819,3.157032354967069
new_preds,OFT-0093-00,medium,1302,4.349238403937864,0.9971910112359551,0.9971910112359551,2.8098897604742668,3.3328789731041204
new_preds,OFT-0093-00,slow,1303,4.860094850894901,0.9971910112359551,0.9971910112359551,2.7425680091642652,3.2904746446962085
new_preds,OFT-0094-00,fast,1304,4.947405317247857,0.9971910112359551,0.9971910112359551,2.674550335997729,3.2795657635927977
new_preds,OFT-0094-00,slow,1305,4.599357795691259,0.9971910112359551,0.9971910112359551,2.6673699004117384,3.092964711906889
new_preds,OFT-0094-00,medium,1306,4.805001378224994,0.9971910112359551,0.9971910112359551,2.7120491452486863,3.37054338111792
new_preds,OFT-0095-00,slow,1307,4.832889425725153,0.9971910112359551,0.9971910112359551,2.7411282145665052,3.4099516988309726
new_preds,OFT-0095-00,medium,1308,4.853669486137103,0.9971910112359551,0.9971910112359551,2.6014079358002893,3.2561330326449847
new_preds,OFT-0095-00,fast,1309,4.542059001228924,0.9971910112359551,0.9971910112359551,2.528136470507522,3.0768501131955333
new_preds,OFT-0096-00,slow,1310,5.266755684001914,0.9971910112359551,0.9971910112359551,2.7551368377368366,3.336315205020779
new_preds,OFT-0096-00,fast,1311,4.801209745459376,0.9971910112359551,0.9971910112359551,2.6816843381890205,3.3266798453304
new_preds,OFT-0096-00,medium,1312,5.111933112503954,0.9971910112359551,0.9971910112359551,2.7619877307719998,3.3538555811588697
new_preds,OFT-0097-00,fast,1313,4.769255074263647,0.9971910112359551,0.9971910112359551,2.695350632914914,3.25947732824855
new_preds,OFT-0097-00,medium,1314,5.1560311763395,0.9971910112359551,0.9971910112359551,2.752063893571227,3.3453762854660085
new_preds,OFT-0097-00,slow,1315,5.035007057435007,0.9971910112359551,0.9971910112359551,2.8805450318120394,3.45094114511577
new_preds,OFT-0098-00,medium,1316,4.76688066186441,0.9971910112359551,0.9971910112359551,2.7065424821453004,3.267179009925384
new_preds,OFT-0098-00,fast,1317,4.619625135964168,0.9971910112359551,0.9971910112359551,2.5458878125979223,3.165119846627453
new_preds,OFT-0098-00,slow,1318,4.8259250047607605,0.9971910112359551,0.9971910112359551,2.7681312125628867,3.2922599071533147
new_preds,OFT-0099-00,fast,1319,4.842497191188894,0.9971910112359551,0.9971910112359551,2.62821129199405,3.3088666518855
new_preds,OFT-0099-00,slow,1320,4.311016363228301,0.9971910112359551,0.9971910112359551,2.590799790988422,3.0935284896612845
new_preds,OFT-0099-00,medium,1321,4.947695542035286,0.9971910112359551,0.9971910112359551,2.703304987131187,3.365648844544317
new_preds,OFT-0100-00,fast,1322,4.831840645635204,0.9971910112359551,0.9971910112359551,2.5850778828392458,3.15732805746325
new_preds,OFT-0100-00,slow,1323,4.647325700382426,0.9971910112359551,0.9971910112359551,2.839454664231324,3.343880740702104
new_preds,OFT-0100-00,medium,1324,5.118099737644796,0.9971910112359551,0.9971910112359551,2.7083872121777093,3.2802422664381323
new_preds,OFT-0101-00,fast,1325,4.810837730295951,0.9971910112359551,0.9971910112359551,2.6552480782274634,3.3038288474117334
new_preds,OFT-0101-00,slow,1326,4.485548416318169,0.9971910112359551,0.9971910112359551,2.792291650644873,3.459856051795269
new_preds,OFT-0101-00,medium,1327,4.591533655592001,0.9971910112359551,0.9971910112359551,2.734380518890624,3.2742481664689396
new_preds,OFT-0102-00,medium,1328,4.834384378406304,0.9971910112359551,0.9971910112359551,2.739346092411758,3.2924639738635886
new_preds,OFT-0102-00,fast,1329,4.962406307584858,0.9971910112359551,0.9971910112359551,2.636969782111654,3.1577092983954373
new_preds,OFT-0102-00,slow,1330,4.7531282899462814,0.9971910112359551,0.9971910112359551,2.8327097820713045,3.36922222695826
new_preds,OFT-0103-00,fast,1331,4.57526787455571,0.9971910112359551,0.9971910112359551,2.512038446493553,3.191085866457012
new_preds,OFT-0103-00,medium,1332,4.759922355911132,0.9971910112359551,0.9971910112359551,2.6780368311715574,3.2440287834031265
new_preds,OFT-0103-00,slow,1333,4.478941225623016,0.9971910112359551,0.9971910112359551,2.810781034636077,3.407682846946563
new_preds,OFT-0104-00,slow,1334,4.709478365946482,0.9971910112359551,0.9971910112359551,2.7509114546758964,3.307564049324442
new_preds,OFT-0104-00,fast,1335,4.624233583276237,0.9971910112359551,0.9971910112359551,2.48623311724642,2.994378717393554
new_preds,OFT-0104-00,medium,1336,5.048263211134581,0.9971910112359551,0.9971910112359551,2.636574253658821,3.230107267787337
new_preds,OFT-0105-00,fast,1337,5.550934977855954,0.9971910112359551,0.9971910112359551,2.7343683997769928,3.3688182994232894
new_preds,OFT-0105-00,slow,1338,4.522830293001648,0.9971910112359551,0.9971910112359551,2.692959977714584,3.2726565992964045
new_preds,OFT-0105-00,medium,1339,4.457035631841953,0.9971910112359551,0.9971910112359551,2.645936812729166,3.206798827734065
new_preds,OFT-0106-00,fast,1340,5.069666655432937,0.9971910112359551,0.9971910112359551,2.647086491220023,3.2312892942093487
new_preds,OFT-0106-00,slow,1341,5.20257909529342,0.9971910112359551,0.9971910112359551,2.878690643368311,3.457572914554479
new_preds,OFT-0106-00,medium,1342,4.6287501162887095,0.9971910112359551,0.9971910112359551,2.6916587334562094,3.241434061148812
new_preds,OFT-0107-00,fast,1343,4.9370006207586705,0.9971910112359551,0.9971910112359551,2.4873535254256316,3.110594694280313
new_preds,OFT-0107-00,medium,1344,5.106343869880301,0.9971910112359551,0.9971910112359551,2.692433478488648,3.33293019211909
new_preds,OFT-0107-00,slow,1345,4.76196725930255,0.9971910112359551,0.9971910112359551,2.762642597879411,3.3891232639598123
new_preds,OFT-0108-00,fast,1346,5.034293233963705,0.9971910112359551,0.9971910112359551,2.7261002145775635,3.324429238134319
new_preds,OFT-0108-00,slow,1347,5.173524265870587,0.9971910112359551,0.9971910112359551,2.8575523771657907,3.429304725379503
new_preds,OFT-0108-00,medium,1348,4.947510632068811,0.9971910112359551,0.9971910112359551,2.735182802666417,3.3078913419582774
new_preds,OFT-0109-00,fast,1349,4.7872572092777075,0.9971910112359551,0.9971910112359551,2.617674818353818,3.2159834436334775
new_preds,OFT-0109-00,medium,1350,4.810397395105967,0.9971910112359551,0.9971910112359551,2.7064523573768495,3.319658097268888
new_preds,OFT-0109-00,slow,1351,5.185185014832167,0.9971910112359551,0.9971910112359551,2.730473311402343,3.310436185976435
new_preds,OFT-0110-00,fast,1352,4.7717119127766034,0.9971910112359551,0.9971910112359551,2.571762736733355,3.2069401103188726
new_preds,OFT-0110-00,medium,1353,4.506836794656626,0.9971910112359551,0.9971910112359551,2.50222759647496,3.083919352326261
new_preds,OFT-0110-00,slow,1354,4.721068037650832,0.9971910112359551,0.9971910112359551,2.74403175172747,3.28799373749057
new_preds,OFT-0111-00,fast,1355,4.891315401610279,0.9971910112359551,0.9971910112359551,2.6462138164568243,3.265779507397167
new_preds,OFT-0111-00,medium,1356,4.409436974984959,0.9971910112359551,0.9971910112359551,2.3931540464947845,2.9908735552108796
new_preds,OFT-0111-00,slow,1357,4.543063283215144,0.9971910112359551,0.9971910112359551,2.6969719664741043,3.1309430466574146
new_preds,OFT-0112-00,fast,1358,4.7470160683776355,0.9971910112359551,0.9971910112359551,2.6299571221020157,3.173280367596921
new_preds,OFT-0112-00,medium,1359,5.0098072314841335,0.9971910112359551,0.9971910112359551,2.669476089669656,3.2687593604140064
new_preds,OFT-0112-00,slow,1360,5.140894822656341,0.9971910112359551,0.9971910112359551,2.793940413222496,3.3590730548349987
new_preds,OFT-0113-00,fast,1361,4.491319883014659,0.9971910112359551,0.9971910112359551,2.6613486419146173,3.213245979860613
new_preds,OFT-0113-00,slow,1362,4.498755219668624,0.9971910112359551,0.9971910112359551,2.806647525390716,3.3050213952040934
new_preds,OFT-0113-00,medium,1363,4.621566238891487,0.9971910112359551,0.9971910112359551,2.612790071420956,3.1616425484884476
new_preds,OFT-0114-00,medium,1364,4.676054829703072,0.9971910112359551,0.9971910112359551,2.6334630743496166,3.1777616646762428
new_preds,OFT-0114-00,slow,1365,4.794357749064593,0.9971910112359551,0.9971910112359551,2.6366981822088444,3.18762873468797
new_preds,OFT-0114-00,fast,1366,4.981919498827063,0.9971910112359551,0.9971910112359551,2.608852421064978,3.243722121143179
new_preds,OFT-0115-00,medium,1367,4.884185833720553,0.9971910112359551,0.9971910112359551,2.6424578964360053,3.314794566414443
new_preds,OFT-0115-00,fast,1368,4.696330552469809,0.9971910112359551,0.9971910112359551,2.510654914825848,3.1258161937981326
new_preds,OFT-0115-00,slow,1369,4.6753375461071895,0.9971910112359551,0.9971910112359551,2.6998071121835356,3.313964760867383
new_preds,OFT-0116-00,fast,1370,4.741439776735484,0.9971910112359551,0.9971910112359551,2.645405673456868,3.2848886584966546
new_preds,OFT-0116-00,medium,1371,4.81757222017435,0.9971910112359551,0.9971910112359551,2.7861451845998464,3.4040748949217523
new_preds,OFT-0116-00,slow,1372,4.620170832560175,0.9971910112359551,0.9971910112359551,2.7962327007829497,3.377640771882661
new_preds,OFT-0117-00,slow,1373,5.071340157633478,0.9971910112359551,0.9971910112359551,2.7278845365506674,3.32234716612278
new_preds,OFT-0117-00,fast,1374,4.874596411578047,0.9971910112359551,0.9971910112359551,2.524374339377282,3.1354773269263942
new_preds,OFT-0117-00,medium,1375,4.641807144743911,0.9971910112359551,0.9971910112359551,2.7796526828912747,3.374544285832619
new_preds,OFT-0118-00,fast,1376,4.9605532384031505,0.9971910112359551,0.9971910112359551,2.439602522958712,3.0211550676790386
new_preds,OFT-0118-00,medium,1377,4.989442070983235,0.9971910112359551,0.9971910112359551,2.7987444589884207,3.398085722342171
new_preds,OFT-0118-00,slow,1378,4.713703839321445,0.9971910112359551,0.9971910112359551,2.8049963050670748,3.269615727206165
new_preds,OFT-0119-00,fast,1379,5.621808928135335,0.9971910112359551,0.9971910112359551,2.6840040145373085,3.3319158442572747
new_preds,OFT-0119-00,medium,1380,4.932843729085568,0.9971910112359551,0.9971910112359551,2.8114554824127884,3.400490467268107
new_preds,OFT-0119-00,slow,1381,4.770008670374961,0.9971910112359551,0.9971910112359551,2.80979595386848,3.4216061147664605
new_preds,OFT-0120-00,medium,1382,4.949771307484125,0.9971910112359551,0.9971910112359551,2.776844641339146,3.33857315803177
new_preds,OFT-0120-00,fast,1383,4.9048855702629375,0.9971910112359551,0.9971910112359551,2.6794332957163634,3.2377140048853046
new_preds,OFT-0120-00,slow,1384,4.725518292542137,0.9971910112359551,0.9971910112359551,2.802441361145325,3.374027755685159
new_preds,OFT-0121-00,slow,1385,4.702245039932337,0.9971910112359551,0.9971910112359551,2.7316872348176013,3.2613875573485953
new_preds,OFT-0121-00,medium,1386,5.000172512402792,0.9971910112359551,0.9971910112359551,2.6645476705094127,3.290843478531597
new_preds,OFT-0121-00,fast,1387,4.790780650680289,0.9971910112359551,0.9971910112359551,2.5912352555926055,3.247742916505719
new_preds,OFT-0122-00,slow,1388,5.208810746207429,0.9971910112359551,0.9971910112359551,2.7783228813503076,3.4270694897811045
new_preds,OFT-0122-00,fast,1389,5.144605679431737,0.9971910112359551,0.9971910112359551,2.616621904388994,3.231140119170705
new_preds,OFT-0122-00,medium,1390,4.979327103212181,0.9971910112359551,0.9971910112359551,2.6896455679420055,3.238994469142328
new_preds,OFT-0123-00,medium,1391,5.258525479656026,0.9971910112359551,0.9971910112359551,2.6821566182667236,3.301232037134682
new_preds,OFT-0123-00,fast,1392,4.7713898888218615,0.9971910112359551,0.9971910112359551,2.5367730146838183,3.108332933119298
new_preds,OFT-0123-00,slow,1393,4.464956674463046,0.9971910112359551,0.9971910112359551,2.5292301646467137,3.03530970904439
new_preds,OFT-0124-00,fast,1394,4.852158768146348,0.9971910112359551,0.9971910112359551,2.496483373919291,3.1346333271773497
new_preds,OFT-0124-00,medium,1395,4.900240632574472,0.9971910112359551,0.9971910112359551,2.5968080496426915,3.2808852646511832
new_preds,OFT-0124-00,slow,1396,4.789073444037031,0.9971910112359551,0.9971910112359551,2.6698537230319643,3.229766435635905
new_preds,OFT-0125-00,fast,1397,4.739422718743722,0.9971910112359551,0.9971910112359551,2.5468480491655514,3.165244563907382
new_preds,OFT-0125-00,medium,1398,4.830225429714606,0.9971910112359551,0.9971910112359551,2.594789362344237,3.2162397344876092
new_preds,OFT-0125-00,slow,1399,5.2595036319838355,0.9971910112359551,0.9971910112359551,2.737481101858167,3.37352469831342
new_preds,OFT-0126-00,medium,1400,4.944063375036024,0.9971910112359551,0.9971910112359551,2.5424168512461662,3.2130407181320892
new_preds,OFT-0126-00,fast,1401,4.625196354383958,0.9971910112359551,0.9971910112359551,2.533823581993327,3.1207035130720944
new_preds,OFT-0126-00,slow,1402,4.662561683940432,0.9971910112359551,0.9971910112359551,2.579671212436387,3.121213213971609
new_preds,OFT-0127-00,slow,1403,4.292300672671504,0.9971910112359551,0.9971910112359551,2.5458519969049513,3.1403052926152886
new_preds,OFT-0127-00,medium,1404,4.38006522094341,0.9971910112359551,0.9971910112359551,2.47466755386072,3.0492142137232214
new_preds,OFT-0127-00,fast,1405,4.856873623429936,0.9971910112359551,0.9971910112359551,2.5008837885934394,3.1537667069038533
new_preds,OFT-0128-00,medium,1406,4.915161765575325,0.9971910112359551,0.9971910112359551,2.569773897408967,3.2220723746273894
new_preds,OFT-0128-00,fast,1407,4.596967087505458,0.9971910112359551,0.9971910112359551,2.48614243965114,3.1240410103511604
new_preds,OFT-0128-00,slow,1408,5.023005555641351,0.9971910112359551,0.9971910112359551,2.655303809786898,3.3105985062137364
new_preds,OFT-0129-00,slow,1409,5.184582354876212,0.9971910112359551,0.9971910112359551,2.6373010726694224,3.291964822948036
new_preds,OFT-0129-00,medium,1410,4.576634169116588,0.9971910112359551,0.9971910112359551,2.5177112704481486,3.1116268450307105
new_preds,OFT-0129-00,fast,1411,4.735240249345131,0.9971910112359551,0.9971910112359551,2.466403916189044,3.1034379518324107
new_preds,OFT-0130-00,medium,1412,5.012386753738627,0.9971910112359551,0.9971910112359551,2.673846997903481,3.2935810735358935
new_preds,OFT-0130-00,fast,1413,5.0973044406064005,0.9971910112359551,0.9971910112359551,2.58379796182082,3.233866525297611
new_preds,OFT-0130-00,slow,1414,4.691172999781087,0.9971910112359551,0.9971910112359551,2.6377003177676,3.1882264977332997
new_preds,OFT-0131-00,medium,1415,4.802555547429971,0.9971910112359551,0.9971910112359551,2.63078903943019,3.3043006177546093
new_preds,OFT-0131-00,fast,1416,4.74114312804198,0.9971910112359551,0.9971910112359551,2.6118903352578124,3.216970105791328
new_preds,OFT-0131-00,slow,1417,4.9275088690489985,0.9971910112359551,0.9971910112359551,2.5781109875907102,3.1778699149604206
new_preds,OFT-0132-00,fast,1418,4.900330011395065,0.9971910112359551,0.9971910112359551,2.6091967913917236,3.235473215852401
new_preds,OFT-0132-00,slow,1419,4.878880535414278,0.9971910112359551,0.9971910112359551,2.7548465915651903,3.3794060797853906
new_preds,OFT-0132-00,medium,1420,4.694409178469135,0.9971910112359551,0.9971910112359551,2.660493405544077,3.230558972095263
new_preds,OFT-0133-00,medium,1421,4.760435179817225,0.9971910112359551,0.9971910112359551,2.6791134575582363,3.2613014826969837
new_preds,OFT-0133-00,fast,1422,4.830549703508969,0.9971910112359551,0.9971910112359551,2.5798437414385633,3.192043965658906
new_preds,OFT-0133-00,slow,1423,4.818019741982507,0.9971910112359551,0.9971910112359551,2.706029284072879,3.293022223251386
new_preds,OFT-0134-00,fast,1424,4.634888289424711,0.9971910112359551,0.9971910112359551,2.5376682599607268,3.0575757331443834
new_preds,OFT-0134-00,medium,1425,4.63661846132729,0.9971910112359551,0.9971910112359551,2.5893076708963623,3.1755523947709032
new_preds,OFT-0134-00,slow,1426,5.723191881825072,0.9971910112359551,0.9971910112359551,2.763659305702365,3.3881453951513247
new_preds,OFT-0135-00,medium,1427,4.742753015437219,0.9971910112359551,0.9971910112359551,2.6360574772127987,3.2953728981827703
new_preds,OFT-0135-00,fast,1428,4.765668286268088,0.9971910112359551,0.9971910112359551,2.5718257763869787,3.2247467942072063
new_preds,OFT-0135-00,slow,1429,4.978935546175719,0.9971910112359551,0.9971910112359551,2.6385416739117846,3.2716859410679295
new_preds,OFT-0136-00,medium,1430,4.829323203261948,0.9971910112359551,0.9971910112359551,2.543481827561373,3.1903176993342455
new_preds,OFT-0136-00,fast,1431,4.599558520491551,0.9971910112359551,0.9971910112359551,2.456792666617844,3.021989889371846
new_preds,OFT-0136-00,slow,1432,4.524766349451201,0.9971910112359551,0.9971910112359551,2.65071598475128,3.283281990647269
new_preds,OFT-0137-00,slow,1433,4.58221255177456,0.9971910112359551,0.9971910112359551,2.279897476549795,2.890039591132926
new_preds,OFT-0137-00,medium,1434,4.860285918137296,0.9971910112359551,0.9971910112359551,2.643789832474276,3.272272813643102
new_preds,OFT-0137-00,fast,1435,4.836590213992465,0.9971910112359551,0.9971910112359551,2.4434321026712116,3.1314893351855373
new_preds,OFT-0138-00,fast,1436,4.781115226607136,0.9971910112359551,0.9971910112359551,2.560434522535323,3.2164558245710624
new_preds,OFT-0138-00,medium,1437,5.142367659995683,0.9971910112359551,0.9971910112359551,2.6071100787605017,3.2688646480319226
new_preds,OFT-0138-00,slow,1438,4.817628860108845,0.9971910112359551,0.9971910112359551,2.6585640378172926,3.2596273288001023
new_preds,OFT-0139-00,fast,1439,4.754939000045818,0.9971910112359551,0.9971910112359551,2.5764211204976184,3.2154790417464314
new_preds,OFT-0139-00,medium,1440,5.263439842662865,0.9971910112359551,0.9971910112359551,2.657332708975101,3.357068715792299
new_preds,OFT-0139-00,slow,1441,5.164018287020994,0.9971910112359551,0.9971910112359551,2.8387723208788747,3.455284762267673
new_preds,OFT-0140-00,fast,1442,4.80974839134587,0.9971910112359551,0.9971910112359551,2.542614272639247,3.2167399474522433
new_preds,OFT-0140-00,medium,1443,4.848344769314539,0.9971910112359551,0.9971910112359551,2.6750120527436705,3.257246546870097
new_preds,OFT-0140-00,slow,1444,6.392083381083179,0.9971910112359551,0.9971910112359551,2.5714002653869064,3.1814990937243395
new_preds,OFT-0141-00,fast,1445,4.870490401148647,0.9971910112359551,0.9971910112359551,2.5279598574571867,3.2132421208057482
new_preds,OFT-0141-00,slow,1446,4.890517120222355,0.9971910112359551,0.9971910112359551,2.734376954414621,3.3415095784117126
new_preds,OFT-0141-00,medium,1447,4.882891124365436,0.9971910112359551,0.9971910112359551,2.6027916437427963,3.1953917190030965
new_preds,OFT-0142-00,medium,1448,4.777804248776881,0.9971910112359551,0.9971910112359551,2.6575088107283045,3.2565375037152107
new_preds,OFT-0142-00,fast,1449,5.013981477632542,0.9971910112359551,0.9971910112359551,2.6411313414849222,3.272802366001317
new_preds,OFT-0142-00,slow,1450,4.465557054396275,0.9971910112359551,0.9971910112359551,2.8067704799328435,3.3628826062158628
new_preds,OFT-0143-00,medium,1451,4.792504072587371,0.9971910112359551,0.9971910112359551,2.5709871790818704,3.1984656897134633
new_preds,OFT-0143-00,fast,1452,4.6585437578063615,0.9971910112359551,0.9971910112359551,2.51903030254001,3.0903173428502666
new_preds,OFT-0143-00,slow,1453,4.855314873504525,0.9971910112359551,0.9971910112359551,2.5971797094589926,3.1766288512802814
new_preds,OFT-0144-00,medium,1454,4.701732298270196,0.9971910112359551,0.9971910112359551,2.502271877105825,3.1646831536055107
new_preds,OFT-0144-00,slow,1455,4.305803188799265,0.9971910112359551,0.9971910112359551,2.4534154213951376,3.1365506538849797
new_preds,OFT-0144-00,fast,1456,4.792719854219308,0.9971910112359551,0.9971910112359551,2.4363983859600262,3.0774668285572364
new_preds,OFT-0145-00,fast,1457,5.134304956637272,0.9971910112359551,0.9971910112359551,2.561999010821044,3.168055842343816
new_preds,OFT-0145-00,slow,1458,5.088647397479012,0.9971910112359551,0.9971910112359551,2.676265454763029,3.2976416809140483
new_preds,OFT-0145-00,medium,1459,5.073041443123142,0.9971910112359551,0.9971910112359551,2.594277499980959,3.2505774303097104
new_preds,OFT-0146-00,slow,1460,4.9232092835573456,0.9971910112359551,0.9971910112359551,2.7511657423283524,3.4254796112218333
new_preds,OFT-0146-00,medium,1461,5.302002544287277,0.9971910112359551,0.9971910112359551,2.630143772111911,3.3336444161740673
new_preds,OFT-0146-00,fast,1462,4.816065646473956,0.9971910112359551,0.9971910112359551,2.5693517988818977,3.2280879818135473
new_preds,OFT-0147-00,fast,1463,4.62839892321472,0.9971910112359551,0.9971910112359551,2.527875519401381,3.060758126434675
new_preds,OFT-0147-00,medium,1464,4.738353975011391,0.9971910112359551,0.9971910112359551,2.7195078770657717,3.3507604837329428
new_preds,OFT-0147-00,slow,1465,4.4487687530354965,0.9971910112359551,0.9971910112359551,2.7469477678295715,3.3752604033495963
new_preds,OFT-0148-00,fast,1466,4.796908078565743,0.9971910112359551,0.9971910112359551,2.605480283669359,3.2350591783851694
new_preds,OFT-0148-00,slow,1467,5.250628133968679,0.9971910112359551,0.9971910112359551,2.7199706107820876,3.278216435391234
new_preds,OFT-0148-00,medium,1468,4.764731357714342,0.9971910112359551,0.9971910112359551,2.654143549841974,3.1362428127244577
new_preds,OFT-0149-00,fast,1469,4.943606224662467,0.9971910112359551,0.9971910112359551,2.5966185247680826,3.2680439626993065
new_preds,OFT-0149-00,slow,1470,4.6999389483316065,0.9971910112359551,0.9971910112359551,2.774006262717287,3.4170299724444813
new_preds,OFT-0149-00,medium,1471,4.853247041514999,0.9971910112359551,0.9971910112359551,2.6289986766140037,3.2721418462226985
new_preds,OFT-0150-00,fast,1472,4.958598657282154,0.9971910112359551,0.9971910112359551,2.659987663981484,3.251952038870811
new_preds,OFT-0150-00,medium,1473,5.155709343403761,0.9971910112359551,0.9971910112359551,2.736314156756853,3.3084646627578738
new_preds,OFT-0150-00,slow,1474,4.604490517648643,0.9971910112359551,0.9971910112359551,2.8337049058515476,3.400455779233556
new_preds,OFT-0151-00,fast,1475,4.968639274813831,0.9971910112359551,0.9971910112359551,2.5121733078492796,3.1549706574323597
new_preds,OFT-0151-00,medium,1476,4.7982511870554045,0.9971910112359551,0.9971910112359551,2.654299570018168,3.2929615735646913
new_preds,OFT-0151-00,slow,1477,4.857725701941129,0.9971910112359551,0.9971910112359551,2.8442142030858117,3.472838115666911
new_preds,OFT-0152-00,medium,1478,4.958920584117427,0.9971910112359551,0.9971910112359551,2.7085229279879477,3.3956937361789397
new_preds,OFT-0152-00,slow,1479,5.252581832163294,0.9971910112359551,0.9971910112359551,2.6691741698159333,3.3091973076048644
new_preds,OFT-0152-00,fast,1480,4.7931639847375225,0.9971910112359551,0.9971910112359551,2.592014295308456,3.22628045196636
new_preds,OFT-0153-00,fast,1481,4.77390222712441,0.9971910112359551,0.9971910112359551,2.594458438950439,3.197441634019585
new_preds,OFT-0153-00,slow,1482,4.633157893318314,0.9971910112359551,0.9971910112359551,2.5590730346061563,3.244177040596595
new_preds,OFT-0153-00,medium,1483,4.941855791317683,0.9971910112359551,0.9971910112359551,2.7012199824811445,3.2706311641298917
new_preds,OFT-0154-00,medium,1484,4.849479529888281,0.9971910112359551,0.9971910112359551,2.811960006304612,3.3678209789736333
new_preds,OFT-0154-00,slow,1485,5.008444218356758,0.9971910112359551,0.9971910112359551,2.7811827032582546,3.2989103371506916
new_preds,OFT-0154-00,fast,1486,4.866659894486485,0.9971910112359551,0.9971910112359551,2.614943998676534,3.161230288988358
new_preds,OFT-0155-00,fast,1487,4.980358171833677,0.9971910112359551,0.9971910112359551,2.6029168378785603,3.224990279878962
new_preds,OFT-0155-00,slow,1488,4.4556083402985855,0.9971910112359551,0.9971910112359551,2.577279001200845,3.2951769424338218
new_preds,OFT-0155-00,medium,1489,4.8185142417827125,0.9971910112359551,0.9971910112359551,2.5948417120013323,3.2272590247280784
new_preds,OFT-0156-00,fast,1490,4.796424128985379,0.9971910112359551,0.9971910112359551,2.5947054900705298,3.19072314509482
new_preds,OFT-0156-00,medium,1491,5.069361845104959,0.9971910112359551,0.9971910112359551,2.640629176342698,3.3263174202084973
new_preds,OFT-0156-00,slow,1492,5.2756880626031215,0.9971910112359551,0.9971910112359551,2.77190199136899,3.4070492122826685
new_preds,OFT-0157-00,fast,1493,4.605745770646826,0.9971910112359551,0.9971910112359551,2.5756815353664693,3.166436115701305
new_preds,OFT-0157-00,medium,1494,5.746812807167753,0.9971910112359551,0.9971910112359551,2.627988354547357,3.29892808849983
new_preds,OFT-0157-00,slow,1495,4.743651822025313,0.9971910112359551,0.9971910112359551,2.82814261776015,3.4508431149538303
new_preds,OFT-0158-00,fast,1496,4.942096391922463,0.9971910112359551,0.9971910112359551,2.5174938503254065,3.1904001348679825
new_preds,OFT-0158-00,medium,1497,4.9836386860404644,0.9971910112359551,0.9971910112359551,2.765035294549897,3.331854249947237
new_preds,OFT-0158-00,slow,1498,4.365974081843507,0.9971910112359551,0.9971910112359551,2.625949346895563,3.1850688539725733
new_preds,OFT-0159-00,fast,1499,4.762999303861375,0.9971910112359551,0.9971910112359551,2.4655739615444507,3.0843204193296447
new_preds,OFT-0159-00,slow,1500,4.574745219744066,0.9971910112359551,0.9971910112359551,2.768662277115661,3.343788721797203
new_preds,OFT-0159-00,medium,1501,4.853581050790903,0.9971910112359551,0.9971910112359551,2.641719103599578,3.2225036345000557
new_preds,OFT-0160-00,slow,1502,4.680793157106673,0.9971910112359551,0.9971910112359551,2.666382661413494,3.4332309779088495
new_preds,OFT-0160-00,medium,1503,4.803112182952618,0.9971910112359551,0.9971910112359551,2.5315068860688337,3.202983724737515
new_preds,OFT-0160-00,fast,1504,4.3284106178480215,0.9971910112359551,0.9971910112359551,2.3195419161948,2.77540191866998
new_preds,OFT-0161-00,fast,1505,4.734792656351974,0.9971910112359551,0.9971910112359551,2.524549737958225,3.1117285820610237
new_preds,OFT-0161-00,medium,1506,4.949360105468407,0.9971910112359551,0.9971910112359551,2.5929735320940863,3.228062049196413
new_preds,OFT-0161-00,slow,1507,4.682283582255196,0.9971910112359551,0.9971910112359551,2.6885357689835043,3.271476733093122
new_preds,OFT-0162-00,fast,1508,4.85142688941936,0.9971910112359551,0.9971910112359551,2.56045738747414,3.1842100143815864
new_preds,OFT-0162-00,slow,1509,5.165380407732957,0.9971910112359551,0.9971910112359551,2.7189183823338627,3.3977398620388817
new_preds,OFT-0162-00,medium,1510,4.506814911896941,0.9971910112359551,0.9971910112359551,2.4838991056282564,3.0232197631085613
new_preds,OFT-0163-00,fast,1511,4.782088848653016,0.9971910112359551,0.9971910112359551,2.6635159984106065,3.2523198985342407
new_preds,OFT-0163-00,medium,1512,4.8030040969410095,0.9971910112359551,0.9971910112359551,2.680746120198167,3.2507653437298414
new_preds,OFT-0163-00,slow,1513,4.788513152294383,0.9971910112359551,0.9971910112359551,2.7307627810399824,3.2023955091658505
new_preds,OFT-0164-00,fast,1514,4.699685960722754,0.9971910112359551,0.9971910112359551,2.5597735003067146,3.1810012849171283
new_preds,OFT-0164-00,medium,1515,5.161019849528691,0.9971910112359551,0.9971910112359551,2.7177486194884333,3.3173608603788303
new_preds,OFT-0164-00,slow,1516,4.487240208318171,0.9971910112359551,0.9971910112359551,2.7433541721970274,3.3472075003950725
new_preds,OFT-0165-00,fast,1517,4.981564768030143,0.9971910112359551,0.9971910112359551,2.6767292388636164,3.2963584146307725
new_preds,OFT-0165-00,slow,1518,4.455281471151487,0.9971910112359551,0.9971910112359551,2.6221787708943634,3.184419100377855
new_preds,OFT-0165-00,medium,1519,4.771869924980929,0.9971910112359551,0.9971910112359551,2.7009773946375155,3.2406105343135327
new_preds,OFT-0166-00,fast,1520,4.850633622142527,0.9971910112359551,0.9971910112359551,2.594250706963383,3.166050467247173
new_preds,OFT-0166-00,medium,1521,4.786604930754229,0.9971910112359551,0.9971910112359551,2.6425584116824936,3.187235408476067
new_preds,OFT-0166-00,slow,1522,4.896901071358077,0.9971910112359551,0.9971910112359551,2.8481915169156595,3.449615683778758
new_preds,OFT-0167-00,fast,1523,4.636095478100058,0.9971910112359551,0.9971910112359551,2.541741461659547,3.1687718769877824
new_preds,OFT-0167-00,medium,1524,4.716615670180974,0.9971910112359551,0.9971910112359551,2.635325067721286,3.261283297245171
new_preds,OFT-0167-00,slow,1525,4.673930181707817,0.9971910112359551,0.9971910112359551,2.8030430025003237,3.5169832893460833
new_preds,OFT-0168-00,medium,1526,4.752304017971401,0.9971910112359551,0.9971910112359551,2.679993005396566,3.248959889413368
new_preds,OFT-0168-00,fast,1527,5.0802474844364625,0.9971910112359551,0.9971910112359551,2.592462009031702,3.2115918103907743
new_preds,OFT-0168-00,slow,1528,5.486763857095227,0.9971910112359551,0.9971910112359551,2.7337430134457987,3.385757780004293
new_preds,OFT-0169-00,fast,1529,4.882016596954741,0.9971910112359551,0.9971910112359551,2.6436052286318237,3.2209479510531858
new_preds,OFT-0169-00,medium,1530,4.821363554823914,0.9971910112359551,0.9971910112359551,2.760560172470427,3.4056193513809667
new_preds,OFT-0169-00,slow,1531,5.170792957539566,0.9971910112359551,0.9971910112359551,2.776811007123148,3.3955618445370153
new_preds,OFT-0170-00,slow,1532,4.699323492681249,0.9971910112359551,0.9971910112359551,2.813139859771943,3.3841263345296313
new_preds,OFT-0170-00,fast,1533,5.049532821745648,0.9971910112359551,0.9971910112359551,2.64883035349563,3.2943298987960565
new_preds,OFT-0170-00,medium,1534,4.747988877439146,0.9971910112359551,0.9971910112359551,2.6580946437702355,3.3199578439745623
new_preds,OFT-0171-00,fast,1535,4.9359912493688975,0.9971910112359551,0.9971910112359551,2.547220113083304,3.2144122412867207
new_preds,OFT-0171-00,medium,1536,4.870436621452277,0.9971910112359551,0.9971910112359551,2.689555162553523,3.3227649063370674
new_preds,OFT-0171-00,slow,1537,4.565612279225243,0.9971910112359551,0.9971910112359551,2.71410349357747,3.3851242196042617
new_preds,OFT-0172-00,slow,1538,4.403417907246698,0.9971910112359551,0.9971910112359551,2.7932291213800755,3.3780651162294073
new_preds,OFT-0172-00,medium,1539,4.979444094389415,0.9971910112359551,0.9971910112359551,2.6405475832455694,3.262163236372112
new_preds,OFT-0172-00,fast,1540,4.911960440401659,0.9971910112359551,0.9971910112359551,2.6094297807897826,3.183549541721817
new_preds,OFT-0173-00,medium,1541,4.777966936409039,0.9971910112359551,0.9971910112359551,2.7038921766034094,3.2381823040393685
new_preds,OFT-0173-00,fast,1542,4.8284642384828205,0.9971910112359551,0.9971910112359551,2.5651195755897684,3.109585383242756
new_preds,OFT-0173-00,slow,1543,4.853904049956107,0.9971910112359551,0.9971910112359551,2.7369014537201677,3.378720031162672
new_preds,OFT-0174-00,slow,1544,5.010131615641992,0.9971910112359551,0.9971910112359551,2.7832221198747735,3.376353197985352
new_preds,OFT-0174-00,medium,1545,4.613666142353345,0.9971910112359551,0.9971910112359551,2.516027681054793,3.0721124579369827
new_preds,OFT-0174-00,fast,1546,4.884010950063983,0.9971910112359551,0.9971910112359551,2.616166974143902,3.1946080982166576
new_preds,OFT-0175-00,fast,1547,4.789718838551681,0.9971910112359551,0.9971910112359551,2.5926948947133273,3.207627540706808
new_preds,OFT-0175-00,medium,1548,4.813734695180947,0.9971910112359551,0.9971910112359551,2.744163129559159,3.3812383709221963
new_preds,OFT-0175-00,slow,1549,4.559610510428147,0.9971910112359551,0.9971910112359551,2.676250541707648,3.325862998122099
new_preds,OFT-0176-00,fast,1550,4.618250497629642,0.9971910112359551,0.9971910112359551,2.5235485840058707,3.154771890054707
new_preds,OFT-0176-00,slow,1551,4.16579877202263,0.9971910112359551,0.9971910112359551,2.388657479888008,3.0020517235875745
new_preds,OFT-0176-00,medium,1552,4.83856685222661,0.9971910112359551,0.9971910112359551,2.4995030984981814,3.2234975433493354
new_preds,OFT-0177-00,fast,1553,4.964233608953897,0.9971910112359551,0.9971910112359551,2.600222408641591,3.2139081666698615
new_preds,OFT-0177-00,slow,1554,4.770596452877112,0.9971910112359551,0.9971910112359551,2.6688453409169033,3.2721211551501392
new_preds,OFT-0177-00,medium,1555,5.2237939172227605,0.9971910112359551,0.9971910112359551,2.666267022722305,3.313287109940688
new_preds,OFT-0178-00,fast,1556,4.734169888394594,0.9971910112359551,0.9971910112359551,2.562661338954486,3.2026339766317924
new_preds,OFT-0178-00,slow,1557,4.5575485014001655,0.9971910112359551,0.9971910112359551,2.771288614168766,3.3231293871847907
new_preds,OFT-0178-00,medium,1558,5.162617269959401,0.9971910112359551,0.9971910112359551,2.5956543431134933,3.2515225450641685
new_preds,OFT-0179-00,fast,1559,5.144843943709209,0.9971910112359551,0.9971910112359551,2.6064633708134988,3.2494865010149683
new_preds,OFT-0179-00,medium,1560,4.635398915622989,0.9971910112359551,0.9971910112359551,2.6529546695706063,3.226291102825597
new_preds,OFT-0179-00,slow,1561,4.538305482115699,0.9971910112359551,0.9971910112359551,2.7451194607837044,3.2807637116703967
new_preds,OFT-0180-00,medium,1562,5.1105762828221515,0.9971910112359551,0.9971910112359551,2.5709303667397636,3.270798273831921
new_preds,OFT-0180-00,slow,1563,4.783573348953494,0.9971910112359551,0.9971910112359551,2.760782923663284,3.433440969857565
new_preds,OFT-0180-00,fast,1564,4.775598260445697,0.9971910112359551,0.9971910112359551,2.5487843157440246,3.2228089415599737
new_preds,OFT-0181-00,fast,1565,4.8182182292500055,0.9971910112359551,0.9971910112359551,2.5184567273267757,3.1893079116199488
new_preds,OFT-0181-00,medium,1566,4.825713450595528,0.9971910112359551,0.9971910112359551,2.58515986138604,3.167897915945807
new_preds,OFT-0181-00,slow,1567,4.809837362791124,0.9971910112359551,0.9971910112359551,2.6996203344415957,3.286562935638334
new_preds,OFT-0182-00,slow,1568,4.923694468884685,0.9971910112359551,0.9971910112359551,2.755853420568334,3.29822485588723
new_preds,OFT-0182-00,medium,1569,4.744633580112318,0.9971910112359551,0.9971910112359551,2.5967086682370684,3.2127220692141187
new_preds,OFT-0182-00,fast,1570,4.64997965610578,0.9971910112359551,0.9971910112359551,2.531101707285303,3.188807933403113
new_preds,OFT-0183-00,medium,1571,5.050467920662797,0.9971910112359551,0.9971910112359551,2.597782405239004,3.271530618799537
new_preds,OFT-0183-00,fast,1572,4.46536675628087,0.9971910112359551,0.9971910112359551,2.4504035949949294,2.9568976073099185
new_preds,OFT-0183-00,slow,1573,4.8675260431071,0.9971910112359551,0.9971910112359551,2.742469077355283,3.3268908562913913
new_preds,OFT-0184-00,slow,1574,4.772653035683423,0.9971910112359551,0.9971910112359551,2.5255413676871,3.0957784681453533
new_preds,OFT-0184-00,medium,1575,4.5781036595301785,0.9971910112359551,0.9971910112359551,2.5556493132447757,3.196276143646895
new_preds,OFT-0184-00,fast,1576,4.894050064885412,0.9971910112359551,0.9971910112359551,2.5526653809689517,3.177198256137809
new_preds,OFT-0185-00,slow,1577,4.483145861454481,0.9971910112359551,0.9971910112359551,2.606018577356539,3.16385423145519
new_preds,OFT-0185-00,fast,1578,4.710499610870268,0.9971910112359551,0.9971910112359551,2.446097361543958,3.0988047031714006
new_preds,OFT-0185-00,medium,1579,4.771116062884275,0.9971910112359551,0.9971910112359551,2.53290298290845,3.1911880797153716
new_preds,OFT-0186-00,slow,1580,5.233933245145289,0.9971910112359551,0.9971910112359551,2.6054884437151484,3.281051317687955
new_preds,OFT-0186-00,medium,1581,4.907391601387202,0.9971910112359551,0.9971910112359551,2.536097755603002,3.232402035809278
new_preds,OFT-0186-00,fast,1582,4.594467119301215,0.9971910112359551,0.9971910112359551,2.4603964814728188,3.1064939214386253
new_preds,OFT-0187-00,slow,1583,4.716722551354695,0.9971910112359551,0.9971910112359551,2.7001768698711373,3.33631441007314
new_preds,OFT-0187-00,fast,1584,4.907191339127253,0.9971910112359551,0.9971910112359551,2.5054458674576376,3.110221432839542
new_preds,OFT-0187-00,medium,1585,6.093285917225681,0.9971910112359551,0.9971910112359551,2.652708506845811,3.382131688739869
new_preds,OFT-0188-00,fast,1586,4.836079489778891,0.9971910112359551,0.9971910112359551,2.4866199652265935,3.0871276054074888
new_preds,OFT-0188-00,medium,1587,4.667234035257934,0.9971910112359551,0.9971910112359551,2.544571384560074,3.1662422764519786
new_preds,OFT-0188-00,slow,1588,4.594496302541,0.9971910112359551,0.9971910112359551,2.713110997261097,3.33406834731862
new_preds,OFT-0189-00,slow,1589,4.602537593812257,0.9971910112359551,0.9971910112359551,2.5860089020488948,3.043943961064031
new_preds,OFT-0189-00,fast,1590,4.891825073128708,0.9971910112359551,0.9971910112359551,2.5926552699683416,3.188852806835939
new_preds,OFT-0189-00,medium,1591,4.921310452177632,0.9971910112359551,0.9971910112359551,2.725358287338802,3.3027433275143143
new_preds,OFT-0190-00,slow,1592,4.798034982645234,0.9971910112359551,0.9971910112359551,2.719150804089846,3.32189559335436
new_preds,OFT-0190-00,medium,1593,5.197976438959366,0.9971910112359551,0.9971910112359551,2.5712884999174532,3.2598443996942943
new_preds,OFT-0190-00,fast,1594,5.061457953811106,0.9971910112359551,0.9971910112359551,2.5363215811103905,3.1904675324271947
new_preds,OFT-0191-00,medium,1595,5.035710627277294,0.9971910112359551,0.9971910112359551,2.6626779579586173,3.2379505209248007
new_preds,OFT-0191-00,slow,1596,4.9346210457256445,0.9971910112359551,0.9971910112359551,2.859459108626448,3.4368436676444416
new_preds,OFT-0191-00,fast,1597,4.919629287432075,0.9971910112359551,0.9971910112359551,2.7912292442880147,3.307767577103209
new_preds,OFT-0192-00,fast,1598,5.1099729646824485,0.9971910112359551,0.9971910112359551,2.497803008922898,3.164685823990606
new_preds,OFT-0192-00,medium,1599,4.945227756398174,0.9971910112359551,0.9971910112359551,2.699588250857453,3.302672258439655
new_preds,OFT-0192-00,slow,1600,4.90768280884896,0.9971910112359551,0.9971910112359551,2.7572816977234114,3.3124560039781836
new_preds,OFT-0193-00,fast,1601,4.787639627461647,0.9971910112359551,0.9971910112359551,2.4829570241376664,3.0641861418938827
new_preds,OFT-0193-00,slow,1602,4.6508423388960445,0.9971910112359551,0.9971910112359551,2.568757473975362,3.1196050586928066
new_preds,OFT-0193-00,medium,1603,5.099712592390368,0.9971910112359551,0.9971910112359551,2.575331065037247,3.229140064650387
new_preds,OFT-0194-00,slow,1604,4.906559058082235,0.9971910112359551,0.9971910112359551,2.736116428456647,3.2993473249840095
new_preds,OFT-0194-00,medium,1605,4.6981608645565744,0.9971910112359551,0.9971910112359551,2.6435637193792028,3.202598190881421
new_preds,OFT-0194-00,fast,1606,4.751806160286447,0.9971910112359551,0.9971910112359551,2.564656694874287,3.1991338807380343
new_preds,OFT-0194-01,slow,1607,4.861151887845713,0.9971910112359551,0.9971910112359551,2.6537870929513994,3.318280335932033
new_preds,OFT-0194-01,medium,1608,4.719259553937362,0.9971910112359551,0.9971910112359551,2.629793935288217,3.2066055772012687
new_preds,OFT-0194-01,fast,1609,4.789551495423088,0.9971910112359551,0.9971910112359551,2.5837302946895577,3.1783956593979075
new_preds,OFT-0195-00,fast,1610,4.4631370025060075,0.9971910112359551,0.9971910112359551,2.4434419137465127,3.0939030743646643
new_preds,OFT-0195-00,slow,1611,4.564747081995992,0.9971910112359551,0.9971910112359551,2.686566046713758,3.314367504758974
new_preds,OFT-0195-00,medium,1612,4.5289198519264255,0.9971910112359551,0.9971910112359551,2.700109810910269,3.3768299015055354
new_preds,OFT-0196-00,medium,1613,4.644026752152154,0.9971910112359551,0.9971910112359551,2.7549949916772145,3.348798036035269
new_preds,OFT-0196-00,slow,1614,4.1160246713645465,0.9971910112359551,0.9971910112359551,2.7541759560148327,3.32911794188179
new_preds,OFT-0196-00,fast,1615,4.686049431055399,0.9971910112359551,0.9971910112359551,2.651759488042662,3.2560070970846327
new_preds,OFT-0197-00,fast,1616,4.996806368785042,0.9971910112359551,0.9971910112359551,2.49281008261253,3.2112927920276304
new_preds,OFT-0197-00,slow,1617,5.118818102396635,0.9971910112359551,0.9971910112359551,2.683077673979468,3.2954095295342194
new_preds,OFT-0197-00,medium,1618,5.143600194758939,0.9971910112359551,0.9971910112359551,2.486176374408425,3.172759450972202
new_preds,OFT-0198-00,fast,1619,4.984038416299496,0.9971910112359551,0.9971910112359551,2.5080657884591715,3.157526315964131
new_preds,OFT-0198-00,medium,1620,4.7214450307741025,0.9971910112359551,0.9971910112359551,2.6856449075740687,3.321670263104817
new_preds,OFT-0198-00,slow,1621,4.333382102107305,0.9971910112359551,0.9971910112359551,2.698902801430301,3.3574806472500724
new_preds,OFT-0199-00,medium,1622,4.815454651685503,0.9971910112359551,0.9971910112359551,2.7469025521857087,3.3107501782515785
new_preds,OFT-0199-00,slow,1623,4.956535416191257,0.9971910112359551,0.9971910112359551,2.824179594872825,3.3407176229822615
new_preds,OFT-0199-00,fast,1624,5.108024505348883,0.9971910112359551,0.9971910112359551,2.589616603461607,3.1435635880149895
new_preds,OFT-0200-00,fast,1625,4.6390641382363444,0.9971910112359551,0.9971910112359551,2.543016854573373,3.164150224107873
new_preds,OFT-0200-00,medium,1626,4.731436993093521,0.9971910112359551,0.9971910112359551,2.5954611689520206,3.2201463159426202
new_preds,OFT-0200-00,slow,1627,4.705135509035891,0.9971910112359551,0.9971910112359551,2.6039413241847287,3.217012628349303
new_preds,OFT-0201-00,medium,1628,5.055707177089957,0.9971910112359551,0.9971910112359551,2.6812889950588277,3.3120485171526535
new_preds,OFT-0201-00,slow,1629,4.852333732900274,0.9971910112359551,0.9971910112359551,2.781231799931391,3.4001638195574286
new_preds,OFT-0201-00,fast,1630,4.840622321738851,0.9971910112359551,0.9971910112359551,2.5341910789857263,3.188092707504805
new_preds,OFT-0202-00,fast,1631,4.694094171517722,0.9971910112359551,0.9971910112359551,2.5953230642615157,3.1859386550165754
new_preds,OFT-0202-00,medium,1632,4.939263280795418,0.9971910112359551,0.9971910112359551,2.600046275199714,3.1385246650494167
new_preds,OFT-0202-00,slow,1633,5.090554605056445,0.9971910112359551,0.9971910112359551,2.78005690725026,3.3521414100327003
new_preds,OFT-0203-00,medium,1634,4.787669249939011,0.9971910112359551,0.9971910112359551,2.630572896031585,3.2084356091267603
new_preds,OFT-0203-00,fast,1635,4.625360878587059,0.9971910112359551,0.9971910112359551,2.5192008623260467,3.0873116305140815
new_preds,OFT-0203-00,slow,1636,5.2698703179528,0.9971910112359551,0.9971910112359551,2.784872816366108,3.433957600973639
new_preds,OFT-0204-00,fast,1637,4.633407643963297,0.9971910112359551,0.9971910112359551,2.4816525883086458,3.158546205594154
new_preds,OFT-0204-00,medium,1638,5.328982803590055,0.9971910112359551,0.9971910112359551,2.6879673383086673,3.3695808222969568
new_preds,OFT-0204-00,slow,1639,4.673520548917243,0.9971910112359551,0.9971910112359551,2.7000782108239063,3.350462138833098
new_preds,OFT-0205-00,fast,1640,4.734654399029411,0.9971910112359551,0.9971910112359551,2.5097636048319267,3.1308437580613453
new_preds,OFT-0205-00,slow,1641,5.265721164256367,0.9971910112359551,0.9971910112359551,2.574190886931181,3.2282105336939506
new_preds,OFT-0205-00,medium,1642,5.027593418300159,0.9971910112359551,0.9971910112359551,2.6994230429707957,3.288584311380159
new_preds,OFT-0206-00,fast,1643,4.78263650848675,0.9971910112359551,0.9971910112359551,2.6260922008595844,3.1715621541463404
new_preds,OFT-0206-00,slow,1644,4.512921532779077,0.9971910112359551,0.9971910112359551,2.7219078611365592,3.2832839384665364
new_preds,OFT-0206-00,medium,1645,5.269016304118197,0.9971910112359551,0.9971910112359551,2.757202439137031,3.3358206342280363
new_preds,OFT-0207-00,fast,1646,4.9166299048546,0.9971910112359551,0.9971910112359551,2.588780748255,3.2340357634375927
new_preds,OFT-0207-00,slow,1647,4.617828932704552,0.9971910112359551,0.9971910112359551,2.5514794225014588,3.1554318668165813
new_preds,OFT-0207-00,medium,1648,5.165424587898169,0.9971910112359551,0.9971910112359551,2.684885828228816,3.3211866762682645
new_preds,OFT-0208-00,medium,1649,4.648386313148078,0.9971910112359551,0.9971910112359551,2.5601288165511042,3.138397697793171
new_preds,OFT-0208-00,slow,1650,4.199667968855716,0.9971910112359551,0.9971910112359551,2.5183196881352012,3.013984029363033
new_preds,OFT-0208-00,fast,1651,4.81751318626872,0.9971910112359551,0.9971910112359551,2.5923831021873656,3.2080203936147766
new_preds,OFT-0209-00,fast,1652,4.847158195149679,0.9971910112359551,0.9971910112359551,2.446779112862622,3.085677926280371
new_preds,OFT-0209-00,medium,1653,4.642980697439639,0.9971910112359551,0.9971910112359551,2.5110583273655367,3.1058744345325646
new_preds,OFT-0209-00,slow,1654,4.86756273955728,0.9971910112359551,0.9971910112359551,2.6120366143916547,3.2650792361997305
new_preds,OFT-0210-00,fast,1655,4.779819745904603,0.9971910112359551,0.9971910112359551,2.606788743598449,3.1751078346745514
new_preds,OFT-0210-00,medium,1656,4.786555011489829,0.9971910112359551,0.9971910112359551,2.7151050589143093,3.354826599498232
new_preds,OFT-0210-00,slow,1657,4.794622993839022,0.9971910112359551,0.9971910112359551,2.721984808240112,3.3358475198238717
new_preds,OFT-0211-00,fast,1658,4.921633422262042,0.9971910112359551,0.9971910112359551,2.5990126473340425,3.2383332753765175
new_preds,OFT-0211-00,medium,1659,4.787999882871531,0.9971910112359551,0.9971910112359551,2.542134507610347,3.2111802857595744
new_preds,OFT-0211-00,slow,1660,4.9048539780479965,0.9971910112359551,0.9971910112359551,2.8098060465917327,3.408854816360932
new_preds,OFT-0212-00,fast,1661,4.819769443822608,0.9971910112359551,0.9971910112359551,2.5371856295928623,3.141135787931371
new_preds,OFT-0212-00,medium,1662,4.599417201304419,0.9971910112359551,0.9971910112359551,2.663531430384864,3.2600707832453013
new_preds,OFT-0212-00,slow,1663,4.426446897523614,0.9971910112359551,0.9971910112359551,2.8101452426567812,3.3735618873471274
new_preds,OFT-0213-00,fast,1664,4.916205934120842,0.9971910112359551,0.9971910112359551,2.5761031851704312,3.2589201061930217
new_preds,OFT-0213-00,slow,1665,4.457701001900214,0.9971910112359551,0.9971910112359551,2.71421919918541,3.3763322452861417
new_preds,OFT-0213-00,medium,1666,4.988709039407076,0.9971910112359551,0.9971910112359551,2.643804817223752,3.282669066384325
new_preds,OFT-0214-00,slow,1667,4.983984521701302,0.9971910112359551,0.9971910112359551,2.6853759966641775,3.3889621447321936
new_preds,OFT-0214-00,medium,1668,4.733879829898206,0.9971910112359551,0.9971910112359551,2.5459217417054107,3.206310312291289
new_preds,OFT-0214-00,fast,1669,4.597299904101039,0.9971910112359551,0.9971910112359551,2.447326434278906,3.095006443507278
new_preds,OFT-0215-00,slow,1670,4.504104218591284,0.9971910112359551,0.9971910112359551,2.7119485544163893,3.4309398483208167
new_preds,OFT-0215-00,fast,1671,4.479082918043923,0.9971910112359551,0.9971910112359551,2.490058668176972,3.092096592414631
new_preds,OFT-0215-00,medium,1672,5.23228300776759,0.9971910112359551,0.9971910112359551,2.700282304770817,3.310490596473148
new_preds,OFT-0216-00,medium,1673,4.823745459812005,0.9971910112359551,0.9971910112359551,2.8209800779299528,3.359764578014887
new_preds,OFT-0216-00,fast,1674,4.869973296928787,0.9971910112359551,0.9971910112359551,2.631688317692245,3.2161665580368397
new_preds,OFT-0216-00,slow,1675,4.9358559342994015,0.9971910112359551,0.9971910112359551,2.8229056152421865,3.3857136278539444
new_preds,OFT-0217-00,fast,1676,4.748539837309465,0.9971910112359551,0.9971910112359551,2.5111268036335583,3.15278453618846
new_preds,OFT-0217-00,slow,1677,4.2759305997048065,0.9971910112359551,0.9971910112359551,2.708175597548008,3.3047759535328445
new_preds,OFT-0217-00,medium,1678,5.171053386619864,0.9971910112359551,0.9971910112359551,2.7240548611194693,3.36877423036712
new_preds,OFT-0218-00,fast,1679,4.50418789611816,0.9971910112359551,0.9971910112359551,2.3497792417867447,3.00089516453649
new_preds,OFT-0218-00,medium,1680,5.295567323700502,0.9971910112359551,0.9971910112359551,2.605239671561906,3.2633699689200957
new_preds,OFT-0218-00,slow,1681,4.446768704497899,0.9971910112359551,0.9971910112359551,2.4636598850439424,3.0828840856217914
new_preds,OFT-0219-00,fast,1682,4.558033933050603,0.9971910112359551,0.9971910112359551,2.503301826444071,3.191158743242345
new_preds,OFT-0219-00,medium,1683,4.689111764624219,0.9971910112359551,0.9971910112359551,2.70045129886997,3.3236065000938395
new_preds,OFT-0219-00,slow,1684,4.386842506369303,0.9971910112359551,0.9971910112359551,2.7990733473147356,3.423314008940244
new_preds,OFT-0220-00,fast,1685,4.713512395687305,0.9971910112359551,0.9971910112359551,2.505222487448956,3.1792266023988067
new_preds,OFT-0220-00,medium,1686,4.6372607876283505,0.9971910112359551,0.9971910112359551,2.486118246590638,3.1994197449596684
new_preds,OFT-0220-00,slow,1687,4.696532872787042,0.9971910112359551,0.9971910112359551,2.7282083438912146,3.4019745109015815
new_preds,OFT-0221-00,medium,1688,5.790805062330908,0.9971910112359551,0.9971910112359551,2.7160804469808335,3.3798551828733645
new_preds,OFT-0221-00,fast,1689,4.911923439076098,0.9971910112359551,0.9971910112359551,2.6175452831416397,3.1907701291684516
new_preds,OFT-0221-00,slow,1690,4.669265813833077,0.9971910112359551,0.9971910112359551,2.7816698225547456,3.3177201251660478
new_preds,OFT-0222-00,fast,1691,4.768986943920945,0.9971910112359551,0.9971910112359551,2.4929185842430703,3.1482156519406717
new_preds,OFT-0222-00,slow,1692,4.758210021117213,0.9971910112359551,0.9971910112359551,2.6682368020428884,3.3311749183716395
new_preds,OFT-0222-00,medium,1693,4.745599708122862,0.9971910112359551,0.9971910112359551,2.594471427758904,3.2778933415093734
new_preds,OFT-0223-00,fast,1694,4.864214160377321,0.9971910112359551,0.9971910112359551,2.421390072916501,3.058482906876814
new_preds,OFT-0223-00,slow,1695,4.862288714885529,0.9971910112359551,0.9971910112359551,2.6821025603517494,3.2546839106001686
new_preds,OFT-0223-00,medium,1696,5.024070403999352,0.9971910112359551,0.9971910112359551,2.691260961271719,3.358591562242386
new_preds,OFT-0224-00,fast,1697,4.653007215373339,0.9971910112359551,0.9971910112359551,2.5305802786981175,3.1184776863621027
new_preds,OFT-0224-00,slow,1698,4.498427680867703,0.9971910112359551,0.9971910112359551,2.733282308352406,3.3387746751350362
new_preds,OFT-0224-00,medium,1699,4.916084581116271,0.9971910112359551,0.9971910112359551,2.6637644814590686,3.346771989892101
new_preds,OFT-0225-00,fast,1700,4.944244366571675,0.9971910112359551,0.9971910112359551,2.561946769644708,3.2529660159255576
new_preds,OFT-0225-00,medium,1701,4.916930367408069,0.9971910112359551,0.9971910112359551,2.6552585884918942,3.2864075000268294
new_preds,OFT-0225-00,slow,1702,4.686971429171402,0.9971910112359551,0.9971910112359551,2.6869875394456173,3.34880805682659
new_preds,OFT-0226-00,medium,1703,4.823540983912825,0.9971910112359551,0.9971910112359551,2.6658932976825445,3.276897104874123
new_preds,OFT-0226-00,fast,1704,4.650927189376447,0.9971910112359551,0.9971910112359551,2.5200751167330684,3.106676189135561
new_preds,OFT-0226-00,slow,1705,4.46742632273158,0.9971910112359551,0.9971910112359551,2.4828325525164097,3.0804729375632514
new_preds,OFT-0227-00,slow,1706,5.02446938763202,0.9971910112359551,0.9971910112359551,2.7177227529048427,3.3802059201576755
new_preds,OFT-0227-00,medium,1707,4.668607213739859,0.9971910112359551,0.9971910112359551,2.6229088674490573,3.205889048071792
new_preds,OFT-0227-00,fast,1708,4.912730142257805,0.9971910112359551,0.9971910112359551,2.54147018818617,3.1446304165073182
new_preds,OFT-0228-00,fast,1709,4.813381365063485,0.9971910112359551,0.9971910112359551,2.5831129934451815,3.176905130798346
new_preds,OFT-0228-00,medium,1710,4.807097587822502,0.9971910112359551,0.9971910112359551,2.6872325168764166,3.276566835842192
new_preds,OFT-0228-00,slow,1711,4.537291494116564,0.9971910112359551,0.9971910112359551,2.768993654043833,3.395043996871858
new_preds,OFT-0229-00,medium,1712,4.77109178604674,0.9971910112359551,0.9971910112359551,2.594887221144518,3.2339975701839827
new_preds,OFT-0229-00,fast,1713,4.901292363889496,0.9971910112359551,0.9971910112359551,2.4456589499573558,3.1658595530087545
new_preds,OFT-0229-00,slow,1714,4.817093236656518,0.9971910112359551,0.9971910112359551,2.6261059775508167,3.2998362591879045
new_preds,OFT-0230-00,fast,1715,4.6642520833111085,0.9971910112359551,0.9971910112359551,2.486066635784646,3.153684543378538
new_preds,OFT-0230-00,slow,1716,4.679165201373358,0.9971910112359551,0.9971910112359551,2.627059827112655,3.2348390817535835
new_preds,OFT-0230-00,medium,1717,4.75088850230673,0.9971910112359551,0.9971910112359551,2.4863953598270068,3.1880627679904006
new_preds,OFT-0231-00,medium,1718,4.79854062432455,0.9971910112359551,0.9971910112359551,2.6534885143854563,3.2208240002575086
new_preds,OFT-0231-00,fast,1719,4.965376544925807,0.9971910112359551,0.9971910112359551,2.6286228591867737,3.258649036251441
new_preds,OFT-0231-00,slow,1720,5.000848831777386,0.9971910112359551,0.9971910112359551,2.7335841065281974,3.491704123352831
new_preds,OFT-0232-00,fast,1721,5.225938944400162,0.9971910112359551,0.9971910112359551,2.608927430320747,3.2897045045226507
new_preds,OFT-0232-00,slow,1722,4.399044214806977,0.9971910112359551,0.9971910112359551,2.776515502678862,3.3193729272012384
new_preds,OFT-0232-00,medium,1723,5.0382273521022505,0.9971910112359551,0.9971910112359551,2.6458494879633534,3.252912840054043
new_preds,OFT-0233-00,medium,1724,4.889629198258639,0.9971910112359551,0.9971910112359551,2.560638815018033,3.2008012245445805
new_preds,OFT-0233-00,fast,1725,5.003173727086895,0.9971910112359551,0.9971910112359551,2.4520170405136192,3.1247729718431434
new_preds,OFT-0233-00,slow,1726,4.732934299933186,0.9971910112359551,0.9971910112359551,2.6693486419395036,3.3637078748867815
new_preds,OFT-0234-00,fast,1727,4.646786968487653,0.9971910112359551,0.9971910112359551,2.461772695472308,3.067127756824835
new_preds,OFT-0234-00,medium,1728,4.722279939227943,0.9971910112359551,0.9971910112359551,2.628604999859465,3.1764766010638983
new_preds,OFT-0234-00,slow,1729,5.342864601578961,0.9971910112359551,0.9971910112359551,2.723332562381358,3.343601727593046
new_preds,OFT-0235-00,fast,1730,4.514847523662728,0.9971910112359551,0.9971910112359551,2.5356480451471435,3.0103129731737654
new_preds,OFT-0235-00,medium,1731,4.848699822588371,0.9971910112359551,0.9971910112359551,2.6696820827845995,3.228155622040621
new_preds,OFT-0235-00,slow,1732,5.058538615561649,0.9971910112359551,0.9971910112359551,2.693180030499418,3.272042872030296
new_preds,OFT-0236-00,fast,1733,4.72342312028195,0.9971910112359551,0.9971910112359551,2.5033484709123157,3.185481977488686
new_preds,OFT-0236-00,slow,1734,4.814706470782766,0.9971910112359551,0.9971910112359551,2.738828191182896,3.3552250758769473
new_preds,OFT-0236-00,medium,1735,4.8140705320742265,0.9971910112359551,0.9971910112359551,2.6679708808818736,3.327495843108515
new_preds,OFT-0237-00,medium,1736,4.852160423203236,0.9971910112359551,0.9971910112359551,2.6535998857734837,3.2717875078578817
new_preds,OFT-0237-00,fast,1737,4.850124361715145,0.9971910112359551,0.9971910112359551,2.579052040680995,3.2043105777199843
new_preds,OFT-0237-00,slow,1738,4.653098184596391,0.9971910112359551,0.9971910112359551,2.7649589075715117,3.375877138473982
new_preds,OFT-0238-00,medium,1739,5.119107932926661,0.9971910112359551,0.9971910112359551,2.706414497072459,3.314585968050617
new_preds,OFT-0238-00,fast,1740,4.637765960083062,0.9971910112359551,0.9971910112359551,2.469780936217618,3.0850922274655863
new_preds,OFT-0238-00,slow,1741,4.7816482887119784,0.9971910112359551,0.9971910112359551,2.641659039220642,3.2733548210046086
new_preds,OFT-0239-00,fast,1742,4.744506823069319,0.9971910112359551,0.9971910112359551,2.4915575545331694,3.0867897798466637
new_preds,OFT-0239-00,medium,1743,4.80730165875089,0.9971910112359551,0.9971910112359551,2.667151474262464,3.261899666805756
new_preds,OFT-0239-00,slow,1744,6.055165460164055,0.9971910112359551,0.9971910112359551,2.7776748863816265,3.4035172047562683
new_preds,OFT-0240-00,slow,1745,4.743970844243338,0.9971910112359551,0.9971910112359551,2.6752181290440324,3.3620228190733696
new_preds,OFT-0240-00,medium,1746,4.825274574513319,0.9971910112359551,0.9971910112359551,2.5847339928581707,3.2244809029794874
new_preds,OFT-0240-00,fast,1747,4.892127839615736,0.9971910112359551,0.9971910112359551,2.5473575115595115,3.2259525105208455
new_preds,OFT-0241-00,slow,1748,4.604196272858355,0.9971910112359551,0.9971910112359551,2.712563574793479,3.2546035834937834
new_preds,OFT-0241-00,medium,1749,4.791997412660385,0.9971910112359551,0.9971910112359551,2.625753431486316,3.164064126342031
new_preds,OFT-0241-00,fast,1750,4.9888103705045435,0.9971910112359551,0.9971910112359551,2.598832171211927,3.282293093281791
new_preds,OFT-0242-00,slow,1751,5.655546402857635,0.9971910112359551,0.9971910112359551,2.6837181007366153,3.333567490189162
new_preds,OFT-0242-00,medium,1752,4.961217431146721,0.9971910112359551,0.9971910112359551,2.6190375394739496,3.265672217138365
new_preds,OFT-0242-00,fast,1753,4.655976691462549,0.9971910112359551,0.9971910112359551,2.4952230953180528,3.141823826671367
new_preds,OFT-0243-00,medium,1754,4.694245969149924,0.9971910112359551,0.9971910112359551,2.6043054002135317,3.211614645065985
new_preds,OFT-0243-00,fast,1755,4.823028425411327,0.9971910112359551,0.9971910112359551,2.5336038120503894,3.1638455909884127
new_preds,OFT-0243-00,slow,1756,4.989164428922503,0.9971910112359551,0.9971910112359551,2.7538252841479505,3.3540126963477124
new_preds,OFT-0244-00,medium,1757,4.723522056191693,0.9971910112359551,0.9971910112359551,2.53999545819013,3.1381347822964427
new_preds,OFT-0244-00,fast,1758,4.719608495730834,0.9971910112359551,0.9971910112359551,2.4759279004232906,3.0953140046077907
new_preds,OFT-0244-00,slow,1759,4.552328089791313,0.9971910112359551,0.9971910112359551,2.500391849347622,2.974151425058553
new_preds,OFT-0245-00,slow,1760,4.862038586197961,0.9971910112359551,0.9971910112359551,2.627461030755214,3.2589404993156164
new_preds,OFT-0245-00,medium,1761,4.87725813183681,0.9971910112359551,0.9971910112359551,2.5753119647461196,3.148186156302815
new_preds,OFT-0245-00,fast,1762,4.719249166109402,0.9971910112359551,0.9971910112359551,2.501512993928496,3.1170849459660435
new_preds,OFT-0246-00,slow,1763,6.102917654153891,0.9971910112359551,0.9971910112359551,2.778022420437118,3.463087302643419
new_preds,OFT-0246-00,medium,1764,4.813822947097676,0.9971910112359551,0.9971910112359551,2.7045780034986424,3.3206030803514737
new_preds,OFT-0246-00,fast,1765,4.882741356984963,0.9971910112359551,0.9971910112359551,2.635173346852441,3.2533621208634544
new_preds,OFT-0247-00,slow,1766,4.9042731518710765,0.9971910112359551,0.9971910112359551,2.7285722776415446,3.303851720508217
new_preds,OFT-0247-00,medium,1767,5.005475827485619,0.9971910112359551,0.9971910112359551,2.674935195860284,3.2829133756782354
new_preds,OFT-0247-00,fast,1768,4.8900745391597225,0.9971910112359551,0.9971910112359551,2.618275928025376,3.238401289474443
new_preds,OFT-0248-00,medium,1769,5.108398049855295,0.9971910112359551,0.9971910112359551,2.5892298777572353,3.2256413744695664
new_preds,OFT-0248-00,slow,1770,4.650047179455963,0.9971910112359551,0.9971910112359551,2.6012223494374416,3.2484848730756823
new_preds,OFT-0248-00,fast,1771,4.722818499557401,0.9971910112359551,0.9971910112359551,2.4335074775383863,3.113684147667646
new_preds,OFT-0249-00,medium,1772,5.093368490401115,0.9971910112359551,0.9971910112359551,2.660830670195299,3.229773734339829
new_preds,OFT-0249-00,slow,1773,4.664973269049448,0.9971910112359551,0.9971910112359551,2.557762260747574,3.109977299712728
new_preds,OFT-0249-00,fast,1774,4.801834121076968,0.9971910112359551,0.9971910112359551,2.5236357600677986,3.0874600323903474
new_preds,OFT-0250-00,slow,1775,4.727779063458067,0.9971910112359551,0.9971910112359551,2.712697178435441,3.2975597235303944
new_preds,OFT-0250-00,fast,1776,4.784952278913855,0.9971910112359551,0.9971910112359551,2.6295727161552738,3.2025099984475185
new_preds,OFT-0250-00,medium,1777,4.930408788625291,0.9971910112359551,0.9971910112359551,2.6851983557845966,3.2544942287593255
new_preds,OFT-0251-00,medium,1778,4.808324948740407,0.9971910112359551,0.9971910112359551,2.699810363347937,3.278993828628123
new_preds,OFT-0251-00,slow,1779,4.242944914867276,0.9971910112359551,0.9971910112359551,2.6310411352494936,3.177063601030086
new_preds,OFT-0251-00,fast,1780,4.927568246525199,0.9971910112359551,0.9971910112359551,2.660984156295142,3.1734088158945815
new_preds,OFT-0252-00,fast,1781,4.615525643396568,0.9971910112359551,0.9971910112359551,2.397564482174726,3.07014404016196
new_preds,OFT-0252-00,medium,1782,4.824725073832942,0.9971910112359551,0.9971910112359551,2.6294984478781864,3.207687819330695
new_preds,OFT-0252-00,slow,1783,4.722528802538859,0.9971910112359551,0.9971910112359551,2.7366785663522295,3.255241259212705
new_preds,OFT-0253-00,fast,1784,4.781954533457238,0.9971910112359551,0.9971910112359551,2.6437875223666802,3.1833773522740563
new_preds,OFT-0253-00,slow,1785,4.90566655048185,0.9971910112359551,0.9971910112359551,2.7814206213474306,3.4113002203592724
new_preds,OFT-0253-00,medium,1786,5.020222166579572,0.9971910112359551,0.9971910112359551,2.697296427964122,3.303287612254782
new_preds,OFT-0254-00,slow,1787,5.174181812322987,0.9971910112359551,0.9971910112359551,2.6970950450205513,3.228479621343232
new_preds,OFT-0254-00,medium,1788,4.801142241156725,0.9971910112359551,0.9971910112359551,2.734743517279414,3.330319841428799
new_preds,OFT-0254-00,fast,1789,4.805625433373211,0.9971910112359551,0.9971910112359551,2.639085031530773,3.2306732158693703
new_preds,OFT-0255-00,fast,1790,4.843077500415514,0.9971910112359551,0.9971910112359551,2.5847012875618605,3.1460502215019623
new_preds,OFT-0255-00,medium,1791,4.8205780999980705,0.9971910112359551,0.9971910112359551,2.7673277078468423,3.3249629953345496
new_preds,OFT-0255-00,slow,1792,4.6912819734888,0.9971910112359551,0.9971910112359551,2.7981613860592507,3.3918577805718826
new_preds,OFT-0256-00,fast,1793,4.901116958182007,0.9971910112359551,0.9971910112359551,2.376821969545663,3.0896303085550536
new_preds,OFT-0256-00,medium,1794,4.365759138565794,0.9971910112359551,0.9971910112359551,2.47487295666711,3.029600383095204
new_preds,OFT-0256-00,slow,1795,4.9165923398512605,0.9971910112359551,0.9971910112359551,2.652081324754045,3.3054459068629383
new_preds,OFT-0257-00,fast,1796,4.9208521225606665,0.9971910112359551,0.9971910112359551,2.5851310630169775,3.211499972221031
new_preds,OFT-0257-00,medium,1797,4.664202925168323,0.9971910112359551,0.9971910112359551,2.732548935961532,3.342971749199478
new_preds,OFT-0257-00,slow,1798,4.540869681348629,0.9971910112359551,0.9971910112359551,2.6804727899162875,3.148578559888662
new_preds,OFT-0258-00,slow,1799,4.5387532982919065,0.9971910112359551,0.9971910112359551,2.578886328630395,3.2878481752941475
new_preds,OFT-0258-00,fast,1800,4.6245741969114995,0.9971910112359551,0.9971910112359551,2.511797663478823,3.1606708028070245
new_preds,OFT-0258-00,medium,1801,4.94913942663499,0.9971910112359551,0.9971910112359551,2.596400596031928,3.2836086792760084
new_preds,OFT-0259-00,medium,1802,4.85015996819241,0.9971910112359551,0.9971910112359551,2.6747524142471217,3.2466382558577296
new_preds,OFT-0259-00,fast,1803,4.878176990581088,0.9971910112359551,0.9971910112359551,2.5587683654856996,3.166653374242385
new_preds,OFT-0259-00,slow,1804,5.012001736858613,0.9971910112359551,0.9971910112359551,2.7613100591590927,3.374038984714618
new_preds,OFT-0260-00,medium,1805,4.906767594625379,0.9971910112359551,0.9971910112359551,2.668523859061889,3.223235031410907
new_preds,OFT-0260-00,slow,1806,4.465039174516014,0.9971910112359551,0.9971910112359551,2.7488902176369723,3.3649365270466425
new_preds,OFT-0260-00,fast,1807,4.649604311726617,0.9971910112359551,0.9971910112359551,2.4621971529109175,3.064559268160568
new_preds,OFT-0261-00,medium,1808,4.872279969817462,0.9971910112359551,0.9971910112359551,2.6459316474766337,3.2786173583971214
new_preds,OFT-0261-00,fast,1809,4.9408257308709365,0.9971910112359551,0.9971910112359551,2.5722791211262797,3.2160596390778378
new_preds,OFT-0261-00,slow,1810,4.59431711842767,0.9971910112359551,0.9971910112359551,2.656573855017297,3.2229725276085412
new_preds,OFT-0262-00,fast,1811,4.1606400230542855,0.9971910112359551,0.9971910112359551,2.260464524107785,2.787340494747604
new_preds,OFT-0262-00,medium,1812,4.733200516586568,0.9971910112359551,0.9971910112359551,2.652444302915157,3.235416547048756
new_preds,OFT-0262-00,slow,1813,4.5100559400217195,0.9971910112359551,0.9971910112359551,2.6518698579081517,3.2085068164576556
new_preds,OFT-0263-00,slow,1814,4.555811879970217,0.9971910112359551,0.9971910112359551,2.7556690154320473,3.2736657808164136
new_preds,OFT-0263-00,medium,1815,4.817625248719525,0.9971910112359551,0.9971910112359551,2.7687953901981848,3.3368006430726966
new_preds,OFT-0263-00,fast,1816,5.129067522435107,0.9971910112359551,0.9971910112359551,2.6815352051662944,3.3375048860252896
new_preds,OFT-0264-00,fast,1817,5.0332948621159606,0.9971910112359551,0.9971910112359551,2.516280957013706,3.090999237286427
new_preds,OFT-0264-00,medium,1818,4.7106522950565655,0.9971910112359551,0.9971910112359551,2.670270528192587,3.2811285828853367
new_preds,OFT-0264-00,slow,1819,4.216899573580517,0.9971910112359551,0.9971910112359551,2.5659423616991974,3.1313598529534716
new_preds,OFT-0265-00,medium,1820,4.901906835410488,0.9971910112359551,0.9971910112359551,2.800137649828936,3.290531924599459
new_preds,OFT-0265-00,fast,1821,4.7977033454673,0.9971910112359551,0.9971910112359551,2.627152557952162,3.2776954442582285
new_preds,OFT-0265-00,slow,1822,4.307440055732026,0.9971910112359551,0.9971910112359551,2.8225564012561,3.438482636171859
new_preds,OFT-0266-00,medium,1823,4.678221155573692,0.9971910112359551,0.9971910112359551,2.702703525413349,3.301081517845726
new_preds,OFT-0266-00,fast,1824,5.4615633039380524,0.9971910112359551,0.9971910112359551,2.5602520265749877,3.2124843913691135
new_preds,OFT-0266-00,slow,1825,5.347926722017516,0.9971910112359551,0.9971910112359551,2.6081613516235187,3.2089336239908057
new_preds,OFT-0267-00,fast,1826,4.7671337275655254,0.9971910112359551,0.9971910112359551,2.5613486048904663,3.2000327652883245
new_preds,OFT-0267-00,slow,1827,4.710614252415413,0.9971910112359551,0.9971910112359551,2.6904526391710806,3.281533785094909
new_preds,OFT-0267-00,medium,1828,5.00041191905303,0.9971910112359551,0.9971910112359551,2.65623004995689,3.2592281801335887
new_preds,OFT-0268-00,fast,1829,4.6632027817348884,0.9971910112359551,0.9971910112359551,2.6662879497321588,3.2627054070710786
new_preds,OFT-0268-00,medium,1830,4.810963540093797,0.9971910112359551,0.9971910112359551,2.7410732301037526,3.3675975787544528
new_preds,OFT-0268-00,slow,1831,4.227651780117285,0.9971910112359551,0.9971910112359551,2.460146808234444,2.919847239795773
new_preds,OFT-0269-00,fast,1832,4.785352146155555,0.9971910112359551,0.9971910112359551,2.6309945393525873,3.2158253394102605
new_preds,OFT-0269-00,medium,1833,4.89804561162282,0.9971910112359551,0.9971910112359551,2.710777719001163,3.274928122108785
new_preds,OFT-0269-00,slow,1834,4.5919878558451455,0.9971910112359551,0.9971910112359551,2.6429566145366254,3.2097669133395375
new_preds,OFT-0270-00,slow,1835,4.447351554940814,0.9971910112359551,0.9971910112359551,2.7843577017191814,3.3052466794453967
new_preds,OFT-0270-00,fast,1836,4.467185009804707,0.9971910112359551,0.9971910112359551,2.45486275217781,3.0578809229070076
new_preds,OFT-0270-00,medium,1837,4.994532350514106,0.9971910112359551,0.9971910112359551,2.683775458852658,3.2964652012536533
new_preds,OFT-0271-00,fast,1838,4.665571414183239,0.9971910112359551,0.9971910112359551,2.57003463979979,3.1967792929553296
new_preds,OFT-0271-00,slow,1839,4.4585096782119304,0.9971910112359551,0.9971910112359551,2.7784195452756544,3.272693726898147
new_preds,OFT-0271-00,medium,1840,4.93689324048458,0.9971910112359551,0.9971910112359551,2.7244578277552614,3.2507513589631687
new_preds,OFT-0272-00,fast,1841,4.910851580056093,0.9971910112359551,0.9971910112359551,2.495322122415053,3.174670505423314
new_preds,OFT-0272-00,slow,1842,4.817928031263309,0.9971910112359551,0.9971910112359551,2.6895945063063165,3.295844792258862
new_preds,OFT-0272-00,medium,1843,4.829701561420222,0.9971910112359551,0.9971910112359551,2.5882220427765157,3.19675002771589
new_preds,OFT-0273-00,fast,1844,4.964065393866608,0.9971910112359551,0.9971910112359551,2.700551047034649,3.2869588042703444
new_preds,OFT-0273-00,slow,1845,4.592668570068545,0.9971910112359551,0.9971910112359551,2.843346257066124,3.4713542949378757
new_preds,OFT-0273-00,medium,1846,4.5238061492914285,0.9971910112359551,0.9971910112359551,2.6007309326901265,3.1231049946383376
new_preds,OFT-0274-00,fast,1847,4.988648315230133,0.9971910112359551,0.9971910112359551,2.5994766238895437,3.1949237431423536
new_preds,OFT-0274-00,slow,1848,4.774735942205962,0.9971910112359551,0.9971910112359551,2.689007455193382,3.317154413652121
new_preds,OFT-0274-00,medium,1849,4.5097280527279935,0.9971910112359551,0.9971910112359551,2.583659594771754,3.1003812318995356
new_preds,OFT-0275-00,medium,1850,5.168816440384342,0.9971910112359551,0.9971910112359551,2.705883419232204,3.2628266349270065
new_preds,OFT-0275-00,slow,1851,4.979061573017216,0.9971910112359551,0.9971910112359551,2.8031695088144852,3.4460256351422425
new_preds,OFT-0275-00,fast,1852,4.883594960713948,0.9971910112359551,0.9971910112359551,2.6168505137435183,3.2338392742740893
new_preds,OFT-0276-00,fast,1853,4.786602414251112,0.9971910112359551,0.9971910112359551,2.5385061228105688,3.1909621817103
new_preds,OFT-0276-00,slow,1854,4.646877206031537,0.9971910112359551,0.9971910112359551,2.8287652840314483,3.435726541542809
new_preds,OFT-0276-00,medium,1855,5.104245002366201,0.9971910112359551,0.9971910112359551,2.6803602017286177,3.3192071151050078
new_preds,OFT-0277-00,fast,1856,5.04981937788105,0.9971910112359551,0.9971910112359551,2.6189121302782676,3.276715364354296
new_preds,OFT-0277-00,medium,1857,4.736605855415709,0.9971910112359551,0.9971910112359551,2.7414867165979007,3.307303111781171
new_preds,OFT-0277-00,slow,1858,4.670429652938076,0.9971910112359551,0.9971910112359551,2.7841794242150026,3.2094322607143395
new_preds,OFT-0278-00,medium,1859,5.290624134908845,0.9971910112359551,0.9971910112359551,2.655786322558178,3.3063837099005617
new_preds,OFT-0278-00,slow,1860,4.195120754684641,0.9971910112359551,0.9971910112359551,2.304655438073657,2.8336049834177386
new_preds,OFT-0278-00,fast,1861,5.427037955113974,0.9971910112359551,0.9971910112359551,2.565133091175938,3.2435043872261975
new_preds,OFT-0279-00,slow,1862,5.817157933474324,0.9971910112359551,0.9971910112359551,2.7291015254906523,3.245337320727336
new_preds,OFT-0279-00,medium,1863,4.866008343623017,0.9971910112359551,0.9971910112359551,2.7595298921816784,3.3436393858325544
new_preds,OFT-0279-00,fast,1864,4.970688501371972,0.9971910112359551,0.9971910112359551,2.651379986199367,3.253829475231117
new_preds,OFT-0280-00,fast,1865,4.994222157774424,0.9971910112359551,0.9971910112359551,2.60186911903383,3.2483961190428814
new_preds,OFT-0280-00,medium,1866,4.352938650106586,0.9971910112359551,0.9971910112359551,2.444768755653463,3.229450634335026
new_preds,OFT-0280-00,slow,1867,4.878173009105472,0.9971910112359551,0.9971910112359551,2.691152376330159,3.211598788896915
new_preds,OFT-0281-00,medium,1868,4.937391812986937,0.9971910112359551,0.9971910112359551,2.749714566480806,3.383297138270194
new_preds,OFT-0281-00,fast,1869,4.845426464478816,0.9971910112359551,0.9971910112359551,2.6261026007701025,3.2868103255676284
new_preds,OFT-0281-00,slow,1870,4.693956365570114,0.9971910112359551,0.9971910112359551,2.806614754794469,3.4763779613339367
new_preds,OFT-0282-00,slow,1871,4.642967096938401,0.9971910112359551,0.9971910112359551,2.7067463178121973,3.3057427745876202
new_preds,OFT-0282-00,medium,1872,4.609737016019983,0.9971910112359551,0.9971910112359551,2.6048755022213705,3.240816537905398
new_preds,OFT-0282-00,fast,1873,4.947826892583531,0.9971910112359551,0.9971910112359551,2.51488719725536,3.2013847680067
new_preds,OFT-0283-00,medium,1874,4.997670280133608,0.9971910112359551,0.9971910112359551,2.69548303076936,3.288870215833789
new_preds,OFT-0283-00,fast,1875,4.680955177705786,0.9971910112359551,0.9971910112359551,2.512317646737769,3.0651290359637136
new_preds,OFT-0283-00,slow,1876,5.061363806033699,0.9971910112359551,0.9971910112359551,2.7574588099374906,3.3910864394883204
new_preds,OFT-0284-00,fast,1877,4.925861143880104,0.9971910112359551,0.9971910112359551,2.5597729369542814,3.178216352297094
new_preds,OFT-0284-00,slow,1878,4.432670075440171,0.9971910112359551,0.9971910112359551,2.720827318161137,3.308206341031398
new_preds,OFT-0284-00,medium,1879,5.035338232084191,0.9971910112359551,0.9971910112359551,2.7661096259982463,3.3337630044153914
new_preds,OFT-0285-00,fast,1880,4.831741369562063,0.9971910112359551,0.9971910112359551,2.673976672866588,3.2339636393281306
new_preds,OFT-0285-00,slow,1881,4.467458159000377,0.9971910112359551,0.9971910112359551,2.74405716779899,3.3419962012115834
new_preds,OFT-0285-00,medium,1882,4.778541550752271,0.9971910112359551,0.9971910112359551,2.757646326818047,3.304456838495432
new_preds,OFT-0286-00,fast,1883,4.834843287874868,0.9971910112359551,0.9971910112359551,2.60135181178448,3.232107170526769
new_preds,OFT-0286-00,slow,1884,4.7690232932253185,0.9971910112359551,0.9971910112359551,2.7182510099651584,3.3817812985253632
new_preds,OFT-0286-00,medium,1885,4.727095957075209,0.9971910112359551,0.9971910112359551,2.6845466108112386,3.273909881029026
new_preds,OFT-0287-00,fast,1886,5.115878490318845,0.9971910112359551,0.9971910112359551,2.6066115998523416,3.246955360907347
new_preds,OFT-0287-00,medium,1887,4.664318365086306,0.9971910112359551,0.9971910112359551,2.758065129731138,3.314740702402487
new_preds,OFT-0287-00,slow,1888,4.028391129384378,0.9971910112359551,0.9971910112359551,2.6498572056287473,3.223665798157247
new_preds,OFT-0288-00,fast,1889,4.662918036843372,0.9971910112359551,0.9971910112359551,2.5173698050557154,3.1117743817064865
new_preds,OFT-0288-00,medium,1890,4.655315995222578,0.9971910112359551,0.9971910112359551,2.6340737873121016,3.2908125128425034
new_preds,OFT-0288-00,slow,1891,4.612368870272109,0.9971910112359551,0.9971910112359551,2.6875655701444683,3.3757562176331355
new_preds,OFT-0289-00,fast,1892,4.784520123743129,0.9971910112359551,0.9971910112359551,2.6228198829386487,3.2447105448679703
new_preds,OFT-0289-00,medium,1893,5.099953950161305,0.9971910112359551,0.9971910112359551,2.7389792551254217,3.4122435091843073
new_preds,OFT-0289-00,slow,1894,4.428000391763393,1.050561797752809,1.050561797752809,2.867111011172994,3.4927791713863785
new_preds,OFT-0290-00,fast,1895,4.61053667778053,0.9971910112359551,0.9971910112359551,2.561368656618284,3.207891344541878
new_preds,OFT-0290-00,slow,1896,5.234456040540222,0.9971910112359551,0.9971910112359551,2.807580144514447,3.455371984551681
new_preds,OFT-0290-00,medium,1897,4.930347576364823,0.9971910112359551,0.9971910112359551,2.6011524612409036,3.2039086829433465
new_preds,OFT-0291-00,fast,1898,4.854901904975713,0.9971910112359551,0.9971910112359551,2.6042098961157527,3.2032219592242326
new_preds,OFT-0291-00,medium,1899,4.925523101288729,0.9971910112359551,0.9971910112359551,2.6172168088138728,3.196210694207256
new_preds,OFT-0291-00,slow,1900,5.170847416909937,0.9971910112359551,0.9971910112359551,2.588590005750215,3.154095543350891
new_preds,OFT-0292-00,fast,1901,5.196171935402965,0.9971910112359551,0.9971910112359551,2.7001843729782653,3.2856684950199737
new_preds,OFT-0292-00,medium,1902,4.969883058929061,0.9971910112359551,0.9971910112359551,2.8197002877844737,3.4176717727176937
new_preds,OFT-0292-00,slow,1903,4.610513796971022,0.9971910112359551,0.9971910112359551,2.872089747465077,3.374958228182267
new_preds,OFT-0293-00,fast,1904,5.075557220810542,0.9971910112359551,0.9971910112359551,2.6119418718300866,3.195283311687993
new_preds,OFT-0293-00,slow,1905,4.810095020573081,0.9971910112359551,0.9971910112359551,2.656325060525118,3.2045697380516778
new_preds,OFT-0293-00,medium,1906,4.804057772300013,0.9971910112359551,0.9971910112359551,2.6352381869820367,3.1371288514719624
new_preds,OFT-0294-00,fast,1907,4.913911280323047,0.9971910112359551,0.9971910112359551,2.5940588850856394,3.213985957164572
new_preds,OFT-0294-00,slow,1908,5.160565006686725,0.9971910112359551,0.9971910112359551,2.8320226215855695,3.453572194273481
new_preds,OFT-0294-00,medium,1909,4.689836797646712,0.9971910112359551,0.9971910112359551,2.676833319608312,3.2894392427679104
new_preds,OFT-0295-00,fast,1910,4.54779966342915,0.9971910112359551,0.9971910112359551,2.5895635567104676,3.1044297679277704
new_preds,OFT-0295-00,slow,1911,4.391159814519247,0.9971910112359551,0.9971910112359551,2.9615887029560906,3.6619335217649303
new_preds,OFT-0295-00,medium,1912,4.813722627887718,0.9971910112359551,0.9971910112359551,2.7278660740104645,3.2766236133307785
new_preds,OFT-0296-00,medium,1913,4.766641817714222,0.9971910112359551,0.9971910112359551,2.6373992314580152,3.27604149156454
new_preds,OFT-0296-00,fast,1914,4.7993848272848965,0.9971910112359551,0.9971910112359551,2.5513624755104076,3.1665614653702603
new_preds,OFT-0296-00,slow,1915,4.629484540544076,0.9971910112359551,0.9971910112359551,2.712226213901531,3.3275449422524166
new_preds,OFT-0297-00,medium,1916,4.856622474011464,0.9971910112359551,0.9971910112359551,2.7935311349119165,3.3335388210756496
new_preds,OFT-0297-00,fast,1917,4.557332929803734,0.9971910112359551,0.9971910112359551,2.6107731268630134,3.1343883149005305
new_preds,OFT-0297-00,slow,1918,5.010724779707068,0.9971910112359551,0.9971910112359551,2.84914277688831,3.4116275201384783
new_preds,OFT-0298-00,fast,1919,4.999634183368795,0.9971910112359551,0.9971910112359551,2.498884079323009,3.170654314944079
new_preds,OFT-0298-00,medium,1920,5.149279815143855,0.9971910112359551,0.9971910112359551,2.548330341429914,3.1455191541891954
new_preds,OFT-0298-00,slow,1921,5.275831157146969,0.9971910112359551,0.9971910112359551,2.7634107002557164,3.4142471203050566
new_preds,OFT-0299-00,fast,1922,5.611811637769911,0.9971910112359551,0.9971910112359551,2.6215481003350667,3.274725448644202
new_preds,OFT-0299-00,slow,1923,4.815957335811195,0.9971910112359551,0.9971910112359551,2.818209541761953,3.4380645126148073
new_preds,OFT-0299-00,medium,1924,4.133340335983608,0.9971910112359551,0.9971910112359551,2.4718095742254267,2.9903280656707603
new_preds,OFT-0300-00,slow,1925,4.71377467873815,0.9971910112359551,0.9971910112359551,2.6795383587604635,3.342050636851523
new_preds,OFT-0300-00,fast,1926,4.579134837954874,0.9971910112359551,0.9971910112359551,2.45263101168638,3.0690493839450204
new_preds,OFT-0300-00,medium,1927,4.597063142192204,0.9971910112359551,0.9971910112359551,2.50281588320258,3.170703923117068
new_preds,OFT-0301-00,slow,1928,4.699750863429066,0.9971910112359551,0.9971910112359551,2.760860582195831,3.2811675342040774
new_preds,OFT-0301-00,medium,1929,5.339304406528295,0.9971910112359551,0.9971910112359551,2.6628619424414834,3.258063889259587
new_preds,OFT-0301-00,fast,1930,4.757741145225134,0.9971910112359551,0.9971910112359551,2.581301600658652,3.1585241311031074
new_preds,OFT-0302-00,slow,1931,5.066560884096906,0.9971910112359551,0.9971910112359551,2.7709640910514692,3.3970378134092147
new_preds,OFT-0302-00,medium,1932,5.047512323634524,0.9971910112359551,0.9971910112359551,2.610242875259224,3.25627175432489
new_preds,OFT-0302-00,fast,1933,4.619828852879471,0.9971910112359551,0.9971910112359551,2.5263764539089197,3.1306818277454904
new_preds,OFT-0303-00,fast,1934,4.617526945317444,0.9971910112359551,0.9971910112359551,2.4812037421978856,3.137405366902881
new_preds,OFT-0303-00,medium,1935,4.694911123452244,0.9971910112359551,0.9971910112359551,2.5501780183256795,3.1852590911907788
new_preds,OFT-0303-00,slow,1936,4.807068317420457,0.9971910112359551,0.9971910112359551,2.673635646865418,3.3535258624908253
new_preds,OFT-0304-00,slow,1937,4.714642987440448,0.9971910112359551,0.9971910112359551,2.546672604788494,3.150045899144557
new_preds,OFT-0304-00,medium,1938,4.777962892033982,0.9971910112359551,0.9971910112359551,2.4898637925635874,3.177112998737493
new_preds,OFT-0304-00,fast,1939,4.594315555678989,0.9971910112359551,0.9971910112359551,2.4445825009436204,3.0965976006460654
new_preds,OFT-0305-00,slow,1940,5.033089214345044,0.9971910112359551,0.9971910112359551,2.8267127199015416,3.4524164429147803
new_preds,OFT-0305-00,medium,1941,4.857618773022591,0.9971910112359551,0.9971910112359551,2.7760281336338792,3.3814734862101052
new_preds,OFT-0305-00,fast,1942,4.677868075761221,0.9971910112359551,0.9971910112359551,2.6020205323767045,3.2164775199601645
new_preds,OFT-0306-00,medium,1943,5.129116981108092,0.9971910112359551,0.9971910112359551,2.7606549644741323,3.395607509301947
new_preds,OFT-0306-00,fast,1944,4.974543271172879,0.9971910112359551,0.9971910112359551,2.6693138619171557,3.2751756536524157
new_preds,OFT-0306-00,slow,1945,4.39445979730514,0.9971910112359551,0.9971910112359551,2.6553076037035,3.3015457687826437
new_preds,OFT-0307-00,slow,1946,4.563955699344018,0.9971910112359551,0.9971910112359551,2.652337240611481,3.2402209784343454
new_preds,OFT-0307-00,medium,1947,4.883616573089076,0.9971910112359551,0.9971910112359551,2.742547227818561,3.3706473088671633
new_preds,OFT-0307-00,fast,1948,4.543563522836098,0.9971910112359551,0.9971910112359551,2.522041841376437,3.0989428813432682
new_preds,OFT-0308-00,slow,1949,4.99573353065244,0.9971910112359551,0.9971910112359551,2.75252961884818,3.381614436160643
new_preds,OFT-0308-00,fast,1950,4.947500808553342,0.9971910112359551,0.9971910112359551,2.5008461049250568,3.0479859445559616
new_preds,OFT-0308-00,medium,1951,4.7410717848309165,0.9971910112359551,0.9971910112359551,2.5175180433752624,3.038944826103005
new_preds,OFT-0309-00,slow,1952,4.6875339482337175,0.9971910112359551,0.9971910112359551,2.6528834679932007,3.236680390201992
new_preds,OFT-0309-00,medium,1953,5.010561882711938,0.9971910112359551,0.9971910112359551,2.6881735795816297,3.3455589713598615
new_preds,OFT-0309-00,fast,1954,4.605136675441826,0.9971910112359551,0.9971910112359551,2.5219374131550216,3.1159466188991947
new_preds,OFT-0310-00,slow,1955,5.301582272085748,0.9971910112359551,0.9971910112359551,2.776153530814571,3.376660762226851
new_preds,OFT-0310-00,medium,1956,4.730319651441285,0.9971910112359551,0.9971910112359551,2.589537547766232,3.2016722755156697
new_preds,OFT-0310-00,fast,1957,4.505613050612204,0.9971910112359551,0.9971910112359551,2.4756894830102163,3.076163689784025
new_preds,OFT-0311-00,slow,1958,4.852659984003166,0.9971910112359551,0.9971910112359551,2.6807241416023238,3.3184512111409563
new_preds,OFT-0311-00,fast,1959,4.887307175258196,0.9971910112359551,0.9971910112359551,2.5405079092777214,3.1774762259316027
new_preds,OFT-0311-00,medium,1960,5.154267537712378,0.9971910112359551,0.9971910112359551,2.601236881460586,3.275434796148349
new_preds,OFT-0312-00,fast,1961,4.863456378276077,0.9971910112359551,0.9971910112359551,2.52659706228336,3.195479185098476
new_preds,OFT-0312-00,medium,1962,4.8078285834452075,0.9971910112359551,0.9971910112359551,2.7057597920129592,3.319051615423256
new_preds,OFT-0312-00,slow,1963,5.217202002799969,0.9971910112359551,0.9971910112359551,2.752924903020724,3.329389440903832
new_preds,OFT-0313-00,fast,1964,4.642972496268646,0.9971910112359551,0.9971910112359551,2.5522584879147194,3.1261744504748585
new_preds,OFT-0313-00,medium,1965,4.890245932687594,0.9971910112359551,0.9971910112359551,2.594355772285969,3.0899126392317093
new_preds,OFT-0313-00,slow,1966,4.8288629545312975,0.9971910112359551,0.9971910112359551,2.478136836703394,3.0075181198394207
new_preds,OFT-0314-00,fast,1967,4.831634944621038,0.9971910112359551,0.9971910112359551,2.590870119668915,3.227704900076657
new_preds,OFT-0314-00,slow,1968,4.590246479702843,0.9971910112359551,0.9971910112359551,2.7987671664056593,3.38637469612797
new_preds,OFT-0314-00,medium,1969,5.037442386227181,0.9971910112359551,0.9971910112359551,2.7745353345861314,3.3625854111805307
new_preds,OFT-0315-00,fast,1970,4.8324894741241335,0.9971910112359551,0.9971910112359551,2.4992152088125987,3.1322616495801077
new_preds,OFT-0315-00,medium,1971,4.641930998454494,0.9971910112359551,0.9971910112359551,2.536529903701872,3.1277014065041366
new_preds,OFT-0315-00,slow,1972,5.303337902552819,0.9971910112359551,0.9971910112359551,2.6596385759216044,3.2635245342746573
new_preds,OFT-0316-00,fast,1973,4.785557928842519,0.9971910112359551,0.9971910112359551,2.4725015492834235,3.098060007434725
new_preds,OFT-0316-00,slow,1974,4.547933357631281,0.9971910112359551,0.9971910112359551,2.7482033806712156,3.382155864018028
new_preds,OFT-0316-00,medium,1975,4.97037540156526,0.9971910112359551,0.9971910112359551,2.642143617213999,3.321644855369841
new_preds,OFT-0317-00,fast,1976,5.015425903769565,0.9971910112359551,0.9971910112359551,2.6586701219514723,3.173985082618883
new_preds,OFT-0317-00,medium,1977,4.676495002151108,0.9971910112359551,0.9971910112359551,2.7428473417970944,3.31891696619751
new_preds,OFT-0317-00,slow,1978,4.9157954156084,0.9971910112359551,0.9971910112359551,2.755196918956498,3.336664988023848
new_preds,OFT-0318-00,medium,1979,4.674909027684247,0.9971910112359551,0.9971910112359551,2.6841311823548613,3.236520393906552
new_preds,OFT-0318-00,fast,1980,5.125357191326922,0.9971910112359551,0.9971910112359551,2.59585424752252,3.1801300540041604
new_preds,OFT-0318-00,slow,1981,4.931779785314219,0.9971910112359551,0.9971910112359551,2.7141132296001413,3.3355564921547547
new_preds,OFT-0319-00,fast,1982,4.719936844243441,0.9971910112359551,0.9971910112359551,2.5511214545402012,3.1861837031287807
new_preds,OFT-0319-00,slow,1983,4.81687200980368,0.9971910112359551,0.9971910112359551,2.7875186166876706,3.3353349475502934
new_preds,OFT-0319-00,medium,1984,4.86979980455388,0.9971910112359551,0.9971910112359551,2.640142959382062,3.24323850904487
new_preds,OFT-0320-00,medium,1985,4.808824834523751,0.9971910112359551,0.9971910112359551,2.7220020386844483,3.2804620387149033
new_preds,OFT-0320-00,fast,1986,4.969827282842327,0.9971910112359551,0.9971910112359551,2.596308650794661,3.1771290296957155
new_preds,OFT-0320-00,slow,1987,5.056358344637616,0.9971910112359551,0.9971910112359551,2.647005280668104,3.1802078466784884
new_preds,OFT-0321-00,fast,1988,4.787894456837219,0.9971910112359551,0.9971910112359551,2.5582959690819624,3.2014020249248527
new_preds,OFT-0321-00,medium,1989,5.068307380638375,0.9971910112359551,0.9971910112359551,2.7512198682148337,3.3519614194078695
new_preds,OFT-0321-00,slow,1990,4.961049174093016,0.9971910112359551,0.9971910112359551,2.791668604388797,3.428094996835532
new_preds,OFT-0322-00,medium,1991,5.186407606562509,0.9971910112359551,0.9971910112359551,2.656403496675097,3.2145501911551917
new_preds,OFT-0322-00,fast,1992,4.456391004138492,0.9971910112359551,0.9971910112359551,2.398293744269603,2.934098321997491
new_preds,OFT-0322-00,slow,1993,4.469856187731525,0.9971910112359551,0.9971910112359551,2.6685549799120425,3.2691859254576436
new_preds,OFT-0323-00,slow,1994,4.486041178966694,0.9971910112359551,0.9971910112359551,2.8278341573572976,3.49733701193847
new_preds,OFT-0323-00,medium,1995,5.129791316885476,0.9971910112359551,0.9971910112359551,2.743880795203247,3.3949714082209552
new_preds,OFT-0323-00,fast,1996,4.624090806562905,0.9971910112359551,0.9971910112359551,2.443942199046272,3.0159564065572813
new_preds,OFT-0324-00,fast,1997,4.815519281867831,0.9971910112359551,0.9971910112359551,2.5542809419079555,3.191081902208183
new_preds,OFT-0324-00,slow,1998,5.052340337186481,0.9971910112359551,0.9971910112359551,2.7769221684790786,3.3648817268450886
new_preds,OFT-0324-00,medium,1999,4.948322648160879,0.9971910112359551,0.9971910112359551,2.6904788610770414,3.296587411929325
new_preds,OFT-0325-00,fast,2000,4.889316426078388,0.9971910112359551,0.9971910112359551,2.6577583894335874,3.28969154998588
new_preds,OFT-0325-00,medium,2001,5.556989176247826,0.9971910112359551,0.9971910112359551,2.744528571402229,3.3635175990087385
new_preds,OFT-0325-00,slow,2002,4.4452862731263165,0.9971910112359551,0.9971910112359551,2.9093671300734547,3.4781140368679533
new_preds,OFT-0326-00,fast,2003,4.706584368416822,0.9971910112359551,0.9971910112359551,2.65504292006728,3.2494093461129663
new_preds,OFT-0326-00,slow,2004,4.713162898477911,0.9971910112359551,0.9971910112359551,2.856383416618542,3.5166563609651162
new_preds,OFT-0326-00,medium,2005,4.732082538031682,0.9971910112359551,0.9971910112359551,2.781206646305758,3.4160022305294655
new_preds,OFT-0327-00,medium,2006,4.778667743154328,0.9971910112359551,0.9971910112359551,2.547661145343629,3.1526015121554907
new_preds,OFT-0327-00,slow,2007,4.648960463797642,0.9971910112359551,0.9971910112359551,2.6841711080112782,3.2810754817186343
new_preds,OFT-0327-00,fast,2008,4.611982920703895,0.9971910112359551,0.9971910112359551,2.432820676224776,3.058927880365691
new_preds,OFT-0328-00,fast,2009,4.708078662098891,0.9971910112359551,0.9971910112359551,2.4877720285517366,3.2047530657376173
new_preds,OFT-0328-00,medium,2010,4.788517573357749,0.9971910112359551,0.9971910112359551,2.6339077231266774,3.23698316715354
new_preds,OFT-0328-00,slow,2011,4.801545200785406,0.9971910112359551,0.9971910112359551,2.629901814306054,3.123928166995671
new_preds,OFT-0329-00,fast,2012,4.780038295473331,0.9971910112359551,0.9971910112359551,2.5571919153191334,3.162839361760452
new_preds,OFT-0329-00,medium,2013,4.83044107063218,0.9971910112359551,0.9971910112359551,2.71568674167204,3.250504116346267
new_preds,OFT-0329-00,slow,2014,4.596562118783572,0.9971910112359551,0.9971910112359551,2.7603529084196174,3.295000723131881
new_preds,OFT-0330-00,fast,2015,4.878864749954063,0.9971910112359551,0.9971910112359551,2.6458882918791424,3.3159643213273093
new_preds,OFT-0330-00,medium,2016,4.776382047252917,0.9971910112359551,0.9971910112359551,2.637212968966551,3.204352059541334
new_preds,OFT-0331-00,fast,2018,4.373890283932601,0.9971910112359551,0.9971910112359551,2.265770601187791,2.8976156236662716
new_preds,OFT-0331-00,slow,2019,5.350430726832941,0.9971910112359551,0.9971910112359551,2.760668814383465,3.364793193241732
new_preds,OFT-0331-00,medium,2020,5.11990883670202,0.9971910112359551,0.9971910112359551,2.6269054061105472,3.2933834784185145
new_preds,OFT-0332-00,medium,2021,4.808448622843532,0.9971910112359551,0.9971910112359551,2.6859580962820124,3.2716091922479307
new_preds,OFT-0332-00,fast,2022,4.769646489444911,0.9971910112359551,0.9971910112359551,2.583751266343353,3.2141650818668803
new_preds,OFT-0332-00,slow,2023,4.749443880823953,0.9971910112359551,0.9971910112359551,2.73793930419476,3.3594903531367266
new_preds,OFT-0333-00,fast,2024,4.89666620441903,0.9971910112359551,0.9971910112359551,2.6815635647807885,3.2279588884103303
new_preds,OFT-0333-00,medium,2025,4.917182226796251,0.9971910112359551,0.9971910112359551,2.8330665228676324,3.366297138974923
new_preds,OFT-0333-00,slow,2026,4.57389447077533,0.9971910112359551,0.9971910112359551,2.4880564624263335,2.989852211754827
new_preds,OFT-0334-00,fast,2027,4.789463011038298,0.9971910112359551,0.9971910112359551,2.6016171473808476,3.2188955516522872
new_preds,OFT-0334-00,slow,2028,4.544181059609009,0.9971910112359551,0.9971910112359551,2.77562486062836,3.2691282388237313
new_preds,OFT-0334-00,medium,2029,4.696070007030373,0.9971910112359551,0.9971910112359551,2.554276105610693,3.032208978953589
new_preds,OFT-0335-00,fast,2030,4.907136735455384,0.9971910112359551,0.9971910112359551,2.6420454478998106,3.2251261932851993
new_preds,OFT-0335-00,slow,2031,5.3190100578403845,0.9971910112359551,0.9971910112359551,2.7362629716209925,3.392251473651694
new_preds,OFT-0335-00,medium,2032,4.8086667537506385,0.9971910112359551,0.9971910112359551,2.6927438512707216,3.2846113640414676
new_preds,OFT-0336-00,medium,2033,4.814953435448102,0.9971910112359551,0.9971910112359551,2.5601928460007595,3.147805150702473
new_preds,OFT-0336-00,fast,2034,4.771977328692274,0.9971910112359551,0.9971910112359551,2.478035326661333,3.082845917844446
new_preds,OFT-0336-00,slow,2035,4.522024446409318,0.9971910112359551,0.9971910112359551,2.642108875188417,3.2238894772905398
new_preds,OFT-0337-00,medium,2036,5.031265674058899,0.9971910112359551,0.9971910112359551,2.6614783466946315,3.311806203265239
new_preds,OFT-0337-00,fast,2037,4.62904594923022,0.9971910112359551,0.9971910112359551,2.410538992975516,3.034000679886672
new_preds,OFT-0337-00,slow,2038,4.786204322072798,0.9971910112359551,0.9971910112359551,2.7496605008480257,3.320035173838636
new_preds,OFT-0338-00,fast,2039,4.7707899028138305,0.9971910112359551,0.9971910112359551,2.70553353482426,3.31061903524885
new_preds,OFT-0338-00,medium,2040,4.728366937534803,0.9971910112359551,0.9971910112359551,2.807905454532196,3.3504320121347444
new_preds,OFT-0338-00,slow,2041,4.636409336284416,0.9971910112359551,0.9971910112359551,2.711061200990838,3.216008108813052
new_preds,OFT-0339-00,fast,2042,4.558888808912558,0.9971910112359551,0.9971910112359551,2.461618002580462,3.076686939980823
new_preds,OFT-0339-00,slow,2043,4.8299998640490625,0.9971910112359551,0.9971910112359551,2.900751185554753,3.471325396933907
new_preds,OFT-0339-00,medium,2044,4.7050228774460505,0.9971910112359551,0.9971910112359551,2.693619202517096,3.250428367394081
new_preds,OFT-0340-00,medium,2045,4.793387321298907,0.9971910112359551,0.9971910112359551,2.633383729625172,3.256487812247976
new_preds,OFT-0340-00,fast,2046,4.816142910585068,0.9971910112359551,0.9971910112359551,2.539440175501684,3.1706717476964474
new_preds,OFT-0340-00,slow,2047,4.597298164405841,0.9971910112359551,0.9971910112359551,2.6919798808164574,3.1995960409917847
new_preds,OFT-0341-00,fast,2048,5.037624775301944,0.9971910112359551,0.9971910112359551,2.65891743737199,3.300078403528703
new_preds,OFT-0341-00,slow,2049,4.76412685946333,0.9971910112359551,0.9971910112359551,2.8876561871300757,3.366843502236844
new_preds,OFT-0341-00,medium,2050,4.807687168934586,0.9971910112359551,0.9971910112359551,2.7540325741059677,3.35015981037482
new_preds,OFT-0342-00,fast,2051,4.730221983741691,0.9971910112359551,0.9971910112359551,2.559201661549638,3.1831160120369395
new_preds,OFT-0342-00,medium,2052,4.702493688636702,0.9971910112359551,0.9971910112359551,2.6452851145208793,3.242594201312889
new_preds,OFT-0342-00,slow,2053,4.930260229916441,0.9971910112359551,0.9971910112359551,2.79943516116067,3.3193755021199958
new_preds,OFT-0343-00,fast,2054,4.802265112592954,0.9971910112359551,0.9971910112359551,2.5963832541819976,3.176871236529425
new_preds,OFT-0343-00,slow,2055,4.800506202869795,0.9971910112359551,0.9971910112359551,2.749783977439043,3.3860455963335725
new_preds,OFT-0343-00,medium,2056,4.904121380946176,0.9971910112359551,0.9971910112359551,2.6610502976473245,3.276507905397718
new_preds,OFT-0344-00,fast,2057,5.331645420718567,0.9971910112359551,0.9971910112359551,2.642938728528864,3.256108041064926
new_preds,OFT-0344-00,medium,2058,4.936602141305912,0.9971910112359551,0.9971910112359551,2.5272868785324403,3.0558589164359535
new_preds,OFT-0344-00,slow,2059,4.920107187328683,0.9971910112359551,0.9971910112359551,2.732661166383513,3.2328580161723472
new_preds,OFT-0345-00,slow,2060,4.8998916048512555,0.9971910112359551,0.9971910112359551,2.7650236718142187,3.3286302648672437
new_preds,OFT-0345-00,medium,2061,4.751216132537627,0.9971910112359551,0.9971910112359551,2.759954523301454,3.280067236773146
new_preds,OFT-0345-00,fast,2062,4.775822890133623,0.9971910112359551,0.9971910112359551,2.642067199086204,3.164163909188607
new_preds,OFT-0346-00,fast,2063,4.86274841032248,0.9971910112359551,0.9971910112359551,2.62141445110315,3.157633770802639
new_preds,OFT-0346-00,medium,2064,4.770799661693468,0.9971910112359551,0.9971910112359551,2.437070166204882,2.8899176428326796
new_preds,OFT-0346-00,slow,2065,4.497059788902803,0.9971910112359551,0.9971910112359551,2.834934073948591,3.4300338623469786
new_preds,OFT-0347-00,medium,2066,4.945554956643883,0.9971910112359551,0.9971910112359551,2.538984944217981,3.165914424190597
new_preds,OFT-0347-00,slow,2067,4.769576098816267,0.9971910112359551,0.9971910112359551,2.5944101497395695,3.2641066382420596
new_preds,OFT-0347-00,fast,2068,4.866005787297998,0.9971910112359551,0.9971910112359551,2.500693663719129,3.1625560868895066
new_preds,OFT-0348-00,medium,2069,4.8435460121935785,0.9971910112359551,0.9971910112359551,2.7084031255720507,3.3370417527272975
new_preds,OFT-0348-00,fast,2070,4.49230830568022,0.9971910112359551,0.9971910112359551,2.48626120719766,3.030950411024146
new_preds,OFT-0348-00,slow,2071,4.460558427308066,0.9971910112359551,0.9971910112359551,2.763800763082421,3.2779997277058586
new_preds,OFT-0349-00,fast,2072,4.553788746708036,0.9971910112359551,0.9971910112359551,2.5118558001705407,3.035475408154495
new_preds,OFT-0349-00,slow,2073,5.241910724684526,0.9971910112359551,0.9971910112359551,2.830928183304342,3.4314488824847986
new_preds,OFT-0349-00,medium,2074,4.895839861523817,0.9971910112359551,0.9971910112359551,2.70407295895207,3.292986773655298
new_preds,OFT-0350-00,medium,2075,4.817797307023605,0.9971910112359551,0.9971910112359551,2.544065688344712,3.078550559244936
new_preds,OFT-0350-00,fast,2076,4.804896176953223,0.9971910112359551,0.9971910112359551,2.605780050227765,3.183483780914025
new_preds,OFT-0350-00,slow,2077,4.651471745688544,0.9971910112359551,0.9971910112359551,2.8242196259522494,3.3793299878885628
new_preds,OFT-0351-00,fast,2078,4.660225962176975,0.9971910112359551,0.9971910112359551,2.4769011212458807,3.1522024561627546
new_preds,OFT-0351-00,medium,2079,5.068717732651556,0.9971910112359551,0.9971910112359551,2.50115804883329,3.1902522717597197
new_preds,OFT-0351-00,slow,2080,5.113090269903869,0.9971910112359551,0.9971910112359551,2.6281466838191094,3.2343530071450854
new_preds,OFT-0352-00,slow,2081,4.651276185432904,0.9971910112359551,0.9971910112359551,2.766068486495541,3.239222817807661
new_preds,OFT-0352-00,medium,2082,4.581124017702357,0.9971910112359551,0.9971910112359551,2.5102400144179247,3.2053346069084476
new_preds,OFT-0352-00,fast,2083,5.087067243988718,0.9971910112359551,0.9971910112359551,2.635750660642089,3.221314638262833
new_preds,OFT-0353-00,fast,2084,4.897481690707513,0.9971910112359551,0.9971910112359551,2.5701109058084226,3.2124346744922407
new_preds,OFT-0353-00,slow,2085,4.87827857075877,0.9971910112359551,0.9971910112359551,2.833846164240685,3.5092457832878976
new_preds,OFT-0353-00,medium,2086,5.2483551679855225,0.9971910112359551,0.9971910112359551,2.710379167250348,3.3269526791728845
new_preds,OFT-0354-00,fast,2087,4.690061997272477,0.9971910112359551,0.9971910112359551,2.617097138917071,3.287958808894729
new_preds,OFT-0354-00,medium,2088,4.570480636766178,0.9971910112359551,0.9971910112359551,2.5697680464019315,3.0652259027429
new_preds,OFT-0354-00,slow,2089,5.886082741495487,0.9971910112359551,0.9971910112359551,2.7845780627672334,3.3647310884122272
new_preds,OFT-0355-00,fast,2090,4.847205242683704,0.9971910112359551,0.9971910112359551,2.434118412443912,3.1447016261137724
new_preds,OFT-0355-00,slow,2091,5.082284741332683,0.9971910112359551,0.9971910112359551,2.7809695021793095,3.417196880277067
new_preds,OFT-0355-00,medium,2092,4.630905557943689,0.9971910112359551,0.9971910112359551,2.5369051911254816,3.202321079826477
new_preds,OFT-0356-00,fast,2093,4.734932816271087,0.9971910112359551,0.9971910112359551,2.455281104376999,3.1613536479906434
new_preds,OFT-0356-00,slow,2094,4.957374755882872,0.9971910112359551,0.9971910112359551,2.731336588848524,3.3992490591182776
new_preds,OFT-0356-00,medium,2095,5.092695958857431,0.9971910112359551,0.9971910112359551,2.538804011705299,3.2480309013641793
new_preds,OFT-0357-00,fast,2096,4.888203073575317,0.9971910112359551,0.9971910112359551,2.577095930640316,3.1914356452429757
new_preds,OFT-0357-00,slow,2097,5.085819723111394,0.9971910112359551,0.9971910112359551,2.8077680025905467,3.305234535451268
new_preds,OFT-0357-00,medium,2098,5.076644249218565,0.9971910112359551,0.9971910112359551,2.724415932322717,3.2789928386013476
new_preds,OFT-0358-00,slow,2099,4.93042005104386,0.9971910112359551,0.9971910112359551,2.754692425445786,3.376848472887289
new_preds,OFT-0358-00,fast,2100,4.620854975573753,0.9971910112359551,0.9971910112359551,2.524923385262632,3.154787518298327
new_preds,OFT-0358-00,medium,2101,4.762930684868875,0.9971910112359551,0.9971910112359551,2.60243187462061,3.190833039655402
new_preds,OFT-0359-00,fast,2102,4.485834116517541,0.9971910112359551,0.9971910112359551,2.4444712903492074,2.9677687619041113
new_preds,OFT-0359-00,medium,2103,4.638204945788757,0.9971910112359551,0.9971910112359551,2.647572303177388,3.246622878951922
new_preds,OFT-0359-00,slow,2104,4.540330716411539,0.9971910112359551,0.9971910112359551,2.7897047268251445,3.3942524776311225
