group,subject,speed_bin,model_index,peak_log_gain,peak_frequency,peak_stride_multiple,mean_log_gain,band_0p75_2x_log_gain
Cntnap_het,OFT-0366-00,slow,1,4.076263062099591,0.9971910112359551,0.9971910112359551,2.584283485705771,3.1336651684226116
Cntnap_het,OFT-0366-00,medium,2,4.098429920876433,0.9971910112359551,0.9971910112359551,2.5123593535453406,3.1502222517388465
Cntnap_het,OFT-0366-00,fast,3,4.306052215944648,0.9971910112359551,0.9971910112359551,2.534639583250554,3.215169409071851
Cntnap_het,OFT-0371-00,fast,4,4.518156656331857,0.9971910112359551,0.9971910112359551,2.5587440514712347,3.132811081496439
Cntnap_het,OFT-0371-00,medium,5,4.221817877341572,0.9971910112359551,0.9971910112359551,2.562784049251513,3.1742823116370937
Cntnap_het,OFT-0371-00,slow,6,4.365747580567386,1.103932584269663,1.103932584269663,2.6209519128040952,3.204381360453477
Cntnap_het,OFT-0376-00,fast,7,4.329599646716647,0.9971910112359551,0.9971910112359551,2.6004646453546263,3.279193876813395
Cntnap_het,OFT-0376-00,medium,8,4.23622730722152,0.9971910112359551,0.9971910112359551,2.585510143710668,3.1823754424576327
Cntnap_het,OFT-0376-00,slow,9,3.9408753400178145,0.9971910112359551,0.9971910112359551,2.6294412282235333,3.1115434774388637
Cntnap_het,OFT-0385-00,medium,10,4.313306863282555,1.050561797752809,1.050561797752809,2.6350494306651338,3.2398472219103507
Cntnap_het,OFT-0385-00,fast,11,4.326901070518771,0.9971910112359551,0.9971910112359551,2.554712647529275,3.2138051161902332
Cntnap_het,OFT-0385-00,slow,12,4.756437013147486,1.9578651685393258,1.9578651685393258,2.549680126307117,3.0689362999465373
Cntnap_het,OFT-0391-00,slow,13,4.213940180093962,0.9971910112359551,0.9971910112359551,2.611717445530821,3.182389249654738
Cntnap_het,OFT-0391-00,fast,14,4.391561226259569,0.9971910112359551,0.9971910112359551,2.4886593690962853,3.176759806887779
Cntnap_het,OFT-0391-00,medium,15,4.431064505336113,0.9971910112359551,0.9971910112359551,2.558873329583434,3.202061014257554
Cntnap_het,OFT-0403-00,medium,16,4.557912718844495,0.9971910112359551,0.9971910112359551,2.44826537792206,3.1896538217062074
Cntnap_het,OFT-0403-00,fast,17,4.621853172442207,0.9971910112359551,0.9971910112359551,2.4773245845107894,3.0759997884299337
Cntnap_het,OFT-0403-00,slow,18,4.1584636669216914,0.9971910112359551,0.9971910112359551,2.6103627750981198,3.2651749562554766
Cntnap_het,OFT-0407-00,fast,19,4.476695055124081,0.9971910112359551,0.9971910112359551,2.487414110000183,3.181000461462842
Cntnap_het,OFT-0407-00,medium,20,4.614224517010183,0.9971910112359551,0.9971910112359551,2.486383136806975,3.1131663059627668
Cntnap_het,OFT-0407-00,slow,21,3.90194126323698,0.9971910112359551,0.9971910112359551,2.5622076100589335,3.156026360358652
Cntnap_het,OFT-0419-00,fast,22,4.646466554568085,0.9971910112359551,0.9971910112359551,2.5176455102918367,3.2499703687076096
Cntnap_het,OFT-0419-00,slow,23,3.9941950205757495,0.9971910112359551,0.9971910112359551,2.6246756983707744,3.054477741862121
Cntnap_het,OFT-0419-00,medium,24,4.349491094994293,0.9971910112359551,0.9971910112359551,2.5900289212862857,3.1691940554165634
Cntnap_het,OFT-0420-00,medium,25,4.818713188644862,0.9971910112359551,0.9971910112359551,2.58372507802462,3.3446383313847194
Cntnap_het,OFT-0420-00,fast,26,5.80884002520841,0.9971910112359551,0.9971910112359551,2.672532854999642,3.3420076105944565
Cntnap_het,OFT-0420-00,slow,27,3.861472852433194,0.9971910112359551,0.9971910112359551,2.6912816655271006,3.0926774072697136
Cntnap_het,OFT-0421-00,slow,28,4.108795715091787,1.050561797752809,1.050561797752809,2.658947537942874,3.290441501583749
Cntnap_het,OFT-0421-00,fast,29,4.3568559794487625,0.9971910112359551,0.9971910112359551,2.5818885774187423,3.2561871659473582
Cntnap_het,OFT-0421-00,medium,30,4.5309445648591415,0.9971910112359551,0.9971910112359551,2.573069594035758,3.1967386352238867
Cntnap_het,OFT-0423-00,slow,31,4.208317771830942,0.9971910112359551,0.9971910112359551,2.5541801750239657,3.1033675963842886
Cntnap_het,OFT-0423-00,fast,32,4.373884387830523,0.9971910112359551,0.9971910112359551,2.608163185871113,3.2527098641088115
Cntnap_het,OFT-0423-00,medium,33,4.237510340851236,0.9971910112359551,0.9971910112359551,2.579769131060383,3.1485852349345067
Cntnap_het,OFT-0425-00,slow,34,4.026895251492648,0.9971910112359551,0.9971910112359551,2.55772302587262,3.147846581310745
Cntnap_het,OFT-0425-00,fast,35,4.387299429764789,0.9971910112359551,0.9971910112359551,2.6486658969493786,3.2483339881755278
Cntnap_het,OFT-0425-00,medium,36,4.343320523836219,0.9971910112359551,0.9971910112359551,2.5246228578596055,3.0960981169863397
Cntnap_het,OFT-0428-00,slow,37,4.206983787744571,0.9971910112359551,0.9971910112359551,2.598636147877583,3.144935202376089
Cntnap_het,OFT-0428-00,medium,38,4.52592377776695,0.988061797752809,1.3174157303370786,2.811833129934556,3.2441530072014078
Cntnap_het,OFT-0428-00,fast,39,4.38384477136148,0.988061797752809,1.3174157303370786,2.8097055579878525,3.3368954608875088
Cntnap_het,OFT-0430-00,fast,40,5.424768276303835,0.9971910112359551,0.9971910112359551,2.515885421555259,3.2380356346629857
Cntnap_het,OFT-0430-00,medium,41,4.37188678178484,0.9971910112359551,0.9971910112359551,2.5304476634865973,3.1382451118510155
Cntnap_het,OFT-0430-00,slow,42,4.067121629558622,0.9971910112359551,0.9971910112359551,2.504865138194486,3.177011290163817
Cntnap_het,OFT-0431-00,medium,43,4.294047673919505,0.9971910112359551,0.9971910112359551,2.6184581980848165,3.208292593236035
Cntnap_het,OFT-0431-00,slow,44,4.100416915609948,0.9971910112359551,0.9971910112359551,2.5546323521560277,3.089987397476292
Cntnap_het,OFT-0431-00,fast,45,4.077791732423142,0.9971910112359551,0.9971910112359551,2.5941767487065412,3.1584935479589613
Cntnap_het,OFT-0432-00,fast,46,4.3509843031472615,0.9971910112359551,0.9971910112359551,2.50578234070887,3.1609663132070667
Cntnap_het,OFT-0432-00,slow,47,4.395728545069083,0.9971910112359551,0.9971910112359551,2.6758810085905296,3.2365824892513473
Cntnap_het,OFT-0432-00,medium,48,4.1077664449947004,0.9438202247191011,0.9438202247191011,2.5928140608489123,3.2321903749557293
Cntnap_het,OFT-0434-00,medium,49,4.190703458266148,0.9971910112359551,0.9971910112359551,2.588441610929041,3.224563134675183
Cntnap_het,OFT-0434-00,fast,50,4.404649184800154,0.9971910112359551,0.9971910112359551,2.5530091683998406,3.175191816594782
Cntnap_het,OFT-0434-00,slow,51,3.993104707689925,0.9971910112359551,0.9971910112359551,2.4931689109347355,2.992100821390747
Cntnap_het,OFT-0436-00,fast,52,4.226974690470529,0.9971910112359551,0.9971910112359551,2.451693772919934,3.052434179678346
Cntnap_het,OFT-0436-00,slow,53,5.036032555065261,1.9578651685393258,1.9578651685393258,2.809457105028587,3.4138297114007545
Cntnap_het,OFT-0436-00,medium,54,4.180404117797516,0.9971910112359551,0.9971910112359551,2.6594564889310806,3.2599910835865447
Cntnap_het,OFT-0439-00,fast,55,4.410848177998597,0.9971910112359551,0.9971910112359551,2.4209821011977994,3.1398389516266967
Cntnap_het,OFT-0439-00,medium,56,4.466415022214733,0.9971910112359551,0.9971910112359551,2.6351944160288134,3.1362701029897724
Cntnap_het,OFT-0439-00,slow,57,4.637504570796288,0.25,0.25,2.7210215331343797,3.2391604841831843
Cntnap_het,OFT-0442-00,fast,58,4.374310208038118,0.9971910112359551,0.9971910112359551,2.519331171633593,3.2225141212582824
Cntnap_het,OFT-0442-00,medium,59,4.243338937748623,0.9971910112359551,0.9971910112359551,2.560862930678728,3.103786388638574
Cntnap_het,OFT-0442-00,slow,60,4.298161825232341,0.9971910112359551,0.9971910112359551,2.5907665214750084,3.225546576135962
Cntnap_het,OFT-0443-00,fast,61,4.659227083495385,0.9971910112359551,0.9971910112359551,2.634441636888972,3.3060619158580393
Cntnap_het,OFT-0443-00,slow,62,4.212943154261811,0.9971910112359551,0.9971910112359551,2.7357006915444453,3.218508289971025
Cntnap_het,OFT-0443-00,medium,63,4.032262159465207,0.9971910112359551,0.9971910112359551,2.668084766430474,3.2006330654006887
Cntnap_het,OFT-0444-00,fast,64,4.27387629488543,0.9971910112359551,0.9971910112359551,2.5311130632647547,3.1397616754765805
Cntnap_het,OFT-0444-00,medium,65,4.202682397199116,0.9971910112359551,0.9971910112359551,2.656534599964538,3.2074038236712026
Cntnap_het,OFT-0444-00,slow,66,4.494944992910395,0.9971910112359551,0.9971910112359551,2.676495854369562,3.173830945461155
Cntnap_het,OFT-0446-00,fast,67,4.288551682971117,0.9971910112359551,0.9971910112359551,2.491942911925717,3.1687747637554633
Cntnap_het,OFT-0446-00,medium,68,4.243061925409944,0.9971910112359551,0.9971910112359551,2.5990909508186792,3.141775998980323
Cntnap_het,OFT-0446-00,slow,69,4.105525132526031,0.9971910112359551,0.9971910112359551,2.5417934501158572,3.0603441260518904
Cntnap_het,OFT-0447-00,fast,70,4.275947850709555,0.9971910112359551,0.9971910112359551,2.511052245680499,3.189084915832611
Cntnap_het,OFT-0447-00,medium,71,4.361256309461684,0.9971910112359551,0.9971910112359551,2.587085221353744,3.211604383242062
Cntnap_het,OFT-0447-00,slow,72,4.103706636075388,0.9971910112359551,0.9971910112359551,2.723896815390505,3.2666482625078133
Cntnap_het,OFT-0448-00,fast,73,4.547524320580042,0.9971910112359551,0.9971910112359551,2.567922268769096,3.1811368375277884
Cntnap_het,OFT-0448-00,slow,74,4.029232951990676,1.050561797752809,1.050561797752809,2.6831205195836287,3.2816747041300154
Cntnap_het,OFT-0448-00,medium,75,4.075310321631286,0.9971910112359551,0.9971910112359551,2.5567730723407545,3.2127285904338594
Cntnap_het,OFT-0450-00,fast,76,4.274413372008401,0.9971910112359551,0.9971910112359551,2.59721738987424,3.2361985007139284
Cntnap_het,OFT-0450-00,medium,77,4.2631312773182115,0.9971910112359551,0.9971910112359551,2.609161176635091,3.2043273278448385
Cntnap_het,OFT-0450-00,slow,78,4.330093207235711,0.9971910112359551,0.9971910112359551,2.4737913081853673,2.9930312324801354
Cntnap_het,OFT-0452-00,fast,79,4.461691472527653,0.9971910112359551,0.9971910112359551,2.379355202437462,3.151115926154476
Cntnap_het,OFT-0452-00,slow,80,4.181424140414322,0.9971910112359551,0.9971910112359551,2.55522775953649,3.1938980794783607
Cntnap_het,OFT-0452-00,medium,81,4.106090700299503,0.9971910112359551,0.9971910112359551,2.5286043834162157,3.275131764316324
Cntnap_het,OFT-0454-00,medium,82,4.172208347382946,0.9971910112359551,0.9971910112359551,2.630748516963375,3.2614205894789197
Cntnap_het,OFT-0454-00,slow,83,3.9421289113015483,0.9971910112359551,0.9971910112359551,2.6250743449524743,3.1808352135193902
Cntnap_het,OFT-0454-00,fast,84,4.343001194976481,0.9971910112359551,0.9971910112359551,2.4547938915075846,3.0269500054538967
Cntnap_het,OFT-0492-00,slow,85,3.997107721970386,0.9971910112359551,0.9971910112359551,2.574505239456464,3.0650531907090937
Cntnap_het,OFT-0492-00,medium,86,4.129765739402426,0.9971910112359551,0.9971910112359551,2.54360576703371,3.16934099641697
Cntnap_het,OFT-0492-00,fast,87,4.539924595855353,0.9971910112359551,0.9971910112359551,2.500799712741345,3.1326105575267102
Cntnap_het,OFT-0493-00,slow,88,4.127773613479885,0.9971910112359551,0.9971910112359551,2.6417863432466873,3.178955276694219
Cntnap_het,OFT-0493-00,fast,89,4.204290969562569,0.9971910112359551,0.9971910112359551,2.4431113834357485,3.1641449653602445
Cntnap_het,OFT-0493-00,medium,90,4.363137043590886,0.9971910112359551,0.9971910112359551,2.6232155698341018,3.2911187490113556
Cntnap_het,OFT-0494-00,slow,91,3.960008953613004,0.9971910112359551,0.9971910112359551,2.63114571652029,3.14749651404853
Cntnap_het,OFT-0494-00,medium,92,4.272072170898328,0.9971910112359551,0.9971910112359551,2.5858281618727545,3.202086055124204
Cntnap_het,OFT-0494-00,fast,93,4.317494511883248,0.9971910112359551,0.9971910112359551,2.5072949672829665,3.2127632470330334
Cntnap_het,OFT-0496-00,medium,94,4.239182509180755,0.9971910112359551,0.9971910112359551,2.655856164823195,3.2493257551505157
Cntnap_het,OFT-0496-00,fast,95,4.21542738614445,0.9971910112359551,0.9971910112359551,2.5286474667057095,3.1295781566998024
Cntnap_het,OFT-0496-00,slow,96,5.076275541611541,0.9971910112359551,0.9971910112359551,2.6413238086772184,3.2353662266392136
Cntnap_het,OFT-0498-00,fast,97,4.485805208254446,0.9971910112359551,0.9971910112359551,2.5648232139260694,3.13553684431189
Cntnap_het,OFT-0498-00,medium,98,4.362303402096838,0.9971910112359551,0.9971910112359551,2.5633234766262656,3.1223816738225496
Cntnap_het,OFT-0498-00,slow,99,3.91292709674021,0.9971910112359551,0.9971910112359551,2.6184688375476557,3.1151138909487783
Cntnap_het,OFT-0499-00,fast,100,4.464724397331891,0.9971910112359551,0.9971910112359551,2.5080335184000435,3.1681229421563084
Cntnap_het,OFT-0499-00,medium,101,4.4172526591146255,0.9971910112359551,0.9971910112359551,2.6236545015629704,3.2289182471657996
Cntnap_het,OFT-0499-00,slow,102,3.912240823062854,0.9971910112359551,0.9971910112359551,2.591725333736762,3.192976249332827
Cntnap_het,OFT-0500-00,fast,103,4.210121497227262,0.9971910112359551,0.9971910112359551,2.5890790105837387,3.221800182422961
Cntnap_het,OFT-0500-00,medium,104,4.226403063054797,0.9971910112359551,0.9971910112359551,2.616736568361736,3.2405309947438523
Cntnap_het,OFT-0500-00,slow,105,4.045795345041372,0.9971910112359551,0.9971910112359551,2.6169037815212013,3.1638464937158775
Cntnap_het,OFT-0501-00,medium,106,4.296987894148484,0.9971910112359551,0.9971910112359551,2.611711683197353,3.249935430553305
Cntnap_het,OFT-0501-00,fast,107,4.338510460487331,0.9971910112359551,0.9971910112359551,2.4801889809333617,3.118581462697938
Cntnap_het,OFT-0501-00,slow,108,4.00972607601681,1.103932584269663,1.103932584269663,2.5944141490078416,3.1453638154940458
Cntnap_het,OFT-0502-00,fast,109,4.578409554605839,0.9971910112359551,0.9971910112359551,2.5493643535265886,3.2153334861353735
Cntnap_het,OFT-0502-00,medium,110,4.4404060844782345,0.4101123595505618,0.4101123595505618,2.5430256116657097,3.1307972340886843
Cntnap_het,OFT-0502-00,slow,111,3.9479836289927186,0.9438202247191011,0.9438202247191011,2.622812636354375,3.2668911625382338
Cntnap_het,OFT-0503-00,fast,112,4.078697534795461,0.9971910112359551,0.9971910112359551,2.5325103322850504,3.191965905059411
Cntnap_het,OFT-0503-00,slow,113,4.061276374823495,0.9971910112359551,0.9971910112359551,2.613828216361428,3.186231998157401
Cntnap_het,OFT-0503-00,medium,114,4.137176863630345,2.0112359550561796,2.0112359550561796,2.6245968640274526,3.226344077500602
Cntnap_het,OFT-0505-00,slow,115,4.057183411734521,0.9971910112359551,0.9971910112359551,2.6715630311891045,3.029362858713581
Cntnap_het,OFT-0505-00,fast,116,4.11786864322284,0.9971910112359551,0.9971910112359551,2.573073938669217,3.159943431033014
Cntnap_het,OFT-0505-00,medium,117,4.450860634619946,0.9971910112359551,0.9971910112359551,2.603806715510073,3.1827690019194246
Cntnap_het,OFT-0506-00,medium,118,4.467394939054698,0.9971910112359551,0.9971910112359551,2.59207227850794,3.2202747569394337
Cntnap_het,OFT-0506-00,fast,119,4.3398959724773505,0.9971910112359551,0.9971910112359551,2.400684019278067,3.0952306131771916
Cntnap_het,OFT-0506-00,slow,120,4.15839730061781,0.9438202247191011,0.9438202247191011,2.587475472138287,3.1752087357537273
Cntnap_het,OFT-0507-00,fast,121,4.210367187252595,0.9971910112359551,0.9971910112359551,2.4830345782571497,3.18953290723982
Cntnap_het,OFT-0507-00,slow,122,3.9507720725753623,0.9971910112359551,0.9971910112359551,2.5591455698776553,3.066140961125402
Cntnap_het,OFT-0507-00,medium,123,4.043644001138932,0.9971910112359551,0.9971910112359551,2.4741931626077185,3.1555973608543675
Cntnap_het,OFT-0508-00,fast,124,4.182981902875253,0.9971910112359551,0.9971910112359551,2.577329469719433,3.167503071928373
Cntnap_het,OFT-0508-00,slow,125,4.1462490146743525,0.9971910112359551,0.9971910112359551,2.6144868894158213,3.1772511653544266
Cntnap_het,OFT-0508-00,medium,126,4.0941748713801305,1.050561797752809,1.050561797752809,2.613383942644487,3.1773274928700475
Cntnap_het,OFT-0510-00,fast,127,4.288648449578062,0.9971910112359551,0.9971910112359551,2.520294690078886,3.131495579086277
Cntnap_het,OFT-0510-00,slow,128,3.890079211223548,0.9971910112359551,0.9971910112359551,2.597276448149124,3.134255917629777
Cntnap_het,OFT-0510-00,medium,129,4.310139254266031,0.9971910112359551,0.9971910112359551,2.5013224371757214,3.119443234461204
Cntnap_het,OFT-0511-00,fast,130,4.325777206353122,0.9971910112359551,0.9971910112359551,2.541270388252288,3.13646821921856
Cntnap_het,OFT-0511-00,slow,131,4.450361780522263,0.9971910112359551,0.9971910112359551,2.6885094901913082,3.3278881379614176
Cntnap_het,OFT-0511-00,medium,132,4.3722988498461355,0.9971910112359551,0.9971910112359551,2.602971143185343,3.1957792146447006
Cntnap_het,OFT-0516-00,slow,133,3.947491882829547,0.9438202247191011,0.9438202247191011,2.6243010395370665,3.1062341063094188
Cntnap_het,OFT-0516-00,fast,134,4.355134835784526,0.9971910112359551,0.9971910112359551,2.542111858554078,3.1736174326903774
Cntnap_het,OFT-0516-00,medium,135,4.499011488973316,0.9971910112359551,0.9971910112359551,2.569557369127686,3.136744076116276
Cntnap_het,OFT-0519-00,slow,136,4.085516003680139,0.9971910112359551,0.9971910112359551,2.593569870499155,3.203819063759095
Cntnap_het,OFT-0519-00,fast,137,4.221719376798755,0.9971910112359551,0.9971910112359551,2.4670185403972704,3.073748866272223
Cntnap_het,OFT-0519-00,medium,138,4.155781615438957,0.9971910112359551,0.9971910112359551,2.523050132699713,3.2418198529864286
Cntnap_het,OFT-0520-00,medium,139,4.123688752965897,0.9971910112359551,0.9971910112359551,2.6487259642383933,3.300461127180993
Cntnap_het,OFT-0520-00,fast,140,4.364681872174713,0.9971910112359551,0.9971910112359551,2.5552079331838398,3.234802459293092
Cntnap_het,OFT-0520-00,slow,141,4.730380760104036,0.9971910112359551,0.9971910112359551,2.665771744102366,3.2596617243996002
Cntnap_het,OFT-0523-00,slow,142,4.020963842912541,0.9971910112359551,0.9971910112359551,2.601253314918602,3.17280654061478
Cntnap_het,OFT-0523-00,fast,143,4.490089677653608,0.9971910112359551,0.9971910112359551,2.465604279057308,3.1294445024616064
Cntnap_het,OFT-0523-00,medium,144,4.3003624008023165,0.9971910112359551,0.9971910112359551,2.5482038855875824,3.1104114588888807
Cntnap_het,OFT-0529-00,medium,145,4.011647768447118,0.9971910112359551,0.9971910112359551,2.5915207269442186,3.086096215365218
Cntnap_het,OFT-0529-00,fast,146,4.109511328908993,0.9971910112359551,0.9971910112359551,2.57319179261662,3.166809290178179
Cntnap_het,OFT-0529-00,slow,147,4.067153672051556,1.103932584269663,1.103932584269663,2.67415549763954,3.130105013388154
Cntnap_het,OFT-0534-00,fast,148,4.244375302536021,0.9971910112359551,0.9971910112359551,2.494562715850519,3.1737414431076543
Cntnap_het,OFT-0534-00,medium,149,4.113534083268986,0.9971910112359551,0.9971910112359551,2.5846657590091646,3.1528990254405866
Cntnap_het,OFT-0534-00,slow,150,4.198803861205797,0.9971910112359551,0.9971910112359551,2.5597983562637547,3.0638281912388767
Cntnap_het,OFT-0539-00,fast,151,4.426315759666482,0.9971910112359551,0.9971910112359551,2.481965932971728,3.135469652940556
Cntnap_het,OFT-0539-00,slow,152,4.1649778464935805,2.0112359550561796,2.0112359550561796,2.7359269252193075,3.2320781823379403
Cntnap_het,OFT-0539-00,medium,153,4.071824664008038,0.9971910112359551,0.9971910112359551,2.6110189062494755,3.206814492496303
Cntnap_het,OFT-0542-00,fast,154,4.218164717200516,0.9971910112359551,0.9971910112359551,2.5263176886388883,3.0486283705223767
Cntnap_het,OFT-0542-00,medium,155,4.165824373684215,0.9971910112359551,0.9971910112359551,2.6691966859548306,3.214717425382299
Cntnap_het,OFT-0542-00,slow,156,5.317235317302532,0.9971910112359551,0.9971910112359551,2.572696074734035,3.1410714649829052
Cntnap_het,OFT-0586-00,slow,157,4.3076399181081335,0.9971910112359551,0.9971910112359551,2.5973195209126985,3.143031145449148
Cntnap_het,OFT-0586-00,medium,158,4.182905880320233,0.9971910112359551,0.9971910112359551,2.5464984006666316,3.230217566182808
Cntnap_het,OFT-0586-00,fast,159,4.597990841335042,0.9971910112359551,0.9971910112359551,2.5796411025177837,3.2961317791611817
Cntnap_het,OFT-0597-00,medium,160,4.038586560176944,0.9971910112359551,0.9971910112359551,2.6219912267633734,3.1864144825527037
Cntnap_het,OFT-0597-00,fast,161,4.142948961864141,0.9971910112359551,0.9971910112359551,2.451281324449533,3.1483405579709034
Cntnap_het,OFT-0597-00,slow,162,4.196515772422915,0.9971910112359551,0.9971910112359551,2.645468410957455,3.0926897100219146
Cntnap_het,OFT-0607-00,medium,163,4.134708593736224,0.9971910112359551,0.9971910112359551,2.4275850780125867,2.9985666844701924
Cntnap_het,OFT-0607-00,fast,164,4.472037083547636,0.9971910112359551,0.9971910112359551,2.5071265300466035,3.19432229146164
Cntnap_het,OFT-0607-00,slow,165,4.579279718984604,0.9971910112359551,0.9971910112359551,2.6890699630756556,3.178193394544834
Cntnap_het,OFT-0611-00,fast,166,4.2955599660445225,0.9971910112359551,0.9971910112359551,2.3964636014316474,3.070150748087832
Cntnap_het,OFT-0611-00,medium,167,4.727887688825314,0.9971910112359551,0.9971910112359551,2.5876436367732363,3.2042580144405894
Cntnap_het,OFT-0611-00,slow,168,3.901622993995786,0.9971910112359551,0.9971910112359551,2.645688441254062,3.1633970130626134
Cntnap_het,OFT-0641-00,slow,169,4.228506044667913,0.9971910112359551,0.9971910112359551,2.622641698021119,3.2117375770421885
Cntnap_het,OFT-0641-00,medium,170,4.049433977428388,0.9971910112359551,0.9971910112359551,2.497580042883427,3.175682366064406
Cntnap_het,OFT-0641-00,fast,171,4.698337224216004,0.9971910112359551,0.9971910112359551,2.486839112945975,3.191811181698731
Cntnap_het,OFT-0643-00,slow,172,4.113642905823747,0.9971910112359551,0.9971910112359551,2.60094109011468,3.1525608348079412
Cntnap_het,OFT-0643-00,medium,173,4.2055987091262335,0.9971910112359551,0.9971910112359551,2.573431143272731,3.241958905180305
Cntnap_het,OFT-0643-00,fast,174,4.493338733166969,0.9971910112359551,0.9971910112359551,2.579790410831207,3.2283835207842655
Cntnap_het,OFT-0644-00,slow,175,5.145747122917332,2.0112359550561796,2.0112359550561796,2.635415246718514,3.1902998354788616
Cntnap_het,OFT-0644-00,medium,176,4.091046946248135,0.9438202247191011,0.9438202247191011,2.6086041349158915,3.3056925535178716
Cntnap_het,OFT-0644-00,fast,177,4.4629325463987986,0.9971910112359551,0.9971910112359551,2.4902179430175186,3.185199089662626
Cntnap_het,OFT-0645-00,fast,178,4.4430725701415925,0.9971910112359551,0.9971910112359551,2.392599552129901,3.1361461995658466
Cntnap_het,OFT-0645-00,medium,179,4.1008596966877136,0.9971910112359551,0.9971910112359551,2.5177831611228427,3.2028784872357976
Cntnap_het,OFT-0645-00,slow,180,4.268345044037669,0.9971910112359551,0.9971910112359551,2.611721627239936,3.2953788187923685
Cntnap_het,OFT-0652-00,medium,181,4.06377866827872,0.9971910112359551,0.9971910112359551,2.5827382402474734,3.1798363459203443
Cntnap_het,OFT-0652-00,slow,182,4.138288628265109,0.9971910112359551,0.9971910112359551,2.607675277381778,3.1988732722105953
Cntnap_het,OFT-0652-00,fast,183,4.2424351186508815,0.9971910112359551,0.9971910112359551,2.4813256816177183,3.2228519312618253
Cntnap_het,OFT-0653-00,slow,184,4.084265667522509,1.050561797752809,1.050561797752809,2.7096984065166345,3.2568397652147074
Cntnap_het,OFT-0653-00,fast,185,4.361740739953207,0.9971910112359551,0.9971910112359551,2.3849701682661038,3.1014550407975525
Cntnap_het,OFT-0653-00,medium,186,3.957023581199717,0.9438202247191011,0.9438202247191011,2.6475254805515127,3.2296509470186705
Cntnap_het,OFT-0654-00,medium,187,4.320158236657892,0.9971910112359551,0.9971910112359551,2.4557726237988757,3.132818910943169
Cntnap_het,OFT-0654-00,fast,188,4.337637930080663,0.988061797752809,1.3174157303370786,2.837542062548801,3.273606973091371
Cntnap_het,OFT-0654-00,slow,189,4.150752398057906,0.9438202247191011,0.9438202247191011,2.640082073293488,3.2481162697152355
Cntnap_het,OFT-0656-00,fast,190,4.519661928842087,0.9971910112359551,0.9971910112359551,2.480277625827788,3.219733982111892
Cntnap_het,OFT-0656-00,slow,191,4.005302326656731,0.9438202247191011,0.9438202247191011,2.6186534724605184,3.1427492454723707
Cntnap_het,OFT-0656-00,medium,192,4.3127436417308616,0.9971910112359551,0.9971910112359551,2.571306420948495,3.117468435638064
Cntnap_het,OFT-0662-00,fast,193,4.2012039744791085,0.9971910112359551,0.9971910112359551,2.551343459886726,3.098503535976772
Cntnap_het,OFT-0662-00,slow,194,3.9099748951208184,2.0646067415730336,2.0646067415730336,2.622192132403127,3.086531793362683
Cntnap_het,OFT-0662-00,medium,195,4.3959957782570385,0.9971910112359551,0.9971910112359551,2.5696056484521264,3.1920369494743848
Cntnap_het,OFT-0664-00,fast,196,4.364315551520622,0.9971910112359551,0.9971910112359551,2.4585636871608347,3.1591297580384974
Cntnap_het,OFT-0664-00,medium,197,4.134639009622052,0.9971910112359551,0.9971910112359551,2.5202125277410605,3.190851587445306
Cntnap_het,OFT-0664-00,slow,198,4.208543405807529,0.9971910112359551,0.9971910112359551,2.6215276048320835,3.1118808289741287
Cntnap_het,OFT-0665-00,fast,199,4.2189985065644695,0.9971910112359551,0.9971910112359551,2.492998830804177,3.1852741070007142
Cntnap_het,OFT-0665-00,medium,200,4.122606558697301,0.9971910112359551,0.9971910112359551,2.5737921354645334,3.211905537844257
Cntnap_het,OFT-0665-00,slow,201,4.137813109180163,1.050561797752809,1.050561797752809,2.653763375543721,3.3061385379966275
Cntnap_het,OFT-0666-00,medium,202,4.1253005309381034,0.9971910112359551,0.9971910112359551,2.5471255860166586,3.1850960092242895
Cntnap_het,OFT-0666-00,fast,203,4.409968735411893,0.9971910112359551,0.9971910112359551,2.4822991962107896,3.1586741699880703
Cntnap_het,OFT-0666-00,slow,204,4.1025415731144435,0.9971910112359551,0.9971910112359551,2.6595111078939513,3.2774255593197696
Cntnap_het,OFT-0675-00,fast,205,4.2859763308089045,0.9971910112359551,0.9971910112359551,2.481489802117873,3.173033959911458
Cntnap_het,OFT-0675-00,medium,206,4.099228672083809,0.9971910112359551,0.9971910112359551,2.6538799359151803,3.234575776051697
Cntnap_het,OFT-0675-00,slow,207,3.9206295867932424,0.9971910112359551,0.9971910112359551,2.585596756377117,3.1505905688930698
Cntnap_het,OFT-0676-00,fast,208,4.283864002779609,0.9971910112359551,0.9971910112359551,2.4035473509585374,3.1318543715794247
Cntnap_het,OFT-0676-00,medium,209,4.247062087636375,0.9971910112359551,0.9971910112359551,2.5465816297577755,3.2000636089725787
Cntnap_het,OFT-0676-00,slow,210,4.255293447123418,0.9971910112359551,0.9971910112359551,2.6273234890278196,3.2230477597152003
Cntnap_het,OFT-0685-00,fast,211,4.603350519377884,0.9971910112359551,0.9971910112359551,2.468447957052251,3.1969875286661606
Cntnap_het,OFT-0685-00,medium,212,4.067247523394719,0.9971910112359551,0.9971910112359551,2.5278918427867345,3.1274551002434774
Cntnap_het,OFT-0685-00,slow,213,4.351259158869074,0.9971910112359551,0.9971910112359551,2.584911124270065,3.039173453854087
Cntnap_het,OFT-0687-00,fast,214,4.275401132962439,0.9971910112359551,0.9971910112359551,2.495687099902713,3.2013330002264127
Cntnap_het,OFT-0687-00,slow,215,4.338281519846771,2.0646067415730336,2.0646067415730336,2.5952395306586657,3.082913336292378
Cntnap_het,OFT-0687-00,medium,216,4.2393866458385485,0.9971910112359551,0.9971910112359551,2.5862646787486527,3.0644269093830387
Cntnap_hom,OFT-0364-00,fast,217,6.633177680100733,0.9971910112359551,0.9971910112359551,2.5458964858627833,3.2361721145427977
Cntnap_hom,OFT-0364-00,medium,218,4.493127465847686,0.9971910112359551,0.9971910112359551,2.57376071438522,3.2483186618558624
Cntnap_hom,OFT-0364-00,slow,219,4.193844718601654,0.9971910112359551,0.9971910112359551,2.4850873757267413,3.1597844205449928
Cntnap_hom,OFT-0367-00,fast,220,4.402588700056454,0.9971910112359551,0.9971910112359551,2.462940905303849,3.0644294231569753
Cntnap_hom,OFT-0367-00,medium,221,4.220578854603758,0.9971910112359551,0.9971910112359551,2.5740998338354726,3.264086332814656
Cntnap_hom,OFT-0367-00,slow,222,4.299127361840175,0.9971910112359551,0.9971910112359551,2.657234309739145,3.2993680367724494
Cntnap_hom,OFT-0374-00,fast,223,4.469550645813399,0.9971910112359551,0.9971910112359551,2.5038169694728647,3.1301755768477806
Cntnap_hom,OFT-0374-00,slow,224,3.9094048428798778,0.9438202247191011,0.9438202247191011,2.583057641242504,3.235597687287026
Cntnap_hom,OFT-0374-00,medium,225,4.304842930613524,0.9971910112359551,0.9971910112359551,2.5805610689561185,3.223618010570014
Cntnap_hom,OFT-0383-00,fast,226,4.214132193956443,0.988061797752809,1.3174157303370786,2.7213666032618047,3.234022006927791
Cntnap_hom,OFT-0383-00,medium,227,4.2536048488077745,0.9971910112359551,0.9971910112359551,2.6003249085502618,3.180015775079961
Cntnap_hom,OFT-0383-00,slow,228,4.179049130728757,0.9971910112359551,0.9971910112359551,2.569907321413697,3.1986245232368304
Cntnap_hom,OFT-0388-00,slow,229,4.034877429323666,0.9971910112359551,0.9971910112359551,2.606005592080517,3.1764450481504762
Cntnap_hom,OFT-0388-00,medium,230,4.323646174285484,0.9971910112359551,0.9971910112359551,2.512621239162167,3.0958523944609593
Cntnap_hom,OFT-0388-00,fast,231,4.316871739947251,0.9971910112359551,0.9971910112359551,2.437661173357547,3.053701532488617
Cntnap_hom,OFT-0389-00,slow,232,4.161093940157854,0.9971910112359551,0.9971910112359551,2.5621133566985157,3.2471894343743815
Cntnap_hom,OFT-0389-00,medium,233,4.262089000558317,0.9971910112359551,0.9971910112359551,2.528630133985276,3.244717756398198
Cntnap_hom,OFT-0389-00,fast,234,4.2841141124105935,0.988061797752809,1.3174157303370786,2.765501589978844,3.3218641330038188
Cntnap_hom,OFT-0390-00,slow,235,4.2671267025466895,0.9971910112359551,0.9971910112359551,2.471248589128663,3.121654253443653
Cntnap_hom,OFT-0390-00,medium,236,4.380455623386619,1.0280898876404494,1.3707865168539326,2.8166999459808366,3.487279837292806
Cntnap_hom,OFT-0390-00,fast,237,4.178296626019261,0.988061797752809,1.3174157303370786,2.7271347714914795,3.280227933752836
Cntnap_hom,OFT-0400-00,fast,238,4.638024199580846,0.9971910112359551,0.9971910112359551,2.4560149461893794,3.1990645424533595
Cntnap_hom,OFT-0400-00,medium,239,4.224831286057197,0.9971910112359551,0.9971910112359551,2.4746096829581776,3.1469925126245135
Cntnap_hom,OFT-0400-00,slow,240,4.4007402155546105,0.9971910112359551,0.9971910112359551,2.5013743299782982,3.2094378749307104
Cntnap_hom,OFT-0401-00,fast,241,4.186145367377214,0.9971910112359551,0.9971910112359551,2.5781218176102483,3.2557734709771036
Cntnap_hom,OFT-0401-00,slow,242,4.164016819489707,0.9971910112359551,0.9971910112359551,2.6660159396718814,3.366898489951012
Cntnap_hom,OFT-0401-00,medium,243,4.86412324889052,0.9971910112359551,0.9971910112359551,2.58249918292797,3.1835691685952994
Cntnap_hom,OFT-0402-00,fast,244,5.310943755053984,0.9971910112359551,0.9971910112359551,2.4441551102524146,3.290979106762949
Cntnap_hom,OFT-0402-00,slow,245,4.588464306923568,0.9971910112359551,0.9971910112359551,2.6583277261354996,3.226803419862816
Cntnap_hom,OFT-0402-00,medium,246,4.733826505091483,0.9971910112359551,0.9971910112359551,2.4221404747951203,3.128549214783288
Cntnap_hom,OFT-0404-00,fast,247,4.073253315585316,0.988061797752809,1.3174157303370786,2.648730838611192,3.0551181436154025
Cntnap_hom,OFT-0404-00,slow,248,4.320332365773446,0.9971910112359551,0.9971910112359551,2.6480488067309054,3.22071584839651
Cntnap_hom,OFT-0404-00,medium,249,4.120249086790769,0.9971910112359551,0.9971910112359551,2.4873664616313613,3.0258859690229736
Cntnap_hom,OFT-0405-00,fast,250,4.204085938475459,0.9971910112359551,0.9971910112359551,2.545048442691921,3.1505353632822697
Cntnap_hom,OFT-0405-00,medium,251,4.239708249024467,0.9971910112359551,0.9971910112359551,2.6148330936508453,3.2753100865263685
Cntnap_hom,OFT-0405-00,slow,252,4.401092297006936,0.9971910112359551,0.9971910112359551,2.600172347912838,3.1567152870291184
Cntnap_hom,OFT-0406-00,fast,253,4.629903927734256,0.9971910112359551,0.9971910112359551,2.5137752261344555,3.0886891928576703
Cntnap_hom,OFT-0406-00,medium,254,4.172991267488626,0.9971910112359551,0.9971910112359551,2.5957591181674933,3.3115795370199854
Cntnap_hom,OFT-0406-00,slow,255,4.942422862010454,0.9971910112359551,0.9971910112359551,2.8389368116375264,3.4580961004329787
Cntnap_hom,OFT-0416-00,fast,256,4.44868963958267,0.9971910112359551,0.9971910112359551,2.54691588409814,3.2375387321373914
Cntnap_hom,OFT-0416-00,medium,257,4.302464259899742,0.9971910112359551,0.9971910112359551,2.552178732505223,3.134807950561212
Cntnap_hom,OFT-0416-00,slow,258,4.220251269076314,0.9971910112359551,0.9971910112359551,2.552522880214446,3.214081056640379
Cntnap_hom,OFT-0417-00,fast,259,5.298861730212469,0.9971910112359551,0.9971910112359551,2.5135829196676927,3.1468416020110337
Cntnap_hom,OFT-0417-00,medium,260,4.1161661809863945,0.9971910112359551,0.9971910112359551,2.624577497046859,3.2131796796700653
Cntnap_hom,OFT-0417-00,slow,261,4.294930731670564,0.9971910112359551,0.9971910112359551,2.675043709987423,3.287543179554812
Cntnap_hom,OFT-0418-00,fast,262,4.536781519093706,0.9971910112359551,0.9971910112359551,2.535078006983229,3.2866097348403116
Cntnap_hom,OFT-0418-00,slow,263,5.191625652847393,1.1573033707865168,1.1573033707865168,2.7858647649689243,3.5616997414285927
Cntnap_hom,OFT-0418-00,medium,264,4.772792729653351,0.9971910112359551,0.9971910112359551,2.6449704927112263,3.399863307879471
Cntnap_hom,OFT-0422-00,slow,265,3.9636358229612085,1.050561797752809,1.050561797752809,2.583896176700685,3.152392928063339
Cntnap_hom,OFT-0422-00,fast,266,4.287872350342759,0.9971910112359551,0.9971910112359551,2.490599280151696,3.1425175043563027
Cntnap_hom,OFT-0422-00,medium,267,4.3085868123072695,0.9971910112359551,0.9971910112359551,2.5746831988407504,3.233718002218082
Cntnap_hom,OFT-0433-00,medium,268,4.3702920192527115,0.9971910112359551,0.9971910112359551,2.489663079554861,3.113887523425583
Cntnap_hom,OFT-0433-00,slow,269,4.088174149657467,0.9971910112359551,0.9971910112359551,2.6294149763559247,3.1505703330633095
Cntnap_hom,OFT-0433-00,fast,270,4.355737031531933,0.9971910112359551,0.9971910112359551,2.5924138173278517,3.202533064743201
Cntnap_hom,OFT-0445-00,fast,271,4.097108247479274,0.9971910112359551,0.9971910112359551,2.5832025169007062,3.187236427763322
Cntnap_hom,OFT-0445-00,medium,272,4.444883079700121,0.9971910112359551,0.9971910112359551,2.6052426885874014,3.1708652574210325
Cntnap_hom,OFT-0445-00,slow,273,4.186469730197932,0.9971910112359551,0.9971910112359551,2.667551911934092,3.140149638563204
Cntnap_hom,OFT-0449-00,fast,274,4.181699439746385,0.9971910112359551,0.9971910112359551,2.5159638751997355,3.1162897558553566
Cntnap_hom,OFT-0449-00,medium,275,4.329214964870763,0.9971910112359551,0.9971910112359551,2.559838637620587,3.065729202668873
Cntnap_hom,OFT-0449-00,slow,276,4.06187543675423,0.30337078651685395,0.30337078651685395,2.604549271863841,3.0944596830162117
Cntnap_hom,OFT-0517-00,fast,277,4.517173675279339,0.9971910112359551,0.9971910112359551,2.421505496449786,3.150234181254117
Cntnap_hom,OFT-0517-00,medium,278,4.281596697375342,0.9971910112359551,0.9971910112359551,2.5565451012382834,3.2256944261943485
Cntnap_hom,OFT-0517-00,slow,279,4.065013316332312,0.9971910112359551,0.9971910112359551,2.5830451964586847,3.236010059430078
Cntnap_hom,OFT-0518-00,medium,280,4.4188599754368525,0.9971910112359551,0.9971910112359551,2.5164493187521413,3.225618954452719
Cntnap_hom,OFT-0518-00,fast,281,4.4865884249231245,0.9971910112359551,0.9971910112359551,2.5795170823335347,3.2240581693268653
Cntnap_hom,OFT-0518-00,slow,282,4.146116598049652,0.9971910112359551,0.9971910112359551,2.586294171077259,3.23101742465728
Cntnap_hom,OFT-0521-00,slow,283,4.236303429304265,0.9971910112359551,0.9971910112359551,2.534832005589695,3.1660497556810396
Cntnap_hom,OFT-0521-00,medium,284,4.277154324305186,0.9971910112359551,0.9971910112359551,2.5389512314615423,3.2563033437908535
Cntnap_hom,OFT-0521-00,fast,285,4.576476613531438,0.9971910112359551,0.9971910112359551,2.462757956182671,3.0818056400692986
Cntnap_hom,OFT-0522-00,fast,286,4.590399342949138,0.9971910112359551,0.9971910112359551,2.5228670217187363,3.0838781471847607
Cntnap_hom,OFT-0522-00,medium,287,4.28633059925737,0.9971910112359551,0.9971910112359551,2.5381711651955627,3.1877494198666843
Cntnap_hom,OFT-0522-00,slow,288,4.337444368339007,0.9971910112359551,0.9971910112359551,2.5918203407748837,3.2206004739674117
Cntnap_hom,OFT-0533-00,fast,289,4.471106308119434,0.9971910112359551,0.9971910112359551,2.4908939656473525,3.136764027029681
Cntnap_hom,OFT-0533-00,medium,290,4.573365803456219,0.9971910112359551,0.9971910112359551,2.570674410444343,3.1648222684648997
Cntnap_hom,OFT-0533-00,slow,291,3.997827882787468,0.9971910112359551,0.9971910112359551,2.520552067226546,3.114455101787486
Cntnap_hom,OFT-0535-00,fast,292,4.4676872495763735,0.9971910112359551,0.9971910112359551,2.6176031272137426,3.2228244748822434
Cntnap_hom,OFT-0535-00,slow,293,4.080240822530746,1.050561797752809,1.050561797752809,2.6595405729121797,3.284703042610366
Cntnap_hom,OFT-0535-00,medium,294,4.146074871226094,0.9971910112359551,0.9971910112359551,2.5529162814477413,3.092741310692954
Cntnap_hom,OFT-0540-00,medium,295,4.273453176675397,0.9971910112359551,0.9971910112359551,2.6062323644056553,3.1695413599273574
Cntnap_hom,OFT-0540-00,slow,296,4.35887460823803,0.9971910112359551,0.9971910112359551,2.588672858638309,3.1148306037806903
Cntnap_hom,OFT-0540-00,fast,297,4.353906442248119,0.9971910112359551,0.9971910112359551,2.520885427029789,3.244317599096882
Cntnap_hom,OFT-0541-00,medium,298,4.225859503837962,0.9971910112359551,0.9971910112359551,2.527109715275927,3.1245736235042414
Cntnap_hom,OFT-0541-00,fast,299,4.429121823863482,0.9971910112359551,0.9971910112359551,2.489456694044372,3.1837557003233017
Cntnap_hom,OFT-0541-00,slow,300,4.122321344492447,0.9971910112359551,0.9971910112359551,2.6075414191184905,3.202771683593509
Cntnap_hom,OFT-0546-00,slow,301,4.152549975304605,2.0646067415730336,2.0646067415730336,2.5829286819422617,3.1779697612269313
Cntnap_hom,OFT-0546-00,medium,302,4.020993261200224,0.9971910112359551,0.9971910112359551,2.507887323535976,3.124925336705372
Cntnap_hom,OFT-0546-00,fast,303,4.55504806917758,0.9971910112359551,0.9971910112359551,2.516244602234351,3.187272680321532
Cntnap_hom,OFT-0548-00,slow,304,4.246920141623977,0.9971910112359551,0.9971910112359551,2.5491122978337155,3.203097846163724
Cntnap_hom,OFT-0548-00,fast,305,4.644144843917884,0.9971910112359551,0.9971910112359551,2.4404876796992236,3.2343414629598364
Cntnap_hom,OFT-0548-00,medium,306,4.371943262667388,0.9971910112359551,0.9971910112359551,2.4276501759087687,3.182935763416435
Cntnap_hom,OFT-0580-00,fast,307,4.4882914133287635,0.9971910112359551,0.9971910112359551,2.530775283174156,3.1484936141502944
Cntnap_hom,OFT-0580-00,slow,308,4.2235087549317045,0.9971910112359551,0.9971910112359551,2.7091452388935258,3.300297698814589
Cntnap_hom,OFT-0580-00,medium,309,4.400096313519852,0.9971910112359551,0.9971910112359551,2.461722451325428,3.092647611008742
Cntnap_hom,OFT-0581-00,fast,310,4.536000664851509,0.9971910112359551,0.9971910112359551,2.492703046527405,3.2114611320640116
Cntnap_hom,OFT-0581-00,medium,311,4.060164902698795,0.9971910112359551,0.9971910112359551,2.557105292764625,3.1681250713117417
Cntnap_hom,OFT-0581-00,slow,312,4.171169899936278,0.9971910112359551,0.9971910112359551,2.6402798664740477,3.2785684447232906
Cntnap_hom,OFT-0583-00,fast,313,4.288376569769122,0.9971910112359551,0.9971910112359551,2.480849101374381,3.0938590689362924
Cntnap_hom,OFT-0583-00,medium,314,3.914920269809309,0.9971910112359551,0.9971910112359551,2.415520032806761,3.038540981054909
Cntnap_hom,OFT-0583-00,slow,315,3.8917778380488337,1.050561797752809,1.050561797752809,2.4602028887624194,3.0416062387420153
Cntnap_hom,OFT-0584-00,slow,316,4.248103405084383,0.9971910112359551,0.9971910112359551,2.6736633653429362,3.3023247204400348
Cntnap_hom,OFT-0584-00,medium,317,4.9136176445023185,0.9971910112359551,0.9971910112359551,2.5506538643867085,3.226293595708847
Cntnap_hom,OFT-0584-00,fast,318,4.9302630916172046,0.9971910112359551,0.9971910112359551,2.5441547004665677,3.2185362637284793
Cntnap_hom,OFT-0599-00,medium,319,4.38292732208136,0.9971910112359551,0.9971910112359551,2.539356381298478,3.2077457619990644
Cntnap_hom,OFT-0599-00,fast,320,3.9270173175569223,0.988061797752809,1.3174157303370786,2.6398180287228703,3.077209713833439
Cntnap_hom,OFT-0599-00,slow,321,4.244674218456351,0.9971910112359551,0.9971910112359551,2.5822934278760696,3.204832473344826
Cntnap_hom,OFT-0605-00,fast,322,4.700537144821703,0.9971910112359551,0.9971910112359551,2.4695645376909954,3.2136968375939223
Cntnap_hom,OFT-0605-00,medium,323,4.075144359422769,0.9971910112359551,0.9971910112359551,2.39166297591026,3.027984399033493
Cntnap_hom,OFT-0605-00,slow,324,4.365697979466773,0.9971910112359551,0.9971910112359551,2.589890778875031,3.0730037628685984
Cntnap_hom,OFT-0613-00,fast,325,4.204177985343717,0.988061797752809,1.3174157303370786,2.6588810734801456,3.2141040957995735
Cntnap_hom,OFT-0613-00,slow,326,4.2311406971497,0.9971910112359551,0.9971910112359551,2.527925103046525,3.056761483421929
Cntnap_hom,OFT-0613-00,medium,327,4.246389664130673,0.9971910112359551,0.9971910112359551,2.4635393978457256,3.105115066300164
Cntnap_neg,OFT-0365-00,slow,328,3.940149769560978,0.9971910112359551,0.9971910112359551,2.592129725322743,3.068182364647847
Cntnap_neg,OFT-0365-00,medium,329,4.2851565409008225,0.9971910112359551,0.9971910112359551,2.5484819390725386,3.175817238858811
Cntnap_neg,OFT-0365-00,fast,330,5.098081319636072,0.9971910112359551,0.9971910112359551,2.5060003955842722,3.2066255560599757
Cntnap_neg,OFT-0370-00,slow,331,4.169181888948828,0.9971910112359551,0.9971910112359551,2.601728395131801,3.230529573418443
Cntnap_neg,OFT-0370-00,medium,332,4.200188148883852,0.9971910112359551,0.9971910112359551,2.5307316924788257,3.2068115195223945
Cntnap_neg,OFT-0370-00,fast,333,4.419506772307605,0.9971910112359551,0.9971910112359551,2.5083033151520544,3.1875680544218707
Cntnap_neg,OFT-0375-00,fast,334,4.166826892125124,0.988061797752809,1.3174157303370786,2.791380540594376,3.249457237786613
Cntnap_neg,OFT-0375-00,medium,335,4.063956001860782,0.9971910112359551,0.9971910112359551,2.5719355398499566,3.1552219775710086
Cntnap_neg,OFT-0375-00,slow,336,4.534137385612327,0.9971910112359551,0.9971910112359551,2.6633497804613797,3.2039736937551786
Cntnap_neg,OFT-0384-00,fast,337,4.408497957712623,0.9971910112359551,0.9971910112359551,2.513521390117513,3.2723904549319225
Cntnap_neg,OFT-0384-00,medium,338,4.611190385065992,0.9971910112359551,0.9971910112359551,2.531989908716758,3.172458961268213
Cntnap_neg,OFT-0384-00,slow,339,3.907926086122687,0.9971910112359551,0.9971910112359551,2.572435732749813,3.0497944668287778
Cntnap_neg,OFT-0426-00,slow,340,4.215208869325842,0.9971910112359551,0.9971910112359551,2.5859867576118996,3.193722788239875
Cntnap_neg,OFT-0426-00,fast,341,4.435262905751995,0.9971910112359551,0.9971910112359551,2.5815842779060905,3.192942437594784
Cntnap_neg,OFT-0426-00,medium,342,4.160854005396993,0.9971910112359551,0.9971910112359551,2.5675027893333846,3.1899059409389676
Cntnap_neg,OFT-0427-00,medium,343,3.9989639713355625,0.988061797752809,1.3174157303370786,2.777938411719472,3.259825357820506
Cntnap_neg,OFT-0427-00,slow,344,4.243538049742371,0.9971910112359551,0.9971910112359551,2.6137645903850535,3.268769991771186
Cntnap_neg,OFT-0427-00,fast,345,4.317897570135825,0.988061797752809,1.3174157303370786,2.913994481226389,3.4706899291767126
Cntnap_neg,OFT-0429-00,fast,346,4.454920459228631,0.988061797752809,1.3174157303370786,2.779869380259186,3.412298550504716
Cntnap_neg,OFT-0429-00,medium,347,4.315035912812537,0.9971910112359551,0.9971910112359551,2.57950152696809,3.1656557057053116
Cntnap_neg,OFT-0429-00,slow,348,4.776479390487943,0.9971910112359551,0.9971910112359551,2.602993451449971,3.177992685167897
Cntnap_neg,OFT-0435-00,slow,349,4.369044074348303,0.30337078651685395,0.30337078651685395,2.8816325121664548,3.4793771356913354
Cntnap_neg,OFT-0435-00,medium,350,4.821578943084269,0.9971910112359551,0.9971910112359551,2.619877455882202,3.1114626618519794
Cntnap_neg,OFT-0435-00,fast,351,4.359154357443496,0.9971910112359551,0.9971910112359551,2.698893405310555,3.2399165866284676
Cntnap_neg,OFT-0437-00,fast,352,4.146467415983924,0.9971910112359551,0.9971910112359551,2.5657049765912374,3.1754718671998114
Cntnap_neg,OFT-0437-00,medium,353,4.070391297734951,0.9971910112359551,0.9971910112359551,2.5455852545679334,3.1508284801536313
Cntnap_neg,OFT-0437-00,slow,354,4.674919048284891,0.9971910112359551,0.9971910112359551,2.662685229195956,3.2711777047181982
Cntnap_neg,OFT-0440-00,medium,355,4.465436410388933,0.9971910112359551,0.9971910112359551,2.639306299265049,3.142807507245802
Cntnap_neg,OFT-0440-00,fast,356,4.225442488862729,0.9971910112359551,0.9971910112359551,2.512259084459059,3.1452525771383915
Cntnap_neg,OFT-0440-00,slow,357,4.002978588591513,0.9971910112359551,0.9971910112359551,2.661543604507208,3.269294698277993
Cntnap_neg,OFT-0441-00,slow,358,4.374705743075368,0.9971910112359551,0.9971910112359551,2.7005700132550055,3.279904601911265
Cntnap_neg,OFT-0441-00,fast,359,4.829487106307626,0.9971910112359551,0.9971910112359551,2.4883030873291134,3.0963341613852156
Cntnap_neg,OFT-0441-00,medium,360,4.139550356508675,0.9971910112359551,0.9971910112359551,2.611216772409435,3.2247764245078563
Cntnap_neg,OFT-0451-00,fast,361,4.8120256243876804,0.9971910112359551,0.9971910112359551,2.6209951874143824,3.300862253387898
Cntnap_neg,OFT-0451-00,medium,362,4.501096475057507,0.9971910112359551,0.9971910112359551,2.527159900692243,3.262325627348329
Cntnap_neg,OFT-0451-00,slow,363,4.505847957131579,0.9971910112359551,0.9971910112359551,2.498917380236094,3.2050524856971863
Cntnap_neg,OFT-0453-00,fast,364,4.412781405049132,0.9971910112359551,0.9971910112359551,2.3446414550674786,2.959891961085222
Cntnap_neg,OFT-0455-00,fast,365,4.4805364180711935,0.988061797752809,1.3174157303370786,2.8327400841758394,3.2645898575423358
Cntnap_neg,OFT-0455-00,medium,366,4.036430212493818,0.9971910112359551,0.9971910112359551,2.5702170464777283,3.1415584564712287
Cntnap_neg,OFT-0455-00,slow,367,4.106748784642961,0.9971910112359551,0.9971910112359551,2.6505827347370827,3.0971803344630557
Cntnap_neg,OFT-0495-00,medium,368,4.210045939737838,0.9971910112359551,0.9971910112359551,2.5379615388951584,3.168864306168834
Cntnap_neg,OFT-0495-00,fast,369,4.18864943943981,0.9971910112359551,0.9971910112359551,2.5474697843969647,3.2224079589782
Cntnap_neg,OFT-0495-00,slow,370,4.169998706957565,0.9971910112359551,0.9971910112359551,2.737710944859187,3.249051854970812
Cntnap_neg,OFT-0497-00,fast,371,4.2843371844647455,0.9971910112359551,0.9971910112359551,2.523029150665949,3.1782655085043077
Cntnap_neg,OFT-0497-00,medium,372,4.13679060629796,0.9971910112359551,0.9971910112359551,2.597495071857113,3.1774004807041774
Cntnap_neg,OFT-0497-00,slow,373,4.0392017717868605,0.9438202247191011,0.9438202247191011,2.545962453888309,3.154756341167506
Cntnap_neg,OFT-0504-00,fast,374,4.118268797447618,0.9971910112359551,0.9971910112359551,2.6051435398667744,3.241372857374467
Cntnap_neg,OFT-0504-00,medium,375,3.844561956400256,0.9971910112359551,0.9971910112359551,2.5912584745708864,3.2037414665335446
Cntnap_neg,OFT-0504-00,slow,376,4.794853748976827,0.9971910112359551,0.9971910112359551,2.7253228609640083,3.3087610325927046
Cntnap_neg,OFT-0509-00,fast,377,4.125094447364485,0.9971910112359551,0.9971910112359551,2.5431998254452286,3.2092422569038965
Cntnap_neg,OFT-0509-00,medium,378,4.141258851808187,0.9971910112359551,0.9971910112359551,2.6255348123631514,3.225958810755085
Cntnap_neg,OFT-0509-00,slow,379,4.682538499971991,2.0112359550561796,2.0112359550561796,2.528838951511796,3.061595293291589
Cntnap_neg,OFT-0515-00,slow,380,4.139421780742658,0.9971910112359551,0.9971910112359551,2.5985942860704694,3.2571108849484496
Cntnap_neg,OFT-0515-00,medium,381,4.241581176783397,0.9971910112359551,0.9971910112359551,2.495931912908546,3.2384041817414047
Cntnap_neg,OFT-0515-00,fast,382,4.268093813863444,0.9971910112359551,0.9971910112359551,2.459310470857162,3.1559815348453855
Cntnap_neg,OFT-0524-00,slow,383,4.050205051781771,0.9438202247191011,0.9438202247191011,2.613415830983034,3.192618056572433
Cntnap_neg,OFT-0524-00,medium,384,4.153415953809405,0.9971910112359551,0.9971910112359551,2.5080998404531267,3.198794709779858
Cntnap_neg,OFT-0524-00,fast,385,4.116452397082002,0.9971910112359551,0.9971910112359551,2.5288955530382644,3.169441286968851
Cntnap_neg,OFT-0528-00,fast,386,4.337180555517066,0.9971910112359551,0.9971910112359551,2.4985060828493335,3.2414750264245478
Cntnap_neg,OFT-0528-00,medium,387,4.069826010994356,0.9971910112359551,0.9971910112359551,2.623541227054197,3.2401941880716816
Cntnap_neg,OFT-0528-00,slow,388,3.992581886723207,0.9971910112359551,0.9971910112359551,2.6224143079064755,3.249801319108128
Cntnap_neg,OFT-0543-00,medium,389,4.145618531093405,0.9971910112359551,0.9971910112359551,2.4969303292998712,3.1502045677550523
Cntnap_neg,OFT-0543-00,fast,390,4.273965500343371,1.0280898876404494,1.3707865168539326,2.74664156830576,3.362734593805219
Cntnap_neg,OFT-0543-00,slow,391,4.199701599752037,0.9438202247191011,0.9438202247191011,2.4845687130245135,3.2026268487668785
Cntnap_neg,OFT-0547-00,slow,392,4.204959489306167,0.9971910112359551,0.9971910112359551,2.5391874251154727,3.22570423599913
Cntnap_neg,OFT-0547-00,medium,393,4.068959645403857,0.9971910112359551,0.9971910112359551,2.454968580564715,3.0763077756312796
Cntnap_neg,OFT-0547-00,fast,394,4.502016452441296,0.9971910112359551,0.9971910112359551,2.4918089580272054,3.2409665075293552
Cntnap_neg,OFT-0549-00,slow,395,4.635201083762632,0.25,0.25,2.5586908235622703,3.190017439013171
Cntnap_neg,OFT-0549-00,fast,396,4.185486629605735,0.9971910112359551,0.9971910112359551,2.38759930484226,3.115346900480296
Cntnap_neg,OFT-0549-00,medium,397,4.186056834512298,0.9971910112359551,0.9971910112359551,2.586731388888059,3.2087404332369527
Cntnap_neg,OFT-0582-00,slow,398,4.12183782985243,0.9971910112359551,0.9971910112359551,2.5834799797799928,3.227769307702246
Cntnap_neg,OFT-0582-00,medium,399,4.127598521258668,0.9971910112359551,0.9971910112359551,2.5892743254752704,3.1848890555997356
Cntnap_neg,OFT-0582-00,fast,400,4.225232363718478,0.9971910112359551,0.9971910112359551,2.5522694662718353,3.1351703421313206
Cntnap_neg,OFT-0585-00,slow,401,3.980019094914597,0.9971910112359551,0.9971910112359551,2.576948571624779,3.1777684015121737
Cntnap_neg,OFT-0585-00,medium,402,4.170843745532548,0.9971910112359551,0.9971910112359551,2.5048394336083035,3.1370354263672517
Cntnap_neg,OFT-0585-00,fast,403,4.275850711047152,0.9971910112359551,0.9971910112359551,2.531657647345664,3.2107418584717133
Cntnap_neg,OFT-0598-00,fast,404,4.464844652368099,0.9971910112359551,0.9971910112359551,2.5234082807263647,3.1792185125295207
Cntnap_neg,OFT-0598-00,slow,405,4.106535483402452,0.9971910112359551,0.9971910112359551,2.5904384036042924,3.1676809576850506
Cntnap_neg,OFT-0598-00,medium,406,4.507344141619073,0.9971910112359551,0.9971910112359551,2.45623047677369,3.110171744527872
Cntnap_neg,OFT-0606-00,fast,407,4.338342344553345,0.9971910112359551,0.9971910112359551,2.433990300199421,3.1705047143696907
Cntnap_neg,OFT-0606-00,slow,408,4.034338029441687,0.9438202247191011,0.9438202247191011,2.5362762995013224,3.2314370270112187
Cntnap_neg,OFT-0606-00,medium,409,4.3146872675358505,0.9971910112359551,0.9971910112359551,2.6297165048106383,3.2887682052653706
Cntnap_neg,OFT-0612-00,fast,410,4.287820095882592,0.9971910112359551,0.9971910112359551,2.510673455131524,3.2288852647647444
Cntnap_neg,OFT-0612-00,slow,411,4.005797942857677,0.9971910112359551,0.9971910112359551,2.5186065244111,3.1278929096364148
Cntnap_neg,OFT-0612-00,medium,412,4.25835327045123,0.9971910112359551,0.9971910112359551,2.5412018899929993,3.187485854046838
Cntnap_neg,OFT-0642-00,slow,413,4.204582562085815,0.9971910112359551,0.9971910112359551,2.5430659228084616,3.1376458624233092
Cntnap_neg,OFT-0642-00,medium,414,4.2998934012493715,0.9971910112359551,0.9971910112359551,2.557728154934384,3.2522102642830673
Cntnap_neg,OFT-0642-00,fast,415,4.381336009897953,0.9971910112359551,0.9971910112359551,2.514465630448986,3.2761588469070313
Cntnap_neg,OFT-0646-00,slow,416,4.093482347514174,0.9438202247191011,0.9438202247191011,2.577510618784837,3.19309936803654
Cntnap_neg,OFT-0646-00,medium,417,4.751917079283426,0.9971910112359551,0.9971910112359551,2.5295824849646116,3.1645798595628976
Cntnap_neg,OFT-0646-00,fast,418,4.497728158833893,0.9971910112359551,0.9971910112359551,2.5141827143772053,3.166539929744809
Cntnap_neg,OFT-0651-00,slow,419,3.90025915340671,1.050561797752809,1.050561797752809,2.5814657269895287,3.2118517441290457
Cntnap_neg,OFT-0651-00,medium,420,3.9863428178441365,1.050561797752809,1.050561797752809,2.519027267524543,3.1784664631067887
Cntnap_neg,OFT-0651-00,fast,421,4.153953394324219,0.9971910112359551,0.9971910112359551,2.4467316569243898,3.1051085103702873
Cntnap_neg,OFT-0655-00,slow,422,5.102629563340463,0.9971910112359551,0.9971910112359551,2.6473615747246564,3.326608133469012
Cntnap_neg,OFT-0655-00,medium,423,4.604647379316201,0.9971910112359551,0.9971910112359551,2.567612325404799,3.2953602818295535
Cntnap_neg,OFT-0655-00,fast,424,4.417084674191024,0.9971910112359551,0.9971910112359551,2.523504275929293,3.270408288933204
Cntnap_neg,OFT-0663-00,fast,425,4.445397573137321,0.9971910112359551,0.9971910112359551,2.477747073260972,3.160105618281809
Cntnap_neg,OFT-0663-00,medium,426,4.217268575850623,0.9971910112359551,0.9971910112359551,2.629587606853407,3.204021453182116
Cntnap_neg,OFT-0663-00,slow,427,4.333865648029831,0.9971910112359551,0.9971910112359551,2.631730343222289,3.2594831055781266
Cntnap_neg,OFT-0667-00,medium,428,4.099828933341099,0.9971910112359551,0.9971910112359551,2.557235545112346,3.146023284699671
Cntnap_neg,OFT-0667-00,slow,429,4.337607086578077,0.9971910112359551,0.9971910112359551,2.583245943245648,3.12315140706295
Cntnap_neg,OFT-0667-00,fast,430,4.292446267935884,0.9971910112359551,0.9971910112359551,2.429877692644847,3.144777740340462
Cntnap_neg,OFT-0677-00,fast,431,4.372045079600388,0.9971910112359551,0.9971910112359551,2.5128832125797795,3.1986176268295594
Cntnap_neg,OFT-0677-00,medium,432,4.422968524412478,0.9971910112359551,0.9971910112359551,2.485299267911143,3.049741072903294
Cntnap_neg,OFT-0677-00,slow,433,3.9869615402955874,0.9971910112359551,0.9971910112359551,2.4887677189361206,3.109859636224812
Cntnap_neg,OFT-0686-00,fast,434,4.286291831284107,0.9971910112359551,0.9971910112359551,2.4769647469549296,3.15407509342237
Cntnap_neg,OFT-0686-00,medium,435,4.406154186215424,0.9971910112359551,0.9971910112359551,2.5855167733638145,3.2397634283384757
Cntnap_neg,OFT-0686-00,slow,436,3.997532796638682,0.9438202247191011,0.9438202247191011,2.6569885732953322,3.2588193419879556
Cntnap_neg,OFT-0688-00,medium,437,4.205868302506691,0.9971910112359551,0.9971910112359551,2.563755863363113,3.2123657828844125
Cntnap_neg,OFT-0688-00,fast,438,4.164082014042054,0.988061797752809,1.3174157303370786,2.7511882551286613,3.22737849374796
Cntnap_neg,OFT-0688-00,slow,439,4.328445142822207,0.9971910112359551,0.9971910112359551,2.5210009927794914,3.0656865480540905
Cntnap_neg,OFT-0689-00,medium,440,4.307499388312776,0.9971910112359551,0.9971910112359551,2.4990298515774025,3.130922345447268
Cntnap_neg,OFT-0689-00,slow,441,4.186618302714642,0.9971910112359551,0.9971910112359551,2.515785493437297,3.0625815655066426
Cntnap_neg,OFT-0689-00,fast,442,4.238063500229973,0.9971910112359551,0.9971910112359551,2.5283946415610483,3.1862960198390486
Cntnap_neg,OFT-0690-00,medium,443,4.032298198367174,0.9971910112359551,0.9971910112359551,2.4989183570680322,3.1715083007892817
Cntnap_neg,OFT-0690-00,fast,444,4.242426088347829,0.9971910112359551,0.9971910112359551,2.563836322815375,3.2337200815524754
Cntnap_neg,OFT-0690-00,slow,445,4.036094379350297,0.9971910112359551,0.9971910112359551,2.622466188088841,3.2023433726242705
Cntnap_neg,OFT-0691-00,slow,446,4.275683294774547,0.9971910112359551,0.9971910112359551,2.537979722018692,3.0194228443274183
Cntnap_neg,OFT-0691-00,fast,447,4.273583825737109,0.988061797752809,1.3174157303370786,2.723601289148173,3.266098231470778
Cntnap_neg,OFT-0691-00,medium,448,4.324170585639361,0.9971910112359551,0.9971910112359551,2.4906628047879544,3.1847851965473426
Cntnap_neg,OFT-0692-00,slow,449,3.9727087793081868,0.9438202247191011,0.9438202247191011,2.5140411427760117,3.111775616775606
Cntnap_neg,OFT-0692-00,fast,450,4.592988025640427,0.9971910112359551,0.9971910112359551,2.580605549965349,3.1838851750622696
Cntnap_neg,OFT-0692-00,medium,451,4.253818249718455,0.9971910112359551,0.9971910112359551,2.5822993289315423,3.245013948273655
Cntnap_neg,OFT-0695-00,medium,452,4.511920454294824,0.9971910112359551,0.9971910112359551,2.60171239675179,3.2883381281705333
Cntnap_neg,OFT-0695-00,fast,453,4.308079771518022,0.9971910112359551,0.9971910112359551,2.4759686532400864,3.1376997913609332
Cntnap_neg,OFT-0695-00,slow,454,4.0090622127840145,0.9438202247191011,0.9438202247191011,2.643508042077642,3.2488524848640843
Cntnap_neg,OFT-0696-00,fast,455,4.300293013779747,0.9971910112359551,0.9971910112359551,2.4779546230965797,3.106297793228273
Cntnap_neg,OFT-0696-00,slow,456,4.23467585392024,0.9971910112359551,0.9971910112359551,2.61139140924419,3.1990015272015992
Cntnap_neg,OFT-0696-00,medium,457,4.746176540843848,0.9971910112359551,0.9971910112359551,2.5520471532720865,3.176217260175514
Cntnap_neg,OFT-0697-00,medium,458,3.9960906632757447,0.9971910112359551,0.9971910112359551,2.6071187070076935,3.2428695910926266
Cntnap_neg,OFT-0697-00,fast,459,4.252028631386168,0.9971910112359551,0.9971910112359551,2.5656082704313934,3.182104218401016
Cntnap_neg,OFT-0697-00,slow,460,4.156849920438512,0.9971910112359551,0.9971910112359551,2.631337437837553,3.1793051404150505
Cntnap_neg,OFT-0698-00,fast,461,4.301304524377943,0.9971910112359551,0.9971910112359551,2.4459872681253603,3.1818578189686746
Cntnap_neg,OFT-0698-00,medium,462,4.116932286897997,0.9971910112359551,0.9971910112359551,2.4864453979424357,2.9468149388170115
Cntnap_neg,OFT-0698-00,slow,463,3.9943780205050348,0.9971910112359551,0.9971910112359551,2.5441958996606453,3.0818325024590774
Cntnap_neg,OFT-0699-00,fast,464,4.206729392968651,0.988061797752809,1.3174157303370786,2.777821476895353,3.3560092178863274
Cntnap_neg,OFT-0699-00,medium,465,4.297550748987038,0.9971910112359551,0.9971910112359551,2.5517431608152696,3.2371051171577876
Cntnap_neg,OFT-0699-00,slow,466,4.118543715616633,0.9971910112359551,0.9971910112359551,2.5077314742572514,3.130309397184184
Cntnap_neg,OFT-0700-00,fast,467,4.276473238571008,0.9971910112359551,0.9971910112359551,2.470304795285432,3.149319581099789
Cntnap_neg,OFT-0700-00,slow,468,4.029374283868668,0.9971910112359551,0.9971910112359551,2.5201492387479556,2.9825909256446046
Cntnap_neg,OFT-0700-00,medium,469,4.3616305414270755,0.9971910112359551,0.9971910112359551,2.5285762382633825,3.0709554557056307
Cntnap_neg,OFT-0701-00,fast,470,4.335228877909567,0.9971910112359551,0.9971910112359551,2.4486576401490936,3.133835369329219
Cntnap_neg,OFT-0701-00,medium,471,4.2776380492957555,0.9971910112359551,0.9971910112359551,2.5063225644016236,3.161402666825121
Cntnap_neg,OFT-0701-00,slow,472,4.056525855848207,0.9971910112359551,0.9971910112359551,2.47932763351771,3.10430942176846
Cntnap_neg,OFT-0703-00,fast,473,4.428293574209202,0.9971910112359551,0.9971910112359551,2.4951346552582607,3.1976937401078027
Cntnap_neg,OFT-0703-00,medium,474,4.310993213564549,0.9971910112359551,0.9971910112359551,2.5646540225863976,3.180749444763785
Cntnap_neg,OFT-0703-00,slow,475,4.356290581814549,0.9971910112359551,0.9971910112359551,2.5702268625058973,3.140778992220725
Cntnap_neg,OFT-0704-00,fast,476,4.514936380200277,0.9971910112359551,0.9971910112359551,2.4930210188222555,3.18898821642613
Cntnap_neg,OFT-0704-00,slow,477,3.8990061675425394,0.9971910112359551,0.9971910112359551,2.534633775727406,3.004939128486658
Cntnap_neg,OFT-0704-00,medium,478,4.137694085043604,0.9971910112359551,0.9971910112359551,2.5670051656565978,3.139500321991037
Cntnap_neg,OFT-0705-00,fast,479,4.64191826236106,0.9971910112359551,0.9971910112359551,2.5081860174598662,3.2323505073532637
Cntnap_neg,OFT-0705-00,medium,480,4.432173631646863,0.9971910112359551,0.9971910112359551,2.5565793068077562,3.2205708218746008
Cntnap_neg,OFT-0705-00,slow,481,4.303612312155499,0.9971910112359551,0.9971910112359551,2.4983368345841397,3.105103500639401
Cntnap_neg,OFT-0706-00,fast,482,4.1843095143499545,0.9971910112359551,0.9971910112359551,2.54476457248752,3.1672440159432824
Cntnap_neg,OFT-0706-00,medium,483,4.274431442837359,0.9971910112359551,0.9971910112359551,2.5518853411717175,3.1437511453830935
Cntnap_neg,OFT-0706-00,slow,484,3.968587978075455,1.103932584269663,1.103932584269663,2.6222095500090252,3.1634138291189458
Cntnap_neg,OFT-0707-00,fast,485,4.216119855525517,0.9971910112359551,0.9971910112359551,2.444961334372392,3.159638123219393
Cntnap_neg,OFT-0707-00,slow,486,4.380873536480284,0.9971910112359551,0.9971910112359551,2.599341217623646,3.1455286894538452
Cntnap_neg,OFT-0707-00,medium,487,4.39320929952109,0.9971910112359551,0.9971910112359551,2.520306693475319,3.22511060078829
Cntnap_neg,OFT-0709-00,fast,488,4.539457198073533,0.9971910112359551,0.9971910112359551,2.5151813133651117,3.21307162665272
Cntnap_neg,OFT-0709-00,slow,489,4.243602370751855,0.9971910112359551,0.9971910112359551,2.6137272187375697,3.2364230108252374
Cntnap_neg,OFT-0709-00,medium,490,4.353957550749674,0.9971910112359551,0.9971910112359551,2.458955388841525,3.1601708245492004
Cntnap_neg,OFT-0710-00,fast,491,4.25986614624783,0.9971910112359551,0.9971910112359551,2.5062141935879656,3.1706693589583326
Cntnap_neg,OFT-0710-00,medium,492,4.16362481520662,0.9971910112359551,0.9971910112359551,2.6117825510440227,3.1523359535329645
Cntnap_neg,OFT-0710-00,slow,493,4.000594594279668,0.9971910112359551,0.9971910112359551,2.675829463545586,3.207495998535139
Cntnap_neg,OFT-0711-00,fast,494,4.190192817547,0.9971910112359551,0.9971910112359551,2.5357024828091332,3.203405734794308
Cntnap_neg,OFT-0711-00,slow,495,4.113503385947746,0.9971910112359551,0.9971910112359551,2.462903485371074,3.123437900350203
Cntnap_neg,OFT-0711-00,medium,496,4.4473426834960295,0.9971910112359551,0.9971910112359551,2.518865682676154,3.2325693324071314
TSC_het,OFT-0361-00,slow,497,4.534448086528861,0.9971910112359551,0.9971910112359551,2.624254788232459,3.091378341666352
TSC_het,OFT-0361-00,fast,498,4.356125201770761,0.9971910112359551,0.9971910112359551,2.56682257140107,3.176743298365508
TSC_het,OFT-0361-00,medium,499,4.5716106974588975,0.9971910112359551,0.9971910112359551,2.529669053295122,3.0788522596755823
TSC_het,OFT-0373-00,fast,500,4.596737100177253,0.9971910112359551,0.9971910112359551,2.5273561297013947,3.2957359595800653
TSC_het,OFT-0373-00,medium,501,4.11170176146261,0.9971910112359551,0.9971910112359551,2.6263311443059774,3.202337465435052
TSC_het,OFT-0373-00,slow,502,4.848339834710136,0.9971910112359551,0.9971910112359551,2.6094468813187044,3.0582984385511263
TSC_het,OFT-0378-00,fast,503,5.714594338573971,0.9971910112359551,0.9971910112359551,2.5893059550895634,3.276604775229537
TSC_het,OFT-0378-00,medium,504,4.679368485274972,0.9971910112359551,0.9971910112359551,2.6015674704161014,3.247055027036232
TSC_het,OFT-0378-00,slow,505,4.305583058182458,1.103932584269663,1.103932584269663,2.726083866244125,3.2517241381156103
TSC_het,OFT-0387-00,fast,506,4.9098310707548185,0.9971910112359551,0.9971910112359551,2.475023181016624,3.1383073457725668
TSC_het,OFT-0387-00,medium,507,4.31835123281196,0.9971910112359551,0.9971910112359551,2.5455266734185833,3.20594729667846
TSC_het,OFT-0387-00,slow,508,4.318894094478875,0.9971910112359551,0.9971910112359551,2.6598112992898413,3.2693069858837176
TSC_het,OFT-0392-00,fast,509,4.3762844600407,0.9971910112359551,0.9971910112359551,2.5088407680298532,3.160216403254623
TSC_het,OFT-0392-00,slow,510,5.073293194801927,0.9971910112359551,0.9971910112359551,2.653945101339614,3.208834114288386
TSC_het,OFT-0392-00,medium,511,4.722678469388353,0.25,0.25,2.692734830432405,3.2313984678608736
TSC_het,OFT-0393-00,slow,512,4.079786877026823,0.9971910112359551,0.9971910112359551,2.584316079859669,3.1722401832800053
TSC_het,OFT-0393-00,fast,513,4.502444983489174,0.9971910112359551,0.9971910112359551,2.5223108733965254,3.247643235646529
TSC_het,OFT-0393-00,medium,514,4.266934614532913,0.9971910112359551,0.9971910112359551,2.593195939171087,3.2269666818925296
TSC_het,OFT-0396-00,fast,515,4.091456195957211,2.0646067415730336,2.0646067415730336,2.5615927093655535,3.0813785576699986
TSC_het,OFT-0396-00,medium,516,4.07932629533646,0.9971910112359551,0.9971910112359551,2.652642213821804,3.15306277252044
TSC_het,OFT-0396-00,slow,517,4.3780560610692305,0.9438202247191011,0.9438202247191011,2.8626155029602804,3.2774594462092366
TSC_het,OFT-0397-00,medium,518,4.139127913893855,1.050561797752809,1.050561797752809,2.5907060538289106,3.178130653838339
TSC_het,OFT-0397-00,fast,519,4.271488393135648,0.9971910112359551,0.9971910112359551,2.568636427627342,3.164987263480273
TSC_het,OFT-0397-00,slow,520,3.992785768479945,0.9438202247191011,0.9438202247191011,2.6163977849148288,3.1329475510155786
TSC_het,OFT-0408-00,fast,521,4.499231401011593,0.9971910112359551,0.9971910112359551,2.653233654145313,3.214114493051571
TSC_het,OFT-0408-00,medium,522,4.16800062964177,1.103932584269663,1.103932584269663,2.4948944773534794,2.9333959198418693
TSC_het,OFT-0408-00,slow,523,4.126292493717413,1.851123595505618,1.851123595505618,2.3176161350171487,2.8616181050541623
TSC_het,OFT-0409-00,fast,524,4.305770497514257,0.9971910112359551,0.9971910112359551,2.4893829609611138,3.224402936963466
TSC_het,OFT-0409-00,slow,525,3.7759353332679404,0.9971910112359551,0.9971910112359551,2.446743441062837,2.9503107751136053
TSC_het,OFT-0409-00,medium,526,4.362104399400509,0.9971910112359551,0.9971910112359551,2.620198433577037,3.194350728157126
TSC_het,OFT-0413-00,fast,527,4.515090849048341,0.9971910112359551,0.9971910112359551,2.5936854210414864,3.327618932736499
TSC_het,OFT-0413-00,medium,528,3.9622433469719707,0.9971910112359551,0.9971910112359551,2.5896809763838218,3.230247979503296
TSC_het,OFT-0413-00,slow,529,3.965304600630504,0.9971910112359551,0.9971910112359551,2.623430769567002,3.0844933850983325
TSC_het,OFT-0459-00,slow,530,4.253721376392288,0.9971910112359551,0.9971910112359551,2.692591923254236,3.148234628686906
TSC_het,OFT-0459-00,medium,531,4.132966926805671,0.9971910112359551,0.9971910112359551,2.657324524028356,3.2342784318247895
TSC_het,OFT-0459-00,fast,532,4.429012691958346,0.9971910112359551,0.9971910112359551,2.609335079240126,3.154304434781732
TSC_het,OFT-0462-00,slow,533,4.02597130937749,0.9971910112359551,0.9971910112359551,2.5219672273174183,3.0839689035364715
TSC_het,OFT-0462-00,fast,534,4.398608232977129,0.9971910112359551,0.9971910112359551,2.5284402597185767,3.228693754261432
TSC_het,OFT-0462-00,medium,535,4.10028580847707,0.9971910112359551,0.9971910112359551,2.580611055032326,3.128324834645127
TSC_het,OFT-0467-00,fast,536,4.630722425113155,0.9971910112359551,0.9971910112359551,2.602078955977224,3.1673381152266846
TSC_het,OFT-0467-00,medium,537,4.214797763644908,0.9971910112359551,0.9971910112359551,2.5259262694291307,3.1532889855576762
TSC_het,OFT-0467-00,slow,538,5.066694558182022,0.9971910112359551,0.9971910112359551,2.634520852066733,3.1982546440699213
TSC_het,OFT-0470-00,medium,539,3.9831440040233295,1.050561797752809,1.050561797752809,2.5974685959370847,3.102871077697786
TSC_het,OFT-0470-00,fast,540,4.220291319909118,0.9971910112359551,0.9971910112359551,2.592488960345177,3.174153839301709
TSC_het,OFT-0470-00,slow,541,4.235771419711601,0.9971910112359551,0.9971910112359551,2.6078234825590734,3.006959761505488
TSC_het,OFT-0475-00,slow,542,4.364350578268341,0.9971910112359551,0.9971910112359551,2.845348649030761,3.3575283609750857
TSC_het,OFT-0475-00,fast,543,4.375099826668228,0.9971910112359551,0.9971910112359551,2.649188458893133,3.3073489143276826
TSC_het,OFT-0475-00,medium,544,4.077638267364783,0.9971910112359551,0.9971910112359551,2.5949547655696215,3.011599791978955
TSC_het,OFT-0480-00,fast,545,4.184258300240251,0.9971910112359551,0.9971910112359551,2.4599403093606944,3.106734375655634
TSC_het,OFT-0480-00,slow,546,3.95498360713773,1.050561797752809,1.050561797752809,2.5820038928046114,3.1249624176267585
TSC_het,OFT-0480-00,medium,547,4.332661346357519,0.9971910112359551,0.9971910112359551,2.58685175875021,3.143261205345927
TSC_het,OFT-0485-00,fast,548,4.255426748550779,0.9971910112359551,0.9971910112359551,2.5716738840228888,3.152131352053854
TSC_het,OFT-0485-00,medium,549,4.116930915002873,0.9971910112359551,0.9971910112359551,2.4121399848439626,2.958975072099154
TSC_het,OFT-0485-00,slow,550,3.9751463265029034,0.9971910112359551,0.9971910112359551,2.6622137803909407,3.113281664323877
TSC_het,OFT-0489-00,medium,551,4.721422353258427,0.9971910112359551,0.9971910112359551,2.5517288047651716,3.0240953675150544
TSC_het,OFT-0489-00,fast,552,4.253700003372047,0.9971910112359551,0.9971910112359551,2.5828368858880046,3.1785293828670733
TSC_het,OFT-0489-00,slow,553,4.708028321551397,2.0646067415730336,2.0646067415730336,2.5527887155095694,2.8949742986796965
TSC_het,OFT-0513-00,slow,554,4.732905116540234,0.9971910112359551,0.9971910112359551,2.657377032767674,3.0588932490657963
TSC_het,OFT-0513-00,medium,555,4.037417980499161,0.9971910112359551,0.9971910112359551,2.5881717856856645,3.0555845015003853
TSC_het,OFT-0513-00,fast,556,4.603499856295669,0.9971910112359551,0.9971910112359551,2.4746597600468667,3.0779066776658826
TSC_het,OFT-0514-00,slow,557,4.168018577607955,0.9971910112359551,0.9971910112359551,2.6278796948773997,3.0983472579777134
TSC_het,OFT-0514-00,medium,558,4.008463613322002,0.9971910112359551,0.9971910112359551,2.4765291805990417,3.0206676378807686
TSC_het,OFT-0514-00,fast,559,4.355328087523033,0.9971910112359551,0.9971910112359551,2.444967399506367,3.0149199805816758
TSC_het,OFT-0525-00,slow,560,4.155360665921725,0.9971910112359551,0.9971910112359551,2.660829134019386,3.236173369228903
TSC_het,OFT-0525-00,medium,561,4.2682470071035885,0.9971910112359551,0.9971910112359551,2.537239681884772,3.1634102986236106
TSC_het,OFT-0525-00,fast,562,4.5293814619740695,0.9971910112359551,0.9971910112359551,2.450430056829667,2.974967633242381
TSC_het,OFT-0526-00,medium,563,3.9802259732785292,0.9971910112359551,0.9971910112359551,2.5164024035447192,3.0448871574509915
TSC_het,OFT-0526-00,slow,564,4.157302559769477,0.9438202247191011,0.9438202247191011,2.7824888307249305,3.3176527612532256
TSC_het,OFT-0526-00,fast,565,3.958667682765915,0.9971910112359551,0.9971910112359551,2.5384522755206294,3.081289408988223
TSC_het,OFT-0531-00,medium,566,3.932739652447831,1.050561797752809,1.050561797752809,2.4651961638925215,3.006804866077554
TSC_het,OFT-0531-00,fast,567,4.232683767617242,0.9971910112359551,0.9971910112359551,2.592912186489982,3.1569574263286073
TSC_het,OFT-0531-00,slow,568,3.9405865792334764,0.9971910112359551,0.9971910112359551,2.5990845213042957,3.1437281417323737
TSC_het,OFT-0532-00,medium,569,4.017486515697542,0.9971910112359551,0.9971910112359551,2.623394530552625,3.113701163872235
TSC_het,OFT-0532-00,slow,570,4.8958649258107405,0.9971910112359551,0.9971910112359551,2.7332967782208177,3.2734314288513913
TSC_het,OFT-0532-00,fast,571,4.206267283344656,0.9971910112359551,0.9971910112359551,2.5205980577505684,3.0139018424118227
TSC_het,OFT-0536-00,medium,572,4.41966282860021,0.9971910112359551,0.9971910112359551,2.5513341667241543,3.0800029856863995
TSC_het,OFT-0536-00,fast,573,4.662072788705961,0.9971910112359551,0.9971910112359551,2.550570451320488,3.078964732959131
TSC_het,OFT-0536-00,slow,574,3.8935317935073703,0.9971910112359551,0.9971910112359551,2.6352776493844954,3.155625113037712
TSC_het,OFT-0537-00,medium,575,4.23021331774554,0.9971910112359551,0.9971910112359551,2.5062991378107475,2.881548462801561
TSC_het,OFT-0537-00,fast,576,4.975850555297147,0.9971910112359551,0.9971910112359551,2.470023461147003,3.030644688792895
TSC_het,OFT-0537-00,slow,577,4.463766957792364,1.797752808988764,1.797752808988764,2.703118294566826,3.411885823474143
TSC_het,OFT-0544-00,medium,578,4.150133137113622,0.9971910112359551,0.9971910112359551,2.4486792965017705,3.1217052523789506
TSC_het,OFT-0544-00,fast,579,5.421947665404066,0.9971910112359551,0.9971910112359551,2.575102445813828,3.244399596544262
TSC_het,OFT-0544-00,slow,580,4.247887486401437,0.9971910112359551,0.9971910112359551,2.500867776865822,3.00411696372016
TSC_het,OFT-0588-00,medium,581,3.933140772463597,0.9971910112359551,0.9971910112359551,2.565988047194887,3.0042262671068665
TSC_het,OFT-0588-00,fast,582,4.41544655917885,0.9971910112359551,0.9971910112359551,2.6156087875536964,3.2596014869982386
TSC_het,OFT-0588-00,slow,583,4.31791886152494,0.9971910112359551,0.9971910112359551,2.6331757227508614,3.1699230393411426
TSC_het,OFT-0589-00,slow,584,3.845782751338651,0.9971910112359551,0.9971910112359551,2.6132265087113904,3.054081405959716
TSC_het,OFT-0589-00,medium,585,3.950391529849497,0.9971910112359551,0.9971910112359551,2.561429827084893,3.142096590400019
TSC_het,OFT-0589-00,fast,586,4.341729276961389,0.9971910112359551,0.9971910112359551,2.5066420404860543,3.0797687767290887
TSC_het,OFT-0591-00,slow,587,4.829076290270737,0.9971910112359551,0.9971910112359551,2.6927483399255867,3.2256467143617122
TSC_het,OFT-0591-00,medium,588,4.630216741088205,0.9971910112359551,0.9971910112359551,2.6248999846788603,3.127987833085892
TSC_het,OFT-0591-00,fast,589,4.664972702563351,0.9971910112359551,0.9971910112359551,2.6213552758016707,3.1539062670334563
TSC_het,OFT-0592-00,fast,590,4.081375897636801,0.9971910112359551,0.9971910112359551,2.4892302005246303,3.0055768341509013
TSC_het,OFT-0592-00,medium,591,4.799471442010579,0.9971910112359551,0.9971910112359551,2.625218702731912,3.083976238617353
TSC_het,OFT-0592-00,slow,592,4.031820367211167,0.9971910112359551,0.9971910112359551,2.6681679230503272,3.0477890952460096
TSC_het,OFT-0594-00,medium,593,3.8438456081632504,0.9971910112359551,0.9971910112359551,2.421271617721129,2.903513592421052
TSC_het,OFT-0594-00,fast,594,4.297656574547517,0.9971910112359551,0.9971910112359551,2.5885069633625895,3.0044050491519716
TSC_het,OFT-0594-00,slow,595,4.815485685029975,4.03932584269663,4.03932584269663,2.7649774581887265,3.0923595169342017
TSC_het,OFT-0595-00,medium,596,4.39715155831842,0.9971910112359551,0.9971910112359551,2.5893629081878666,3.1615323537830573
TSC_het,OFT-0595-00,slow,597,5.097136080250835,0.8370786516853933,0.8370786516853933,2.825998531145096,3.4016949759345096
TSC_het,OFT-0595-00,fast,598,4.883372702776428,0.9971910112359551,0.9971910112359551,2.5254449168317024,3.12737916008517
TSC_het,OFT-0601-00,medium,599,4.950950345858547,0.9971910112359551,0.9971910112359551,2.5183526875106153,3.0998053980020153
TSC_het,OFT-0601-00,fast,600,4.211236917597097,0.9971910112359551,0.9971910112359551,2.4751691901948196,3.0723685589167813
TSC_het,OFT-0601-00,slow,601,4.38770878956462,0.9971910112359551,0.9971910112359551,2.582361525672361,3.012288630280105
TSC_het,OFT-0602-00,fast,602,4.471232200805766,0.9971910112359551,0.9971910112359551,2.5433451558991553,3.0880773993089323
TSC_het,OFT-0602-00,medium,603,4.426104822569868,0.9971910112359551,0.9971910112359551,2.4782873618879417,2.991208636970318
TSC_het,OFT-0602-00,slow,604,4.3745133635046916,0.9971910112359551,0.9971910112359551,2.5617420772452744,2.9345766933390487
TSC_het,OFT-0604-00,medium,605,3.9686973046245155,0.9971910112359551,0.9971910112359551,2.5327774869268014,3.0059716705998296
TSC_het,OFT-0604-00,slow,606,4.425963184870338,2.918539325842697,2.918539325842697,2.5441203945447017,2.9672498364396778
TSC_het,OFT-0604-00,fast,607,4.782015716913939,1.904494382022472,1.904494382022472,2.652201792525622,3.289202798283147
TSC_het,OFT-0610-00,fast,608,4.57696963002916,0.9971910112359551,0.9971910112359551,2.6244691526992043,3.1918360407300255
TSC_het,OFT-0610-00,slow,609,4.658785665504975,1.5308988764044944,1.5308988764044944,2.702519537087855,3.0768735633181974
TSC_het,OFT-0610-00,medium,610,4.249759149133211,0.9971910112359551,0.9971910112359551,2.550944052324976,3.091491185772193
TSC_het,OFT-0614-00,fast,611,4.251857351573815,0.9971910112359551,0.9971910112359551,2.569514222132715,3.1413706049171397
TSC_het,OFT-0614-00,medium,612,4.203525224851955,0.9971910112359551,0.9971910112359551,2.496060876186876,3.0776303251291095
TSC_het,OFT-0614-00,slow,613,5.986969822155336,1.050561797752809,1.050561797752809,2.752715756514394,3.3276230691638404
TSC_het,OFT-0617-00,slow,614,4.17080147280595,0.9971910112359551,0.9971910112359551,2.575558113768852,3.18075590788082
TSC_het,OFT-0617-00,medium,615,4.37890349750871,0.9971910112359551,0.9971910112359551,2.444909451365311,3.063035275089908
TSC_het,OFT-0617-00,fast,616,4.166180680100443,0.9971910112359551,0.9971910112359551,2.4112656456857895,3.0217932750386978
TSC_het,OFT-0620-00,slow,617,4.866478791292028,0.9971910112359551,0.9971910112359551,2.585369084776881,3.109699660610506
TSC_het,OFT-0620-00,fast,618,4.117803718449727,0.9971910112359551,0.9971910112359551,2.5149491358667757,3.0874409587515372
TSC_het,OFT-0620-00,medium,619,4.016328533809302,0.9971910112359551,0.9971910112359551,2.5506158149658664,3.097116814210436
TSC_het,OFT-0621-00,slow,620,4.147434439255791,2.811797752808989,2.811797752808989,2.6826156078357632,3.148081237833683
TSC_het,OFT-0621-00,medium,621,4.324898665800902,0.9971910112359551,0.9971910112359551,2.59551370578711,3.0752410330180813
TSC_het,OFT-0621-00,fast,622,4.722078434185925,0.9971910112359551,0.9971910112359551,2.5282973488060376,3.2253694673591355
TSC_het,OFT-0624-00,slow,623,3.98963643721457,0.9971910112359551,0.9971910112359551,2.5854586398768604,2.9834668154930517
TSC_het,OFT-0624-00,medium,624,3.9557096974990635,0.9971910112359551,0.9971910112359551,2.553357452404361,3.0314780767505325
TSC_het,OFT-0624-00,fast,625,4.1790058073047796,0.9971910112359551,0.9971910112359551,2.559069716406398,3.0694263586003054
TSC_het,OFT-0628-00,medium,626,4.292550343451811,0.9971910112359551,0.9971910112359551,2.60432289503836,3.1129097322081978
TSC_het,OFT-0628-00,slow,627,3.9072359371608196,0.9438202247191011,0.9438202247191011,2.5741177168032214,3.0757601927150025
TSC_het,OFT-0628-00,fast,628,4.395204063182707,0.9971910112359551,0.9971910112359551,2.529884980884823,3.113643312061945
TSC_het,OFT-0630-00,medium,629,4.124265548509437,1.050561797752809,1.050561797752809,2.5926184156609637,3.246281585060141
TSC_het,OFT-0630-00,slow,630,4.151786081996391,0.9971910112359551,0.9971910112359551,2.6186607163098055,3.11215125162488
TSC_het,OFT-0630-00,fast,631,4.290111997080887,0.9971910112359551,0.9971910112359551,2.580281157748525,3.190202529803533
TSC_het,OFT-0632-00,medium,632,4.422837013939405,0.9971910112359551,0.9971910112359551,2.660188875272807,3.078499014591462
TSC_het,OFT-0632-00,fast,633,7.88495677051998,2.0112359550561796,2.0112359550561796,2.5814466819701947,2.9880437152839443
TSC_het,OFT-0632-00,slow,634,3.861168173634165,1.9578651685393258,1.9578651685393258,2.5867757543120877,3.026948618855747
TSC_het,OFT-0634-00,medium,635,4.234835111791799,0.9971910112359551,0.9971910112359551,2.5943466697058133,3.1279097274520886
TSC_het,OFT-0634-00,slow,636,4.2017141098215305,1.050561797752809,1.050561797752809,2.7134868604884104,3.2520639931085826
TSC_het,OFT-0634-00,fast,637,4.337650502756364,0.9971910112359551,0.9971910112359551,2.4949522917991445,3.144858635943193
TSC_het,OFT-0636-00,slow,638,4.713362889840448,2.0646067415730336,2.0646067415730336,2.5531196652699117,3.0994794836860002
TSC_het,OFT-0636-00,medium,639,4.276817853918923,0.9971910112359551,0.9971910112359551,2.6095755336423734,3.222343253043238
TSC_het,OFT-0636-00,fast,640,4.642789408279746,0.9971910112359551,0.9971910112359551,2.590869728167671,3.2500152478078
TSC_het,OFT-0640-00,fast,641,4.1035208141022235,0.9971910112359551,0.9971910112359551,2.614926655590518,3.1828205384905552
TSC_het,OFT-0640-00,slow,642,3.75681324938618,0.9971910112359551,0.9971910112359551,2.6563764183073477,2.9154984635969994
TSC_het,OFT-0640-00,medium,643,4.034691750162005,0.9971910112359551,0.9971910112359551,2.645450056116914,3.1320285340412544
TSC_het,OFT-0647-00,slow,644,4.333292992263703,0.9971910112359551,0.9971910112359551,2.489111284824777,3.0975965015441007
TSC_het,OFT-0647-00,medium,645,4.5406857499191995,0.9971910112359551,0.9971910112359551,2.5427317271215975,3.177661085680307
TSC_het,OFT-0647-00,fast,646,4.656533687723616,0.9971910112359551,0.9971910112359551,2.500424063319233,3.2278964074709795
TSC_het,OFT-0650-00,slow,647,4.040264644454051,0.9971910112359551,0.9971910112359551,2.5932535537129713,3.140257806994376
TSC_het,OFT-0650-00,fast,648,4.32419670266129,0.9971910112359551,0.9971910112359551,2.488331365040591,3.1494183080626343
TSC_het,OFT-0650-00,medium,649,4.167123251783034,0.9971910112359551,0.9971910112359551,2.5727606545836283,3.0974358288226314
TSC_het,OFT-0657-00,slow,650,4.218263694261283,0.9971910112359551,0.9971910112359551,2.6987266170070443,3.2212168991935424
TSC_het,OFT-0657-00,medium,651,4.417116182512286,0.9971910112359551,0.9971910112359551,2.57768340880751,3.0657349978361133
TSC_het,OFT-0657-00,fast,652,4.132658812498806,2.1179775280898876,2.1179775280898876,2.6788088394290943,3.1916952744022984
TSC_het,OFT-0661-00,medium,653,5.6637958063645835,1.5308988764044944,1.5308988764044944,2.6790897232813546,3.06921983478382
TSC_het,OFT-0661-00,fast,654,4.188211853492592,0.9971910112359551,0.9971910112359551,2.564823952908335,3.1229384553102535
TSC_het,OFT-0661-00,slow,655,3.714042242571132,3.292134831460674,3.292134831460674,2.2995941862320284,2.4202086943051584
TSC_het,OFT-0668-00,fast,656,4.4061532146759586,0.9971910112359551,0.9971910112359551,2.457100496757521,3.0396091431637617
TSC_het,OFT-0668-00,slow,657,4.002441968218401,1.050561797752809,1.050561797752809,2.5366182371231125,3.1494231912511705
TSC_het,OFT-0668-00,medium,658,4.084927994711081,0.9971910112359551,0.9971910112359551,2.5175747394723307,3.0062592133689288
TSC_het,OFT-0670-00,medium,659,3.9152246972270395,3.0252808988764044,3.0252808988764044,2.5785148594037177,2.6420954666609195
TSC_het,OFT-0670-00,slow,660,4.331833958580308,2.0646067415730336,2.0646067415730336,2.3189237449023925,2.2274575760614392
TSC_het,OFT-0670-00,fast,661,5.766266043654415,1.103932584269663,1.103932584269663,2.477279080129478,3.0003261520099014
TSC_het,OFT-0674-00,slow,662,4.732249814144486,0.7837078651685393,0.7837078651685393,2.7636083430469505,3.396770709759382
TSC_het,OFT-0674-00,fast,663,5.052258900520203,1.904494382022472,1.904494382022472,2.702958946380599,3.2537858682764176
TSC_het,OFT-0674-00,medium,664,5.420314210371237,0.9971910112359551,0.9971910112359551,2.7355791924271196,3.171761073593509
TSC_het,OFT-0678-00,medium,665,4.33175027396476,0.9971910112359551,0.9971910112359551,2.614768750292013,2.843108983845347
TSC_het,OFT-0678-00,fast,666,3.820616057156926,0.9971910112359551,0.9971910112359551,2.353532330636761,2.605201766432624
TSC_het,OFT-0683-00,medium,668,4.1528450759099025,0.9971910112359551,0.9971910112359551,2.484366046034099,3.101862714339259
TSC_het,OFT-0683-00,slow,669,4.1667170909191205,0.9971910112359551,0.9971910112359551,2.572387167716824,3.1164081477122605
TSC_het,OFT-0683-00,fast,670,4.337838375251389,0.9971910112359551,0.9971910112359551,2.45878719085003,3.122592856977786
TSC_het,OFT-0693-00,slow,671,4.484165880762673,0.9971910112359551,0.9971910112359551,2.6194004720733357,3.1881598664792072
TSC_het,OFT-0693-00,medium,672,4.549698794592831,0.9971910112359551,0.9971910112359551,2.579592629107314,3.205597264498419
TSC_het,OFT-0693-00,fast,673,4.212826618114538,0.9971910112359551,0.9971910112359551,2.5093917120890983,3.0819831420836947
TSC_het,OFT-0694-00,slow,674,4.226623295092248,0.9971910112359551,0.9971910112359551,2.61404132404167,3.206279366405566
TSC_het,OFT-0694-00,medium,675,4.129313026014837,0.9971910112359551,0.9971910112359551,2.557280043625282,3.08246944974076
TSC_het,OFT-0694-00,fast,676,4.4244787856063095,0.9971910112359551,0.9971910112359551,2.5130908738862683,3.1366019395763267
TSC_het,OFT-0702-00,fast,677,4.2277185582759955,0.988061797752809,1.3174157303370786,2.7678505232780646,3.349600337889383
TSC_het,OFT-0702-00,slow,678,4.409225215080003,0.9971910112359551,0.9971910112359551,2.5144870350962223,3.036288895377721
TSC_het,OFT-0702-00,medium,679,4.16154061668758,0.9971910112359551,0.9971910112359551,2.5578728601324268,3.1409302458523074
TSC_het,OFT-0708-00,fast,680,4.286247785138096,0.9971910112359551,0.9971910112359551,2.496272732565554,3.0604105963372974
TSC_het,OFT-0708-00,medium,681,3.8809993647164323,0.9971910112359551,0.9971910112359551,2.4875318649690064,3.017146119002043
TSC_het,OFT-0708-00,slow,682,4.28738839333204,0.9971910112359551,0.9971910112359551,2.600087077079005,3.1444267120126197
TSC_hom,OFT-0637-00,medium,683,4.09621075997746,1.050561797752809,1.050561797752809,2.6260414298133625,3.1275854934802836
TSC_hom,OFT-0637-00,fast,684,4.122831424474638,0.9971910112359551,0.9971910112359551,2.5727960046033247,3.0152245372161333
TSC_hom,OFT-0637-00,slow,685,3.8168499040531305,0.9971910112359551,0.9971910112359551,2.5829261498760996,3.0093756069307713
TSC_hom,OFT-0639-00,slow,686,4.38425903454524,0.9971910112359551,0.9971910112359551,2.4567308647439776,2.895436533198478
TSC_hom,OFT-0639-00,fast,687,4.335177764926405,0.9971910112359551,0.9971910112359551,2.5622554578610552,3.0922177869657066
TSC_hom,OFT-0639-00,medium,688,4.009694477511051,0.9971910112359551,0.9971910112359551,2.617995766524353,3.034251165916808
TSC_hom,OFT-0648-00,medium,689,4.083391186768607,0.8904494382022472,0.8904494382022472,2.565794242888838,2.8876366819426775
TSC_hom,OFT-0648-00,slow,690,3.9603605202230696,1.1573033707865168,1.1573033707865168,2.70126184319452,3.0093956376285234
TSC_hom,OFT-0648-00,fast,691,4.036758553009907,0.9971910112359551,0.9971910112359551,2.5941041885594447,2.894619318191472
TSC_hom,OFT-0649-00,slow,692,4.59653499920517,0.9971910112359551,0.9971910112359551,2.706711835810057,3.022829357693687
TSC_hom,OFT-0649-00,medium,693,3.969692498317993,0.9971910112359551,0.9971910112359551,2.5906816300044526,2.938956676769253
TSC_hom,OFT-0649-00,fast,694,4.052460002745679,0.9971910112359551,0.9971910112359551,2.5117195834960726,2.9495553307198277
TSC_hom,OFT-0658-00,slow,695,4.509106580912977,2.0112359550561796,2.0112359550561796,2.635249927083338,3.033369472960653
TSC_hom,OFT-0658-00,medium,696,4.234726375972619,0.9971910112359551,0.9971910112359551,2.6691117453273314,3.119139713116186
TSC_hom,OFT-0658-00,fast,697,4.277074338764505,0.9971910112359551,0.9971910112359551,2.482837086587768,3.0227585869811575
TSC_hom,OFT-0660-00,slow,698,3.6531134895963477,0.9971910112359551,0.9971910112359551,2.6014439683966635,2.9366652853070967
TSC_hom,OFT-0660-00,medium,699,3.9691726297910708,0.9971910112359551,0.9971910112359551,2.607148655815318,3.0805656283276663
TSC_hom,OFT-0660-00,fast,700,4.459544981079025,0.9971910112359551,0.9971910112359551,2.637153419403646,2.946545615954809
TSC_hom,OFT-0669-00,fast,701,4.9503773728296645,2.0646067415730336,2.0646067415730336,2.5676501039582527,2.8401307673456575
TSC_hom,OFT-0669-00,medium,702,4.114199195249044,0.9971910112359551,0.9971910112359551,2.5974879010507554,2.8388849788448534
TSC_hom,OFT-0669-00,slow,703,4.24986945469574,3.7724719101123596,3.7724719101123596,2.6961576387504507,3.12033639170024
TSC_hom,OFT-0673-00,slow,704,3.833843705017117,0.9971910112359551,0.9971910112359551,2.6668828744773996,3.053407185911066
TSC_hom,OFT-0673-00,medium,705,4.3460672584687465,0.9971910112359551,0.9971910112359551,2.6282186271722336,3.0540173572301863
TSC_hom,OFT-0673-00,fast,706,4.153652559723037,0.9971910112359551,0.9971910112359551,2.5995272178966955,3.031479220578613
TSC_hom,OFT-0679-00,slow,707,4.345379057324027,0.46348314606741575,0.46348314606741575,2.644383844068656,2.942633152464904
TSC_hom,OFT-0679-00,medium,708,3.6705078586147946,1.050561797752809,1.050561797752809,2.585548906592182,2.936817415044119
TSC_hom,OFT-0679-00,fast,709,4.144317811012832,2.0112359550561796,2.0112359550561796,2.613236630473263,3.002354356979651
TSC_hom,OFT-0681-00,medium,710,4.827394884037766,0.9971910112359551,0.9971910112359551,2.6953314088056777,3.085698410514502
TSC_hom,OFT-0681-00,slow,711,3.968286132120456,0.9971910112359551,0.9971910112359551,2.658866282400011,2.9460850413577773
TSC_hom,OFT-0681-00,fast,712,4.859042889596152,2.0112359550561796,2.0112359550561796,2.684707601297706,3.0891907382539436
TSC_hom,OFT-0684-00,slow,713,4.755415672100481,0.9971910112359551,0.9971910112359551,2.6777751623014017,3.1494697430207452
TSC_hom,OFT-0684-00,fast,714,3.9647075557192837,2.0112359550561796,2.0112359550561796,2.6416153105847457,2.9509239862748093
TSC_hom,OFT-0684-00,medium,715,4.056636922675303,1.103932584269663,1.103932584269663,2.6399712471128027,3.027075974147451
TSC_hom,OFT-0712-00,slow,716,5.2237666945435866,2.811797752808989,2.811797752808989,2.6926939183500167,2.9442781038152783
TSC_hom,OFT-0712-00,medium,717,4.31758896640429,0.9971910112359551,0.9971910112359551,2.55847544608383,2.94306815540423
TSC_hom,OFT-0712-00,fast,718,3.9901403997827076,0.9971910112359551,0.9971910112359551,2.5535997420675356,3.0007015459189166
TSC_hom,OFT-0713-00,slow,719,3.8376734443476357,0.9971910112359551,0.9971910112359551,2.530529756798155,3.0724876089382893
TSC_hom,OFT-0713-00,fast,720,4.39658863940293,0.9971910112359551,0.9971910112359551,2.599148665410503,3.143962921564017
TSC_hom,OFT-0713-00,medium,721,4.5963074764384135,0.9971910112359551,0.9971910112359551,2.5762181355931797,3.170677583017144
TSC_hom,OFT-0714-00,slow,722,4.107178840209476,1.050561797752809,1.050561797752809,2.5892235307166356,3.1526403040138944
TSC_hom,OFT-0714-00,medium,723,4.001432261713264,0.9971910112359551,0.9971910112359551,2.5331172681283096,3.069137212701701
TSC_hom,OFT-0714-00,fast,724,4.085405680284836,0.9971910112359551,0.9971910112359551,2.6438266027389288,3.1897821912369153
TSC_hom,OFT-0715-00,slow,725,4.314844190526888,2.0112359550561796,2.0112359550561796,2.5698548003435358,2.9447187992527644
TSC_hom,OFT-0715-00,medium,726,3.953502496750077,1.050561797752809,1.050561797752809,2.5837896168369054,3.0045168385322647
TSC_hom,OFT-0715-00,fast,727,4.369943064830669,0.9971910112359551,0.9971910112359551,2.6264891892293543,3.163095335207469
TSC_hom,OFT-0716-00,medium,728,4.038343510426861,0.9971910112359551,0.9971910112359551,2.641291901733773,3.1910868683838203
TSC_hom,OFT-0716-00,fast,729,4.532277810814579,0.988061797752809,1.3174157303370786,2.8538006217141794,3.2503443519104045
TSC_hom,OFT-0716-00,slow,730,4.450139725171387,0.9971910112359551,0.9971910112359551,2.654455224150844,3.146450385865064
TSC_hom,OFT-0717-00,slow,731,3.8380942433434067,0.4101123595505618,0.4101123595505618,2.5702672597230616,2.836692175100381
TSC_hom,OFT-0717-00,fast,732,4.7081393398862454,2.0112359550561796,2.0112359550561796,2.5481003696909927,2.8470633972749355
TSC_hom,OFT-0717-00,medium,733,4.2786507847834425,2.0112359550561796,2.0112359550561796,2.584343608893647,2.8673343261914663
TSC_hom,OFT-0718-00,fast,734,4.317482197366774,1.0280898876404494,1.3707865168539326,2.829478304962499,3.2907767157949293
TSC_hom,OFT-0718-00,medium,735,4.034568037177078,0.9971910112359551,0.9971910112359551,2.6348100234646115,3.1686634632900232
TSC_hom,OFT-0718-00,slow,736,4.03265059639947,0.9971910112359551,0.9971910112359551,2.6501677605171334,3.084328085962219
TSC_hom,OFT-0719-00,slow,737,4.437761017982308,0.9971910112359551,0.9971910112359551,2.6029018306710325,2.9129062190733337
TSC_hom,OFT-0719-00,medium,738,4.100558371727705,0.9971910112359551,0.9971910112359551,2.619633157636377,2.9498764126952812
TSC_hom,OFT-0719-00,fast,739,4.707606320232916,2.0112359550561796,2.0112359550561796,2.6033433132451833,2.926550762291572
TSC_hom,OFT-0720-00,fast,740,4.0698316906991225,1.0280898876404494,1.3707865168539326,2.7536174748466293,3.2206441178930736
TSC_hom,OFT-0720-00,medium,741,4.189006276228659,0.9971910112359551,0.9971910112359551,2.545850061890161,3.172921043469095
TSC_hom,OFT-0720-00,slow,742,4.127451999730959,0.9971910112359551,0.9971910112359551,2.562407956698842,3.1223584243345703
TSC_hom,OFT-0721-00,slow,743,3.9159080490219287,0.9971910112359551,0.9971910112359551,2.5482435895206472,2.812217880529851
TSC_hom,OFT-0721-00,medium,744,3.8435176221661465,0.9971910112359551,0.9971910112359551,2.604345545622988,2.9938631223671432
TSC_hom,OFT-0721-00,fast,745,3.9011280681930844,2.0112359550561796,2.0112359550561796,2.5682365420118334,2.943179848130244
TSC_hom,OFT-0722-00,medium,746,4.1886421995959555,0.9971910112359551,0.9971910112359551,2.6940873572973234,3.325483955371262
TSC_hom,OFT-0722-00,fast,747,4.989311359573223,0.9971910112359551,0.9971910112359551,2.545227845971764,3.1395495202726833
TSC_hom,OFT-0722-00,slow,748,4.07036935259809,0.9971910112359551,0.9971910112359551,2.665397152611231,3.197365507719278
TSC_hom,OFT-0723-00,medium,749,4.262260139273024,0.9971910112359551,0.9971910112359551,2.5433577828638696,3.193225332596635
TSC_hom,OFT-0723-00,fast,750,4.4827910991114495,0.9971910112359551,0.9971910112359551,2.502183528719119,3.081135884764851
TSC_hom,OFT-0723-00,slow,751,3.9142441974875846,0.9971910112359551,0.9971910112359551,2.6111979785820214,3.192681398156812
TSC_hom,OFT-0724,slow,752,3.852022372210631,0.9438202247191011,0.9438202247191011,2.5618468792989835,3.154093614312292
TSC_hom,OFT-0724,medium,753,3.985822251121103,0.9971910112359551,0.9971910112359551,2.5933165776472777,3.08780767722982
TSC_hom,OFT-0724,fast,754,3.985801216113422,0.9971910112359551,0.9971910112359551,2.5931498732631293,3.063601953068769
TSC_hom,OFT-0725,slow,755,3.848935289634154,0.9971910112359551,0.9971910112359551,2.6516305954746446,3.032918213146186
TSC_hom,OFT-0725,fast,756,4.078985868698243,1.103932584269663,1.103932584269663,2.606561983382157,3.0504645119711795
TSC_hom,OFT-0725,medium,757,3.745260776442083,0.9971910112359551,0.9971910112359551,2.614422936840258,3.0224135257304865
TSC_hom,OFT-0726,slow,758,3.6456888005583457,0.9971910112359551,0.9971910112359551,2.653537075069302,3.0274894033829565
TSC_hom,OFT-0726,fast,759,3.919660505660897,0.9971910112359551,0.9971910112359551,2.557628387272555,3.025568896873048
TSC_hom,OFT-0726,medium,760,4.380819530210298,0.9971910112359551,0.9971910112359551,2.570537456239216,3.0148935679738575
TSC_hom,OFT-0727,slow,761,3.861963466920113,1.050561797752809,1.050561797752809,2.6005458718664634,2.874052757553525
TSC_hom,OFT-0727,fast,762,4.602104256571317,0.9971910112359551,0.9971910112359551,2.5497412652216127,3.155180560553842
TSC_hom,OFT-0727,medium,763,4.019286301152763,0.9971910112359551,0.9971910112359551,2.5959600890249233,3.030655731643307
TSC_hom,OFT-0728,medium,764,3.8004923802926074,0.9971910112359551,0.9971910112359551,2.570581421812753,3.0103946377364568
TSC_hom,OFT-0728,slow,765,4.169924216479334,0.9971910112359551,0.9971910112359551,2.6184747648758706,2.9482251948043214
TSC_hom,OFT-0728,fast,766,3.998391871547472,0.9971910112359551,0.9971910112359551,2.6088283786228423,3.0749417397163272
TSC_hom,OFT-0729,medium,767,4.017966713241495,1.050561797752809,1.050561797752809,2.564606484120822,3.0215847939422575
TSC_hom,OFT-0729,fast,768,3.939319528976769,0.9971910112359551,0.9971910112359551,2.5795844348213546,3.0730396725272873
TSC_hom,OFT-0729,slow,769,5.344697617495303,0.9971910112359551,0.9971910112359551,2.602411723627638,2.995741442578254
TSC_hom,OFT-0730,medium,770,4.047101963912501,0.9971910112359551,0.9971910112359551,2.605346894277913,3.035338389522419
TSC_hom,OFT-0730,slow,771,4.09277259848308,1.050561797752809,1.050561797752809,2.6206580741804464,2.98192376591718
TSC_hom,OFT-0730,fast,772,4.060542620268643,0.9971910112359551,0.9971910112359551,2.5608480457358453,3.074346830018574
TSC_hom,OFT-0731,slow,773,3.797806275696922,0.9971910112359551,0.9971910112359551,2.566448257432087,3.013296203567675
TSC_hom,OFT-0731,medium,774,3.9641448525547984,0.9971910112359551,0.9971910112359551,2.544388934329992,3.0365805131332104
TSC_hom,OFT-0731,fast,775,4.125576997776296,0.9971910112359551,0.9971910112359551,2.515641954043303,3.068586786649061
TSC_hom,OFT-0732,fast,776,4.046391537694507,0.9971910112359551,0.9971910112359551,2.625591158055288,3.09914077497295
TSC_hom,OFT-0732,medium,777,4.430114746441315,0.9971910112359551,0.9971910112359551,2.5875099396804058,3.148666649058731
TSC_hom,OFT-0732,slow,778,4.034828985783008,0.30337078651685395,0.30337078651685395,2.716226076090389,3.0265265423228302
TSC_hom,OFT-0733,slow,779,4.908284767655015,3.0786516853932584,3.0786516853932584,2.666160877484969,3.085258285699529
TSC_hom,OFT-0733,fast,780,4.170380157356879,0.9971910112359551,0.9971910112359551,2.5306390811150523,2.9940706575009557
TSC_hom,OFT-0733,medium,781,4.0750388511093405,1.050561797752809,1.050561797752809,2.5751826708254892,3.050468098566884
TSC_hom,OFT-0734,fast,782,4.417589741642988,0.9971910112359551,0.9971910112359551,2.675877902104238,3.2164569671560583
TSC_hom,OFT-0734,slow,783,4.610313397558391,2.918539325842697,2.918539325842697,2.7005432994615886,3.119810866637667
TSC_hom,OFT-0734,medium,784,4.714070097692975,1.050561797752809,1.050561797752809,2.6008467512714337,3.2034747519943894
TSC_hom,OFT-0735,slow,785,3.8773551607779977,0.9971910112359551,0.9971910112359551,2.507258077386916,2.8316815237795208
TSC_hom,OFT-0735,medium,786,3.9228199970929936,0.9971910112359551,0.9971910112359551,2.5730376409673235,2.9074940880994773
TSC_hom,OFT-0735,fast,787,4.571249458012289,0.9971910112359551,0.9971910112359551,2.6229793904629797,3.1738148050653603
TSC_neg,OFT-0360-00,fast,788,4.59028622766458,0.9971910112359551,0.9971910112359551,2.48693922630152,3.2222224995289834
TSC_neg,OFT-0360-00,slow,789,4.067190733415079,0.9971910112359551,0.9971910112359551,2.4951194441904025,3.066085772086314
TSC_neg,OFT-0360-00,medium,790,4.388765176598215,0.9971910112359551,0.9971910112359551,2.3630388751324474,2.891532502284788
TSC_neg,OFT-0362-00,slow,791,4.0967687234589105,1.103932584269663,1.103932584269663,2.666684355789023,3.3193520757436215
TSC_neg,OFT-0362-00,fast,792,4.173362957161669,0.9971910112359551,0.9971910112359551,2.4309924117840955,3.1796897296050988
TSC_neg,OFT-0362-00,medium,793,4.047442108747018,0.9971910112359551,0.9971910112359551,2.621713401099267,3.2505324276550387
TSC_neg,OFT-0363-00,medium,794,4.08338719798855,0.9971910112359551,0.9971910112359551,2.5669650447084855,3.176962207206883
TSC_neg,OFT-0363-00,fast,795,4.118899279957983,0.9971910112359551,0.9971910112359551,2.5040862590032593,3.2086195883294124
TSC_neg,OFT-0363-00,slow,796,3.8819543406221197,1.050561797752809,1.050561797752809,2.6194556199170487,3.2645005515727235
TSC_neg,OFT-0368-00,fast,797,4.531548477892052,0.9971910112359551,0.9971910112359551,2.544793981333333,3.336021154731837
TSC_neg,OFT-0368-00,medium,798,5.410968426009569,0.30337078651685395,0.30337078651685395,2.702811987924871,3.358175403482916
TSC_neg,OFT-0368-00,slow,799,4.154489914472153,0.9971910112359551,0.9971910112359551,2.7444041781734843,3.338222997658011
TSC_neg,OFT-0369-00,slow,800,4.343413971052002,0.9971910112359551,0.9971910112359551,2.60409726865852,3.150739121149269
TSC_neg,OFT-0369-00,medium,801,4.270447232322288,0.9971910112359551,0.9971910112359551,2.5072414265968757,3.168828577713063
TSC_neg,OFT-0369-00,fast,802,4.342722755157003,0.9971910112359551,0.9971910112359551,2.6222558509524583,3.2769881412087782
TSC_neg,OFT-0372-00,fast,803,4.294543695433997,0.9971910112359551,0.9971910112359551,2.477756547881001,3.112973382501546
TSC_neg,OFT-0372-00,slow,804,4.090582877820015,0.9971910112359551,0.9971910112359551,2.614640678946931,3.130817714032983
TSC_neg,OFT-0372-00,medium,805,4.249959118406621,0.9971910112359551,0.9971910112359551,2.5248210411026943,3.103602545854443
TSC_neg,OFT-0377-00,fast,806,4.591264724575146,0.9971910112359551,0.9971910112359551,2.536453895324129,3.224751831588898
TSC_neg,OFT-0377-00,medium,807,4.011374595722149,0.9971910112359551,0.9971910112359551,2.5881484775044563,3.2514313979405323
TSC_neg,OFT-0377-00,slow,808,4.021278864847928,0.9971910112359551,0.9971910112359551,2.4913891908829755,3.047539327705645
TSC_neg,OFT-0379-00,fast,809,4.5309117515458635,0.9971910112359551,0.9971910112359551,2.588861901585278,3.3369799336625907
TSC_neg,OFT-0379-00,slow,810,4.9068120256431715,0.25,0.25,2.7674455174361254,3.3449622765140252
TSC_neg,OFT-0379-00,medium,811,4.201888579394303,0.9971910112359551,0.9971910112359551,2.6139686135765463,3.2177403579155226
TSC_neg,OFT-0380-00,medium,812,4.266201940141413,0.9971910112359551,0.9971910112359551,2.557006948273826,3.287284430805507
TSC_neg,OFT-0380-00,fast,813,4.238777320766974,0.9971910112359551,0.9971910112359551,2.536368276286847,3.3008289825234685
TSC_neg,OFT-0380-00,slow,814,4.341119363183845,1.050561797752809,1.050561797752809,2.6562142359906558,3.3517267745069135
TSC_neg,OFT-0381-00,fast,815,4.97440414597417,0.9971910112359551,0.9971910112359551,2.6027278364939685,3.3433478078859147
TSC_neg,OFT-0381-00,medium,816,4.527041956021117,0.9438202247191011,0.9438202247191011,2.753506664469575,3.2677199286829266
TSC_neg,OFT-0381-00,slow,817,4.94389092890404,1.103932584269663,1.103932584269663,2.6108058283024014,3.175286048574053
TSC_neg,OFT-0382-00,fast,818,4.372328085981575,0.9971910112359551,0.9971910112359551,2.558006344140037,3.2557839327161746
TSC_neg,OFT-0382-00,medium,819,4.10680890050452,0.9971910112359551,0.9971910112359551,2.5665680151302315,3.1522929604870917
TSC_neg,OFT-0382-00,slow,820,3.9829999783730816,1.050561797752809,1.050561797752809,2.5036481273029363,3.0952109343108924
TSC_neg,OFT-0386-00,fast,821,4.8052857871471835,0.9971910112359551,0.9971910112359551,2.483867229605017,3.2091983827698995
TSC_neg,OFT-0386-00,medium,822,4.552548873646311,0.9971910112359551,0.9971910112359551,2.5660276704515397,3.2883014537876343
TSC_neg,OFT-0386-00,slow,823,3.9800335075895568,0.9971910112359551,0.9971910112359551,2.5256530847123555,3.104959051083194
TSC_neg,OFT-0394-00,medium,824,4.465919931116514,0.9971910112359551,0.9971910112359551,2.526080518626432,3.101168485217334
TSC_neg,OFT-0394-00,fast,825,4.153910594221539,0.9971910112359551,0.9971910112359551,2.6014813549439793,3.206884352344018
TSC_neg,OFT-0394-00,slow,826,4.077874107889438,0.9971910112359551,0.9971910112359551,2.640049103102103,3.1354177602886715
TSC_neg,OFT-0395-00,medium,827,3.8329249630935682,0.9971910112359551,0.9971910112359551,2.6418656431506244,3.150936052213118
TSC_neg,OFT-0395-00,fast,828,4.095153687199379,1.050561797752809,1.050561797752809,2.662114268325325,3.3079958405476457
TSC_neg,OFT-0395-00,slow,829,4.110233057991149,0.9971910112359551,0.9971910112359551,2.697872411789569,3.1624074840026695
TSC_neg,OFT-0398-00,medium,830,4.32347598580997,0.9971910112359551,0.9971910112359551,2.5946553108515698,3.0197043485674886
TSC_neg,OFT-0398-00,slow,831,3.768309652888472,0.9971910112359551,0.9971910112359551,2.6111433828869797,2.9601528381551576
TSC_neg,OFT-0398-00,fast,832,3.875586076653396,0.9971910112359551,0.9971910112359551,2.495213692384262,2.928419872059406
TSC_neg,OFT-0399-00,medium,833,4.4773206505123975,0.9971910112359551,0.9971910112359551,2.7068968492064416,3.248647935993296
TSC_neg,OFT-0399-00,slow,834,4.129647674657587,1.050561797752809,1.050561797752809,2.6526902440513456,3.0617072012979953
TSC_neg,OFT-0399-00,fast,835,4.3047538250193975,0.9971910112359551,0.9971910112359551,2.6281280098792124,3.227185350893221
TSC_neg,OFT-0410-00,fast,836,4.260791211458545,0.9971910112359551,0.9971910112359551,2.611401789723228,3.1527211740360364
TSC_neg,OFT-0410-00,medium,837,4.463264341167277,0.9971910112359551,0.9971910112359551,2.6083272220370652,3.0310016877015187
TSC_neg,OFT-0410-00,slow,838,3.814423368480969,1.050561797752809,1.050561797752809,2.59179735866043,3.0814086435464216
TSC_neg,OFT-0411-00,fast,839,4.816414156433112,0.9971910112359551,0.9971910112359551,2.604818035403834,3.2416511656317635
TSC_neg,OFT-0411-00,slow,840,4.58378017770216,0.9971910112359551,0.9971910112359551,2.704966662673188,3.205978031180007
TSC_neg,OFT-0411-00,medium,841,3.9154064712314858,1.050561797752809,1.050561797752809,2.520691256461558,3.08121006762759
TSC_neg,OFT-0414-00,fast,842,4.264267226970927,0.9971910112359551,0.9971910112359551,2.6609482617290325,3.2130811886403436
TSC_neg,OFT-0414-00,medium,843,4.418175093444597,0.9971910112359551,0.9971910112359551,2.6615974548884043,3.2125075110633903
TSC_neg,OFT-0414-00,slow,844,5.701434553055359,0.9971910112359551,0.9971910112359551,2.741402489919665,3.2450328745062222
TSC_neg,OFT-0415-00,medium,845,4.621273577425431,0.9971910112359551,0.9971910112359551,2.660988128891329,3.268051227662171
TSC_neg,OFT-0415-00,fast,846,4.394532048143247,0.9971910112359551,0.9971910112359551,2.6561849262483976,3.1696784198129975
TSC_neg,OFT-0415-00,slow,847,4.178295031297219,1.103932584269663,1.103932584269663,2.7718962398631253,3.1129041335438354
TSC_neg,OFT-0456-00,medium,848,4.242539641000087,0.9971910112359551,0.9971910112359551,2.581258683531357,3.1884862749223166
TSC_neg,OFT-0456-00,fast,849,3.9209679638351873,0.9971910112359551,0.9971910112359551,2.3146893819991594,2.8531815539131067
TSC_neg,OFT-0456-00,slow,850,4.617544914244303,0.9971910112359551,0.9971910112359551,2.596683576270622,3.127520843563652
TSC_neg,OFT-0457-00,medium,851,4.050076053682422,1.050561797752809,1.050561797752809,2.627064305030609,3.1448944920943784
TSC_neg,OFT-0457-00,slow,852,4.0281415111674095,0.9971910112359551,0.9971910112359551,2.7021310560606207,3.1628386138665006
TSC_neg,OFT-0457-00,fast,853,4.153428204720799,0.9971910112359551,0.9971910112359551,2.5747450880048803,3.1008327159787665
TSC_neg,OFT-0458-00,fast,854,4.284732732543861,0.9971910112359551,0.9971910112359551,2.514908583046333,3.240616995826467
TSC_neg,OFT-0458-00,slow,855,3.950602058743655,0.9971910112359551,0.9971910112359551,2.5552857325683256,3.1201532099987532
TSC_neg,OFT-0458-00,medium,856,4.092103101179016,0.9971910112359551,0.9971910112359551,2.589097088293014,3.1913863546630936
TSC_neg,OFT-0460-00,slow,857,3.9696275058761468,0.9971910112359551,0.9971910112359551,2.5427368276270896,3.2087878272016295
TSC_neg,OFT-0460-00,medium,858,4.394264026443568,0.9971910112359551,0.9971910112359551,2.5426510313772392,3.2474036650483384
TSC_neg,OFT-0460-00,fast,859,4.512743695702057,0.988061797752809,1.3174157303370786,2.6681055069819,3.2997057415560427
TSC_neg,OFT-0469-00,slow,860,4.043679471155514,0.9971910112359551,0.9971910112359551,2.6304116380834675,3.240381784193057
TSC_neg,OFT-0469-00,fast,861,4.420526427642653,0.9971910112359551,0.9971910112359551,2.498417926887019,3.2501927924767524
TSC_neg,OFT-0469-00,medium,862,4.469837972076359,0.9971910112359551,0.9971910112359551,2.508928366321755,3.230730497358766
TSC_neg,OFT-0471-00,medium,863,4.221457115060129,0.9971910112359551,0.9971910112359551,2.5755251790879092,3.1411473876680938
TSC_neg,OFT-0471-00,fast,864,4.335047798001141,0.9971910112359551,0.9971910112359551,2.5450200944221155,3.214549868063301
TSC_neg,OFT-0471-00,slow,865,4.446187184740875,0.9971910112359551,0.9971910112359551,2.606836887760971,3.2876776437002966
TSC_neg,OFT-0472-00,medium,866,4.001546100923189,0.9438202247191011,0.9438202247191011,2.5756006584226117,3.0594305509202546
TSC_neg,OFT-0472-00,fast,867,3.940898601374659,0.9971910112359551,0.9971910112359551,2.5942436656518404,3.072442686507155
TSC_neg,OFT-0472-00,slow,868,4.829604859696909,0.9971910112359551,0.9971910112359551,2.75447300049008,3.093477207862207
TSC_neg,OFT-0473-00,slow,869,3.959606839224566,0.9971910112359551,0.9971910112359551,2.6466480589914765,3.118185200763741
TSC_neg,OFT-0473-00,medium,870,5.339214247543703,0.9971910112359551,0.9971910112359551,2.552755630486127,3.13757128064514
TSC_neg,OFT-0473-00,fast,871,4.410020956829817,0.9971910112359551,0.9971910112359551,2.4836953490352274,3.138318377319851
TSC_neg,OFT-0474-00,medium,872,4.199604961861899,0.9971910112359551,0.9971910112359551,2.612855198856392,3.220694422496824
TSC_neg,OFT-0474-00,fast,873,4.240498211786917,0.9971910112359551,0.9971910112359551,2.542897824269521,3.2077282887088328
TSC_neg,OFT-0474-00,slow,874,4.141543249310906,0.9971910112359551,0.9971910112359551,2.583673161510134,3.1002896548305423
TSC_neg,OFT-0476-00,fast,875,4.214406511965569,0.9971910112359551,0.9971910112359551,2.3849551589324776,2.9546115930623444
TSC_neg,OFT-0476-00,slow,876,4.464830191250641,0.9971910112359551,0.9971910112359551,2.6154481390465354,3.0739317892778804
TSC_neg,OFT-0476-00,medium,877,4.238989992144708,0.9971910112359551,0.9971910112359551,2.550811505474426,3.1717874787994385
TSC_neg,OFT-0481-00,slow,878,4.0298707719184215,0.9971910112359551,0.9971910112359551,2.705787430873759,3.2611920290822933
TSC_neg,OFT-0481-00,medium,879,4.121519162284381,0.9971910112359551,0.9971910112359551,2.5428895700901375,3.0547010470468954
TSC_neg,OFT-0481-00,fast,880,4.168676493039136,0.9971910112359551,0.9971910112359551,2.5400258106245905,3.097228723191105
TSC_neg,OFT-0482-00,medium,881,3.9886694479242646,1.050561797752809,1.050561797752809,2.6126100461360275,3.0976098594154906
TSC_neg,OFT-0482-00,fast,882,4.256027797296339,0.9971910112359551,0.9971910112359551,2.4237626019398686,3.0545478293479738
TSC_neg,OFT-0482-00,slow,883,5.131070419609468,2.9719101123595504,2.9719101123595504,2.6834381913950653,3.1000109551985022
TSC_neg,OFT-0483-00,fast,884,4.319691159601824,0.9971910112359551,0.9971910112359551,2.4236881878497423,3.127048005799035
TSC_neg,OFT-0483-00,medium,885,4.471893599522736,0.9971910112359551,0.9971910112359551,2.4419217114443432,3.1239045485329893
TSC_neg,OFT-0483-00,slow,886,4.406603410488582,0.9971910112359551,0.9971910112359551,2.448692518916584,3.117114588651423
TSC_neg,OFT-0488-00,fast,887,4.779328810568237,0.9971910112359551,0.9971910112359551,2.5657076859798207,3.2535492458285944
TSC_neg,OFT-0488-00,medium,888,4.166264987132273,0.9971910112359551,0.9971910112359551,2.549089500084734,3.125611780023432
TSC_neg,OFT-0488-00,slow,889,4.033782768797091,1.050561797752809,1.050561797752809,2.6233940380533087,3.174793273163065
TSC_neg,OFT-0490-00,fast,890,4.09386020697375,0.9971910112359551,0.9971910112359551,2.4768341370513087,3.035174784002542
TSC_neg,OFT-0490-00,medium,891,4.203257296472015,0.9971910112359551,0.9971910112359551,2.506485157407929,3.0992118688610204
TSC_neg,OFT-0490-00,slow,892,4.3543207817745255,0.9971910112359551,0.9971910112359551,2.515804045658227,2.98343464815807
TSC_neg,OFT-0491-00,fast,893,4.37705336985168,0.9971910112359551,0.9971910112359551,2.5782547009059686,3.137273081339674
TSC_neg,OFT-0491-00,medium,894,3.95380122351903,0.9971910112359551,0.9971910112359551,2.4739760339443366,2.9820030401254924
TSC_neg,OFT-0491-00,slow,895,4.053467376152558,0.9971910112359551,0.9971910112359551,2.61622122406696,3.0666466112263304
TSC_neg,OFT-0512-00,slow,896,4.4285498776866055,0.9971910112359551,0.9971910112359551,2.579696350699148,3.043996744607028
TSC_neg,OFT-0512-00,fast,897,4.38024500345705,0.9971910112359551,0.9971910112359551,2.566029156053495,3.2110048299797525
TSC_neg,OFT-0512-00,medium,898,4.166762135519106,1.050561797752809,1.050561797752809,2.6528647499475744,3.2445023650266434
TSC_neg,OFT-0527-00,medium,899,4.362691858841654,0.9971910112359551,0.9971910112359551,2.6038097882598272,3.154280107527329
TSC_neg,OFT-0527-00,slow,900,4.035903631605925,1.4775280898876404,1.4775280898876404,2.6901826808943916,3.24897303178347
TSC_neg,OFT-0527-00,fast,901,4.310028435140552,0.9971910112359551,0.9971910112359551,2.4651341154144415,3.008585820531294
TSC_neg,OFT-0530-00,fast,902,4.5043677061949845,0.9971910112359551,0.9971910112359551,2.572324059805173,3.151903636497819
TSC_neg,OFT-0530-00,slow,903,3.780839902281181,0.9971910112359551,0.9971910112359551,2.3641282358086704,2.3851550740239595
TSC_neg,OFT-0530-00,medium,904,3.67803995286199,0.9971910112359551,0.9971910112359551,2.4171595890636937,2.8070005874573365
TSC_neg,OFT-0538-00,slow,905,4.582251845394205,0.7303370786516854,0.7303370786516854,2.7880870873162493,3.1278833415593064
TSC_neg,OFT-0538-00,fast,906,4.292237636613234,0.9971910112359551,0.9971910112359551,2.657427941726657,3.1273581909340242
TSC_neg,OFT-0538-00,medium,907,3.8023497412947047,0.9438202247191011,0.9438202247191011,2.736435159816047,3.199296653665322
TSC_neg,OFT-0545-00,slow,908,3.9935189628973267,0.9971910112359551,0.9971910112359551,2.642540678695403,3.0849560488755907
TSC_neg,OFT-0545-00,medium,909,3.954934371233679,0.9971910112359551,0.9971910112359551,2.5592439293063003,3.0500647585268656
TSC_neg,OFT-0545-00,fast,910,3.9535607749355774,0.9971910112359551,0.9971910112359551,2.529827491867398,3.078540338141993
TSC_neg,OFT-0587-00,slow,911,4.341066960836503,0.9971910112359551,0.9971910112359551,2.6290432282992384,3.2177377990532583
TSC_neg,OFT-0587-00,fast,912,4.265341819258891,0.9971910112359551,0.9971910112359551,2.4853135060856912,3.197708168301017
TSC_neg,OFT-0587-00,medium,913,3.9556809521024134,0.9971910112359551,0.9971910112359551,2.547054191938227,3.14812105571034
TSC_neg,OFT-0590-00,slow,914,4.1650132064444705,1.050561797752809,1.050561797752809,2.616917769124706,3.19150896633913
TSC_neg,OFT-0590-00,fast,915,4.164465029505423,0.9971910112359551,0.9971910112359551,2.5418982841630786,3.144826927726059
TSC_neg,OFT-0590-00,medium,916,4.179774199234682,0.9971910112359551,0.9971910112359551,2.6084557652114406,3.194435971736003
TSC_neg,OFT-0593-00,medium,917,4.1745516028730005,0.9971910112359551,0.9971910112359551,2.581698946865141,3.151782308521195
TSC_neg,OFT-0593-00,fast,918,4.407048298837691,0.9971910112359551,0.9971910112359551,2.575216193798473,3.216469237479553
TSC_neg,OFT-0593-00,slow,919,4.00594876087986,0.9971910112359551,0.9971910112359551,2.6897385752470075,3.2293614987681662
TSC_neg,OFT-0596-00,fast,920,4.287351143461345,0.9971910112359551,0.9971910112359551,2.4289788892158493,3.1369212487106526
TSC_neg,OFT-0596-00,slow,921,4.077686141248983,0.9971910112359551,0.9971910112359551,2.659675639616693,3.117583733234408
TSC_neg,OFT-0596-00,medium,922,4.0576583356314915,0.9971910112359551,0.9971910112359551,2.5864663703732167,3.1102101287380366
TSC_neg,OFT-0600-00,medium,923,4.095577330610461,0.9971910112359551,0.9971910112359551,2.5791723975181995,3.0587939841741156
TSC_neg,OFT-0600-00,fast,924,4.657502479135223,0.9971910112359551,0.9971910112359551,2.6078666953863587,3.1829157233041863
TSC_neg,OFT-0600-00,slow,925,4.049438964432027,0.9438202247191011,0.9438202247191011,2.609971654738432,3.079072215457643
TSC_neg,OFT-0603-00,medium,926,4.164413128148984,0.9971910112359551,0.9971910112359551,2.5689073722499765,3.172615343235086
TSC_neg,OFT-0603-00,fast,927,4.496081716109146,0.9971910112359551,0.9971910112359551,2.5515661948207677,3.145504227590663
TSC_neg,OFT-0603-00,slow,928,4.701739171623256,0.9971910112359551,0.9971910112359551,2.4975739381092863,3.026366359719519
TSC_neg,OFT-0609-00,fast,929,4.36491057599248,0.9971910112359551,0.9971910112359551,2.522442584415415,3.1625384040833957
TSC_neg,OFT-0609-00,medium,930,4.099426839481155,0.9971910112359551,0.9971910112359551,2.590602359412861,3.1296620757814857
TSC_neg,OFT-0609-00,slow,931,4.295183159082764,0.9438202247191011,0.9438202247191011,2.6511799615358944,3.338345072571431
TSC_neg,OFT-0615-00,fast,932,4.174335673142943,0.9971910112359551,0.9971910112359551,2.5561503367423,3.179587086896237
TSC_neg,OFT-0615-00,slow,933,3.923753993898428,0.9971910112359551,0.9971910112359551,2.6116780740054124,3.083254213757928
TSC_neg,OFT-0615-00,medium,934,3.9299203741738347,0.9971910112359551,0.9971910112359551,2.5596872571936067,3.0680307764234174
TSC_neg,OFT-0616-00,slow,935,3.933296272507989,0.9971910112359551,0.9971910112359551,2.5703229824565232,3.11548826143964
TSC_neg,OFT-0616-00,fast,936,4.031710372880171,0.9971910112359551,0.9971910112359551,2.4895252473292455,3.0648701766635438
TSC_neg,OFT-0616-00,medium,937,3.9983042672938276,0.9971910112359551,0.9971910112359551,2.534326794993648,3.08240176810246
TSC_neg,OFT-0618-00,slow,938,4.347117304034581,0.9971910112359551,0.9971910112359551,2.632484257491784,3.116664386848041
TSC_neg,OFT-0618-00,medium,939,3.875761687144078,0.9971910112359551,0.9971910112359551,2.4979939184898905,3.1008197659230485
TSC_neg,OFT-0618-00,fast,940,4.3494901158636505,0.9971910112359551,0.9971910112359551,2.503594461824084,3.203852976885664
TSC_neg,OFT-0619-00,slow,941,4.042030871124699,0.9971910112359551,0.9971910112359551,2.442623428638059,2.9851913745762095
TSC_neg,OFT-0619-00,medium,942,4.1484112070520345,0.9971910112359551,0.9971910112359551,2.5017431819367113,2.965216950897781
TSC_neg,OFT-0619-00,fast,943,4.017335272422621,0.9971910112359551,0.9971910112359551,2.5351508452544698,3.007029903121569
TSC_neg,OFT-0622-00,slow,944,4.279662927618488,0.9971910112359551,0.9971910112359551,2.621686871944325,3.061764662984361
TSC_neg,OFT-0622-00,medium,945,5.218448366783806,4.03932584269663,4.03932584269663,2.7593265208625883,3.123335458410507
TSC_neg,OFT-0622-00,fast,946,4.1532139762443485,0.9971910112359551,0.9971910112359551,2.600419569533648,3.007196216103143
TSC_neg,OFT-0623-00,slow,947,4.3718997476551555,0.9971910112359551,0.9971910112359551,2.639167387818028,3.097479733017078
TSC_neg,OFT-0623-00,medium,948,4.088007623652074,0.9971910112359551,0.9971910112359551,2.478210899658275,3.120223239742971
TSC_neg,OFT-0623-00,fast,949,4.098313531755158,0.9971910112359551,0.9971910112359551,2.502781527537126,3.135438842291087
TSC_neg,OFT-0625-00,medium,950,4.194594254368845,0.9971910112359551,0.9971910112359551,2.6222159901422946,3.029075564896132
TSC_neg,OFT-0625-00,slow,951,5.43773960406934,1.6910112359550562,1.6910112359550562,2.639116779879942,3.1713513684778922
TSC_neg,OFT-0625-00,fast,952,4.019738796368619,0.9971910112359551,0.9971910112359551,2.619420119064302,3.0398136075030386
TSC_neg,OFT-0626-00,medium,953,4.180004059286553,0.9971910112359551,0.9971910112359551,2.5783491549704163,3.1421267915843107
TSC_neg,OFT-0626-00,slow,954,4.268710818144454,0.9971910112359551,0.9971910112359551,2.562502521934896,2.9899090693709796
TSC_neg,OFT-0626-00,fast,955,4.1918322422398555,0.9971910112359551,0.9971910112359551,2.6154737408027313,3.2159732097170273
TSC_neg,OFT-0627-00,fast,956,3.9913981814229404,0.9971910112359551,0.9971910112359551,2.5416359381735547,2.8891286943871504
TSC_neg,OFT-0627-00,medium,957,4.233534479569016,1.4241573033707866,1.4241573033707866,2.652345287989464,3.1008963702215357
TSC_neg,OFT-0627-00,slow,958,3.614451229485497,0.9971910112359551,0.9971910112359551,2.009713560464966,2.1110143698019055
TSC_neg,OFT-0629-00,fast,959,4.171976118751025,0.9971910112359551,0.9971910112359551,2.6725500796292523,3.0975254476250096
TSC_neg,OFT-0629-00,medium,960,4.443592834557785,0.9971910112359551,0.9971910112359551,2.657830649964246,3.0657568165693205
TSC_neg,OFT-0629-00,slow,961,6.023593460563169,1.6376404494382022,1.6376404494382022,2.594946748781372,3.113544994485857
TSC_neg,OFT-0631-00,medium,962,4.517741558834229,0.30337078651685395,0.30337078651685395,2.7115279730110204,3.0378235668356393
TSC_neg,OFT-0631-00,slow,963,3.468053351798246,1.3174157303370786,1.3174157303370786,2.3597938602216972,2.6384548287224963
TSC_neg,OFT-0631-00,fast,964,4.428687021354769,0.9971910112359551,0.9971910112359551,2.447728066044758,2.9753291694186386
TSC_neg,OFT-0633-00,fast,965,4.114512347936813,0.9971910112359551,0.9971910112359551,2.6539267705591536,2.9501739907482842
TSC_neg,OFT-0633-00,slow,966,2.9695647660368745,1.103932584269663,1.103932584269663,1.9570821235102898,2.016486564512931
TSC_neg,OFT-0633-00,medium,967,4.363528701126724,2.1179775280898876,2.1179775280898876,2.6397109824958194,3.091297109344521
TSC_neg,OFT-0635-00,medium,968,4.087692542978671,0.9971910112359551,0.9971910112359551,2.5218659852479473,3.0569927705432254
TSC_neg,OFT-0635-00,fast,969,4.651507185707661,0.9971910112359551,0.9971910112359551,2.5985690142277664,3.176437953946816
TSC_neg,OFT-0635-00,slow,970,4.217603277389179,0.9971910112359551,0.9971910112359551,2.535561305166154,3.093525931765713
TSC_neg,OFT-0638-00,slow,971,3.868108113594523,0.9971910112359551,0.9971910112359551,2.5210757284353704,3.0876144024446357
TSC_neg,OFT-0638-00,medium,972,4.213962403724611,0.9971910112359551,0.9971910112359551,2.5340891752988783,3.1304058083927573
TSC_neg,OFT-0638-00,fast,973,4.461210650393016,0.9971910112359551,0.9971910112359551,2.5135473852383985,3.1571333728679236
TSC_neg,OFT-0659-00,fast,974,4.498551200750518,2.0646067415730336,2.0646067415730336,2.6135651143667507,3.098831781062367
TSC_neg,OFT-0659-00,medium,975,4.1962306808152805,0.9971910112359551,0.9971910112359551,2.6063212480896807,3.011989970897127
TSC_neg,OFT-0659-00,slow,976,3.8974166211616534,0.9971910112359551,0.9971910112359551,2.5998472421315793,2.9734606439528286
TSC_neg,OFT-0672-00,medium,977,4.3009036060885135,0.30337078651685395,0.30337078651685395,2.6417768201569136,2.9215917555233326
TSC_neg,OFT-0672-00,slow,978,5.289180110876637,0.9971910112359551,0.9971910112359551,2.5617173412599614,3.1301204708369768
TSC_neg,OFT-0672-00,fast,979,4.247631570339444,0.9971910112359551,0.9971910112359551,2.6865760392777935,3.1374400961908675
TSC_neg,OFT-0680-00,medium,980,4.490596603235931,0.9971910112359551,0.9971910112359551,2.5368565142932127,3.0037637952727634
TSC_neg,OFT-0680-00,fast,981,4.235130176461375,0.9971910112359551,0.9971910112359551,2.6075608585575267,3.1003089927320264
TSC_neg,OFT-0680-00,slow,982,3.788707385327103,0.9971910112359551,0.9971910112359551,2.622966261720219,2.76961976866174
new_preds,OFT-0000-00,fast,983,4.115375387206289,0.9971910112359551,0.9971910112359551,2.510053904212481,3.15797781759055
new_preds,OFT-0000-00,medium,984,4.079959004930718,0.9971910112359551,0.9971910112359551,2.633530628087963,3.1909265575681536
new_preds,OFT-0000-00,slow,985,4.01684312238025,0.9971910112359551,0.9971910112359551,2.588355020939357,3.0317025951797394
new_preds,OFT-0000-01,fast,986,4.2639789624405555,0.9971910112359551,0.9971910112359551,2.5876482153304745,3.1128385574865094
new_preds,OFT-0000-01,medium,987,4.179214426159784,1.050561797752809,1.050561797752809,2.478459306600888,3.040739124694619
new_preds,OFT-0000-01,slow,988,4.696886406595501,0.9971910112359551,0.9971910112359551,2.6486233336855047,3.065598090690386
new_preds,OFT-0001-00,medium,989,4.179112494423149,0.9971910112359551,0.9971910112359551,2.652993781822101,3.1827608921821042
new_preds,OFT-0001-00,slow,990,3.7128340995170817,0.9971910112359551,0.9971910112359551,2.408732844759853,2.925117478473072
new_preds,OFT-0001-00,fast,991,4.56299732631021,0.9971910112359551,0.9971910112359551,2.4821286664503104,3.21065807122877
new_preds,OFT-0001-01,medium,992,5.113384887108631,0.9971910112359551,0.9971910112359551,2.579272930337022,3.222211357129469
new_preds,OFT-0001-01,fast,993,5.112141317144414,0.9971910112359551,0.9971910112359551,2.5784397249220374,3.24855223709761
new_preds,OFT-0001-01,slow,994,4.478703519117232,0.9971910112359551,0.9971910112359551,2.649055319600456,3.299270963568951
new_preds,OFT-0003-00,slow,995,4.604009173729821,1.050561797752809,1.050561797752809,2.7643317551666646,3.3114161573837904
new_preds,OFT-0003-00,fast,996,4.219921511437605,0.9971910112359551,0.9971910112359551,2.5786267226976887,3.189574477026956
new_preds,OFT-0003-00,medium,997,5.079997041836362,0.9971910112359551,0.9971910112359551,2.548776831545432,3.1465558216767504
new_preds,OFT-0004-00,slow,998,4.462825220047204,0.9971910112359551,0.9971910112359551,2.6841103824089267,3.097584150441905
new_preds,OFT-0004-00,fast,999,4.106131264472821,0.9971910112359551,0.9971910112359551,2.629344711476687,3.1204861430339954
new_preds,OFT-0004-00,medium,1000,4.23254040765989,0.9971910112359551,0.9971910112359551,2.625344870605662,3.133822110206378
new_preds,OFT-0004-02,slow,1001,4.241992686945455,0.9971910112359551,0.9971910112359551,2.6651066235810297,3.22935738971207
new_preds,OFT-0004-02,medium,1002,4.248761992952593,0.9971910112359551,0.9971910112359551,2.5287603554142235,2.869566478331962
new_preds,OFT-0004-02,fast,1003,4.8358651292252075,0.9971910112359551,0.9971910112359551,2.6151248823024575,3.1835206965862937
new_preds,OFT-0005-00,medium,1004,3.8529902582186297,0.9971910112359551,0.9971910112359551,2.649487456490407,3.1146250226064494
new_preds,OFT-0005-00,fast,1005,4.272725275637363,0.9971910112359551,0.9971910112359551,2.5074786426288775,2.978850960190624
new_preds,OFT-0005-00,slow,1006,4.241514452860012,0.9971910112359551,0.9971910112359551,2.6343356750857003,3.0526215303937674
new_preds,OFT-0005-01,fast,1007,4.921785236883423,0.9971910112359551,0.9971910112359551,2.676991801696131,3.2001897853089614
new_preds,OFT-0005-01,slow,1008,4.611837487903314,2.811797752808989,2.811797752808989,2.812540209741695,2.9980600666693125
new_preds,OFT-0005-01,medium,1009,3.9914354801071847,0.8370786516853933,0.8370786516853933,2.297801001483602,2.6187852945824304
new_preds,OFT-0005-02,slow,1010,3.870215428007058,1.2640449438202248,1.2640449438202248,2.5916141934745283,3.108016884761576
new_preds,OFT-0005-02,fast,1011,4.24279624499987,0.25,0.25,2.6020196816333447,3.0732140642956627
new_preds,OFT-0005-02,medium,1012,4.555788277608448,2.9719101123595504,2.9719101123595504,2.697588288985189,2.9037456440925697
new_preds,OFT-0006-00,medium,1013,4.23822171822102,0.9971910112359551,0.9971910112359551,2.573439377958006,3.1380395881881338
new_preds,OFT-0006-00,fast,1014,4.164073114550808,0.9971910112359551,0.9971910112359551,2.5755999384192605,3.0788624607818127
new_preds,OFT-0006-00,slow,1015,4.102059542365099,1.1573033707865168,1.1573033707865168,2.60904956781486,3.152591241204916
new_preds,OFT-0006-01,medium,1016,3.7945023766866948,0.9971910112359551,0.9971910112359551,2.700031988892193,3.105670219374693
new_preds,OFT-0006-01,slow,1017,4.074335255378713,0.9438202247191011,0.9438202247191011,2.721166068588418,3.218668935689755
new_preds,OFT-0006-01,fast,1018,4.731847818719327,0.9971910112359551,0.9971910112359551,2.453591191546752,3.0943107432613255
new_preds,OFT-0006-02,slow,1019,4.891087585277011,2.0112359550561796,2.0112359550561796,2.5715960259028376,2.9956399826321207
new_preds,OFT-0006-02,fast,1020,4.085369266122123,1.98876404494382,2.651685393258427,2.7716830257837026,2.9211909673997285
new_preds,OFT-0006-02,medium,1021,4.755855726724604,0.9971910112359551,0.9971910112359551,2.6476937583849867,3.019040997044478
new_preds,OFT-0007-00,medium,1022,3.95949854462206,0.9971910112359551,0.9971910112359551,2.5331783125237237,2.9175883535935743
new_preds,OFT-0007-00,fast,1023,4.211470569699233,0.9971910112359551,0.9971910112359551,2.706910869092729,3.2860346740786595
new_preds,OFT-0007-00,slow,1024,4.539678621984937,2.0646067415730336,2.0646067415730336,2.685033059760681,3.195498230152552
new_preds,OFT-0007-01,fast,1025,4.013401626494333,0.9971910112359551,0.9971910112359551,2.540593753147807,3.0872373043520738
new_preds,OFT-0007-01,medium,1026,4.025374631026945,0.9971910112359551,0.9971910112359551,2.6358968538572713,3.1416862491269453
new_preds,OFT-0007-01,slow,1027,4.130309162970444,0.30337078651685395,0.30337078651685395,2.5967642951161505,3.054642539340237
new_preds,OFT-0008-00,medium,1028,4.120272736093646,0.9971910112359551,0.9971910112359551,2.6359867261853123,3.199155964105584
new_preds,OFT-0008-00,fast,1029,4.4582104010613985,0.9971910112359551,0.9971910112359551,2.6040671804487534,3.1709369224108093
new_preds,OFT-0008-00,slow,1030,4.549243805653149,0.9971910112359551,0.9971910112359551,2.6931264879296033,3.146410745842303
new_preds,OFT-0008-01,slow,1031,4.493153592124168,0.9971910112359551,0.9971910112359551,2.597610039680199,3.124117449380415
new_preds,OFT-0008-01,fast,1032,4.564804212383263,0.9971910112359551,0.9971910112359551,2.5758759740105304,3.1224110001793486
new_preds,OFT-0008-01,medium,1033,4.612516809348094,0.30337078651685395,0.30337078651685395,2.574869301145211,3.1854977387342607
new_preds,OFT-0009-00,fast,1034,4.229416734545061,0.9971910112359551,0.9971910112359551,2.595486351239473,3.1104760079035083
new_preds,OFT-0009-00,medium,1035,4.198425296850394,0.9971910112359551,0.9971910112359551,2.5270440097071534,2.999922691271654
new_preds,OFT-0009-00,slow,1036,4.019916765899405,0.9971910112359551,0.9971910112359551,2.653546596524099,3.0610357448120253
new_preds,OFT-0009-01,fast,1037,5.039566173619064,0.9971910112359551,0.9971910112359551,2.5774228482209245,3.1954988963040587
new_preds,OFT-0009-01,medium,1038,4.298131638172108,0.9971910112359551,0.9971910112359551,2.5886844710941954,3.1012275026330145
new_preds,OFT-0009-01,slow,1039,4.098945057401507,0.9971910112359551,0.9971910112359551,2.5909023146134227,3.085204571911521
new_preds,OFT-0010-00,medium,1040,4.359901111814977,2.0112359550561796,2.0112359550561796,2.700692093382435,3.1217054464305884
new_preds,OFT-0010-00,slow,1041,5.146928511274301,0.8904494382022472,0.8904494382022472,2.7849847537693995,3.215551231000297
new_preds,OFT-0010-00,fast,1042,4.244650312550565,0.988061797752809,1.3174157303370786,2.7458633467192377,3.1930534163372517
new_preds,OFT-0010-01,slow,1043,4.040439540608574,0.9971910112359551,0.9971910112359551,2.6700326935752083,3.1269258573068788
new_preds,OFT-0010-01,medium,1044,4.674141672400859,0.9971910112359551,0.9971910112359551,2.588045437806857,3.1399728108836307
new_preds,OFT-0010-01,fast,1045,4.715444175572948,0.9971910112359551,0.9971910112359551,2.5557343018509395,3.161129389472076
new_preds,OFT-0010-02,fast,1046,4.42970419638853,0.9971910112359551,0.9971910112359551,2.6274836015427665,3.2076167706063674
new_preds,OFT-0010-02,slow,1047,4.309657877939198,0.9971910112359551,0.9971910112359551,2.700236151533566,3.0963462939736437
new_preds,OFT-0010-02,medium,1048,6.263550437129287,0.9971910112359551,0.9971910112359551,2.673310963721794,3.20290628592462
new_preds,OFT-0011-00,medium,1049,4.13879478013742,0.9971910112359551,0.9971910112359551,2.6082912741415227,3.1315598011587675
new_preds,OFT-0011-00,fast,1050,4.371101635893848,0.9971910112359551,0.9971910112359551,2.556889717478983,3.14307849828993
new_preds,OFT-0011-00,slow,1051,4.115233669678946,0.9971910112359551,0.9971910112359551,2.6729075940699034,3.157359111935339
new_preds,OFT-0011-01,fast,1052,4.051040080713011,0.9971910112359551,0.9971910112359551,2.5833156919752414,3.12475294101285
new_preds,OFT-0011-01,slow,1053,4.171468549442243,0.9971910112359551,0.9971910112359551,2.5164773158244507,2.9807360534091853
new_preds,OFT-0011-01,medium,1054,4.126177970826449,0.9971910112359551,0.9971910112359551,2.65957273911941,3.1430865670049792
new_preds,OFT-0011-02,fast,1055,4.338589574199252,1.0280898876404494,1.3707865168539326,2.995443757143699,3.414618679658468
new_preds,OFT-0011-02,medium,1056,4.28218901909867,0.7837078651685393,0.7837078651685393,2.7433656272373876,3.3029166398666283
new_preds,OFT-0011-02,slow,1057,4.218511713871342,0.9971910112359551,0.9971910112359551,2.705614519992286,3.1859975049216875
new_preds,OFT-0012-00,fast,1058,4.348980660354917,0.9971910112359551,0.9971910112359551,2.517558749894981,3.066051157523271
new_preds,OFT-0012-00,medium,1059,4.135617135798273,0.9971910112359551,0.9971910112359551,2.635374312769651,3.166855474443262
new_preds,OFT-0012-00,slow,1060,4.090832939816115,0.9971910112359551,0.9971910112359551,2.6400350189034603,3.110091488001026
new_preds,OFT-0013-00,slow,1061,4.3098830793872995,0.9971910112359551,0.9971910112359551,2.6237509326111828,3.0344498008976775
new_preds,OFT-0013-00,fast,1062,4.39255529795449,0.9971910112359551,0.9971910112359551,2.5205546205894205,2.954138083015596
new_preds,OFT-0013-00,medium,1063,4.382998524393136,0.9971910112359551,0.9971910112359551,2.5542626930510814,2.9896333850401104
new_preds,OFT-0014-00,slow,1064,3.626695400968502,0.9971910112359551,0.9971910112359551,2.4580390206418996,2.8148295683288604
new_preds,OFT-0014-00,fast,1065,4.153833797656345,0.9971910112359551,0.9971910112359551,2.441761223266038,2.950035653284287
new_preds,OFT-0014-00,medium,1066,4.151866727298145,0.9971910112359551,0.9971910112359551,2.608802592634719,3.137939377892072
new_preds,OFT-0015-00,slow,1067,4.434507158145905,0.9971910112359551,0.9971910112359551,2.7071918957120187,3.039617255757479
new_preds,OFT-0015-00,fast,1068,4.559518360959364,0.9971910112359551,0.9971910112359551,2.5766578536003957,3.290395130861019
new_preds,OFT-0015-00,medium,1069,4.046783825583002,0.9971910112359551,0.9971910112359551,2.5852035137968015,3.1041451495834167
new_preds,OFT-0016-00,medium,1070,4.320114318409727,0.9971910112359551,0.9971910112359551,2.5737065954218967,3.049040534938194
new_preds,OFT-0016-00,fast,1071,4.399612420501408,0.9971910112359551,0.9971910112359551,2.4420161240568707,3.056156721272271
new_preds,OFT-0016-00,slow,1072,4.152151015689005,0.9971910112359551,0.9971910112359551,2.4830243900422433,3.039423703746271
new_preds,OFT-0017-00,slow,1073,4.372905639348591,0.4101123595505618,0.4101123595505618,2.7817191733805773,3.392630557711541
new_preds,OFT-0017-00,medium,1074,4.039395007238851,0.9971910112359551,0.9971910112359551,2.5891919775899432,2.965297878263218
new_preds,OFT-0017-00,fast,1075,4.158530953984477,0.9971910112359551,0.9971910112359551,2.6231025534037995,3.2058234331957665
new_preds,OFT-0018-00,slow,1076,3.662369544135838,1.050561797752809,1.050561797752809,2.4370337665727457,2.8946250172130177
new_preds,OFT-0018-00,medium,1077,4.116800519424576,0.9971910112359551,0.9971910112359551,2.562729071539081,3.0465446108052308
new_preds,OFT-0018-00,fast,1078,4.228208197396796,0.9971910112359551,0.9971910112359551,2.46075848841501,3.1245995569032767
new_preds,OFT-0019-00,fast,1079,4.707573874302674,0.9971910112359551,0.9971910112359551,2.5908514380105925,3.1745140415865025
new_preds,OFT-0019-00,medium,1080,4.491214038157285,0.9971910112359551,0.9971910112359551,2.573887226181601,2.9979548931697537
new_preds,OFT-0019-00,slow,1081,3.928928361314198,0.9971910112359551,0.9971910112359551,2.574017943569878,3.090374731950148
new_preds,OFT-0020-00,fast,1082,4.527333187054415,0.9971910112359551,0.9971910112359551,2.504003969518905,3.1584712296876125
new_preds,OFT-0020-00,medium,1083,4.592145387177289,0.9971910112359551,0.9971910112359551,2.587760650081627,3.1773500908283028
new_preds,OFT-0020-00,slow,1084,4.655973095782995,0.9971910112359551,0.9971910112359551,2.5126639955164767,3.066127379689712
new_preds,OFT-0021-00,fast,1085,4.197529689127096,0.9971910112359551,0.9971910112359551,2.5761569975073284,3.1605338489342234
new_preds,OFT-0021-00,medium,1086,4.135222294317833,0.9971910112359551,0.9971910112359551,2.612294939179059,3.145930691507972
new_preds,OFT-0021-00,slow,1087,4.276101436467697,0.9971910112359551,0.9971910112359551,2.5846928264309805,3.107948179961003
new_preds,OFT-0022-00,fast,1088,4.344778093083981,0.9971910112359551,0.9971910112359551,2.494140762669146,3.072988569930857
new_preds,OFT-0022-00,medium,1089,4.119443663232905,0.9971910112359551,0.9971910112359551,2.5784116019979124,3.100795523357852
new_preds,OFT-0022-00,slow,1090,4.046348276191581,0.9971910112359551,0.9971910112359551,2.5666667058212016,3.153475531112727
new_preds,OFT-0023-00,fast,1091,4.7714149947338385,0.9971910112359551,0.9971910112359551,2.5582281603379906,3.0157038786779258
new_preds,OFT-0023-00,medium,1092,3.9735536552525033,0.9971910112359551,0.9971910112359551,2.5105920580711,2.9384150052100066
new_preds,OFT-0023-00,slow,1093,3.8837213450874652,0.8370786516853933,0.8370786516853933,2.568697616754254,3.119278441219298
new_preds,OFT-0024-00,fast,1094,4.839302748943475,0.9971910112359551,0.9971910112359551,2.503262749400165,3.199233443131266
new_preds,OFT-0024-00,medium,1095,4.179755331241125,0.9971910112359551,0.9971910112359551,2.6219009307184233,3.1727431904949954
new_preds,OFT-0024-00,slow,1096,4.607420402949741,0.9971910112359551,0.9971910112359551,2.5815283056425002,3.2395184146717644
new_preds,OFT-0025-00,fast,1097,4.325505838819022,0.9971910112359551,0.9971910112359551,2.5492719846422363,3.2468771757097192
new_preds,OFT-0025-00,slow,1098,4.956927213287302,0.9971910112359551,0.9971910112359551,2.721585208946401,3.3158356519923267
new_preds,OFT-0025-00,medium,1099,4.103038132887451,0.9971910112359551,0.9971910112359551,2.5074988959281375,3.1420016159919557
new_preds,OFT-0026-00,medium,1100,4.165108577200249,0.9971910112359551,0.9971910112359551,2.5714904532946385,3.1079228606309006
new_preds,OFT-0026-00,slow,1101,4.188837936191177,0.9971910112359551,0.9971910112359551,2.5930165491773542,3.0670722856314017
new_preds,OFT-0026-00,fast,1102,4.282620545306425,0.9971910112359551,0.9971910112359551,2.5829532064256773,3.17247970233739
new_preds,OFT-0027-00,medium,1103,4.28457395925707,0.9971910112359551,0.9971910112359551,2.5469915611761786,3.096199557376383
new_preds,OFT-0027-00,fast,1104,3.8108446575007044,0.9971910112359551,0.9971910112359551,2.643581984841278,3.101431284675843
new_preds,OFT-0027-00,slow,1105,4.647418005398461,1.103932584269663,1.103932584269663,2.615761898989997,3.1065728322925232
new_preds,OFT-0028-00,fast,1106,4.487894085145128,0.9971910112359551,0.9971910112359551,2.5789285831975497,3.1480487592103827
new_preds,OFT-0028-00,medium,1107,4.349535512056003,0.9971910112359551,0.9971910112359551,2.5921717389420045,3.113423899861226
new_preds,OFT-0028-00,slow,1108,7.858116435513616,2.0112359550561796,2.0112359550561796,2.779916607384348,3.1741903340115156
new_preds,OFT-0029-00,medium,1109,3.8716644121552917,1.050561797752809,1.050561797752809,2.5685955158385223,3.2074756608180452
new_preds,OFT-0029-00,fast,1110,4.230061487254236,0.9971910112359551,0.9971910112359551,2.4807571678978246,3.0907344270267174
new_preds,OFT-0029-00,slow,1111,4.0892667639213025,0.9971910112359551,0.9971910112359551,2.6069901220656533,3.092191524772657
new_preds,OFT-0030-00,slow,1112,4.506157334978442,0.46348314606741575,0.46348314606741575,2.56041344771174,2.959631421875477
new_preds,OFT-0030-00,fast,1113,4.2173657180371515,0.9971910112359551,0.9971910112359551,2.5029541410499885,3.0531239789967337
new_preds,OFT-0030-00,medium,1114,3.864569464170418,0.9971910112359551,0.9971910112359551,2.5901605954967972,3.0628125679441753
new_preds,OFT-0031-00,fast,1115,4.556709169393615,0.9971910112359551,0.9971910112359551,2.5689335140229743,3.141890916186617
new_preds,OFT-0031-00,slow,1116,4.137944959736217,0.9971910112359551,0.9971910112359551,2.655961995109664,3.146343998253971
new_preds,OFT-0031-00,medium,1117,4.337496780799923,0.9971910112359551,0.9971910112359551,2.544374267510046,3.069437216982453
new_preds,OFT-0032-00,fast,1118,4.361833872989892,0.9971910112359551,0.9971910112359551,2.486755756593555,3.08689939494886
new_preds,OFT-0032-00,slow,1119,4.143267923295158,0.9971910112359551,0.9971910112359551,2.560049550088855,3.0967423904016567
new_preds,OFT-0032-00,medium,1120,4.0056060980742485,0.9971910112359551,0.9971910112359551,2.6303376908214906,3.153766323096751
new_preds,OFT-0033-00,fast,1121,4.216442403768211,0.9971910112359551,0.9971910112359551,2.5290159221502817,3.005334402284338
new_preds,OFT-0033-00,slow,1122,4.412158261769411,0.9971910112359551,0.9971910112359551,2.5525047608985765,2.9354074945945583
new_preds,OFT-0033-00,medium,1123,4.039263896368552,0.9971910112359551,0.9971910112359551,2.559948940228308,2.9669025281834926
new_preds,OFT-0034-00,fast,1124,4.196912865632356,0.9971910112359551,0.9971910112359551,2.4744963715700754,3.0824769521787827
new_preds,OFT-0034-00,medium,1125,4.119392341479198,0.9971910112359551,0.9971910112359551,2.5224422049593773,2.9883882663185326
new_preds,OFT-0034-00,slow,1126,3.9879769248011656,0.9971910112359551,0.9971910112359551,2.542768017091035,3.0937467461751624
new_preds,OFT-0035-00,fast,1127,4.170018828570607,0.9971910112359551,0.9971910112359551,2.40814501873874,3.0577246858896485
new_preds,OFT-0035-00,slow,1128,4.1399399866996,0.9971910112359551,0.9971910112359551,2.6267206898316022,3.1759817065082845
new_preds,OFT-0035-00,medium,1129,4.088802720148318,0.9971910112359551,0.9971910112359551,2.509844139444452,2.986173401668155
new_preds,OFT-0036-00,fast,1130,4.380849273686682,0.9971910112359551,0.9971910112359551,2.562268783934519,3.130719344964589
new_preds,OFT-0036-00,medium,1131,4.1692882890874206,0.9971910112359551,0.9971910112359551,2.6677980653397864,3.2537262653706107
new_preds,OFT-0036-00,slow,1132,4.221834306084336,2.0112359550561796,2.0112359550561796,2.6222705311501406,3.1589593224411785
new_preds,OFT-0037-00,fast,1133,4.462650892351091,0.9971910112359551,0.9971910112359551,2.557769345558972,3.151338075094341
new_preds,OFT-0037-00,slow,1134,3.8436723658368055,0.9971910112359551,0.9971910112359551,2.6802299118197976,3.1958429643743784
new_preds,OFT-0037-00,medium,1135,3.9061562664540834,0.9971910112359551,0.9971910112359551,2.5474059660067403,3.0909561947592423
new_preds,OFT-0038-00,fast,1136,4.724498139597985,0.9971910112359551,0.9971910112359551,2.5111846298780955,3.105888450904834
new_preds,OFT-0038-00,slow,1137,3.9295103687778012,1.9578651685393258,1.9578651685393258,2.5644466810810913,3.091001326218189
new_preds,OFT-0038-00,medium,1138,4.253049092619311,0.9971910112359551,0.9971910112359551,2.593288725733581,3.2046284105939695
new_preds,OFT-0039-00,slow,1139,3.854597502496546,0.9971910112359551,0.9971910112359551,2.567912275642895,2.9736203954840494
new_preds,OFT-0039-00,medium,1140,4.710346160671565,0.9971910112359551,0.9971910112359551,2.5865913898787416,3.098831267091273
new_preds,OFT-0039-00,fast,1141,4.466822140719824,0.9971910112359551,0.9971910112359551,2.54515905805676,3.1213018368181342
new_preds,OFT-0040-00,fast,1142,4.371472685766469,0.9971910112359551,0.9971910112359551,2.505980830596961,3.2184915841958617
new_preds,OFT-0040-00,slow,1143,4.557371590833447,1.103932584269663,1.103932584269663,2.531014512396661,3.2451333628958925
new_preds,OFT-0040-00,medium,1144,7.084698644958531,0.9971910112359551,0.9971910112359551,2.599186956870308,3.3530454398494878
new_preds,OFT-0041-00,fast,1145,4.075709263273633,1.050561797752809,1.050561797752809,2.585141701926733,3.224591134559737
new_preds,OFT-0041-00,slow,1146,4.582303245879244,0.4101123595505618,0.4101123595505618,2.500411259147155,2.904744902603369
new_preds,OFT-0041-00,medium,1147,4.0390701391142265,0.9971910112359551,0.9971910112359551,2.6043739499274654,3.2000378746637206
new_preds,OFT-0042-00,fast,1148,4.282074323388686,0.9971910112359551,0.9971910112359551,2.5646148493548746,3.16965365531525
new_preds,OFT-0042-00,slow,1149,4.319267220321648,0.9971910112359551,0.9971910112359551,2.606037719125646,3.126136881237958
new_preds,OFT-0042-00,medium,1150,4.06182661893864,0.9971910112359551,0.9971910112359551,2.533682124465914,3.0707166623074675
new_preds,OFT-0043-00,medium,1151,4.047856268998189,0.9971910112359551,0.9971910112359551,2.634513044449671,3.157650271017093
new_preds,OFT-0043-00,fast,1152,3.957599377538645,0.9971910112359551,0.9971910112359551,2.5956109746729217,3.171981298032174
new_preds,OFT-0043-00,slow,1153,3.8489583774229237,0.9971910112359551,0.9971910112359551,2.521459107852122,2.94316192701677
new_preds,OFT-0044-00,fast,1154,4.273167465396636,0.9971910112359551,0.9971910112359551,2.5328017320505674,3.1281708450874914
new_preds,OFT-0044-00,medium,1155,3.9468824130416227,0.9971910112359551,0.9971910112359551,2.4610703907725062,3.013605975621276
new_preds,OFT-0044-00,slow,1156,4.525271559188793,2.0112359550561796,2.0112359550561796,2.74578209669203,3.256961983525282
new_preds,OFT-0045-00,fast,1157,4.4123394747344795,0.9971910112359551,0.9971910112359551,2.5018967102493552,2.8741907522612298
new_preds,OFT-0045-00,slow,1158,4.053854778983447,0.9971910112359551,0.9971910112359551,2.6132358131675795,3.111776027234477
new_preds,OFT-0045-00,medium,1159,4.400024714870695,0.9971910112359551,0.9971910112359551,2.5410790720141057,2.9490871045926785
new_preds,OFT-0046-00,fast,1160,4.111163268637659,0.9971910112359551,0.9971910112359551,2.538425016546635,3.106434210459012
new_preds,OFT-0046-00,slow,1161,3.8667949850998347,0.8904494382022472,0.8904494382022472,2.6521201809345243,3.0986826075995535
new_preds,OFT-0046-00,medium,1162,3.873859507046422,1.050561797752809,1.050561797752809,2.509508335658,3.045983539195339
new_preds,OFT-0047-00,medium,1163,4.214016963310623,0.9971910112359551,0.9971910112359551,2.5553412285516623,3.221478543780517
new_preds,OFT-0047-00,fast,1164,4.262232260503129,0.9971910112359551,0.9971910112359551,2.5151574597328983,3.1764780608994387
new_preds,OFT-0047-00,slow,1165,4.057836630060401,1.050561797752809,1.050561797752809,2.61165009694029,3.2222430269648736
new_preds,OFT-0048-00,fast,1166,4.581701472740933,0.9971910112359551,0.9971910112359551,2.456229175397712,3.1575524296613553
new_preds,OFT-0048-00,medium,1167,4.224855406546012,0.9971910112359551,0.9971910112359551,2.6041559954677647,3.191013992423723
new_preds,OFT-0048-00,slow,1168,4.074421962113676,0.9438202247191011,0.9438202247191011,2.694992363185201,3.243470519636099
new_preds,OFT-0049-00,medium,1169,4.885532539636762,0.9971910112359551,0.9971910112359551,2.6553033033513977,3.315765225049991
new_preds,OFT-0049-00,fast,1170,4.61857760944539,0.9971910112359551,0.9971910112359551,2.5835395539963812,3.3604215991402633
new_preds,OFT-0049-00,slow,1171,4.366490896485521,1.050561797752809,1.050561797752809,2.6184481938699102,3.2547212241423016
new_preds,OFT-0050-00,slow,1172,4.128681573118172,0.9971910112359551,0.9971910112359551,2.5608500190928916,3.0772704002404305
new_preds,OFT-0050-00,medium,1173,4.250673975347278,0.9971910112359551,0.9971910112359551,2.4913844016066236,3.100405764007675
new_preds,OFT-0050-00,fast,1174,4.23610068584022,0.9971910112359551,0.9971910112359551,2.4649383551914754,3.1542441460763277
new_preds,OFT-0051-00,fast,1175,4.187995835973172,0.9971910112359551,0.9971910112359551,2.4552016257048206,3.1022979034954337
new_preds,OFT-0051-00,medium,1176,4.118908304711322,0.9971910112359551,0.9971910112359551,2.61415264071894,3.167379741156586
new_preds,OFT-0051-00,slow,1177,4.247772816135432,0.9971910112359551,0.9971910112359551,2.5556754661784735,3.0903758528854883
new_preds,OFT-0052-00,medium,1178,4.0414952850156425,0.9971910112359551,0.9971910112359551,2.542786772259628,3.1374869534655434
new_preds,OFT-0052-00,fast,1179,4.140714755052023,0.9971910112359551,0.9971910112359551,2.3866203661810204,2.9648788455570747
new_preds,OFT-0052-00,slow,1180,4.466244462996718,1.2106741573033708,1.2106741573033708,2.7489794038315423,3.1795939924075594
new_preds,OFT-0053-00,fast,1181,4.413540994120894,0.9971910112359551,0.9971910112359551,2.587910859745551,3.076812958982404
new_preds,OFT-0053-00,slow,1182,4.725294923051743,2.865168539325843,2.865168539325843,2.6669345632672097,3.1885655913582918
new_preds,OFT-0053-00,medium,1183,4.083388581918252,0.9971910112359551,0.9971910112359551,2.6241310689467867,3.120009289898865
new_preds,OFT-0054-00,fast,1184,4.186058174538969,0.9971910112359551,0.9971910112359551,2.4159491532577895,3.0317223253157963
new_preds,OFT-0054-00,slow,1185,5.003296761175744,0.9971910112359551,0.9971910112359551,2.5703974315898823,2.977373959784426
new_preds,OFT-0054-00,medium,1186,4.233483397619639,0.9971910112359551,0.9971910112359551,2.4635552626555364,3.086806621737218
new_preds,OFT-0055-00,fast,1187,4.524627744130956,0.9971910112359551,0.9971910112359551,2.5181903769060083,3.235657913975099
new_preds,OFT-0055-00,slow,1188,4.28572646229282,0.9971910112359551,0.9971910112359551,2.558981135976776,3.0952942707870035
new_preds,OFT-0055-00,medium,1189,4.090645774382384,0.9971910112359551,0.9971910112359551,2.5129412641654727,3.0938663470947922
new_preds,OFT-0056-00,fast,1190,4.569295951158593,0.9971910112359551,0.9971910112359551,2.4492566767433726,3.1710521854935854
new_preds,OFT-0056-00,slow,1191,3.9861069170352756,0.9971910112359551,0.9971910112359551,2.543600270555792,3.1711094795491324
new_preds,OFT-0056-00,medium,1192,4.209361348757665,0.9971910112359551,0.9971910112359551,2.5081004948450127,3.272112819558412
new_preds,OFT-0057-00,medium,1193,3.999729956539784,0.9971910112359551,0.9971910112359551,2.4078114967825655,2.967968541191394
new_preds,OFT-0057-00,fast,1194,5.012770543839163,0.9971910112359551,0.9971910112359551,2.498061232752578,3.1636397844450745
new_preds,OFT-0057-00,slow,1195,4.0661397818623435,0.9971910112359551,0.9971910112359551,2.722233076483824,3.2267101096981325
new_preds,OFT-0058-00,slow,1196,4.43470660487954,0.9971910112359551,0.9971910112359551,2.648620820118737,3.2058578929273445
new_preds,OFT-0058-00,fast,1197,4.271426868573585,0.9971910112359551,0.9971910112359551,2.569113947301251,3.1558097458049317
new_preds,OFT-0058-00,medium,1198,4.2765599949423585,0.9971910112359551,0.9971910112359551,2.5143697639198095,3.0775110081936
new_preds,OFT-0059-00,fast,1199,4.128870350922855,0.9971910112359551,0.9971910112359551,2.5897470702433254,3.1716705052382994
new_preds,OFT-0059-00,medium,1200,4.01613362048243,0.9971910112359551,0.9971910112359551,2.554283968985133,3.1043861318894574
new_preds,OFT-0059-00,slow,1201,3.9419825863340057,0.9438202247191011,0.9438202247191011,2.605201245232603,3.1576304329559948
new_preds,OFT-0060-00,medium,1202,4.32227842607748,0.9971910112359551,0.9971910112359551,2.499645699874125,3.1834867104258424
new_preds,OFT-0060-00,slow,1203,5.1515449781091025,0.9971910112359551,0.9971910112359551,2.5712043217691147,3.1098195423752215
new_preds,OFT-0060-00,fast,1204,4.657974232873556,0.9971910112359551,0.9971910112359551,2.515359000750542,3.1908286752299184
new_preds,OFT-0061-00,slow,1205,4.20462317903053,0.9971910112359551,0.9971910112359551,2.5365850284841156,3.1763896458456773
new_preds,OFT-0061-00,medium,1206,4.19157040234721,0.9971910112359551,0.9971910112359551,2.5083800141098886,3.1425659824453764
new_preds,OFT-0061-00,fast,1207,4.3710005606603035,1.0126404494382022,1.1573033707865168,2.5817125286696814,3.1227603192200966
new_preds,OFT-0062-00,medium,1208,4.551827792350552,0.9971910112359551,0.9971910112359551,2.536431522043123,3.155805887505406
new_preds,OFT-0062-00,fast,1209,4.373827526264677,0.9971910112359551,0.9971910112359551,2.374380012599222,3.0106331472533707
new_preds,OFT-0062-00,slow,1210,4.004580926651211,0.9971910112359551,0.9971910112359551,2.5149354541779485,3.0771123052144467
new_preds,OFT-0063-00,slow,1211,4.204943630597403,2.0646067415730336,2.0646067415730336,2.5033508392701678,3.102580920221489
new_preds,OFT-0063-00,medium,1212,4.180537423499414,0.9971910112359551,0.9971910112359551,2.566229996609637,3.1948966676659563
new_preds,OFT-0063-00,fast,1213,4.2782464187029605,1.0126404494382022,1.1573033707865168,2.5604607132439687,3.045057714891368
new_preds,OFT-0064-00,fast,1214,4.797399611604319,0.9971910112359551,0.9971910112359551,2.6032959793672545,3.237905013245822
new_preds,OFT-0064-00,medium,1215,4.2175667766329195,0.9971910112359551,0.9971910112359551,2.6071648322818075,3.1199021052537974
new_preds,OFT-0064-00,slow,1216,4.537631887926025,0.9971910112359551,0.9971910112359551,2.6660359842056525,3.183847827523847
new_preds,OFT-0065-00,fast,1217,4.647707191453403,0.9971910112359551,0.9971910112359551,2.533024384144773,3.1696850311485165
new_preds,OFT-0065-00,medium,1218,4.535742629538413,0.9971910112359551,0.9971910112359551,2.5265193296417157,3.159147211174527
new_preds,OFT-0065-00,slow,1219,4.4771689715805385,0.9971910112359551,0.9971910112359551,2.6473206342684708,3.198781482571251
new_preds,OFT-0066-00,medium,1220,4.965930840589679,0.9971910112359551,0.9971910112359551,2.536141256447379,3.1435947730380938
new_preds,OFT-0066-00,fast,1221,4.495993653948863,0.9971910112359551,0.9971910112359551,2.542454621471141,3.1605550322805036
new_preds,OFT-0066-00,slow,1222,4.090579935704725,0.9971910112359551,0.9971910112359551,2.5452927611535117,3.09526246195999
new_preds,OFT-0067-00,medium,1223,4.012692925907581,0.9971910112359551,0.9971910112359551,2.5352299843921027,3.004371130610963
new_preds,OFT-0067-00,fast,1224,4.3455050866083305,0.9971910112359551,0.9971910112359551,2.5882145157444425,3.1349193867960947
new_preds,OFT-0067-00,slow,1225,4.027297292722435,0.9971910112359551,0.9971910112359551,2.6160161417399594,3.11165565660053
new_preds,OFT-0068-00,fast,1226,4.346806908744161,0.9971910112359551,0.9971910112359551,2.546885453188277,3.1285172437201623
new_preds,OFT-0068-00,medium,1227,4.350089829761786,0.9971910112359551,0.9971910112359551,2.596829598394914,3.134460753293125
new_preds,OFT-0068-00,slow,1228,3.996526295641295,0.9971910112359551,0.9971910112359551,2.5385838745602736,3.098893670911282
new_preds,OFT-0069-00,fast,1229,4.199281034349123,0.9971910112359551,0.9971910112359551,2.5694954255990963,3.0766235822459596
new_preds,OFT-0069-00,slow,1230,4.1096170469248925,0.9971910112359551,0.9971910112359551,2.6044706445204286,3.130370638468024
new_preds,OFT-0069-00,medium,1231,4.3182484791558835,0.9971910112359551,0.9971910112359551,2.6238051674668093,3.127044439651887
new_preds,OFT-0070-00,fast,1232,4.177634789982911,0.9971910112359551,0.9971910112359551,2.4970331224259947,2.986211027327094
new_preds,OFT-0070-00,medium,1233,4.204845484047954,0.9971910112359551,0.9971910112359551,2.568673644221265,3.119966021393623
new_preds,OFT-0070-00,slow,1234,4.0151490657280435,0.9971910112359551,0.9971910112359551,2.562554842619502,3.107568601480055
new_preds,OFT-0071-00,medium,1235,4.320798560222228,0.9971910112359551,0.9971910112359551,2.569511118742291,3.1618004123747956
new_preds,OFT-0071-00,slow,1236,4.179917834283799,0.9971910112359551,0.9971910112359551,2.5687993327594034,3.12282945517074
new_preds,OFT-0071-00,fast,1237,4.26577163179706,0.988061797752809,1.3174157303370786,2.725616006877128,3.2038035228194532
new_preds,OFT-0072-00,medium,1238,4.241446924375254,0.9971910112359551,0.9971910112359551,2.5934745718839216,3.1242340199615075
new_preds,OFT-0072-00,slow,1239,4.110200632906914,2.0112359550561796,2.0112359550561796,2.6257294020826976,3.0895051169246512
new_preds,OFT-0072-00,fast,1240,4.321497065226432,0.9971910112359551,0.9971910112359551,2.5405024742076527,3.1373260814802157
new_preds,OFT-0073-00,fast,1241,4.181746399160452,0.9971910112359551,0.9971910112359551,2.4018983353000087,3.0227039638295397
new_preds,OFT-0073-00,slow,1242,4.462654522208557,0.9971910112359551,0.9971910112359551,2.5879982896918645,3.185615559160932
new_preds,OFT-0073-00,medium,1243,4.066023083329954,0.9971910112359551,0.9971910112359551,2.428063893928247,3.0308345596534014
new_preds,OFT-0074-00,medium,1244,3.977728893507768,0.9971910112359551,0.9971910112359551,2.494170148082884,2.8929653151994374
new_preds,OFT-0074-00,slow,1245,4.240660128245347,0.9971910112359551,0.9971910112359551,2.6382548988708114,3.0419876685421454
new_preds,OFT-0074-00,fast,1246,4.365205538594184,0.9971910112359551,0.9971910112359551,2.5251848693089576,3.042228521061334
new_preds,OFT-0075-00,fast,1247,4.46298609069355,0.9971910112359551,0.9971910112359551,2.5263546217836628,3.1362381360588785
new_preds,OFT-0075-00,slow,1248,4.196684453089262,0.9971910112359551,0.9971910112359551,2.535407370836671,3.0057673838080485
new_preds,OFT-0075-00,medium,1249,4.609376048091395,0.9971910112359551,0.9971910112359551,2.5567536160887254,3.1472667005735846
new_preds,OFT-0076-00,fast,1250,4.365810127497926,0.9971910112359551,0.9971910112359551,2.6219228313300382,3.1826301535260417
new_preds,OFT-0076-00,slow,1251,4.411572024696022,0.9438202247191011,0.9438202247191011,2.6713303999668025,3.17926527601666
new_preds,OFT-0076-00,medium,1252,4.149324275228605,0.9971910112359551,0.9971910112359551,2.558468004898842,3.1305764472780946
new_preds,OFT-0077-00,slow,1253,3.969669558123033,0.9971910112359551,0.9971910112359551,2.5017087312854907,3.1733875980384942
new_preds,OFT-0077-00,fast,1254,4.222829053541359,0.9971910112359551,0.9971910112359551,2.4796158971934688,3.1485791900865565
new_preds,OFT-0077-00,medium,1255,4.129511174677131,0.9971910112359551,0.9971910112359551,2.582931480321432,3.190953602052393
new_preds,OFT-0078-00,slow,1256,4.484063206870644,2.9719101123595504,2.9719101123595504,2.6012231741456953,3.11709428837753
new_preds,OFT-0078-00,fast,1257,4.4290820245197144,0.988061797752809,1.3174157303370786,2.6392642904342405,3.203916319948724
new_preds,OFT-0078-00,medium,1258,4.338390004188418,0.9971910112359551,0.9971910112359551,2.5641891876856566,3.1220774662271444
new_preds,OFT-0079-00,fast,1259,4.226808381460723,0.9971910112359551,0.9971910112359551,2.503948637103909,3.179630374427715
new_preds,OFT-0079-00,medium,1260,4.352098654562554,0.9971910112359551,0.9971910112359551,2.618586738513646,3.1797888378026813
new_preds,OFT-0079-00,slow,1261,3.9723327651419993,0.9971910112359551,0.9971910112359551,2.438499882161217,2.915384600634553
new_preds,OFT-0080-00,medium,1262,4.133098516629706,0.9971910112359551,0.9971910112359551,2.50602106693163,3.0358931591308567
new_preds,OFT-0080-00,fast,1263,4.311561329467701,0.9971910112359551,0.9971910112359551,2.5448833872695573,3.0494376667465626
new_preds,OFT-0080-00,slow,1264,4.228076884279322,0.9971910112359551,0.9971910112359551,2.634324233844836,3.1544460809922215
new_preds,OFT-0081-00,fast,1265,4.5647758298321275,0.9971910112359551,0.9971910112359551,2.5649909991626565,3.1243690351051496
new_preds,OFT-0081-00,medium,1266,3.9752358642752386,0.9971910112359551,0.9971910112359551,2.5898191068517025,3.176616896929253
new_preds,OFT-0081-00,slow,1267,5.188914513624645,0.9971910112359551,0.9971910112359551,2.6532234068703033,3.1007718009830088
new_preds,OFT-0082-00,fast,1268,4.306475436946145,0.9971910112359551,0.9971910112359551,2.5111746898965994,3.096957801807626
new_preds,OFT-0082-00,medium,1269,4.2379174705368365,0.9971910112359551,0.9971910112359551,2.5407341852333203,3.03656032464719
new_preds,OFT-0082-00,slow,1270,4.106002208761011,0.9971910112359551,0.9971910112359551,2.5434812739112767,2.9731587104336246
new_preds,OFT-0083-00,fast,1271,4.381493018377121,1.0126404494382022,1.1573033707865168,2.6154277179745344,3.162122678120281
new_preds,OFT-0083-00,medium,1272,4.244378476624991,0.9971910112359551,0.9971910112359551,2.504059711012298,3.1416520711228646
new_preds,OFT-0083-00,slow,1273,4.028691651339214,0.9971910112359551,0.9971910112359551,2.3622342318110654,2.9166405479448185
new_preds,OFT-0084-00,fast,1274,4.355061615531821,0.9971910112359551,0.9971910112359551,2.485490256892438,3.1605939349676744
new_preds,OFT-0084-00,slow,1275,4.049222413712508,1.050561797752809,1.050561797752809,2.5845834813297484,3.123487281064919
new_preds,OFT-0084-00,medium,1276,4.135234581096055,0.9971910112359551,0.9971910112359551,2.47279514828667,3.077856900001463
new_preds,OFT-0085-00,medium,1277,4.166144247481107,0.9971910112359551,0.9971910112359551,2.490061478731079,3.125984436953295
new_preds,OFT-0085-00,fast,1278,4.1621255006967335,0.9971910112359551,0.9971910112359551,2.506933859388276,3.1916789472727136
new_preds,OFT-0085-00,slow,1279,4.164441528049845,0.9971910112359551,0.9971910112359551,2.592747081352424,3.0103841048916578
new_preds,OFT-0086-00,fast,1280,4.210332320705228,0.988061797752809,1.3174157303370786,2.7650536060543303,3.241384218730109
new_preds,OFT-0086-00,slow,1281,4.657911812497193,0.9971910112359551,0.9971910112359551,2.5230552049405044,3.0680612629108164
new_preds,OFT-0086-00,medium,1282,4.571928754562184,0.9971910112359551,0.9971910112359551,2.520463424313609,3.0638643656471816
new_preds,OFT-0087-00,medium,1283,3.9626859529297804,1.050561797752809,1.050561797752809,2.4569503379738085,3.018919030924917
new_preds,OFT-0087-00,fast,1284,4.175769938535433,0.9971910112359551,0.9971910112359551,2.4834575996881463,2.971875860698947
new_preds,OFT-0087-00,slow,1285,3.882700971047593,0.9971910112359551,0.9971910112359551,2.4954175624587895,3.022124473308719
new_preds,OFT-0088-00,fast,1286,4.691120263557913,0.9971910112359551,0.9971910112359551,2.589181414109345,3.221491559352303
new_preds,OFT-0088-00,medium,1287,4.320096906867426,0.9971910112359551,0.9971910112359551,2.5899227669131153,3.146373055026255
new_preds,OFT-0088-00,slow,1288,4.046173236937682,0.9971910112359551,0.9971910112359551,2.653374711700232,3.160714802021542
new_preds,OFT-0089-00,fast,1289,4.256729688726249,0.9971910112359551,0.9971910112359551,2.550205942308402,3.121926559537452
new_preds,OFT-0089-00,medium,1290,4.298582123123291,0.9971910112359551,0.9971910112359551,2.5228197213106562,3.1323012802468466
new_preds,OFT-0089-00,slow,1291,3.9629387063865797,0.9971910112359551,0.9971910112359551,2.462492843482646,2.96905758104756
new_preds,OFT-0090-00,fast,1292,4.671258850509226,0.9971910112359551,0.9971910112359551,2.5399255596350594,3.1227962754651744
new_preds,OFT-0090-00,slow,1293,4.14011771218725,0.9971910112359551,0.9971910112359551,2.551092291729706,3.0565984518272096
new_preds,OFT-0090-00,medium,1294,4.407219734535612,0.9971910112359551,0.9971910112359551,2.5513592071151643,3.0582299369276846
new_preds,OFT-0091-00,fast,1295,4.643066841512931,0.9971910112359551,0.9971910112359551,2.4923264945866563,3.231906871848511
new_preds,OFT-0091-00,slow,1296,3.892857444992432,0.9438202247191011,0.9438202247191011,2.596884123908329,3.20094933521908
new_preds,OFT-0091-00,medium,1297,4.177334201053909,0.9971910112359551,0.9971910112359551,2.5563393159972767,3.146525374038758
new_preds,OFT-0092-00,medium,1298,4.50667006920554,0.9971910112359551,0.9971910112359551,2.5288622244116836,2.9842787718065455
new_preds,OFT-0092-00,fast,1299,4.174905545909362,0.988061797752809,1.3174157303370786,2.8125978662946705,3.209589875148579
new_preds,OFT-0092-00,slow,1300,4.493099384469332,0.9971910112359551,0.9971910112359551,2.6240471710103157,3.0686014124365673
new_preds,OFT-0093-00,fast,1301,4.319193855123181,0.9971910112359551,0.9971910112359551,2.5959644270004776,3.0417446120243707
new_preds,OFT-0093-00,medium,1302,3.8323864885776557,0.9971910112359551,0.9971910112359551,2.697754736495291,3.0775433514254047
new_preds,OFT-0093-00,slow,1303,4.357584516173987,0.9971910112359551,0.9971910112359551,2.6175135213201153,3.1013776428603057
new_preds,OFT-0094-00,fast,1304,4.213347615246738,0.988061797752809,1.3174157303370786,2.8352346519339617,3.306326021693004
new_preds,OFT-0094-00,slow,1305,4.268701447607044,0.9971910112359551,0.9971910112359551,2.5241476163503056,2.9017863430878292
new_preds,OFT-0094-00,medium,1306,4.288130100734392,0.9971910112359551,0.9971910112359551,2.5040843982955887,3.0102027104604274
new_preds,OFT-0095-00,slow,1307,4.084043460201175,1.050561797752809,1.050561797752809,2.650370274439902,3.137684093197515
new_preds,OFT-0095-00,medium,1308,4.141594946649741,0.9971910112359551,0.9971910112359551,2.4834542216099704,3.1062265196566714
new_preds,OFT-0095-00,fast,1309,4.3800130505458785,0.9971910112359551,0.9971910112359551,2.387178581667757,3.077525686313477
new_preds,OFT-0096-00,slow,1310,4.490005711804747,1.050561797752809,1.050561797752809,2.6076612301740294,3.0500005132305055
new_preds,OFT-0096-00,fast,1311,4.27167800834595,0.9971910112359551,0.9971910112359551,2.6311163478776214,3.1930055894884455
new_preds,OFT-0096-00,medium,1312,4.479506159372264,0.9971910112359551,0.9971910112359551,2.6026461930669402,3.1255380266328605
new_preds,OFT-0097-00,fast,1313,4.320905637664755,0.9971910112359551,0.9971910112359551,2.5885206587969325,3.1076224257106113
new_preds,OFT-0097-00,medium,1314,4.124470641665604,0.9971910112359551,0.9971910112359551,2.570412655357474,3.0682650048414266
new_preds,OFT-0097-00,slow,1315,4.162039583616714,0.9971910112359551,0.9971910112359551,2.7293757147758813,3.21578403766928
new_preds,OFT-0098-00,medium,1316,4.590309491272964,0.9971910112359551,0.9971910112359551,2.5621230341375427,2.9838061783392993
new_preds,OFT-0098-00,fast,1317,3.9614557775200963,0.988061797752809,1.3174157303370786,2.6526157260495817,3.003605528555465
new_preds,OFT-0098-00,slow,1318,4.154124162375084,1.050561797752809,1.050561797752809,2.692737920161651,3.2153123141640436
new_preds,OFT-0099-00,fast,1319,4.368939143274987,0.9971910112359551,0.9971910112359551,2.4223764278397732,3.143069692924316
new_preds,OFT-0099-00,slow,1320,4.073943770381917,0.9971910112359551,0.9971910112359551,2.5835170096545306,3.129626567132045
new_preds,OFT-0099-00,medium,1321,4.132479028057889,0.9971910112359551,0.9971910112359551,2.5395805283106716,3.1935631840602907
new_preds,OFT-0100-00,fast,1322,4.270482798447783,0.9971910112359551,0.9971910112359551,2.4978303747088115,2.9851116325809137
new_preds,OFT-0100-00,slow,1323,4.337980403612407,1.050561797752809,1.050561797752809,2.72234944699049,3.246564326026624
new_preds,OFT-0100-00,medium,1324,4.402115170748556,0.9971910112359551,0.9971910112359551,2.52576837940636,3.114980605775855
new_preds,OFT-0101-00,fast,1325,4.2171420766468835,0.9971910112359551,0.9971910112359551,2.5543742862123557,3.191356703299244
new_preds,OFT-0101-00,slow,1326,5.232995931457209,0.9971910112359551,0.9971910112359551,2.635355318455518,3.1770551315694804
new_preds,OFT-0101-00,medium,1327,4.25120676872194,0.9971910112359551,0.9971910112359551,2.5290647811456717,3.0849993857948714
new_preds,OFT-0102-00,medium,1328,4.314649357876607,0.9971910112359551,0.9971910112359551,2.6405426627892425,3.114673040746575
new_preds,OFT-0102-00,fast,1329,4.166270383418268,1.0126404494382022,1.1573033707865168,2.705071781027645,3.215118788682272
new_preds,OFT-0102-00,slow,1330,5.338600769574919,0.9971910112359551,0.9971910112359551,2.717496477100013,3.304677135547075
new_preds,OFT-0103-00,fast,1331,4.161849651800224,0.9971910112359551,0.9971910112359551,2.4615299870587113,3.0469867602939176
new_preds,OFT-0103-00,medium,1332,4.110553456864485,0.9971910112359551,0.9971910112359551,2.5405740753419903,3.0725356397261896
new_preds,OFT-0103-00,slow,1333,5.980083742529313,0.9971910112359551,0.9971910112359551,2.7447424923979225,3.2542922611259955
new_preds,OFT-0104-00,slow,1334,4.1712497908013795,2.0646067415730336,2.0646067415730336,2.4671031858690595,2.8561948027321735
new_preds,OFT-0104-00,fast,1335,4.214153239367703,0.9971910112359551,0.9971910112359551,2.464640371666228,3.058824562721196
new_preds,OFT-0104-00,medium,1336,4.250241596906009,0.988061797752809,1.3174157303370786,2.7977177883924726,3.2760824883872464
new_preds,OFT-0105-00,fast,1337,3.9979939213068056,0.9971910112359551,0.9971910112359551,2.6049387234852697,3.1087983526164793
new_preds,OFT-0105-00,slow,1338,4.413892042307063,1.050561797752809,1.050561797752809,2.53338266655954,3.1388946044619384
new_preds,OFT-0105-00,medium,1339,3.9076155587506634,0.9971910112359551,0.9971910112359551,2.548065401299401,3.1056786717992027
new_preds,OFT-0106-00,fast,1340,4.197271873498203,1.0280898876404494,1.3707865168539326,2.756911057541623,3.2866103555016593
new_preds,OFT-0106-00,slow,1341,4.147347716963926,0.9971910112359551,0.9971910112359551,2.66520302568101,3.2338874440511374
new_preds,OFT-0106-00,medium,1342,4.706839322864629,0.9971910112359551,0.9971910112359551,2.5029484279847054,3.0462227943803994
new_preds,OFT-0107-00,fast,1343,4.349245965829662,1.0126404494382022,1.1573033707865168,2.559366962307587,3.0048538830228195
new_preds,OFT-0107-00,medium,1344,4.248748349630292,0.9971910112359551,0.9971910112359551,2.4508480209179853,2.9866541437811915
new_preds,OFT-0107-00,slow,1345,4.009369549259113,0.9971910112359551,0.9971910112359551,2.5416905512127888,3.1276419179159514
new_preds,OFT-0108-00,fast,1346,4.253034192890858,0.9971910112359551,0.9971910112359551,2.5923435590195423,3.1479183017872465
new_preds,OFT-0108-00,slow,1347,4.617872525087045,0.9971910112359551,0.9971910112359551,2.689431682380809,3.161175245675516
new_preds,OFT-0108-00,medium,1348,4.331946936901253,0.9971910112359551,0.9971910112359551,2.5928626482566353,3.1190480468493034
new_preds,OFT-0109-00,fast,1349,4.194104559315894,0.9971910112359551,0.9971910112359551,2.427130253387404,3.008077111881797
new_preds,OFT-0109-00,medium,1350,4.584638941101225,0.9971910112359551,0.9971910112359551,2.573808834520002,3.189443235238468
new_preds,OFT-0109-00,slow,1351,4.157959576870724,1.050561797752809,1.050561797752809,2.6195357142610725,3.2512593584725344
new_preds,OFT-0110-00,fast,1352,4.336319054446193,0.9971910112359551,0.9971910112359551,2.488617292584954,3.1576957689643006
new_preds,OFT-0110-00,medium,1353,3.985443882174235,0.9971910112359551,0.9971910112359551,2.423920560359493,3.0723464014633035
new_preds,OFT-0110-00,slow,1354,4.025518056508222,0.9971910112359551,0.9971910112359551,2.6405967677600435,3.2310346006012436
new_preds,OFT-0111-00,fast,1355,4.477192773725031,0.9971910112359551,0.9971910112359551,2.4656031110415646,3.119214395646428
new_preds,OFT-0111-00,medium,1356,3.9153931687419257,0.9971910112359551,0.9971910112359551,2.4475956777638808,2.871617211824861
new_preds,OFT-0111-00,slow,1357,4.365472321987608,0.9971910112359551,0.9971910112359551,2.646277634904378,3.0911387030451896
new_preds,OFT-0112-00,fast,1358,4.2096451768607706,0.988061797752809,1.3174157303370786,2.8012046725250173,3.1659603723228615
new_preds,OFT-0112-00,medium,1359,4.584970541253142,0.9971910112359551,0.9971910112359551,2.558823728183038,3.1170620883766005
new_preds,OFT-0112-00,slow,1360,4.685681424571758,2.0112359550561796,2.0112359550561796,2.5233180298497246,2.9712090371390367
new_preds,OFT-0113-00,fast,1361,4.226351582114107,0.9971910112359551,0.9971910112359551,2.5827439460681987,3.1962849705317176
new_preds,OFT-0113-00,slow,1362,3.8096321474568344,0.9971910112359551,0.9971910112359551,2.59419221753108,2.8860177946372865
new_preds,OFT-0113-00,medium,1363,4.390144386085832,0.9971910112359551,0.9971910112359551,2.583510891016264,3.1107381764669713
new_preds,OFT-0114-00,medium,1364,4.185959269416563,0.9971910112359551,0.9971910112359551,2.619774721550319,3.2037465355397376
new_preds,OFT-0114-00,slow,1365,4.6805500265480555,1.050561797752809,1.050561797752809,2.6328107087165855,3.2833851483272922
new_preds,OFT-0114-00,fast,1366,4.293498533598489,0.9971910112359551,0.9971910112359551,2.343574172194716,3.0102669124608767
new_preds,OFT-0115-00,medium,1367,4.099284853894808,0.9971910112359551,0.9971910112359551,2.454146552871469,2.9624722354667465
new_preds,OFT-0115-00,fast,1368,4.169631047575858,0.9971910112359551,0.9971910112359551,2.3660278144119165,2.9625510452713932
new_preds,OFT-0115-00,slow,1369,3.959129331009908,0.9971910112359551,0.9971910112359551,2.5547284643258377,2.97936785806005
new_preds,OFT-0116-00,fast,1370,4.133607515164431,0.9971910112359551,0.9971910112359551,2.4736301952259065,3.151691948848867
new_preds,OFT-0116-00,medium,1371,4.413542849050274,0.9971910112359551,0.9971910112359551,2.6131103837616787,3.20171225608547
new_preds,OFT-0116-00,slow,1372,4.049562380948614,0.9438202247191011,0.9438202247191011,2.6088035541071126,3.1487264483014616
new_preds,OFT-0117-00,slow,1373,4.299787460081294,0.9971910112359551,0.9971910112359551,2.617704987965076,3.198473595321674
new_preds,OFT-0117-00,fast,1374,4.2975704610006655,0.9971910112359551,0.9971910112359551,2.4529966401925316,3.0252666173129685
new_preds,OFT-0117-00,medium,1375,4.124309595031885,0.9971910112359551,0.9971910112359551,2.5891822924239416,3.2013794964894577
new_preds,OFT-0118-00,fast,1376,4.080860379004998,1.0126404494382022,1.1573033707865168,2.6490645448787733,3.0814294803359443
new_preds,OFT-0118-00,medium,1377,3.994620635238074,0.9971910112359551,0.9971910112359551,2.6412360441765945,3.1236463177606217
new_preds,OFT-0118-00,slow,1378,4.23377264622137,0.9971910112359551,0.9971910112359551,2.5648662115978684,3.011829360729416
new_preds,OFT-0119-00,fast,1379,4.682641550356007,0.9971910112359551,0.9971910112359551,2.5828283741328666,3.192165440243277
new_preds,OFT-0119-00,slow,1380,4.12171221423888,0.9438202247191011,0.9438202247191011,2.7047154491951138,3.167693236368905
new_preds,OFT-0119-00,medium,1381,5.218848652958948,0.9971910112359551,0.9971910112359551,2.662181678605669,3.2095411213037677
new_preds,OFT-0120-00,medium,1382,4.247363979319737,0.9971910112359551,0.9971910112359551,2.602986092081825,3.0932440686801392
new_preds,OFT-0120-00,fast,1383,4.232429166217046,0.9971910112359551,0.9971910112359551,2.6110918291507677,3.1490786414408016
new_preds,OFT-0120-00,slow,1384,3.938428173097887,0.9971910112359551,0.9971910112359551,2.59856636861239,3.0749990733904506
new_preds,OFT-0121-00,slow,1385,4.127477691047816,0.9971910112359551,0.9971910112359551,2.563730499653513,3.057826343571523
new_preds,OFT-0121-00,medium,1386,4.287577019917902,0.9971910112359551,0.9971910112359551,2.570461321789037,3.0907185312435814
new_preds,OFT-0121-00,fast,1387,4.451405719530161,0.9971910112359551,0.9971910112359551,2.507460768745046,3.109706579749163
new_preds,OFT-0122-00,slow,1388,3.978935236055247,0.9971910112359551,0.9971910112359551,2.531960541951692,3.0352550224623873
new_preds,OFT-0122-00,fast,1389,4.3190322240698,0.9971910112359551,0.9971910112359551,2.538237695323786,3.090435922701723
new_preds,OFT-0122-00,medium,1390,4.1545844666290295,0.9971910112359551,0.9971910112359551,2.515738518303061,3.036341210773581
new_preds,OFT-0123-00,medium,1391,4.449988822603958,0.9971910112359551,0.9971910112359551,2.5699838277446276,3.1256369008411333
new_preds,OFT-0123-00,fast,1392,4.410546954767567,0.988061797752809,1.3174157303370786,2.727448956272521,3.2333541531509487
new_preds,OFT-0123-00,slow,1393,4.396822516113356,0.9971910112359551,0.9971910112359551,2.604884073894503,3.1882762120370276
new_preds,OFT-0124-00,fast,1394,4.500913207423739,0.988061797752809,1.3174157303370786,2.7590994085790705,3.341739975066913
new_preds,OFT-0124-00,medium,1395,4.246910323383945,0.9971910112359551,0.9971910112359551,2.5325188717578553,3.178818902825632
new_preds,OFT-0124-00,slow,1396,4.041080949191089,0.9971910112359551,0.9971910112359551,2.518877136783025,3.138830185879884
new_preds,OFT-0125-00,fast,1397,4.5862677204918505,0.9971910112359551,0.9971910112359551,2.527418917085749,3.2062013400517055
new_preds,OFT-0125-00,medium,1398,4.350000118385544,0.9971910112359551,0.9971910112359551,2.545724083166229,3.110905030308375
new_preds,OFT-0125-00,slow,1399,4.413119679392616,0.9971910112359551,0.9971910112359551,2.5498726309760036,3.1637037738446896
new_preds,OFT-0126-00,medium,1400,4.563005268175725,0.9971910112359551,0.9971910112359551,2.5232184549821657,3.156782235708935
new_preds,OFT-0126-00,fast,1401,4.389546291711604,0.9971910112359551,0.9971910112359551,2.4783845045280226,3.1394152801407813
new_preds,OFT-0126-00,slow,1402,4.091073231946602,0.9971910112359551,0.9971910112359551,2.521575391010073,3.0596609523380036
new_preds,OFT-0127-00,slow,1403,4.357337554963192,0.9971910112359551,0.9971910112359551,2.5438482201988024,3.114323204741278
new_preds,OFT-0127-00,medium,1404,4.240196236845078,0.9971910112359551,0.9971910112359551,2.5011643877502676,3.192414446635703
new_preds,OFT-0127-00,fast,1405,4.351580842248251,0.9971910112359551,0.9971910112359551,2.435110710765081,3.1667918653983818
new_preds,OFT-0128-00,medium,1406,4.39481659519344,0.9971910112359551,0.9971910112359551,2.4715296803097258,3.164092218740257
new_preds,OFT-0128-00,fast,1407,4.32259499861945,0.988061797752809,1.3174157303370786,2.7648456188837094,3.2791212924266864
new_preds,OFT-0128-00,slow,1408,4.404948025850847,0.9971910112359551,0.9971910112359551,2.520477387158977,3.233786153867511
new_preds,OFT-0129-00,slow,1409,4.083673009911417,0.9971910112359551,0.9971910112359551,2.5284508513539214,3.0798832361162765
new_preds,OFT-0129-00,medium,1410,4.381068689790967,0.9971910112359551,0.9971910112359551,2.4994652561089237,3.082349114142041
new_preds,OFT-0129-00,fast,1411,4.526530374601048,0.9971910112359551,0.9971910112359551,2.4795896079671875,3.1695203411743136
new_preds,OFT-0130-00,medium,1412,4.345773580786788,0.9971910112359551,0.9971910112359551,2.577934440315206,3.1589756931200066
new_preds,OFT-0130-00,fast,1413,4.221758082167806,1.0126404494382022,1.1573033707865168,2.6372539576873137,3.18889411792481
new_preds,OFT-0130-00,slow,1414,4.1540679567414,0.9971910112359551,0.9971910112359551,2.5667447791525424,3.114692260994297
new_preds,OFT-0131-00,medium,1415,3.930180865783393,0.9971910112359551,0.9971910112359551,2.4820380059595055,2.942057789513628
new_preds,OFT-0131-00,fast,1416,4.235483298127913,0.9971910112359551,0.9971910112359551,2.481757580510569,3.11735301474095
new_preds,OFT-0131-00,slow,1417,4.137087572789871,0.9971910112359551,0.9971910112359551,2.473180280303026,2.9977607069838372
new_preds,OFT-0132-00,fast,1418,4.361649557019755,0.9971910112359551,0.9971910112359551,2.495708267446003,3.186478644357345
new_preds,OFT-0132-00,slow,1419,4.511706994686754,0.9971910112359551,0.9971910112359551,2.5686459338538965,3.1189227860835116
new_preds,OFT-0132-00,medium,1420,4.443651817234904,0.9971910112359551,0.9971910112359551,2.4862890774738426,3.0882663789237133
new_preds,OFT-0133-00,medium,1421,4.287445134268051,0.9971910112359551,0.9971910112359551,2.552525034240083,3.122655810802461
new_preds,OFT-0133-00,fast,1422,4.454197743968818,0.9971910112359551,0.9971910112359551,2.5352849896906484,3.1532180924608015
new_preds,OFT-0133-00,slow,1423,4.17550308673726,0.9971910112359551,0.9971910112359551,2.46419820317259,3.0134020870789615
new_preds,OFT-0134-00,fast,1424,4.6872567767354765,0.9971910112359551,0.9971910112359551,2.453591864011597,3.1244926998245086
new_preds,OFT-0134-00,medium,1425,4.092702485429128,0.9971910112359551,0.9971910112359551,2.5906066545612263,3.1033652476399127
new_preds,OFT-0134-00,slow,1426,4.035013699019916,0.9971910112359551,0.9971910112359551,2.5824468472055977,3.09208333418517
new_preds,OFT-0135-00,medium,1427,4.120248784709475,0.9971910112359551,0.9971910112359551,2.5641532010547494,3.2152112039985288
new_preds,OFT-0135-00,fast,1428,4.139498575114606,0.9935393258426968,1.103932584269663,2.522228004367354,3.112849246453201
new_preds,OFT-0135-00,slow,1429,4.074774671704325,1.050561797752809,1.050561797752809,2.5701003909034523,3.1295905895101868
new_preds,OFT-0136-00,medium,1430,4.36814089980729,0.9971910112359551,0.9971910112359551,2.4158166115468442,3.049516108564545
new_preds,OFT-0136-00,fast,1431,3.9351373177859785,0.988061797752809,1.3174157303370786,2.634001007980502,3.097152129747095
new_preds,OFT-0136-00,slow,1432,4.915390353146029,0.9971910112359551,0.9971910112359551,2.5145072055126545,3.1340278510030255
new_preds,OFT-0137-00,slow,1433,4.17272135325796,0.9971910112359551,0.9971910112359551,2.6153478017599845,3.1653363893279525
new_preds,OFT-0137-00,medium,1434,4.236482275678074,0.9971910112359551,0.9971910112359551,2.5009022499863507,3.129870542535305
new_preds,OFT-0137-00,fast,1435,4.305150839993392,0.9971910112359551,0.9971910112359551,2.473200735162109,3.1713404573112673
new_preds,OFT-0138-00,fast,1436,4.372089206560887,0.9971910112359551,0.9971910112359551,2.495263508201347,3.2047185861057668
new_preds,OFT-0138-00,medium,1437,4.37318633059308,0.9971910112359551,0.9971910112359551,2.4794346679531283,3.0846418577155834
new_preds,OFT-0138-00,slow,1438,4.165459004575678,0.9971910112359551,0.9971910112359551,2.5614005147517718,3.105204351355057
new_preds,OFT-0139-00,fast,1439,4.28860248585291,0.9971910112359551,0.9971910112359551,2.4340519554223605,2.9887662140577165
new_preds,OFT-0139-00,medium,1440,4.291218485371405,0.9971910112359551,0.9971910112359551,2.431183385905078,3.0954550751214676
new_preds,OFT-0139-00,slow,1441,5.338646842073955,0.8904494382022472,0.8904494382022472,2.6840758845428874,3.3179907543360625
new_preds,OFT-0140-00,fast,1442,4.772269593230279,0.9971910112359551,0.9971910112359551,2.4751719812936104,3.1544544046609446
new_preds,OFT-0140-00,medium,1443,4.3885972035622665,0.9971910112359551,0.9971910112359551,2.6155560165592506,3.2185808046748723
new_preds,OFT-0140-00,slow,1444,3.976774913816042,0.9971910112359551,0.9971910112359551,2.5828928072299697,3.0647059712220535
new_preds,OFT-0141-00,fast,1445,4.654279814878079,0.9971910112359551,0.9971910112359551,2.44338198371563,3.093800398259933
new_preds,OFT-0141-00,slow,1446,4.821404698077131,0.9971910112359551,0.9971910112359551,2.626599585305373,3.19148336411568
new_preds,OFT-0141-00,medium,1447,4.429548017188704,0.9971910112359551,0.9971910112359551,2.487082408131623,3.0835445429521924
new_preds,OFT-0142-00,medium,1448,5.871645732733919,0.9971910112359551,0.9971910112359551,2.573177999060092,3.171711974439641
new_preds,OFT-0142-00,fast,1449,4.20895022107891,0.9971910112359551,0.9971910112359551,2.503125436045952,3.0774117694617193
new_preds,OFT-0142-00,slow,1450,4.57463188816073,0.9971910112359551,0.9971910112359551,2.6473375085864173,3.1314080615017907
new_preds,OFT-0143-00,medium,1451,4.205608678776917,0.9971910112359551,0.9971910112359551,2.528845867081465,3.082153942065729
new_preds,OFT-0143-00,fast,1452,4.130428725675964,0.9971910112359551,0.9971910112359551,2.345568282736755,3.02891971734168
new_preds,OFT-0143-00,slow,1453,4.226268995314499,0.9971910112359551,0.9971910112359551,2.491246071787777,3.094381909873688
new_preds,OFT-0144-00,slow,1454,4.161441776594642,0.9971910112359551,0.9971910112359551,2.4702860456268323,3.1276305387573156
new_preds,OFT-0144-00,medium,1455,4.185151283212897,0.9971910112359551,0.9971910112359551,2.431713802423295,3.1030928165464564
new_preds,OFT-0144-00,fast,1456,4.339437317570269,0.9971910112359551,0.9971910112359551,2.4094930741979153,3.0317628019045455
new_preds,OFT-0145-00,fast,1457,4.404096838782059,0.9971910112359551,0.9971910112359551,2.453617259147013,3.1343074435972023
new_preds,OFT-0145-00,slow,1458,4.433254802088265,0.9971910112359551,0.9971910112359551,2.5751262099074026,3.0677960976072822
new_preds,OFT-0145-00,medium,1459,4.125881692102735,0.9971910112359551,0.9971910112359551,2.4466501247158923,3.0183691443752236
new_preds,OFT-0146-00,slow,1460,4.156561662296398,0.9971910112359551,0.9971910112359551,2.6258659166120126,3.233231177479215
new_preds,OFT-0146-00,medium,1461,4.215602552221289,0.9971910112359551,0.9971910112359551,2.4963879383810914,3.1080454419070347
new_preds,OFT-0146-00,fast,1462,4.186099181500884,0.9971910112359551,0.9971910112359551,2.4485401563521783,3.1511062933519582
new_preds,OFT-0147-00,fast,1463,4.370634053470676,0.9971910112359551,0.9971910112359551,2.400783002140307,3.086053619226439
new_preds,OFT-0147-00,medium,1464,4.405799043363724,0.9971910112359551,0.9971910112359551,2.54675396819688,3.167987693587604
new_preds,OFT-0147-00,slow,1465,3.89614957909922,1.103932584269663,1.103932584269663,2.5769694637023597,3.2824141961215423
new_preds,OFT-0148-00,fast,1466,4.258280671067228,0.9971910112359551,0.9971910112359551,2.60550973529066,3.1590771299867826
new_preds,OFT-0148-00,slow,1467,4.392027951033862,0.9971910112359551,0.9971910112359551,2.6119250862645305,3.043751094994609
new_preds,OFT-0148-00,medium,1468,4.16423217198704,0.9971910112359551,0.9971910112359551,2.601378843960314,3.069139886378565
new_preds,OFT-0149-00,fast,1469,4.839524881619525,0.9971910112359551,0.9971910112359551,2.5146045170310023,3.215114026445876
new_preds,OFT-0149-00,slow,1470,4.8849685106122855,0.9971910112359551,0.9971910112359551,2.552415019369221,3.194531550239672
new_preds,OFT-0149-00,medium,1471,4.410902258191121,0.9971910112359551,0.9971910112359551,2.457895727323378,3.0501678905500107
new_preds,OFT-0150-00,fast,1472,4.337018584504918,0.988061797752809,1.3174157303370786,2.783434070594798,3.2404228177305057
new_preds,OFT-0150-00,medium,1473,4.144613047198029,0.9971910112359551,0.9971910112359551,2.528000134163263,3.024022155252382
new_preds,OFT-0150-00,slow,1474,4.539158514329537,1.050561797752809,1.050561797752809,2.6457640941494858,3.1040711055126438
new_preds,OFT-0151-00,fast,1475,3.9774773287376197,1.0280898876404494,1.3707865168539326,2.697800065430961,3.1841243999109894
new_preds,OFT-0151-00,medium,1476,4.15766856744039,0.9971910112359551,0.9971910112359551,2.484113150012106,3.1235221807339575
new_preds,OFT-0151-00,slow,1477,4.1063086279256655,0.9971910112359551,0.9971910112359551,2.549155501500691,3.165090394180076
new_preds,OFT-0152-00,medium,1478,4.930534066049599,0.9971910112359551,0.9971910112359551,2.5846627588690443,3.2679039613521867
new_preds,OFT-0152-00,slow,1479,3.6644592876545174,0.4101123595505618,0.4101123595505618,2.6635544603720276,3.1049354572231764
new_preds,OFT-0152-00,fast,1480,4.389425781565922,0.9971910112359551,0.9971910112359551,2.479004173975695,3.1725058544054683
new_preds,OFT-0153-00,fast,1481,4.26492924569153,0.9971910112359551,0.9971910112359551,2.488042210974682,3.1358293487837603
new_preds,OFT-0153-00,slow,1482,4.000748816056963,0.9971910112359551,0.9971910112359551,2.595284377660657,3.1328695094245886
new_preds,OFT-0153-00,medium,1483,4.129211196866581,0.9971910112359551,0.9971910112359551,2.6269312368966333,3.168002951637081
new_preds,OFT-0154-00,medium,1484,4.026475295782852,0.9971910112359551,0.9971910112359551,2.6148566129552,3.1162064173297543
new_preds,OFT-0154-00,slow,1485,4.234943097218306,0.9971910112359551,0.9971910112359551,2.6234536425057167,3.0676478354821115
new_preds,OFT-0154-00,fast,1486,4.241070657133965,0.988061797752809,1.3174157303370786,2.746903663020452,3.162159234302081
new_preds,OFT-0155-00,fast,1487,4.184767493511012,0.9971910112359551,0.9971910112359551,2.3612846236804175,3.1407185662888746
new_preds,OFT-0155-00,slow,1488,3.9527641628652685,0.9971910112359551,0.9971910112359551,2.484511897478161,3.0167096675249674
new_preds,OFT-0155-00,medium,1489,4.137590111419737,0.9971910112359551,0.9971910112359551,2.4303390368176165,3.0753005174379866
new_preds,OFT-0156-00,fast,1490,4.475634514896155,0.9971910112359551,0.9971910112359551,2.492681176689246,3.139105043889671
new_preds,OFT-0156-00,medium,1491,4.131145176878285,0.9971910112359551,0.9971910112359551,2.5609641203179048,3.172571690040178
new_preds,OFT-0156-00,slow,1492,4.211430986928997,0.9971910112359551,0.9971910112359551,2.546278499595942,3.0873911391958013
new_preds,OFT-0157-00,fast,1493,4.395132219509328,1.0126404494382022,1.1573033707865168,2.6556205341119505,3.185061622742411
new_preds,OFT-0157-00,medium,1494,4.014967596892415,0.9971910112359551,0.9971910112359551,2.483752522268298,3.0534936851227235
new_preds,OFT-0157-00,slow,1495,4.186413816455333,0.9971910112359551,0.9971910112359551,2.6861677408814995,3.1848430195193123
new_preds,OFT-0158-00,fast,1496,4.278212264539619,0.9971910112359551,0.9971910112359551,2.4931992026750307,3.076747820085812
new_preds,OFT-0158-00,medium,1497,4.108688491302757,0.9971910112359551,0.9971910112359551,2.570473676863253,3.098229287099613
new_preds,OFT-0158-00,slow,1498,4.439254308844911,0.9971910112359551,0.9971910112359551,2.6605078439597065,3.1885632629533944
new_preds,OFT-0159-00,fast,1499,4.378055755672693,0.9971910112359551,0.9971910112359551,2.3462951517941795,2.9251650898193646
new_preds,OFT-0159-00,slow,1500,4.030870532934066,0.9971910112359551,0.9971910112359551,2.5706148901336587,3.12804614118893
new_preds,OFT-0159-00,medium,1501,4.3713861476076135,0.9971910112359551,0.9971910112359551,2.4137998673658667,3.106101578892928
new_preds,OFT-0160-00,slow,1502,4.26165557559696,0.9971910112359551,0.9971910112359551,2.5608160620488136,3.249329852200695
new_preds,OFT-0160-00,medium,1503,4.203906754396852,0.9971910112359551,0.9971910112359551,2.4754083241038707,3.137878150132901
new_preds,OFT-0160-00,fast,1504,4.198149266038211,0.9971910112359551,0.9971910112359551,2.3475895053267073,2.9653377159341123
new_preds,OFT-0161-00,fast,1505,4.543004792921641,0.988061797752809,1.3174157303370786,2.8016208330540433,3.361502640513235
new_preds,OFT-0161-00,medium,1506,4.265972425549514,0.9971910112359551,0.9971910112359551,2.522279060593844,3.1909510906752416
new_preds,OFT-0161-00,slow,1507,4.282010967974089,0.9971910112359551,0.9971910112359551,2.504496478809733,3.187560071056675
new_preds,OFT-0162-00,fast,1508,4.514511252628874,0.9971910112359551,0.9971910112359551,2.5334596017755873,3.1618799388210332
new_preds,OFT-0162-00,slow,1509,3.854408588927652,0.9971910112359551,0.9971910112359551,2.410004770359246,2.98131408257726
new_preds,OFT-0162-00,medium,1510,4.0762393365296266,0.9971910112359551,0.9971910112359551,2.429421185131654,2.9779862190129602
new_preds,OFT-0163-00,fast,1511,4.279154170997573,0.9971910112359551,0.9971910112359551,2.5135474841578582,3.1559991766165654
new_preds,OFT-0163-00,medium,1512,4.271647444522757,0.9971910112359551,0.9971910112359551,2.5528782444524802,3.079901579292207
new_preds,OFT-0163-00,slow,1513,4.4717957825779395,0.9971910112359551,0.9971910112359551,2.596182752549718,3.1140684183862852
new_preds,OFT-0164-00,fast,1514,4.486412653110032,0.9971910112359551,0.9971910112359551,2.455697126639954,3.0669729212572587
new_preds,OFT-0164-00,medium,1515,4.193928188271487,0.9971910112359551,0.9971910112359551,2.5995981033320446,3.106591606249316
new_preds,OFT-0164-00,slow,1516,4.041888547636402,0.9971910112359551,0.9971910112359551,2.5891608294249893,3.0577049620113854
new_preds,OFT-0165-00,fast,1517,4.194127394495259,0.988061797752809,1.3174157303370786,2.806229321077673,3.322099170626522
new_preds,OFT-0165-00,slow,1518,3.8119704721126877,0.9971910112359551,0.9971910112359551,2.4426451188353755,2.901990348534244
new_preds,OFT-0165-00,medium,1519,4.088148632461673,0.9971910112359551,0.9971910112359551,2.5779796979151577,3.1180295112475136
new_preds,OFT-0166-00,fast,1520,4.407508702693862,0.9971910112359551,0.9971910112359551,2.4519615079901698,3.03811201065482
new_preds,OFT-0166-00,medium,1521,4.1694636716459605,0.9971910112359551,0.9971910112359551,2.500394459829452,3.0665944288110376
new_preds,OFT-0166-00,slow,1522,4.127555886384388,0.9971910112359551,0.9971910112359551,2.6580865259841873,3.255941364616288
new_preds,OFT-0167-00,fast,1523,4.08315917639954,0.9971910112359551,0.9971910112359551,2.3939973233551783,3.103606952985975
new_preds,OFT-0167-00,medium,1524,4.273274392229362,1.050561797752809,1.050561797752809,2.4760575013477513,3.1390059211664676
new_preds,OFT-0167-00,slow,1525,4.142042684008828,0.9438202247191011,0.9438202247191011,2.6687474411317997,3.2948841896903707
new_preds,OFT-0168-00,medium,1526,4.19991621148444,0.9971910112359551,0.9971910112359551,2.5043029354054656,3.089187049929794
new_preds,OFT-0168-00,slow,1527,4.195388350937767,0.9971910112359551,0.9971910112359551,2.5223774390194222,3.02727790175169
new_preds,OFT-0168-00,fast,1528,4.339667417370256,0.9971910112359551,0.9971910112359551,2.5709013310415774,3.1429286945694592
new_preds,OFT-0169-00,fast,1529,4.652738667789335,0.9971910112359551,0.9971910112359551,2.592526576978106,3.2601625295674905
new_preds,OFT-0169-00,medium,1530,4.0654860963393595,0.9971910112359551,0.9971910112359551,2.46808752570873,3.1537697860024565
new_preds,OFT-0169-00,slow,1531,4.643294840389875,0.9971910112359551,0.9971910112359551,2.6648578433463217,3.2648058691755004
new_preds,OFT-0170-00,fast,1532,4.152091945450455,1.0126404494382022,1.1573033707865168,2.6553319303250924,3.1965896357429604
new_preds,OFT-0170-00,slow,1533,4.515493374227388,0.9971910112359551,0.9971910112359551,2.6344170080553164,3.055247777945667
new_preds,OFT-0170-00,medium,1534,4.026308957677627,0.9971910112359551,0.9971910112359551,2.5293581298723438,3.1978938235148284
new_preds,OFT-0171-00,fast,1535,4.382609379868929,0.9971910112359551,0.9971910112359551,2.5081173450017475,3.2714412921963874
new_preds,OFT-0171-00,medium,1536,4.347566967814327,0.9971910112359551,0.9971910112359551,2.5118847400424387,3.0861936120687194
new_preds,OFT-0171-00,slow,1537,4.114076803120245,0.9971910112359551,0.9971910112359551,2.5208145268732167,3.1278862778630665
new_preds,OFT-0172-00,slow,1538,4.902998364400163,0.9971910112359551,0.9971910112359551,2.669058992344522,3.2305682697798552
new_preds,OFT-0172-00,medium,1539,4.114779120117121,0.9971910112359551,0.9971910112359551,2.5161783493487486,3.161374905622826
new_preds,OFT-0172-00,fast,1540,4.269265785584623,0.988061797752809,1.3174157303370786,2.7709166015050086,3.2835639695263517
new_preds,OFT-0173-00,medium,1541,3.9738088096173283,0.9971910112359551,0.9971910112359551,2.535659860747991,3.100421479998462
new_preds,OFT-0173-00,fast,1542,4.316452145779365,0.9971910112359551,0.9971910112359551,2.4939193765815966,3.0599130482051264
new_preds,OFT-0173-00,slow,1543,3.855455882016841,1.050561797752809,1.050561797752809,2.5733273094214324,3.137202835513321
new_preds,OFT-0174-00,slow,1544,4.105603175736095,0.9971910112359551,0.9971910112359551,2.5964487193774897,3.1764150787961416
new_preds,OFT-0174-00,medium,1545,4.140759458552187,0.9971910112359551,0.9971910112359551,2.5269558045877503,3.048491748324787
new_preds,OFT-0174-00,fast,1546,4.14693625065802,1.0126404494382022,1.1573033707865168,2.6307945986148558,3.1526074103994497
new_preds,OFT-0175-00,fast,1547,4.195007524962913,0.9971910112359551,0.9971910112359551,2.4141222975279315,3.090197796745167
new_preds,OFT-0175-00,medium,1548,4.124973056016027,1.2640449438202248,1.2640449438202248,2.5324666106148457,3.2100998691937694
new_preds,OFT-0175-00,slow,1549,3.7906588451460093,1.050561797752809,1.050561797752809,2.4636498872057535,2.996219952702849
new_preds,OFT-0176-00,fast,1550,4.59681459054805,0.9971910112359551,0.9971910112359551,2.41647597681383,3.046139171658047
new_preds,OFT-0176-00,slow,1551,3.932367089329032,0.9971910112359551,0.9971910112359551,2.49994321698578,3.096596643270268
new_preds,OFT-0176-00,medium,1552,4.356917781648281,0.9971910112359551,0.9971910112359551,2.4813687256931325,3.148641481855273
new_preds,OFT-0177-00,fast,1553,4.326675947357562,0.9971910112359551,0.9971910112359551,2.4598823013699014,3.1607449950305515
new_preds,OFT-0177-00,slow,1554,4.050920413901989,0.9971910112359551,0.9971910112359551,2.4657175908145756,3.0790870562967707
new_preds,OFT-0177-00,medium,1555,4.329511669195903,0.9971910112359551,0.9971910112359551,2.4732442642781525,3.1804946010886335
new_preds,OFT-0178-00,fast,1556,4.28352107806129,0.9971910112359551,0.9971910112359551,2.487824897706173,3.1485914975482214
new_preds,OFT-0178-00,slow,1557,4.369231871970973,0.9971910112359551,0.9971910112359551,2.604609902251625,3.138551592142386
new_preds,OFT-0178-00,medium,1558,4.1512273762532335,0.9971910112359551,0.9971910112359551,2.5300873464011113,3.1127160127730114
new_preds,OFT-0179-00,fast,1559,4.45429999354178,0.988061797752809,1.3174157303370786,2.725859546689385,3.3081167516399144
new_preds,OFT-0179-00,medium,1560,4.195972665807937,0.9971910112359551,0.9971910112359551,2.5635001840901195,3.179235559361238
new_preds,OFT-0179-00,slow,1561,3.9472136105870157,0.9971910112359551,0.9971910112359551,2.5692892005303913,3.036564389853982
new_preds,OFT-0180-00,medium,1562,4.398038276420677,0.9971910112359551,0.9971910112359551,2.5342973509490685,3.1994465787592343
new_preds,OFT-0180-00,slow,1563,3.9575829247343846,1.050561797752809,1.050561797752809,2.604868980933847,3.2237477160070314
new_preds,OFT-0180-00,fast,1564,4.226864695680685,0.988061797752809,1.3174157303370786,2.815720933258006,3.279849160659771
new_preds,OFT-0181-00,fast,1565,4.385643866890055,1.0126404494382022,1.1573033707865168,2.6387565061573808,3.249291147358865
new_preds,OFT-0181-00,medium,1566,4.344287160252433,0.9971910112359551,0.9971910112359551,2.409265962770313,3.092896804405874
new_preds,OFT-0181-00,slow,1567,4.225336817452692,0.9971910112359551,0.9971910112359551,2.5315172841720597,3.1048446986504534
new_preds,OFT-0182-00,slow,1568,4.030298959933622,0.9971910112359551,0.9971910112359551,2.506944404252624,3.068774827223103
new_preds,OFT-0182-00,medium,1569,4.6320338161868335,0.9971910112359551,0.9971910112359551,2.5385939788948626,3.132112684244749
new_preds,OFT-0182-00,fast,1570,4.4111441746885065,0.9971910112359551,0.9971910112359551,2.4765429905652336,3.1927068169555053
new_preds,OFT-0183-00,medium,1571,4.2851251864477495,0.9971910112359551,0.9971910112359551,2.486250755300151,3.1718800703392027
new_preds,OFT-0183-00,fast,1572,4.320264800698857,0.9971910112359551,0.9971910112359551,2.5176502299217347,3.2299560152992375
new_preds,OFT-0183-00,slow,1573,4.369193726481115,0.9971910112359551,0.9971910112359551,2.504850367614387,3.0769620128271002
new_preds,OFT-0184-00,slow,1574,4.122358952634712,0.9971910112359551,0.9971910112359551,2.452405773315009,3.0487886676213667
new_preds,OFT-0184-00,medium,1575,4.153245506114848,0.9971910112359551,0.9971910112359551,2.4605316063881255,3.077341728904326
new_preds,OFT-0184-00,fast,1576,4.542868707426958,0.9971910112359551,0.9971910112359551,2.451539656116005,3.1831090049261057
new_preds,OFT-0185-00,slow,1577,3.9475469751384162,0.9971910112359551,0.9971910112359551,2.5761946303662313,3.1639121761785542
new_preds,OFT-0185-00,fast,1578,4.232989883661961,0.988061797752809,1.3174157303370786,2.6452049857581597,3.147889244599372
new_preds,OFT-0185-00,medium,1579,4.250824030440952,0.9971910112359551,0.9971910112359551,2.514661224283869,3.1263829402927223
new_preds,OFT-0186-00,slow,1580,4.983961835296399,0.9971910112359551,0.9971910112359551,2.4706334053174217,3.133055585389524
new_preds,OFT-0186-00,medium,1581,4.668879572454489,0.9971910112359551,0.9971910112359551,2.5172044684734654,3.233757142935864
new_preds,OFT-0186-00,fast,1582,4.305218153408516,0.988061797752809,1.3174157303370786,2.702622081347408,3.3202595133057464
new_preds,OFT-0187-00,slow,1583,4.203799506759694,0.9971910112359551,0.9971910112359551,2.584927159039551,3.149738567757284
new_preds,OFT-0187-00,fast,1584,4.337406782400087,0.988061797752809,1.3174157303370786,2.7412848177295506,3.326434863193619
new_preds,OFT-0187-00,medium,1585,4.260349709235822,0.9971910112359551,0.9971910112359551,2.5542411778609124,3.1713713605856317
new_preds,OFT-0188-00,fast,1586,4.460848847244371,0.9971910112359551,0.9971910112359551,2.404640556634122,3.099334325694021
new_preds,OFT-0188-00,medium,1587,4.094101621103224,0.9971910112359551,0.9971910112359551,2.512208336923057,3.1440255427077695
new_preds,OFT-0188-00,slow,1588,4.192978531379748,0.9971910112359551,0.9971910112359551,2.5373475508510275,3.101623737273877
new_preds,OFT-0189-00,slow,1589,3.863789614048551,0.9971910112359551,0.9971910112359551,2.5578184648780757,2.9175065788444785
new_preds,OFT-0189-00,fast,1590,4.307148252608224,0.988061797752809,1.3174157303370786,2.784126974126103,3.2313129433491237
new_preds,OFT-0189-00,medium,1591,4.350765889474652,0.9971910112359551,0.9971910112359551,2.479613416594302,3.1408188298274915
new_preds,OFT-0190-00,slow,1592,4.549745529296418,0.9971910112359551,0.9971910112359551,2.5724006243810695,3.1398120703062897
new_preds,OFT-0190-00,medium,1593,4.850343490806997,0.9971910112359551,0.9971910112359551,2.5600095246967913,3.1412354887851346
new_preds,OFT-0190-00,fast,1594,4.365213460275228,0.988061797752809,1.3174157303370786,2.8009355483766507,3.345657826798855
new_preds,OFT-0191-00,medium,1595,4.299395707669177,0.9971910112359551,0.9971910112359551,2.533960429222306,3.0215014305715915
new_preds,OFT-0191-00,slow,1596,4.093462672948652,0.9971910112359551,0.9971910112359551,2.6585360509307168,3.1113777519889
new_preds,OFT-0191-00,fast,1597,4.501416112278397,0.9971910112359551,0.9971910112359551,2.5626275555858444,3.127292430275883
new_preds,OFT-0192-00,fast,1598,4.226384949902222,0.9971910112359551,0.9971910112359551,2.394570942497122,3.0024694767622266
new_preds,OFT-0192-00,slow,1599,3.952973417737383,0.9971910112359551,0.9971910112359551,2.5837657196089974,3.1217958277620625
new_preds,OFT-0192-00,medium,1600,4.768974102410191,0.9971910112359551,0.9971910112359551,2.503871236461298,3.156314992978095
new_preds,OFT-0193-00,fast,1601,4.087154401687209,0.988061797752809,1.3174157303370786,2.7475910306081053,3.230935797881858
new_preds,OFT-0193-00,slow,1602,4.525607211526942,0.9971910112359551,0.9971910112359551,2.5094187859812163,3.0525401513104704
new_preds,OFT-0193-00,medium,1603,4.123041192002669,0.9971910112359551,0.9971910112359551,2.521540049090238,3.1335548749702524
new_preds,OFT-0194-00,slow,1604,4.0459079803074625,1.050561797752809,1.050561797752809,2.5999253985445177,3.175522749084152
new_preds,OFT-0194-00,medium,1605,4.559597285927132,0.9971910112359551,0.9971910112359551,2.5970743222926966,3.1526559628022035
new_preds,OFT-0194-00,fast,1606,4.080459503026514,0.9971910112359551,0.9971910112359551,2.384627013775432,3.000898572950845
new_preds,OFT-0194-01,slow,1607,4.482655366666822,0.9971910112359551,0.9971910112359551,2.6231488384371646,3.1043539033627545
new_preds,OFT-0194-01,medium,1608,3.893926367309512,0.9971910112359551,0.9971910112359551,2.3792575932177136,3.013593733459504
new_preds,OFT-0194-01,fast,1609,4.231865203205809,0.988061797752809,1.3174157303370786,2.7876581952391346,3.218240673107189
new_preds,OFT-0195-00,fast,1610,4.2559994010352895,0.9971910112359551,0.9971910112359551,2.4291231232694783,3.0942501385030705
new_preds,OFT-0195-00,slow,1611,5.766591656939271,1.050561797752809,1.050561797752809,2.5767851504740213,3.3011690835743384
new_preds,OFT-0195-00,medium,1612,4.047166514463501,0.9971910112359551,0.9971910112359551,2.5330403106202275,3.1224449590088024
new_preds,OFT-0196-00,medium,1613,4.222975772622116,0.9971910112359551,0.9971910112359551,2.617438866701335,3.1346155416801778
new_preds,OFT-0196-00,slow,1614,4.500881444390175,1.050561797752809,1.050561797752809,2.730495180436278,3.240264184151374
new_preds,OFT-0196-00,fast,1615,4.115008808655368,0.9971910112359551,0.9971910112359551,2.524993440419613,3.1999739914141005
new_preds,OFT-0197-00,fast,1616,4.324297501371235,0.988061797752809,1.3174157303370786,2.821645198423206,3.38611785583447
new_preds,OFT-0197-00,slow,1617,4.309525566884807,0.9971910112359551,0.9971910112359551,2.498859183255422,3.1358403845279024
new_preds,OFT-0197-00,medium,1618,4.794342343040535,0.9971910112359551,0.9971910112359551,2.5224412491025974,3.1535349639349133
new_preds,OFT-0198-00,fast,1619,4.301344408479697,0.9971910112359551,0.9971910112359551,2.485477993964486,3.0938999854747893
new_preds,OFT-0198-00,medium,1620,4.268387638245706,0.9971910112359551,0.9971910112359551,2.478307683053105,3.1900092751390297
new_preds,OFT-0198-00,slow,1621,3.9499291925575415,1.050561797752809,1.050561797752809,2.617915687837611,3.1452532601204752
new_preds,OFT-0199-00,medium,1622,4.080234664632835,0.9971910112359551,0.9971910112359551,2.600615667637006,3.1214451414318565
new_preds,OFT-0199-00,slow,1623,4.001955024684874,0.9971910112359551,0.9971910112359551,2.599486302005385,3.083408475570693
new_preds,OFT-0199-00,fast,1624,4.298814813135428,0.9971910112359551,0.9971910112359551,2.472938277312523,3.038187223789936
new_preds,OFT-0200-00,fast,1625,4.4493069678771215,0.9971910112359551,0.9971910112359551,2.48439786084911,3.1685333358381786
new_preds,OFT-0200-00,medium,1626,4.223122475688679,0.9971910112359551,0.9971910112359551,2.510846114967809,3.161454409982205
new_preds,OFT-0200-00,slow,1627,4.13369196611041,0.9971910112359551,0.9971910112359551,2.4882251383924068,3.032249973659398
new_preds,OFT-0201-00,medium,1628,4.448808985424429,0.9971910112359551,0.9971910112359551,2.526079780060341,3.097192411768728
new_preds,OFT-0201-00,slow,1629,3.9962165612179312,0.9971910112359551,0.9971910112359551,2.623974049938527,3.1636616188013416
new_preds,OFT-0201-00,fast,1630,4.377495932434005,0.9971910112359551,0.9971910112359551,2.51322708627456,3.1377368158070156
new_preds,OFT-0202-00,fast,1631,4.284309386052889,0.988061797752809,1.3174157303370786,2.756897357393391,3.290904071328185
new_preds,OFT-0202-00,medium,1632,4.268735916764116,0.9971910112359551,0.9971910112359551,2.47112413348032,3.0674099193408564
new_preds,OFT-0202-00,slow,1633,4.235610468134789,0.9971910112359551,0.9971910112359551,2.476125280029265,3.1021104547025833
new_preds,OFT-0203-00,medium,1634,4.539679224358284,0.9971910112359551,0.9971910112359551,2.5370813836555266,3.201959801218021
new_preds,OFT-0203-00,fast,1635,4.213453618728602,0.988061797752809,1.3174157303370786,2.739085237708304,3.2337416732517315
new_preds,OFT-0203-00,slow,1636,4.24910687655548,0.9971910112359551,0.9971910112359551,2.6150910072711167,3.1539689780375624
new_preds,OFT-0204-00,fast,1637,4.271005268504885,0.9971910112359551,0.9971910112359551,2.49460039857476,3.198801510846373
new_preds,OFT-0204-00,medium,1638,4.038857081996327,0.9438202247191011,0.9438202247191011,2.5349129820510403,3.216380343705547
new_preds,OFT-0204-00,slow,1639,4.073858521663137,0.9971910112359551,0.9971910112359551,2.5782728612722208,3.205564428348734
new_preds,OFT-0205-00,fast,1640,4.2659098290625534,1.0126404494382022,1.1573033707865168,2.613997754001999,3.167210822760319
new_preds,OFT-0205-00,slow,1641,4.936933057026936,0.9971910112359551,0.9971910112359551,2.5749146053832423,3.1491025568280615
new_preds,OFT-0205-00,medium,1642,4.266003837740783,0.9971910112359551,0.9971910112359551,2.5720216683865558,3.1396301790959114
new_preds,OFT-0206-00,fast,1643,4.252930425701166,0.9971910112359551,0.9971910112359551,2.5914148122598806,3.1778653557789336
new_preds,OFT-0206-00,slow,1644,4.327924414113354,2.0646067415730336,2.0646067415730336,2.6578718261744485,3.1712742076088367
new_preds,OFT-0206-00,medium,1645,3.96247816917163,0.9971910112359551,0.9971910112359551,2.614380189859407,3.15554353684794
new_preds,OFT-0207-00,fast,1646,4.869628012859117,0.2675561797752809,0.35674157303370785,2.803367925462953,3.2623601708910015
new_preds,OFT-0207-00,slow,1647,4.170210484482248,0.9971910112359551,0.9971910112359551,2.5430218624608147,3.098017024591136
new_preds,OFT-0207-00,medium,1648,4.095802658575003,0.9971910112359551,0.9971910112359551,2.4647026614498744,3.0491069204985957
new_preds,OFT-0208-00,medium,1649,4.084983048260669,0.9971910112359551,0.9971910112359551,2.5097266441673756,3.146263301925427
new_preds,OFT-0208-00,slow,1650,4.073372781098938,0.9971910112359551,0.9971910112359551,2.534168707012235,2.889825231278077
new_preds,OFT-0208-00,fast,1651,4.313301671272304,0.9971910112359551,0.9971910112359551,2.4493236857750196,3.1040602061065026
new_preds,OFT-0209-00,fast,1652,4.581964716625258,0.9971910112359551,0.9971910112359551,2.5210761354480486,3.23427580598155
new_preds,OFT-0209-00,medium,1653,4.280633124542976,0.9971910112359551,0.9971910112359551,2.5199017644159167,3.125648812317027
new_preds,OFT-0209-00,slow,1654,4.0422566804248925,0.9438202247191011,0.9438202247191011,2.4937697401189403,3.1569245379094832
new_preds,OFT-0210-00,fast,1655,4.30224350131844,0.9971910112359551,0.9971910112359551,2.535166322482058,3.166202122905624
new_preds,OFT-0210-00,medium,1656,4.0661871274726336,0.9971910112359551,0.9971910112359551,2.552914691298092,3.122485200429963
new_preds,OFT-0210-00,slow,1657,4.554518319385854,0.9971910112359551,0.9971910112359551,2.6499201914471047,3.3010607665627076
new_preds,OFT-0211-00,fast,1658,4.293566489135348,0.9971910112359551,0.9971910112359551,2.5545120503417627,3.1609697750959076
new_preds,OFT-0211-00,medium,1659,4.213388930747756,0.9971910112359551,0.9971910112359551,2.554034950272984,3.1376217845512224
new_preds,OFT-0211-00,slow,1660,3.9497643252170445,0.9971910112359551,0.9971910112359551,2.6347815377541295,3.1762317138516685
new_preds,OFT-0212-00,fast,1661,4.267324018161893,0.9971910112359551,0.9971910112359551,2.417875801829261,3.0899798202648645
new_preds,OFT-0212-00,medium,1662,4.152086552658434,0.9971910112359551,0.9971910112359551,2.5076065365002482,3.0684739069997518
new_preds,OFT-0212-00,slow,1663,3.9483554101308576,0.9971910112359551,0.9971910112359551,2.607757511481186,3.1002546011712355
new_preds,OFT-0213-00,fast,1664,4.447257062907357,0.9971910112359551,0.9971910112359551,2.45882682433473,3.179486917734681
new_preds,OFT-0213-00,slow,1665,4.221200931433337,1.050561797752809,1.050561797752809,2.4991879587221173,3.0310078826943445
new_preds,OFT-0213-00,medium,1666,4.4515777464196455,0.9971910112359551,0.9971910112359551,2.5558654139423114,3.19005188798221
new_preds,OFT-0214-00,slow,1667,5.157493895987998,0.9971910112359551,0.9971910112359551,2.509512915857867,3.146112744908826
new_preds,OFT-0214-00,medium,1668,4.227496121868272,0.9971910112359551,0.9971910112359551,2.380053139092487,2.982218731090695
new_preds,OFT-0214-00,fast,1669,4.591296172042836,0.9971910112359551,0.9971910112359551,2.390746663281723,3.048550030643661
new_preds,OFT-0215-00,slow,1670,4.648688710708545,0.9971910112359551,0.9971910112359551,2.6253029632840557,3.2333562477779716
new_preds,OFT-0215-00,fast,1671,4.138732467218064,0.9971910112359551,0.9971910112359551,2.470957400972823,3.151278744091084
new_preds,OFT-0215-00,medium,1672,4.166141404994066,0.9971910112359551,0.9971910112359551,2.524035087462573,3.19294860076864
new_preds,OFT-0216-00,medium,1673,4.504269929022662,0.9971910112359551,0.9971910112359551,2.524355552086629,3.1250133392613133
new_preds,OFT-0216-00,fast,1674,4.2369625766068175,0.9971910112359551,0.9971910112359551,2.524953428854094,3.132994957695252
new_preds,OFT-0216-00,slow,1675,4.045470053988818,1.9578651685393258,1.9578651685393258,2.6069292704879907,3.0752072179197967
new_preds,OFT-0217-00,fast,1676,4.266171916190121,0.988061797752809,1.3174157303370786,2.7544145173289944,3.2803164696416567
new_preds,OFT-0217-00,slow,1677,3.816316734922675,0.9971910112359551,0.9971910112359551,2.623091101075774,3.1264397317226935
new_preds,OFT-0217-00,medium,1678,4.158150686599625,0.9971910112359551,0.9971910112359551,2.5481321766805607,3.1248124338304537
new_preds,OFT-0218-00,fast,1679,4.551026176161727,1.0126404494382022,1.1573033707865168,2.527695628537705,3.143601356242262
new_preds,OFT-0218-00,medium,1680,4.105008399107093,0.9971910112359551,0.9971910112359551,2.5161405013782527,3.194720975329447
new_preds,OFT-0218-00,slow,1681,4.008856710257192,1.050561797752809,1.050561797752809,2.5669020326613383,3.224042097819344
new_preds,OFT-0219-00,fast,1682,4.184149670482209,0.9971910112359551,0.9971910112359551,2.351554053005941,3.143920210427905
new_preds,OFT-0219-00,medium,1683,4.759867450833842,0.9971910112359551,0.9971910112359551,2.604199226742715,3.328160966464753
new_preds,OFT-0219-00,slow,1684,5.656099571943886,0.9971910112359551,0.9971910112359551,2.598577734091269,3.2463796440137314
new_preds,OFT-0220-00,fast,1685,4.232002023803228,0.9971910112359551,0.9971910112359551,2.453693411648818,3.159208181886838
new_preds,OFT-0220-00,medium,1686,4.248847000811231,0.9971910112359551,0.9971910112359551,2.4745481452151528,3.1244821418319852
new_preds,OFT-0220-00,slow,1687,4.736943737777285,0.9971910112359551,0.9971910112359551,2.534881839301454,3.22078442520365
new_preds,OFT-0221-00,medium,1688,4.348485221402434,0.9971910112359551,0.9971910112359551,2.53611059489261,3.1390975866893425
new_preds,OFT-0221-00,fast,1689,4.6479882490575894,0.9971910112359551,0.9971910112359551,2.514731820303235,3.125154747270707
new_preds,OFT-0221-00,slow,1690,4.136795499269309,0.9971910112359551,0.9971910112359551,2.6142791811973596,3.174952669982622
new_preds,OFT-0222-00,fast,1691,4.440529766897282,0.9971910112359551,0.9971910112359551,2.4160505258420346,3.1156695653754185
new_preds,OFT-0222-00,slow,1692,4.117207638106276,0.9971910112359551,0.9971910112359551,2.4807007551660027,3.088215534703113
new_preds,OFT-0222-00,medium,1693,4.058196917712225,0.9971910112359551,0.9971910112359551,2.619295162755514,3.1630861488473507
new_preds,OFT-0223-00,fast,1694,4.4802198567691525,0.9971910112359551,0.9971910112359551,2.4220646662682963,3.1037123817509364
new_preds,OFT-0223-00,slow,1695,4.116049976296565,0.9971910112359551,0.9971910112359551,2.5773623716540444,3.2386578570998825
new_preds,OFT-0223-00,medium,1696,4.229393782245442,0.9971910112359551,0.9971910112359551,2.5138553837871016,3.161778957720884
new_preds,OFT-0224-00,medium,1697,4.203390076912635,0.9971910112359551,0.9971910112359551,2.554560939853212,3.2236957844830982
new_preds,OFT-0224-00,fast,1698,3.9712357428278993,0.9971910112359551,0.9971910112359551,2.396326440951323,2.952386977024828
new_preds,OFT-0224-00,slow,1699,4.085810853674092,0.9971910112359551,0.9971910112359551,2.554416009074325,3.1609059228794765
new_preds,OFT-0225-00,fast,1700,4.485864457267244,0.9971910112359551,0.9971910112359551,2.519860771177695,3.1747918752344186
new_preds,OFT-0225-00,medium,1701,4.446798053984204,0.9971910112359551,0.9971910112359551,2.5029258314074907,3.19062406933728
new_preds,OFT-0225-00,slow,1702,4.047125381621588,0.9971910112359551,0.9971910112359551,2.528623601277716,3.0883541455564862
new_preds,OFT-0226-00,medium,1703,4.141137405795765,0.9971910112359551,0.9971910112359551,2.4923178642501336,3.1700550256269997
new_preds,OFT-0226-00,fast,1704,4.365411030744666,0.9971910112359551,0.9971910112359551,2.4952350849262936,3.1711806349532154
new_preds,OFT-0226-00,slow,1705,4.343380034943469,0.9971910112359551,0.9971910112359551,2.5097751344791805,3.1318820060446546
new_preds,OFT-0227-00,slow,1706,3.930891058264757,0.9971910112359551,0.9971910112359551,2.436198777878716,2.9387676870014268
new_preds,OFT-0227-00,medium,1707,4.186685636110035,0.9971910112359551,0.9971910112359551,2.5321297991625435,3.099818977111056
new_preds,OFT-0227-00,fast,1708,4.150447699752661,1.0126404494382022,1.1573033707865168,2.5223881928447565,3.064295184310659
new_preds,OFT-0228-00,fast,1709,4.404224343671515,0.9971910112359551,0.9971910112359551,2.4768005289817085,3.138084313846627
new_preds,OFT-0228-00,slow,1710,4.150288297265231,0.9971910112359551,0.9971910112359551,2.510258771437324,3.0677206654000235
new_preds,OFT-0228-00,medium,1711,4.132508733506587,0.9971910112359551,0.9971910112359551,2.4428688519966286,3.0623020493399626
new_preds,OFT-0229-00,medium,1712,4.341793426061879,0.9971910112359551,0.9971910112359551,2.5349381522364682,3.1388173548175415
new_preds,OFT-0229-00,fast,1713,4.329443525858846,0.9971910112359551,0.9971910112359551,2.570728757064494,3.096852721376535
new_preds,OFT-0229-00,slow,1714,4.062810005597585,0.9971910112359551,0.9971910112359551,2.583369120802223,3.1345882119617854
new_preds,OFT-0230-00,fast,1715,3.932079135102659,0.988061797752809,1.3174157303370786,2.611035541074315,3.129471931024646
new_preds,OFT-0230-00,slow,1716,4.0674363060737715,0.9971910112359551,0.9971910112359551,2.5400136348263262,3.2278790550875316
new_preds,OFT-0230-00,medium,1717,4.186630259942729,0.9971910112359551,0.9971910112359551,2.4244229456701234,3.154167248190411
new_preds,OFT-0231-00,medium,1718,4.396488136888435,0.9971910112359551,0.9971910112359551,2.6095248655288383,3.1870076894495556
new_preds,OFT-0231-00,fast,1719,4.188766993530365,0.9971910112359551,0.9971910112359551,2.481029154821315,3.092175681554473
new_preds,OFT-0231-00,slow,1720,4.140340719896989,0.9971910112359551,0.9971910112359551,2.6221981490852135,3.123384880618736
new_preds,OFT-0232-00,fast,1721,4.120671425397393,0.9971910112359551,0.9971910112359551,2.4278718947900297,3.056917429725104
new_preds,OFT-0232-00,slow,1722,3.827384967748808,0.9971910112359551,0.9971910112359551,2.5371603979236177,3.1538490535745938
new_preds,OFT-0232-00,medium,1723,4.036255540086756,0.9971910112359551,0.9971910112359551,2.5477452500635636,3.1822795515348288
new_preds,OFT-0233-00,medium,1724,4.177218370125357,0.9971910112359551,0.9971910112359551,2.528508463655391,3.1948334023599974
new_preds,OFT-0233-00,fast,1725,4.3659227106881575,0.9971910112359551,0.9971910112359551,2.3849486525832524,3.0641731031380255
new_preds,OFT-0233-00,slow,1726,4.344486562738154,0.9971910112359551,0.9971910112359551,2.4991966418314684,3.1176908864000477
new_preds,OFT-0234-00,fast,1727,4.3785119175730545,0.9971910112359551,0.9971910112359551,2.4304346509741652,3.1480323696025634
new_preds,OFT-0234-00,medium,1728,4.460359252589304,0.9971910112359551,0.9971910112359551,2.503293525367111,3.1381141529287895
new_preds,OFT-0234-00,slow,1729,4.4165593905622265,0.9971910112359551,0.9971910112359551,2.595608613727402,3.1584990909593924
new_preds,OFT-0235-00,fast,1730,4.738327069264783,0.9971910112359551,0.9971910112359551,2.4990026769338107,3.1230318735821494
new_preds,OFT-0235-00,medium,1731,4.263079537469495,0.9971910112359551,0.9971910112359551,2.503700075168107,3.1114916850809
new_preds,OFT-0235-00,slow,1732,3.9565169714704904,0.9971910112359551,0.9971910112359551,2.568412630743453,3.1220509602314395
new_preds,OFT-0236-00,fast,1733,4.172101135091213,0.9971910112359551,0.9971910112359551,2.4820834914804233,3.1497152414984884
new_preds,OFT-0236-00,slow,1734,4.4411406091579675,0.9971910112359551,0.9971910112359551,2.582711617892785,3.1192224545642078
new_preds,OFT-0236-00,medium,1735,4.007814284771378,0.9971910112359551,0.9971910112359551,2.52125558955818,3.0838237937547053
new_preds,OFT-0237-00,medium,1736,5.324953023131344,0.9971910112359551,0.9971910112359551,2.542098331290201,3.173767011990478
new_preds,OFT-0237-00,fast,1737,4.6058445494104685,0.9971910112359551,0.9971910112359551,2.4985034964063515,3.1025594549962867
new_preds,OFT-0237-00,slow,1738,3.958043947398641,0.9971910112359551,0.9971910112359551,2.584951612336349,3.1373456233320507
new_preds,OFT-0238-00,slow,1739,4.41186779376447,0.9971910112359551,0.9971910112359551,2.5545226713915685,3.131269558319477
new_preds,OFT-0238-00,fast,1740,4.408229578837291,0.988061797752809,1.3174157303370786,2.730869028222962,3.256168180560769
new_preds,OFT-0238-00,medium,1741,4.298939656610218,0.9971910112359551,0.9971910112359551,2.596455096821289,3.1603782716756053
new_preds,OFT-0239-00,fast,1742,4.075945120884999,0.9971910112359551,0.9971910112359551,2.4447313667915713,3.0668348958689116
new_preds,OFT-0239-00,medium,1743,4.041065664180642,0.9971910112359551,0.9971910112359551,2.411620973320602,3.102680716381976
new_preds,OFT-0239-00,slow,1744,4.7618650110308725,0.9971910112359551,0.9971910112359551,2.5776299970961176,3.1901511503685906
new_preds,OFT-0240-00,slow,1745,4.4462809377771535,0.9971910112359551,0.9971910112359551,2.5702420473206757,3.170164877892273
new_preds,OFT-0240-00,medium,1746,4.2349615153416345,0.9971910112359551,0.9971910112359551,2.5595878982564892,3.1799865195878727
new_preds,OFT-0240-00,fast,1747,4.339213352909612,0.9971910112359551,0.9971910112359551,2.5246049149672354,3.2312157614644694
new_preds,OFT-0241-00,slow,1748,4.133071276343841,0.9971910112359551,0.9971910112359551,2.5620429122567794,3.180181047640187
new_preds,OFT-0241-00,medium,1749,4.214761135219681,0.9971910112359551,0.9971910112359551,2.5899652941922895,3.13563462159803
new_preds,OFT-0241-00,fast,1750,4.474780666781792,0.9971910112359551,0.9971910112359551,2.5788244988401585,3.155956786532717
new_preds,OFT-0242-00,slow,1751,5.102714948864466,0.9971910112359551,0.9971910112359551,2.6236776177714454,3.3356455037801065
new_preds,OFT-0242-00,medium,1752,4.2619703440629655,0.9971910112359551,0.9971910112359551,2.53652782702616,3.1600587377792726
new_preds,OFT-0242-00,fast,1753,4.528026049510089,0.9971910112359551,0.9971910112359551,2.4784337207970855,3.1498130443643184
new_preds,OFT-0243-00,medium,1754,4.667695274266701,0.9971910112359551,0.9971910112359551,2.579880291512017,3.180348695893428
new_preds,OFT-0243-00,fast,1755,4.478210205831422,0.9971910112359551,0.9971910112359551,2.4458195080716365,3.128963282742769
new_preds,OFT-0243-00,slow,1756,4.331622653012038,0.9971910112359551,0.9971910112359551,2.618145060263206,3.181603006382804
new_preds,OFT-0244-00,medium,1757,4.388054472631378,0.9971910112359551,0.9971910112359551,2.55424590848421,3.2002226648929764
new_preds,OFT-0244-00,fast,1758,4.336911790319207,0.9971910112359551,0.9971910112359551,2.4953894091358015,3.081288095265986
new_preds,OFT-0244-00,slow,1759,4.171631845339684,0.9971910112359551,0.9971910112359551,2.5836306409445537,3.2039692845384544
new_preds,OFT-0245-00,slow,1760,4.343995932071495,0.9971910112359551,0.9971910112359551,2.5515706950185546,3.18336780578464
new_preds,OFT-0245-00,medium,1761,4.138145383408921,0.9971910112359551,0.9971910112359551,2.4809290968822153,3.1500654812558158
new_preds,OFT-0245-00,fast,1762,4.424280146616092,0.988061797752809,1.3174157303370786,2.794803194819459,3.3616169430162173
new_preds,OFT-0246-00,slow,1763,3.9825452275353053,0.9971910112359551,0.9971910112359551,2.5651237139554635,3.178942446379723
new_preds,OFT-0246-00,medium,1764,4.150101721253061,0.9971910112359551,0.9971910112359551,2.586560656660245,3.1448731279661155
new_preds,OFT-0246-00,fast,1765,4.22313912470984,0.9971910112359551,0.9971910112359551,2.5583323242735885,3.1548662665077827
new_preds,OFT-0247-00,slow,1766,4.833310706623611,2.0646067415730336,2.0646067415730336,2.510218380098212,3.0418683883362894
new_preds,OFT-0247-00,medium,1767,4.187560444105724,0.9971910112359551,0.9971910112359551,2.5490685533995876,3.0969953153755214
new_preds,OFT-0247-00,fast,1768,4.268055108670139,0.9971910112359551,0.9971910112359551,2.5141541291584883,3.094411760442161
new_preds,OFT-0248-00,medium,1769,4.42933695202854,0.9971910112359551,0.9971910112359551,2.4979449802231435,3.2617084421322207
new_preds,OFT-0248-00,slow,1770,4.143394956373033,0.9971910112359551,0.9971910112359551,2.547325863152219,3.165268190319251
new_preds,OFT-0248-00,fast,1771,4.258891904324641,0.988061797752809,1.3174157303370786,2.7127147283103508,3.177226334285835
new_preds,OFT-0249-00,medium,1772,4.1741426322698345,0.9971910112359551,0.9971910112359551,2.5774660163033305,3.0932638687432816
new_preds,OFT-0249-00,slow,1773,3.964077509480128,0.9971910112359551,0.9971910112359551,2.526692661635847,3.026994095666794
new_preds,OFT-0249-00,fast,1774,4.393409497877918,0.9971910112359551,0.9971910112359551,2.568515688003505,3.122705784978703
new_preds,OFT-0250-00,slow,1775,4.355784976897304,1.050561797752809,1.050561797752809,2.6562003774564324,3.23445272687904
new_preds,OFT-0250-00,fast,1776,4.421362202120039,0.9971910112359551,0.9971910112359551,2.5705791666143165,3.100924777727185
new_preds,OFT-0250-00,medium,1777,4.438553358817907,0.9971910112359551,0.9971910112359551,2.564421183848605,3.0517606473416232
new_preds,OFT-0251-00,medium,1778,4.185015340381328,0.9971910112359551,0.9971910112359551,2.6081691595058647,3.084582136032192
new_preds,OFT-0251-00,slow,1779,4.001906322496693,0.9971910112359551,0.9971910112359551,2.597209211255472,3.0730606298162537
new_preds,OFT-0251-00,fast,1780,4.340761091687365,0.9971910112359551,0.9971910112359551,2.5788116547223567,3.067942207485429
new_preds,OFT-0252-00,fast,1781,4.620380748271129,0.9971910112359551,0.9971910112359551,2.4154592345711166,3.155398249688564
new_preds,OFT-0252-00,medium,1782,4.5402642235012465,0.9971910112359551,0.9971910112359551,2.5378463461376315,3.0705017235699965
new_preds,OFT-0252-00,slow,1783,4.128920228258032,0.9971910112359551,0.9971910112359551,2.6278496262161695,3.2533450918059588
new_preds,OFT-0253-00,fast,1784,4.192534748200419,0.9971910112359551,0.9971910112359551,2.571915124518711,3.1107183765834048
new_preds,OFT-0253-00,slow,1785,3.8445241922456335,0.9971910112359551,0.9971910112359551,2.6376108707864248,3.014179424711145
new_preds,OFT-0253-00,medium,1786,4.167156898437092,0.9971910112359551,0.9971910112359551,2.5028883128258976,3.073127945304789
new_preds,OFT-0254-00,slow,1787,3.9818429660483985,0.9971910112359551,0.9971910112359551,2.5388441811580433,2.977626906029044
new_preds,OFT-0254-00,medium,1788,4.0742596704307426,0.9971910112359551,0.9971910112359551,2.572202881977636,3.0736402616869705
new_preds,OFT-0254-00,fast,1789,4.469512391664215,0.9971910112359551,0.9971910112359551,2.477657704277226,3.0209595118597306
new_preds,OFT-0255-00,fast,1790,4.251799554000284,0.9971910112359551,0.9971910112359551,2.58707298785464,3.1010625032608172
new_preds,OFT-0255-00,medium,1791,4.230157209544339,0.9971910112359551,0.9971910112359551,2.5849501092953155,3.0831029410908095
new_preds,OFT-0255-00,slow,1792,4.820345722727016,0.9971910112359551,0.9971910112359551,2.650762600983844,3.184694137373687
new_preds,OFT-0256-00,fast,1793,4.304533544654443,0.988061797752809,1.3174157303370786,2.794421847395575,3.305397409200972
new_preds,OFT-0256-00,medium,1794,4.1927386692777775,0.9971910112359551,0.9971910112359551,2.415232365008099,3.048969519165005
new_preds,OFT-0256-00,slow,1795,4.069675978104124,0.9971910112359551,0.9971910112359551,2.6352736307160476,3.2444432897708047
new_preds,OFT-0257-00,fast,1796,4.519000009804989,0.9971910112359551,0.9971910112359551,2.5367967511976435,3.1137651967386044
new_preds,OFT-0257-00,medium,1797,4.174039872941865,0.9971910112359551,0.9971910112359551,2.530924513762981,3.0028408244406375
new_preds,OFT-0257-00,slow,1798,4.1108045853052335,0.9971910112359551,0.9971910112359551,2.615197920227564,3.1603774471085004
new_preds,OFT-0258-00,slow,1799,4.596462055703463,0.9971910112359551,0.9971910112359551,2.5658989986512286,3.2164449806397504
new_preds,OFT-0258-00,fast,1800,4.280862702357012,0.988061797752809,1.3174157303370786,2.716822904719257,3.3052538018187194
new_preds,OFT-0258-00,medium,1801,4.445630439077566,0.9971910112359551,0.9971910112359551,2.4806664814626327,3.140277794135331
new_preds,OFT-0259-00,medium,1802,4.092018696552603,0.9971910112359551,0.9971910112359551,2.5954977387040787,3.1477899194458434
new_preds,OFT-0259-00,fast,1803,4.49943723103644,0.988061797752809,1.3174157303370786,2.760716003412611,3.287093334592845
new_preds,OFT-0259-00,slow,1804,4.295754151425902,0.9971910112359551,0.9971910112359551,2.571980463847563,3.1521818560875716
new_preds,OFT-0260-00,medium,1805,4.460464941227137,0.9971910112359551,0.9971910112359551,2.565916048435419,3.132938652095183
new_preds,OFT-0260-00,slow,1806,4.861239299659528,1.050561797752809,1.050561797752809,2.55705725669011,3.115157480229447
new_preds,OFT-0260-00,fast,1807,4.398440539721668,0.9971910112359551,0.9971910112359551,2.4527694176256083,3.0555739002969093
new_preds,OFT-0261-00,medium,1808,4.228125431457571,0.9971910112359551,0.9971910112359551,2.531392127240955,3.1980785255441684
new_preds,OFT-0261-00,fast,1809,4.255835221167924,0.9971910112359551,0.9971910112359551,2.47015573431566,3.115130137070273
new_preds,OFT-0261-00,slow,1810,3.964584199575949,1.050561797752809,1.050561797752809,2.526049252701465,3.0795641773415054
new_preds,OFT-0262-00,fast,1811,4.3368129898262024,0.9971910112359551,0.9971910112359551,2.4473132736293897,3.066986678109803
new_preds,OFT-0262-00,medium,1812,4.1838873561706205,0.9971910112359551,0.9971910112359551,2.556819612138016,3.139337126264594
new_preds,OFT-0262-00,slow,1813,3.887476015885517,0.9971910112359551,0.9971910112359551,2.40246327824211,3.000850801609826
new_preds,OFT-0263-00,slow,1814,4.429457611009707,0.9971910112359551,0.9971910112359551,2.6345895004122637,3.183620331924137
new_preds,OFT-0263-00,medium,1815,4.413753964129025,0.9971910112359551,0.9971910112359551,2.5563116173820895,3.070199651092409
new_preds,OFT-0263-00,fast,1816,4.0581340577153115,0.9971910112359551,0.9971910112359551,2.528080026854626,3.1203438423529977
new_preds,OFT-0264-00,fast,1817,4.28169491540918,0.9971910112359551,0.9971910112359551,2.4390252998378594,3.0950669163397246
new_preds,OFT-0264-00,medium,1818,4.180145386994611,0.9971910112359551,0.9971910112359551,2.533584284481411,3.121298324184555
new_preds,OFT-0264-00,slow,1819,4.262126117245779,0.9438202247191011,0.9438202247191011,2.5589930341640406,3.180971166991564
new_preds,OFT-0265-00,medium,1820,4.270910363090316,0.9971910112359551,0.9971910112359551,2.627054902817005,3.1815298645387635
new_preds,OFT-0265-00,fast,1821,4.6141967968157465,0.9971910112359551,0.9971910112359551,2.50353759975007,3.1781330141949393
new_preds,OFT-0265-00,slow,1822,3.9627699163878853,0.9438202247191011,0.9438202247191011,2.6276507961318907,3.2173632053787036
new_preds,OFT-0266-00,medium,1823,5.145321768844168,0.9971910112359551,0.9971910112359551,2.566434867329353,3.1980730867196185
new_preds,OFT-0266-00,fast,1824,4.281528869620729,0.9971910112359551,0.9971910112359551,2.5170829349319765,3.1276907742416817
new_preds,OFT-0266-00,slow,1825,4.184819536528198,0.9971910112359551,0.9971910112359551,2.494713501195289,3.075218039045777
new_preds,OFT-0267-00,fast,1826,4.530121490925827,0.9971910112359551,0.9971910112359551,2.5357678901016767,3.1076657277316575
new_preds,OFT-0267-00,slow,1827,4.220352469706738,0.9971910112359551,0.9971910112359551,2.652529725391828,3.166997930194886
new_preds,OFT-0267-00,medium,1828,4.113566115005519,0.9971910112359551,0.9971910112359551,2.5681896882442845,3.1535425487396496
new_preds,OFT-0268-00,fast,1829,4.081366418728452,0.9971910112359551,0.9971910112359551,2.4995810459712553,3.0745509996143454
new_preds,OFT-0268-00,medium,1830,4.059212789364097,0.9971910112359551,0.9971910112359551,2.6198500282581656,3.1548357220753713
new_preds,OFT-0268-00,slow,1831,3.94640161580826,0.9971910112359551,0.9971910112359551,2.5947339022542097,3.1240442481735564
new_preds,OFT-0269-00,fast,1832,4.318912543091681,0.9971910112359551,0.9971910112359551,2.512969118771008,3.180655660278009
new_preds,OFT-0269-00,medium,1833,4.430052246926509,0.9971910112359551,0.9971910112359551,2.589223461550247,3.094386956273868
new_preds,OFT-0269-00,slow,1834,4.123057765620367,0.9971910112359551,0.9971910112359551,2.57386234432,3.155739465845691
new_preds,OFT-0270-00,slow,1835,4.2532088489527045,0.9971910112359551,0.9971910112359551,2.4673465322570522,2.9918356277883174
new_preds,OFT-0270-00,fast,1836,4.182730325038236,0.9971910112359551,0.9971910112359551,2.4491067932223,3.100210704779653
new_preds,OFT-0270-00,medium,1837,4.185494301689997,0.9971910112359551,0.9971910112359551,2.571782384245798,3.168136617207335
new_preds,OFT-0271-00,fast,1838,4.289986947764767,0.9971910112359551,0.9971910112359551,2.5512134478841375,3.1474040248728072
new_preds,OFT-0271-00,slow,1839,4.397300942024629,0.9971910112359551,0.9971910112359551,2.6478005394710635,3.090584863002559
new_preds,OFT-0271-00,medium,1840,4.04332891865319,0.9971910112359551,0.9971910112359551,2.542918568281947,3.043311046190976
new_preds,OFT-0272-00,fast,1841,3.9192837625737296,0.988061797752809,1.3174157303370786,2.69551653496747,3.1180499021100543
new_preds,OFT-0272-00,slow,1842,4.050049256599311,1.050561797752809,1.050561797752809,2.5746582720460442,3.1631767512634257
new_preds,OFT-0272-00,medium,1843,4.401286998342646,0.9971910112359551,0.9971910112359551,2.52296313143735,3.1392258137715174
new_preds,OFT-0273-00,fast,1844,4.1024035555405725,0.9971910112359551,0.9971910112359551,2.579108199128668,3.098516467619747
new_preds,OFT-0273-00,slow,1845,4.214710102925729,0.9971910112359551,0.9971910112359551,2.7341390732057977,3.192084350232889
new_preds,OFT-0273-00,medium,1846,4.015597163409576,0.9971910112359551,0.9971910112359551,2.6232857249652137,3.0652858740903755
new_preds,OFT-0274-00,fast,1847,4.354173370698277,0.9971910112359551,0.9971910112359551,2.41054395877175,3.1300332202775474
new_preds,OFT-0274-00,slow,1848,4.21059127365092,0.9971910112359551,0.9971910112359551,2.6226407329007198,3.197648416167884
new_preds,OFT-0274-00,medium,1849,4.029894715885335,0.9971910112359551,0.9971910112359551,2.468544052774931,2.963989086896927
new_preds,OFT-0275-00,medium,1850,3.9802456444209606,0.9971910112359551,0.9971910112359551,2.5176201148042052,3.0326637315451106
new_preds,OFT-0275-00,slow,1851,4.070365758187627,0.9971910112359551,0.9971910112359551,2.6473524826115287,3.1829873362107866
new_preds,OFT-0275-00,fast,1852,4.324768017499882,0.9971910112359551,0.9971910112359551,2.558851146220798,3.080018214512787
new_preds,OFT-0276-00,fast,1853,4.306253298525184,0.9971910112359551,0.9971910112359551,2.4829412399793243,3.183207475820325
new_preds,OFT-0276-00,slow,1854,3.901948362464593,0.9971910112359551,0.9971910112359551,2.5963611711175956,3.0509368662548546
new_preds,OFT-0276-00,medium,1855,4.248460036192194,0.9971910112359551,0.9971910112359551,2.4389109018138293,3.0325869828318086
new_preds,OFT-0277-00,fast,1856,3.9726912840187913,0.9971910112359551,0.9971910112359551,2.419158376012751,2.901045805118073
new_preds,OFT-0277-00,medium,1857,3.9461530474941986,0.9971910112359551,0.9971910112359551,2.5822249139233593,3.1825662948914255
new_preds,OFT-0277-00,slow,1858,5.051413026970382,2.0112359550561796,2.0112359550561796,2.612706610192586,2.946639757632896
new_preds,OFT-0278-00,medium,1859,4.102007282664957,0.9971910112359551,0.9971910112359551,2.4983652785695343,3.134359474521642
new_preds,OFT-0278-00,slow,1860,4.095557733619464,0.9971910112359551,0.9971910112359551,2.4835935646428,2.9959923405127222
new_preds,OFT-0278-00,fast,1861,4.30894416995358,0.9971910112359551,0.9971910112359551,2.446027894028231,3.046339740238098
new_preds,OFT-0279-00,slow,1862,4.443739097288536,0.9971910112359551,0.9971910112359551,2.5634494286160523,3.1117907089153696
new_preds,OFT-0279-00,medium,1863,4.118046132034291,0.9971910112359551,0.9971910112359551,2.5906582254654067,3.146970689847944
new_preds,OFT-0279-00,fast,1864,4.45323034322925,0.9971910112359551,0.9971910112359551,2.54500217192729,3.1410083673073266
new_preds,OFT-0280-00,fast,1865,4.24037826221463,0.9971910112359551,0.9971910112359551,2.554729877563836,3.1986057743312495
new_preds,OFT-0280-00,medium,1866,4.6212077584929405,0.9971910112359551,0.9971910112359551,2.475942568860636,3.0329338862276103
new_preds,OFT-0280-00,slow,1867,3.974595372522681,0.9971910112359551,0.9971910112359551,2.5364687671793447,3.1589049503855398
new_preds,OFT-0281-00,medium,1868,4.205968740222177,0.9971910112359551,0.9971910112359551,2.478559986176767,3.1560723158207797
new_preds,OFT-0281-00,fast,1869,4.330026659543905,0.9971910112359551,0.9971910112359551,2.487048667420796,3.2163866856123144
new_preds,OFT-0281-00,slow,1870,4.015556516965606,0.9438202247191011,0.9438202247191011,2.5919611032426384,3.1885369644686943
new_preds,OFT-0282-00,slow,1871,4.55666940245583,0.9971910112359551,0.9971910112359551,2.6382431752377844,3.177596856342471
new_preds,OFT-0282-00,medium,1872,3.9716832301515788,0.9971910112359551,0.9971910112359551,2.531706555118793,3.2239268004332406
new_preds,OFT-0282-00,fast,1873,4.310661347716434,0.9971910112359551,0.9971910112359551,2.4401213834553244,3.121396868199431
new_preds,OFT-0283-00,medium,1874,4.50173366123798,0.9971910112359551,0.9971910112359551,2.5742557704183113,3.0271883923379144
new_preds,OFT-0283-00,fast,1875,4.378823407461388,0.9971910112359551,0.9971910112359551,2.489981991879788,3.098148095600597
new_preds,OFT-0283-00,slow,1876,4.659181471246691,0.9971910112359551,0.9971910112359551,2.6317715855383046,3.1889218049344508
new_preds,OFT-0284-00,fast,1877,4.425709419575082,0.9971910112359551,0.9971910112359551,2.4846452345652708,3.2286184145578307
new_preds,OFT-0284-00,slow,1878,4.156863228613533,0.9971910112359551,0.9971910112359551,2.55577204486787,3.020321383436326
new_preds,OFT-0284-00,medium,1879,4.248356589342082,0.9971910112359551,0.9971910112359551,2.5641905100253273,3.170732974132576
new_preds,OFT-0285-00,fast,1880,4.358628243059028,0.9971910112359551,0.9971910112359551,2.5793415816653504,3.1810005628144906
new_preds,OFT-0285-00,medium,1881,4.092140911996882,0.9971910112359551,0.9971910112359551,2.6057732100896245,3.178549057611662
new_preds,OFT-0285-00,slow,1882,4.33150927500142,0.9971910112359551,0.9971910112359551,2.6595787841692275,3.3469549092193462
new_preds,OFT-0286-00,fast,1883,4.544178328781161,0.9971910112359551,0.9971910112359551,2.5023005766692994,3.1836908383786744
new_preds,OFT-0286-00,slow,1884,4.065175694274058,0.9971910112359551,0.9971910112359551,2.5037471552737083,3.0670822360798935
new_preds,OFT-0286-00,medium,1885,4.107724739083988,0.9971910112359551,0.9971910112359551,2.5209705596419503,3.0976441355407487
new_preds,OFT-0287-00,fast,1886,4.31414000197974,0.9971910112359551,0.9971910112359551,2.5326260910213647,3.191847520631514
new_preds,OFT-0287-00,medium,1887,3.963519869658912,0.9971910112359551,0.9971910112359551,2.6898740413660307,3.168960788457939
new_preds,OFT-0287-00,slow,1888,4.396761810035926,2.0112359550561796,2.0112359550561796,2.6257104083489997,3.0229335673746838
new_preds,OFT-0288-00,fast,1889,4.184777336816596,0.9971910112359551,0.9971910112359551,2.4686591101650093,3.172245032440788
new_preds,OFT-0288-00,medium,1890,3.991534258110113,1.050561797752809,1.050561797752809,2.487307495756801,3.1398267488069824
new_preds,OFT-0288-00,slow,1891,4.107365521605263,0.9971910112359551,0.9971910112359551,2.4911490522838147,3.081615055378188
new_preds,OFT-0289-00,fast,1892,4.329262031818166,0.9971910112359551,0.9971910112359551,2.3836874351635235,3.1227701675620607
new_preds,OFT-0289-00,medium,1893,4.486481388448852,0.9971910112359551,0.9971910112359551,2.6364791356519848,3.2742527741855265
new_preds,OFT-0289-00,slow,1894,4.128589175613039,0.9971910112359551,0.9971910112359551,2.680532248486618,3.1314446060968746
new_preds,OFT-0290-00,fast,1895,4.132139121263655,0.9971910112359551,0.9971910112359551,2.4681759002441988,3.188883936786793
new_preds,OFT-0290-00,slow,1896,4.600983888562346,0.9971910112359551,0.9971910112359551,2.5317494934865565,3.1121546292248268
new_preds,OFT-0290-00,medium,1897,4.057952221627025,0.9971910112359551,0.9971910112359551,2.4864023181622152,3.1961260584962883
new_preds,OFT-0291-00,fast,1898,4.257011563149129,0.9971910112359551,0.9971910112359551,2.4976451814868152,3.1874394217937865
new_preds,OFT-0291-00,medium,1899,4.255401373255694,0.9971910112359551,0.9971910112359551,2.597797760394773,3.1270637724660513
new_preds,OFT-0291-00,slow,1900,4.1215753359215,0.9971910112359551,0.9971910112359551,2.490889381042502,3.0205359516194283
new_preds,OFT-0292-00,fast,1901,4.392452488099145,0.9971910112359551,0.9971910112359551,2.584633060387869,3.156727112360755
new_preds,OFT-0292-00,medium,1902,4.010185667477668,0.9971910112359551,0.9971910112359551,2.542526973255568,3.1108612739435206
new_preds,OFT-0292-00,slow,1903,4.1894534120680165,0.9971910112359551,0.9971910112359551,2.7355326875602777,3.2154192197302764
new_preds,OFT-0293-00,fast,1904,4.271021333380536,0.9971910112359551,0.9971910112359551,2.471639672451923,3.123973114322737
new_preds,OFT-0293-00,slow,1905,3.936537400785074,0.9971910112359551,0.9971910112359551,2.61830382820804,3.1123877813214467
new_preds,OFT-0293-00,medium,1906,4.1352722942037925,0.9971910112359551,0.9971910112359551,2.596836113709269,3.1605291908788367
new_preds,OFT-0294-00,fast,1907,4.304559974371159,0.9971910112359551,0.9971910112359551,2.5254867900509055,3.179983522583795
new_preds,OFT-0294-00,medium,1908,4.261725614523759,0.9971910112359551,0.9971910112359551,2.4956590669374665,3.0587382299560315
new_preds,OFT-0294-00,slow,1909,4.1889219618290685,0.9971910112359551,0.9971910112359551,2.653966445896969,3.2550809989143707
new_preds,OFT-0295-00,fast,1910,4.1805159192050745,0.9971910112359551,0.9971910112359551,2.5402263850965,3.1237009624711827
new_preds,OFT-0295-00,slow,1911,4.511699900272036,2.438202247191011,2.438202247191011,2.679281353458495,3.171553765693133
new_preds,OFT-0295-00,medium,1912,4.740132682870972,0.9971910112359551,0.9971910112359551,2.5335266361411377,3.0126437193761406
new_preds,OFT-0296-00,medium,1913,4.118549612317055,0.9971910112359551,0.9971910112359551,2.45536580866253,3.1525731424152985
new_preds,OFT-0296-00,fast,1914,4.271710601498863,0.9971910112359551,0.9971910112359551,2.47047634109342,3.1833784468923794
new_preds,OFT-0296-00,slow,1915,4.917012162614014,1.050561797752809,1.050561797752809,2.6180048111424004,3.2325262147320393
new_preds,OFT-0297-00,medium,1916,3.954553738859194,0.9971910112359551,0.9971910112359551,2.5777787490257897,3.0830171039483814
new_preds,OFT-0297-00,fast,1917,3.924684808216237,0.9971910112359551,0.9971910112359551,2.448687444738328,2.9400373976625334
new_preds,OFT-0297-00,slow,1918,4.108349766026117,2.9719101123595504,2.9719101123595504,2.594528542891482,3.0448417904529426
new_preds,OFT-0298-00,fast,1919,4.255891029343242,0.9971910112359551,0.9971910112359551,2.471289033607526,3.0813261258002806
new_preds,OFT-0298-00,medium,1920,4.427877076890445,0.9971910112359551,0.9971910112359551,2.5343039878279203,3.2139899369156124
new_preds,OFT-0298-00,slow,1921,3.951478861954565,0.9971910112359551,0.9971910112359551,2.4681729534861847,2.9992620387946163
new_preds,OFT-0299-00,fast,1922,4.202265682334333,0.9971910112359551,0.9971910112359551,2.427466884808911,3.0358046593089654
new_preds,OFT-0299-00,slow,1923,4.791772272538199,0.9971910112359551,0.9971910112359551,2.6638356140050954,3.1655551182254125
new_preds,OFT-0299-00,medium,1924,4.46833879146713,0.9971910112359551,0.9971910112359551,2.5638567010075657,3.135187254861061
new_preds,OFT-0300-00,slow,1925,4.580630592854511,0.9971910112359551,0.9971910112359551,2.5420762831599415,3.176738607247469
new_preds,OFT-0300-00,fast,1926,4.502685606002289,0.988061797752809,1.3174157303370786,2.793504213531387,3.4629442264989354
new_preds,OFT-0300-00,medium,1927,4.239285045922027,0.9971910112359551,0.9971910112359551,2.5495838481070514,3.182685610255765
new_preds,OFT-0301-00,slow,1928,4.244195599128026,0.9971910112359551,0.9971910112359551,2.6302088506371826,3.0706734676895526
new_preds,OFT-0301-00,fast,1929,4.310256397239939,0.988061797752809,1.3174157303370786,2.790798222804907,3.309251827521247
new_preds,OFT-0301-00,medium,1930,4.3982684209080505,0.9971910112359551,0.9971910112359551,2.6052478364581706,3.1340638222870005
new_preds,OFT-0302-00,slow,1931,4.776584798501807,0.9971910112359551,0.9971910112359551,2.6548400181784064,3.2493019793314426
new_preds,OFT-0302-00,medium,1932,5.09717505536033,0.9971910112359551,0.9971910112359551,2.4984193162303896,3.1438431770565414
new_preds,OFT-0302-00,fast,1933,4.430763537703083,0.988061797752809,1.3174157303370786,2.741100330343475,3.388977184690401
new_preds,OFT-0303-00,fast,1934,4.305128694571804,0.9971910112359551,0.9971910112359551,2.515383582076201,3.223098024597697
new_preds,OFT-0303-00,medium,1935,4.194777072359082,0.9971910112359551,0.9971910112359551,2.5629534533321787,3.1493948381482313
new_preds,OFT-0303-00,slow,1936,4.2749214708192484,0.9971910112359551,0.9971910112359551,2.503746155595692,3.2350597619678383
new_preds,OFT-0304-00,slow,1937,4.062920344054337,0.9438202247191011,0.9438202247191011,2.636459568185006,3.1869572873748653
new_preds,OFT-0304-00,medium,1938,4.153645872905492,0.988061797752809,1.3174157303370786,2.7643293459783247,3.2983465191661994
new_preds,OFT-0304-00,fast,1939,4.077205760217721,0.988061797752809,1.3174157303370786,2.7965553260143907,3.2930279274004133
new_preds,OFT-0305-00,slow,1940,4.356494828019422,0.9971910112359551,0.9971910112359551,2.60407667145963,3.076760171433146
new_preds,OFT-0305-00,medium,1941,4.192015123569542,0.9971910112359551,0.9971910112359551,2.6424324783876245,3.215926781880431
new_preds,OFT-0305-00,fast,1942,4.419716687914384,0.9971910112359551,0.9971910112359551,2.5838093219714326,3.1981863032131064
new_preds,OFT-0306-00,medium,1943,4.317046875338365,0.9971910112359551,0.9971910112359551,2.581017946619416,3.159292832684806
new_preds,OFT-0306-00,fast,1944,4.5501846371774395,0.9971910112359551,0.9971910112359551,2.5663422490537755,3.1492259423059057
new_preds,OFT-0306-00,slow,1945,5.424964748938995,2.811797752808989,2.811797752808989,2.703750771190383,3.2585308448935875
new_preds,OFT-0307-00,slow,1946,4.0242595805845935,0.9971910112359551,0.9971910112359551,2.5845863164898226,3.0554660665864986
new_preds,OFT-0307-00,medium,1947,4.306531988280845,0.9971910112359551,0.9971910112359551,2.627706752356211,3.1582188803700175
new_preds,OFT-0307-00,fast,1948,4.358272982425056,0.9971910112359551,0.9971910112359551,2.605358330432793,3.1426473384807188
new_preds,OFT-0308-00,slow,1949,3.9578488832936354,0.9971910112359551,0.9971910112359551,2.671720642667545,3.19342917686505
new_preds,OFT-0308-00,fast,1950,4.0227141688404515,0.9971910112359551,0.9971910112359551,2.4449211146530647,2.9755695521840173
new_preds,OFT-0308-00,medium,1951,4.059343415311476,0.9971910112359551,0.9971910112359551,2.510864889073894,2.9916723702422288
new_preds,OFT-0309-00,slow,1952,4.542868565277074,0.9971910112359551,0.9971910112359551,2.607538581114928,3.133447080734431
new_preds,OFT-0309-00,medium,1953,4.239120842302801,0.9971910112359551,0.9971910112359551,2.483214218272938,3.1405862516940526
new_preds,OFT-0309-00,fast,1954,4.466883670426306,0.9971910112359551,0.9971910112359551,2.484799742428832,3.223002601749239
new_preds,OFT-0310-00,slow,1955,4.113797554952776,0.9971910112359551,0.9971910112359551,2.6323102445156414,3.1569167474602153
new_preds,OFT-0310-00,medium,1956,4.204592569113984,0.9971910112359551,0.9971910112359551,2.5404268071020755,3.1114070104505998
new_preds,OFT-0310-00,fast,1957,5.091527943417124,0.9971910112359551,0.9971910112359551,2.5016799289589997,3.1371794966882063
new_preds,OFT-0311-00,slow,1958,4.170500036362368,0.9971910112359551,0.9971910112359551,2.5676296746811165,3.0723616953494006
new_preds,OFT-0311-00,fast,1959,4.727854207452343,0.9971910112359551,0.9971910112359551,2.4864088891733718,3.1573448361513843
new_preds,OFT-0311-00,medium,1960,4.14046301585644,0.9971910112359551,0.9971910112359551,2.5465494565287856,3.1642402252465462
new_preds,OFT-0312-00,fast,1961,4.530769721746606,0.9971910112359551,0.9971910112359551,2.5366145325694363,3.121155289862522
new_preds,OFT-0312-00,medium,1962,4.14666448700378,0.9971910112359551,0.9971910112359551,2.560686905259295,3.1329733977642134
new_preds,OFT-0312-00,slow,1963,4.091335754835771,0.9971910112359551,0.9971910112359551,2.6246837231693823,3.121754152044311
new_preds,OFT-0313-00,fast,1964,4.23963817746647,0.9971910112359551,0.9971910112359551,2.5675505759195167,3.1189505859690825
new_preds,OFT-0313-00,medium,1965,4.292406959914469,0.9971910112359551,0.9971910112359551,2.603228177532955,3.118405018368097
new_preds,OFT-0313-00,slow,1966,4.260836230507694,0.9971910112359551,0.9971910112359551,2.543226612097628,3.066200182606734
new_preds,OFT-0314-00,fast,1967,4.458738741248456,0.9971910112359551,0.9971910112359551,2.5546557295471377,3.1294158799964595
new_preds,OFT-0314-00,slow,1968,4.072848837675629,1.050561797752809,1.050561797752809,2.5794106275857107,3.050653980789201
new_preds,OFT-0314-00,medium,1969,4.008684138918167,0.9971910112359551,0.9971910112359551,2.600077804414604,3.1213604158355155
new_preds,OFT-0315-00,fast,1970,4.241746081806402,0.9971910112359551,0.9971910112359551,2.4297307925645244,3.10390497480464
new_preds,OFT-0315-00,medium,1971,4.308590165840626,0.9971910112359551,0.9971910112359551,2.545803232335867,3.142575562294043
new_preds,OFT-0315-00,slow,1972,4.1383178219962184,0.9971910112359551,0.9971910112359551,2.5544849383200194,3.094389111461812
new_preds,OFT-0316-00,fast,1973,4.290192635281784,0.9971910112359551,0.9971910112359551,2.5532242429278007,3.2434243941776053
new_preds,OFT-0316-00,slow,1974,4.113770037775654,0.9971910112359551,0.9971910112359551,2.583267972295294,3.1342918302825304
new_preds,OFT-0316-00,medium,1975,4.282986840151277,0.9971910112359551,0.9971910112359551,2.590586242135149,3.2153207774400223
new_preds,OFT-0317-00,fast,1976,5.501388781559337,0.9971910112359551,0.9971910112359551,2.504536416985506,2.963478030565448
new_preds,OFT-0317-00,medium,1977,3.970385662224781,0.9971910112359551,0.9971910112359551,2.5375282201860143,2.9338103589735662
new_preds,OFT-0317-00,slow,1978,4.0526983852332945,2.651685393258427,2.651685393258427,2.626115571118393,3.0133428484923237
new_preds,OFT-0318-00,medium,1979,4.103528768027655,0.9971910112359551,0.9971910112359551,2.539303388666987,3.0661609558024217
new_preds,OFT-0318-00,fast,1980,4.576084164607916,0.9971910112359551,0.9971910112359551,2.5394951691071483,3.10893980837502
new_preds,OFT-0318-00,slow,1981,4.915647158914659,0.9971910112359551,0.9971910112359551,2.569702236763669,3.0664837523575725
new_preds,OFT-0319-00,fast,1982,4.474307968205786,0.988061797752809,1.3174157303370786,2.7980961495998375,3.3316777271584592
new_preds,OFT-0319-00,slow,1983,4.098182018203642,1.050561797752809,1.050561797752809,2.586912873229673,3.117247187779213
new_preds,OFT-0319-00,medium,1984,4.105581890902984,0.9971910112359551,0.9971910112359551,2.576616608036631,3.1654439754356445
new_preds,OFT-0320-00,medium,1985,4.20091922394364,0.9971910112359551,0.9971910112359551,2.5981143866501264,3.1370521086390393
new_preds,OFT-0320-00,fast,1986,4.107120795394827,0.9971910112359551,0.9971910112359551,2.593444788901607,3.0932277299446262
new_preds,OFT-0320-00,slow,1987,4.00380230884384,0.9971910112359551,0.9971910112359551,2.6526315780069463,3.202304463489196
new_preds,OFT-0321-00,fast,1988,4.346858885689271,0.9971910112359551,0.9971910112359551,2.5076548882602867,3.1240043913560585
new_preds,OFT-0321-00,medium,1989,3.9486370732990825,0.9971910112359551,0.9971910112359551,2.577633331369407,3.1105370001973047
new_preds,OFT-0321-00,slow,1990,4.036079509386049,0.9438202247191011,0.9438202247191011,2.660473350659484,3.2436569706725225
new_preds,OFT-0322-00,medium,1991,4.115997766819441,0.9971910112359551,0.9971910112359551,2.6198900803724934,3.1690098355574134
new_preds,OFT-0322-00,fast,1992,4.183075940449564,0.9971910112359551,0.9971910112359551,2.5105063911080867,3.1519880160104794
new_preds,OFT-0322-00,slow,1993,4.152153800873548,0.9971910112359551,0.9971910112359551,2.5180059682516576,3.003305589861678
new_preds,OFT-0323-00,slow,1994,4.0103667906556035,0.9971910112359551,0.9971910112359551,2.6645860478139802,3.130058157028399
new_preds,OFT-0323-00,medium,1995,4.288062160363874,0.9971910112359551,0.9971910112359551,2.6376479332091876,3.158626756801465
new_preds,OFT-0323-00,fast,1996,4.329258817573678,0.9971910112359551,0.9971910112359551,2.585134178969881,3.1448151029023435
new_preds,OFT-0324-00,fast,1997,4.19763466151967,0.988061797752809,1.3174157303370786,2.753579572601303,3.303897285862583
new_preds,OFT-0324-00,slow,1998,4.106668199243891,1.050561797752809,1.050561797752809,2.6526558890876015,3.237408581626822
new_preds,OFT-0324-00,medium,1999,4.25463850462881,0.9971910112359551,0.9971910112359551,2.6070475107978166,3.197302742416724
new_preds,OFT-0325-00,fast,2000,4.2779422393936475,0.9971910112359551,0.9971910112359551,2.553079274792926,3.130405289013022
new_preds,OFT-0325-00,medium,2001,4.279972892325828,0.9438202247191011,0.9438202247191011,2.6002981290857883,3.172838712424522
new_preds,OFT-0325-00,slow,2002,4.261144366765307,0.9971910112359551,0.9971910112359551,2.699315473226491,3.1563991754081746
new_preds,OFT-0326-00,fast,2003,4.40815516527489,0.9971910112359551,0.9971910112359551,2.5280679375332578,3.0077417390656063
new_preds,OFT-0326-00,slow,2004,4.481401631449743,0.9971910112359551,0.9971910112359551,2.7019978076633984,3.1863227607892806
new_preds,OFT-0326-00,medium,2005,4.061709970521281,0.9971910112359551,0.9971910112359551,2.6337456360739804,3.155532454731002
new_preds,OFT-0327-00,medium,2006,4.50961775711668,0.9971910112359551,0.9971910112359551,2.5265086269500454,3.1584136828744884
new_preds,OFT-0327-00,slow,2007,3.9702292351219404,0.9971910112359551,0.9971910112359551,2.510892380234264,3.0660287638878914
new_preds,OFT-0327-00,fast,2008,4.289349201357434,0.9971910112359551,0.9971910112359551,2.4024918517870177,3.011058809505733
new_preds,OFT-0328-00,fast,2009,4.2752214852521915,0.9971910112359551,0.9971910112359551,2.4537333834689656,3.1294251310971393
new_preds,OFT-0328-00,medium,2010,4.308805425166343,0.9971910112359551,0.9971910112359551,2.5008935305967737,3.031199743515153
new_preds,OFT-0328-00,slow,2011,4.247704476816874,0.9971910112359551,0.9971910112359551,2.5978923183853517,3.105435435795876
new_preds,OFT-0329-00,fast,2012,4.075695574419777,0.9971910112359551,0.9971910112359551,2.401109841709243,3.0021263612421825
new_preds,OFT-0329-00,medium,2013,4.235945421388129,0.9971910112359551,0.9971910112359551,2.5077638457791136,3.0576753798970566
new_preds,OFT-0329-00,slow,2014,3.8995838934385283,0.9438202247191011,0.9438202247191011,2.598016258303185,3.10724362000701
new_preds,OFT-0330-00,fast,2015,4.3055786462560315,0.9971910112359551,0.9971910112359551,2.5564788517604113,3.1805176978330763
new_preds,OFT-0330-00,medium,2016,4.1494167655057765,0.9971910112359551,0.9971910112359551,2.566639759200992,3.133378730551908
new_preds,OFT-0330-00,slow,2017,4.258523538488628,0.9971910112359551,0.9971910112359551,2.652126503499416,3.225757977979469
new_preds,OFT-0331-00,fast,2018,4.313865491971811,0.988061797752809,1.3174157303370786,2.7513694652264444,3.2865202783390353
new_preds,OFT-0331-00,slow,2019,3.8356655813474436,0.9971910112359551,0.9971910112359551,2.579388486143182,3.187686665158353
new_preds,OFT-0331-00,medium,2020,4.2259522108425545,0.9971910112359551,0.9971910112359551,2.5982250253730643,3.1642169314177186
new_preds,OFT-0332-00,medium,2021,4.218953637033509,0.988061797752809,1.3174157303370786,2.8102549975519735,3.3327700692569495
new_preds,OFT-0332-00,fast,2022,4.267655554504326,0.983346709470305,1.4241573033707866,2.8327017986094147,3.363715095230639
new_preds,OFT-0332-00,slow,2023,4.317342556147784,1.050561797752809,1.050561797752809,2.61086396089891,3.312573246571717
new_preds,OFT-0333-00,fast,2024,4.252845638280958,0.9971910112359551,0.9971910112359551,2.5502906969885766,3.082342140482639
new_preds,OFT-0333-00,medium,2025,4.197586540659354,0.9971910112359551,0.9971910112359551,2.641968827875291,3.0947119538928436
new_preds,OFT-0333-00,slow,2026,4.356783946244798,0.9971910112359551,0.9971910112359551,2.5322121032515423,2.9579040392160834
new_preds,OFT-0334-00,fast,2027,4.226633738433746,0.988061797752809,1.3174157303370786,2.7127900727872114,3.2196568722853187
new_preds,OFT-0334-00,slow,2028,4.125254982445459,0.9971910112359551,0.9971910112359551,2.662918733612731,3.0996233108659403
new_preds,OFT-0334-00,medium,2029,4.712375979125532,0.9971910112359551,0.9971910112359551,2.5232563069558083,3.035760201455623
new_preds,OFT-0335-00,fast,2030,4.08155688693255,0.9971910112359551,0.9971910112359551,2.5011794001146246,3.078236830251222
new_preds,OFT-0335-00,slow,2031,4.339802765036766,0.9971910112359551,0.9971910112359551,2.6228479043771666,3.136063254730375
new_preds,OFT-0335-00,medium,2032,4.101806185936622,0.9971910112359551,0.9971910112359551,2.4958758065614908,3.023446213154751
new_preds,OFT-0336-00,medium,2033,4.2315215549279666,0.9971910112359551,0.9971910112359551,2.561071814397029,3.1478710085036785
new_preds,OFT-0336-00,fast,2034,4.457987344066217,0.9971910112359551,0.9971910112359551,2.514707399917379,3.0925872261530314
new_preds,OFT-0336-00,slow,2035,4.151269989205831,0.9971910112359551,0.9971910112359551,2.603905484870029,3.1921164772405146
new_preds,OFT-0337-00,medium,2036,4.275441757486355,0.9971910112359551,0.9971910112359551,2.4497273010678717,3.152370847844324
new_preds,OFT-0337-00,fast,2037,4.3232147059450226,0.988061797752809,1.3174157303370786,2.857184856729621,3.389501013136031
new_preds,OFT-0337-00,slow,2038,4.296968853220147,0.9971910112359551,0.9971910112359551,2.562395234508328,3.1840106117417077
new_preds,OFT-0338-00,fast,2039,4.289812359954098,0.9971910112359551,0.9971910112359551,2.5290693355414415,3.1987321199151593
new_preds,OFT-0338-00,medium,2040,4.481981846185671,0.9971910112359551,0.9971910112359551,2.6175136484895654,3.179980148716013
new_preds,OFT-0338-00,slow,2041,3.8359657949778043,0.9971910112359551,0.9971910112359551,2.6452411561182485,3.1005390209647827
new_preds,OFT-0339-00,fast,2042,4.327671452777086,0.9971910112359551,0.9971910112359551,2.398068118447639,3.020253565069285
new_preds,OFT-0339-00,slow,2043,4.061240770284224,0.9438202247191011,0.9438202247191011,2.6857196350988146,3.254520943345172
new_preds,OFT-0339-00,medium,2044,4.143325320363812,0.9971910112359551,0.9971910112359551,2.5308607333056155,3.0939487984791696
new_preds,OFT-0340-00,medium,2045,4.945979343859773,0.9971910112359551,0.9971910112359551,2.5395408977702436,3.2008207789031546
new_preds,OFT-0340-00,fast,2046,4.224132344837758,0.988061797752809,1.3174157303370786,2.8109522295588083,3.3101864832903733
new_preds,OFT-0340-00,slow,2047,4.36821917832952,0.9971910112359551,0.9971910112359551,2.5881433794187334,3.1878132489196926
new_preds,OFT-0341-00,fast,2048,4.598149408061514,0.988061797752809,1.3174157303370786,2.8265589026363234,3.351206972389862
new_preds,OFT-0341-00,slow,2049,4.062496286620531,0.9971910112359551,0.9971910112359551,2.6580777768240487,3.052804987629271
new_preds,OFT-0341-00,medium,2050,4.8956715599653515,0.9971910112359551,0.9971910112359551,2.6134327186495345,3.150376108117922
new_preds,OFT-0342-00,fast,2051,4.08096650787612,0.9659410112359551,1.103932584269663,2.624358644390222,3.174703206801946
new_preds,OFT-0342-00,medium,2052,4.256945411157848,0.9971910112359551,0.9971910112359551,2.562589495170737,3.1259047429297486
new_preds,OFT-0342-00,slow,2053,4.556585655439946,0.9971910112359551,0.9971910112359551,2.5831023425628654,3.1117106759345314
new_preds,OFT-0343-00,fast,2054,4.25372144575642,0.9971910112359551,0.9971910112359551,2.5272158774222584,3.194120865727156
new_preds,OFT-0343-00,slow,2055,3.949534281063527,0.9438202247191011,0.9438202247191011,2.571758972885668,3.251327653550648
new_preds,OFT-0343-00,medium,2056,4.243964686144791,0.9971910112359551,0.9971910112359551,2.515255820630876,3.1478702539461407
new_preds,OFT-0344-00,fast,2057,4.331279359194791,0.988061797752809,1.3174157303370786,2.74671398633706,3.230962769730643
new_preds,OFT-0344-00,medium,2058,4.1785166986191005,0.9971910112359551,0.9971910112359551,2.569460308163218,3.112922113054305
new_preds,OFT-0344-00,slow,2059,4.7023618824173585,0.9971910112359551,0.9971910112359551,2.6564907398947972,3.0494522201757124
new_preds,OFT-0345-00,slow,2060,4.625771255864329,0.9971910112359551,0.9971910112359551,2.615919562586435,3.0361353991009756
new_preds,OFT-0345-00,medium,2061,4.197471786548277,0.9971910112359551,0.9971910112359551,2.601251533531936,3.104516997150796
new_preds,OFT-0345-00,fast,2062,5.13992322856862,0.9971910112359551,0.9971910112359551,2.548168858746417,3.042227376491482
new_preds,OFT-0346-00,fast,2063,4.193146423605751,0.9971910112359551,0.9971910112359551,2.605010756760982,3.125115020317755
new_preds,OFT-0346-00,medium,2064,4.510883593285154,0.9971910112359551,0.9971910112359551,2.5873432384577297,3.020403103466443
new_preds,OFT-0346-00,slow,2065,3.9991231885315055,2.0112359550561796,2.0112359550561796,2.6647523547662284,3.1278150950505124
new_preds,OFT-0347-00,medium,2066,4.261977174569241,0.9971910112359551,0.9971910112359551,2.5086657565105432,3.1649506494539894
new_preds,OFT-0347-00,slow,2067,4.079386694630459,0.9971910112359551,0.9971910112359551,2.4796508002019757,3.0862972193366813
new_preds,OFT-0347-00,fast,2068,4.0644510025991325,0.988061797752809,1.3174157303370786,2.7224569811794685,3.238626797069366
new_preds,OFT-0348-00,medium,2069,4.424580714260862,0.9971910112359551,0.9971910112359551,2.6271957487873823,3.150629846143409
new_preds,OFT-0348-00,fast,2070,4.110404217006745,0.9971910112359551,0.9971910112359551,2.583314823292694,3.1223300038549864
new_preds,OFT-0348-00,slow,2071,3.8505852639686893,0.9438202247191011,0.9438202247191011,2.6566458369232477,3.134844632219006
new_preds,OFT-0349-00,fast,2072,4.396173880298934,0.9971910112359551,0.9971910112359551,2.549037604195171,3.154216536022212
new_preds,OFT-0349-00,slow,2073,4.068730685827008,0.9971910112359551,0.9971910112359551,2.6389960437922917,3.117262723735861
new_preds,OFT-0349-00,medium,2074,4.271615706422779,2.0646067415730336,2.0646067415730336,2.549103805565556,2.9664225900201004
new_preds,OFT-0350-00,medium,2075,4.143481592969611,0.9971910112359551,0.9971910112359551,2.555087368900804,3.073187054270576
new_preds,OFT-0350-00,fast,2076,4.4804874086617446,0.9971910112359551,0.9971910112359551,2.558704961984268,3.018085447083318
new_preds,OFT-0350-00,slow,2077,3.963281246849114,0.9971910112359551,0.9971910112359551,2.6707987838238014,3.076198654225836
new_preds,OFT-0351-00,fast,2078,4.432262312190734,0.9971910112359551,0.9971910112359551,2.443933470582906,3.1870552822166753
new_preds,OFT-0351-00,medium,2079,4.115860608982351,0.9971910112359551,0.9971910112359551,2.5180640314167433,3.1365607839971723
new_preds,OFT-0351-00,slow,2080,4.553809788151115,0.9971910112359551,0.9971910112359551,2.580714907132499,3.1897582032719276
new_preds,OFT-0352-00,slow,2081,4.105385557499042,0.9971910112359551,0.9971910112359551,2.5824760761500762,3.0860980505107185
new_preds,OFT-0352-00,medium,2082,3.9534709927459355,0.9971910112359551,0.9971910112359551,2.5822175925150312,3.122671863151983
new_preds,OFT-0352-00,fast,2083,4.163938361394407,0.988061797752809,1.3174157303370786,2.803983630665008,3.1572184805267507
new_preds,OFT-0353-00,fast,2084,4.306835896305666,0.9971910112359551,0.9971910112359551,2.4748516102428066,3.218922720075199
new_preds,OFT-0353-00,medium,2085,4.644837683464962,0.9971910112359551,0.9971910112359551,2.5706219739638887,3.218193918622865
new_preds,OFT-0353-00,slow,2086,4.206394074584181,0.9971910112359551,0.9971910112359551,2.521161136829374,3.2012435098881817
new_preds,OFT-0354-00,fast,2087,4.383923663505932,0.9971910112359551,0.9971910112359551,2.5589396127710367,3.22825238620421
new_preds,OFT-0354-00,medium,2088,4.177618436594902,0.9971910112359551,0.9971910112359551,2.531777656788257,3.0500083077802063
new_preds,OFT-0354-00,slow,2089,4.294826545483146,0.9971910112359551,0.9971910112359551,2.579382627309115,2.983717967523256
new_preds,OFT-0355-00,fast,2090,4.329406180858836,0.988061797752809,1.3174157303370786,2.7679493338007295,3.2679501748405246
new_preds,OFT-0355-00,slow,2091,4.231765341479478,0.9971910112359551,0.9971910112359551,2.599657415580832,3.200869187428847
new_preds,OFT-0355-00,medium,2092,4.394023263272261,0.9971910112359551,0.9971910112359551,2.5295936769359875,3.225081250249881
new_preds,OFT-0356-00,fast,2093,4.331118485384958,0.9971910112359551,0.9971910112359551,2.4375320828388674,3.156659662143345
new_preds,OFT-0356-00,slow,2094,3.825536078798606,0.9438202247191011,0.9438202247191011,2.5610057028888336,3.1301249214974827
new_preds,OFT-0356-00,medium,2095,4.283651910254724,0.9971910112359551,0.9971910112359551,2.480356471871107,3.1288585864294576
new_preds,OFT-0357-00,fast,2096,4.287839627449586,0.988061797752809,1.3174157303370786,2.7668201938398522,3.3308653052232433
new_preds,OFT-0357-00,slow,2097,4.111503140350367,0.9971910112359551,0.9971910112359551,2.554197084388607,3.118969628935198
new_preds,OFT-0357-00,medium,2098,4.129718278657993,0.9971910112359551,0.9971910112359551,2.5077436396739214,3.0753822774384583
new_preds,OFT-0358-00,slow,2099,3.785923114905455,0.9971910112359551,0.9971910112359551,2.524878512777766,3.0390102342939507
new_preds,OFT-0358-00,fast,2100,4.349866129494622,0.9971910112359551,0.9971910112359551,2.4207006968638685,3.200596421639818
new_preds,OFT-0358-00,medium,2101,4.047147682098404,0.9971910112359551,0.9971910112359551,2.510748079421304,3.1509958536145843
new_preds,OFT-0359-00,fast,2102,4.4821937708155515,0.9971910112359551,0.9971910112359551,2.4272341211056943,3.232725721019717
new_preds,OFT-0359-00,medium,2103,4.466596477706214,0.9971910112359551,0.9971910112359551,2.4809223629176325,3.1948590660558334
new_preds,OFT-0359-00,slow,2104,3.93910272217617,0.9971910112359551,0.9971910112359551,2.5970682847191844,3.195461246314807
