group,subject,speed_bin,model_index,peak_log_gain,peak_frequency,peak_stride_multiple,mean_log_gain,band_0p75_2x_log_gain
Cntnap_het,OFT-0366-00,slow,1,3.292752984119212,3.9325842696629216,1.3174157303370786,2.447508558123588,3.044105883206194
Cntnap_het,OFT-0366-00,fast,2,3.1893186798753415,4.957038995373431,1.2640449438202248,2.084853676652545,2.850909911861411
Cntnap_het,OFT-0366-00,medium,3,3.224256214189825,4.421891989851395,1.3707865168539326,2.236186015563446,2.874075646727497
Cntnap_het,OFT-0371-00,fast,4,3.315583264931459,4.420858155493552,1.3174157303370786,2.267062131764778,3.0187909361981045
Cntnap_het,OFT-0371-00,medium,5,3.3841601233369487,3.7833567415730336,1.2106741573033708,2.428166873744641,3.1134756561210573
Cntnap_het,OFT-0371-00,slow,6,3.2756387352519876,3.517924023542001,1.4775280898876404,2.626085670888222,3.1369437040058745
Cntnap_het,OFT-0376-00,fast,7,3.344156877171438,4.3587756683456025,1.2640449438202248,2.278927031061345,3.131101612140046
Cntnap_het,OFT-0376-00,slow,8,3.375454582953244,3.6449973247726057,1.5308988764044944,2.7061010268688577,3.1901397807017275
Cntnap_het,OFT-0376-00,medium,9,3.4333357530989637,3.7732684890155967,1.2640449438202248,2.4517680007471827,3.1358970391459517
Cntnap_het,OFT-0385-00,medium,10,3.349693015010874,4.022643451410927,1.3174157303370786,2.3521200143328858,2.951297284829113
Cntnap_het,OFT-0385-00,fast,11,3.245232618160237,4.540028089887641,1.2106741573033708,2.149791398257073,2.994193199743871
Cntnap_het,OFT-0385-00,slow,12,3.329371429042162,3.2411408815903204,1.2640449438202248,2.5603537925246203,3.121780959742085
Cntnap_het,OFT-0391-00,slow,13,3.2236996030825966,4.283707865168539,1.3707865168539326,2.392298313404459,3.0399287287544157
Cntnap_het,OFT-0391-00,fast,14,3.1897068885934865,5.08686620715702,1.2106741573033708,2.07582865334733,2.851185096621667
Cntnap_het,OFT-0391-00,medium,15,3.2722549041332045,4.596527068437181,1.2640449438202248,2.2298425462146225,2.9861332185634386
Cntnap_het,OFT-0403-00,medium,16,3.127355494989444,4.925058098629086,1.2640449438202248,2.0016040277809264,2.7718525104897327
Cntnap_het,OFT-0403-00,fast,17,3.160353704791132,5.4892322097378266,1.3174157303370786,2.049047083819266,2.837847908379896
Cntnap_het,OFT-0403-00,slow,18,3.0128958613669194,4.643991206643869,1.4241573033707866,2.2038148206081987,2.8440351350016453
Cntnap_het,OFT-0407-00,fast,19,3.2128735677869087,5.18596179349766,1.2640449438202248,2.090685533104753,2.8981915207285276
Cntnap_het,OFT-0407-00,medium,20,3.3224909443485937,4.747191011235955,1.4241573033707866,2.30673957405799,2.9907832969228596
Cntnap_het,OFT-0407-00,slow,21,3.335781180592627,4.03558052434457,1.2106741573033708,2.225608466691443,2.8534190819178415
Cntnap_het,OFT-0419-00,fast,22,3.285815769417955,5.119335565926107,1.2106741573033708,2.1524960223322895,2.988280292417575
Cntnap_het,OFT-0419-00,slow,23,3.169002168617421,4.117929511187938,1.3174157303370786,2.321329013960562,2.9392735411443076
Cntnap_het,OFT-0419-00,medium,24,3.1875803368888627,4.656439066551426,1.2106741573033708,1.982649792339524,2.75534088231437
Cntnap_het,OFT-0420-00,medium,25,3.2925823069494395,4.92534881712325,1.3174157303370786,2.141030867895185,2.9409920553951645
Cntnap_het,OFT-0420-00,fast,26,3.3441850577311563,5.2504610063109185,1.4241573033707866,2.103696631232387,2.87421533842145
Cntnap_het,OFT-0420-00,slow,27,3.0862725666141646,4.250833998485499,1.3174157303370786,2.0467178807040045,2.680886411786963
Cntnap_het,OFT-0421-00,slow,28,3.2899602119093556,4.434616304087975,1.3707865168539326,2.380394730005094,2.9947746581839443
Cntnap_het,OFT-0421-00,fast,29,3.2733576326786746,5.855181023720349,1.3174157303370786,2.08027704196404,2.8430245978840465
Cntnap_het,OFT-0421-00,medium,30,3.1568028267044017,5.056179775280899,1.2640449438202248,2.1057359486284244,2.848367223858538
Cntnap_het,OFT-0423-00,slow,31,3.142130332606463,4.12476485840663,1.3707865168539326,2.4050640368022647,2.9649036442716845
Cntnap_het,OFT-0423-00,fast,32,3.1083842466511706,5.230779590580268,1.2640449438202248,1.9853362850432152,2.7649804270307894
Cntnap_het,OFT-0423-00,medium,33,3.2887340333918114,4.569288389513109,1.3707865168539326,2.247034123750825,2.945373882377276
Cntnap_het,OFT-0425-00,slow,34,3.2451209675907187,3.9933191618584876,1.4775280898876404,2.510047785192869,3.083931441383789
Cntnap_het,OFT-0425-00,medium,35,3.2140881984831795,4.315628192032687,1.4241573033707866,2.3450730002558497,2.9349042809103816
Cntnap_het,OFT-0425-00,fast,36,3.0022378905199427,4.941527172666819,1.2106741573033708,1.8713313686134505,2.538340259239208
Cntnap_het,OFT-0428-00,slow,37,3.191994546777505,4.800170672735031,1.2640449438202248,2.151340137662973,2.934273626954144
Cntnap_het,OFT-0428-00,medium,38,3.23250201998554,5.659902733523396,1.2640449438202248,2.067052929505927,2.8582726538031435
Cntnap_het,OFT-0428-00,fast,39,3.217188780505301,6.429463171036204,1.1573033707865168,1.8451703261165515,2.6098558751425283
Cntnap_het,OFT-0430-00,fast,40,3.1527818606789118,5.750624219725344,1.3174157303370786,2.0390233602491525,2.883364135213449
Cntnap_het,OFT-0430-00,medium,41,3.2009477862532116,4.924918618082537,1.3174157303370786,2.1616255246822345,2.9055799403498006
Cntnap_het,OFT-0430-00,slow,42,3.2661596920463287,4.544182409350949,1.3707865168539326,2.351043516257137,3.039219741668824
Cntnap_het,OFT-0431-00,medium,43,3.5002581565008315,4.283707865168539,1.3707865168539326,2.34589332887647,3.007862261734736
Cntnap_het,OFT-0431-00,slow,44,3.308156610297542,4.012841091492777,1.2640449438202248,2.2727381947457768,2.8812637790023587
Cntnap_het,OFT-0431-00,fast,45,3.3198693590292665,4.999875432870774,1.3707865168539326,2.1250517250289884,2.904496482265736
Cntnap_het,OFT-0432-00,fast,46,3.267079049167736,5.081716036772217,1.2640449438202248,2.150046631011553,2.9553289155585056
Cntnap_het,OFT-0432-00,slow,47,3.2753895265802075,4.040069490445064,1.2106741573033708,2.2389033051710845,2.8907690611460795
Cntnap_het,OFT-0432-00,medium,48,3.3685115006410284,4.673135852911134,1.3707865168539326,2.29610909273868,3.012845946670685
Cntnap_het,OFT-0434-00,medium,49,3.3262215740059617,4.582662098873684,1.3174157303370786,2.285075235820679,2.9998924878873736
Cntnap_het,OFT-0434-00,fast,50,3.164727703150798,5.207200676573637,1.2106741573033708,2.0385560887320695,2.78165534911593
Cntnap_het,OFT-0434-00,slow,51,3.2846286116139476,4.031725049570389,1.3707865168539326,2.2972876656569228,2.838774977551255
Cntnap_het,OFT-0436-00,fast,52,3.2140225565728944,4.971380114479542,1.3174157303370786,2.155026347020275,2.9456446219344787
Cntnap_het,OFT-0436-00,slow,53,3.2810985756438704,3.619451095966108,1.103932584269663,2.384735697722131,3.030396130653385
Cntnap_het,OFT-0436-00,medium,54,3.311894802186439,4.421891989851395,1.3707865168539326,2.352552039596363,3.0470938570828956
Cntnap_het,OFT-0439-00,fast,55,3.2889477054342344,4.726850058117009,1.3707865168539326,2.2832885533397835,3.0953941268041074
Cntnap_het,OFT-0439-00,slow,56,3.433043421017797,4.162050957429972,1.4775280898876404,2.618041859973119,3.071187323018416
Cntnap_het,OFT-0439-00,medium,57,3.4552767055161078,4.767953102100635,1.3707865168539326,2.3512766610847398,3.1790671374799113
Cntnap_het,OFT-0442-00,fast,58,3.25974999827136,5.711610486891385,1.3707865168539326,2.0806701802972025,2.867437070127276
Cntnap_het,OFT-0442-00,medium,59,3.3270103045754493,4.7906026557711945,1.3174157303370786,2.2197993832594753,3.0184526759229064
Cntnap_het,OFT-0442-00,slow,60,3.269530251195993,4.569224565924511,1.3174157303370786,2.2067111442361984,2.902938534290265
Cntnap_het,OFT-0443-00,fast,61,3.263078514776729,4.809777252119061,1.3707865168539326,2.2028743359773597,3.004978557987312
Cntnap_het,OFT-0443-00,slow,62,3.296941317148936,4.121885686370298,1.2640449438202248,2.319214804030445,2.9499006863279034
Cntnap_het,OFT-0443-00,medium,63,3.458346949836251,4.384117387347612,1.2640449438202248,2.2581403381960463,2.982866928636704
Cntnap_het,OFT-0444-00,fast,64,3.2376815273994075,5.359040822523969,1.3174157303370786,2.135968080512311,2.9415895584899063
Cntnap_het,OFT-0444-00,medium,65,3.379006290637195,4.6467339554370595,1.3707865168539326,2.295636516137274,2.967958661656064
Cntnap_het,OFT-0444-00,slow,66,3.3937374052292135,3.879350250389261,1.1573033707865168,2.3630376846164323,3.045077312316004
Cntnap_het,OFT-0446-00,fast,67,3.01346028658558,5.066983578219533,1.3174157303370786,2.027483307507332,2.787079689543601
Cntnap_het,OFT-0446-00,medium,68,3.3090028471627333,4.40420442189199,1.3707865168539326,2.3004062021047176,2.949215989716163
Cntnap_het,OFT-0446-00,slow,69,2.95803746701372,4.153898535921008,1.3707865168539326,2.2068494638002596,2.7544452710392813
Cntnap_het,OFT-0447-00,fast,70,3.240861944071894,5.006609385327165,1.2640449438202248,2.1290597161816907,2.926922947672253
Cntnap_het,OFT-0447-00,medium,71,3.255426257244193,4.4160544511668105,1.5308988764044944,2.4041879360262604,2.943036426690393
Cntnap_het,OFT-0447-00,slow,72,3.410267002407524,3.795457291289114,1.1573033707865168,2.225748888643834,2.9310239719370346
Cntnap_het,OFT-0448-00,fast,73,3.3179606955488055,5.263800683927699,1.2106741573033708,2.093549115960871,2.949845706172138
Cntnap_het,OFT-0448-00,slow,74,3.191374403981894,4.174738473459899,1.2106741573033708,2.272547112359461,2.912173916449355
Cntnap_het,OFT-0448-00,medium,75,3.302094992145963,4.86171132238548,1.2640449438202248,2.1840346647489577,2.9516049207928945
Cntnap_het,OFT-0450-00,fast,76,3.361913583315638,5.7736106893410275,1.4241573033707866,2.148125112624056,3.0009280431887304
Cntnap_het,OFT-0450-00,slow,77,3.3019017525631362,4.5190764291887895,1.3707865168539326,2.3017003917374086,2.978049505652771
Cntnap_het,OFT-0450-00,medium,78,3.398069198446709,5.0187265917602994,1.3174157303370786,2.2014403148483392,2.9732646714282667
Cntnap_het,OFT-0452-00,fast,79,3.2221837637788098,6.236505838290372,1.3174157303370786,2.0412791364912457,2.865981216666447
Cntnap_het,OFT-0452-00,slow,80,3.244412450193922,4.639087504256044,1.2640449438202248,2.1282885713640027,2.7833417674669674
Cntnap_het,OFT-0452-00,medium,81,3.1288935754087843,5.066983578219533,1.3174157303370786,2.1371578741784116,2.904604299491857
Cntnap_het,OFT-0454-00,medium,82,3.268270487689204,4.382022471910113,1.4241573033707866,2.3497644909729494,3.005353103339464
Cntnap_het,OFT-0454-00,slow,83,3.1822898522753116,4.280853201790445,1.7443820224719102,2.5718353034505714,2.973435610380154
Cntnap_het,OFT-0454-00,fast,84,3.286341664783865,4.834960087769076,1.3174157303370786,2.2166647630543594,3.0354260868738896
Cntnap_het,OFT-0492-00,slow,85,3.146934973533431,3.8613704700110776,1.3707865168539326,2.4322658401151527,2.9929478493052653
Cntnap_het,OFT-0492-00,medium,86,3.31408237552121,4.391385767790262,1.3174157303370786,2.2949608971099247,2.9785775143367705
Cntnap_het,OFT-0492-00,fast,87,3.2701453498302198,4.75433174450141,1.3707865168539326,2.1886414837243366,2.92543833366278
Cntnap_het,OFT-0493-00,slow,88,3.267188504083131,4.251215830957572,1.4241573033707866,2.481834929577491,3.079775400148385
Cntnap_het,OFT-0493-00,fast,89,3.2262457903761477,5.378914654554148,1.2640449438202248,2.0967634998236013,2.872766642046541
Cntnap_het,OFT-0493-00,medium,90,3.3112915513575514,4.7906026557711945,1.3174157303370786,2.2165923520790143,2.9680082621508195
Cntnap_het,OFT-0494-00,slow,91,3.2454348791260963,4.188697951090549,1.4241573033707866,2.421307445621688,2.9306541898350438
Cntnap_het,OFT-0494-00,medium,92,3.290780611442311,4.809777252119061,1.3707865168539326,2.1480701986207014,2.87017381485944
Cntnap_het,OFT-0494-00,fast,93,3.2006673125448533,5.48314606741573,1.3707865168539326,2.1246783989251252,2.9035250340391867
Cntnap_het,OFT-0496-00,medium,94,3.2471302809489995,4.359665214400367,1.4241573033707866,2.3548456260185713,2.936253190091299
Cntnap_het,OFT-0496-00,slow,95,3.0917832049675313,3.9018008311528396,1.4241573033707866,2.3915781344919145,2.898540396432892
Cntnap_het,OFT-0496-00,fast,96,3.21560564990188,4.830940997560256,1.2640449438202248,2.139043434879083,2.873797506353532
Cntnap_het,OFT-0498-00,fast,97,3.363627554685532,4.610540870475099,1.2640449438202248,2.196440166488539,2.9672471608566093
Cntnap_het,OFT-0498-00,medium,98,3.3132101383758075,4.28489811464483,1.2640449438202248,2.2998628285109812,3.005851865245333
Cntnap_het,OFT-0498-00,slow,99,3.2087908389963595,4.020670662967107,1.4775280898876404,2.4782804740922404,2.966207169187262
Cntnap_het,OFT-0499-00,fast,100,3.261647659655675,4.957038995373431,1.2640449438202248,2.166200112393896,2.9272623465970122
Cntnap_het,OFT-0499-00,medium,101,3.396171750659615,4.542812863231306,1.3174157303370786,2.2675554533043556,3.011397804193359
Cntnap_het,OFT-0499-00,slow,102,3.238418134427088,3.9814907704654896,1.2640449438202248,2.3674109359183055,2.982452931095849
Cntnap_het,OFT-0500-00,fast,103,3.276606181090512,5.269662921348314,1.3174157303370786,2.1372855931962724,2.9067316439829574
Cntnap_het,OFT-0500-00,medium,104,3.3272339313999155,4.705056179775281,1.3174157303370786,2.229003734476987,2.9851215815168253
Cntnap_het,OFT-0500-00,slow,105,3.32575300198513,4.053586862575627,1.3174157303370786,2.3947113014283277,2.988214394704004
Cntnap_het,OFT-0501-00,slow,106,3.2538027042046176,3.7338996985475474,1.5308988764044944,2.5700561798296815,3.0832671721438314
Cntnap_het,OFT-0501-00,medium,107,3.297509278447832,4.283707865168539,1.3707865168539326,2.2931572844156562,2.9399071778771617
Cntnap_het,OFT-0501-00,fast,108,3.2824477502975746,4.705056179775281,1.3174157303370786,2.1969831065177146,2.9726864100665567
Cntnap_het,OFT-0502-00,fast,109,3.247392510963886,5.159367117633571,1.2640449438202248,2.107357553070328,2.9208481259720918
Cntnap_het,OFT-0502-00,medium,110,3.3201540540927468,4.636106956088171,1.3174157303370786,2.228038708192094,2.9773948012235714
Cntnap_het,OFT-0502-00,slow,111,3.2704553997333714,4.251215830957572,1.4241573033707866,2.480572041783079,3.0848124774184478
Cntnap_het,OFT-0503-00,fast,112,3.3129559610636674,4.76998092007632,1.2640449438202248,2.1926580798903617,2.9717077079604572
Cntnap_het,OFT-0503-00,slow,113,3.092728988460664,4.053586862575627,1.3174157303370786,2.291070576688022,2.87388359080903
Cntnap_het,OFT-0503-00,medium,114,3.2732638304721307,4.523516176475749,1.4775280898876404,2.3832770400183665,2.9864496603010258
Cntnap_het,OFT-0505-00,slow,115,3.2891880841351298,2.9593290077543912,1.050561797752809,2.5447082450165985,3.123286275040974
Cntnap_het,OFT-0505-00,fast,116,3.4288549277314724,4.329124133186789,1.2640449438202248,2.283441958117458,3.064769429561184
Cntnap_het,OFT-0505-00,medium,117,3.333522700205785,4.0919000503102465,1.3707865168539326,2.487595182877793,3.123513068289408
Cntnap_het,OFT-0506-00,medium,118,3.137048538158174,4.677379378717779,1.3174157303370786,2.1021291216499645,2.8074475024333085
Cntnap_het,OFT-0506-00,fast,119,3.324867768544396,5.359040822523969,1.3174157303370786,2.148905652777842,2.9667674875209245
Cntnap_het,OFT-0506-00,slow,120,3.2833511228949233,4.047275050653896,1.2640449438202248,2.3621362962038512,3.0138909452844285
Cntnap_het,OFT-0507-00,fast,121,3.2529402002417265,5.2668539325842705,1.2640449438202248,2.1173242657040086,2.938796016252661
Cntnap_het,OFT-0507-00,slow,122,3.3345507373938954,4.053586862575627,1.3174157303370786,2.501338096750776,3.0976417397879588
Cntnap_het,OFT-0507-00,medium,123,3.296659403271639,4.895666131621188,1.3707865168539326,2.2749985937745594,3.041320974244483
Cntnap_het,OFT-0508-00,fast,124,3.4705703717928817,4.323836276083467,1.2106741573033708,2.270737013627124,3.1123346044949556
Cntnap_het,OFT-0508-00,slow,125,3.30475027767106,3.8304392236976508,1.2640449438202248,2.4104673841820383,3.0187945518702275
Cntnap_het,OFT-0508-00,medium,126,3.3225732864566733,4.174738473459899,1.2106741573033708,2.2958820490808804,3.041804720038319
Cntnap_het,OFT-0510-00,fast,127,3.24240512615074,4.838560316088406,1.2640449438202248,2.1809719664348766,3.0008289574064153
Cntnap_het,OFT-0510-00,slow,128,3.018208092049442,4.6905653647226675,1.4775280898876404,2.2800993797780933,2.8781331430258748
Cntnap_het,OFT-0510-00,medium,129,3.2089539264837947,4.402451481103166,1.2106741573033708,2.1573506789565893,2.875950760849676
Cntnap_het,OFT-0511-00,fast,130,3.294061515322241,5.022915434654052,1.2640449438202248,2.1595037971355637,3.0193437830192478
Cntnap_het,OFT-0511-00,slow,131,3.280893217266662,3.857677902621723,1.1573033707865168,2.275958952404746,2.9771796590355755
Cntnap_het,OFT-0511-00,medium,132,3.366144543994267,4.542812863231306,1.3174157303370786,2.2571535303641763,3.0231907614424314
Cntnap_het,OFT-0516-00,slow,133,3.2474218017706526,3.6073329390892965,1.3707865168539326,2.5372116322536398,3.0367893519416103
Cntnap_het,OFT-0516-00,fast,134,3.360885387288175,4.569288389513109,1.3707865168539326,2.286789572088767,2.9806892598970363
Cntnap_het,OFT-0516-00,medium,135,3.3716872394269783,4.098506525228558,1.4241573033707866,2.44303392719146,3.0091487689153236
Cntnap_het,OFT-0519-00,slow,136,3.1642899604156858,4.251215830957572,1.4241573033707866,2.431810779547712,2.993631687067102
Cntnap_het,OFT-0519-00,fast,137,3.137230738351708,5.789257330775555,1.4241573033707866,2.060126237459024,2.792670523211276
Cntnap_het,OFT-0519-00,medium,138,3.215619326911769,4.879317519766958,1.3174157303370786,2.1906431201151415,2.9324950884827827
Cntnap_het,OFT-0520-00,medium,139,3.371974042819909,4.542812863231306,1.3174157303370786,2.3297527127793454,3.0735258530847744
Cntnap_het,OFT-0520-00,fast,140,3.2533779943513093,4.842696629213483,1.2106741573033708,2.1924940610820833,3.025509504068203
Cntnap_het,OFT-0520-00,slow,141,3.217600340954911,4.114986137458048,1.5842696629213484,2.5387480704344725,3.04641618277584
Cntnap_het,OFT-0523-00,slow,142,3.3006460882221758,2.893258426966292,1.1573033707865168,2.636032894954828,3.153092276933377
Cntnap_het,OFT-0523-00,fast,143,3.242839916193056,4.7906026557711945,1.3174157303370786,2.20336141442912,2.9813172696710803
Cntnap_het,OFT-0523-00,medium,144,3.380389964132497,3.992964401974168,1.4241573033707866,2.5423642840042104,3.084845971614773
Cntnap_het,OFT-0529-00,medium,145,3.4171446268327634,3.6073329390892965,1.3707865168539326,2.616137321375012,3.1402814708839863
Cntnap_het,OFT-0529-00,fast,146,3.4304625253171173,4.11692415730337,1.3174157303370786,2.460639786382104,3.1486093096287306
Cntnap_het,OFT-0529-00,slow,147,3.301575717217915,3.009630818619583,1.2640449438202248,2.6308143266058255,3.0911712915721776
Cntnap_het,OFT-0534-00,fast,148,3.2573363234957524,4.941527172666819,1.2106741573033708,2.1254156001323765,2.9489514485831276
Cntnap_het,OFT-0534-00,medium,149,3.3183472342389444,4.323836276083467,1.2106741573033708,2.1436009786782435,2.9419546925381295
Cntnap_het,OFT-0534-00,slow,150,3.159605858201016,3.9501404494382024,1.2640449438202248,2.2996152052697387,2.929102108220445
Cntnap_het,OFT-0539-00,fast,151,3.3487008483876317,4.415730337078652,1.103932584269663,2.1765316876742817,3.0337790408866505
Cntnap_het,OFT-0539-00,slow,152,3.211215253190746,3.7732684890155967,1.2640449438202248,2.471007199664135,3.068146388488292
Cntnap_het,OFT-0539-00,medium,153,3.3141563383100903,4.183024231758495,1.1573033707865168,2.254531498227027,3.035735939014914
Cntnap_het,OFT-0542-00,fast,154,3.3404733598434055,4.473410960270606,1.3174157303370786,2.325316780262126,3.1283899291845954
Cntnap_het,OFT-0542-00,medium,155,3.4389812594196143,3.8613704700110776,1.3707865168539326,2.539458005826917,3.112282003522078
Cntnap_het,OFT-0542-00,slow,156,3.20898170842319,3.2132090983831185,1.3174157303370786,2.483146949453906,2.9810884158434763
Cntnap_het,OFT-0586-00,slow,157,3.2777767524919414,3.8795844816620733,1.3707865168539326,2.427862769216645,3.012003469321132
Cntnap_het,OFT-0586-00,medium,158,3.308139836226261,4.705056179775281,1.3174157303370786,2.127908917980704,2.8732821958158135
Cntnap_het,OFT-0586-00,fast,159,3.2890037881839915,5.378914654554148,1.2640449438202248,2.0726286593594283,2.877072296208051
Cntnap_het,OFT-0597-00,medium,160,3.3873660369976966,4.250833998485499,1.3174157303370786,2.350502767782573,3.004502280302748
Cntnap_het,OFT-0597-00,fast,161,3.215758848907854,4.732327047264258,1.2106741573033708,2.1136001369969173,2.8969046261661133
Cntnap_het,OFT-0597-00,slow,162,3.2491376100592704,3.6377276851141045,1.2640449438202248,2.457436060081727,3.025143657036303
Cntnap_het,OFT-0607-00,medium,163,3.4393485687052214,4.14440965186959,1.2640449438202248,2.3096224708990114,3.0694705013318355
Cntnap_het,OFT-0607-00,fast,164,3.380475393941353,4.862619204985365,1.1573033707865168,2.0942948503722896,2.9184090157445866
Cntnap_het,OFT-0607-00,slow,165,3.3004403439137464,3.7110302263016295,1.3174157303370786,2.4275927650657065,2.967116333612721
Cntnap_het,OFT-0611-00,fast,166,3.17848735245871,4.957038995373431,1.2640449438202248,2.0279167568510115,2.810792615059643
Cntnap_het,OFT-0611-00,medium,167,3.434885544606992,4.351703228107723,1.3707865168539326,2.368731240292414,3.0500402429276456
Cntnap_het,OFT-0611-00,slow,168,3.2760225979367728,3.788533563814463,1.4775280898876404,2.5555009024062754,3.02917360599965
Cntnap_het,OFT-0641-00,slow,169,3.27877185894503,3.818596319817619,1.3174157303370786,2.4608139087448517,3.0377766460741293
Cntnap_het,OFT-0641-00,medium,170,3.229021026230278,4.391385767790262,1.3174157303370786,2.248189645983362,2.9383223478321336
Cntnap_het,OFT-0641-00,fast,171,3.2275866611317023,4.966617814688162,1.3707865168539326,2.1111975327298427,2.864411801751046
Cntnap_het,OFT-0643-00,slow,172,3.278655449825417,4.249728162377672,1.3174157303370786,2.256035877612897,2.9387743174617356
Cntnap_het,OFT-0643-00,medium,173,3.3629160604713606,4.663418514467535,1.3174157303370786,2.2861938447615398,3.066354701072089
Cntnap_het,OFT-0643-00,fast,174,3.3025484594956893,5.378914654554148,1.2640449438202248,2.1220200651678374,2.930064406556544
Cntnap_het,OFT-0644-00,medium,175,3.18229510163062,4.386797608979559,1.3707865168539326,2.255169624921077,2.827447970334294
Cntnap_het,OFT-0644-00,fast,176,3.124201978081095,5.068858155939925,1.3174157303370786,2.1241847251821264,2.899606751279663
Cntnap_het,OFT-0644-00,slow,177,3.423602026252044,3.4668835008870493,1.3174157303370786,2.6692462021031123,3.1771056458468507
Cntnap_het,OFT-0645-00,slow,178,3.1441857483364855,4.069020866773676,1.4241573033707866,2.4385387868900845,2.9892224795907594
Cntnap_het,OFT-0645-00,fast,179,3.1369759271270476,5.066983578219533,1.3174157303370786,2.1084963757037722,2.8841467294002348
Cntnap_het,OFT-0645-00,medium,180,3.22478017380608,4.569288389513109,1.3707865168539326,2.249315594820786,2.9527986701910485
Cntnap_het,OFT-0652-00,medium,181,3.2950377893753164,4.608011172475084,1.3707865168539326,2.2804505243532884,3.0249061444090253
Cntnap_het,OFT-0652-00,fast,182,3.2936208086607244,5.190510930815388,1.2106741573033708,2.1170543396762502,2.957727082012738
Cntnap_het,OFT-0652-00,slow,183,3.271964081371349,4.03172504957039,1.3707865168539326,2.376784916891133,2.944873735288602
Cntnap_het,OFT-0653-00,slow,184,3.292248828106412,3.362983770287141,1.2106741573033708,2.539573386678882,3.061303382067281
Cntnap_het,OFT-0653-00,fast,185,3.3006123652278805,4.726850058117009,1.3707865168539326,2.2576149934524072,3.008670273460865
Cntnap_het,OFT-0653-00,medium,186,3.353576064928896,4.183326159840521,1.3174157303370786,2.335899245261597,2.99160681439711
Cntnap_het,OFT-0654-00,medium,187,3.392712796788866,4.989651094027203,1.2640449438202248,2.1873847774533584,2.979042806820301
Cntnap_het,OFT-0654-00,fast,188,3.2227377804835995,5.666304216503564,1.3174157303370786,2.099608743900432,2.9140484294752724
Cntnap_het,OFT-0654-00,slow,189,3.2161564029427456,4.28489811464483,1.2640449438202248,2.1699101422230886,2.8754192447325693
Cntnap_het,OFT-0656-00,fast,190,3.3314729143251425,4.636106956088171,1.3174157303370786,2.225174710770664,3.011067622378615
Cntnap_het,OFT-0656-00,slow,191,3.128078145451152,4.114986137458048,1.5842696629213484,2.494653703418439,3.0049636237278654
Cntnap_het,OFT-0656-00,medium,192,3.3762655567353734,4.0919000503102465,1.3707865168539326,2.4508006596638996,3.071398984399188
Cntnap_het,OFT-0662-00,fast,193,3.4654961438960603,4.337244580299554,1.3174157303370786,2.3050731996055527,3.055333054507358
Cntnap_het,OFT-0662-00,slow,194,2.971178227911587,3.60372704850644,1.4775280898876404,2.3337829490741675,2.834150334803248
Cntnap_het,OFT-0662-00,medium,195,3.307481474138997,3.8747521480502316,1.3174157303370786,2.38430491634078,2.9865731446123327
Cntnap_het,OFT-0664-00,fast,196,3.308980841291522,5.322294500295683,1.2640449438202248,2.137914306175878,2.9989852921138187
Cntnap_het,OFT-0664-00,medium,197,3.2537910745195906,4.49438202247191,1.3707865168539326,2.3210048335170153,3.0175721809376985
Cntnap_het,OFT-0664-00,slow,198,3.3294544314604266,3.9449135785237397,1.3707865168539326,2.470874786763026,3.0726051990637857
Cntnap_het,OFT-0665-00,fast,199,3.1545955877914738,4.86171132238548,1.2640449438202248,2.0617601346047465,2.858705463810913
Cntnap_het,OFT-0665-00,medium,200,3.4326918479615176,4.13322632423756,1.1573033707865168,2.2183013478776163,2.9910955382481883
Cntnap_het,OFT-0665-00,slow,201,3.2666438570751297,3.8744052653077663,1.2106741573033708,2.3420624842259112,2.997305103127971
Cntnap_het,OFT-0666-00,medium,202,3.3807119661123273,4.428288169200265,1.3174157303370786,2.3127605398027047,3.066458982403304
Cntnap_het,OFT-0666-00,fast,203,3.2559606369133083,5.080000131877408,1.2106741573033708,2.130571219706566,3.0251969041205733
Cntnap_het,OFT-0666-00,slow,204,3.3746751197157856,3.6874274735430435,1.2106741573033708,2.5148967144709022,3.1217969703549926
Cntnap_het,OFT-0675-00,fast,205,3.331606476960117,4.785075796405676,1.2640449438202248,2.1572378450136096,2.999046242847334
Cntnap_het,OFT-0675-00,medium,206,3.327604661500771,4.3587756683456025,1.2640449438202248,2.2406909174068557,2.9736158178262544
Cntnap_het,OFT-0675-00,slow,207,3.289719778834091,3.668709567585972,1.2106741573033708,2.4356559958381383,3.0090894284936684
Cntnap_het,OFT-0676-00,fast,208,3.167164104031316,5.263800683927699,1.2106741573033708,2.0740677658737674,2.8942536955032394
Cntnap_het,OFT-0676-00,medium,209,3.33784133420559,4.705056179775281,1.3174157303370786,2.243996273145778,3.032859664344422
Cntnap_het,OFT-0676-00,slow,210,3.3052479994585355,4.0775643349039505,1.2640449438202248,2.3306023081016893,2.994465605604413
Cntnap_het,OFT-0685-00,fast,211,3.4014964698748598,4.800170672735031,1.2640449438202248,2.1028637893380924,2.878745078712858
Cntnap_het,OFT-0685-00,medium,212,3.3634938555439375,4.32550709161159,1.3174157303370786,2.23457811040183,2.907193128084758
Cntnap_het,OFT-0685-00,slow,213,3.210974519195882,3.952247191011236,1.3174157303370786,2.4231177541435733,3.0379113604173646
Cntnap_het,OFT-0687-00,fast,214,3.2113313100117464,5.016051364365971,1.2640449438202248,2.0851602380804044,2.8987430831078678
Cntnap_het,OFT-0687-00,slow,215,3.3239518551825715,3.6115569823434988,1.2640449438202248,2.5343616249400918,3.1249348248517457
Cntnap_het,OFT-0687-00,medium,216,3.327345299529084,4.343128781331028,1.3174157303370786,2.2884756830290782,3.0225096854483895
Cntnap_hom,OFT-0364-00,fast,217,3.1394374828436304,6.852454169130692,1.1573033707865168,1.8521247174526576,2.6152965375647352
Cntnap_hom,OFT-0364-00,medium,218,3.1944490574207927,5.879278808466162,1.2640449438202248,2.0549820701731396,2.8204902981626896
Cntnap_hom,OFT-0364-00,slow,219,3.141191248287145,5.094924447888415,1.4775280898876404,2.237900969220208,2.9129010756845934
Cntnap_hom,OFT-0367-00,fast,220,3.191066086161045,5.991348024271985,1.3174157303370786,2.082265066072218,2.879982611439805
Cntnap_hom,OFT-0367-00,slow,221,3.2834509123084934,4.363276906905882,1.3707865168539326,2.397618530719312,3.001952142896297
Cntnap_hom,OFT-0367-00,medium,222,3.3671088416093786,4.9846782431052095,1.3707865168539326,2.2251069172653564,2.94837945352458
Cntnap_hom,OFT-0374-00,fast,223,3.1627737408523777,7.252716890771781,1.2640449438202248,1.8579835063024932,2.6356180475444915
Cntnap_hom,OFT-0374-00,slow,224,3.133174569286832,4.470015900840063,1.5308988764044944,2.426014853329345,2.89968804732062
Cntnap_hom,OFT-0374-00,medium,225,3.2027296871874924,5.166336197400308,1.3174157303370786,2.1441178520266724,2.9110803685789457
Cntnap_hom,OFT-0383-00,fast,226,3.263856812696587,5.978637813843806,1.2106741573033708,1.9941805319056352,2.8078478880791398
Cntnap_hom,OFT-0383-00,medium,227,3.3323843639288735,5.253605389923963,1.3174157303370786,2.1589528748205846,2.980759924932719
Cntnap_hom,OFT-0383-00,slow,228,3.2330550212654576,4.211358986384986,1.2106741573033708,2.237699007347596,2.9628135374486844
Cntnap_hom,OFT-0388-00,slow,229,3.0718084809726562,4.747191011235955,1.4241573033707866,2.1875010337213245,2.810346663427773
Cntnap_hom,OFT-0388-00,medium,230,2.952031627559466,5.269662921348314,1.3174157303370786,1.9970082438784165,2.7308659095072327
Cntnap_hom,OFT-0388-00,fast,231,3.054151088103047,6.515695586702189,1.2640449438202248,1.8862770087756688,2.6233432330024233
Cntnap_hom,OFT-0389-00,slow,232,3.099416748789358,4.747191011235955,1.4241573033707866,2.302382639115233,2.883222108576122
Cntnap_hom,OFT-0389-00,medium,233,3.065371919026466,5.91737036778561,1.3707865168539326,2.0491675997279226,2.784474054157903
Cntnap_hom,OFT-0389-00,fast,234,3.071270384424582,6.449208897041963,1.2640449438202248,1.9324242894642614,2.6903505732972905
Cntnap_hom,OFT-0390-00,slow,235,2.9987305890713807,4.474845822421222,1.2640449438202248,2.1126023915456056,2.776831433679057
Cntnap_hom,OFT-0390-00,medium,236,3.1096099314408545,6.060243844131007,1.4241573033707866,2.029036145395127,2.77784129901021
Cntnap_hom,OFT-0390-00,fast,237,3.1101977486542896,6.725967540574282,1.2106741573033708,1.8450812447901137,2.5824077106360863
Cntnap_hom,OFT-0400-00,fast,238,3.0858615256302597,6.698724052561416,1.3174157303370786,1.9609400977983455,2.7106496603073653
Cntnap_hom,OFT-0400-00,medium,239,2.9978907706982336,5.447072738024838,1.3707865168539326,1.9822287028061845,2.702977982007796
Cntnap_hom,OFT-0400-00,slow,240,3.0829013515303925,4.8180263800683925,1.4775280898876404,2.194523870594867,2.7518369241036114
Cntnap_hom,OFT-0401-00,fast,241,3.2785122785196914,5.893015441196224,1.2640449438202248,2.0438971454398036,2.8554698958173255
Cntnap_hom,OFT-0401-00,slow,242,3.142629821882784,4.3252424853548455,1.4775280898876404,2.391165754308277,2.942616685835529
Cntnap_hom,OFT-0401-00,medium,243,3.2808320985068344,4.940172187363198,1.3707865168539326,2.2463506447633823,2.9467121835887378
Cntnap_hom,OFT-0402-00,fast,244,3.3250554032370707,6.317038479577479,1.2106741573033708,1.9536154140702129,2.771247922085663
Cntnap_hom,OFT-0402-00,slow,245,3.256516533933936,4.66670775950125,1.3174157303370786,2.207317115705619,2.917813987067581
Cntnap_hom,OFT-0402-00,medium,246,3.2713318826045215,5.495847581827064,1.2640449438202248,2.0834945674563814,2.8155635780630353
Cntnap_hom,OFT-0404-00,fast,247,3.2608525104162944,5.916590748051422,1.3174157303370786,2.1193342246433886,2.9031102694866164
Cntnap_hom,OFT-0404-00,slow,248,3.321448687490316,4.320556965083967,1.3174157303370786,2.3268217586581836,2.910365623415566
Cntnap_hom,OFT-0404-00,medium,249,3.3467382121139355,5.100711338241529,1.3707865168539326,2.1931249132460184,2.940178428341914
Cntnap_hom,OFT-0405-00,fast,250,3.3442796272899447,5.48314606741573,1.3707865168539326,2.175169895164396,3.007550672469957
Cntnap_hom,OFT-0405-00,slow,251,3.186306722521043,4.329810740009938,1.4775280898876404,2.436256012065949,2.9225337696954936
Cntnap_hom,OFT-0405-00,medium,252,3.317685262478464,4.659934904174096,1.3707865168539326,2.25392711269696,2.9218701314043267
Cntnap_hom,OFT-0406-00,fast,253,3.3637767574312285,6.104935900871129,1.5308988764044944,2.1051816415065874,2.8987584304777063
Cntnap_hom,OFT-0406-00,medium,254,3.3434448358613564,5.1787538304392235,1.4241573033707866,2.305419037914251,3.1295678267171843
Cntnap_hom,OFT-0406-00,slow,255,3.184476379327408,4.538444591319673,1.1573033707865168,2.0294158231337502,2.7335324288044505
Cntnap_hom,OFT-0416-00,fast,256,3.313585122186708,5.874799357945426,1.3707865168539326,2.1125968606578107,2.943102471230412
Cntnap_hom,OFT-0416-00,medium,257,3.205557578237067,5.194542714068612,1.4241573033707866,2.246025035957469,2.9790310134485445
Cntnap_hom,OFT-0416-00,slow,258,3.236169076001181,4.402451481103166,1.2106741573033708,2.117110795573405,2.838191120745573
Cntnap_hom,OFT-0417-00,fast,259,3.2060441679123057,5.395622155280459,1.3174157303370786,2.147013405066023,2.956350451238685
Cntnap_hom,OFT-0417-00,medium,260,3.438640313493923,4.879317519766958,1.3174157303370786,2.179751000484755,2.9235583722794987
Cntnap_hom,OFT-0417-00,slow,261,3.180162612830635,4.250756266205705,1.3707865168539326,2.3929966244181538,2.9513911468428624
Cntnap_hom,OFT-0418-00,fast,262,3.3035622973006626,6.003525005507821,1.5308988764044944,2.1351316189915757,2.8861361838550463
Cntnap_hom,OFT-0418-00,slow,263,3.414911262810656,4.950842696629214,1.5842696629213484,2.3901966220747055,2.8498085460910274
Cntnap_hom,OFT-0418-00,medium,264,3.367411141307314,5.489232209737827,1.3174157303370786,2.1946380692325325,2.9749029920485337
Cntnap_hom,OFT-0422-00,slow,265,3.201461649246254,4.191779892840187,1.4775280898876404,2.434643338889212,2.9175932296586793
Cntnap_hom,OFT-0422-00,medium,266,3.2730221651846656,4.8009399308556615,1.2640449438202248,2.0801954461242267,2.845316857047244
Cntnap_hom,OFT-0422-00,fast,267,3.063262755124327,5.735119951412087,1.4241573033707866,1.984042997864136,2.715921112572854
Cntnap_hom,OFT-0433-00,medium,268,3.3060194560657687,4.504314449136125,1.3174157303370786,2.2240730689526242,2.9529327614714442
Cntnap_hom,OFT-0433-00,slow,269,3.315647321273305,3.9173323608808035,1.3707865168539326,2.503772749126443,3.020288467384333
Cntnap_hom,OFT-0433-00,fast,270,3.2234205564056064,5.303944453236272,1.2640449438202248,2.09242516473984,2.9111526078115584
Cntnap_hom,OFT-0445-00,fast,271,3.373798490385863,4.971380114479542,1.3174157303370786,2.1987344889850755,3.023324865741508
Cntnap_hom,OFT-0445-00,medium,272,3.4145330106709104,4.421891989851395,1.3707865168539326,2.360413531003418,3.0056959558550393
Cntnap_hom,OFT-0445-00,slow,273,3.270326539296352,3.9197547536732933,1.2640449438202248,2.421569146574557,3.040502684149581
Cntnap_hom,OFT-0449-00,fast,274,3.436213744304775,4.568581725673098,1.2106741573033708,2.1993513986650237,3.0494712945358837
Cntnap_hom,OFT-0449-00,medium,275,3.4474359301430364,4.345670852610707,1.4775280898876404,2.5542912264822117,3.1580412786139265
Cntnap_hom,OFT-0449-00,slow,276,3.1552577605087713,3.362983770287141,1.2106741573033708,2.53431087730125,3.032378543778133
Cntnap_hom,OFT-0517-00,fast,277,3.087536521125929,5.951162289509518,1.103932584269663,1.8656733843423714,2.6236882972994935
Cntnap_hom,OFT-0517-00,medium,278,3.2296130747621032,5.48314606741573,1.3707865168539326,2.1582637775412983,2.913891977522301
Cntnap_hom,OFT-0517-00,slow,279,3.1421465015427947,4.726850058117009,1.3707865168539326,2.176453753267653,2.855546081751018
Cntnap_hom,OFT-0518-00,slow,280,3.288138488014379,4.391385767790262,1.3174157303370786,2.344056705233604,3.0446880541687213
Cntnap_hom,OFT-0518-00,medium,281,3.3175138311217927,5.272255834053587,1.3707865168539326,2.233863598676063,3.020146707302871
Cntnap_hom,OFT-0518-00,fast,282,3.2612147331343775,5.833654622897848,1.3174157303370786,2.067784079240733,2.823803599819846
Cntnap_hom,OFT-0521-00,slow,283,3.219805430826551,4.5211342964151955,1.4241573033707866,2.3028426685217958,2.9177683039198787
Cntnap_hom,OFT-0521-00,medium,284,3.2160946187261072,5.375633399427186,1.3707865168539326,2.1578854630794466,2.9261015972029774
Cntnap_hom,OFT-0521-00,fast,285,3.0642624611320217,6.273408239700374,1.3174157303370786,2.001299858879728,2.791173558252567
Cntnap_hom,OFT-0522-00,fast,286,3.161827549785618,6.400227563646708,1.2640449438202248,1.9676208709152765,2.7470082199960553
Cntnap_hom,OFT-0522-00,medium,287,3.2556777793151914,5.478428554804604,1.4241573033707866,2.179415799537537,2.922075496771116
Cntnap_hom,OFT-0522-00,slow,288,3.165996495510293,4.5144462279293744,1.2640449438202248,2.20065239655475,2.889749053900996
Cntnap_hom,OFT-0533-00,fast,289,3.1321398480781437,6.320224719101124,1.2640449438202248,1.970583159283596,2.7618175042772224
Cntnap_hom,OFT-0533-00,medium,290,3.219734733967726,5.402245445959005,1.3707865168539326,2.1382460629784816,2.901582595716726
Cntnap_hom,OFT-0533-00,slow,291,3.0740958430671594,4.6467339554370595,1.3707865168539326,2.222142501420973,2.8467902396788403
Cntnap_hom,OFT-0535-00,fast,292,3.4303933285477135,5.044475655430712,1.2106741573033708,2.196556194158453,3.0472887822975907
Cntnap_hom,OFT-0535-00,slow,293,3.3539816248170853,3.77381533952125,1.1573033707865168,2.4116317461561314,3.0934048035803463
Cntnap_hom,OFT-0535-00,medium,294,3.3930649920973455,4.767953102100635,1.3707865168539326,2.303688668482517,3.0653604879168
Cntnap_hom,OFT-0540-00,fast,295,3.2667871279441343,5.2397052009730105,1.2640449438202248,2.0480392389170037,2.8726156990315768
Cntnap_hom,OFT-0540-00,medium,296,3.4027766071925667,4.6467339554370595,1.3707865168539326,2.349891396320678,3.105587003949282
Cntnap_hom,OFT-0540-00,slow,297,3.254679027335673,4.012841091492777,1.2640449438202248,2.3115967330537908,2.9204702879700335
Cntnap_hom,OFT-0541-00,medium,298,3.2345095742281766,5.094924447888415,1.4775280898876404,2.2468057673118236,2.953629115388177
Cntnap_hom,OFT-0541-00,fast,299,3.1175248050645603,5.659902733523396,1.2640449438202248,2.033717163311306,2.8087595381207837
Cntnap_hom,OFT-0541-00,slow,300,3.1822758673635803,4.208375893769152,1.1573033707865168,2.1213059732620705,2.7937496968669904
Cntnap_hom,OFT-0546-00,slow,301,3.132944287962465,4.315628192032687,1.4241573033707866,2.380836986717911,2.9045009614519826
Cntnap_hom,OFT-0546-00,fast,302,3.150150855372014,5.727894479726428,1.3174157303370786,2.065689976662944,2.815853458044646
Cntnap_hom,OFT-0546-00,medium,303,3.075100085614699,4.7906026557711945,1.3174157303370786,2.0324558509345203,2.722412968491332
Cntnap_hom,OFT-0548-00,slow,304,3.1348750892606128,5.163155174323444,1.4241573033707866,2.1638241791360366,2.855596230920122
Cntnap_hom,OFT-0548-00,medium,305,3.080481512420899,5.833134114272053,1.3707865168539326,2.034940877248954,2.81107174543307
Cntnap_hom,OFT-0548-00,fast,306,3.1103777764075513,6.400227563646708,1.2640449438202248,1.9223360295061414,2.7313109693197686
Cntnap_hom,OFT-0580-00,fast,307,3.2841738861399716,5.544056771141336,1.2640449438202248,2.11560550921272,2.989989792848879
Cntnap_hom,OFT-0580-00,slow,308,3.263331386919738,4.450491573033708,1.4241573033707866,2.3814468073986585,3.011017776728948
Cntnap_hom,OFT-0580-00,medium,309,3.440032516783888,4.852721691870125,1.3707865168539326,2.1688150743731667,2.90433552389445
Cntnap_hom,OFT-0581-00,fast,310,3.3167218603483044,5.172779308882765,1.3707865168539326,2.163084781364376,2.9643404416246333
Cntnap_hom,OFT-0581-00,medium,311,3.1223888480024105,4.910887253002712,1.4241573033707866,2.179620834294353,2.8781335705101587
Cntnap_hom,OFT-0581-00,slow,312,3.21868958309813,4.286308780690803,1.1573033707865168,2.077190027306977,2.7753946599563966
Cntnap_hom,OFT-0583-00,fast,313,3.05550737096865,6.4006565194669465,1.3707865168539326,2.039365930059491,2.7996590296227497
Cntnap_hom,OFT-0583-00,medium,314,3.1286309457604538,5.477528089887641,1.4241573033707866,2.078486422321698,2.7931942443120743
Cntnap_hom,OFT-0583-00,slow,315,3.0304631923611183,4.622511334516065,1.3174157303370786,2.165945125445685,2.7640436850003236
Cntnap_hom,OFT-0584-00,slow,316,3.2145001833505598,5.094924447888415,1.4775280898876404,2.268659793899587,2.972142136596278
Cntnap_hom,OFT-0584-00,medium,317,3.133527143150574,6.127515024823622,1.3174157303370786,2.0466964730519543,2.843907745714494
Cntnap_hom,OFT-0584-00,fast,318,3.1151427668005813,6.866416978776529,1.050561797752809,1.7511407416695388,2.4337546186677907
Cntnap_hom,OFT-0599-00,medium,319,3.146053898512501,5.833134114272053,1.3707865168539326,2.0460404305058333,2.842884119169709
Cntnap_hom,OFT-0599-00,fast,320,3.0910015715181043,7.02848147889672,1.1573033707865168,1.7879892174520917,2.557692827458341
Cntnap_hom,OFT-0599-00,slow,321,3.1498684791035205,4.606472184398969,1.4241573033707866,2.2357708807713927,2.864468009890373
Cntnap_hom,OFT-0605-00,fast,322,3.0126777602091304,7.817827799237515,1.4775280898876404,1.8560016818137683,2.6545264587950053
Cntnap_hom,OFT-0605-00,medium,323,3.031466257014793,5.140449438202247,1.3707865168539326,2.0673563582227628,2.8271409209224267
Cntnap_hom,OFT-0605-00,slow,324,3.2676302534529693,4.221508828250402,1.4775280898876404,2.4389327123809252,2.9756489204449643
Cntnap_hom,OFT-0613-00,fast,325,3.119570831853239,6.670233636525771,1.050561797752809,1.7927498396754231,2.576422027244674
Cntnap_hom,OFT-0613-00,slow,326,3.2176080025804694,4.6467339554370595,1.3707865168539326,2.248385806648485,2.9185916026029397
Cntnap_hom,OFT-0613-00,medium,327,3.175265781729228,5.288766156965448,1.3174157303370786,2.1017773907626136,2.8882699932490117
Cntnap_neg,OFT-0365-00,slow,328,3.3014180311358623,3.645275994292848,1.1573033707865168,2.357809272306637,3.0143360969521065
Cntnap_neg,OFT-0365-00,medium,329,3.2580970035256542,4.627209863187324,1.3707865168539326,2.265588429717654,2.975577860839094
Cntnap_neg,OFT-0365-00,fast,330,3.0894678611847013,4.880555164720308,1.2640449438202248,2.0671900346233683,2.8046103888834812
Cntnap_neg,OFT-0370-00,slow,331,3.305608905649241,4.0025096506604605,1.3707865168539326,2.45845659959346,3.019998376088078
Cntnap_neg,OFT-0370-00,medium,332,3.3355854523210966,4.625832119204168,1.3707865168539326,2.2544405804191032,2.9525378084078495
Cntnap_neg,OFT-0370-00,fast,333,3.3942201659218667,4.815409309791332,1.2640449438202248,2.177891225373829,2.9918530842973126
Cntnap_neg,OFT-0375-00,fast,334,3.374633782233099,4.568581725673098,1.2106741573033708,2.18184367406318,3.0515460792287223
Cntnap_neg,OFT-0375-00,medium,335,3.3413691472491127,4.37077509820042,1.3707865168539326,2.3802170948892964,3.106582020330295
Cntnap_neg,OFT-0375-00,slow,336,3.2671519360077386,4.03172504957039,1.3707865168539326,2.4651648628490928,3.1034233001766514
Cntnap_neg,OFT-0384-00,fast,337,3.2471454451140174,5.686980947728383,1.3174157303370786,2.0662998613014034,2.8787988950297536
Cntnap_neg,OFT-0384-00,medium,338,3.297712867156881,4.514446227929374,1.2640449438202248,2.151897860634856,2.9403742459391715
Cntnap_neg,OFT-0384-00,slow,339,3.3047590147419097,3.9325842696629216,1.3174157303370786,2.3923407194228217,3.0268106935851966
Cntnap_neg,OFT-0426-00,slow,340,3.1617427269386122,3.7177792465300734,1.2640449438202248,2.4031790364427468,2.963928270151944
Cntnap_neg,OFT-0426-00,fast,341,3.2500826467717165,4.681647940074906,1.2640449438202248,2.1622754024446333,2.9085278248691866
Cntnap_neg,OFT-0426-00,medium,342,3.183700267903558,4.258894363945858,1.4241573033707866,2.3808013665284333,2.9852118911113874
Cntnap_neg,OFT-0427-00,medium,343,3.3121703867548233,4.895666131621188,1.3707865168539326,2.258641552914877,3.0358448085852845
Cntnap_neg,OFT-0427-00,slow,344,3.3916979401819565,4.11692415730337,1.3174157303370786,2.4183413331939323,2.9775796232514993
Cntnap_neg,OFT-0427-00,fast,345,3.312077725201619,5.2668539325842705,1.2640449438202248,2.1269042406618492,2.932871626693028
Cntnap_neg,OFT-0429-00,fast,346,3.378070811917679,5.006609385327165,1.2640449438202248,2.183135707849059,3.030456073849793
Cntnap_neg,OFT-0429-00,medium,347,3.4284243997209027,4.569288389513109,1.3707865168539326,2.367471032072667,3.0913871320486903
Cntnap_neg,OFT-0429-00,slow,348,3.391654346820475,4.188697951090549,1.4241573033707866,2.4415567128718627,2.9946779569729953
Cntnap_neg,OFT-0435-00,slow,349,3.652825206821127,3.991715518645172,1.2106741573033708,2.328341610302984,3.091383458322102
Cntnap_neg,OFT-0435-00,medium,350,3.4502140218121693,4.287779212519513,1.1573033707865168,2.138206478467429,2.764511347266885
Cntnap_neg,OFT-0435-00,fast,351,3.4599952910149003,5.278961642774118,1.5308988764044944,2.1417602469153727,2.778919983045789
Cntnap_neg,OFT-0437-00,slow,352,3.1630959521909907,3.7048284239295475,1.3707865168539326,2.5663791706382475,3.0728999348257697
Cntnap_neg,OFT-0437-00,fast,353,3.3098649029348235,4.5144462279293744,1.2640449438202248,2.2670460435851583,3.0266366449629714
Cntnap_neg,OFT-0437-00,medium,354,3.252143372688351,4.053586862575627,1.3174157303370786,2.289167848965501,2.8912263456666296
Cntnap_neg,OFT-0440-00,medium,355,3.3575963173626415,3.992168879809329,1.3174157303370786,2.5042680808860007,3.151434528365671
Cntnap_neg,OFT-0440-00,fast,356,3.3812632556435367,4.8009399308556615,1.2640449438202248,2.223313473598134,3.0330815516895266
Cntnap_neg,OFT-0440-00,slow,357,3.2335804278226954,4.03558052434457,1.2106741573033708,2.2701778073285075,2.9270959075788126
Cntnap_neg,OFT-0441-00,slow,358,3.3648147500515107,3.9501404494382024,1.2640449438202248,2.3628244916697367,3.0156297814029567
Cntnap_neg,OFT-0441-00,fast,359,3.3914302180034923,5.056179775280899,1.2640449438202248,2.192869714138993,3.039766946118764
Cntnap_neg,OFT-0441-00,medium,360,3.4431012906982605,4.515886242675125,1.2640449438202248,2.2889990016542554,3.1144138578678704
Cntnap_neg,OFT-0451-00,fast,361,3.348886652528574,5.2174880409389255,1.3174157303370786,2.155346491774552,3.014616288920493
Cntnap_neg,OFT-0451-00,medium,362,3.49779998120339,4.76998092007632,1.2640449438202248,2.2377313629999307,3.041672742912165
Cntnap_neg,OFT-0451-00,slow,363,3.223552804761627,4.174738473459899,1.2106741573033708,2.178943328312733,2.9020649720117655
Cntnap_neg,OFT-0453-00,fast,364,3.3969419680131137,4.642747013427531,1.2106741573033708,2.0581620370270715,2.8393026233228356
Cntnap_neg,OFT-0455-00,fast,365,3.376723112728358,4.080924125741699,1.2106741573033708,2.305248637885523,3.143016873764782
Cntnap_neg,OFT-0455-00,medium,366,3.411016457775883,4.051684084469254,1.3707865168539326,2.5283056331261635,3.1514155120790717
Cntnap_neg,OFT-0455-00,slow,367,3.3368826932170785,3.1096692514638393,1.103932584269663,2.576281788551119,3.1208593220874543
Cntnap_neg,OFT-0495-00,medium,368,3.352041516174413,4.21780466724287,1.3707865168539326,2.410207757257972,3.0410361039792666
Cntnap_neg,OFT-0495-00,slow,369,3.2436801496172722,4.012537088379785,1.3174157303370786,2.40943562975764,3.0024867485185136
Cntnap_neg,OFT-0495-00,fast,370,3.2482428742366416,4.541641687133768,1.2640449438202248,2.139748506849999,2.894671133108564
Cntnap_neg,OFT-0497-00,fast,371,3.261613080936023,5.124883204170887,1.3707865168539326,2.1542403832847743,2.940029909852306
Cntnap_neg,OFT-0497-00,medium,372,3.2041059419922933,4.11692415730337,1.3174157303370786,2.2960419350232315,2.959780476607586
Cntnap_neg,OFT-0497-00,slow,373,3.1932627996060203,4.175972869279255,1.6910112359550562,2.578475938422156,3.082446163897548
Cntnap_neg,OFT-0504-00,fast,374,3.4145012467306075,4.321836891495216,1.2640449438202248,2.2431594236894625,3.027776099812111
Cntnap_neg,OFT-0504-00,medium,375,3.247391002094495,4.157716457369465,1.3707865168539326,2.2470613708020166,2.861123973518147
Cntnap_neg,OFT-0504-00,slow,376,3.2689711985654735,4.012506688068486,1.4241573033707866,2.5133453114623707,3.029117072640053
Cntnap_neg,OFT-0509-00,fast,377,3.3520484784267746,4.435397101092854,1.2640449438202248,2.2360826601380186,3.044217522754669
Cntnap_neg,OFT-0509-00,medium,378,3.290738749623614,4.283707865168539,1.3707865168539326,2.3690709277401307,3.036059541110306
Cntnap_neg,OFT-0509-00,slow,379,3.225771498281738,2.9674445404782483,1.1573033707865168,2.6034488923502175,3.1123147464125145
Cntnap_neg,OFT-0515-00,slow,380,3.197226579157481,4.595636268617716,1.3174157303370786,2.248184653820468,2.9463416317978868
Cntnap_neg,OFT-0515-00,medium,381,3.16304906995182,5.056179775280899,1.2640449438202248,2.1289621087615394,2.898732401957639
Cntnap_neg,OFT-0515-00,fast,382,3.1052702623883794,5.879278808466162,1.2640449438202248,2.0353321422833233,2.772690374299248
Cntnap_neg,OFT-0524-00,slow,383,3.1890668317490896,4.174738473459899,1.2106741573033708,2.256413496436643,2.9842272398776957
Cntnap_neg,OFT-0524-00,medium,384,3.2181498946978926,4.7906026557711945,1.3174157303370786,2.2166386403258573,2.9817483979562223
Cntnap_neg,OFT-0524-00,fast,385,3.188532048715806,5.269662921348314,1.3174157303370786,2.1463392221883524,2.9174934155370367
Cntnap_neg,OFT-0528-00,fast,386,3.2610932579097325,5.056179775280899,1.2640449438202248,2.148758924088832,2.985928761368438
Cntnap_neg,OFT-0528-00,medium,387,3.3306476411004957,4.3587756683456025,1.2640449438202248,2.3128606871891466,3.0568982772414643
Cntnap_neg,OFT-0528-00,slow,388,3.1909357076273253,4.012841091492777,1.2640449438202248,2.335358760799542,3.000145699862635
Cntnap_neg,OFT-0543-00,medium,389,3.1656916400917186,5.1787538304392235,1.4241573033707866,2.1753758735620012,2.8889908723578657
Cntnap_neg,OFT-0543-00,fast,390,3.170980162690472,5.895855986468527,1.3707865168539326,2.0863520646476728,2.9016361640387034
Cntnap_neg,OFT-0543-00,slow,391,3.1516005478284965,4.76621964479884,1.4775280898876404,2.288613020135885,2.856436662917755
Cntnap_neg,OFT-0547-00,slow,392,3.1825489270289307,4.188697951090549,1.4241573033707866,2.4342273906583825,2.9574120639356387
Cntnap_neg,OFT-0547-00,medium,393,3.1705286765673013,4.726850058117009,1.3707865168539326,2.14870624257892,2.8364459357887326
Cntnap_neg,OFT-0547-00,fast,394,3.173662837231085,5.191912119169617,1.3174157303370786,2.0861506266129606,2.8534283933709648
Cntnap_neg,OFT-0549-00,slow,395,2.9535199479499865,4.109980767284139,1.5308988764044944,2.4283501537316483,2.8779131414439103
Cntnap_neg,OFT-0549-00,fast,396,3.140985783150527,4.815409309791332,1.2640449438202248,2.112933956221892,2.8749753860642313
Cntnap_neg,OFT-0549-00,medium,397,3.279485812575164,4.421891989851395,1.3707865168539326,2.327768453068472,2.981027554884793
Cntnap_neg,OFT-0582-00,slow,398,3.2794898007798023,4.21815999723706,1.3174157303370786,2.3519872364445056,3.036846999286669
Cntnap_neg,OFT-0582-00,medium,399,3.3914302227785225,4.623934521503293,1.3174157303370786,2.257293552359952,3.0214808543431957
Cntnap_neg,OFT-0582-00,fast,400,3.3042447270729376,4.971380114479542,1.3174157303370786,2.1777236312677855,2.987005145348184
Cntnap_neg,OFT-0585-00,slow,401,3.1621633125063484,4.002501995456499,1.2106741573033708,2.264798116071542,2.9516175926775485
Cntnap_neg,OFT-0585-00,medium,402,3.1117734559635775,4.909375158879455,1.2640449438202248,2.0289559762793474,2.762352049539337
Cntnap_neg,OFT-0585-00,fast,403,3.087448052904845,5.713379853324305,1.2640449438202248,1.9545385846173433,2.6942182797091725
Cntnap_neg,OFT-0598-00,fast,404,3.1890635695005973,5.547013601419278,1.3174157303370786,2.0911143200736713,2.908399200661043
Cntnap_neg,OFT-0598-00,slow,405,3.1949904219577716,4.31939583717075,1.3174157303370786,2.3053180649286107,2.974273605272916
Cntnap_neg,OFT-0598-00,medium,406,3.1190220507546886,4.596527068437181,1.2640449438202248,2.051806894752833,2.8129068092524263
Cntnap_neg,OFT-0606-00,fast,407,3.463988100488187,4.86171132238548,1.2640449438202248,2.1466805056402687,2.9840503341179985
Cntnap_neg,OFT-0606-00,slow,408,3.279379288179051,3.9907012785741958,1.1573033707865168,2.252616426886757,2.9933340551434187
Cntnap_neg,OFT-0606-00,medium,409,3.3712231557414434,4.569224565924511,1.3174157303370786,2.2195997123789706,2.9671667875062595
Cntnap_neg,OFT-0612-00,fast,410,3.2817145604836013,5.263800683927699,1.2106741573033708,2.0375622598207124,2.8825420042653556
Cntnap_neg,OFT-0612-00,slow,411,3.149785449952289,4.389191085075748,1.2106741573033708,2.156304692703103,2.9179683568039168
Cntnap_neg,OFT-0612-00,medium,412,3.244616236242693,4.941527172666819,1.2106741573033708,2.0582066258248357,2.871466730317146
Cntnap_neg,OFT-0642-00,slow,413,3.1898872607697606,4.307658348482785,1.3174157303370786,2.289201324587528,2.9471654034351924
Cntnap_neg,OFT-0642-00,medium,414,3.271434058441306,4.997043169722058,1.4241573033707866,2.1919307329177227,2.8727767804318556
Cntnap_neg,OFT-0642-00,fast,415,3.2806827563484955,5.460937198347426,1.3174157303370786,2.1214509428828596,2.9047102635650517
Cntnap_neg,OFT-0646-00,slow,416,3.248298210948319,4.168364465891081,1.4241573033707866,2.4780544946479974,2.99934579062968
Cntnap_neg,OFT-0646-00,medium,417,3.3525122121299105,4.673135852911134,1.3707865168539326,2.2276508192148063,2.898239849794629
Cntnap_neg,OFT-0646-00,fast,418,3.275577578888248,5.066983578219534,1.3174157303370786,2.164039812195622,2.943019559898703
Cntnap_neg,OFT-0651-00,slow,419,3.0994294107234217,4.028681253696038,1.5308988764044944,2.4756745559327773,2.9311661786623318
Cntnap_neg,OFT-0651-00,medium,420,3.3956951646082216,4.31939583717075,1.3174157303370786,2.3238933923703646,2.97436546149641
Cntnap_neg,OFT-0651-00,fast,421,3.281912999664572,4.681647940074907,1.2640449438202248,2.165468319348569,2.968412162800686
Cntnap_neg,OFT-0655-00,slow,422,3.2298683688795666,4.31939583717075,1.3174157303370786,2.2631725018800433,2.921176690165086
Cntnap_neg,OFT-0655-00,medium,423,3.32155592556726,5.066983578219533,1.3174157303370786,2.1869122665723277,2.9754100309721996
Cntnap_neg,OFT-0655-00,fast,424,3.314037831653797,5.436752446538601,1.2640449438202248,2.109431739160099,2.9284160243910207
Cntnap_neg,OFT-0663-00,fast,425,3.403496285614962,4.937675561797753,1.2640449438202248,2.137066219226292,2.965434792483588
Cntnap_neg,OFT-0663-00,medium,426,3.4197466714947464,4.308503523331398,1.2106741573033708,2.2499171465447256,3.028572147393461
Cntnap_neg,OFT-0663-00,slow,427,3.2801310312418397,4.03172504957039,1.3707865168539326,2.4791236145434152,3.081713843925595
Cntnap_neg,OFT-0667-00,medium,428,3.364626901280741,4.467099315510783,1.3174157303370786,2.2882028825080982,3.0257166526436348
Cntnap_neg,OFT-0667-00,fast,429,3.35081479942982,5.2003252513305736,1.3174157303370786,2.1921723494006744,2.982956321905391
Cntnap_neg,OFT-0667-00,slow,430,3.2966663642217706,3.9501404494382024,1.2640449438202248,2.394288361988718,2.9877826018581657
Cntnap_neg,OFT-0677-00,fast,431,3.3576360334700546,4.86171132238548,1.2640449438202248,2.1560119621386074,2.9898686014916187
Cntnap_neg,OFT-0677-00,medium,432,3.2920971640710923,4.542812863231306,1.3174157303370786,2.2298477409312687,2.980820777326678
Cntnap_neg,OFT-0677-00,slow,433,3.2384039970196636,4.283707865168539,1.3707865168539326,2.4247365372448844,3.0297722472216324
Cntnap_neg,OFT-0686-00,fast,434,3.3671147960738046,4.86171132238548,1.2640449438202248,2.188109946686097,3.0216852542164077
Cntnap_neg,OFT-0686-00,medium,435,3.405317585372448,4.4352454169130695,1.2640449438202248,2.2372541312311376,3.0308075506255183
Cntnap_neg,OFT-0686-00,slow,436,3.1857850991724534,3.6139527083682714,1.2106741573033708,2.410516288673775,3.0005656182264535
Cntnap_neg,OFT-0688-00,slow,437,3.1010611155020062,4.0919000503102465,1.3707865168539326,2.3657026997892765,2.859262225579427
Cntnap_neg,OFT-0688-00,medium,438,3.233569072763821,4.49438202247191,1.3707865168539326,2.222946626139986,2.9216250022702037
Cntnap_neg,OFT-0688-00,fast,439,3.282015970807829,5.107252298263535,1.2640449438202248,2.151153959827359,2.9331036839380964
Cntnap_neg,OFT-0689-00,medium,440,3.336490786212777,4.5949585490047555,1.3707865168539326,2.2996947558288205,2.9954913126958194
Cntnap_neg,OFT-0689-00,slow,441,3.293202928991441,4.194243496998615,1.5308988764044944,2.5404557068177422,3.0637260306288994
Cntnap_neg,OFT-0689-00,fast,442,3.3801292447233457,4.957038995373431,1.2640449438202248,2.181223115658516,2.9537259975206074
Cntnap_neg,OFT-0690-00,slow,443,3.2601599706075493,4.069020866773676,1.4241573033707866,2.4298079367786705,2.9197617082001366
Cntnap_neg,OFT-0690-00,medium,444,3.365963167033375,4.421891989851395,1.3707865168539326,2.3377080551760643,3.0063348990220145
Cntnap_neg,OFT-0690-00,fast,445,3.347949387907243,4.761743603627996,1.3174157303370786,2.200312540613519,2.9381053467994525
Cntnap_neg,OFT-0691-00,slow,446,3.0094207439716416,4.351703228107723,1.3707865168539326,2.0988393108070054,2.7007143297063765
Cntnap_neg,OFT-0691-00,fast,447,3.126384657798038,5.693896143334346,1.2640449438202248,1.9906878199094882,2.7706966921057963
Cntnap_neg,OFT-0691-00,medium,448,3.237673636356199,4.729195926966292,1.2106741573033708,2.132959083903794,2.928076033366844
Cntnap_neg,OFT-0692-00,slow,449,3.2153113050192603,4.0919000503102465,1.3707865168539326,2.443344167636188,3.048220238399847
Cntnap_neg,OFT-0692-00,fast,450,3.3049081345720057,4.891612756781297,1.2106741573033708,2.1473996017685417,2.9268263454342267
Cntnap_neg,OFT-0692-00,medium,451,3.3526790147284613,4.625832119204168,1.3707865168539326,2.3074760021858833,3.014514827402707
Cntnap_neg,OFT-0695-00,medium,452,3.1449783658818475,4.726850058117009,1.3707865168539326,2.186330833988215,2.915083477748049
Cntnap_neg,OFT-0695-00,fast,453,3.1921609112573766,5.586284861932772,1.3174157303370786,2.0987137262297844,2.9084021399020075
Cntnap_neg,OFT-0695-00,slow,454,3.146640285491553,3.7251512532411413,1.2106741573033708,2.403152486708889,3.0221363638796452
Cntnap_neg,OFT-0696-00,fast,455,3.3516544403138435,5.006118589387029,1.2640449438202248,2.1746537858386694,3.021865206179386
Cntnap_neg,OFT-0696-00,slow,456,3.2631883008582454,3.9501404494382024,1.2640449438202248,2.287623932996143,2.898011625045748
Cntnap_neg,OFT-0696-00,medium,457,3.358792593521277,4.18227215980025,1.3174157303370786,2.3356426302893256,3.0090505289816245
Cntnap_neg,OFT-0697-00,medium,458,3.255430873061635,4.622511334516065,1.3174157303370786,2.2582817590979056,2.9693246054517743
Cntnap_neg,OFT-0697-00,fast,459,3.3100628901356215,5.006609385327165,1.2640449438202248,2.1737791626834193,2.9541342753224655
Cntnap_neg,OFT-0697-00,slow,460,3.2664940029347544,4.251215830957572,1.4241573033707866,2.422567175534151,2.9879059871821285
Cntnap_neg,OFT-0698-00,fast,461,3.173405205727495,4.908912403185339,1.2640449438202248,2.0540138931538117,2.8527823936263808
Cntnap_neg,OFT-0698-00,medium,462,3.459157830859565,4.14440965186959,1.2640449438202248,2.3725968134869517,3.083439649388055
Cntnap_neg,OFT-0698-00,slow,463,3.390397979142256,3.875693357986062,1.5308988764044944,2.5987357779670153,3.091531392647242
Cntnap_neg,OFT-0699-00,fast,464,3.212869532899223,5.159367117633571,1.2640449438202248,2.0891826633283745,2.9243086039564763
Cntnap_neg,OFT-0699-00,medium,465,3.264517732350389,4.6467339554370595,1.3707865168539326,2.202995525242587,2.8925671668642208
Cntnap_neg,OFT-0699-00,slow,466,3.2979104569304134,3.9325842696629216,1.3174157303370786,2.426214726658667,2.988736725069613
Cntnap_neg,OFT-0700-00,fast,467,3.3619906633199585,4.6245546725130176,1.2640449438202248,2.221067852679421,3.040185097362989
Cntnap_neg,OFT-0700-00,slow,468,3.3361071746559046,3.5774856900572396,1.2640449438202248,2.493754867585341,3.0677720956790226
Cntnap_neg,OFT-0700-00,medium,469,3.351246083013102,4.188697951090549,1.4241573033707866,2.4108344706008,3.031830958176479
Cntnap_neg,OFT-0701-00,fast,470,3.3651147211470573,5.269662921348314,1.3174157303370786,2.1518586052566255,2.976214541571603
Cntnap_neg,OFT-0701-00,medium,471,3.413044822923268,4.684237347121408,1.3174157303370786,2.2516529306136137,2.9789394219294287
Cntnap_neg,OFT-0701-00,slow,472,3.354750649596139,4.11692415730337,1.3174157303370786,2.3972487361243284,3.0021664358947073
Cntnap_neg,OFT-0703-00,fast,473,3.292250882799106,5.056179775280899,1.2640449438202248,2.1362216297842003,2.9753756704972654
Cntnap_neg,OFT-0703-00,slow,474,3.2193240102127936,4.0919000503102465,1.3707865168539326,2.453106588836911,3.054295390100945
Cntnap_neg,OFT-0703-00,medium,475,3.374239096449399,4.636106956088171,1.3174157303370786,2.2404046799653146,3.020743986716549
Cntnap_neg,OFT-0704-00,fast,476,3.196281099419896,5.066983578219533,1.3174157303370786,2.1257038768680045,2.9357271003170284
Cntnap_neg,OFT-0704-00,slow,477,3.0942274137822996,3.8211933359163113,1.4775280898876404,2.3890216031609515,2.8919529675503397
Cntnap_neg,OFT-0704-00,medium,478,3.27516581659791,4.391385767790261,1.3174157303370786,2.2312294006522353,2.9085984038548984
Cntnap_neg,OFT-0705-00,fast,479,3.312525330100473,5.377207062600321,1.3174157303370786,2.1703249791251307,3.0120464164209504
Cntnap_neg,OFT-0705-00,medium,480,3.2657613466714928,4.659934904174096,1.3707865168539326,2.245165191227247,2.9865315595037107
Cntnap_neg,OFT-0705-00,slow,481,3.197833365716089,3.889369057908384,1.2640449438202248,2.396307731107765,3.037519782239471
Cntnap_neg,OFT-0706-00,fast,482,3.233326715809044,4.76998092007632,1.2640449438202248,2.1826628957224496,3.02692623154755
Cntnap_neg,OFT-0706-00,medium,483,3.368504098882383,4.190332139770343,1.2640449438202248,2.259429856211756,2.9862627688729817
Cntnap_neg,OFT-0706-00,slow,484,3.2204155891666697,3.7731245034615823,1.3707865168539326,2.4634783242991256,3.0118506057568326
Cntnap_neg,OFT-0707-00,fast,485,3.1046206941313548,5.263800683927699,1.2106741573033708,2.0604945063439732,2.892076914215593
Cntnap_neg,OFT-0707-00,slow,486,3.1400335797382026,4.477357848144365,1.4775280898876404,2.3462079707612595,2.955854223691205
Cntnap_neg,OFT-0707-00,medium,487,3.2880004939558494,4.49438202247191,1.3707865168539326,2.2331547910970526,2.9189289951321187
Cntnap_neg,OFT-0709-00,fast,488,3.153497639332704,5.18596179349766,1.2640449438202248,2.0399352709064784,2.8444130302568214
Cntnap_neg,OFT-0709-00,slow,489,3.2120380881602317,4.28342201149513,1.4241573033707866,2.3800140690335874,2.9039399694662036
Cntnap_neg,OFT-0709-00,medium,490,3.331565501478235,4.671921981326158,1.3174157303370786,2.2557364323712625,3.0391846176489237
Cntnap_neg,OFT-0710-00,fast,491,3.3392397474942586,4.842696629213483,1.2106741573033708,2.193590170627849,3.0131585414859803
Cntnap_neg,OFT-0710-00,medium,492,3.3402690661170387,4.117939310555682,1.2106741573033708,2.3020943435110905,3.0468036022449723
Cntnap_neg,OFT-0710-00,slow,493,3.305969913687931,3.9325842696629216,1.3174157303370786,2.425302020384445,3.0091207083357037
Cntnap_neg,OFT-0711-00,fast,494,3.235566057851571,5.727894479726428,1.3174157303370786,2.0772040538959233,2.88869211410356
Cntnap_neg,OFT-0711-00,medium,495,3.247714155941189,4.838560316088406,1.2640449438202248,2.1792753659259487,2.964319351172689
Cntnap_neg,OFT-0711-00,slow,496,3.294804400132499,4.03172504957039,1.3707865168539326,2.4951774324878024,3.083886593149196
TSC_het,OFT-0361-00,slow,497,3.236053420745,3.931357926485698,1.4775280898876404,2.5453404588899873,3.0443129944675316
TSC_het,OFT-0361-00,fast,498,3.2615798641969347,4.391385767790262,1.3174157303370786,2.1889287514067934,2.868347878553853
TSC_het,OFT-0361-00,medium,499,3.310196296904225,3.9637430636453597,1.3707865168539326,2.481202895798826,3.0486655352327925
TSC_het,OFT-0373-00,fast,500,3.529195988765343,4.49438202247191,1.3707865168539326,2.356635807209354,3.0788821596831544
TSC_het,OFT-0373-00,medium,501,3.2740393424895355,3.852348576389556,1.3707865168539326,2.3068182411603795,2.8699211662310433
TSC_het,OFT-0373-00,slow,502,3.322366976554638,3.2935393258426964,1.3174157303370786,2.6439449030067155,3.0851024874859454
TSC_het,OFT-0378-00,fast,503,3.4580934837297232,4.31939583717075,1.3174157303370786,2.3610285796070225,3.1070783516656935
TSC_het,OFT-0378-00,slow,504,3.23911551699247,3.57009405899487,1.2106741573033708,2.4329693391457656,2.9774170080994002
TSC_het,OFT-0378-00,medium,505,3.3836722738792084,3.8755902947402703,1.3174157303370786,2.519159346828642,3.0919991286049826
TSC_het,OFT-0387-00,fast,506,3.4212861156394156,5.066983578219533,1.3174157303370786,2.1528825119192145,2.9755530288916505
TSC_het,OFT-0387-00,medium,507,3.4831664692250714,4.504314449136125,1.3174157303370786,2.2719893041650314,3.0269333552996867
TSC_het,OFT-0387-00,slow,508,3.158152181326477,3.66389838788471,1.2640449438202248,2.4169355109057755,3.000100883679336
TSC_het,OFT-0392-00,fast,509,3.378011234998994,4.249728162377672,1.3174157303370786,2.2701109993949657,2.928826020379458
TSC_het,OFT-0392-00,slow,510,3.3164784605377573,3.755579498229952,1.3707865168539326,2.4294849948411175,2.931194084655478
TSC_het,OFT-0392-00,medium,511,3.4871037490583467,3.495630461922597,0.9438202247191011,2.2170345889292538,2.9455743202651643
TSC_het,OFT-0393-00,slow,512,3.196248634813164,4.249728162377672,1.3174157303370786,2.131932647014026,2.791914675332055
TSC_het,OFT-0393-00,fast,513,3.1769836501457163,5.0187265917602994,1.3174157303370786,2.0317750051813306,2.800471823716456
TSC_het,OFT-0393-00,medium,514,3.2808453895993774,4.729195926966292,1.2106741573033708,2.044356315192098,2.8260639470186883
TSC_het,OFT-0396-00,fast,515,3.4756183054534557,3.728535085859656,1.3174157303370786,2.487117281083791,3.1264301889908226
TSC_het,OFT-0396-00,slow,516,4.164992146519536,2.562726979495176,1.050561797752809,2.615869096262099,3.1580848996006763
TSC_het,OFT-0396-00,medium,517,3.6907869838712504,3.51191340748818,1.2640449438202248,2.5754840494921365,3.153846014436975
TSC_het,OFT-0397-00,medium,518,3.4561078401591323,4.11692415730337,1.3174157303370786,2.394197040474047,3.0743890352193186
TSC_het,OFT-0397-00,fast,519,3.4790742434715516,4.208375893769152,1.1573033707865168,2.152372200297729,2.9508204474491557
TSC_het,OFT-0397-00,slow,520,3.195327569001548,3.7151929653150955,1.4241573033707866,2.4442514292935975,2.956544414618159
TSC_het,OFT-0408-00,slow,521,3.381172564588405,3.517924023542001,1.4775280898876404,2.517536476107418,3.056783376625975
TSC_het,OFT-0408-00,fast,522,3.4079662961216726,4.14440965186959,1.2640449438202248,2.2983052850829697,2.9619874502192562
TSC_het,OFT-0408-00,medium,523,3.3131277057397432,3.570118782267979,1.3707865168539326,2.593896447137695,3.1010571622111054
TSC_het,OFT-0409-00,fast,524,3.390113281932724,4.622511334516065,1.3174157303370786,2.2339363242993966,3.0757856529946594
TSC_het,OFT-0409-00,slow,525,3.3887696442479993,3.889369057908384,1.2640449438202248,2.3788961895179765,3.0137951425293146
TSC_het,OFT-0409-00,medium,526,3.373009546652989,4.343128781331028,1.3174157303370786,2.2938231084226754,3.006712995913569
TSC_het,OFT-0413-00,fast,527,3.5624115710833677,4.428600901415604,1.3174157303370786,2.3095215579399655,3.097294910156006
TSC_het,OFT-0413-00,medium,528,3.4659196884611823,4.11692415730337,1.3174157303370786,2.399848859387996,3.0845456988174664
TSC_het,OFT-0413-00,slow,529,3.242237171561001,3.0714915061386736,1.2106741573033708,2.574039653676054,3.1098594023116926
TSC_het,OFT-0459-00,slow,530,3.3675172760483156,3.3580183861082737,1.4775280898876404,2.6902536858724266,3.180941928090025
TSC_het,OFT-0459-00,fast,531,3.535500623972885,3.7069085469788154,1.2640449438202248,2.5373585711172177,3.138386626096946
TSC_het,OFT-0459-00,medium,532,3.4024505263570606,3.4269662921348316,1.3707865168539326,2.5956523945078795,3.070196336091756
TSC_het,OFT-0462-00,slow,533,3.241971015970917,3.5608063450099143,1.2106741573033708,2.4446800888495663,3.0144109961621917
TSC_het,OFT-0462-00,fast,534,3.3605167103798976,4.622511334516065,1.3174157303370786,2.221347146223856,2.9479349994655055
TSC_het,OFT-0462-00,medium,535,3.2888444981895266,3.9732942517505294,1.3707865168539326,2.401277999118853,2.9954949477007546
TSC_het,OFT-0467-00,slow,536,3.3692022628295835,2.6284109149277692,1.103932584269663,2.6395984070242977,3.1816225855067235
TSC_het,OFT-0467-00,fast,537,3.3875832184572183,4.450491573033708,1.4241573033707866,2.3933711559161757,3.1021850219957385
TSC_het,OFT-0467-00,medium,538,3.437327382389877,3.5736735174937424,1.2640449438202248,2.477629570043859,3.0812716587656093
TSC_het,OFT-0470-00,medium,539,3.5614752881820704,3.2832336203122723,1.2640449438202248,2.594485261597934,3.1075441904909002
TSC_het,OFT-0470-00,fast,540,3.279729037428063,3.7771434868072618,1.3707865168539326,2.369368090865591,2.898774087103343
TSC_het,OFT-0470-00,slow,541,3.6119907744947386,2.6604675190494635,1.1573033707865168,2.6336961033261246,3.178809863116549
TSC_het,OFT-0475-00,slow,542,3.5716283030214515,2.1773886057376735,1.050561797752809,2.7827716033829923,3.241431297628498
TSC_het,OFT-0475-00,fast,543,3.506191848110484,3.0266853932584272,1.2106741573033708,2.629726381111441,3.1601998742371187
TSC_het,OFT-0475-00,medium,544,3.539082534827337,2.6914031878756206,1.1573033707865168,2.6874265966742557,3.172200150103292
TSC_het,OFT-0480-00,fast,545,3.4053358000428227,4.207044961459086,1.3707865168539326,2.352079871364222,3.0276522493434674
TSC_het,OFT-0480-00,slow,546,3.4156635449649695,3.252878346511305,1.3174157303370786,2.643925506392558,3.157809989096282
TSC_het,OFT-0480-00,medium,547,3.4478005136704555,3.764044943820225,1.3174157303370786,2.461859273797685,3.069261524277621
TSC_het,OFT-0485-00,fast,548,3.4783228776986737,4.11098699338677,1.2640449438202248,2.331021389590842,3.0665821866000864
TSC_het,OFT-0485-00,medium,549,3.515537779503676,3.655430711610487,1.3707865168539326,2.6181168078077635,3.2003569763279165
TSC_het,OFT-0485-00,slow,550,3.274950692554511,2.690387016229713,1.2106741573033708,2.6229945889636403,3.1090182628315075
TSC_het,OFT-0489-00,medium,551,3.517879990850363,2.939639404233081,1.2640449438202248,2.708155469825311,3.211399247696229
TSC_het,OFT-0489-00,fast,552,3.388763652778938,3.0649978665908124,1.2106741573033708,2.5678342309899214,3.142075226476725
TSC_het,OFT-0489-00,slow,553,3.556930306673984,2.4531835205992514,1.103932584269663,2.7324975009248105,3.2130015034725816
TSC_het,OFT-0513-00,slow,554,3.43420592418081,2.55253056774461,1.103932584269663,2.718433501434866,3.2223214359639325
TSC_het,OFT-0513-00,fast,555,3.4771945468562455,3.560583054965077,1.3174157303370786,2.4795660268705624,3.036521060725275
TSC_het,OFT-0513-00,medium,556,3.368004736297582,3.435576760205522,1.3707865168539326,2.5656806105099634,3.0722719531960174
TSC_het,OFT-0514-00,slow,557,3.3387304371294872,3.083036448342012,1.2640449438202248,2.6677748950286237,3.1438469083304876
TSC_het,OFT-0514-00,medium,558,3.369388916804519,3.8433266827680352,1.3707865168539326,2.3940672657885207,2.986521673156876
TSC_het,OFT-0514-00,fast,559,3.415048482481041,4.14440965186959,1.2640449438202248,2.267060251585736,2.9824290013712864
TSC_het,OFT-0525-00,slow,560,3.338810461588175,2.7554842161583735,1.1573033707865168,2.5749374316966582,3.1049486293297517
TSC_het,OFT-0525-00,medium,561,3.3249005871062725,4.153898535921008,1.3707865168539326,2.3136312621666515,2.9661116829841556
TSC_het,OFT-0525-00,fast,562,3.0721975448290757,4.465816035040945,1.3174157303370786,2.0136551659293724,2.761740305147776
TSC_het,OFT-0526-00,medium,563,3.3708658513233236,3.2935393258426964,1.3174157303370786,2.611330939087763,3.136205497381311
TSC_het,OFT-0526-00,fast,564,3.4208373100066605,3.747782377291544,1.4241573033707866,2.554210105071326,3.0823307511964058
TSC_het,OFT-0526-00,slow,565,3.3005200807737927,2.6759353534625423,1.1573033707865168,2.636975717968211,3.0877767760998025
TSC_het,OFT-0531-00,medium,566,3.191006648387184,3.6516853932584277,1.4241573033707866,2.295204392486032,2.8019620196129025
TSC_het,OFT-0531-00,fast,567,3.391065622484039,4.094139799679983,1.2640449438202248,2.321216291631263,3.0498663566452096
TSC_het,OFT-0531-00,slow,568,3.2729248921851846,2.5089376915219614,1.103932584269663,2.513127731743041,3.038234804562928
TSC_het,OFT-0532-00,medium,569,3.4220307509923016,3.225380039656312,1.3707865168539326,2.6411814465572947,3.162194491631954
TSC_het,OFT-0532-00,slow,570,3.387087238357599,2.5089376915219614,1.103932584269663,2.6046695042735353,3.1489116599415645
TSC_het,OFT-0532-00,fast,571,3.4994137618904464,3.625972277200924,1.4775280898876404,2.642866793019994,3.1612140081949955
TSC_het,OFT-0536-00,medium,572,3.392373724563791,3.560583054965077,1.3174157303370786,2.4994179819163187,3.0657765058060487
TSC_het,OFT-0536-00,fast,573,3.2813490434637083,3.9814907704654896,1.2640449438202248,2.2865525066346466,3.0125566161876347
TSC_het,OFT-0536-00,slow,574,3.397487140865792,2.7720835186653514,1.1573033707865168,2.5973140654085336,3.1398489336690982
TSC_het,OFT-0537-00,medium,575,3.3255796110573903,3.4891853932584276,1.4241573033707866,2.4258207146300683,2.9047629306181557
TSC_het,OFT-0537-00,fast,576,3.595725913537495,3.827247191011236,1.5308988764044944,2.5671322201956035,3.158790873074112
TSC_het,OFT-0537-00,slow,577,3.434366546661045,2.5874999228441102,1.103932584269663,2.7026711858418295,3.1894857363635505
TSC_het,OFT-0544-00,medium,578,3.353189454581922,4.251215830957572,1.4241573033707866,2.450946889756552,3.029708667185296
TSC_het,OFT-0544-00,fast,579,3.3715937389456943,4.4352454169130695,1.2640449438202248,2.2891461279229186,3.0676479127789626
TSC_het,OFT-0544-00,slow,580,3.3435231087187893,3.2600094951732865,1.1573033707865168,2.563084707507415,3.102340910916587
TSC_het,OFT-0588-00,slow,581,3.3841298734744836,3.3352296970558952,1.3174157303370786,2.5971811651525254,3.1523220728262094
TSC_het,OFT-0588-00,medium,582,3.4115639623129566,3.9353623904185704,1.3707865168539326,2.419020139654075,2.988576338816633
TSC_het,OFT-0588-00,fast,583,3.4007824618066835,4.2608256533266005,1.2640449438202248,2.2354753432560663,2.957377633188764
TSC_het,OFT-0589-00,slow,584,3.2536137301239507,3.3433817484242256,1.3707865168539326,2.5810760670491693,3.056360985689368
TSC_het,OFT-0589-00,medium,585,3.241607944965191,3.9606741573033712,1.5842696629213484,2.430942912013243,2.9350416219959667
TSC_het,OFT-0589-00,fast,586,3.407092722366412,4.3456708526107075,1.4775280898876404,2.3460525997892288,2.9331904473733714
TSC_het,OFT-0591-00,slow,587,3.321573781028682,2.3876404494382024,1.050561797752809,2.585399473256527,3.1041447675288016
TSC_het,OFT-0591-00,fast,588,3.3073247914084214,3.5606899825921823,1.2640449438202248,2.445843093040155,2.977026498381872
TSC_het,OFT-0591-00,medium,589,3.457705462422214,3.046192259675406,1.3707865168539326,2.6642484993967095,3.1660038112128994
TSC_het,OFT-0592-00,fast,590,3.441643365495765,3.66389838788471,1.2640449438202248,2.49043197419744,3.0749916279490295
TSC_het,OFT-0592-00,medium,591,3.6124129055212313,3.009630818619583,1.2640449438202248,2.7533404785553723,3.224208793810287
TSC_het,OFT-0592-00,slow,592,3.522403534823186,2.33458177278402,1.050561797752809,2.708477705498154,3.187959684903433
TSC_het,OFT-0594-00,medium,593,3.4430389703838657,3.5604844593608638,1.3707865168539326,2.4667598369275834,3.0501838026876267
TSC_het,OFT-0594-00,slow,594,3.203373227472874,2.4350531362782575,1.2106741573033708,2.543232126423951,3.0147599288653315
TSC_het,OFT-0594-00,fast,595,3.4836750685405327,4.102129800436022,1.3707865168539326,2.4215623655476497,3.07894248452937
TSC_het,OFT-0595-00,fast,596,3.4242495535024333,3.9423511558827333,1.4241573033707866,2.481443063353005,3.022912930067952
TSC_het,OFT-0595-00,medium,597,3.4222855103340666,3.5604844593608638,1.3707865168539326,2.4923420227964943,2.9708647687189367
TSC_het,OFT-0595-00,slow,598,3.40186543827495,2.522237827715356,1.2106741573033708,2.6333915807857435,3.126572076847067
TSC_het,OFT-0601-00,medium,599,3.3786646655277948,3.6961303061604514,1.4775280898876404,2.5056972991155373,3.0605582213316644
TSC_het,OFT-0601-00,fast,600,3.475960455405822,4.428600901415604,1.3174157303370786,2.2697667057610493,3.043137026200229
TSC_het,OFT-0601-00,slow,601,3.42126388738258,3.3035795847525087,1.3707865168539326,2.5193090712273376,3.0219114665730062
TSC_het,OFT-0602-00,fast,602,3.432769022040923,4.357772098709308,1.3174157303370786,2.090150521005908,2.8443040412509406
TSC_het,OFT-0602-00,medium,603,3.3371500650239962,3.788533563814463,1.4775280898876404,2.363745267621029,2.8865740571440957
TSC_het,OFT-0602-00,slow,604,3.359799911139904,3.473554398465333,1.4241573033707866,2.519868253064868,3.0626024037096586
TSC_het,OFT-0604-00,medium,605,3.1871153274460258,3.1242834212336623,1.5308988764044944,2.61002322035316,3.0288586822994303
TSC_het,OFT-0604-00,slow,606,2.999820844724998,2.008128137700215,0.9438202247191011,2.4082387310144773,2.8947748926844947
TSC_het,OFT-0604-00,fast,607,3.413787100424725,3.9501404494382024,1.2640449438202248,2.2533401447067694,2.950195920828628
TSC_het,OFT-0610-00,fast,608,3.3322577312240464,4.0775643349039505,1.2640449438202248,2.1384658033572514,2.9259661899031038
TSC_het,OFT-0610-00,slow,609,3.3258254780879866,3.5229400749063675,1.6910112359550562,2.6677790843616838,3.137727486651875
TSC_het,OFT-0610-00,medium,610,3.386416256101653,3.668709567585972,1.2106741573033708,2.3382771165609757,2.992690071771561
TSC_het,OFT-0614-00,fast,611,3.218918158882368,3.8035741522192286,1.2640449438202248,2.2952742477632673,2.9066767207716078
TSC_het,OFT-0614-00,slow,612,3.610622223457037,2.808988764044944,1.2640449438202248,2.718701504298737,3.1647312504948055
TSC_het,OFT-0614-00,medium,613,3.3454187465305143,3.757802746566792,1.6910112359550562,2.610819987177316,3.067032251516389
TSC_het,OFT-0617-00,slow,614,3.362959057036479,4.012153568747233,1.3707865168539326,2.451783467215283,3.021315902796122
TSC_het,OFT-0617-00,medium,615,3.300894364641508,4.4352454169130695,1.2640449438202248,2.192102325329508,2.960667424020241
TSC_het,OFT-0617-00,fast,616,3.113332583733162,5.0637704370800725,1.4241573033707866,2.0441497726174376,2.791836703733202
TSC_het,OFT-0620-00,slow,617,3.2434923544089633,3.605461527520979,1.4241573033707866,2.4948173832899045,3.000719454838685
TSC_het,OFT-0620-00,fast,618,3.4941320784306344,4.053586862575627,1.3174157303370786,2.3973174473413867,3.097317215203371
TSC_het,OFT-0620-00,medium,619,3.4686499100767594,3.755579498229952,1.3707865168539326,2.54585935082847,3.0902486664014894
TSC_het,OFT-0621-00,slow,620,3.4209825663314906,3.3169154994612895,1.2106741573033708,2.594899069963242,3.0993297510002358
TSC_het,OFT-0621-00,medium,621,3.575594152373069,3.66389838788471,1.2640449438202248,2.54718987072196,3.1836799259990305
TSC_het,OFT-0621-00,fast,622,3.409271770039294,4.421891989851395,1.3707865168539326,2.3224752841024676,3.077714725922394
TSC_het,OFT-0624-00,slow,623,3.289100313233283,3.6894485116600766,1.5308988764044944,2.543811329869915,3.0312714812952084
TSC_het,OFT-0624-00,medium,624,3.5209057804272126,3.696930410413557,1.2106741573033708,2.432623640893296,3.0823792070315643
TSC_het,OFT-0624-00,fast,625,3.3988467275132814,4.31939583717075,1.3174157303370786,2.3148188480098755,3.096854615750007
TSC_het,OFT-0628-00,fast,626,3.464344666676141,4.11692415730337,1.3174157303370786,2.346179836906695,3.0162270122186623
TSC_het,OFT-0628-00,medium,627,3.5179590634251086,3.2502783682558967,1.2106741573033708,2.6342533261143095,3.2117934161874993
TSC_het,OFT-0628-00,slow,628,3.494639333885147,2.7554842161583735,1.1573033707865168,2.699985486944707,3.202369639734632
TSC_het,OFT-0630-00,medium,629,3.422721178603863,4.154852358776559,1.3707865168539326,2.4341931907687018,3.1038871782524105
TSC_het,OFT-0630-00,slow,630,3.4137857395386586,3.7465836623139994,1.3174157303370786,2.5171237365080175,3.0686289791573635
TSC_het,OFT-0630-00,fast,631,3.398670551338852,4.5144462279293744,1.2640449438202248,2.175252672222513,2.9986005994321916
TSC_het,OFT-0632-00,medium,632,3.7722106758516603,3.063757512411811,1.3174157303370786,2.718196450625897,3.2262546655302704
TSC_het,OFT-0632-00,fast,633,3.690005681706545,3.407109647423479,1.3174157303370786,2.651020695926922,3.1756386483594
TSC_het,OFT-0632-00,slow,634,3.656669672767305,2.7515321756894795,1.2106741573033708,2.8056819915042803,3.244082108998836
TSC_het,OFT-0634-00,medium,635,3.354871985374683,4.053586862575627,1.3174157303370786,2.3301490591078604,2.9905425828016363
TSC_het,OFT-0634-00,slow,636,3.322352756187198,3.6115569823434996,1.2640449438202248,2.5043629495091446,3.043960730778531
TSC_het,OFT-0634-00,fast,637,3.44903157134405,4.391385767790262,1.3174157303370786,2.2702229130497504,3.0352791521024916
TSC_het,OFT-0636-00,medium,638,3.3239546292071522,3.755579498229952,1.3707865168539326,2.484214512703445,3.0199595375539965
TSC_het,OFT-0636-00,slow,639,3.3141404085428015,3.582017849419052,1.4775280898876404,2.6385973657972257,3.0817104297206597
TSC_het,OFT-0636-00,fast,640,3.432609205355934,4.14959815855181,1.3174157303370786,2.384321949799985,3.039808864168462
TSC_het,OFT-0640-00,slow,641,3.525441179611425,2.37426431246656,0.9971910112359551,2.6788461538024473,3.1961314631809246
TSC_het,OFT-0640-00,fast,642,3.407759774562443,3.560583054965077,1.3174157303370786,2.5677308386143256,3.1481721154679563
TSC_het,OFT-0640-00,medium,643,3.5557470898384302,3.2284644194756553,1.2106741573033708,2.6446735129680183,3.2038610960993883
TSC_het,OFT-0647-00,slow,644,3.0913980721565624,4.03172504957039,1.3707865168539326,2.35475772640931,2.902059055021206
TSC_het,OFT-0647-00,fast,645,3.267734739667587,5.183330724365441,1.3174157303370786,2.187996247235103,2.975123972335283
TSC_het,OFT-0647-00,medium,646,3.297630091217821,4.421891989851395,1.3707865168539326,2.298055721265074,2.9497329539135144
TSC_het,OFT-0650-00,slow,647,3.363379185152399,3.5862983770287142,1.3174157303370786,2.5617829548565183,3.068089521843798
TSC_het,OFT-0650-00,fast,648,3.3623734593984196,4.895666131621188,1.3707865168539326,2.1614344820620044,2.9483153083756553
TSC_het,OFT-0650-00,medium,649,3.462565618567522,4.188697951090549,1.4241573033707866,2.517364581449523,3.1619032425537426
TSC_het,OFT-0657-00,slow,650,3.3516733170612865,2.481060606060606,1.103932584269663,2.658446104666353,3.172521737465093
TSC_het,OFT-0657-00,medium,651,3.4216655547033725,2.822691148259797,1.1573033707865168,2.608907980216128,3.188765146643902
TSC_het,OFT-0657-00,fast,652,3.531768104454633,3.4443712703618083,1.3174157303370786,2.62186021136053,3.2012516211409814
TSC_het,OFT-0661-00,medium,653,3.352584930164081,2.822691148259797,1.1573033707865168,2.6456201332503193,3.176875953468739
TSC_het,OFT-0661-00,fast,654,3.419159921448381,4.06716878626991,1.3707865168539326,2.4351400608532425,3.048838802240854
TSC_het,OFT-0661-00,slow,655,3.317918907874833,2.6453512263275925,1.1573033707865168,2.615489739197836,3.0965624759170804
TSC_het,OFT-0668-00,fast,656,3.3347334214538624,5.066983578219534,1.3174157303370786,2.1527258505697575,2.9381835157706617
TSC_het,OFT-0668-00,slow,657,3.225075620693782,4.098506525228558,1.4241573033707866,2.4815396330388233,3.005032095578423
TSC_het,OFT-0668-00,medium,658,3.3636353449026495,4.504314449136125,1.3174157303370786,2.30945270613535,3.068871547294803
TSC_het,OFT-0670-00,medium,659,3.464065538094223,2.921103344656389,1.2106741573033708,2.7297079053036666,3.2428507029043123
TSC_het,OFT-0670-00,slow,660,3.6759796394143307,2.4531835205992514,1.103932584269663,2.866566789305589,3.3807751096142864
TSC_het,OFT-0670-00,fast,661,3.329770031300523,3.970183281770546,1.6376404494382022,2.7097394709008573,3.1974302297844837
TSC_het,OFT-0674-00,slow,662,3.586235728959666,2.1678065461651195,0.9971910112359551,2.538865171612928,3.0316581234132762
TSC_het,OFT-0674-00,fast,663,3.5363629789162077,3.256550994141004,1.2640449438202248,2.5883872773509697,3.1575264795567874
TSC_het,OFT-0674-00,medium,664,3.4755615323007594,3.3119937287692713,1.4241573033707866,2.563010347698108,3.0980157459437834
TSC_het,OFT-0678-00,medium,665,3.592341350617927,3.164794007490637,1.4241573033707866,2.7856372934748874,3.346194216355387
TSC_het,OFT-0678-00,fast,666,3.4133384969358804,3.4438247263036588,1.2106741573033708,2.5309129470856186,3.0712739180096693
TSC_het,OFT-0678-00,slow,667,3.5360485581418337,2.4431669715181608,1.050561797752809,2.732413909529776,3.2613146917591034
TSC_het,OFT-0682-00,slow,668,4.050848193598974,2.0350836963999086,0.9971910112359551,2.7376274234008875,3.2574712331806994
TSC_het,OFT-0682-00,fast,669,3.3835294426008877,2.567285079696891,1.103932584269663,2.644992034588067,3.151676098870327
TSC_het,OFT-0682-00,medium,670,3.48045336554929,1.4847512038523274,0.6235955056179775,2.7585556343348214,3.198353438757077
TSC_het,OFT-0683-00,medium,671,3.372115779418709,4.386797608979559,1.3707865168539326,2.350842636492216,3.035620004514552
TSC_het,OFT-0683-00,fast,672,3.3244154258967424,4.824599022214598,1.2640449438202248,2.152038671633721,2.9470559787636463
TSC_het,OFT-0683-00,slow,673,3.1899962300882887,4.21780466724287,1.3707865168539326,2.29931698212159,2.8929616932109763
TSC_het,OFT-0693-00,slow,674,3.217246042753295,3.668709567585972,1.2106741573033708,2.4279104057153678,3.0490537368829393
TSC_het,OFT-0693-00,medium,675,3.3302291089455247,4.351703228107723,1.3707865168539326,2.355134178321155,2.9668079042897575
TSC_het,OFT-0693-00,fast,676,3.3392360435485164,4.809777252119061,1.3707865168539326,2.1750357206691113,2.913197400711681
TSC_het,OFT-0694-00,slow,677,3.231530789048596,3.7657777615642782,1.4775280898876404,2.5180116583380205,3.0493886073775123
TSC_het,OFT-0694-00,medium,678,3.4307359954788734,4.268207966090292,1.4241573033707866,2.4573282563789385,3.1045193977949292
TSC_het,OFT-0694-00,fast,679,3.466367547810323,4.895666131621188,1.3707865168539326,2.2419812150081357,3.0478276872132364
TSC_het,OFT-0702-00,fast,680,3.431886062631542,4.879317519766958,1.3174157303370786,2.21767570098508,3.0631748360805564
TSC_het,OFT-0702-00,medium,681,3.437059103475074,4.249728162377672,1.3174157303370786,2.389587906929072,3.090812237190169
TSC_het,OFT-0702-00,slow,682,3.288955241525713,3.7732684890155967,1.2640449438202248,2.31343025519485,2.9199936767840238
TSC_het,OFT-0708-00,fast,683,3.541374173046474,4.562564223506224,1.3174157303370786,2.298430769178313,3.12442165485385
TSC_het,OFT-0708-00,medium,684,3.399056469526317,4.351703228107723,1.3707865168539326,2.3448493893568942,3.056096918643566
TSC_het,OFT-0708-00,slow,685,3.2753010204922233,3.8699282878594823,1.2640449438202248,2.318157885129947,2.946041515149163
TSC_hom,OFT-0637-00,fast,686,3.4484706063097477,3.69910987888516,1.4241573033707866,2.5657073633900014,3.0455302530091455
TSC_hom,OFT-0637-00,slow,687,3.315913946617987,3.3119937287692713,1.4241573033707866,2.6497756670498984,3.110980432409481
TSC_hom,OFT-0637-00,medium,688,3.3794070047438116,3.517924023542001,1.4775280898876404,2.5904373769712485,3.028305935593012
TSC_hom,OFT-0639-00,medium,689,3.3077840379148866,3.7338996985475474,1.5308988764044944,2.62405998240441,3.0923741374772753
TSC_hom,OFT-0639-00,slow,690,3.2527480485589058,2.9528637983009043,1.2106741573033708,2.6186392756587793,3.090435609154776
TSC_hom,OFT-0639-00,fast,691,3.300075434145251,4.040162562754005,1.4241573033707866,2.4890475158734238,3.0070598027586506
TSC_hom,OFT-0648-00,medium,692,3.240170997593525,3.1516497612656487,1.3707865168539326,2.5162321651092685,2.9653080112071315
TSC_hom,OFT-0648-00,slow,693,3.349058975505372,2.6319003419638496,1.2106741573033708,2.711518312725927,3.1328341401246917
TSC_hom,OFT-0648-00,fast,694,3.4953349492012085,1.5622299049265345,0.6769662921348315,2.633157970080431,3.087557802534618
TSC_hom,OFT-0649-00,slow,695,3.3711450828266147,2.6914031878756206,1.1573033707865168,2.637091924793722,3.105273506469636
TSC_hom,OFT-0649-00,medium,696,3.3731103620123215,3.3352296970558952,1.3174157303370786,2.587806494116373,3.037056072197212
TSC_hom,OFT-0649-00,fast,697,3.415141152084621,3.455764328203191,1.3707865168539326,2.5612302009481382,3.020545692577725
TSC_hom,OFT-0658-00,slow,698,3.3479863790418687,2.7554842161583735,1.1573033707865168,2.6576844373510298,3.165815175606306
TSC_hom,OFT-0658-00,fast,699,3.303917958634034,3.818596319817619,1.3174157303370786,2.408230941211965,2.984408185699214
TSC_hom,OFT-0658-00,medium,700,3.425321671476012,3.5053362500414305,1.3174157303370786,2.5800565552060273,3.0733844464906057
TSC_hom,OFT-0660-00,slow,701,3.3407617914158223,2.822691148259797,1.1573033707865168,2.6039445843260642,3.0911251494355683
TSC_hom,OFT-0660-00,medium,702,3.282502152470885,3.6449973247726057,1.5308988764044944,2.5230921546411076,2.99258068338675
TSC_hom,OFT-0660-00,fast,703,3.330530597354465,3.2083502589120565,1.2106741573033708,2.5103383727005575,3.0484320139390406
TSC_hom,OFT-0669-00,fast,704,3.3843560868810054,3.3966162985922765,1.4775280898876404,2.5861168552328393,3.0253849468853242
TSC_hom,OFT-0669-00,medium,705,3.4885165155420346,3.083036448342012,1.2640449438202248,2.6043066270127375,3.0013739796353467
TSC_hom,OFT-0669-00,slow,706,3.2398209346498477,2.8155212960543508,1.2106741573033708,2.5467406699923254,2.926813794550744
TSC_hom,OFT-0673-00,slow,707,3.47035456021434,2.9528637983009043,1.2106741573033708,2.6117747454296274,3.087025207737593
TSC_hom,OFT-0673-00,medium,708,3.4113528131927144,3.3100897747162774,1.3174157303370786,2.6455784346293676,3.1364478896658814
TSC_hom,OFT-0673-00,fast,709,3.442275145548469,3.6519911090650123,1.3174157303370786,2.5513583535745323,3.0873132716575165
TSC_hom,OFT-0679-00,slow,710,3.4056108338188937,2.6914031878756206,1.1573033707865168,2.6925856077152615,3.12896499824723
TSC_hom,OFT-0679-00,medium,711,3.5268649231227194,3.3580183861082737,1.4775280898876404,2.7048920563432843,3.1631062001654064
TSC_hom,OFT-0679-00,fast,712,3.529716021188132,3.473554398465333,1.4241573033707866,2.647186833237585,3.110472481248354
TSC_hom,OFT-0681-00,medium,713,3.5343534649743797,3.3433817484242256,1.3707865168539326,2.623402595839525,3.1201516260176576
TSC_hom,OFT-0681-00,slow,714,3.598575640560793,2.8728294177732385,1.2640449438202248,2.673433148640126,3.1639111756354232
TSC_hom,OFT-0681-00,fast,715,3.524136314993201,3.7048284239295475,1.3707865168539326,2.6083334252936994,3.1328313435965383
TSC_hom,OFT-0684-00,slow,716,3.3309489504972256,2.5377760557923286,1.103932584269663,2.5549729864055455,3.0162034361303887
TSC_hom,OFT-0684-00,medium,717,3.389401405971981,2.8728294177732385,1.2640449438202248,2.6388169599598448,3.0517525538392154
TSC_hom,OFT-0684-00,fast,718,3.4862317745952094,3.046192259675406,1.3707865168539326,2.6445306656457115,3.104182075125222
TSC_hom,OFT-0712-00,medium,719,3.336356809580215,3.370786516853933,1.2640449438202248,2.4458917617075797,2.870010285186993
TSC_hom,OFT-0712-00,fast,720,3.366703511347417,3.4850504665777944,1.3707865168539326,2.549143561858387,3.0000129666448707
TSC_hom,OFT-0712-00,slow,721,3.207667502795373,3.009630818619583,1.2640449438202248,2.557982668008423,2.9764544392367895
TSC_hom,OFT-0713-00,slow,722,3.320567102090874,3.69910987888516,1.4241573033707866,2.6367240720865146,3.1210314792043086
TSC_hom,OFT-0713-00,fast,723,3.324417584505058,4.421891989851395,1.3707865168539326,2.3360884425197663,3.0065353915533852
TSC_hom,OFT-0713-00,medium,724,3.3445506706510053,3.9732942517505294,1.3707865168539326,2.4562041076505263,3.0253855580156475
TSC_hom,OFT-0714-00,slow,725,3.109095987298553,3.3433817484242256,1.3707865168539326,2.4686980811127697,2.9607668668198275
TSC_hom,OFT-0714-00,medium,726,3.3198686018609407,3.8490737928940177,1.4241573033707866,2.443181656185395,2.926085344535541
TSC_hom,OFT-0714-00,fast,727,3.2375464948474444,4.23017020803204,1.4241573033707866,2.363761324203647,2.9280664703268457
TSC_hom,OFT-0715-00,slow,728,3.3657091052994823,2.8155212960543508,1.2106741573033708,2.565374147280685,3.062481056247489
TSC_hom,OFT-0715-00,fast,729,3.398447126172239,3.9348298275411553,1.2640449438202248,2.406675272962084,3.039133854052794
TSC_hom,OFT-0715-00,medium,730,3.4458469706062447,3.4631368323841776,1.2640449438202248,2.5479391727934333,3.0788819528440086
TSC_hom,OFT-0716-00,medium,731,3.3347756938050392,3.659488139825218,1.3174157303370786,2.5358653184234377,3.074187037254008
TSC_hom,OFT-0716-00,fast,732,3.3709514646358105,4.792959849139624,1.3707865168539326,2.2742445385231163,3.0526726979202037
TSC_hom,OFT-0716-00,slow,733,3.2218659805332632,2.882557517388978,1.2106741573033708,2.671834620791168,3.1222377555831953
TSC_hom,OFT-0717-00,slow,734,3.2624597848728674,2.6010101010101008,1.1573033707865168,2.6370470978677365,3.043630498299287
TSC_hom,OFT-0717-00,fast,735,3.4106346705538853,3.531209707128385,1.4241573033707866,2.502230066368754,2.919956691012292
TSC_hom,OFT-0717-00,medium,736,3.5300487123410664,3.174495735751997,1.3174157303370786,2.6158919015771356,3.0251585920681743
TSC_hom,OFT-0718-00,fast,737,3.425886608735117,4.339887640449438,1.1573033707865168,2.230931440991138,3.0669228548315455
TSC_hom,OFT-0718-00,medium,738,3.4514094693422845,3.641331137977122,1.2106741573033708,2.4662599449444054,3.1121843759908674
TSC_hom,OFT-0718-00,slow,739,3.360293833758105,3.390850722311397,1.4241573033707866,2.6676817395620973,3.127641041019983
TSC_hom,OFT-0719-00,medium,740,3.492958823078392,3.130394072626608,1.4241573033707866,2.687305372235693,3.127549283361124
TSC_hom,OFT-0719-00,slow,741,3.422822318962421,2.863947239863214,1.3174157303370786,2.7048845882757453,3.142118948341489
TSC_hom,OFT-0719-00,fast,742,3.5699839436394503,3.0457211504487316,1.2106741573033708,2.5859720751116813,3.061247020402913
TSC_hom,OFT-0720-00,fast,743,3.276723162030955,4.924918618082537,1.3174157303370786,2.162734836459964,2.9399360286037424
TSC_hom,OFT-0720-00,medium,744,3.236522502502342,4.3587756683456025,1.2640449438202248,2.1389161120423914,2.8372679041214437
TSC_hom,OFT-0720-00,slow,745,3.2399167314515473,3.9054005074302283,1.2106741573033708,2.3374581014819804,3.002297908500556
TSC_hom,OFT-0721-00,slow,746,3.280621626381374,2.9275905118601746,1.3174157303370786,2.64224275498371,3.0645084123233484
TSC_hom,OFT-0721-00,medium,747,3.512333015145015,3.1392057637876323,1.3707865168539326,2.65127593179736,3.0792217064580534
TSC_hom,OFT-0721-00,fast,748,3.4502984148947955,3.514837222702391,1.3707865168539326,2.5472425007973873,3.0294149692679753
TSC_hom,OFT-0722-00,medium,749,3.494847800310008,4.004690350839471,1.2106741573033708,2.3359386163362563,3.1053683225727253
TSC_hom,OFT-0722-00,fast,750,3.405630938902348,4.649702577660277,1.3174157303370786,2.2661632619229533,3.064812325422316
TSC_hom,OFT-0722-00,slow,751,3.351697883006927,3.9770314940332683,1.5308988764044944,2.5697220233871203,3.104021715227882
TSC_hom,OFT-0723-00,medium,752,3.2440115225654855,4.516705111987499,1.3707865168539326,2.2798634804393934,2.986168936585249
TSC_hom,OFT-0723-00,fast,753,3.2079387330831004,5.066983578219533,1.3174157303370786,2.110208302181553,2.8789845530630456
TSC_hom,OFT-0723-00,slow,754,3.182704757139648,4.314180484113528,1.4775280898876404,2.421554198597638,2.987047167776702
TSC_hom,OFT-0724,slow,755,3.074895591140425,2.69251849821869,1.103932584269663,2.5072240941494046,2.9651372657639112
TSC_hom,OFT-0724,medium,756,3.368423862660566,3.9018008311528396,1.4241573033707866,2.594601978178,3.0804886447378372
TSC_hom,OFT-0724,fast,757,3.207785141338003,4.0919000503102465,1.3707865168539326,2.388417839534085,2.9086347747969605
TSC_hom,OFT-0725,slow,758,3.2249583959308605,3.390850722311397,1.4241573033707866,2.5765168172780166,3.0286236506957493
TSC_hom,OFT-0725,fast,759,3.234553823033675,3.5603932584269664,1.4241573033707866,2.474531836822949,2.9391124346158226
TSC_hom,OFT-0725,medium,760,3.2127334469082296,3.517924023542001,1.4775280898876404,2.472852837063013,2.96340776905486
TSC_hom,OFT-0726,slow,761,3.4212180548846227,2.571785268414482,1.1573033707865168,2.7232585973478325,3.2172263810007298
TSC_hom,OFT-0726,fast,762,3.48148006750295,3.672584197076627,1.3707865168539326,2.561910066802781,3.0885417076547714
TSC_hom,OFT-0726,medium,763,3.4514875591206455,3.1392057637876323,1.3707865168539326,2.626667672410149,3.1109849434264105
TSC_hom,OFT-0727,slow,764,3.381121710516024,2.63023493360572,1.1573033707865168,2.667346864594119,3.1650841064050166
TSC_hom,OFT-0727,fast,765,3.437342167104584,3.8377352984094557,1.4775280898876404,2.5555830901024006,3.064880314987596
TSC_hom,OFT-0727,medium,766,3.4497039446083684,3.187875620590541,1.3707865168539326,2.6167604852138107,3.131650339657176
TSC_hom,OFT-0728,medium,767,3.343070263310055,3.115423901940756,1.3707865168539326,2.6138374364345736,3.067423454714395
TSC_hom,OFT-0728,slow,768,3.266906795905018,2.690387016229713,1.2106741573033708,2.6260041441607904,3.062665794307219
TSC_hom,OFT-0728,fast,769,3.4393082255630203,3.561382531352342,1.4241573033707866,2.5763540113727794,3.07299353414348
TSC_hom,OFT-0729,slow,770,3.247974530709044,4.02621722846442,1.6910112359550562,2.601479663591987,3.038815133591292
TSC_hom,OFT-0729,medium,771,3.2799842519818228,3.066479400749064,1.103932584269663,2.565532695882043,3.085228560435168
TSC_hom,OFT-0729,fast,772,3.308624782925022,4.2038633215330155,1.5308988764044944,2.5628656267850323,3.052087565462753
TSC_hom,OFT-0730,medium,773,3.3763714974586665,3.431704345471775,1.4241573033707866,2.456360157250384,2.9601532271069746
TSC_hom,OFT-0730,slow,774,3.4483111861246276,2.571785268414482,1.1573033707865168,2.732572414167855,3.227395629064274
TSC_hom,OFT-0730,fast,775,3.4336862510518853,3.788533563814463,1.4775280898876404,2.497293707900656,3.017445960095371
TSC_hom,OFT-0731,slow,776,3.2350688662879907,3.0458914308921083,1.2640449438202248,2.580798181258432,3.054418645285498
TSC_hom,OFT-0731,medium,777,3.168758251940769,3.8941725822095945,1.4775280898876404,2.3420352678412604,2.8094302193026777
TSC_hom,OFT-0731,fast,778,3.2029123136978352,4.069020866773676,1.4241573033707866,2.321390257871904,2.8334474925408024
TSC_hom,OFT-0732,fast,779,3.31381148566318,4.074157303370787,1.3174157303370786,2.434606701094206,3.0629495419593424
TSC_hom,OFT-0732,medium,780,3.4164196666990927,3.9793328990935244,1.4775280898876404,2.5677721428251963,3.038294764888289
TSC_hom,OFT-0732,slow,781,3.4132340295580703,2.6237473428484663,0.9438202247191011,2.548681576743817,3.044264906526049
TSC_hom,OFT-0733,medium,782,3.2228808264296425,3.797752808988764,1.4241573033707866,2.496623290642794,2.9855729387472105
TSC_hom,OFT-0733,fast,783,3.2385700151426007,3.8747521480502316,1.3174157303370786,2.3777541049423534,2.9370979023348194
TSC_hom,OFT-0733,slow,784,3.3020035544505997,2.9528637983009043,1.2106741573033708,2.5741863865099726,3.042725536183751
TSC_hom,OFT-0734,fast,785,3.310069067760759,4.306253696037848,1.3707865168539326,2.3815945787166384,3.0038645785927294
TSC_hom,OFT-0734,slow,786,3.314111204909919,2.840970624069311,1.1573033707865168,2.6075447097001816,3.1094129080997313
TSC_hom,OFT-0734,medium,787,3.486309754262573,3.539982916091727,1.2106741573033708,2.531954198306053,3.090158185042419
TSC_hom,OFT-0735,slow,788,3.3346823924303552,2.361111111111111,1.050561797752809,2.5928255234203252,3.0559800642937187
TSC_hom,OFT-0735,fast,789,3.4408876241555553,3.9933191618584876,1.4775280898876404,2.5464894328806977,3.101856062505906
TSC_hom,OFT-0735,medium,790,3.42833700133144,3.4275018392972214,1.3707865168539326,2.571575075737776,3.081281748608627
TSC_neg,OFT-0360-00,fast,791,3.380627052090546,4.957038995373431,1.2640449438202248,2.164215979042308,3.0168434139674423
TSC_neg,OFT-0360-00,slow,792,3.2090210794068117,4.053586862575627,1.3174157303370786,2.3369152106455586,2.922842396361258
TSC_neg,OFT-0360-00,medium,793,3.3793534464528308,4.343128781331028,1.3174157303370786,2.2707762977316968,2.9816980865133815
TSC_neg,OFT-0362-00,slow,794,3.2839607710999554,3.272092317036137,1.2106741573033708,2.5689444865349556,3.0867582708795216
TSC_neg,OFT-0362-00,fast,795,3.278343594366554,4.827651875833174,1.4241573033707866,2.2803080733382477,3.0095401909054673
TSC_neg,OFT-0362-00,medium,796,3.33129073883444,4.251215830957572,1.4241573033707866,2.4069186656153216,2.97239269249757
TSC_neg,OFT-0363-00,medium,797,3.4224069790836094,4.064034251396698,1.3174157303370786,2.41406102429221,3.0808922403680192
TSC_neg,OFT-0363-00,fast,798,3.353058618739001,4.3587756683456025,1.2640449438202248,2.221317432319772,2.983280561693039
TSC_neg,OFT-0363-00,slow,799,3.3112345519486186,3.3846580663060064,1.3707865168539326,2.645844902099649,3.159637719781559
TSC_neg,OFT-0368-00,fast,800,3.3251828977241846,5.340726689041296,1.3707865168539326,2.1544506356877786,2.96233616226799
TSC_neg,OFT-0368-00,medium,801,3.3027688974499574,4.321836891495216,1.2640449438202248,2.2404521124506394,2.93932464479451
TSC_neg,OFT-0368-00,slow,802,3.1701960060077217,4.391385767790262,1.3174157303370786,2.2673658446954166,2.935921165062649
TSC_neg,OFT-0369-00,slow,803,3.4078572675110648,4.083122892259497,1.5308988764044944,2.509772920782639,3.0686826135227325
TSC_neg,OFT-0369-00,medium,804,3.424089156171918,4.03558052434457,1.2106741573033708,2.310270724510202,3.093518933555678
TSC_neg,OFT-0369-00,fast,805,3.4193380682768724,4.458137006161652,1.3707865168539326,2.3253180109004727,3.0939114675462824
TSC_neg,OFT-0372-00,fast,806,3.487624435946721,4.681647940074907,1.2640449438202248,2.209386078286598,3.0765025167650606
TSC_neg,OFT-0372-00,medium,807,3.4457401431579218,4.530484392160176,1.4775280898876404,2.47102400812799,3.1896256019759615
TSC_neg,OFT-0372-00,slow,808,3.387216955791261,3.7177792465300734,1.2640449438202248,2.5113282122527782,3.1245309666184538
TSC_neg,OFT-0377-00,fast,809,3.300623813905297,5.272255834053587,1.3707865168539326,2.0905012251838415,2.933017992605065
TSC_neg,OFT-0377-00,medium,810,3.3498158612705318,4.397010542629336,1.2640449438202248,2.143357571648861,2.8520976236921443
TSC_neg,OFT-0377-00,slow,811,3.334665127031472,3.764044943820225,1.3174157303370786,2.4440917411847707,3.0753983363711397
TSC_neg,OFT-0379-00,fast,812,3.3757321155091553,4.910887253002712,1.4241573033707866,2.274393003405675,3.0343216361419256
TSC_neg,OFT-0379-00,slow,813,3.461511286017864,4.153898535921008,1.3707865168539326,2.4815792813776465,3.041838283723261
TSC_neg,OFT-0379-00,medium,814,3.367313462388792,4.020670662967107,1.4775280898876404,2.475238490393448,3.0230922180226427
TSC_neg,OFT-0380-00,medium,815,3.473947889346824,4.28489811464483,1.2640449438202248,2.282153697320518,3.0554384740536444
TSC_neg,OFT-0380-00,fast,816,3.4808485375156164,4.500740854384768,1.3707865168539326,2.3103667946730653,3.0898376593064842
TSC_neg,OFT-0380-00,slow,817,3.2374862965872806,4.247979499310072,1.2106741573033708,2.1733098537604167,2.9255904589306345
TSC_neg,OFT-0381-00,fast,818,3.3927109036230108,4.715515180492469,1.4775280898876404,2.4135939625756535,3.084278808030307
TSC_neg,OFT-0381-00,medium,819,3.3492637339176383,3.8260575919444957,1.1573033707865168,2.3363916829883085,2.9951476014593923
TSC_neg,OFT-0381-00,slow,820,3.4232836793229033,3.2915937059195493,0.9971910112359551,2.327658174162685,2.928046960525929
TSC_neg,OFT-0382-00,fast,821,3.429517916685786,4.656439066551426,1.2106741573033708,2.134309125678763,3.008851553942522
TSC_neg,OFT-0382-00,medium,822,3.398244634616775,3.992168879809329,1.3174157303370786,2.46731373572426,3.190616971520047
TSC_neg,OFT-0382-00,slow,823,3.3280358494817386,3.8936522739001713,1.3707865168539326,2.565444658499527,3.169650424435212
TSC_neg,OFT-0386-00,fast,824,3.2442597706836906,5.125442511928583,1.2640449438202248,1.9965493785705493,2.8123237783164554
TSC_neg,OFT-0386-00,slow,825,3.292874434833065,4.196722232167616,1.3707865168539326,2.429399310017995,3.0840333394289603
TSC_neg,OFT-0386-00,medium,826,3.4247577101782998,4.465816035040945,1.3174157303370786,2.2624801525129152,3.0649139205035483
TSC_neg,OFT-0394-00,medium,827,3.3304802609619197,4.21780466724287,1.3707865168539326,2.3203864356965216,2.9489250324803895
TSC_neg,OFT-0394-00,slow,828,3.3118337652122944,3.628573460389703,1.4241573033707866,2.5665798280528045,3.0810237365796165
TSC_neg,OFT-0394-00,fast,829,3.268294173662014,4.502041281625616,1.2640449438202248,2.0716665085930916,2.807736018821241
TSC_neg,OFT-0395-00,medium,830,3.283890998395536,4.11692415730337,1.3174157303370786,2.4123755306469863,2.9973451754714704
TSC_neg,OFT-0395-00,fast,831,3.4499714595122577,4.752808988764045,1.5842696629213484,2.4378293516891167,3.037348708547494
TSC_neg,OFT-0395-00,slow,832,3.4776990411754296,3.9054005074302283,1.2106741573033708,2.403026451420938,2.9947576430781564
TSC_neg,OFT-0398-00,medium,833,3.37108676123753,3.560229945126731,1.5308988764044944,2.528202399490388,3.052055508812825
TSC_neg,OFT-0398-00,slow,834,3.406343927885564,3.3207070707070705,1.4775280898876404,2.6834259792871786,3.133361744575761
TSC_neg,OFT-0398-00,fast,835,3.498244594912855,3.9732942517505294,1.3707865168539326,2.3120105914932263,2.9059913471457066
TSC_neg,OFT-0399-00,fast,836,3.4053455673031774,4.762434913674979,1.3174157303370786,2.285038692948544,3.131253894518088
TSC_neg,OFT-0399-00,slow,837,3.086818031658426,4.219956891024061,1.4241573033707866,2.294167376103467,2.7013968092164964
TSC_neg,OFT-0399-00,medium,838,3.508308870530962,4.060713581707076,1.1573033707865168,2.3507360825239534,3.073758264753636
TSC_neg,OFT-0410-00,fast,839,3.437117310417121,4.28489811464483,1.2640449438202248,2.3432679526344478,3.132125127620488
TSC_neg,OFT-0410-00,slow,840,3.260533793602893,3.6026136349496687,1.5308988764044944,2.597427051809754,3.0767637444504947
TSC_neg,OFT-0410-00,medium,841,3.466667244704454,3.8613704700110776,1.3707865168539326,2.5292578504397034,3.0773528952757654
TSC_neg,OFT-0411-00,fast,842,3.3157184552515897,4.842696629213483,1.2106741573033708,2.034755017702477,2.823520043474536
TSC_neg,OFT-0411-00,slow,843,3.264923109142475,3.8840653728294177,1.4241573033707866,2.436196369042631,2.9932468461993538
TSC_neg,OFT-0411-00,medium,844,3.3125605556953706,4.28342201149513,1.4241573033707866,2.348479196654386,3.0317602396200996
TSC_neg,OFT-0414-00,fast,845,3.4904027118731533,4.409836968495263,1.3174157303370786,2.3562469964247197,3.0933865294937304
TSC_neg,OFT-0414-00,medium,846,3.479206246508333,4.012841091492777,1.2640449438202248,2.426781544643266,3.0882543764490986
TSC_neg,OFT-0414-00,slow,847,3.3399968535557294,3.2600094951732865,1.1573033707865168,2.535588063032522,3.0688927226806335
TSC_neg,OFT-0415-00,medium,848,3.6475016785334953,3.9665266870847407,1.3174157303370786,2.438365311591103,3.045867250106366
TSC_neg,OFT-0415-00,fast,849,3.293618434048302,4.752808988764045,1.5842696629213484,2.440222689409452,3.1165277045371025
TSC_neg,OFT-0415-00,slow,850,3.2766255364886665,3.1307056119790198,1.2106741573033708,2.5599584061602094,3.037486828773811
TSC_neg,OFT-0456-00,medium,851,3.2773555683668274,3.9732942517505294,1.3707865168539326,2.472856264664076,3.0365438303798986
TSC_neg,OFT-0456-00,fast,852,3.371166634427429,4.391385767790262,1.3174157303370786,2.283979967595899,2.9917519337096037
TSC_neg,OFT-0456-00,slow,853,3.354755213450754,3.6881043139588754,1.4241573033707866,2.6389756680054455,3.146899675162099
TSC_neg,OFT-0457-00,slow,854,3.4776953282135428,2.3876404494382024,1.050561797752809,2.6430580179427468,3.140099772376729
TSC_neg,OFT-0457-00,medium,855,3.3294284989961445,3.390850722311397,1.4241573033707866,2.547254851965186,3.091753534452257
TSC_neg,OFT-0457-00,fast,856,3.4248252197409004,3.6073329390892965,1.3707865168539326,2.6019365267368633,3.185552134549539
TSC_neg,OFT-0458-00,fast,857,3.225813247656402,5.272255834053587,1.3707865168539326,2.176805799357692,2.9302125771351966
TSC_neg,OFT-0458-00,slow,858,3.107511657979334,4.3456708526107075,1.4775280898876404,2.4472440573918175,2.9083779061767405
TSC_neg,OFT-0458-00,medium,859,3.2061140266000194,4.809777252119061,1.3707865168539326,2.2611999113991055,2.9621277038858516
TSC_neg,OFT-0460-00,slow,860,3.1260192174562564,4.910887253002712,1.4241573033707866,2.2443102339435574,2.853113664190491
TSC_neg,OFT-0460-00,medium,861,3.2027580838173946,5.313126034317569,1.3707865168539326,2.140326417939308,2.849094238856622
TSC_neg,OFT-0460-00,fast,862,3.1018703753638284,5.7720150687370575,1.2640449438202248,1.9803789700486416,2.7205305137820934
TSC_neg,OFT-0469-00,slow,863,3.334772093943958,4.249728162377672,1.3174157303370786,2.285321973338074,2.958295727001732
TSC_neg,OFT-0469-00,fast,864,3.20405735360023,5.02467847973466,1.2640449438202248,2.1203094379355623,2.9507216607274023
TSC_neg,OFT-0469-00,medium,865,3.4850208987929183,4.681647940074907,1.2640449438202248,2.232382313196754,3.06136753921087
TSC_neg,OFT-0471-00,medium,866,3.200402745798024,4.879317519766957,1.3174157303370786,2.2011868150419693,2.9404592155080764
TSC_neg,OFT-0471-00,fast,867,3.274179523633695,5.711610486891386,1.3707865168539326,2.120883539084043,2.936988975998051
TSC_neg,OFT-0471-00,slow,868,3.1876055879922562,4.427550894822194,1.4241573033707866,2.381536259128256,2.8926452003417054
TSC_neg,OFT-0472-00,medium,869,3.553767082889792,2.9528637983009043,1.2106741573033708,2.72607586442194,3.255588281307764
TSC_neg,OFT-0472-00,fast,870,3.443261549996294,3.6635901551631886,1.3707865168539326,2.558422745672042,3.1420325358908014
TSC_neg,OFT-0472-00,slow,871,3.528447284099296,2.4262254599333253,1.103932584269663,2.685251113779866,3.1872111908822798
TSC_neg,OFT-0473-00,slow,872,3.3186536902052644,4.382022471910113,1.4241573033707866,2.4009167594310212,3.0011026358252453
TSC_neg,OFT-0473-00,medium,873,3.3969686152433747,4.49438202247191,1.3707865168539326,2.327838024311324,3.0179375348800144
TSC_neg,OFT-0473-00,fast,874,3.4628051708316634,4.879317519766958,1.3174157303370786,2.222936280758508,3.0301494324534386
TSC_neg,OFT-0474-00,medium,875,3.3472233306458254,4.284561999774211,1.3174157303370786,2.333091790207694,3.025485372967687
TSC_neg,OFT-0474-00,fast,876,3.2832822497046874,5.172779308882765,1.3707865168539326,2.1658231163326516,2.9713182529326048
TSC_neg,OFT-0474-00,slow,877,3.1879388619267166,3.8304392236976508,1.2640449438202248,2.4574342588385245,2.954696612424786
TSC_neg,OFT-0476-00,fast,878,3.3006307573203224,4.795219211280018,1.2106741573033708,2.153032773080635,2.998436950462229
TSC_neg,OFT-0476-00,slow,879,3.2689164079347455,2.695110841178257,0.9971910112359551,2.5626136866340814,3.1220636424814385
TSC_neg,OFT-0476-00,medium,880,3.3940103571311293,4.0775643349039505,1.2640449438202248,2.390857887298835,3.128101281282323
TSC_neg,OFT-0481-00,medium,881,3.4168647431349326,3.851470274498649,1.5308988764044944,2.660777056695424,3.194430839332433
TSC_neg,OFT-0481-00,slow,882,3.261208961974117,3.663173639206005,1.5842696629213484,2.622280085256264,3.122744276760486
TSC_neg,OFT-0481-00,fast,883,3.461020553654963,4.1962852556753045,1.3707865168539326,2.440722692735309,3.0624640922600275
TSC_neg,OFT-0482-00,fast,884,3.341979571491416,3.992168879809329,1.3174157303370786,2.3111528276216387,2.982338489057442
TSC_neg,OFT-0482-00,medium,885,3.4914872882082375,3.170694166538402,1.1573033707865168,2.548655180142384,3.1407219969892375
TSC_neg,OFT-0482-00,slow,886,3.4153941460959776,2.309205883949411,1.050561797752809,2.7640365307623918,3.2536664028417777
TSC_neg,OFT-0483-00,fast,887,3.196717624638791,4.8431551723000394,1.2640449438202248,2.166666592753657,3.007668146037359
TSC_neg,OFT-0483-00,medium,888,3.1675269310869414,4.622511334516065,1.3174157303370786,2.0276593539672523,2.759316342934839
TSC_neg,OFT-0483-00,slow,889,3.217899561847962,3.992168879809329,1.3174157303370786,2.3826782714452523,3.0327811543923913
TSC_neg,OFT-0488-00,fast,890,3.2637778478789135,5.230779590580268,1.2640449438202248,2.0847348687495884,2.889660863620937
TSC_neg,OFT-0488-00,medium,891,3.4022611046222244,4.14440965186959,1.2640449438202248,2.3689254893083764,3.0734813299790473
TSC_neg,OFT-0488-00,slow,892,3.2061809150796257,3.946694462931788,1.6376404494382022,2.639831990974732,3.0949953438659636
TSC_neg,OFT-0490-00,fast,893,3.469980271660779,4.18227215980025,1.3174157303370786,2.429457820727964,3.1780991271885712
TSC_neg,OFT-0490-00,medium,894,3.5246172799382145,3.7732684890155967,1.2640449438202248,2.445888696893797,3.051978417638264
TSC_neg,OFT-0490-00,slow,895,3.2720521203355055,3.5460674157303376,1.4775280898876404,2.5905184544889166,3.083065361483822
TSC_neg,OFT-0491-00,slow,896,3.3815963845431027,2.571785268414482,1.1573033707865168,2.75355631822704,3.2670332394068824
TSC_neg,OFT-0491-00,fast,897,3.5858117839606036,3.7110302263016295,1.3174157303370786,2.600306328275557,3.222070307646385
TSC_neg,OFT-0491-00,medium,898,3.5113247670041576,3.252878346511305,1.3174157303370786,2.6626269749058014,3.2501840633532906
TSC_neg,OFT-0512-00,slow,899,3.2167589429431365,3.5829273929739727,1.4241573033707866,2.4878983387078013,2.9684992527594445
TSC_neg,OFT-0512-00,medium,900,3.3618236396506798,3.9378457547331895,1.4241573033707866,2.4817823499852993,3.0054886127432896
TSC_neg,OFT-0512-00,fast,901,3.3311840666491315,4.28489811464483,1.2640449438202248,2.226351452575649,2.918448452549504
TSC_neg,OFT-0527-00,slow,902,3.3936201755497484,2.6604675190494635,1.1573033707865168,2.6800302819076256,3.1399243715884353
TSC_neg,OFT-0527-00,fast,903,3.502141407083093,3.930621153157731,1.3707865168539326,2.5350590429958055,3.1234620185710495
TSC_neg,OFT-0527-00,medium,904,3.5003895842621913,3.115423901940756,1.3707865168539326,2.632848076634245,3.1536867505775636
TSC_neg,OFT-0530-00,fast,905,3.35446467522381,3.8260575919444957,1.1573033707865168,2.2904052321799964,3.0896190722214056
TSC_neg,OFT-0530-00,slow,906,3.542007535045615,2.0973782771535583,0.9438202247191011,2.7153578417879585,3.1950562551207584
TSC_neg,OFT-0530-00,medium,907,3.4860609993248888,2.917287126032219,1.2106741573033708,2.692684633857385,3.145526712181551
TSC_neg,OFT-0538-00,fast,908,3.2987080372020814,3.7338996985475474,1.5308988764044944,2.4526600242834253,2.926970502769859
TSC_neg,OFT-0538-00,slow,909,3.518956962868038,2.501337613697164,1.050561797752809,2.619711379985613,3.119187286056463
TSC_neg,OFT-0538-00,medium,910,3.180795210347146,3.517924023542001,1.4775280898876404,2.464370756266387,2.988477911825516
TSC_neg,OFT-0545-00,slow,911,3.1760045083424986,3.086142322097378,1.1573033707865168,2.4361600101857346,3.00208397796855
TSC_neg,OFT-0545-00,medium,912,3.302889849984199,3.8460782012320847,1.4775280898876404,2.4968134407455698,3.0047913917758824
TSC_neg,OFT-0545-00,fast,913,3.3422996616974716,4.069020866773675,1.4241573033707866,2.411554571673225,3.000244352730441
TSC_neg,OFT-0587-00,slow,914,3.2636580457123743,3.9942449986297612,1.6376404494382022,2.610431389422467,3.057267435680514
TSC_neg,OFT-0587-00,fast,915,3.27690037048037,4.469956033219345,1.3707865168539326,2.2315067423773622,2.9000453197441582
TSC_neg,OFT-0587-00,medium,916,3.2579170715271237,4.038822113702827,1.4775280898876404,2.5127567423998425,3.049720201482708
TSC_neg,OFT-0590-00,slow,917,3.3195753269936867,3.8490737928940177,1.4241573033707866,2.4869283921507206,3.0234218186836963
TSC_neg,OFT-0590-00,fast,918,3.3141502812216674,4.596527068437181,1.2640449438202248,2.0962806751814185,2.860277846553204
TSC_neg,OFT-0590-00,medium,919,3.393869631229927,4.21780466724287,1.3707865168539326,2.3849914532023457,3.050552511199893
TSC_neg,OFT-0593-00,medium,920,3.422920981024891,4.169037121319869,1.3174157303370786,2.3529638100188346,3.0489725090657487
TSC_neg,OFT-0593-00,fast,921,3.3272125010261155,4.7169123011819645,1.2106741573033708,2.1003497144251324,2.9342551655911904
TSC_neg,OFT-0593-00,slow,922,3.4066403678223574,3.655430711610487,1.3707865168539326,2.54028059730131,3.0952005550832133
TSC_neg,OFT-0596-00,fast,923,3.3170161125476154,3.9907012785741958,1.1573033707865168,2.2239252248725685,2.997264728777804
TSC_neg,OFT-0596-00,slow,924,3.3315498908384438,2.822691148259797,1.1573033707865168,2.6193988845651464,3.1545569277632253
TSC_neg,OFT-0596-00,medium,925,3.363181810353444,3.549357945425361,1.3707865168539326,2.593984605965066,3.1041142463657394
TSC_neg,OFT-0600-00,medium,926,3.2880542718044943,3.2206273317068375,1.2640449438202248,2.5033284992915403,3.0185678718253537
TSC_neg,OFT-0600-00,fast,927,3.355977642081473,3.9197547536732933,1.2640449438202248,2.357693162553502,3.0751909704735203
TSC_neg,OFT-0600-00,slow,928,3.4708026690786062,2.3119640745121233,1.103932584269663,2.757562219172146,3.224495513166812
TSC_neg,OFT-0603-00,medium,929,3.3883044519442773,4.32152117545376,1.2640449438202248,2.19420956484324,2.9607476329229185
TSC_neg,OFT-0603-00,fast,930,3.4560716133871594,4.6120920278223645,1.2106741573033708,2.0586766289068,2.8637436272869694
TSC_neg,OFT-0603-00,slow,931,3.3365997188744556,3.4668835008870493,1.3174157303370786,2.502507819561856,3.0707567085116176
TSC_neg,OFT-0609-00,fast,932,3.367114580514217,4.540028089887641,1.2106741573033708,2.0955994598508494,2.94440705327155
TSC_neg,OFT-0609-00,slow,933,3.2839691223168215,3.7177792465300734,1.2640449438202248,2.3984042275579376,2.926199299880123
TSC_neg,OFT-0609-00,medium,934,3.210312828980953,3.992168879809329,1.3174157303370786,2.1714291040409965,2.851876264845114
TSC_neg,OFT-0615-00,fast,935,3.292426665556232,4.21815999723706,1.3174157303370786,2.2565805738321436,3.001197025641804
TSC_neg,OFT-0615-00,slow,936,3.2596255597417385,2.562345848177583,1.050561797752809,2.568098818073336,3.1096464521428406
TSC_neg,OFT-0615-00,medium,937,3.2864251721373416,3.5131086142322094,1.3174157303370786,2.5046149061265384,3.094859573540238
TSC_neg,OFT-0616-00,medium,938,3.1579843226983377,3.9933191618584876,1.4775280898876404,2.3726821830364764,2.8956897353489306
TSC_neg,OFT-0616-00,slow,939,3.101943359822615,3.560229945126731,1.5308988764044944,2.497569767340916,2.981031990255704
TSC_neg,OFT-0616-00,fast,940,3.1823595160587255,4.382022471910113,1.4241573033707866,2.1363833139630595,2.718835684889759
TSC_neg,OFT-0618-00,slow,941,3.322041508105411,3.2742193977195067,1.3174157303370786,2.6484770732391536,3.132180184375487
TSC_neg,OFT-0618-00,medium,942,3.2651826407325815,3.8613704700110776,1.3707865168539326,2.359183588852545,2.879906307427475
TSC_neg,OFT-0618-00,fast,943,3.4140657257971148,4.213483146067416,1.2640449438202248,2.3483281793056427,3.0856697796533403
TSC_neg,OFT-0619-00,slow,944,3.4249672289916777,2.939639404233081,1.2640449438202248,2.711472857338555,3.1872041949273404
TSC_neg,OFT-0619-00,medium,945,3.4329848023841882,3.436111836948001,1.4775280898876404,2.6623530546709073,3.180355237555659
TSC_neg,OFT-0619-00,fast,946,3.2747376662933974,3.7885335638144624,1.4775280898876404,2.476499253433368,3.0452925665570474
TSC_neg,OFT-0622-00,slow,947,3.4970242890158967,2.502756409847872,1.050561797752809,2.6240292687470674,3.0971843299499
TSC_neg,OFT-0622-00,medium,948,3.5933222138928866,2.974635111426332,1.2640449438202248,2.6999772640445006,3.201787790839173
TSC_neg,OFT-0622-00,fast,949,3.3280843775852462,3.60372704850644,1.4775280898876404,2.4819907208282452,2.992199089655322
TSC_neg,OFT-0623-00,slow,950,3.418367673993659,2.882557517388978,1.2106741573033708,2.6965905261994116,3.1703011852710477
TSC_neg,OFT-0623-00,medium,951,3.29557399614212,3.655430711610487,1.3707865168539326,2.560444290786767,3.057164943986993
TSC_neg,OFT-0623-00,fast,952,3.3018048752889158,3.9501404494382024,1.2640449438202248,2.371038799854755,2.998666460943868
TSC_neg,OFT-0625-00,slow,953,3.7648282680372556,2.361111111111111,1.050561797752809,2.696997868058846,3.2275107695177003
TSC_neg,OFT-0625-00,fast,954,3.3031393582977415,3.4703456122884373,1.3707865168539326,2.4733023055915417,3.00149638997155
TSC_neg,OFT-0625-00,medium,955,3.4045855140962424,2.939639404233081,1.2640449438202248,2.549247101710382,3.055953872182158
TSC_neg,OFT-0626-00,medium,956,3.441144585010808,3.452629371968554,1.4241573033707866,2.6460917497737584,3.1007046995018
TSC_neg,OFT-0626-00,slow,957,3.289233848073388,2.562345848177583,1.050561797752809,2.6095372575200013,3.0782860707675503
TSC_neg,OFT-0626-00,fast,958,3.4520233424827302,3.807740324594257,1.3707865168539326,2.4663201011822062,3.0640999078845654
TSC_neg,OFT-0627-00,fast,959,3.5354805904963564,3.084871589085073,1.2640449438202248,2.562443832858512,3.134017503210348
TSC_neg,OFT-0627-00,slow,960,3.50107381424652,2.1918932855669544,0.9971910112359551,2.497061193775283,2.938960693410374
TSC_neg,OFT-0627-00,medium,961,3.493718200350638,2.6608223237436723,1.2106741573033708,2.758846473156758,3.190223282270833
TSC_neg,OFT-0629-00,slow,962,3.489465518669894,2.6131326667353885,1.4241573033707866,2.8172793540088916,3.2887983264793097
TSC_neg,OFT-0629-00,fast,963,3.6196643485084703,2.994126659856997,1.3174157303370786,2.704952468851486,3.257129718388261
TSC_neg,OFT-0629-00,medium,964,3.5474004638137506,2.5759024623475972,1.2106741573033708,2.845088663376355,3.312954600564243
TSC_neg,OFT-0631-00,medium,965,3.3678493256692157,3.3119937287692713,1.4241573033707866,2.6079738691438497,3.1424533502359915
TSC_neg,OFT-0631-00,slow,966,3.7490733196850186,2.4431669715181608,1.050561797752809,2.702521068436298,3.139320008767958
TSC_neg,OFT-0631-00,fast,967,3.492209674236639,3.669047453398864,1.4241573033707866,2.670824527076675,3.2179357039567975
TSC_neg,OFT-0633-00,fast,968,3.3006563776987043,3.2752808988764044,1.6376404494382022,2.5575935876787583,3.068314177755563
TSC_neg,OFT-0633-00,slow,969,3.6714966833286744,2.235237867559168,1.050561797752809,2.6173816311578597,3.030273196256837
TSC_neg,OFT-0633-00,medium,970,3.7115997832205974,2.337986607649529,1.1573033707865168,2.8747823757762507,3.3264319180763366
TSC_neg,OFT-0635-00,medium,971,3.4070157643478094,3.5309685207540165,1.4241573033707866,2.638202655464352,3.104600711052767
TSC_neg,OFT-0635-00,fast,972,3.3481958421612608,4.18227215980025,1.3174157303370786,2.310621505442662,3.0051422885970793
TSC_neg,OFT-0635-00,slow,973,3.163892742462779,3.684348053305462,1.5842696629213484,2.6179645662441597,3.069492110263451
TSC_neg,OFT-0638-00,slow,974,3.275522573281426,3.8991439272338146,1.6376404494382022,2.6531397821381795,3.1269345222446465
TSC_neg,OFT-0638-00,medium,975,3.41317556764409,3.9325842696629216,1.3174157303370786,2.467936075616623,3.074325515399115
TSC_neg,OFT-0638-00,fast,976,3.3852277294743223,4.295920859794821,1.3174157303370786,2.3432003052691415,3.054500498784175
TSC_neg,OFT-0659-00,fast,977,3.557329638280598,3.764044943820225,1.3174157303370786,2.544647838809009,3.1541429103356586
TSC_neg,OFT-0659-00,slow,978,3.361338988817058,2.429125782026677,1.050561797752809,2.6681002453527594,3.1818876902453597
TSC_neg,OFT-0659-00,medium,979,3.6189175508520157,3.303100040611886,1.3707865168539326,2.746292193058928,3.227246187884033
TSC_neg,OFT-0672-00,slow,980,3.57880548005637,2.822691148259797,1.1573033707865168,2.7798105771400343,3.3009195668643785
TSC_neg,OFT-0672-00,medium,981,3.553011009106013,2.9528637983009043,1.2106741573033708,2.7807270261469474,3.238769820062842
TSC_neg,OFT-0672-00,fast,982,3.624528680552506,3.4241691556440528,1.3174157303370786,2.5366481615993153,3.045873061255912
TSC_neg,OFT-0680-00,medium,983,3.5828256793144977,3.130394072626608,1.4241573033707866,2.826624143058529,3.32155251402991
TSC_neg,OFT-0680-00,fast,984,3.448403774886855,3.60660766336979,1.5308988764044944,2.681287969119182,3.237585004224905
TSC_neg,OFT-0680-00,slow,985,3.8462992507743805,2.346656587902995,0.9971910112359551,2.7730253072950326,3.3014490474277864
new_preds,OFT-0000-00,fast,986,3.471822129983557,4.491770022071403,1.3174157303370786,2.370041765324663,3.1458124782087205
new_preds,OFT-0000-00,medium,987,3.4539336356598187,4.18227215980025,1.3174157303370786,2.352626148913236,3.0327448176165888
new_preds,OFT-0000-00,slow,988,3.4744953022818446,3.523703153427362,1.4241573033707866,2.66774943346842,3.1200755649272685
new_preds,OFT-0000-01,slow,989,3.380572346680992,3.60372704850644,1.4775280898876404,2.5982492386585143,3.0936059162134404
new_preds,OFT-0000-01,fast,990,3.4796910602843907,4.305080605764534,1.2640449438202248,2.3962142724487627,3.18193167348727
new_preds,OFT-0000-01,medium,991,3.292538852550765,4.31939583717075,1.3174157303370786,2.118783419011349,2.819228482661665
new_preds,OFT-0001-00,slow,992,3.207004544271913,4.064034251396698,1.3174157303370786,2.3608794694282595,2.969423450821574
new_preds,OFT-0001-00,medium,993,3.3790458566125263,4.2417615564437074,1.2640449438202248,2.2833238886753486,3.0252236857544936
new_preds,OFT-0001-00,fast,994,3.2918729413351637,4.434616304087975,1.3707865168539326,2.2800449108180527,3.0020127683285667
new_preds,OFT-0001-01,fast,995,3.4230597571945767,4.656439066551426,1.2106741573033708,2.147307442633627,2.99159875712786
new_preds,OFT-0001-01,medium,996,3.4091336370960814,4.384117387347612,1.2640449438202248,2.247927026668704,3.0327888111311383
new_preds,OFT-0001-01,slow,997,3.1914514331341537,3.3351168182628856,1.050561797752809,2.4063011796016656,3.067496972039899
new_preds,OFT-0003-00,slow,998,3.3617327228502845,2.8457609805924413,0.9438202247191011,2.5085743545324397,3.146516217461774
new_preds,OFT-0003-00,fast,999,3.2282045547130362,4.596527068437181,1.2640449438202248,2.186643674856837,2.981940547543415
new_preds,OFT-0003-00,medium,1000,3.3262492366024423,4.437388047549259,1.5308988764044944,2.533801915491805,3.1598123811515895
new_preds,OFT-0004-00,slow,1001,3.535166861757848,3.473554398465333,1.4241573033707866,2.7483775225968454,3.199871027449254
new_preds,OFT-0004-00,fast,1002,3.291572115634149,4.283707865168539,1.3707865168539326,2.291555000642867,2.9594355758257462
new_preds,OFT-0004-00,medium,1003,3.5068899748181606,3.731548799294999,1.2640449438202248,2.5529360029037655,3.156371084001517
new_preds,OFT-0004-02,slow,1004,3.488967721643374,2.729503642424991,1.103932584269663,2.6813182268348643,3.31939658645259
new_preds,OFT-0004-02,medium,1005,3.595787292254866,3.683114638170818,1.2640449438202248,2.528213925521133,3.1894719544490155
new_preds,OFT-0004-02,fast,1006,3.6115294144041274,4.402451481103166,1.2106741573033708,2.228522122100362,2.9884222881171216
new_preds,OFT-0005-00,medium,1007,3.3811033039536373,3.507785188147422,1.1573033707865168,2.498893922386717,3.1218372601960156
new_preds,OFT-0005-00,fast,1008,3.5065345802095784,4.10728313320615,1.3707865168539326,2.532242459574504,3.1905788006974767
new_preds,OFT-0005-00,slow,1009,3.3057635292724017,3.2935393258426964,1.3174157303370786,2.5737389270150257,3.0614365426678365
new_preds,OFT-0005-01,fast,1010,3.544715880783262,3.9054005074302283,1.2106741573033708,2.321658170227238,3.01629101361669
new_preds,OFT-0005-01,slow,1011,3.410565375717754,3.7110302263016295,1.3174157303370786,2.59210421209693,3.0777892564786145
new_preds,OFT-0005-01,medium,1012,3.8035091001814996,3.3202857012181184,1.103932584269663,2.5385189255133316,3.167570857311588
new_preds,OFT-0005-02,slow,1013,3.215661818959231,3.4435614019061536,1.4775280898876404,2.5706127664051004,3.0240007552534376
new_preds,OFT-0005-02,fast,1014,3.4313461003105203,3.8168757012006234,1.103932584269663,2.348664198365255,3.0399323618983596
new_preds,OFT-0005-02,medium,1015,3.4905749234954806,3.7799972256901095,1.5308988764044944,2.6032049685773417,3.0737748990425415
new_preds,OFT-0006-00,medium,1016,3.353403788867253,4.032905296950241,1.3174157303370786,2.379619072324795,2.9717297878162534
new_preds,OFT-0006-00,fast,1017,3.4626981728493766,4.3456708526107075,1.4775280898876404,2.4888090479883727,3.0989859188665236
new_preds,OFT-0006-00,slow,1018,3.3069505761548093,3.819398545935228,1.3174157303370786,2.4237958404330153,2.938619192029146
new_preds,OFT-0006-01,slow,1019,3.292096586201581,2.81400481540931,1.050561797752809,2.610385037720446,3.1590142594019124
new_preds,OFT-0006-01,medium,1020,3.4672232681832815,4.109980767284139,1.5308988764044944,2.6928131279102425,3.2346683495841386
new_preds,OFT-0006-01,fast,1021,3.45476789637153,4.359665214400367,1.4241573033707866,2.4866954267839945,3.151889507674498
new_preds,OFT-0006-02,slow,1022,3.528146866607087,2.69251849821869,1.103932584269663,2.7474827515542097,3.288409435482898
new_preds,OFT-0006-02,fast,1023,3.449213784537462,3.596061853376349,1.2106741573033708,2.5432915825492164,3.261193931097177
new_preds,OFT-0006-02,medium,1024,3.661631058218488,3.6073329390892965,1.3707865168539326,2.75849509112066,3.299380976669483
new_preds,OFT-0007-00,medium,1025,3.4374366634897284,3.9353623904185704,1.3707865168539326,2.4388135357857457,2.9764422491331888
new_preds,OFT-0007-00,fast,1026,3.2996143277429684,4.382022471910113,1.4241573033707866,2.3846545233172987,3.0021017817113376
new_preds,OFT-0007-00,slow,1027,3.48691313339937,3.7185834384501533,1.2640449438202248,2.5316305684916216,3.0654104229687547
new_preds,OFT-0007-01,fast,1028,3.5096767493680017,4.270404424593482,1.3707865168539326,2.4692670984684804,3.176617267609859
new_preds,OFT-0007-01,medium,1029,3.708006717223638,3.535790052643985,1.2640449438202248,2.6447357596248686,3.189614177688411
new_preds,OFT-0007-01,slow,1030,3.479262272201005,3.3433817484242256,1.3707865168539326,2.72816312012091,3.246297159045787
new_preds,OFT-0008-00,medium,1031,3.424248436293108,3.9814907704654896,1.2640449438202248,2.423336527011588,3.121327114578748
new_preds,OFT-0008-00,fast,1032,3.378992871765338,4.262937173603418,1.2106741573033708,2.222777940052685,3.0383118138909815
new_preds,OFT-0008-00,slow,1033,3.3784296996613308,3.5137332779260633,1.3174157303370786,2.598335834780787,3.103282108145883
new_preds,OFT-0008-01,slow,1034,3.4789218281370715,3.9623765747361257,1.3174157303370786,2.4595009632775273,3.0454490294057526
new_preds,OFT-0008-01,fast,1035,3.3097947739682207,4.429295697451356,1.2106741573033708,2.21077523140335,3.0483143271198276
new_preds,OFT-0008-01,medium,1036,3.222255106245897,4.355390802480506,1.3174157303370786,2.298429141035009,3.045102615973325
new_preds,OFT-0009-00,fast,1037,3.4437500765484343,4.15579539267143,1.2640449438202248,2.384888915311826,3.0720738197806776
new_preds,OFT-0009-00,slow,1038,3.412913427299337,3.0649978665908124,1.2106741573033708,2.6639390325222445,3.1362718578682345
new_preds,OFT-0009-00,medium,1039,3.4050695776412154,3.8490737928940177,1.4241573033707866,2.563449909555429,3.089207660538654
new_preds,OFT-0009-01,fast,1040,3.3784004728920847,4.315628192032687,1.4241573033707866,2.4209299577838546,3.0759244418909115
new_preds,OFT-0009-01,medium,1041,3.494134919391706,3.6115569823434996,1.2640449438202248,2.5218037615965025,3.1409125751247946
new_preds,OFT-0009-01,slow,1042,3.378325081447316,3.045535186280307,1.1573033707865168,2.6925831740191626,3.2125990493107848
new_preds,OFT-0010-00,medium,1043,3.4661252466927417,3.807796008780283,1.103932584269663,2.251587415267226,3.0424634119041998
new_preds,OFT-0010-00,slow,1044,3.2681565387850697,3.673978954877831,1.1573033707865168,2.335310468054118,3.0020396350869696
new_preds,OFT-0010-00,fast,1045,3.3292537977702357,4.631035529911934,1.3707865168539326,2.2050183762697366,2.951015200224368
new_preds,OFT-0010-01,slow,1046,3.4068775839857617,3.7338996985475474,1.5308988764044944,2.6172447654440156,3.1525093853351573
new_preds,OFT-0010-01,medium,1047,3.46923134166988,3.9526424552567616,1.3174157303370786,2.4794835375521824,3.0700730172407447
new_preds,OFT-0010-01,fast,1048,3.368171061900094,4.308575319811275,1.1573033707865168,2.123475462185403,2.948432667462322
new_preds,OFT-0010-02,fast,1049,3.6090859615990554,4.40420442189199,1.3707865168539326,2.326438789729554,3.0992007949765017
new_preds,OFT-0010-02,slow,1050,3.4184933277457823,3.1516497612656487,1.3707865168539326,2.768984412833063,3.218061536557676
new_preds,OFT-0010-02,medium,1051,3.511523924528945,3.56139646869984,0.9971910112359551,2.1923600486205594,2.998704667741865
new_preds,OFT-0011-00,medium,1052,3.6014541803782287,3.9722080354102824,1.3174157303370786,2.5068469622809575,3.1670739643991594
new_preds,OFT-0011-00,fast,1053,3.4593284235790045,4.396678065461652,1.2640449438202248,2.2977248685899783,3.0995460483367925
new_preds,OFT-0011-00,slow,1054,3.46416416600896,3.8747521480502316,1.3174157303370786,2.5074585074912403,3.11021466542681
new_preds,OFT-0011-01,fast,1055,3.3511925565833556,4.596527068437181,1.2640449438202248,2.2020799659414916,3.0205902935952667
new_preds,OFT-0011-01,slow,1056,3.3926488859827524,3.755579498229952,1.3707865168539326,2.502999604325648,2.9901182605119176
new_preds,OFT-0011-01,medium,1057,3.392820432677263,3.9537727624951566,1.3174157303370786,2.4470443868295706,3.133821576027299
new_preds,OFT-0011-02,fast,1058,3.4862214742811117,4.8863339430363215,1.050561797752809,2.1087400924329893,2.906452474118464
new_preds,OFT-0011-02,medium,1059,3.4675055638514287,4.103980194248714,1.2106741573033708,2.4070310723972,3.151857635669744
new_preds,OFT-0011-02,slow,1060,3.42934674155751,3.964504596527069,1.7443820224719102,2.756477877100725,3.1449703196299765
new_preds,OFT-0012-00,fast,1061,3.3074119981393997,4.76621964479884,1.4775280898876404,2.293511602911123,2.962627951580873
new_preds,OFT-0012-00,medium,1062,3.2991521549370257,4.14440965186959,1.2640449438202248,2.337216981721174,3.029280727250558
new_preds,OFT-0012-00,slow,1063,3.19939751525322,3.4388609222356017,1.2106741573033708,2.4447809056667733,2.9928348285441264
new_preds,OFT-0013-00,slow,1064,3.3467977150880093,3.560229945126731,1.5308988764044944,2.684195998010486,3.159367258342096
new_preds,OFT-0013-00,fast,1065,3.49374295582223,4.1602602010644585,1.3174157303370786,2.3746784827324285,3.1051519286648324
new_preds,OFT-0013-00,medium,1066,3.451584135515266,3.7177792465300734,1.2640449438202248,2.4166237326651974,3.0304962827017636
new_preds,OFT-0014-00,slow,1067,3.2853520429253615,3.7048284239295475,1.3707865168539326,2.5640170240578355,3.1107177606770056
new_preds,OFT-0014-00,fast,1068,3.386483527300911,4.3231186876329994,1.3707865168539326,2.347649707688981,3.032520189164026
new_preds,OFT-0014-00,medium,1069,3.4250349479223554,3.9541918755401904,1.3707865168539326,2.5350426403334585,3.092983469174685
new_preds,OFT-0015-00,slow,1070,3.282555510607913,3.045035488855714,0.9971910112359551,2.474487445361429,3.0924775413404832
new_preds,OFT-0015-00,fast,1071,3.410979780142194,4.594055817325118,1.4241573033707866,2.317716838425623,3.0123425220916396
new_preds,OFT-0015-00,medium,1072,3.4163164356912064,4.11098699338677,1.2640449438202248,2.335566515459639,3.063117548340281
new_preds,OFT-0016-00,medium,1073,3.360232436587365,4.21780466724287,1.3707865168539326,2.295169947025358,2.9360914514004754
new_preds,OFT-0016-00,fast,1074,3.430927980518227,4.461335095836088,1.2640449438202248,2.2285288669314602,3.067852618539915
new_preds,OFT-0016-00,slow,1075,3.192053588248856,3.7177792465300734,1.2640449438202248,2.349935238602296,2.966709010204955
new_preds,OFT-0017-00,medium,1076,3.356477913417336,3.7732684890155967,1.2640449438202248,2.4226945282301875,3.0563666961631752
new_preds,OFT-0017-00,fast,1077,3.5123682961927996,3.9912334856155085,1.2106741573033708,2.4058743029696377,3.18260846854915
new_preds,OFT-0017-00,slow,1078,3.430723766385812,3.1096692514638393,1.103932584269663,2.6296002293508036,3.161374411968045
new_preds,OFT-0018-00,slow,1079,3.0332740449188256,4.117929511187938,1.3174157303370786,2.1340390408355674,2.7460264991998735
new_preds,OFT-0018-00,medium,1080,3.3422908668152944,4.3587756683456025,1.2640449438202248,2.1560922880862567,2.9182857037018155
new_preds,OFT-0018-00,fast,1081,3.4100790289477745,4.879317519766957,1.3174157303370786,2.2208561960810864,3.0476233947390785
new_preds,OFT-0019-00,fast,1082,3.457680132981813,4.6467339554370595,1.3707865168539326,2.3326825409298695,3.1314123457807823
new_preds,OFT-0019-00,medium,1083,3.4155737763384084,4.270312398519192,1.4775280898876404,2.5191865805210583,3.1915261141611255
new_preds,OFT-0019-00,slow,1084,3.3979174702624118,3.7177792465300734,1.2640449438202248,2.499069123269025,3.128480269171653
new_preds,OFT-0020-00,fast,1085,3.396560923455234,4.785075796405676,1.2640449438202248,2.2050092315201266,3.062576313429896
new_preds,OFT-0020-00,medium,1086,3.3484342539515546,4.485812934724452,1.4241573033707866,2.351169836136872,3.09828557405508
new_preds,OFT-0020-00,slow,1087,3.3342519086806783,4.21780466724287,1.3707865168539326,2.4541147958779033,3.1260634832855074
new_preds,OFT-0021-00,fast,1088,3.3293847529230374,4.569288389513109,1.3707865168539326,2.189803490402249,2.955517396454416
new_preds,OFT-0021-00,medium,1089,3.3008366597969414,4.163669452876606,1.4241573033707866,2.4441647921573053,3.0776254244080268
new_preds,OFT-0021-00,slow,1090,3.229507541482475,2.9560998356797086,0.9971910112359551,2.4881069366342174,3.0620345680720407
new_preds,OFT-0022-00,fast,1091,3.3682401968629536,4.908138475554207,1.2106741573033708,2.1594817720089337,3.0239679799528165
new_preds,OFT-0022-00,medium,1092,3.2359237170489377,3.843410023185304,1.2106741573033708,2.3289678738037605,3.056242673886716
new_preds,OFT-0022-00,slow,1093,3.26257658066364,3.2066278301234266,1.3707865168539326,2.6434812730575943,3.1058377306748777
new_preds,OFT-0023-00,fast,1094,3.353874064686666,4.283707865168539,1.3707865168539326,2.341359141385832,2.9912016392957956
new_preds,OFT-0023-00,slow,1095,3.215163294671413,3.9117769454848106,1.5842696629213484,2.56913908376673,3.0857124807812992
new_preds,OFT-0023-00,medium,1096,3.4685930124931215,3.66389838788471,1.2640449438202248,2.5673993636312735,3.1678837029746982
new_preds,OFT-0024-00,fast,1097,3.393119180364757,4.525884700199517,1.2106741573033708,2.182004017777627,3.0193233961897987
new_preds,OFT-0024-00,medium,1098,3.344451681520995,4.31939583717075,1.3174157303370786,2.272485014824301,3.001730199611716
new_preds,OFT-0024-00,slow,1099,3.2597779923601875,3.9501404494382024,1.2640449438202248,2.4053053420436874,2.996553263314277
new_preds,OFT-0025-00,fast,1100,3.170484135406293,5.166336197400308,1.3174157303370786,2.126295343066852,2.95516803667592
new_preds,OFT-0025-00,slow,1101,3.2230666162801205,4.14440965186959,1.2640449438202248,2.222745561697524,2.9046320847621074
new_preds,OFT-0025-00,medium,1102,3.313150362055581,4.6317120125490945,1.4241573033707866,2.375144265597524,3.0454894913780852
new_preds,OFT-0026-00,medium,1103,3.3743831007177527,4.617275280898876,1.4775280898876404,2.421074176047457,3.151416648440927
new_preds,OFT-0026-00,slow,1104,3.3648438076465164,4.8746758859118415,1.5842696629213484,2.410910955424399,3.0924078300634537
new_preds,OFT-0026-00,fast,1105,3.4633122180681153,4.819813647574677,1.3174157303370786,2.248797506719397,3.1265776984746547
new_preds,OFT-0027-00,medium,1106,3.3264586001135066,3.8902898365679266,1.2640449438202248,2.345390309341208,2.95576061300205
new_preds,OFT-0027-00,fast,1107,3.4782428918702153,3.9216401575952142,1.2640449438202248,2.394001507665272,3.0429891680977805
new_preds,OFT-0027-00,slow,1108,3.2965948671093925,3.7338996985475474,1.5308988764044944,2.6087293970138847,3.1006950068126145
new_preds,OFT-0028-00,fast,1109,3.538988036129316,4.451083222300053,1.2640449438202248,2.283046980652262,3.1086124588045716
new_preds,OFT-0028-00,medium,1110,3.5692661632619425,3.992168879809329,1.3174157303370786,2.4740760501339314,3.164086413373245
new_preds,OFT-0028-00,slow,1111,3.309800282968877,3.535962968824181,1.2640449438202248,2.4365794480311473,3.022688043076664
new_preds,OFT-0029-00,medium,1112,3.498611722096161,4.153898535921008,1.3707865168539326,2.520058579738113,3.1278132800058644
new_preds,OFT-0029-00,fast,1113,3.457559385647532,4.398371287777717,1.3707865168539326,2.3842652162350375,3.102704114332133
new_preds,OFT-0029-00,slow,1114,3.2933970577883005,3.9829381698373023,1.3707865168539326,2.497987258197102,3.0769967551810224
new_preds,OFT-0030-00,slow,1115,3.1825935709226836,4.045202713198364,1.2640449438202248,2.3426553854820975,2.9864892450225238
new_preds,OFT-0030-00,medium,1116,3.3672261519313023,4.607275545435663,1.4241573033707866,2.3456150577017305,3.0003429142665445
new_preds,OFT-0030-00,fast,1117,3.2605806574446934,4.656560546063906,1.3174157303370786,2.149640214700172,2.917291444081659
new_preds,OFT-0031-00,fast,1118,3.4656043314188563,4.367257274560646,1.3174157303370786,2.344673061341975,3.0877695363969635
new_preds,OFT-0031-00,slow,1119,3.526098705662318,3.488513834296395,1.2640449438202248,2.590757777740864,3.1303006780966913
new_preds,OFT-0031-00,medium,1120,3.4701907956680147,3.919699000103083,1.4241573033707866,2.551923747596473,3.1360636729918734
new_preds,OFT-0032-00,fast,1121,3.328464325110112,4.9848613417770835,1.3707865168539326,2.188290748351544,2.9875281017430426
new_preds,OFT-0032-00,slow,1122,3.1824463054255236,3.969423466568429,1.2106741573033708,2.1895670629996555,2.8488759494384115
new_preds,OFT-0032-00,medium,1123,3.3692900529715812,4.5190764291887895,1.3707865168539326,2.3129993623909573,2.9980307087990434
new_preds,OFT-0033-00,fast,1124,3.4521881485829065,4.527255284932568,1.3174157303370786,2.2310668298935306,2.995021506905494
new_preds,OFT-0033-00,slow,1125,3.2946519521899096,3.846469285655704,1.3174157303370786,2.363939495667832,2.957877631741035
new_preds,OFT-0033-00,medium,1126,3.477514052901352,4.085010016549081,1.3174157303370786,2.3727208697932007,2.991230938750677
new_preds,OFT-0034-00,fast,1127,3.346671559277907,4.607275545435663,1.4241573033707866,2.259795388452609,2.9665529245733695
new_preds,OFT-0034-00,medium,1128,3.4571414980855457,4.1331325201274,1.3174157303370786,2.3168001462868326,2.9624860217454
new_preds,OFT-0034-00,slow,1129,3.2565476707687084,3.390850722311397,1.4241573033707866,2.650211685831325,3.095395249340774
new_preds,OFT-0035-00,fast,1130,3.318242321664502,4.785075796405676,1.2640449438202248,2.152324877408589,2.9674657054541917
new_preds,OFT-0035-00,slow,1131,3.343222680797933,4.18227215980025,1.3174157303370786,2.392330723845513,3.060684901471403
new_preds,OFT-0035-00,medium,1132,3.369453677739527,4.421891989851395,1.3707865168539326,2.315294842505672,3.0420458183955805
new_preds,OFT-0036-00,fast,1133,3.3692200576033513,4.805208151672936,1.3174157303370786,2.0856260095201646,2.9260917940851106
new_preds,OFT-0036-00,medium,1134,3.457809989910634,4.391385767790262,1.3174157303370786,2.284069919085565,3.062940323617569
new_preds,OFT-0036-00,slow,1135,3.4474198350471377,4.299404025897226,1.4241573033707866,2.4667972811302867,3.0737555140505317
new_preds,OFT-0037-00,fast,1136,3.465936781490869,4.491189989785496,1.3174157303370786,2.2850677290221837,3.051349075450875
new_preds,OFT-0037-00,slow,1137,3.2450408670318556,3.992168879809329,1.3174157303370786,2.449800217753507,3.0369232290190324
new_preds,OFT-0037-00,medium,1138,3.4363275402191675,4.249728162377672,1.3174157303370786,2.4515106738610566,3.1276437658170884
new_preds,OFT-0038-00,fast,1139,3.3821486220104346,4.705056179775281,1.3174157303370786,2.2160272729944164,3.0177125366596256
new_preds,OFT-0038-00,slow,1140,3.2198127413472593,4.085255509939499,1.3174157303370786,2.300082808933957,2.8787020134993826
new_preds,OFT-0038-00,medium,1141,3.1763801079623213,4.844354393074231,1.4775280898876404,2.2842832481270614,2.960998924575016
new_preds,OFT-0039-00,slow,1142,3.336757213991431,3.888905102388248,1.4775280898876404,2.5075451662915804,3.014295326560105
new_preds,OFT-0039-00,medium,1143,3.476497207662662,3.818596319817619,1.3174157303370786,2.5866593837742595,3.267620845683163
new_preds,OFT-0039-00,fast,1144,3.4581660789298736,4.439508493953305,1.3174157303370786,2.3326453082688112,3.13390065323409
new_preds,OFT-0040-00,fast,1145,3.5238763575161185,4.910887253002712,1.4241573033707866,2.3277380064380915,3.0958054136467625
new_preds,OFT-0040-00,medium,1146,3.31663524574321,4.13322632423756,1.1573033707865168,2.3030720507603855,3.089495644021053
new_preds,OFT-0040-00,slow,1147,3.2256414014303605,4.196846508343217,1.4775280898876404,2.461202367715958,2.9792312604455526
new_preds,OFT-0041-00,fast,1148,3.433600013809113,4.69502407704655,1.4241573033707866,2.374978154139718,3.131358003986212
new_preds,OFT-0041-00,slow,1149,3.1217171405817603,4.169130691898285,1.5842696629213484,2.4256094038972105,2.912451269372648
new_preds,OFT-0041-00,medium,1150,3.232894471541192,4.440399755407781,1.4241573033707866,2.369075699325963,3.001391215806825
new_preds,OFT-0042-00,fast,1151,3.3538451131563463,5.477528089887641,1.4241573033707866,2.287193959305483,3.1499822817986716
new_preds,OFT-0042-00,slow,1152,3.185447946427669,4.185851601581939,1.3707865168539326,2.4323320949007794,3.068402916107826
new_preds,OFT-0042-00,medium,1153,3.355821651130986,4.305080605764534,1.2640449438202248,2.375996511739446,3.1729277847251813
new_preds,OFT-0043-00,medium,1154,3.3285068540185963,4.251879395360116,1.4775280898876404,2.5586278166996714,3.1316636539315756
new_preds,OFT-0043-00,fast,1155,3.370013983585974,4.2940500510725235,1.4241573033707866,2.3831097827381624,3.0074059023326525
new_preds,OFT-0043-00,slow,1156,3.3282641125050803,3.5368458345986435,1.3174157303370786,2.5718786965308578,3.143603099205095
new_preds,OFT-0044-00,fast,1157,3.2310829238848204,4.895666131621187,1.3707865168539326,2.0543966143241907,2.7899707140031578
new_preds,OFT-0044-00,medium,1158,3.3255507358803986,4.49438202247191,1.3707865168539326,2.327045510821482,3.0086299467117184
new_preds,OFT-0044-00,slow,1159,3.220378205987768,4.03172504957039,1.3707865168539326,2.4143937794555113,2.916036524004697
new_preds,OFT-0045-00,fast,1160,3.5332324072703667,4.428288169200265,1.3174157303370786,2.273875592066264,3.005423827489366
new_preds,OFT-0045-00,slow,1161,3.4332117564110063,3.7251512532411413,1.2106741573033708,2.2726577832463013,2.832022037325377
new_preds,OFT-0045-00,medium,1162,3.4736859764272543,4.053586862575627,1.3174157303370786,2.3250254543793756,2.986732348248511
new_preds,OFT-0046-00,fast,1163,3.5072375752676797,4.469956033219345,1.3707865168539326,2.4083462604158545,3.1468006929447485
new_preds,OFT-0046-00,slow,1164,3.2252203023161643,2.905085748078061,1.103932584269663,2.553832097480472,3.1038781588213284
new_preds,OFT-0046-00,medium,1165,3.3030405164989243,4.239545928414224,1.3707865168539326,2.255564445454399,2.9508194919117945
new_preds,OFT-0047-00,medium,1166,3.3601409827668003,4.5190764291887895,1.3707865168539326,2.383288049950124,3.0929736925519107
new_preds,OFT-0047-00,fast,1167,3.4487856842116718,4.987112330031692,1.3174157303370786,2.1977869557127656,3.009637403982304
new_preds,OFT-0047-00,slow,1168,3.3663679562650666,4.127992183683439,1.4241573033707866,2.5535693334373493,3.1286341065520493
new_preds,OFT-0048-00,fast,1169,3.392719542020909,5.194705248576266,1.2640449438202248,2.166558611897918,3.0038779102997624
new_preds,OFT-0048-00,slow,1170,3.2020398286129756,4.249728162377672,1.3174157303370786,2.310038617412377,2.971646869168809
new_preds,OFT-0048-00,medium,1171,3.560267293410346,4.504314449136125,1.3174157303370786,2.223829764005676,2.950118351509357
new_preds,OFT-0049-00,medium,1172,3.2860161300233584,4.397010542629336,1.2640449438202248,2.303268883049213,3.0477329617548916
new_preds,OFT-0049-00,fast,1173,3.2574089258982974,5.066983578219533,1.3174157303370786,2.1653729032677402,2.9460342420471677
new_preds,OFT-0049-00,slow,1174,3.140789183431795,4.386797608979559,1.3707865168539326,2.347991757076138,2.917089494603067
new_preds,OFT-0050-00,slow,1175,3.083234646601751,4.213483146067416,1.2640449438202248,2.162729106494838,2.765088893049007
new_preds,OFT-0050-00,medium,1176,3.297057698973438,4.494011358435347,1.2106741573033708,2.1511173020988057,2.891107359848192
new_preds,OFT-0050-00,fast,1177,3.3216737144910926,4.6905653647226675,1.4775280898876404,2.2744091599074405,2.9064879219361672
new_preds,OFT-0051-00,fast,1178,3.4426664923064547,4.542812863231306,1.3174157303370786,2.251145864676424,3.0996587438444814
new_preds,OFT-0051-00,medium,1179,3.4434156829072364,4.21780466724287,1.3707865168539326,2.383831979337246,3.082313669066159
new_preds,OFT-0051-00,slow,1180,3.2501221865406826,3.009630818619583,1.2640449438202248,2.638274759719184,3.1398507479297026
new_preds,OFT-0052-00,medium,1181,3.3192347971594156,4.432584269662922,1.4775280898876404,2.468913801362175,3.035601834052088
new_preds,OFT-0052-00,fast,1182,3.509315354883797,4.646882280703768,1.3707865168539326,2.2932219710076787,3.0360269392931114
new_preds,OFT-0052-00,slow,1183,3.2496949161971984,4.153898535921008,1.3707865168539326,2.4695324597441677,3.0372210803430444
new_preds,OFT-0053-00,fast,1184,3.5352791837092763,4.204518288309825,1.3174157303370786,2.398518785310037,3.1064721519531195
new_preds,OFT-0053-00,slow,1185,3.361394978464143,3.5154150358246503,1.3707865168539326,2.613610130712104,3.1234284062264033
new_preds,OFT-0053-00,medium,1186,3.37132685943802,3.8747521480502316,1.3174157303370786,2.3293749635402046,2.9069207198057763
new_preds,OFT-0054-00,fast,1187,3.340552966117127,4.595636268617716,1.3174157303370786,2.230861760663811,3.0588092455359748
new_preds,OFT-0054-00,slow,1188,3.3710008820589747,3.283005617977528,1.050561797752809,2.475624639922056,3.1552352284440097
new_preds,OFT-0054-00,medium,1189,3.4186089279919987,4.3865168539325845,1.3707865168539326,2.370690772356228,3.094261245842479
new_preds,OFT-0055-00,fast,1190,3.3559770435368295,4.809777252119061,1.3707865168539326,2.2757662679131254,3.080896132300589
new_preds,OFT-0055-00,slow,1191,3.266209947311658,4.162050957429972,1.4775280898876404,2.5791414939559276,3.1029269865686153
new_preds,OFT-0055-00,medium,1192,3.4550563018654574,4.450728818706346,1.3174157303370786,2.4183222797151323,3.1853994790710733
new_preds,OFT-0056-00,fast,1193,3.3874029202339613,5.447072738024838,1.3707865168539326,2.2035537432593313,3.041383782266872
new_preds,OFT-0056-00,slow,1194,3.2528750007955627,4.581757778738115,1.4775280898876404,2.3965858007178564,3.027024059768476
new_preds,OFT-0056-00,medium,1195,3.3467079422114407,4.9846782431052095,1.3707865168539326,2.263665465725659,3.0537286338209664
new_preds,OFT-0057-00,medium,1196,3.4234767515935856,4.351703228107723,1.3707865168539326,2.346099461397156,2.973247794722757
new_preds,OFT-0057-00,fast,1197,3.3325891962986196,4.975648028896686,1.3707865168539326,2.237047910167471,3.048449663611311
new_preds,OFT-0057-00,slow,1198,3.223479477883609,4.11692415730337,1.3174157303370786,2.3574320213816575,2.9218229495205064
new_preds,OFT-0058-00,slow,1199,3.4336597173199785,3.066479400749064,1.103932584269663,2.576996862660196,3.1712078032591204
new_preds,OFT-0058-00,fast,1200,3.3803672983132937,4.772385034171203,1.1573033707865168,2.133427873708858,3.043441549713023
new_preds,OFT-0058-00,medium,1201,3.2640614699616646,4.272824511086247,1.3174157303370786,2.3249224451864894,3.0461798140516883
new_preds,OFT-0059-00,fast,1202,3.419704043232042,4.569288389513109,1.3707865168539326,2.26442552555475,3.0125647799695545
new_preds,OFT-0059-00,medium,1203,3.229526241658772,4.0919000503102465,1.3707865168539326,2.3315128362528648,2.9465105136935335
new_preds,OFT-0059-00,slow,1204,3.2520321899138662,3.390850722311397,1.4241573033707866,2.6121889386077823,3.067427564495175
new_preds,OFT-0060-00,medium,1205,3.320868937555119,4.895666131621188,1.3707865168539326,2.211452507585616,2.966709424765954
new_preds,OFT-0060-00,slow,1206,3.244954718206782,4.348332966145259,1.3174157303370786,2.358289425529303,3.0572062067057204
new_preds,OFT-0060-00,fast,1207,2.926277223667976,5.395622155280459,1.3174157303370786,1.8481647969201618,2.509254311901147
new_preds,OFT-0061-00,slow,1208,3.1635458070846822,4.747191011235955,1.4241573033707866,2.3277133193276085,3.010240220700554
new_preds,OFT-0061-00,medium,1209,3.227062339756031,5.030409236161221,1.3707865168539326,2.1884211303031313,2.9796710701404328
new_preds,OFT-0061-00,fast,1210,3.2081878944074984,5.188603531300161,1.2106741573033708,2.0542642157142974,2.8314203016427846
new_preds,OFT-0062-00,medium,1211,3.277034307169467,4.705056179775281,1.3174157303370786,2.1540822816521366,2.9676730426363935
new_preds,OFT-0062-00,fast,1212,3.381375796486915,5.263800683927699,1.2106741573033708,2.0768489055375277,2.9320234638966487
new_preds,OFT-0062-00,slow,1213,3.1493029546973883,4.284561999774211,1.3174157303370786,2.1961047533840534,2.876908833741939
new_preds,OFT-0063-00,slow,1214,3.25888783445045,4.536245573191544,1.5308988764044944,2.492782533919253,3.0659411306812676
new_preds,OFT-0063-00,medium,1215,3.171711555275164,4.526280043027976,1.2106741573033708,2.117105107659835,2.888798867683127
new_preds,OFT-0063-00,fast,1216,3.2358599434627653,5.697099348114996,1.3174157303370786,2.0818674865950486,2.9149447626624307
new_preds,OFT-0064-00,fast,1217,3.4925721973972483,4.666591792853457,1.3707865168539326,2.317042494440309,3.105211975044053
new_preds,OFT-0064-00,medium,1218,3.4141446999809415,3.9732942517505294,1.3707865168539326,2.497657324354499,3.1266483708608965
new_preds,OFT-0064-00,slow,1219,3.3428903862460415,3.9980775360586502,1.4241573033707866,2.592594436781124,3.1642265901430275
new_preds,OFT-0065-00,fast,1220,3.2622251242164406,5.3293297171638905,1.103932584269663,1.9539377210688686,2.7243467054398183
new_preds,OFT-0065-00,medium,1221,3.3516897770369694,4.60311568884942,1.3174157303370786,2.2350756869430226,3.0331408228215797
new_preds,OFT-0065-00,slow,1222,3.3840173691255515,4.315628192032687,1.4241573033707866,2.547481848742297,3.1587206533142136
new_preds,OFT-0066-00,medium,1223,3.385248694122901,4.503985402861807,1.3174157303370786,2.1507609355197204,2.9067997835314943
new_preds,OFT-0066-00,fast,1224,3.3323682043855705,4.776002161164091,1.2106741573033708,2.0190868645587883,2.8158643637694842
new_preds,OFT-0066-00,slow,1225,3.358628868039603,4.207044961459086,1.3707865168539326,2.433122748061733,3.085383780959176
new_preds,OFT-0067-00,medium,1226,3.462553403407893,4.391385767790262,1.3174157303370786,2.36670661947535,3.102367619880647
new_preds,OFT-0067-00,fast,1227,3.429503889567043,4.622511334516065,1.3174157303370786,2.1970316272408423,2.9626827326386134
new_preds,OFT-0067-00,slow,1228,3.3582812736034056,3.955992509363296,1.4241573033707866,2.4535578980478285,2.9665364953591076
new_preds,OFT-0068-00,fast,1229,3.4107708059600848,4.86171132238548,1.2640449438202248,2.190576901707924,2.9724416270308467
new_preds,OFT-0068-00,medium,1230,3.451288350478644,4.575821991552329,1.2640449438202248,2.249833033563407,3.0249320247447544
new_preds,OFT-0068-00,slow,1231,3.3485624663153395,4.216000161088961,1.3174157303370786,2.3346021321730253,2.9870000786190802
new_preds,OFT-0069-00,fast,1232,3.4562336046601234,4.283707865168539,1.3707865168539326,2.450261204277392,3.176799373070176
new_preds,OFT-0069-00,medium,1233,3.359658134395184,4.199534522664551,1.3174157303370786,2.3273353659805243,3.040630441067064
new_preds,OFT-0069-00,slow,1234,3.254083451932555,4.153898535921008,1.3707865168539326,2.459368108690398,3.058074628805554
new_preds,OFT-0070-00,fast,1235,3.483637540403237,4.643685881778211,1.3174157303370786,2.254345559811995,3.0204397934381526
new_preds,OFT-0070-00,medium,1236,3.4337080610119406,4.31939583717075,1.3174157303370786,2.3015855201636652,3.0095504647539912
new_preds,OFT-0070-00,slow,1237,3.3100593256158644,3.9334605139297802,1.3174157303370786,2.428770846893195,2.9871735633896774
new_preds,OFT-0071-00,medium,1238,3.344068151629157,4.879317519766957,1.3174157303370786,2.2140990425345577,3.0392929053209503
new_preds,OFT-0071-00,slow,1239,3.100233270034813,4.421891989851395,1.3707865168539326,2.2152359575356413,2.8638151576813398
new_preds,OFT-0071-00,fast,1240,3.24824636601073,5.453487195060229,1.2106741573033708,2.063458013149203,2.8562589985576006
new_preds,OFT-0072-00,medium,1241,3.402232520080651,4.081771584839182,1.3707865168539326,2.4880999648338538,3.1398775053546473
new_preds,OFT-0072-00,fast,1242,3.506293264181585,4.446963507446414,1.3707865168539326,2.380942469909826,3.108193774159015
new_preds,OFT-0072-00,slow,1243,3.388515160646825,3.804796528266804,1.5308988764044944,2.6680250217988606,3.1778711120620606
new_preds,OFT-0073-00,fast,1244,3.312987021659348,5.207802804311447,1.2106741573033708,2.091469242155482,2.8822976611661617
new_preds,OFT-0073-00,slow,1245,3.2649693559008,4.31939583717075,1.3174157303370786,2.3267001317485994,3.044426358151616
new_preds,OFT-0073-00,medium,1246,3.31776038895338,4.669368207773071,1.4241573033707866,2.3296955989505506,3.0596582964538235
new_preds,OFT-0074-00,medium,1247,3.4902156513708533,4.185607685050176,1.3707865168539326,2.4180312462099662,3.121321145642915
new_preds,OFT-0074-00,slow,1248,3.333458437856888,4.1050365607528505,1.4775280898876404,2.5525186643426867,3.185261937334044
new_preds,OFT-0074-00,fast,1249,3.494007468552672,4.458137006161652,1.3707865168539326,2.304977086842683,3.088887299144029
new_preds,OFT-0075-00,fast,1250,3.369675776079098,4.656439066551426,1.2106741573033708,2.1907845962395323,3.0274597101395626
new_preds,OFT-0075-00,slow,1251,3.2880794775457116,3.857677902621723,1.1573033707865168,2.3352781438882046,3.0113709147204117
new_preds,OFT-0075-00,medium,1252,3.4299606738431825,4.315628192032687,1.4241573033707866,2.4081614461689975,3.080888032196873
new_preds,OFT-0076-00,fast,1253,3.4810678855938675,4.588200026646534,1.2640449438202248,2.1882769653615046,3.0104739190166363
new_preds,OFT-0076-00,slow,1254,3.2604462975968493,3.5610728524827837,1.103932584269663,2.3218195030985296,2.976793130354627
new_preds,OFT-0076-00,medium,1255,3.4704533143922642,4.282690115616349,1.4775280898876404,2.505283220292747,3.091725523205514
new_preds,OFT-0077-00,slow,1256,3.1106411906515414,4.315628192032687,1.4241573033707866,2.397016136808956,2.9641298197373467
new_preds,OFT-0077-00,fast,1257,3.382932051425118,4.9558445516217935,1.3174157303370786,2.1747423149879017,3.0093226327493157
new_preds,OFT-0077-00,medium,1258,3.3299896726201106,4.746973260168975,1.5308988764044944,2.385242086133343,2.9739767093837046
new_preds,OFT-0078-00,slow,1259,3.2232247325478194,4.127992183683439,1.4241573033707866,2.4410238059949014,3.0745654225500663
new_preds,OFT-0078-00,fast,1260,3.273190360292714,4.924918618082537,1.3174157303370786,2.106243697737547,2.959061992251503
new_preds,OFT-0078-00,medium,1261,3.3060139626363205,4.50672922583035,1.3707865168539326,2.222474558262107,2.979716067463689
new_preds,OFT-0079-00,fast,1262,3.3558614099319395,5.0187265917602994,1.3174157303370786,2.202338606406821,3.0279294825037306
new_preds,OFT-0079-00,medium,1263,3.350027883920729,4.359665214400367,1.4241573033707866,2.4580748603397216,3.0861592531433533
new_preds,OFT-0079-00,slow,1264,3.2923846530358203,4.437388047549259,1.5308988764044944,2.5319769275831097,3.09916109181397
new_preds,OFT-0080-00,medium,1265,3.2897558927531048,4.866868095552828,1.3707865168539326,2.185618540177272,2.9389187830790418
new_preds,OFT-0080-00,fast,1266,3.2960281858170455,5.031149182333964,1.2640449438202248,2.1506945791893646,2.9509541067208254
new_preds,OFT-0080-00,slow,1267,3.333182680541901,4.104274956885664,1.2106741573033708,2.295739066582491,3.0115790063152903
new_preds,OFT-0081-00,fast,1268,3.500157137543041,4.450491573033708,1.4241573033707866,2.448867995638131,3.079344247280072
new_preds,OFT-0081-00,medium,1269,3.3573923077682895,4.012537088379785,1.3174157303370786,2.480970771473723,3.126907757691484
new_preds,OFT-0081-00,slow,1270,3.4674427369635574,4.124417648670868,1.6910112359550562,2.712767313547213,3.2176044153405656
new_preds,OFT-0082-00,fast,1271,3.4152835630756746,4.879317519766957,1.3174157303370786,2.176747354984077,2.9376495806540475
new_preds,OFT-0082-00,medium,1272,3.5007334716595784,4.458137006161652,1.3707865168539326,2.3171712328972447,2.974297880390597
new_preds,OFT-0082-00,slow,1273,3.3703321187884683,3.859904140803018,1.2640449438202248,2.4742511638863247,3.073781133828318
new_preds,OFT-0083-00,fast,1274,3.1957204660019207,5.6310425921087015,1.2106741573033708,2.039064331921144,2.818010842277412
new_preds,OFT-0083-00,medium,1275,3.296560719753127,5.114875062887808,1.3707865168539326,2.1974377987075746,2.962413102730767
new_preds,OFT-0083-00,slow,1276,3.1643336706412755,4.421891989851395,1.3707865168539326,2.2710971348978317,2.905612996707974
new_preds,OFT-0084-00,fast,1277,3.4249889160928273,4.5798729848558875,1.2640449438202248,2.221067587297812,3.0327355547724353
new_preds,OFT-0084-00,slow,1278,3.273483154278408,3.226971545649761,0.9438202247191011,2.2342176433250116,2.9713300004879737
new_preds,OFT-0084-00,medium,1279,3.446437346353453,4.250500827454055,1.3707865168539326,2.4574015906709468,3.134636099330346
new_preds,OFT-0085-00,medium,1280,3.2338763005312847,4.139359333854307,1.2106741573033708,2.2823751678972677,3.0146977461473834
new_preds,OFT-0085-00,fast,1281,3.3425723709386124,4.855081716036772,1.4241573033707866,2.256452130335375,2.985170542918425
new_preds,OFT-0085-00,slow,1282,3.352671378786226,2.94866324591826,1.1573033707865168,2.676999118719741,3.1694298212535377
new_preds,OFT-0086-00,fast,1283,3.4170286492062654,4.5833796862832346,1.1573033707865168,2.1496810258222676,3.020471058037597
new_preds,OFT-0086-00,slow,1284,3.388967832776383,3.668709567585972,1.2106741573033708,2.388310618303543,3.0988043638583975
new_preds,OFT-0086-00,medium,1285,3.3746603931391967,4.5211342964151955,1.4241573033707866,2.339693538430792,3.0754764556602128
new_preds,OFT-0087-00,medium,1286,3.3831170911614072,4.465816035040945,1.3174157303370786,2.302932370953268,3.0410474029660723
new_preds,OFT-0087-00,fast,1287,3.3172106275582243,4.569288389513109,1.3707865168539326,2.3244137397068356,3.0682356343560127
new_preds,OFT-0087-00,slow,1288,3.1229499802557856,4.486686162844389,1.6376404494382022,2.5329892885675194,3.0198761020777227
new_preds,OFT-0088-00,fast,1289,3.439067027873777,5.116916300837379,1.4241573033707866,2.2177105059362208,3.0522919115555203
new_preds,OFT-0088-00,medium,1290,3.4321102128044965,4.1602602010644585,1.3174157303370786,2.3837950526729745,3.120204545617091
new_preds,OFT-0088-00,slow,1291,3.266786759100521,3.9590473298338464,1.4241573033707866,2.482866365509512,3.0687733660597347
new_preds,OFT-0089-00,fast,1292,3.215107689388569,4.778976936723833,1.2106741573033708,2.0489717328083668,2.826833724934637
new_preds,OFT-0089-00,medium,1293,3.2084957745877998,4.453271607976223,1.3174157303370786,2.2161090839600965,2.9565612652591597
new_preds,OFT-0089-00,slow,1294,3.20001058828092,4.185851601581939,1.3707865168539326,2.4208620237871474,3.045812115503125
new_preds,OFT-0090-00,fast,1295,3.5315322159897895,4.534781571298426,1.2640449438202248,2.1746609750579853,2.996868584645918
new_preds,OFT-0090-00,slow,1296,3.2359380125537185,4.282690115616349,1.4775280898876404,2.454420742694277,3.0232390844144246
new_preds,OFT-0090-00,medium,1297,3.4797882450874345,4.5211342964151955,1.4241573033707866,2.4001711345484416,3.1234129533586965
new_preds,OFT-0091-00,fast,1298,3.4268468129231806,4.727474641898473,1.3707865168539326,2.2842584982767895,3.0778992139126995
new_preds,OFT-0091-00,slow,1299,3.267372530033993,4.195030704862165,1.5308988764044944,2.5898708111270063,3.113985735287894
new_preds,OFT-0091-00,medium,1300,3.4558253103452587,4.367184074653334,1.4775280898876404,2.5676715527386182,3.147480655949626
new_preds,OFT-0092-00,medium,1301,3.4321463271043466,4.355390802480506,1.3174157303370786,2.3278803428044674,3.0818214658329737
new_preds,OFT-0092-00,fast,1302,3.3698592506444,5.0028445455838435,1.3174157303370786,2.224020230330601,3.0735623531722043
new_preds,OFT-0092-00,slow,1303,3.456024367371374,4.00250965066046,1.3707865168539326,2.5482975003746597,3.1225690753209885
new_preds,OFT-0093-00,fast,1304,3.33752777812446,4.0919000503102465,1.3707865168539326,2.427467414550347,3.070041565353918
new_preds,OFT-0093-00,medium,1305,3.300588959394295,3.9907012785741958,1.1573033707865168,2.3821836214854435,3.092331978977079
new_preds,OFT-0093-00,slow,1306,3.364354966307279,2.432173198136476,0.9971910112359551,2.6845124450728384,3.2195052734657126
new_preds,OFT-0094-00,fast,1307,3.440540544348342,4.514446227929374,1.2640449438202248,2.272217764190769,3.066590755013934
new_preds,OFT-0094-00,slow,1308,3.3736842122313546,4.021403473721242,1.5842696629213484,2.7220936440494046,3.206959414998986
new_preds,OFT-0094-00,medium,1309,3.2985793535139702,4.1602602010644585,1.3174157303370786,2.3768535814758645,3.0262411475799387
new_preds,OFT-0095-00,slow,1310,3.2521096826704254,4.49438202247191,1.3707865168539326,2.443268485753993,3.0984071829089546
new_preds,OFT-0095-00,medium,1311,3.2708733918036583,5.472326258843113,1.4775280898876404,2.2405899501448565,3.0245924370844746
new_preds,OFT-0095-00,fast,1312,3.2048954402277907,5.378914654554148,1.2640449438202248,2.0662003396981117,2.8545051653058207
new_preds,OFT-0096-00,slow,1313,3.4380632559565707,3.4275018392972214,1.3707865168539326,2.6552951532386264,3.1466208280625128
new_preds,OFT-0096-00,fast,1314,3.4736903321131423,4.31939583717075,1.3174157303370786,2.356820573269483,3.118871657597057
new_preds,OFT-0096-00,medium,1315,3.48739948189457,3.9488697164258957,1.4775280898876404,2.565532402834775,3.1799730209641175
new_preds,OFT-0097-00,fast,1316,3.4748072059067048,4.49438202247191,1.3707865168539326,2.3711388509267226,3.1660671136835417
new_preds,OFT-0097-00,medium,1317,3.3964016268781316,4.0919000503102465,1.3707865168539326,2.479035344743348,3.14406141266845
new_preds,OFT-0097-00,slow,1318,3.3147104923419106,4.0669333787311315,1.4775280898876404,2.5725761875979103,3.150860905732774
new_preds,OFT-0098-00,medium,1319,3.479752148094871,4.21780466724287,1.3707865168539326,2.3957413394986538,3.1268963347898175
new_preds,OFT-0098-00,slow,1320,3.3492382613022196,3.9501404494382024,1.2640449438202248,2.4365384305391227,3.1069216222075213
new_preds,OFT-0098-00,fast,1321,3.5677942253387327,4.681647940074906,1.2640449438202248,2.2706043647190746,3.1622439767681523
new_preds,OFT-0099-00,fast,1322,3.417040343214808,4.703040272607569,1.4775280898876404,2.422807029181293,3.178693446176538
new_preds,OFT-0099-00,medium,1323,3.3007020303673094,4.252163071561618,1.4241573033707866,2.3399302356427425,2.9406043986496555
new_preds,OFT-0099-00,slow,1324,3.2064487930329975,3.7648132730596244,1.3174157303370786,2.4653710337700203,3.0430437770429375
new_preds,OFT-0100-00,fast,1325,3.526337096622836,4.663418514467535,1.3174157303370786,2.2269888078091875,3.041236837017201
new_preds,OFT-0100-00,slow,1326,3.3285250273785714,3.8629835569516233,1.4775280898876404,2.600706473716332,3.121988622879126
new_preds,OFT-0100-00,medium,1327,3.3858334274104656,4.196722232167616,1.3707865168539326,2.3664212324156675,3.0414064698456302
new_preds,OFT-0101-00,fast,1328,3.351822577736285,4.690696679542509,1.4775280898876404,2.3622369744004486,3.056525742965615
new_preds,OFT-0101-00,slow,1329,3.2875458709968775,3.00598278126368,1.1573033707865168,2.618638438973446,3.158249754466913
new_preds,OFT-0101-00,medium,1330,3.158976046307453,4.639087504256044,1.5308988764044944,2.4039643420759225,3.0031931113581978
new_preds,OFT-0102-00,medium,1331,3.3210890701080533,4.038589448179205,1.3174157303370786,2.371681054569883,3.078921637769625
new_preds,OFT-0102-00,fast,1332,3.396862644840118,4.13322632423756,1.1573033707865168,2.227468447661253,3.1122708600447075
new_preds,OFT-0102-00,slow,1333,3.3383531901622256,3.438860922235602,1.2106741573033708,2.5540077297147175,3.1700454758378065
new_preds,OFT-0103-00,fast,1334,3.32912270830387,5.030832671282109,1.3707865168539326,2.2891939120668305,3.0787172488323966
new_preds,OFT-0103-00,medium,1335,3.2580336935729677,4.596527068437181,1.2640449438202248,2.1799354387655554,2.9296860666675473
new_preds,OFT-0103-00,slow,1336,3.261016366370249,4.0919000503102465,1.3707865168539326,2.477053774165143,3.0739939231143434
new_preds,OFT-0104-00,slow,1337,3.2239714122902456,4.235470587139211,1.4241573033707866,2.320887835984708,2.936352639191573
new_preds,OFT-0104-00,fast,1338,3.1952474257807575,5.2397052009730105,1.2640449438202248,2.081475203653862,2.894159923830807
new_preds,OFT-0104-00,medium,1339,3.365586731036447,4.5144462279293744,1.2640449438202248,2.24454644112886,3.0591845159984565
new_preds,OFT-0105-00,fast,1340,3.5022692416419683,4.222659830133228,1.3174157303370786,2.4035622483830443,3.1598416014638153
new_preds,OFT-0105-00,slow,1341,3.301661917204471,4.002520985814895,1.5308988764044944,2.7003254227231537,3.20587953925317
new_preds,OFT-0105-00,medium,1342,3.412743885624944,4.1050365607528505,1.4775280898876404,2.645121770738776,3.1984113431698598
new_preds,OFT-0106-00,fast,1343,3.3983535805725196,4.917718681763626,1.3707865168539326,2.2557891143407875,3.033344447157328
new_preds,OFT-0106-00,slow,1344,3.3424677405358354,3.9173323608808035,1.3707865168539326,2.5102861553342866,3.053871244662891
new_preds,OFT-0106-00,medium,1345,3.4057126192100586,4.421891989851395,1.3707865168539326,2.432203621705947,3.118658356205205
new_preds,OFT-0107-00,fast,1346,3.3160771482853466,4.989651094027203,1.2640449438202248,2.2039126759627425,3.0324679383214725
new_preds,OFT-0107-00,medium,1347,3.3507133642633353,4.582905192312925,1.3707865168539326,2.3722414518410333,3.0698699523811337
new_preds,OFT-0107-00,slow,1348,3.1969911702725806,4.252496878901373,1.5308988764044944,2.4219860235499127,3.0052847020983307
new_preds,OFT-0108-00,fast,1349,3.589806441081596,4.034185990915611,1.2640449438202248,2.403135667728861,3.1524230144751475
new_preds,OFT-0108-00,slow,1350,3.491747216843241,3.8490737928940177,1.4241573033707866,2.7206269240201633,3.25422512380175
new_preds,OFT-0108-00,medium,1351,3.5154047584887946,4.05278081082033,1.4775280898876404,2.6780246091554742,3.3066638300875706
new_preds,OFT-0109-00,fast,1352,3.3362068381929277,4.750324554218816,1.3174157303370786,2.2409073820518306,3.11795441775874
new_preds,OFT-0109-00,medium,1353,3.4225544156026255,4.11692415730337,1.3174157303370786,2.478748468389918,3.2267087514750328
new_preds,OFT-0109-00,slow,1354,3.325764455304825,3.8621366149456033,1.3707865168539326,2.5404829255627637,3.0688727299420844
new_preds,OFT-0110-00,fast,1355,3.399152614894516,4.940308988764045,1.3174157303370786,2.2157376771395954,3.0488001360368706
new_preds,OFT-0110-00,medium,1356,3.551187874064174,4.686792006777034,1.3707865168539326,2.3037593119796558,3.044503232004691
new_preds,OFT-0110-00,slow,1357,3.311852482040436,4.153898535921008,1.3707865168539326,2.474289578561672,3.0750887443456008
new_preds,OFT-0111-00,fast,1358,3.470448553753755,4.372458741927769,1.2640449438202248,2.3267160475445943,3.1703677281102607
new_preds,OFT-0111-00,medium,1359,3.4521710424207583,3.880365888792855,1.2106741573033708,2.411707052279793,3.1327030361555392
new_preds,OFT-0111-00,slow,1360,3.4476324373500646,3.132996138218483,1.1573033707865168,2.667182154610707,3.241764769183846
new_preds,OFT-0112-00,fast,1361,3.5277090481452738,4.59669590942559,1.2640449438202248,2.2826749918670006,3.145191930475535
new_preds,OFT-0112-00,slow,1362,3.3593158508749124,4.0919000503102465,1.3707865168539326,2.481956017182164,3.1265822518773136
new_preds,OFT-0112-00,medium,1363,3.489830099984439,4.31939583717075,1.3174157303370786,2.401753381487627,3.1795445311629034
new_preds,OFT-0113-00,fast,1364,3.3190458136855594,4.450491573033708,1.4241573033707866,2.4506315112573454,3.129723874193961
new_preds,OFT-0113-00,slow,1365,3.411870143282151,2.501337613697164,1.050561797752809,2.7490211201298935,3.2282403718386097
new_preds,OFT-0113-00,medium,1366,3.4180281955889917,3.651685393258427,1.4241573033707866,2.6970950156461533,3.2479052490942566
new_preds,OFT-0114-00,medium,1367,3.4253915514048052,4.569619350211687,1.4241573033707866,2.4122473984459663,3.0993704190533546
new_preds,OFT-0114-00,slow,1368,3.2087032981033783,4.0025096506604605,1.3707865168539326,2.384806018554462,2.922671527324228
new_preds,OFT-0114-00,fast,1369,3.368486193960981,4.797241206224179,1.1573033707865168,2.1799911707558883,3.0006840474120056
new_preds,OFT-0115-00,medium,1370,3.3453401275000254,4.260473556660985,1.2106741573033708,2.168586375202728,2.9692606262587007
new_preds,OFT-0115-00,fast,1371,3.2890553238978106,4.971380114479542,1.3174157303370786,2.190338903957699,2.997704267994653
new_preds,OFT-0115-00,slow,1372,3.205476407046096,4.069020866773676,1.4241573033707866,2.4565374404035056,2.988914364486935
new_preds,OFT-0116-00,fast,1373,3.436422327977159,4.227123225343749,1.3174157303370786,2.410988786470163,3.15738776057816
new_preds,OFT-0116-00,medium,1374,3.458091834752859,3.7921348314606744,1.2640449438202248,2.5339905185833422,3.1947387747952454
new_preds,OFT-0116-00,slow,1375,3.203590780965609,3.747782377291544,1.4241573033707866,2.5388642485270645,3.00679457028969
new_preds,OFT-0117-00,slow,1376,3.192430928046764,3.5635176101344435,1.2640449438202248,2.519625028259985,3.0631282537156777
new_preds,OFT-0117-00,fast,1377,3.268601107540431,4.726250126531025,1.3174157303370786,2.235409801365314,3.062046499853068
new_preds,OFT-0117-00,medium,1378,3.2817099356161594,4.358632691846747,1.3707865168539326,2.4392277744328172,3.086978343131782
new_preds,OFT-0118-00,fast,1379,3.406937414010994,4.31939583717075,1.3174157303370786,2.287524289991928,3.0813053083375026
new_preds,OFT-0118-00,medium,1380,3.5429012417477486,3.7545889420402716,1.2640449438202248,2.4823587323870875,3.1900005390307893
new_preds,OFT-0118-00,slow,1381,3.4180442843177072,3.192712876028252,1.1573033707865168,2.564458698696971,3.2027552534429966
new_preds,OFT-0119-00,fast,1382,3.226127934772892,4.5211342964151955,1.4241573033707866,2.3775109136163723,3.1007016443395754
new_preds,OFT-0119-00,slow,1383,3.411759137932541,2.571785268414482,1.1573033707865168,2.752891352014327,3.181256857778732
new_preds,OFT-0119-00,medium,1384,3.498731096332447,3.2629341090090507,1.103932584269663,2.531642096787059,3.2053235750497153
new_preds,OFT-0120-00,medium,1385,3.4391067687352637,3.9814907704654896,1.2640449438202248,2.380661715273222,3.0689753020512796
new_preds,OFT-0120-00,fast,1386,3.4655066921602473,4.272967614011897,1.2106741573033708,2.209921908318245,3.000441920794603
new_preds,OFT-0120-00,slow,1387,3.3127123232194164,2.9528637983009043,1.2106741573033708,2.6701705592263782,3.140367522158785
new_preds,OFT-0121-00,slow,1388,3.374167310293349,4.085255509939499,1.3174157303370786,2.372686506488998,3.0119844596415803
new_preds,OFT-0121-00,medium,1389,3.3792873079354684,4.297071120652344,1.2640449438202248,2.266349737768221,3.0600106107112643
new_preds,OFT-0121-00,fast,1390,3.3149400443925097,4.785946278089888,1.2106741573033708,2.0916996090602593,2.924621346874429
new_preds,OFT-0122-00,slow,1391,3.309257689345299,3.9117769454848106,1.5842696629213484,2.6504126747910424,3.182043098730865
new_preds,OFT-0122-00,fast,1392,3.439849300326219,4.3587756683456025,1.2640449438202248,2.2443805989399372,3.016930220929382
new_preds,OFT-0122-00,medium,1393,3.3947875133575263,4.002337557847347,1.4241573033707866,2.4872944120871026,3.0632733528524407
new_preds,OFT-0123-00,medium,1394,3.321116030230614,4.5331585897567255,1.4241573033707866,2.3939569914211196,3.070406150429696
new_preds,OFT-0123-00,fast,1395,3.3678429022820935,4.577234342577781,1.2106741573033708,2.1241554687528805,2.952447308955489
new_preds,OFT-0123-00,slow,1396,3.266788876688278,3.9141533609304155,1.4775280898876404,2.533346560482385,3.0511633684102137
new_preds,OFT-0124-00,fast,1397,3.3904318769351156,4.992470751766477,1.2106741573033708,2.076068448406183,2.9030539897201195
new_preds,OFT-0124-00,medium,1398,3.4003772495320868,4.620628708496402,1.3707865168539326,2.250265828479777,2.998791662957635
new_preds,OFT-0124-00,slow,1399,3.2781764571185144,3.7732684890155967,1.2640449438202248,2.454022229761419,3.095787327565742
new_preds,OFT-0125-00,fast,1400,3.3718076238997634,5.311113209328676,1.2640449438202248,2.0898453502488423,2.87535504908939
new_preds,OFT-0125-00,medium,1401,3.3803468362153226,4.6429649244918005,1.3174157303370786,2.203316278965188,2.9713140926423054
new_preds,OFT-0125-00,slow,1402,3.2307059377171967,4.249728162377672,1.3174157303370786,2.338727012283379,3.0429584410856294
new_preds,OFT-0126-00,medium,1403,3.331953732787407,4.656439066551426,1.2106741573033708,2.1588185305537175,2.9796022632732324
new_preds,OFT-0126-00,fast,1404,3.2998885638777944,4.822097378277154,1.1573033707865168,2.024624518090893,2.8554226474334743
new_preds,OFT-0126-00,slow,1405,3.3067491308247443,4.391385767790262,1.3174157303370786,2.261273839252662,3.0112136465409383
new_preds,OFT-0127-00,medium,1406,3.3522300432847207,4.727574519453989,1.4241573033707866,2.271015848568485,2.9700323209484276
new_preds,OFT-0127-00,fast,1407,3.3223437138708087,5.0028445455838435,1.3174157303370786,2.111042428571138,2.8873815879675093
new_preds,OFT-0127-00,slow,1408,3.2689464940658977,4.382022471910113,1.4241573033707866,2.3673106546326994,2.9603229588862545
new_preds,OFT-0128-00,medium,1409,3.282087389102762,5.311488287945153,1.2640449438202248,2.1109853784218493,2.9310554170691243
new_preds,OFT-0128-00,fast,1410,3.2178428025585677,5.308731058653747,1.1573033707865168,1.9776944597659236,2.7683324669415357
new_preds,OFT-0128-00,slow,1411,3.127857816179935,4.622511334516065,1.3174157303370786,2.0700099862922983,2.784971637065414
new_preds,OFT-0129-00,slow,1412,3.2047539452427647,4.239096509797536,1.3174157303370786,2.2868473228255786,2.978587412973057
new_preds,OFT-0129-00,medium,1413,3.264734468607756,4.971380114479542,1.3174157303370786,2.148673091710322,2.9819127533454233
new_preds,OFT-0129-00,fast,1414,3.326091984274307,5.58710951969379,1.2640449438202248,2.0854789237243825,2.9241727639629445
new_preds,OFT-0130-00,medium,1415,3.326218806794894,4.542812863231306,1.3174157303370786,2.2501053489588787,3.0235782175175037
new_preds,OFT-0130-00,fast,1416,3.311726344009124,5.056179775280899,1.2640449438202248,2.122578982943584,2.9522153110251805
new_preds,OFT-0130-00,slow,1417,3.1444741467695487,4.875829928498468,1.5842696629213484,2.3692607891099517,3.017335481220373
new_preds,OFT-0131-00,medium,1418,3.3137335393481093,4.227123225343749,1.3174157303370786,2.3134938063067647,3.035123910272179
new_preds,OFT-0131-00,fast,1419,3.3700874883805287,4.451007931262393,1.2106741573033708,2.135949934209331,2.9472953641376445
new_preds,OFT-0131-00,slow,1420,3.245663556687793,3.940074906367041,1.4775280898876404,2.438855429179256,2.914326689512325
new_preds,OFT-0132-00,fast,1421,3.207566782889778,4.899399007055135,1.2640449438202248,2.0890821458295346,2.8829959004635235
new_preds,OFT-0132-00,medium,1422,3.352979088187737,4.355093323428359,1.3174157303370786,2.274527871991361,3.013178387053543
new_preds,OFT-0132-00,slow,1423,3.342829636156235,4.03558052434457,1.2106741573033708,2.380685201507759,3.1257920788818234
new_preds,OFT-0133-00,medium,1424,3.496794071234988,4.569288389513109,1.3707865168539326,2.3964263646497077,3.1329234397450927
new_preds,OFT-0133-00,fast,1425,3.5367579172109394,4.879317519766958,1.3174157303370786,2.2220981702250047,3.027257853987918
new_preds,OFT-0133-00,slow,1426,3.3535085604394235,4.03172504957039,1.3707865168539326,2.4777427586110585,3.0879198656946243
new_preds,OFT-0134-00,fast,1427,3.353765168593237,4.957038995373431,1.2640449438202248,2.096408951742845,2.9246532253115225
new_preds,OFT-0134-00,medium,1428,3.312934890448358,4.439867160541848,1.3707865168539326,2.2636959490345148,3.022691027762672
new_preds,OFT-0134-00,slow,1429,3.292849337163244,3.6206920389709745,1.2640449438202248,2.4339847029640307,3.0443010650132516
new_preds,OFT-0135-00,medium,1430,3.348792519105976,4.51295384901105,1.3707865168539326,2.273552095603572,2.962712288872974
new_preds,OFT-0135-00,fast,1431,3.3329218019314895,4.681647940074906,1.2640449438202248,2.1941151543738333,3.00999713125534
new_preds,OFT-0135-00,slow,1432,3.267856828041058,4.0919000503102465,1.3707865168539326,2.3392554988795204,2.9675434960682767
new_preds,OFT-0136-00,medium,1433,3.1438199562709848,5.21311052510892,1.2640449438202248,2.0655706224310846,2.891756796214559
new_preds,OFT-0136-00,fast,1434,3.1331261536044805,6.468679601540039,1.2106741573033708,1.7990927519089408,2.5857151037082557
new_preds,OFT-0136-00,slow,1435,3.08602049886033,4.602413459148604,1.3174157303370786,2.1531680029208395,2.8694759640449106
new_preds,OFT-0137-00,slow,1436,3.292608840465844,4.0775643349039505,1.2640449438202248,2.338862023230646,3.004725302273828
new_preds,OFT-0137-00,medium,1437,3.3200180025380797,4.421891989851395,1.3707865168539326,2.3466691188054147,3.07183500139125
new_preds,OFT-0137-00,fast,1438,3.3734626797517504,5.166336197400308,1.3174157303370786,2.138615882629153,2.99124576967664
new_preds,OFT-0138-00,fast,1439,3.236378645890996,5.958921489944293,1.4241573033707866,2.011602676343858,2.7849311271714545
new_preds,OFT-0138-00,medium,1440,3.4247453064964004,5.076987099459009,1.3707865168539326,2.212004988514333,3.01363513329953
new_preds,OFT-0138-00,slow,1441,3.345281768809556,4.596527068437181,1.2640449438202248,2.228431707950281,2.9461929168277012
new_preds,OFT-0139-00,fast,1442,3.3891143736008575,4.5187728967313,1.2640449438202248,2.1725025907618054,2.999002895755908
new_preds,OFT-0139-00,medium,1443,3.4779761895441395,4.31064942406897,1.3707865168539326,2.403181437470546,3.1339564185942272
new_preds,OFT-0139-00,slow,1444,3.2490721728708625,4.109980767284139,1.5308988764044944,2.533720949010491,3.075629617495401
new_preds,OFT-0140-00,fast,1445,3.395603364879533,4.86171132238548,1.2640449438202248,2.1098718718312974,2.9363769189848905
new_preds,OFT-0140-00,medium,1446,3.4010904502343253,4.11692415730337,1.3174157303370786,2.4542338633966287,3.161284278917156
new_preds,OFT-0140-00,slow,1447,3.3943899111439344,3.7833567415730336,1.2106741573033708,2.4955437199750525,3.1626389192942805
new_preds,OFT-0141-00,fast,1448,3.2372332014653016,4.924850430468409,1.2640449438202248,2.076846658378204,2.91416266447434
new_preds,OFT-0141-00,slow,1449,3.3444542147739043,4.31939583717075,1.3174157303370786,2.3628415528512052,3.0531079547495277
new_preds,OFT-0141-00,medium,1450,3.4025605599086384,4.622511334516065,1.3174157303370786,2.175952343434944,2.9288182442933204
new_preds,OFT-0142-00,medium,1451,3.4718895789750723,3.8371331951565395,1.3174157303370786,2.5525944603673225,3.188134957449981
new_preds,OFT-0142-00,fast,1452,3.424754131539904,4.307658348482785,1.3174157303370786,2.3560484073517394,3.1102306799463246
new_preds,OFT-0142-00,slow,1453,3.292878778248958,4.010809273218604,1.5842696629213484,2.5856760155185174,3.106313937308593
new_preds,OFT-0143-00,medium,1454,3.315899552571376,4.50672922583035,1.3707865168539326,2.252156875757495,2.9772544210471126
new_preds,OFT-0143-00,fast,1455,3.299908477343204,5.006118589387029,1.2640449438202248,2.1226246551584533,2.9531741597423733
new_preds,OFT-0143-00,slow,1456,3.2200302372173844,4.18227215980025,1.3174157303370786,2.309011978760326,2.9830302398438753
new_preds,OFT-0144-00,medium,1457,3.2387816567581247,5.340874582447617,1.3174157303370786,2.108356208365968,2.879707490383694
new_preds,OFT-0144-00,slow,1458,3.1157129334933242,4.620628708496402,1.3707865168539326,2.168243123609125,2.786177713363525
new_preds,OFT-0144-00,fast,1459,3.23594301047449,5.8162124443951075,1.2640449438202248,2.028193337092332,2.8662227104654474
new_preds,OFT-0145-00,fast,1460,3.3101767260006536,5.081716036772217,1.2640449438202248,2.0314299110266925,2.8956860044275716
new_preds,OFT-0145-00,slow,1461,3.232499747162607,4.239545928414224,1.3707865168539326,2.379216125538212,3.047612700622378
new_preds,OFT-0145-00,medium,1462,3.2812554101937885,4.705056179775281,1.3174157303370786,2.158863818296129,2.9407821286095457
new_preds,OFT-0146-00,slow,1463,3.1967385544439093,4.49438202247191,1.3707865168539326,2.3129922098277524,2.9379911510332763
new_preds,OFT-0146-00,medium,1464,3.205096912123088,4.485565714391869,1.4241573033707866,2.3132108785846075,3.0002237932527938
new_preds,OFT-0146-00,fast,1465,3.40999401554901,4.879317519766958,1.3174157303370786,2.236631085456391,3.0705771383738996
new_preds,OFT-0147-00,fast,1466,3.5110006655722077,4.76998092007632,1.2640449438202248,2.1521662476992023,3.0052058615150488
new_preds,OFT-0147-00,medium,1467,3.4248772142919637,4.3456708526107075,1.4775280898876404,2.5273732610997404,3.114069730679428
new_preds,OFT-0147-00,slow,1468,3.307011562791119,4.527408712165519,1.5842696629213484,2.5676633449041093,3.126790587992589
new_preds,OFT-0148-00,fast,1469,3.570096909865967,4.482428878795123,1.2640449438202248,2.295921601762591,3.1739673669280477
new_preds,OFT-0148-00,slow,1470,3.2943889871492207,3.3264340626848026,1.2640449438202248,2.5735252593249762,3.151168100856503
new_preds,OFT-0148-00,medium,1471,3.32496108252597,3.9586369897571014,1.2106741573033708,2.3034027265797508,3.095191183840123
new_preds,OFT-0149-00,fast,1472,3.2865022684797367,5.1804663813090785,1.4241573033707866,2.198273441623056,3.0122614244439676
new_preds,OFT-0149-00,slow,1473,3.291249793170736,4.250756266205705,1.3707865168539326,2.4132671639705476,3.019021473238659
new_preds,OFT-0149-00,medium,1474,3.3311372828240513,4.11692415730337,1.3174157303370786,2.4161440073650855,3.096453501048381
new_preds,OFT-0150-00,fast,1475,3.4800427618875056,4.249190630356123,1.2640449438202248,2.3686136159331244,3.2137601367109085
new_preds,OFT-0150-00,medium,1476,3.3780934331826344,4.249728162377672,1.3174157303370786,2.36680846796853,3.1054708686483337
new_preds,OFT-0150-00,slow,1477,3.418779835115845,3.241673701067813,1.2640449438202248,2.7308557703075356,3.2487263204768873
new_preds,OFT-0151-00,fast,1478,3.4307542344912574,4.86171132238548,1.2640449438202248,2.1551142850026355,2.993531532585839
new_preds,OFT-0151-00,medium,1479,3.3989031754777748,4.5331585897567255,1.4241573033707866,2.3530707419305146,3.0208742933535966
new_preds,OFT-0151-00,slow,1480,3.3826219749401405,4.0919000503102465,1.3707865168539326,2.4845612196072784,3.1173384865515774
new_preds,OFT-0152-00,medium,1481,3.398999108947168,4.509236574582524,1.4241573033707866,2.366544471888907,3.0491915802140928
new_preds,OFT-0152-00,slow,1482,3.280774854039108,4.11692415730337,1.3174157303370786,2.387512138755817,3.0102258434419737
new_preds,OFT-0152-00,fast,1483,3.414660112428097,4.957038995373431,1.2640449438202248,2.1260826742734573,2.940242807522084
new_preds,OFT-0153-00,fast,1484,3.3518370706493608,4.954650060917829,1.3707865168539326,2.1657977551169774,2.968487181435107
new_preds,OFT-0153-00,medium,1485,3.4318508800472087,4.474845822421222,1.2640449438202248,2.2657287552830727,3.0701619739694688
new_preds,OFT-0153-00,slow,1486,3.3929247597263137,4.34127948172892,1.5842696629213484,2.5826073844946085,3.129702904431889
new_preds,OFT-0154-00,medium,1487,3.4009118160166016,3.8621366149456033,1.3707865168539326,2.4937146401213544,3.1238737737396183
new_preds,OFT-0154-00,slow,1488,3.312469016037098,3.4546369277209457,1.1573033707865168,2.4823805576606484,3.1007873275413997
new_preds,OFT-0154-00,fast,1489,3.4006433258818007,4.429295697451356,1.2106741573033708,2.2098501470274803,3.06653042639882
new_preds,OFT-0155-00,fast,1490,3.181668046644477,5.07698709945901,1.3707865168539326,2.1247415612756964,2.9124762569463027
new_preds,OFT-0155-00,slow,1491,3.2793397413997725,4.787421443534566,1.4241573033707866,2.2658462543296816,2.9048835418976324
new_preds,OFT-0155-00,medium,1492,3.275282680226877,4.999875432870774,1.3707865168539326,2.189971925315217,2.9628004115424713
new_preds,OFT-0156-00,fast,1493,3.364484009969852,4.679043139690026,1.2106741573033708,2.120853023149546,2.9512588637969905
new_preds,OFT-0156-00,medium,1494,3.305364442027066,4.450491573033708,1.4241573033707866,2.3507189500125287,3.0427049205733567
new_preds,OFT-0156-00,slow,1495,3.217093897743386,3.685259183063424,1.3174157303370786,2.4495824779724815,3.0555397762124823
new_preds,OFT-0157-00,fast,1496,3.3164793933399124,4.842696629213483,1.2106741573033708,2.1392560826282048,2.9869775940193093
new_preds,OFT-0157-00,medium,1497,3.340499250943326,4.6467339554370595,1.3707865168539326,2.2928277737852145,3.0335326911540674
new_preds,OFT-0157-00,slow,1498,3.316749123381765,4.208375893769152,1.1573033707865168,2.2367571070416785,2.957731793059458
new_preds,OFT-0158-00,fast,1499,3.4501042104345583,4.3732395456093105,1.3174157303370786,2.343913237166084,3.0735754998381895
new_preds,OFT-0158-00,medium,1500,3.4454905006173915,3.9925820879240757,1.3707865168539326,2.5301461277289308,3.1896799265763116
new_preds,OFT-0158-00,slow,1501,3.273672380396519,3.5608063450099143,1.2106741573033708,2.3564635053926595,2.991909628557201
new_preds,OFT-0159-00,fast,1502,3.268632681489834,5.222517571468176,1.3707865168539326,2.0956089727981997,2.868641791290603
new_preds,OFT-0159-00,slow,1503,3.342550122869856,4.012841091492777,1.2640449438202248,2.394404092646009,3.0820105927509442
new_preds,OFT-0159-00,medium,1504,3.3372646543634725,4.622511334516065,1.3174157303370786,2.231565665705959,3.005470560496849
new_preds,OFT-0160-00,slow,1505,3.030147969749383,4.542812863231306,1.3174157303370786,2.2138684026511957,2.870330608805262
new_preds,OFT-0160-00,medium,1506,3.070484526943883,5.166336197400308,1.3174157303370786,2.0161593219329306,2.7372393662073606
new_preds,OFT-0160-00,fast,1507,3.176166776626553,5.834053586862576,1.2640449438202248,2.010966268891055,2.805404767553736
new_preds,OFT-0161-00,fast,1508,3.305902641998735,5.2439021629892535,1.103932584269663,1.9867386622014653,2.832126806499528
new_preds,OFT-0161-00,medium,1509,3.253197109384373,4.569288389513109,1.3707865168539326,2.237988526063681,2.9982107932470656
new_preds,OFT-0161-00,slow,1510,3.213782687728854,4.31939583717075,1.3174157303370786,2.289993798760074,3.0453108899569608
new_preds,OFT-0162-00,fast,1511,3.243960314840465,5.1518049246951945,1.2106741573033708,2.0574611096215176,2.856522011389346
new_preds,OFT-0162-00,slow,1512,3.1813188467061733,4.569288389513109,1.3707865168539326,2.283347839159161,2.965397990729972
new_preds,OFT-0162-00,medium,1513,3.235772834271591,4.465816035040945,1.3174157303370786,2.20044101391845,2.9528141912879797
new_preds,OFT-0163-00,fast,1514,3.480345984953004,4.787421443534566,1.4241573033707866,2.333670048603674,3.0951996877230807
new_preds,OFT-0163-00,medium,1515,3.4364308643040538,4.18227215980025,1.3174157303370786,2.4339991265684917,3.1366578659946924
new_preds,OFT-0163-00,slow,1516,3.202515453510432,4.14959815855181,1.3174157303370786,2.3275475276505184,2.89601931061845
new_preds,OFT-0164-00,fast,1517,3.307322749697974,4.729195926966292,1.2106741573033708,2.112710268095671,2.9455026497149985
new_preds,OFT-0164-00,medium,1518,3.3598332822673087,4.3098006608361015,1.2640449438202248,2.2737715984160976,3.0654040790816848
new_preds,OFT-0164-00,slow,1519,3.25163819771505,3.5784340991931316,1.2106741573033708,2.4791024520057907,3.1021209877060003
new_preds,OFT-0165-00,fast,1520,3.532641171492677,4.622511334516065,1.3174157303370786,2.2958480713409606,3.1066751328918767
new_preds,OFT-0165-00,medium,1521,3.4882438120209565,4.165082108902333,1.3707865168539326,2.475266169858929,3.175803033870256
new_preds,OFT-0165-00,slow,1522,3.4554692325356626,3.15473692177491,1.103932584269663,2.5820156104887824,3.224674188758709
new_preds,OFT-0166-00,fast,1523,3.396246026841769,4.489148126343892,1.2640449438202248,2.1748496417566248,3.025244369457029
new_preds,OFT-0166-00,medium,1524,3.391932793161951,4.025620840191799,1.2640449438202248,2.330299296917894,3.0789303404617727
new_preds,OFT-0166-00,slow,1525,3.3265880942238835,3.588753241140881,1.1573033707865168,2.3769162871731004,3.04514611866831
new_preds,OFT-0167-00,fast,1526,3.3323436016477723,5.07698709945901,1.3707865168539326,2.191774678779249,2.98788435135785
new_preds,OFT-0167-00,medium,1527,3.1742312504693326,4.588596552446088,1.4775280898876404,2.30976085532759,2.912992212898297
new_preds,OFT-0167-00,slow,1528,3.2002330128712098,4.3456708526107075,1.4775280898876404,2.4262309867423566,2.9405639920984434
new_preds,OFT-0168-00,medium,1529,3.2532210173666107,4.249190630356123,1.2640449438202248,2.3027777192174677,3.061703374567191
new_preds,OFT-0168-00,slow,1530,3.249497382645595,3.8144046291236555,1.4775280898876404,2.511360044858269,3.036005725676731
new_preds,OFT-0168-00,fast,1531,3.3898451436533374,4.568302779420462,1.1573033707865168,2.173321010524238,3.0116232498534647
new_preds,OFT-0169-00,fast,1532,3.3663095465359505,4.71770800163763,1.2106741573033708,2.1044696696433545,2.954956932288555
new_preds,OFT-0169-00,medium,1533,3.2740174299181932,4.351703228107723,1.3707865168539326,2.385666880791585,3.0441073614044343
new_preds,OFT-0169-00,slow,1534,3.298949144793131,4.012841091492777,1.2640449438202248,2.4235834940414662,3.0966018460654743
new_preds,OFT-0170-00,slow,1535,3.3226643006689014,3.538415522263837,1.4241573033707866,2.659470068029714,3.2178128361933442
new_preds,OFT-0170-00,fast,1536,3.4339338757263245,4.542812863231306,1.3174157303370786,2.2721504674349053,3.055461433865391
new_preds,OFT-0170-00,medium,1537,3.3475362212557553,3.9094173520213134,1.2640449438202248,2.3853138237616345,3.07289569156586
new_preds,OFT-0171-00,fast,1538,3.479817365353528,4.819813647574677,1.3174157303370786,2.143686869235306,2.94964301514827
new_preds,OFT-0171-00,medium,1539,3.4244132036133226,4.617275280898876,1.4775280898876404,2.3508274661362463,3.0151760385041557
new_preds,OFT-0171-00,slow,1540,3.346686133340671,4.0919000503102465,1.3707865168539326,2.4762627193276194,3.0731905156291175
new_preds,OFT-0172-00,slow,1541,3.2936341846571726,4.002501995456499,1.2106741573033708,2.3495577502788354,3.0490332516371423
new_preds,OFT-0172-00,medium,1542,3.310930819292232,4.666395230695673,1.4775280898876404,2.4130742996179197,3.1027027783815297
new_preds,OFT-0172-00,fast,1543,3.226329567146671,4.879317519766958,1.3174157303370786,2.12556101595999,2.9246865521700425
new_preds,OFT-0173-00,medium,1544,3.3888258624382575,4.1962852556753045,1.3707865168539326,2.469969468652942,3.134575272699435
new_preds,OFT-0173-00,fast,1545,3.380156357965708,4.5808351430459835,1.2640449438202248,2.2021653628848195,3.0540212328284833
new_preds,OFT-0173-00,slow,1546,3.250883807115576,4.028681253696038,1.5308988764044944,2.5541201564560208,3.0512132894904545
new_preds,OFT-0174-00,slow,1547,3.1640186414729246,3.764044943820224,1.3174157303370786,2.486322725614113,3.0211869993723126
new_preds,OFT-0174-00,medium,1548,3.3633358177976844,4.343848354412912,1.2640449438202248,2.25690780506191,3.081463490176811
new_preds,OFT-0174-00,fast,1549,3.478591463756515,4.924850430468409,1.2640449438202248,2.1372809867038836,3.00630931026449
new_preds,OFT-0175-00,fast,1550,3.3265336399978263,4.947210646411947,1.3707865168539326,2.1748023114699024,2.9386634610025557
new_preds,OFT-0175-00,medium,1551,3.234509681029459,4.595251252094132,1.4241573033707866,2.299541960292186,2.963609982245075
new_preds,OFT-0175-00,slow,1552,3.222515298535993,4.669368207773071,1.4241573033707866,2.2436581284840686,2.915592670255322
new_preds,OFT-0176-00,fast,1553,3.2527721846506923,5.6060243844131,1.3174157303370786,2.052930821511615,2.8612614234639993
new_preds,OFT-0176-00,slow,1554,3.0550411151302765,4.542812863231306,1.3174157303370786,2.207330885223456,2.8560040939177695
new_preds,OFT-0176-00,medium,1555,3.146530370977333,5.066983578219533,1.3174157303370786,2.1176747155650855,2.8830724192474593
new_preds,OFT-0177-00,fast,1556,3.325913154122296,4.971380114479542,1.3174157303370786,2.1775029857655155,3.0641571466563495
new_preds,OFT-0177-00,slow,1557,3.17012623496505,4.6480692238150585,1.3707865168539326,2.24994229417203,2.985912871966201
new_preds,OFT-0177-00,medium,1558,3.2967784472011754,4.664829936185874,1.2106741573033708,2.144273340518031,2.9758429889998546
new_preds,OFT-0178-00,fast,1559,3.2953610586551334,4.842696629213483,1.2106741573033708,2.0823387406512825,2.8739250717663256
new_preds,OFT-0178-00,slow,1560,3.1859329573785513,4.386797608979559,1.3707865168539326,2.3163873903087544,2.9283050230743695
new_preds,OFT-0178-00,medium,1561,3.2434398418462864,4.519622211366227,1.3707865168539326,2.25894301517594,2.9915165952490805
new_preds,OFT-0179-00,fast,1562,3.2856684493543384,4.817021420416991,1.3174157303370786,2.085485661941513,2.8965439907671593
new_preds,OFT-0179-00,medium,1563,3.5694003703746686,4.356093344857389,1.3707865168539326,2.3766950201061805,3.0966024738435247
new_preds,OFT-0179-00,slow,1564,3.327289001388287,4.187803957739392,1.3707865168539326,2.4124650972065265,3.070867834640809
new_preds,OFT-0180-00,medium,1565,3.2259814172869534,4.6245546725130176,1.2640449438202248,2.1733153322001204,2.9204011585524428
new_preds,OFT-0180-00,slow,1566,3.2652446278238005,4.31939583717075,1.3174157303370786,2.3560287203382027,3.0305075922334823
new_preds,OFT-0180-00,fast,1567,3.274025977439382,5.322891839745773,1.3174157303370786,2.137756923649012,2.9557172016616704
new_preds,OFT-0181-00,fast,1568,3.280243967735243,5.325065615757298,1.1573033707865168,2.0066754181702473,2.796074974992599
new_preds,OFT-0181-00,medium,1569,3.246855585383588,4.954650060917829,1.3707865168539326,2.198037755091215,3.005790544181298
new_preds,OFT-0181-00,slow,1570,3.297069744723183,4.315628192032687,1.4241573033707866,2.4120826319767463,3.039890545626363
new_preds,OFT-0182-00,slow,1571,3.3830188485195647,4.0919000503102465,1.3707865168539326,2.365146021864866,2.9623830976989107
new_preds,OFT-0182-00,medium,1572,3.4007634663088564,4.669368207773071,1.4241573033707866,2.328948160210681,3.068425573357277
new_preds,OFT-0182-00,fast,1573,3.312829155634174,4.9248328241105135,1.2106741573033708,2.1021226417860004,2.9308962151723312
new_preds,OFT-0183-00,medium,1574,3.224419851791002,4.421891989851395,1.3707865168539326,2.280028697815482,2.940816734486227
new_preds,OFT-0183-00,fast,1575,3.2134097642156307,4.958450210929377,1.2106741573033708,2.055777104735043,2.8541716752834687
new_preds,OFT-0183-00,slow,1576,3.0701085415384854,3.58390869922508,1.3707865168539326,2.460751978540515,2.9897826023535496
new_preds,OFT-0184-00,slow,1577,3.0662500473826992,4.153898535921008,1.3707865168539326,2.320226180451178,2.953559140737566
new_preds,OFT-0184-00,medium,1578,3.297402377939317,4.491189989785496,1.3174157303370786,2.226464443674701,2.9944730573485283
new_preds,OFT-0184-00,fast,1579,3.1760115552523835,6.165298670889275,1.4241573033707866,2.0311944606243335,2.82253506613651
new_preds,OFT-0185-00,slow,1580,3.1943327841481106,4.284561999774211,1.3174157303370786,2.277992820503617,2.959436014618794
new_preds,OFT-0185-00,fast,1581,3.176655099628479,6.230847803881511,1.3707865168539326,2.021867554632297,2.8209087372018153
new_preds,OFT-0185-00,medium,1582,3.1980619430352952,4.849565583670818,1.3174157303370786,2.1153528021988866,2.911076728060639
new_preds,OFT-0186-00,slow,1583,3.256587546379499,4.450491573033708,1.4241573033707866,2.3333556003302207,2.9336519054566392
new_preds,OFT-0186-00,medium,1584,3.2595160106597247,5.159367117633571,1.2640449438202248,2.100532572429595,2.9237416279858452
new_preds,OFT-0186-00,fast,1585,3.2612889853240725,5.8205488331892825,1.2106741573033708,1.9906480497914505,2.80781903063622
new_preds,OFT-0187-00,medium,1586,3.3937854837227723,4.450491573033708,1.4241573033707866,2.447517600657514,3.1295370854700386
new_preds,OFT-0187-00,slow,1587,3.3243303324675764,3.9054005074302283,1.2106741573033708,2.362709660512667,3.050441476283438
new_preds,OFT-0187-00,fast,1588,3.3337725689152724,4.872856298048491,1.1573033707865168,2.0784751147644065,2.8888590909306626
new_preds,OFT-0188-00,fast,1589,3.2226317674481852,5.236774056998776,1.1573033707865168,2.0375713330080365,2.8603087052894125
new_preds,OFT-0188-00,medium,1590,3.302945537371265,4.6467339554370595,1.3707865168539326,2.2742498789573204,3.031221997433565
new_preds,OFT-0188-00,slow,1591,3.2087132194314365,4.282690115616349,1.4775280898876404,2.46531518625298,3.0418442595003485
new_preds,OFT-0189-00,slow,1592,3.3493005232654713,3.6229875901391915,1.2106741573033708,2.4533872630761273,3.118781256972814
new_preds,OFT-0189-00,fast,1593,3.390726129103746,4.656439066551426,1.2106741573033708,2.177638193927251,2.994872283543496
new_preds,OFT-0189-00,medium,1594,3.4022726707542987,4.4352454169130695,1.2640449438202248,2.25407244210602,3.056498871422868
new_preds,OFT-0190-00,slow,1595,3.2360391709991596,3.9681269897847593,1.4775280898876404,2.595082146554336,3.152892502783234
new_preds,OFT-0190-00,medium,1596,3.4031469184903247,4.604517729735955,1.3707865168539326,2.3247078895975575,3.1365122026987997
new_preds,OFT-0190-00,fast,1597,3.204282065291804,4.8863339430363215,1.050561797752809,1.9585129479563252,2.7873428204286173
new_preds,OFT-0191-00,medium,1598,3.5219296972429754,3.4703456122884373,1.3707865168539326,2.6353264088197403,3.2102039729164344
new_preds,OFT-0191-00,slow,1599,3.31871943351149,3.7338996985475474,1.5308988764044944,2.6360528449357474,3.1605223562221774
new_preds,OFT-0191-00,fast,1600,3.5189596680508908,3.9325842696629216,1.3174157303370786,2.4489619890057854,3.1774211157575136
new_preds,OFT-0192-00,fast,1601,3.1233266428955218,5.015574429923751,1.3174157303370786,2.0765363271436974,2.8600956871913867
new_preds,OFT-0192-00,medium,1602,3.3151450555897832,4.476112176852106,1.3707865168539326,2.315151514065435,3.0536703437419104
new_preds,OFT-0192-00,slow,1603,3.3062998928776097,4.228960236671543,1.7443820224719102,2.6898631016968086,3.170285137844914
new_preds,OFT-0193-00,fast,1604,3.182858570550448,5.5665453394524445,1.3174157303370786,2.040801028728412,2.8457109847867756
new_preds,OFT-0193-00,slow,1605,3.181270016408024,4.011710713720525,1.4241573033707866,2.4320978009327687,2.96123651242286
new_preds,OFT-0193-00,medium,1606,3.286839550674928,4.895666131621187,1.3707865168539326,2.2377048576897565,3.0251611131597427
new_preds,OFT-0194-00,slow,1607,3.0341156771275886,4.057428214731585,1.3174157303370786,2.2815944635177043,2.9249755625584415
new_preds,OFT-0194-00,fast,1608,3.2532887864880093,4.656439066551426,1.2106741573033708,2.117161505766157,2.960397106578951
new_preds,OFT-0194-00,medium,1609,3.259907091954509,4.546240276577356,1.4775280898876404,2.3588190341525177,3.062558070733387
new_preds,OFT-0194-01,slow,1610,3.341317484344199,3.9618107423524065,1.3707865168539326,2.5021619253716385,3.126984057600775
new_preds,OFT-0194-01,medium,1611,3.1846863729037773,4.213483146067416,1.2640449438202248,2.24884853226568,2.976551553549066
new_preds,OFT-0194-01,fast,1612,3.0135227937838507,5.93153731037063,1.4775280898876404,1.9736326686263383,2.7554154179883055
new_preds,OFT-0195-00,fast,1613,3.314166127266769,4.895666131621187,1.3707865168539326,2.17432835682262,2.991536973055874
new_preds,OFT-0195-00,slow,1614,3.307932239425924,3.659488139825218,1.3174157303370786,2.546491190694184,3.0760938086368257
new_preds,OFT-0195-00,medium,1615,3.48959268109007,4.295920859794821,1.3174157303370786,2.339594674947337,3.0599570871696686
new_preds,OFT-0196-00,medium,1616,3.2706180998867826,4.213483146067416,1.2640449438202248,2.239384887403697,2.9760882881047506
new_preds,OFT-0196-00,slow,1617,3.1940245971558134,4.002520985814895,1.5308988764044944,2.5752069242943953,3.0219789105785684
new_preds,OFT-0196-00,fast,1618,3.18066089634588,4.9846782431052095,1.3707865168539326,2.093262440041286,2.8750137347278293
new_preds,OFT-0197-00,fast,1619,3.223608468384354,6.004875980496078,1.1573033707865168,1.949520326661347,2.7949457901058548
new_preds,OFT-0197-00,slow,1620,3.2376703539735407,4.708279609504514,1.4241573033707866,2.3063442461496577,2.9908056942678454
new_preds,OFT-0197-00,medium,1621,3.2409979406162415,5.378914654554148,1.2640449438202248,2.094225912515215,2.9226582888014376
new_preds,OFT-0198-00,fast,1622,3.2850617448151977,4.957038995373431,1.2640449438202248,2.1191375158039185,2.9496511889676555
new_preds,OFT-0198-00,medium,1623,3.2256910104887493,4.544182409350949,1.3707865168539326,2.2692224217507184,3.0000500547453357
new_preds,OFT-0198-00,slow,1624,3.1439244147614183,4.21780466724287,1.3707865168539326,2.2985710696822066,2.9571811776003862
new_preds,OFT-0199-00,medium,1625,3.5070709760734773,3.992168879809329,1.3174157303370786,2.3739555928394975,3.011156875343531
new_preds,OFT-0199-00,slow,1626,3.3767082968869593,3.3999240459914613,1.3174157303370786,2.561230230910993,3.132202728340368
new_preds,OFT-0199-00,fast,1627,3.403764000928217,4.053826733980004,1.3174157303370786,2.332630133950412,3.0133575443133447
new_preds,OFT-0200-00,fast,1628,3.135882355541447,5.2668539325842705,1.2640449438202248,1.9597835158862418,2.6809789369698733
new_preds,OFT-0200-00,medium,1629,3.2177634645032014,4.699992955514071,1.3707865168539326,2.183750895697998,2.848851338440637
new_preds,OFT-0200-00,slow,1630,3.2052128265528443,4.443944729874631,1.4775280898876404,2.4042043912381765,2.9576167858146083
new_preds,OFT-0201-00,medium,1631,3.4626187812194114,4.328799526907155,1.3707865168539326,2.370380850679265,3.1060829858282575
new_preds,OFT-0201-00,slow,1632,3.2611468782293773,3.923062273852599,1.1573033707865168,2.212944448780745,2.896093791991831
new_preds,OFT-0201-00,fast,1633,3.3568582973630603,4.842696629213483,1.2106741573033708,2.151817673918562,3.0003882649216833
new_preds,OFT-0202-00,fast,1634,3.2188098711526933,5.331167605479888,1.1573033707865168,1.9817295252387621,2.769409474495437
new_preds,OFT-0202-00,medium,1635,3.3213801750059773,4.596527068437181,1.2640449438202248,2.192641932925469,3.006124219784509
new_preds,OFT-0202-00,slow,1636,3.1555445415331658,4.1962852556753045,1.3707865168539326,2.348428152583563,3.001482721195884
new_preds,OFT-0203-00,medium,1637,3.314330584216437,4.539028201503088,1.3707865168539326,2.2620568108466794,2.968362076970712
new_preds,OFT-0203-00,fast,1638,3.211968709753384,4.7477417933465516,1.2106741573033708,2.0510670927069694,2.834907671547591
new_preds,OFT-0203-00,slow,1639,3.28325813380527,4.03172504957039,1.3707865168539326,2.405416403749258,2.98558119132183
new_preds,OFT-0204-00,fast,1640,3.185580133532878,5.133664766509648,1.2106741573033708,2.090734277499574,2.888438145033313
new_preds,OFT-0204-00,medium,1641,3.317780031244324,4.569288389513109,1.3707865168539326,2.311303775386231,3.00289559347608
new_preds,OFT-0204-00,slow,1642,3.1617254776075483,4.078625371681183,1.2640449438202248,2.262469054106311,2.940200369618905
new_preds,OFT-0205-00,fast,1643,3.342895782814117,4.638666398358482,1.2106741573033708,2.1247019078147273,2.9496064503296364
new_preds,OFT-0205-00,slow,1644,3.142614913971909,4.216000161088961,1.3174157303370786,2.230655670703523,2.881130572385652
new_preds,OFT-0205-00,medium,1645,3.3385041875855097,4.542812863231306,1.3174157303370786,2.266766248155393,3.0115491475826786
new_preds,OFT-0206-00,fast,1646,3.3539168799311705,4.555486648183278,1.2640449438202248,2.205461306239737,3.054867380652284
new_preds,OFT-0206-00,medium,1647,3.4638084217320153,3.9054005074302283,1.2106741573033708,2.4025593431834835,3.1505740910272553
new_preds,OFT-0206-00,slow,1648,3.297756577032218,3.560583054965077,1.3174157303370786,2.576379927157215,3.150130115698554
new_preds,OFT-0207-00,slow,1649,3.2695370944268065,4.169130691898285,1.5842696629213484,2.5751221581105734,3.067674686590485
new_preds,OFT-0207-00,fast,1650,3.356627085035126,4.843440185062789,1.3174157303370786,2.223836538134081,3.0716313288883526
new_preds,OFT-0207-00,medium,1651,3.3885542133161426,4.3488253319714,1.4241573033707866,2.4411146039895475,3.1321884235443003
new_preds,OFT-0208-00,medium,1652,3.279120823698307,4.542812863231306,1.3174157303370786,2.2604506185613213,2.978577329706553
new_preds,OFT-0208-00,slow,1653,3.163299773123919,4.3123912011394205,1.5308988764044944,2.4270367387075193,2.9556755145799687
new_preds,OFT-0208-00,fast,1654,3.204125294982659,4.924850430468409,1.2640449438202248,2.0553523041695207,2.82469535708575
new_preds,OFT-0209-00,fast,1655,3.265118525513518,6.012221565148827,1.3707865168539326,2.0574905294819175,2.880267758322303
new_preds,OFT-0209-00,medium,1656,3.239044146160532,5.0028445455838435,1.3174157303370786,2.172237339353288,2.9949285483518095
new_preds,OFT-0209-00,slow,1657,3.3226124854416157,4.283707865168539,1.3707865168539326,2.4549361505540923,3.110444975597635
new_preds,OFT-0210-00,fast,1658,3.2783591084597408,5.086276083467094,1.4241573033707866,2.180224290117497,3.00824237217299
new_preds,OFT-0210-00,slow,1659,3.2247552992543955,4.405692418638193,1.5308988764044944,2.520009798098899,3.1358646907099845
new_preds,OFT-0210-00,medium,1660,3.2388469502702595,4.012506688068486,1.4241573033707866,2.4645920807888877,3.03105147119022
new_preds,OFT-0211-00,fast,1661,3.460561214469883,4.421891989851395,1.3707865168539326,2.322472387803275,3.069357458389058
new_preds,OFT-0211-00,medium,1662,3.374447938451471,4.270404424593482,1.3707865168539326,2.2975504595613923,2.992892219765461
new_preds,OFT-0211-00,slow,1663,3.268024626489274,3.9117769454848106,1.5842696629213484,2.573364213918593,3.041778688705258
new_preds,OFT-0212-00,fast,1664,3.144687656148444,5.776976892092431,1.5308988764044944,2.1126473581004603,2.901930014367906
new_preds,OFT-0212-00,medium,1665,3.210360320125101,4.216000161088961,1.3174157303370786,2.2892135151217325,2.9842386147253883
new_preds,OFT-0212-00,slow,1666,3.1166770123663468,4.224719101123595,1.5842696629213484,2.474061661825843,3.0219833767992013
new_preds,OFT-0213-00,fast,1667,3.3639549771363892,5.056179775280899,1.2640449438202248,2.142086778800939,2.9794647092545117
new_preds,OFT-0213-00,slow,1668,3.258964543446357,4.3488253319714,1.4241573033707866,2.413872364641668,3.0340105014456036
new_preds,OFT-0213-00,medium,1669,3.2260921692907614,4.6467339554370595,1.3707865168539326,2.1838917602349595,2.887710563427371
new_preds,OFT-0214-00,slow,1670,3.1592548457153913,4.622511334516065,1.3174157303370786,2.2005321915395393,2.9134184197475945
new_preds,OFT-0214-00,medium,1671,3.1492610748771224,5.910112359550562,1.4775280898876404,2.120729391574996,2.912720486803113
new_preds,OFT-0214-00,fast,1672,3.1558914202218524,6.975580554295136,1.4241573033707866,1.9810019847324882,2.779884102928094
new_preds,OFT-0215-00,slow,1673,3.3165016714828957,3.9054005074302283,1.2106741573033708,2.2508191814501766,2.9120624367521546
new_preds,OFT-0215-00,fast,1674,3.1792584040383733,4.940172187363198,1.3707865168539326,2.0408580481296563,2.8289965250460654
new_preds,OFT-0215-00,medium,1675,3.274307327758395,4.540028089887641,1.2106741573033708,2.197244619883352,2.9867442842447454
new_preds,OFT-0216-00,medium,1676,3.368781667833408,3.673978954877831,1.1573033707865168,2.394060380060447,3.111710030424773
new_preds,OFT-0216-00,fast,1677,3.320921076268419,4.663783757145673,1.3174157303370786,2.2398748309836627,3.0440421872741488
new_preds,OFT-0216-00,slow,1678,3.3352776674221962,3.1210986267166043,1.2640449438202248,2.6709663551949547,3.141847648972946
new_preds,OFT-0217-00,fast,1679,3.3252064303570736,4.725814430075613,1.2640449438202248,2.1754490977146332,3.00484893576711
new_preds,OFT-0217-00,slow,1680,3.16727355249595,4.127992183683439,1.4241573033707866,2.3723786329655314,2.93467038355639
new_preds,OFT-0217-00,medium,1681,3.374031567396073,4.153898535921008,1.3707865168539326,2.436439041424388,3.103792979073421
new_preds,OFT-0218-00,fast,1682,3.2636741591035965,5.676495411137563,1.3174157303370786,2.075575741624241,2.949061379234661
new_preds,OFT-0218-00,medium,1683,3.44177232993147,4.869269564417944,1.4241573033707866,2.2886290414423818,3.0590186850320076
new_preds,OFT-0218-00,slow,1684,3.2667342345403116,4.458137006161652,1.3707865168539326,2.2551885329051324,2.930858747995853
new_preds,OFT-0219-00,fast,1685,3.4048954469831165,4.819813647574677,1.3174157303370786,2.206710151018252,3.0298033737611387
new_preds,OFT-0219-00,medium,1686,3.2267913920218327,4.31939583717075,1.3174157303370786,2.3160676705789722,3.0088441520847486
new_preds,OFT-0219-00,slow,1687,3.3742817238001024,3.1835205992509366,1.050561797752809,2.493092468081391,3.110281605084364
new_preds,OFT-0220-00,fast,1688,3.246718107240878,5.212556469361751,1.2640449438202248,2.125375957430463,2.969457474651613
new_preds,OFT-0220-00,slow,1689,3.205171334429205,4.450491573033708,1.4241573033707866,2.367095732238177,2.954228876599123
new_preds,OFT-0220-00,medium,1690,3.2533312489792934,4.910887253002712,1.4241573033707866,2.2732539489027923,3.010860352479669
new_preds,OFT-0221-00,medium,1691,3.4852092123271796,4.639087504256044,1.5308988764044944,2.505245367993255,3.1804642457474945
new_preds,OFT-0221-00,fast,1692,3.5766066195673307,4.940308988764045,1.3174157303370786,2.2363002562935463,3.0909915307297444
new_preds,OFT-0221-00,slow,1693,3.4060638222333814,4.060713581707076,1.1573033707865168,2.2799995557167256,3.080608070685878
new_preds,OFT-0222-00,fast,1694,3.4210478996983578,4.842696629213483,1.2106741573033708,2.1601477939424005,3.0394699569951427
new_preds,OFT-0222-00,slow,1695,3.411907931946765,4.163669452876606,1.4241573033707866,2.576802143288663,3.170625034157796
new_preds,OFT-0222-00,medium,1696,3.4866009618787484,4.450491573033708,1.4241573033707866,2.4470219102477255,3.1742827133481883
new_preds,OFT-0223-00,fast,1697,3.280682437496511,4.7169123011819645,1.2106741573033708,2.1066485037165013,2.9268049591310445
new_preds,OFT-0223-00,slow,1698,3.0991458435233503,3.5518494346744744,1.1573033707865168,2.3436850150513115,2.968937461490428
new_preds,OFT-0223-00,medium,1699,3.4118209253955163,4.448953093329832,1.3174157303370786,2.3440902934181507,3.1379452548424154
new_preds,OFT-0224-00,fast,1700,3.353139566946389,4.9846782431052095,1.3707865168539326,2.201732907939529,3.0132395951230033
new_preds,OFT-0224-00,medium,1701,3.33505622538188,4.542812863231306,1.3174157303370786,2.235437265762442,2.989210619122171
new_preds,OFT-0224-00,slow,1702,3.1150524116896183,3.93346051392978,1.3174157303370786,2.337680426397513,2.894518787260743
new_preds,OFT-0225-00,fast,1703,3.3355748888892447,5.260469867211439,1.1573033707865168,2.095640316077857,2.9405084405407877
new_preds,OFT-0225-00,medium,1704,3.369827048183186,4.542812863231306,1.3174157303370786,2.259025173524395,3.028027903395615
new_preds,OFT-0225-00,slow,1705,3.2542958789771115,4.391385767790262,1.3174157303370786,2.257167688737358,2.9749451429597813
new_preds,OFT-0226-00,medium,1706,3.48146607404538,4.726850058117009,1.3707865168539326,2.29390689493771,3.0962493021996096
new_preds,OFT-0226-00,fast,1707,3.389670731439367,5.417130613759827,1.2106741573033708,2.1289441620694203,2.963268623906346
new_preds,OFT-0226-00,slow,1708,3.1925124633957385,4.23017020803204,1.4241573033707866,2.4022134127018218,3.0452276088542662
new_preds,OFT-0227-00,slow,1709,3.304250943615199,4.548246697123102,1.5842696629213484,2.4904883953525765,3.081197120768937
new_preds,OFT-0227-00,medium,1710,3.283504901066609,4.699992955514071,1.3707865168539326,2.2360604968823052,2.9966357805758053
new_preds,OFT-0227-00,fast,1711,3.312355299838627,5.066983578219534,1.3174157303370786,2.158434847497004,2.9926939400770256
new_preds,OFT-0228-00,fast,1712,3.194063882982905,4.597496799886218,1.2106741573033708,2.092101739863933,2.92506305587144
new_preds,OFT-0228-00,medium,1713,3.1071181294896006,4.249728162377672,1.3174157303370786,2.24599097971478,2.9571100004132234
new_preds,OFT-0228-00,slow,1714,3.184954858026388,3.0898876404494384,1.050561797752809,2.474559287610554,3.010186548263477
new_preds,OFT-0229-00,medium,1715,3.3548908771800385,4.819813647574677,1.3174157303370786,2.1617846597422887,2.9446002932944673
new_preds,OFT-0229-00,fast,1716,3.2337539883809883,5.614208127456,1.3707865168539326,2.111119531289741,2.8935777604978465
new_preds,OFT-0229-00,slow,1717,3.183357623780534,4.51179906236086,1.4775280898876404,2.372601401757369,2.9718998269490666
new_preds,OFT-0230-00,fast,1718,3.2473200769995203,5.631380996110632,1.2106741573033708,2.0561073598650714,2.8855211001600733
new_preds,OFT-0230-00,slow,1719,3.3064197794504975,4.895666131621188,1.3707865168539326,2.2686160521052408,3.073333981834756
new_preds,OFT-0230-00,medium,1720,3.2829093565865906,5.166336197400308,1.3174157303370786,2.174096513666668,2.9768495944752855
new_preds,OFT-0231-00,medium,1721,3.286355144333832,4.249728162377672,1.3174157303370786,2.3522827886903417,3.101320284338272
new_preds,OFT-0231-00,fast,1722,3.286970637946072,4.6467339554370595,1.3707865168539326,2.2673854224712406,3.013522154453246
new_preds,OFT-0231-00,slow,1723,3.2459404152256863,4.247979499310072,1.2106741573033708,2.1775637664238894,2.8373799542639975
new_preds,OFT-0232-00,fast,1724,3.259312587684782,4.910887253002712,1.4241573033707866,2.183518799678602,2.945192228488786
new_preds,OFT-0232-00,slow,1725,3.2059315195526414,4.401598137385186,1.5842696629213484,2.5007259777122646,3.029755968311717
new_preds,OFT-0232-00,medium,1726,3.4458433347350317,4.211358986384986,1.2106741573033708,2.274958215160259,3.04085289823511
new_preds,OFT-0233-00,medium,1727,3.3787716760963087,4.761743603627996,1.3174157303370786,2.233694787608704,3.0508194168845053
new_preds,OFT-0233-00,fast,1728,3.3503277026190075,5.495847581827064,1.2640449438202248,2.1671911697731043,3.072705688667911
new_preds,OFT-0233-00,slow,1729,3.2394728570302878,4.546240276577356,1.4775280898876404,2.3903370259284618,3.043052349849469
new_preds,OFT-0234-00,fast,1730,3.264362566263381,5.269662921348314,1.3174157303370786,2.086896561406188,2.937211636839059
new_preds,OFT-0234-00,medium,1731,3.3966874900384765,4.542812863231306,1.3174157303370786,2.2670925566113858,3.0529524217643798
new_preds,OFT-0234-00,slow,1732,3.3645776354819854,4.456164488267217,1.6376404494382022,2.5770265275283393,3.1313781296573713
new_preds,OFT-0235-00,fast,1733,3.365749821182145,4.7906026557711945,1.3174157303370786,2.215759344131595,3.041065158132595
new_preds,OFT-0235-00,medium,1734,3.282585053947107,4.514446227929374,1.2640449438202248,2.1970162671664615,2.9587018578083737
new_preds,OFT-0235-00,slow,1735,3.160909150706009,4.37485058570404,1.3707865168539326,2.28831118143552,2.9305079089878823
new_preds,OFT-0236-00,fast,1736,3.2386495343125756,4.941527172666819,1.2106741573033708,2.146611635600573,2.962079316289041
new_preds,OFT-0236-00,slow,1737,3.1800758376475162,3.0898876404494384,1.050561797752809,2.4807851090818858,3.03738444710007
new_preds,OFT-0236-00,medium,1738,3.29532417736408,4.6467339554370595,1.3707865168539326,2.2506764932639136,2.9941702304477973
new_preds,OFT-0237-00,medium,1739,3.400581889514118,4.504314449136125,1.3174157303370786,2.286438316673636,3.090835852017051
new_preds,OFT-0237-00,fast,1740,3.3431072103022483,4.977648906608674,1.1573033707865168,2.0561232545442363,2.857512395464916
new_preds,OFT-0237-00,slow,1741,3.12540367912268,4.710458081244599,1.5308988764044944,2.2768086914857726,2.892717644858643
new_preds,OFT-0238-00,slow,1742,3.2052393976674716,3.588753241140881,1.1573033707865168,2.4229709031974203,3.0695080332642433
new_preds,OFT-0238-00,medium,1743,3.3471846106685184,4.814091055957239,1.4241573033707866,2.2924132724741373,3.0674761872802665
new_preds,OFT-0238-00,fast,1744,3.2363153078035714,5.098140290062954,1.2106741573033708,2.1014014595458868,2.943046116790555
new_preds,OFT-0239-00,fast,1745,3.2562071802263306,4.771679631230193,1.2640449438202248,2.190164018938457,3.0296103708576623
new_preds,OFT-0239-00,medium,1746,3.2701115713609115,4.622511334516065,1.3174157303370786,2.198228149795878,2.9903676648950124
new_preds,OFT-0239-00,slow,1747,3.162276043281088,4.221508828250402,1.4775280898876404,2.5156439351003863,3.0498002917309712
new_preds,OFT-0240-00,slow,1748,3.21928938283339,4.454842004678902,1.4241573033707866,2.3528514199558574,2.981930440972406
new_preds,OFT-0240-00,medium,1749,3.33274933621349,4.754593838457383,1.3174157303370786,2.219630023373552,3.0197480612240604
new_preds,OFT-0240-00,fast,1750,3.429693106651897,5.122823189416776,1.2640449438202248,2.179421714964887,3.0255569320898954
new_preds,OFT-0241-00,slow,1751,3.3480575317352526,3.4269662921348316,1.3707865168539326,2.5984294772338514,3.148722503184972
new_preds,OFT-0241-00,medium,1752,3.4370375814015697,4.18227215980025,1.3174157303370786,2.3992257571233604,3.1177018065619784
new_preds,OFT-0241-00,fast,1753,3.3836458316889813,4.656439066551426,1.2106741573033708,2.168239046845806,3.003171990382075
new_preds,OFT-0242-00,slow,1754,3.2331711089186888,4.582662098873684,1.3174157303370786,2.168196351482324,2.93130445841433
new_preds,OFT-0242-00,medium,1755,3.220568360215972,4.7906026557711945,1.3174157303370786,2.0689020955697974,2.8193198888898032
new_preds,OFT-0242-00,fast,1756,3.2339668810761393,5.109148420243926,1.2106741573033708,2.0520565170595457,2.851093841362644
new_preds,OFT-0243-00,medium,1757,3.3405120894935307,4.530685243137754,1.2640449438202248,2.1424403737026774,2.9256210005958816
new_preds,OFT-0243-00,fast,1758,3.270978307400235,5.017875383043922,1.103932584269663,1.9599221209195121,2.729300398922125
new_preds,OFT-0243-00,slow,1759,3.228957964623128,4.394476025521458,1.2106741573033708,2.176610224420668,2.9414551862184455
new_preds,OFT-0244-00,medium,1760,3.3340341223875485,4.879317519766957,1.3174157303370786,2.150812306548329,2.909062081016886
new_preds,OFT-0244-00,fast,1761,3.2187574003390593,5.2668539325842705,1.2640449438202248,2.079274797721025,2.9004819679869467
new_preds,OFT-0244-00,slow,1762,3.1174157425235065,4.249728162377672,1.3174157303370786,2.0922011675428607,2.7283996510055677
new_preds,OFT-0245-00,slow,1763,3.1229908316364603,4.283707865168539,1.3707865168539326,2.328576829137292,2.9760658302010943
new_preds,OFT-0245-00,medium,1764,3.2307037154133833,4.656439066551426,1.2106741573033708,2.125540215323409,2.9208565704437306
new_preds,OFT-0245-00,fast,1765,3.3028563119594407,5.380774032459426,1.2106741573033708,2.0345589997552356,2.815939043627
new_preds,OFT-0246-00,slow,1766,3.235458049889425,3.818596319817619,1.3174157303370786,2.495002720646621,3.0535071410099004
new_preds,OFT-0246-00,medium,1767,3.3431759371718233,4.28489811464483,1.2640449438202248,2.2379158782157926,2.9822970249504457
new_preds,OFT-0246-00,fast,1768,3.302745826769955,4.738905504809635,1.3174157303370786,2.1565755595144855,2.9682912983271676
new_preds,OFT-0247-00,slow,1769,3.2882912942166715,3.889369057908384,1.2640449438202248,2.4248062873203624,3.0440822950871227
new_preds,OFT-0247-00,medium,1770,3.4439304637599486,4.283707865168539,1.3707865168539326,2.4590063249172274,3.1415656789408217
new_preds,OFT-0247-00,fast,1771,3.4481772115821534,4.601170486415034,1.2640449438202248,2.1841048992788354,3.0093604713828936
new_preds,OFT-0248-00,medium,1772,3.300247442125022,5.227840199750312,1.3174157303370786,2.102576689257349,2.908297159999033
new_preds,OFT-0248-00,slow,1773,3.2592084816696563,4.440727180911501,1.3174157303370786,2.2598180807431167,2.991458287532892
new_preds,OFT-0248-00,fast,1774,3.300104546504402,5.878930922146135,1.103932584269663,1.9189290251896194,2.7204680072780905
new_preds,OFT-0249-00,medium,1775,3.42177697981736,3.992168879809329,1.3174157303370786,2.353084568288941,3.046025296783963
new_preds,OFT-0249-00,slow,1776,3.3432423531672995,3.6997338852749855,1.4241573033707866,2.473970690277101,3.0063889615480566
new_preds,OFT-0249-00,fast,1777,3.3308107648956833,4.518511064675253,1.1573033707865168,2.0785256920020743,2.871556139391321
new_preds,OFT-0250-00,slow,1778,3.1890036157852606,3.7375375850609274,1.3174157303370786,2.363704895929796,2.947699368565389
new_preds,OFT-0250-00,fast,1779,3.508224003205249,4.531288982977033,1.1573033707865168,2.1390244395062115,2.946921310664832
new_preds,OFT-0250-00,medium,1780,3.5168008393578485,4.328799526907155,1.3707865168539326,2.385984687881387,3.0601965282362316
new_preds,OFT-0251-00,medium,1781,3.444236914921969,3.9933191618584876,1.4775280898876404,2.541689992830287,3.0676427372667896
new_preds,OFT-0251-00,slow,1782,3.3071963577075434,3.791320631818922,1.3174157303370786,2.465976690706873,3.0184683683436755
new_preds,OFT-0251-00,fast,1783,3.4601861623858223,4.175654640560059,1.3174157303370786,2.346870202191475,3.052510621867005
new_preds,OFT-0252-00,fast,1784,3.004243649435366,6.092384519350812,1.3707865168539326,1.837788819359232,2.579083121689062
new_preds,OFT-0252-00,medium,1785,3.3676784899707615,4.4352454169130695,1.2640449438202248,2.1964454633703747,2.9974908669925653
new_preds,OFT-0252-00,slow,1786,3.3229230418971696,4.28342201149513,1.4241573033707866,2.4336296561531503,3.0552883852481285
new_preds,OFT-0253-00,fast,1787,3.4345259630574754,4.071643119368116,1.3707865168539326,2.402103898143755,3.0842692586811893
new_preds,OFT-0253-00,slow,1788,3.3871780411818206,2.6914031878756206,1.1573033707865168,2.640615319641863,3.21224697349264
new_preds,OFT-0253-00,medium,1789,3.500515541394857,3.764044943820225,1.3174157303370786,2.4919623934317783,3.0777819909771322
new_preds,OFT-0254-00,slow,1790,3.248872518062596,3.7902736258575866,1.3707865168539326,2.4818602189013097,3.032325650916743
new_preds,OFT-0254-00,fast,1791,3.3150311470226232,4.491189989785496,1.3174157303370786,2.123713219017822,2.8799549392403505
new_preds,OFT-0254-00,medium,1792,3.295134369754351,4.1712661804323545,1.3174157303370786,2.3350558912216313,3.017847192953099
new_preds,OFT-0255-00,fast,1793,3.451358960369449,4.421891989851395,1.3707865168539326,2.227771945165636,2.909516682904959
new_preds,OFT-0255-00,medium,1794,3.3996349237790717,3.668709567585972,1.2106741573033708,2.4387680637797513,3.065527358927126
new_preds,OFT-0255-00,slow,1795,3.31599941574257,3.9325842696629216,1.3174157303370786,2.464797013336298,3.0717241037057526
new_preds,OFT-0256-00,fast,1796,3.092304472597834,5.697290152015863,1.2106741573033708,1.9056937923318606,2.6987826833663995
new_preds,OFT-0256-00,medium,1797,3.2226116615565266,5.066983578219533,1.3174157303370786,2.030816025369755,2.8000299082255884
new_preds,OFT-0256-00,slow,1798,3.2699673363157737,4.309244126659857,1.2640449438202248,2.111865241496822,2.8662826419542475
new_preds,OFT-0257-00,fast,1799,3.3023115352779073,4.355093323428359,1.3174157303370786,2.230281722454021,3.0209047316641047
new_preds,OFT-0257-00,medium,1800,3.2583220891254423,3.9814907704654896,1.2640449438202248,2.268280808737624,2.919790208733943
new_preds,OFT-0257-00,slow,1801,3.2781468390494926,3.9590473298338464,1.4241573033707866,2.453975793796478,3.0318960739872933
new_preds,OFT-0258-00,slow,1802,3.289158259304122,4.421891989851395,1.3707865168539326,2.304876265389012,2.9172813319459245
new_preds,OFT-0258-00,fast,1803,3.149119336045968,5.539032092237644,1.2106741573033708,1.9815288421408384,2.7654863894950834
new_preds,OFT-0258-00,medium,1804,3.2377439972281605,4.797241206224178,1.1573033707865168,2.0629336855963607,2.8496203888143143
new_preds,OFT-0259-00,medium,1805,3.433183383334354,4.3587756683456025,1.2640449438202248,2.263161446452814,3.0452078772649083
new_preds,OFT-0259-00,fast,1806,3.3122767521315235,4.88531186278541,1.2640449438202248,2.0770550937760275,2.8819982564555
new_preds,OFT-0259-00,slow,1807,3.376650284087068,4.617275280898876,1.4775280898876404,2.437521522850147,3.1501749451349736
new_preds,OFT-0260-00,medium,1808,3.384099563232067,4.703040272607569,1.4775280898876404,2.3520368412045496,3.0241419830045086
new_preds,OFT-0260-00,slow,1809,3.2807550436421407,4.011710713720525,1.4241573033707866,2.4607133809362103,3.0005938307076923
new_preds,OFT-0260-00,fast,1810,3.2603445108342926,4.809777252119061,1.3707865168539326,2.0610135998082093,2.851228261270496
new_preds,OFT-0261-00,fast,1811,3.374219016590748,4.902118068924747,1.3174157303370786,2.1713121230061745,2.9646499351763707
new_preds,OFT-0261-00,medium,1812,3.3007880415486857,4.5211342964151955,1.4241573033707866,2.3113690081825524,3.0045807983257116
new_preds,OFT-0261-00,slow,1813,3.21901750029506,4.067363388931538,1.2640449438202248,2.3182030321198765,2.949780897036566
new_preds,OFT-0262-00,fast,1814,3.1036051585819378,4.843440185062789,1.3174157303370786,1.9957474182575299,2.7634847508986935
new_preds,OFT-0262-00,medium,1815,3.123978361666669,4.272967614011897,1.2106741573033708,2.0976770601573427,2.7811624025988375
new_preds,OFT-0262-00,slow,1816,3.145743071856239,4.18227215980025,1.3174157303370786,2.2983097543985656,2.96141616103304
new_preds,OFT-0263-00,slow,1817,3.2817129292632226,3.6487736366127708,1.4775280898876404,2.6022690043169985,3.1162506913103267
new_preds,OFT-0263-00,fast,1818,3.349073940776013,4.355390802480506,1.3174157303370786,2.3359853567177145,3.093964721947298
new_preds,OFT-0263-00,medium,1819,3.3866878063920587,4.174738473459899,1.2106741573033708,2.2881242572579232,3.0190825277258173
new_preds,OFT-0264-00,fast,1820,3.4273110827363653,4.794749137835132,1.2106741573033708,2.1565027809251225,2.992430131098819
new_preds,OFT-0264-00,medium,1821,3.443355373865097,4.249728162377672,1.3174157303370786,2.366078289951323,3.090016771835299
new_preds,OFT-0264-00,slow,1822,3.22554762875956,3.8193985459352278,1.3174157303370786,2.4057568451074482,3.016129195531939
new_preds,OFT-0265-00,medium,1823,3.41581588926564,3.7251512532411413,1.2106741573033708,2.3464511668876447,3.069678437593263
new_preds,OFT-0265-00,fast,1824,3.394676172831773,4.474495376354779,1.2640449438202248,2.257706879558658,3.11142542361974
new_preds,OFT-0265-00,slow,1825,3.263122642205619,3.688912955191553,1.5308988764044944,2.648711236206204,3.1440165449125503
new_preds,OFT-0266-00,medium,1826,3.3780716174097094,4.594055817325118,1.4241573033707866,2.3341903850046504,3.018114179426339
new_preds,OFT-0266-00,fast,1827,3.4715152972450842,4.8158461212309,1.2640449438202248,2.1749344206506755,3.017864253400796
new_preds,OFT-0266-00,slow,1828,3.2288282722871804,4.038777747328035,1.103932584269663,2.1015156442269087,2.8012489342352467
new_preds,OFT-0267-00,fast,1829,3.288173544344859,5.129975242810892,1.2106741573033708,2.085763770601157,2.9710700438925524
new_preds,OFT-0267-00,slow,1830,3.37547989869742,3.7036078174171685,1.1573033707865168,2.3732099094740557,3.1185400719816845
new_preds,OFT-0267-00,medium,1831,3.2831936484856072,4.5233991330465555,1.3174157303370786,2.1682591474850024,2.9523904910975567
new_preds,OFT-0268-00,fast,1832,3.1897966449542756,4.721980842292457,1.3174157303370786,2.1580841966486735,2.962302262139002
new_preds,OFT-0268-00,medium,1833,3.3945386046216077,4.18227215980025,1.3174157303370786,2.3079871706711383,3.0395510731169737
new_preds,OFT-0268-00,slow,1834,3.2083768513174427,3.85188744332742,1.4241573033707866,2.436074699247255,2.961047855333408
new_preds,OFT-0269-00,fast,1835,3.3054710835805943,4.671686987010918,1.3174157303370786,2.20513599713159,2.9858071129576724
new_preds,OFT-0269-00,medium,1836,3.3221034477385074,4.231186856765178,1.2640449438202248,2.300512860659521,3.036562139982841
new_preds,OFT-0269-00,slow,1837,3.202861824380535,4.14959815855181,1.3174157303370786,2.2535703392173523,2.8736963070298
new_preds,OFT-0270-00,slow,1838,3.1895068842410765,4.112359550561798,1.3707865168539326,2.3354211576406567,2.9733415966590258
new_preds,OFT-0270-00,fast,1839,3.046160625637068,4.649702577660277,1.3174157303370786,1.9901413236838397,2.7347198854151777
new_preds,OFT-0270-00,medium,1840,3.279641751969363,4.386797608979559,1.3707865168539326,2.2798658829639766,3.013099614007598
new_preds,OFT-0271-00,fast,1841,3.3850945236512087,4.879317519766957,1.3174157303370786,2.155379634024302,2.9512950779229614
new_preds,OFT-0271-00,slow,1842,3.248368563018118,3.8634994013305533,1.3707865168539326,2.430607404117018,2.9874923013925643
new_preds,OFT-0271-00,medium,1843,3.324305522706799,4.284561999774211,1.3174157303370786,2.2870296901190375,3.007446111309366
new_preds,OFT-0272-00,fast,1844,3.2570643868280844,4.7477417933465516,1.2106741573033708,2.031529241993807,2.825607743166233
new_preds,OFT-0272-00,slow,1845,3.232294387581635,3.9325842696629216,1.3174157303370786,2.4356200373324235,3.0240959435141677
new_preds,OFT-0272-00,medium,1846,3.3670753041392185,4.569288389513109,1.3707865168539326,2.299474498867273,3.026603980228765
new_preds,OFT-0273-00,fast,1847,3.3119649106265694,4.03063387746449,1.4241573033707866,2.3585626784627913,3.0177031222939013
new_preds,OFT-0273-00,slow,1848,3.2744520838473306,2.878251500692627,1.050561797752809,2.5762930643794104,3.1208932785097754
new_preds,OFT-0273-00,medium,1849,3.482983735243704,3.8613704700110776,1.3707865168539326,2.5265944554166957,3.150340611047522
new_preds,OFT-0274-00,fast,1850,3.322999940421263,4.895666131621187,1.3707865168539326,2.1136650379985054,2.932047635187628
new_preds,OFT-0274-00,slow,1851,3.1994910406874797,4.49438202247191,1.3707865168539326,2.3034094582093236,2.9205906825189474
new_preds,OFT-0274-00,medium,1852,3.308570372414513,4.6467339554370595,1.3707865168539326,2.268032917542053,3.0419946983014983
new_preds,OFT-0275-00,medium,1853,3.444247649790854,4.21780466724287,1.3707865168539326,2.399975958311124,3.070693279776617
new_preds,OFT-0275-00,slow,1854,3.316590974632052,4.382022471910113,1.4241573033707866,2.4550112305030973,3.1132838228873654
new_preds,OFT-0275-00,fast,1855,3.469506697221985,4.595636268617716,1.3174157303370786,2.244522790840907,3.0401752551564143
new_preds,OFT-0276-00,fast,1856,3.2690703428412116,5.183330724365441,1.3174157303370786,2.1019234894703707,2.9334278261618776
new_preds,OFT-0276-00,slow,1857,3.2872079668621668,3.5045478865703585,1.103932584269663,2.3415860891875697,3.0154509065693973
new_preds,OFT-0276-00,medium,1858,3.3152321940688125,4.453271607976223,1.3174157303370786,2.1873621146143947,2.9337634492213014
new_preds,OFT-0277-00,fast,1859,3.3817177904955904,4.21780466724287,1.3707865168539326,2.4176481644618524,3.1325176414335116
new_preds,OFT-0277-00,medium,1860,3.463157659775512,3.955992509363296,1.4241573033707866,2.5825156255388255,3.159963232966185
new_preds,OFT-0277-00,slow,1861,3.4055239685186445,2.5569000288101416,0.9971910112359551,2.6371283585502505,3.2324598159996047
new_preds,OFT-0278-00,medium,1862,3.3233275580867514,4.4352454169130695,1.2640449438202248,2.1918782456310533,2.9414629325586503
new_preds,OFT-0278-00,slow,1863,3.311719867390925,4.391385767790262,1.3174157303370786,2.243234019262628,2.9538373273389245
new_preds,OFT-0278-00,fast,1864,3.2434968935303097,4.924850430468409,1.2640449438202248,2.0755227861031114,2.894884387430526
new_preds,OFT-0279-00,slow,1865,3.1983568303848675,3.0898876404494384,1.050561797752809,2.4000135484557097,2.9880484609922005
new_preds,OFT-0279-00,medium,1866,3.421033157161952,4.11692415730337,1.3174157303370786,2.457911754461913,3.146618133375515
new_preds,OFT-0279-00,fast,1867,3.4042812810042573,4.503985402861807,1.3174157303370786,2.2694578189138896,3.0446047514150876
new_preds,OFT-0280-00,fast,1868,3.451554989421311,4.474845822421222,1.2640449438202248,2.2558771692595188,3.0917438623155165
new_preds,OFT-0280-00,slow,1869,3.1478503633472195,4.128859408932113,1.4241573033707866,2.3702781680128506,2.9673195665698193
new_preds,OFT-0280-00,medium,1870,3.276174704851221,4.451578384162654,1.4241573033707866,2.35893714265356,2.989941280181016
new_preds,OFT-0281-00,medium,1871,3.3636406561550865,3.673978954877831,1.1573033707865168,2.428903280982986,3.1801726645539774
new_preds,OFT-0281-00,fast,1872,3.273601671111153,4.681647940074906,1.2640449438202248,2.113579379536867,2.977583636486353
new_preds,OFT-0281-00,slow,1873,3.3448661684913765,3.66389838788471,1.2640449438202248,2.5085733177049723,3.1121395358825197
new_preds,OFT-0282-00,slow,1874,2.9913245385957334,4.391385767790262,1.3174157303370786,2.1532434777217353,2.8361426504111256
new_preds,OFT-0282-00,medium,1875,3.3038077624389657,4.582315583781143,1.3174157303370786,2.245138850724377,2.9657329781828405
new_preds,OFT-0282-00,fast,1876,3.3472537713519217,5.191912119169617,1.3174157303370786,2.1489421144828085,2.957814378628979
new_preds,OFT-0283-00,medium,1877,3.235512412156859,4.28489811464483,1.2640449438202248,2.1678030063957148,2.9408131806491014
new_preds,OFT-0283-00,fast,1878,3.1956112756192705,4.513396248668788,1.2106741573033708,2.0809304946444396,2.8759918092113996
new_preds,OFT-0283-00,slow,1879,3.3115265257060353,3.5610728524827837,1.103932584269663,2.383855292905743,3.135437767125091
new_preds,OFT-0284-00,fast,1880,3.293598987279292,4.703524799607966,1.2640449438202248,2.1455086707850173,2.990868377003253
new_preds,OFT-0284-00,slow,1881,3.2682594031579875,4.020670662967107,1.4775280898876404,2.4836804919726947,2.9998237359865896
new_preds,OFT-0284-00,medium,1882,3.4041215020351707,4.11098699338677,1.2640449438202248,2.3067234558865284,2.99804471780696
new_preds,OFT-0285-00,fast,1883,3.4591755595954043,4.638787782877037,1.3174157303370786,2.2835225790163522,3.1009480627325448
new_preds,OFT-0285-00,slow,1884,3.373523277021996,4.351703228107723,1.3707865168539326,2.428759014068508,3.0546422070303323
new_preds,OFT-0285-00,medium,1885,3.466180888361529,4.05454651855635,1.3174157303370786,2.4846957979689375,3.192226872732197
new_preds,OFT-0286-00,fast,1886,3.349856845866644,4.874215622786987,1.3707865168539326,2.2401905016883004,3.0752176449711586
new_preds,OFT-0286-00,slow,1887,3.2364659242720104,4.315628192032687,1.4241573033707866,2.3773510450973068,3.009094650729281
new_preds,OFT-0286-00,medium,1888,3.3548386777016828,4.28489811464483,1.2640449438202248,2.27875346092453,3.063260552630346
new_preds,OFT-0287-00,fast,1889,3.6232569844440747,4.809777252119061,1.3707865168539326,2.2884629437853032,3.1062801121982786
new_preds,OFT-0287-00,medium,1890,3.4340152721534336,3.703067206364715,1.050561797752809,2.312877761114975,3.17197296654643
new_preds,OFT-0287-00,slow,1891,3.357289370967061,3.8390613378400382,1.3707865168539326,2.586249155868036,3.19814195995091
new_preds,OFT-0288-00,fast,1892,3.3173447198938013,6.15654304300076,1.6376404494382022,2.2270988366280937,3.040944659746028
new_preds,OFT-0288-00,medium,1893,3.3613185547511386,4.595636268617716,1.3174157303370786,2.3160200641753628,3.1100520465350066
new_preds,OFT-0288-00,slow,1894,3.275016636603791,4.174738473459899,1.2106741573033708,2.274627560100983,2.9900206837876815
new_preds,OFT-0289-00,fast,1895,3.369460183464191,4.569288389513109,1.3707865168539326,2.3156045749778675,3.104958040381368
new_preds,OFT-0289-00,medium,1896,3.4099855658970974,4.0775643349039505,1.2640449438202248,2.3452319561011,3.088723072724856
new_preds,OFT-0289-00,slow,1897,3.2645320181760957,2.983601579107197,1.103932584269663,2.5527487865735385,3.1499242869974338
new_preds,OFT-0290-00,fast,1898,3.173556866813174,4.909375158879455,1.2640449438202248,2.163767040535851,2.9745408421004806
new_preds,OFT-0290-00,slow,1899,3.1578423013272308,3.795457291289114,1.1573033707865168,2.280706782552897,2.9853636338814598
new_preds,OFT-0290-00,medium,1900,3.280364801083495,4.421891989851395,1.3707865168539326,2.348063902965458,3.038911376606402
new_preds,OFT-0291-00,fast,1901,3.3291322889161625,4.822097378277153,1.1573033707865168,2.096091292188979,2.948415697040653
new_preds,OFT-0291-00,medium,1902,3.403502370222977,4.468419395255037,1.1573033707865168,2.1461534307207306,3.001360536198638
new_preds,OFT-0291-00,slow,1903,3.3020947329415735,4.175979846779394,1.2106741573033708,2.249662906197446,3.038253240085848
new_preds,OFT-0292-00,fast,1904,3.332816031212771,4.1931281550236115,1.1573033707865168,2.1290452439022194,2.937614168935743
new_preds,OFT-0292-00,medium,1905,3.360100985441822,3.754253997407087,1.2106741573033708,2.3757865982303707,3.059316191800053
new_preds,OFT-0292-00,slow,1906,3.3043391107809454,3.5677504960619375,1.2106741573033708,2.4639366984105893,3.0707602230231954
new_preds,OFT-0293-00,fast,1907,3.4092895026203704,4.303209645049295,1.2640449438202248,2.3332936737385332,3.1432850224492324
new_preds,OFT-0293-00,medium,1908,3.4271124009985376,3.969423466568429,1.2106741573033708,2.3472870686652527,3.1104132481540323
new_preds,OFT-0293-00,slow,1909,3.309386436058007,2.803426410056736,0.9438202247191011,2.4558697839659693,3.0692158688945175
new_preds,OFT-0294-00,fast,1910,3.396314696469689,4.820530561697477,1.3174157303370786,2.1416851777727417,2.963573786946749
new_preds,OFT-0294-00,medium,1911,3.295594778808252,4.213483146067416,1.2640449438202248,2.1786194778083394,2.9074382814930475
new_preds,OFT-0294-00,slow,1912,3.302395026168005,3.9933191618584876,1.4775280898876404,2.5219291000102757,3.0368482769677088
new_preds,OFT-0295-00,fast,1913,3.206994286795708,4.3587756683456025,1.2640449438202248,2.1336660509446324,2.9859750237542677
new_preds,OFT-0295-00,slow,1914,3.2696927380456007,3.3935621014272703,1.2640449438202248,2.504248697324956,3.0403372170907237
new_preds,OFT-0295-00,medium,1915,3.334863881307742,3.9288966702580677,1.4241573033707866,2.5358298513593516,3.150756195380203
new_preds,OFT-0296-00,medium,1916,3.3128009492810633,4.809777252119061,1.3707865168539326,2.2603971755191012,3.028014224761108
new_preds,OFT-0296-00,fast,1917,3.2608145788983793,5.2668539325842705,1.2640449438202248,2.1082052179683157,2.955019177315309
new_preds,OFT-0296-00,slow,1918,3.246594609834663,4.11098699338677,1.2640449438202248,2.340266450615097,3.0154111911285226
new_preds,OFT-0297-00,fast,1919,3.3501779993825553,3.8313187734619905,1.2640449438202248,2.442286412581289,3.137852155798306
new_preds,OFT-0297-00,medium,1920,3.359244504774883,3.60372704850644,1.4775280898876404,2.670476084025408,3.166023050997132
new_preds,OFT-0297-00,slow,1921,3.3360105674163023,2.415084592535193,1.050561797752809,2.6526857459064566,3.207410406756023
new_preds,OFT-0298-00,fast,1922,3.3431905171777347,4.542812863231306,1.3174157303370786,2.181351803328137,2.9911861408804694
new_preds,OFT-0298-00,medium,1923,3.244829485757749,4.398371287777717,1.3707865168539326,2.2649455558108857,2.9963880362780406
new_preds,OFT-0298-00,slow,1924,3.3191690906267977,3.843410023185304,1.2106741573033708,2.3477271612990904,3.0122743434096675
new_preds,OFT-0299-00,fast,1925,3.365375575963329,4.594055817325118,1.4241573033707866,2.354553216885005,3.07829643211784
new_preds,OFT-0299-00,slow,1926,3.2530247951143627,3.157325664348136,1.1573033707865168,2.4964652453345475,3.0725142751500902
new_preds,OFT-0299-00,medium,1927,3.383870931728847,3.9501404494382024,1.2640449438202248,2.401507273397723,3.115833784145547
new_preds,OFT-0300-00,slow,1928,3.2346563706870515,4.4352454169130695,1.2640449438202248,2.2639566867537533,2.9808527548189603
new_preds,OFT-0300-00,fast,1929,3.3127895781297854,5.673055739149592,1.1573033707865168,1.9828174765737443,2.791640310324943
new_preds,OFT-0300-00,medium,1930,3.288708299316049,5.066983578219533,1.3174157303370786,2.182379353573454,2.9589436486963088
new_preds,OFT-0301-00,slow,1931,3.2652437999910178,3.483954409506103,1.2106741573033708,2.4285486278920523,3.0101963732636206
new_preds,OFT-0301-00,medium,1932,3.285200150517158,4.103980194248714,1.2106741573033708,2.2245267035170535,2.937086298907466
new_preds,OFT-0301-00,fast,1933,3.3546811031999693,4.596527068437181,1.2640449438202248,2.1610309766762947,2.95993576422797
new_preds,OFT-0302-00,slow,1934,3.259443679584242,3.944358474063109,1.3174157303370786,2.4277287344926033,3.0447344860253436
new_preds,OFT-0302-00,medium,1935,3.2511429637320974,4.638787782877037,1.3174157303370786,2.1089093308023723,2.864365409866953
new_preds,OFT-0302-00,fast,1936,3.275786862892082,5.044475655430712,1.2106741573033708,2.0629553938409764,2.8822665476651443
new_preds,OFT-0303-00,fast,1937,3.1845334900513933,5.81170089112747,1.2640449438202248,2.030829897036732,2.825450451499671
new_preds,OFT-0303-00,medium,1938,3.244089959592309,5.066983578219533,1.3174157303370786,2.143931133811951,2.9161551558383016
new_preds,OFT-0303-00,slow,1939,3.120159772991724,4.77386062365863,1.4241573033707866,2.2464003353870083,2.9021218391427492
new_preds,OFT-0304-00,slow,1940,3.1929286028008383,4.053586862575627,1.3174157303370786,2.3281490179460267,2.942540944946824
new_preds,OFT-0304-00,medium,1941,3.272821999754672,4.664435999118749,1.2640449438202248,2.1424211659332375,2.934396678241242
new_preds,OFT-0304-00,fast,1942,3.203814192382102,4.914261518575995,1.1573033707865168,1.9551163473234874,2.732446935061637
new_preds,OFT-0305-00,slow,1943,3.3212178942224897,3.849982280961415,1.2640449438202248,2.4283143159956393,3.089672708990408
new_preds,OFT-0305-00,medium,1944,3.2988392099509896,4.4352454169130695,1.2640449438202248,2.2098950453108395,2.979399514031877
new_preds,OFT-0305-00,fast,1945,3.319358051449288,4.681647940074907,1.2640449438202248,2.136350865179847,2.9414051798603253
new_preds,OFT-0306-00,medium,1946,3.284909378688119,4.31939583717075,1.3174157303370786,2.2561839586402894,2.933917816973723
new_preds,OFT-0306-00,fast,1947,3.4018272996423566,4.681647940074907,1.2640449438202248,2.1263232315076754,2.9018145623644394
new_preds,OFT-0306-00,slow,1948,3.1831575153104636,3.388909025009061,1.050561797752809,2.2663413938868215,2.9444229378259763
new_preds,OFT-0307-00,slow,1949,3.2345223657924826,3.888529399754361,1.4241573033707866,2.5359026241098066,3.0559104291301473
new_preds,OFT-0307-00,medium,1950,3.5328411793770442,4.11692415730337,1.3174157303370786,2.4253005218033334,3.101457873380343
new_preds,OFT-0307-00,fast,1951,3.459971907110669,4.673135852911134,1.3707865168539326,2.267159953048739,3.0253975904333
new_preds,OFT-0308-00,slow,1952,3.2220839132986723,3.993085566119274,1.3174157303370786,2.399421886247164,3.0263925226173205
new_preds,OFT-0308-00,fast,1953,3.1621179619563717,4.542812863231306,1.3174157303370786,2.096455975481389,2.841978012413192
new_preds,OFT-0308-00,medium,1954,3.239165014337396,4.393316344260396,1.4241573033707866,2.334441264089313,2.954192175713096
new_preds,OFT-0309-00,slow,1955,3.233753646575991,4.03172504957039,1.3707865168539326,2.3903921318281403,2.979580994115231
new_preds,OFT-0309-00,medium,1956,3.2290444125729114,4.3587756683456025,1.2640449438202248,2.1022429092598065,2.827380799859662
new_preds,OFT-0309-00,fast,1957,3.3017950790811317,4.86171132238548,1.2640449438202248,2.087626095366155,2.8924773716385834
new_preds,OFT-0310-00,slow,1958,3.3064915804659245,3.659488139825218,1.3174157303370786,2.532260219404004,3.062276519979463
new_preds,OFT-0310-00,medium,1959,3.3566469246597035,4.249728162377672,1.3174157303370786,2.296536582799072,2.990275297090217
new_preds,OFT-0310-00,fast,1960,3.3909738377574308,4.6208937301655375,1.2106741573033708,2.1461145394588055,2.966260082625547
new_preds,OFT-0311-00,slow,1961,3.269420646710011,4.14440965186959,1.2640449438202248,2.3337470046674795,3.042590310665948
new_preds,OFT-0311-00,fast,1962,3.349583603246314,5.031753786028333,1.1573033707865168,2.011285874854961,2.840651473023284
new_preds,OFT-0311-00,medium,1963,3.3381129096868705,4.849565583670818,1.3174157303370786,2.1741763941498293,2.9871216728128123
new_preds,OFT-0312-00,fast,1964,3.4053884336024,4.622511334516065,1.3174157303370786,2.1673141668682185,2.956626593063731
new_preds,OFT-0312-00,slow,1965,3.2597971468733826,3.8313187734619905,1.2640449438202248,2.3923563514807924,3.0108860659668943
new_preds,OFT-0312-00,medium,1966,3.4667726999258917,4.085255509939499,1.3174157303370786,2.3782335118556213,3.02410358927208
new_preds,OFT-0313-00,fast,1967,3.3714065025656463,4.5144462279293744,1.2640449438202248,2.1543752482196408,2.9765305103236384
new_preds,OFT-0313-00,medium,1968,3.4111197361189602,3.773565702838637,1.3174157303370786,2.4411337313538946,3.054033247238354
new_preds,OFT-0313-00,slow,1969,3.081022267722339,3.535962968824181,1.2640449438202248,2.239488479217597,2.7872154651844845
new_preds,OFT-0314-00,fast,1970,3.3336322475389086,4.482654353084801,1.2640449438202248,2.184952778138205,3.0198227561769273
new_preds,OFT-0314-00,slow,1971,3.2858378761905165,2.882557517388978,1.2106741573033708,2.63197567675504,3.099144091744262
new_preds,OFT-0314-00,medium,1972,3.3289668057828132,3.801853856356624,1.2640449438202248,2.3811800190313233,3.062629450781853
new_preds,OFT-0315-00,fast,1973,3.1846207555399118,4.842696629213483,1.2106741573033708,1.997067906176692,2.730887802468693
new_preds,OFT-0315-00,medium,1974,3.2288852225518423,4.443214920743011,1.2106741573033708,2.1316978635997055,2.912540262679812
new_preds,OFT-0315-00,slow,1975,3.171472032388242,4.1602602010644585,1.3174157303370786,2.265189867618209,2.9513831081853503
new_preds,OFT-0316-00,fast,1976,3.274130685721692,5.111220057114202,1.3174157303370786,2.076057833196148,2.8708262207669133
new_preds,OFT-0316-00,slow,1977,3.31704023493583,4.410531611604897,1.4775280898876404,2.4156926960895904,3.016487060603233
new_preds,OFT-0316-00,medium,1978,3.2416969142945606,4.659934904174096,1.3707865168539326,2.1917033300157125,2.9034793926554694
new_preds,OFT-0317-00,fast,1979,3.2434218391149994,4.409836968495263,1.3174157303370786,2.1465073456191917,2.8563135587014252
new_preds,OFT-0317-00,medium,1980,3.443673727941108,3.596061853376349,1.2106741573033708,2.44033236986121,3.116481564056568
new_preds,OFT-0317-00,slow,1981,3.3567764605435677,3.364019907365116,1.3707865168539326,2.5539997481094523,3.078390445369865
new_preds,OFT-0318-00,medium,1982,3.3581655360279594,4.283707865168539,1.3707865168539326,2.392573322071024,3.0818116858980873
new_preds,OFT-0318-00,fast,1983,3.4075234983809715,4.32152117545376,1.2640449438202248,2.2570031073302625,3.085832276307381
new_preds,OFT-0318-00,slow,1984,3.233111930066982,3.6938202247191008,1.4775280898876404,2.50444474428698,3.041996706734491
new_preds,OFT-0319-00,fast,1985,3.264044798929012,6.248566842467325,1.5308988764044944,2.1202838332218428,2.9704934455044283
new_preds,OFT-0319-00,slow,1986,3.2325378481667775,4.002296399573526,1.3707865168539326,2.468073575157792,3.0527201018444403
new_preds,OFT-0319-00,medium,1987,3.2944295021450234,4.733399891701638,1.3174157303370786,2.2380823476974196,3.0473189524546886
new_preds,OFT-0320-00,medium,1988,3.3915290472012294,4.127992183683439,1.4241573033707866,2.4316941777899643,3.051410267600371
new_preds,OFT-0320-00,fast,1989,3.4443891118709717,4.568581725673098,1.2106741573033708,2.208916704074699,3.018782987803351
new_preds,OFT-0320-00,slow,1990,3.2827327085611837,3.6377276851141045,1.2640449438202248,2.501218437156377,3.0669418777608333
new_preds,OFT-0321-00,fast,1991,3.27661124020983,4.74744407328677,1.3174157303370786,2.094183958214713,2.8837316976111667
new_preds,OFT-0321-00,medium,1992,3.3746634295767612,4.053586862575627,1.3174157303370786,2.403107745727472,3.052979849789175
new_preds,OFT-0321-00,slow,1993,3.2468473076348636,3.7036078174171685,1.1573033707865168,2.350991753963865,2.9976783894331507
new_preds,OFT-0322-00,medium,1994,3.4357524543506583,4.18227215980025,1.3174157303370786,2.377679860543071,3.090504165842221
new_preds,OFT-0322-00,fast,1995,3.2456351229469984,4.932613803423291,1.3174157303370786,2.0864010518698426,2.878076618940655
new_preds,OFT-0322-00,slow,1996,3.354743416858414,3.3352296970558952,1.3174157303370786,2.647682887423702,3.142042868130283
new_preds,OFT-0323-00,slow,1997,3.3195066110347184,3.2690817512592023,1.2640449438202248,2.653028638835624,3.1479636665625277
new_preds,OFT-0323-00,medium,1998,3.418927147921215,4.25380090573624,1.3707865168539326,2.4617227833153166,3.1377974905078965
new_preds,OFT-0323-00,fast,1999,3.358153262709873,4.6076857709375885,1.3707865168539326,2.2394434529559097,2.9873403349015337
new_preds,OFT-0324-00,fast,2000,3.517313664533322,4.861711322385481,1.2640449438202248,2.107621294047202,2.9148753116358677
new_preds,OFT-0324-00,slow,2001,3.3386918464324964,3.9449135785237397,1.3707865168539326,2.5292611886344143,3.125968048802569
new_preds,OFT-0324-00,medium,2002,3.4492227759292127,4.410055382090845,1.2640449438202248,2.1946583173387824,2.9728183798032113
new_preds,OFT-0325-00,fast,2003,3.401217051117308,4.377726866903627,1.2640449438202248,2.2642783778861375,3.0539812117766276
new_preds,OFT-0325-00,medium,2004,3.441833468176253,4.040365790247101,1.4241573033707866,2.429940894942252,3.010612051672332
new_preds,OFT-0325-00,slow,2005,3.403907663695415,3.1318811746885813,1.103932584269663,2.5139008942755905,3.11543817628355
new_preds,OFT-0326-00,fast,2006,3.4710776455250185,4.391385767790262,1.3174157303370786,2.311862453861728,3.1200999071662205
new_preds,OFT-0326-00,slow,2007,3.2226052137655707,2.939639404233081,1.2640449438202248,2.6139441903505825,3.1166737610881605
new_preds,OFT-0326-00,medium,2008,3.425848282022565,3.7177792465300734,1.2640449438202248,2.455501034472203,3.126949891210769
new_preds,OFT-0327-00,medium,2009,3.2419162319945523,4.483978360382855,1.2106741573033708,2.1041363796553485,2.927062474467413
new_preds,OFT-0327-00,slow,2010,3.2414164023094356,4.747191011235955,1.4241573033707866,2.3274075914106915,3.0430004484835615
new_preds,OFT-0327-00,fast,2011,3.212921752158953,6.237517601080492,1.4241573033707866,1.9916301358533672,2.8926755051699016
new_preds,OFT-0328-00,fast,2012,3.3591948862341736,4.966998962216648,1.2106741573033708,2.1041270030202095,2.9225753487883988
new_preds,OFT-0328-00,medium,2013,3.3926941970910156,4.323836276083467,1.2106741573033708,2.1585942802266116,2.9497430995373293
new_preds,OFT-0328-00,slow,2014,3.381836870902671,3.7944372812672684,1.1573033707865168,2.3419642431828596,3.063100182806911
new_preds,OFT-0329-00,fast,2015,3.414373420496259,4.465816035040945,1.3174157303370786,2.275115641725709,3.089837093743148
new_preds,OFT-0329-00,medium,2016,3.432793414553945,4.117929511187938,1.3174157303370786,2.427333842047872,3.1584327361634252
new_preds,OFT-0329-00,slow,2017,3.381268544437144,3.3169154994612895,1.2106741573033708,2.5265099724266573,3.105016156896468
new_preds,OFT-0330-00,fast,2018,3.408618424812358,4.776173129699595,1.3174157303370786,2.192901605802389,3.043116945842671
new_preds,OFT-0330-00,medium,2019,3.5514826355704785,4.03172504957039,1.3707865168539326,2.4670011905034483,3.1439787796649346
new_preds,OFT-0330-00,slow,2020,3.4286706920160266,4.028681253696038,1.5308988764044944,2.6247252939956507,3.2448723532857158
new_preds,OFT-0331-00,fast,2021,3.362874828970185,4.819813647574677,1.3174157303370786,2.177281000580047,2.9987194654742035
new_preds,OFT-0331-00,slow,2022,3.377059144238695,3.3303694123353,1.1573033707865168,2.594443583303232,3.208625930183266
new_preds,OFT-0331-00,medium,2023,3.434245334357274,4.241952626784087,1.2640449438202248,2.2886700054430085,3.068159023135841
new_preds,OFT-0332-00,medium,2024,3.4358281040339955,4.36007176577895,1.2640449438202248,2.3115977242441104,3.1231723183442326
new_preds,OFT-0332-00,fast,2025,3.350936692265494,4.726961138027008,1.050561797752809,2.059388972254048,2.8512488464957007
new_preds,OFT-0332-00,slow,2026,3.4100350050422965,3.75967660789925,1.2106741573033708,2.44188355377831,3.0898708019795875
new_preds,OFT-0333-00,fast,2027,3.5861711373174847,3.931833434792302,1.3707865168539326,2.6048349380361686,3.241429557783806
new_preds,OFT-0333-00,slow,2028,3.4350576338479577,2.97184075461229,1.1573033707865168,2.676335285016393,3.201583942782231
new_preds,OFT-0333-00,medium,2029,3.556029312937369,3.538279014585805,1.4241573033707866,2.7048738177235037,3.238624978889743
new_preds,OFT-0334-00,fast,2030,3.3256236859713906,4.287520972088058,1.103932584269663,2.1319001075980837,2.9940422324053406
new_preds,OFT-0334-00,slow,2031,3.345277459213341,3.5388392756888667,1.3707865168539326,2.551668322285806,3.1154956255161665
new_preds,OFT-0334-00,medium,2032,3.349915924288647,3.955992509363296,1.4241573033707866,2.454110847936546,3.075826340485502
new_preds,OFT-0335-00,fast,2033,3.371403689252578,4.402451481103166,1.2106741573033708,2.123739439790463,2.9342932076073582
new_preds,OFT-0335-00,slow,2034,3.3189375885354755,4.213483146067416,1.2640449438202248,2.3201275738918703,3.063183655207823
new_preds,OFT-0335-00,medium,2035,3.3617237103520887,4.06659107308525,1.4775280898876404,2.508536997800175,3.0866586940118883
new_preds,OFT-0336-00,medium,2036,3.3660544796594363,4.649702577660277,1.3174157303370786,2.1898088562823306,2.984648459600368
new_preds,OFT-0336-00,fast,2037,3.347875715471052,5.168531499181332,1.2640449438202248,2.1397672772731804,2.9729602571967386
new_preds,OFT-0336-00,slow,2038,3.262707358272061,4.179680949186651,1.4241573033707866,2.444962764103285,3.0588030309465806
new_preds,OFT-0337-00,medium,2039,3.289942001425298,4.555486648183278,1.2640449438202248,2.2041268875805926,3.010031771046705
new_preds,OFT-0337-00,fast,2040,3.301644573278487,5.3588960401439945,1.103932584269663,2.0388761013320877,2.8992311920132185
new_preds,OFT-0337-00,slow,2041,3.259517313020075,4.18227215980025,1.3174157303370786,2.2588335239432618,2.9488718828888953
new_preds,OFT-0338-00,fast,2042,3.4077188933184366,4.343653313792542,1.3174157303370786,2.3047406068469134,3.103784719641489
new_preds,OFT-0338-00,medium,2043,3.4864857508456324,3.6139527083682714,1.2106741573033708,2.4756702279137,3.165409334945455
new_preds,OFT-0338-00,slow,2044,3.3359392017685017,2.849925892101895,1.103932584269663,2.5374645628031076,3.1368973872828905
new_preds,OFT-0339-00,fast,2045,3.4498778509453074,4.382022471910113,1.4241573033707866,2.3648975824281013,3.0771288221511655
new_preds,OFT-0339-00,slow,2046,3.3730762586311545,3.2637774210807917,1.3707865168539326,2.6241281985281373,3.134592076100698
new_preds,OFT-0339-00,medium,2047,3.3956446222221666,3.9478114478114477,1.3174157303370786,2.4300602478930338,3.107857745356489
new_preds,OFT-0340-00,medium,2048,3.3230386139618457,4.86171132238548,1.2640449438202248,2.1988247722966814,3.0543210630977846
new_preds,OFT-0340-00,fast,2049,3.3513544174403265,5.297849308976177,1.3707865168539326,2.185664259399575,3.053834758869335
new_preds,OFT-0340-00,slow,2050,3.31118752531299,4.060713581707076,1.1573033707865168,2.250804322646908,2.9866557845799564
new_preds,OFT-0341-00,fast,2051,3.4176248251668966,4.133177605789965,1.2106741573033708,2.343957242643051,3.1536465015146775
new_preds,OFT-0341-00,slow,2052,3.5480524927535337,3.330541791704469,1.1573033707865168,2.4697334045196566,3.045426452102544
new_preds,OFT-0341-00,medium,2053,3.5448413162401504,3.5604844593608638,1.3707865168539326,2.698138356432509,3.244677070647902
new_preds,OFT-0342-00,fast,2054,3.4650726555533473,4.583039262779658,1.2106741573033708,2.242235448394562,3.1492336067772837
new_preds,OFT-0342-00,medium,2055,3.33643468045553,3.9325842696629216,1.3174157303370786,2.442333955939131,3.1642410270853625
new_preds,OFT-0342-00,slow,2056,3.3806138029847896,3.066479400749064,1.103932584269663,2.5135844564261953,3.140966801639746
new_preds,OFT-0343-00,fast,2057,3.485246941722641,4.914789069694523,1.2106741573033708,2.158544287013058,3.018074419393029
new_preds,OFT-0343-00,slow,2058,3.389389815300795,4.216000161088961,1.3174157303370786,2.354434155073999,3.0321617966757946
new_preds,OFT-0343-00,medium,2059,3.5024961135116963,4.386797608979559,1.3707865168539326,2.3320888026518025,3.0554567401686783
new_preds,OFT-0344-00,fast,2060,3.403216205083606,4.701647212828624,1.2106741573033708,2.1185988452980564,2.9058703777308317
new_preds,OFT-0344-00,medium,2061,3.443713713870436,4.375345758379275,1.3707865168539326,2.3827452399830014,3.1202450049254824
new_preds,OFT-0344-00,slow,2062,3.3972536039837027,3.9933191618584876,1.4775280898876404,2.5929953996609885,3.1715576999635084
new_preds,OFT-0345-00,medium,2063,3.550953020766649,3.7931023144215916,1.2640449438202248,2.5535733109101675,3.2634646466524466
new_preds,OFT-0345-00,fast,2064,3.5000955861389826,4.365562155585772,1.3707865168539326,2.424596410689015,3.2284951554814496
new_preds,OFT-0345-00,slow,2065,3.19732669828215,3.888231815493791,1.4775280898876404,2.559938786151972,3.0810580105193917
new_preds,OFT-0346-00,fast,2066,3.2745436281544524,4.139056948045712,1.2106741573033708,2.149773356642195,2.9965902405757894
new_preds,OFT-0346-00,slow,2067,3.454400896483808,2.6284109149277692,1.103932584269663,2.72826874334594,3.26813259733085
new_preds,OFT-0346-00,medium,2068,3.4433678478190184,3.473554398465333,1.4241573033707866,2.629696391788879,3.152858147611383
new_preds,OFT-0347-00,medium,2069,3.237684325786888,6.030726897500573,1.4775280898876404,2.17607587161982,3.010151240480042
new_preds,OFT-0347-00,slow,2070,3.1163347526132545,4.9846782431052095,1.3707865168539326,2.1326139790632057,2.885864513899777
new_preds,OFT-0347-00,fast,2071,3.2936791286410827,5.9795491915593315,1.2106741573033708,2.0660427791105684,2.9592943929616244
new_preds,OFT-0348-00,medium,2072,3.417143711506116,4.080924125741699,1.2106741573033708,2.232559311631616,3.020401974368721
new_preds,OFT-0348-00,fast,2073,3.3882135366135118,4.53072615182933,1.3174157303370786,2.2009779231841367,2.9851819225315035
new_preds,OFT-0348-00,slow,2074,3.2478323631097665,4.224719101123595,1.5842696629213484,2.5548378723312366,3.1080296434928463
new_preds,OFT-0349-00,fast,2075,3.4909230415290304,4.28489811464483,1.2640449438202248,2.3748191477032936,3.2000778180564184
new_preds,OFT-0349-00,slow,2076,3.4618367001722117,3.306581059390048,1.1573033707865168,2.571604217200806,3.163505934374953
new_preds,OFT-0349-00,medium,2077,3.5228819872253596,3.764044943820225,1.3174157303370786,2.586021206109019,3.250267551410918
new_preds,OFT-0350-00,medium,2078,3.543492686045535,3.7177792465300734,1.2640449438202248,2.593854821154333,3.306206840970931
new_preds,OFT-0350-00,fast,2079,3.5421878867472936,4.303209645049295,1.2640449438202248,2.3040357430105987,3.1379273217294874
new_preds,OFT-0350-00,slow,2080,3.3716480257008588,3.684348053305462,1.5842696629213484,2.7134002560893205,3.2144622818118394
new_preds,OFT-0351-00,fast,2081,3.2706606207596205,5.159367117633571,1.2640449438202248,2.132256776007988,3.04253376493229
new_preds,OFT-0351-00,medium,2082,3.3352591313220685,4.893280876426944,1.2640449438202248,2.1931365340784916,3.0336358519844993
new_preds,OFT-0351-00,slow,2083,3.185398801890038,4.483978360382855,1.2106741573033708,2.1719376154324816,2.9814822726168018
new_preds,OFT-0352-00,slow,2084,3.374700068674872,3.655430711610487,1.3707865168539326,2.6071945197877415,3.1260036628489885
new_preds,OFT-0352-00,medium,2085,3.5673318796911837,4.112359550561798,1.3707865168539326,2.420370977363782,3.0603415905980453
new_preds,OFT-0352-00,fast,2086,3.4697140889489146,4.3732395456093105,1.3174157303370786,2.361917688843281,3.1321610777567765
new_preds,OFT-0353-00,fast,2087,3.339134306204212,4.879317519766958,1.3174157303370786,2.24142885554562,3.1069018894568403
new_preds,OFT-0353-00,slow,2088,3.3046240029062006,3.9094173520213134,1.2640449438202248,2.4164607388397426,3.0815264899298302
new_preds,OFT-0353-00,medium,2089,3.3676656025952982,4.440449438202247,1.3707865168539326,2.379743429770146,3.0911873114733335
new_preds,OFT-0354-00,fast,2090,3.441460900169179,4.283707865168539,1.3707865168539326,2.4584280068481155,3.178052619099698
new_preds,OFT-0354-00,medium,2091,3.4240211594414593,3.9501404494382024,1.2640449438202248,2.456608441862038,3.1700740316518616
new_preds,OFT-0354-00,slow,2092,3.3919048701924983,3.3846580663060064,1.3707865168539326,2.6975928685390955,3.219106442173137
new_preds,OFT-0355-00,fast,2093,3.275794331354553,5.321638121481341,1.1573033707865168,2.040184948655842,2.860130222758219
new_preds,OFT-0355-00,medium,2094,3.3755024031918164,4.465816035040945,1.3174157303370786,2.267184628643185,3.036446614144404
new_preds,OFT-0355-00,slow,2095,3.1362000190285673,4.048781927995411,1.4775280898876404,2.4017663991425273,3.017423013649193
new_preds,OFT-0356-00,fast,2096,3.220091071391193,4.568581725673098,1.2106741573033708,2.097050658417409,2.9532366317508356
new_preds,OFT-0356-00,slow,2097,3.186685940133764,4.14440965186959,1.2640449438202248,2.330836405880952,3.0262926019513103
new_preds,OFT-0356-00,medium,2098,3.345388277716294,4.31939583717075,1.3174157303370786,2.3350895691894977,3.064337182681431
new_preds,OFT-0357-00,fast,2099,3.5015080557171214,4.590336876747731,1.2106741573033708,2.1243143793941646,2.937417757054692
new_preds,OFT-0357-00,slow,2100,3.228073535647956,3.8754373120234287,1.4241573033707866,2.460050750316697,3.0431453789563334
new_preds,OFT-0357-00,medium,2101,3.5914090388312916,3.8993932049648485,1.2640449438202248,2.5230957955135294,3.243068067642803
new_preds,OFT-0358-00,slow,2102,3.2737083387853128,4.410531611604897,1.4775280898876404,2.41715677088073,2.963322129382487
new_preds,OFT-0358-00,fast,2103,3.4000776195590365,4.822097378277153,1.1573033707865168,2.191079873278248,3.083855804523008
new_preds,OFT-0358-00,medium,2104,3.330529314867718,4.542812863231306,1.3174157303370786,2.281756224762087,3.0840520531403843
new_preds,OFT-0359-00,fast,2105,3.2283328728510567,5.0866230494529425,1.3174157303370786,2.1432627909220052,2.9890233436772573
new_preds,OFT-0359-00,medium,2106,3.3040682126789065,4.677379378717779,1.3174157303370786,2.3235242126154403,3.12602913717744
new_preds,OFT-0359-00,slow,2107,3.3205340747468854,4.28489811464483,1.2640449438202248,2.2408740502790976,2.9493390389042986
