group,subject,speed_bin,mean_speed,model_index,diagonal_dominance,self_gain,cross_gain,fore_hind_coupling,left_right_coupling,angle_angle_coupling,radius_radius_coupling,radius_to_angle_coupling,angle_to_radius_coupling,angle_radius_cross_coupling,angle_selectivity
Cntnap_het,OFT-0366-00,slow,3.5569772413601464,1,1.1456391977677018,0.9240414009486005,0.8065727872694226,0.7478384804298339,0.8359399406892172,0.9240414009486005,NaN,0.8065727872694226,NaN,0.8065727872694226,1.1456391977677018
Cntnap_het,OFT-0366-00,fast,5.913322054027955,2,1.0762295172189036,0.9269084658931246,0.8612553837850115,0.828428842730955,0.8776686543120398,0.9269084658931246,NaN,0.8612553837850115,NaN,0.8612553837850115,1.0762295172189036
Cntnap_het,OFT-0366-00,medium,4.720387524680251,3,1.0750429144481217,0.8916593857994494,0.8294174807497678,0.7982965282249269,0.8449779570121883,0.8916593857994494,NaN,0.8294174807497678,NaN,0.8294174807497678,1.0750429144481217
Cntnap_het,OFT-0371-00,fast,5.098992039646725,4,1.0643699677512417,0.8775934349932906,0.8245191630570288,0.797982027088898,0.8377877310410943,0.8775934349932906,NaN,0.8245191630570288,NaN,0.8245191630570288,1.0643699677512417
Cntnap_het,OFT-0371-00,medium,4.024962798169464,5,1.0633523541324308,0.9888852932118404,0.9299695339637944,0.9005116543397718,0.9446984737758061,0.9888852932118404,NaN,0.9299695339637944,NaN,0.9299695339637944,1.0633523541324308
Cntnap_het,OFT-0371-00,slow,3.1711303647870133,6,1.1329865969444142,0.8258231732275368,0.7288905053729006,0.6804241714455823,0.7531236723365596,0.8258231732275368,NaN,0.7288905053729006,NaN,0.7288905053729006,1.1329865969444142
Cntnap_het,OFT-0376-00,fast,5.204279806465986,7,1.0838517387226343,0.8423996041193221,0.7772277093102476,0.7446417619057102,0.7935206830125163,0.8423996041193221,NaN,0.7772277093102476,NaN,0.7772277093102476,1.0838517387226343
Cntnap_het,OFT-0376-00,slow,3.339187654518954,8,1.0443046266867042,0.9669696224973751,0.9259459335781245,0.905434089118499,0.936201855807937,0.9669696224973751,NaN,0.9259459335781245,NaN,0.9259459335781245,1.0443046266867042
Cntnap_het,OFT-0376-00,medium,4.039729611148411,9,1.0734169005077505,0.9612861809625335,0.8955385186387724,0.862664687476892,0.9119754342197126,0.9612861809625335,NaN,0.8955385186387724,NaN,0.8955385186387724,1.0734169005077505
Cntnap_het,OFT-0385-00,medium,4.235110503765973,10,1.1144103839234725,0.8453967907148369,0.7586045526051838,0.715208433550357,0.7803026121325969,0.8453967907148369,NaN,0.7586045526051838,NaN,0.7586045526051838,1.1144103839234725
Cntnap_het,OFT-0385-00,fast,5.631290101739387,11,1.076764900887222,0.9041756881186938,0.8397150458504732,0.807484724716363,0.8558302064175283,0.9041756881186938,NaN,0.8397150458504732,NaN,0.8397150458504732,1.076764900887222
Cntnap_het,OFT-0385-00,slow,3.3243946429041,12,1.0452297919430031,0.9075967099659228,0.8683226568568899,0.8486856303023735,0.8781411701341482,0.9075967099659228,NaN,0.8683226568568899,NaN,0.8683226568568899,1.0452297919430031
Cntnap_het,OFT-0391-00,slow,3.93755107980959,13,1.0994148838564437,0.9412760964427644,0.856160954580702,0.8136033836496708,0.8774397400462175,0.9412760964427644,NaN,0.856160954580702,NaN,0.856160954580702,1.0994148838564437
Cntnap_het,OFT-0391-00,fast,6.38312149685913,14,1.0722273734610832,0.9563017511056413,0.8918833586749039,0.8596741624595354,0.9079879567825884,0.9563017511056413,NaN,0.8918833586749039,NaN,0.8918833586749039,1.0722273734610832
Cntnap_het,OFT-0391-00,medium,5.093760309029038,15,1.1105656057544808,0.8457990294276874,0.761593034256702,0.7194900366712094,0.7826445330494484,0.8457990294276874,NaN,0.761593034256702,NaN,0.761593034256702,1.1105656057544808
Cntnap_het,OFT-0403-00,medium,5.295256598957239,16,1.0988384560024858,0.9807599223096573,0.8925424087154797,0.8484336519183909,0.9145967871140241,0.9807599223096573,NaN,0.8925424087154797,NaN,0.8925424087154797,1.0988384560024858
Cntnap_het,OFT-0403-00,fast,6.9048632913996855,17,1.102888456296279,0.7542308059952009,0.6838686194323399,0.6486875261509093,0.7014591660730551,0.7542308059952009,NaN,0.6838686194323399,NaN,0.6838686194323399,1.102888456296279
Cntnap_het,OFT-0403-00,slow,3.8337888979884895,18,1.2940816225978657,0.9371831543561863,0.7242071427262782,0.6177191369113243,0.7774511456337552,0.9371831543561863,NaN,0.7242071427262782,NaN,0.7242071427262782,1.2940816225978657
Cntnap_het,OFT-0407-00,fast,6.431405795170391,19,1.0851791347991735,0.7689706772776995,0.7086117421710357,0.6784322746177038,0.7237014759477017,0.7689706772776995,NaN,0.7086117421710357,NaN,0.7086117421710357,1.0851791347991735
Cntnap_het,OFT-0407-00,medium,4.931123002230912,20,1.1671436060814349,0.8759278840692442,0.7504885255809114,0.6877688463367448,0.7818483652029946,0.8759278840692442,NaN,0.7504885255809114,NaN,0.7504885255809114,1.1671436060814349
Cntnap_het,OFT-0407-00,slow,3.6194524640806165,21,1.0712172494015648,0.9473084932786678,0.8843290133797616,0.8528392734303085,0.9000738833544881,0.9473084932786678,NaN,0.8843290133797616,NaN,0.8843290133797616,1.0712172494015648
Cntnap_het,OFT-0419-00,fast,6.15438378537604,22,1.0885676909017177,0.7878125686555546,0.7237148183251408,0.6916659431599337,0.7397392559077443,0.7878125686555546,NaN,0.7237148183251408,NaN,0.7237148183251408,1.0885676909017177
Cntnap_het,OFT-0419-00,slow,3.610904247392094,23,1.0850057559669186,0.8240741408653753,0.7595113079662786,0.7272298915167305,0.775652016191053,0.8240741408653753,NaN,0.7595113079662786,NaN,0.7595113079662786,1.0850057559669186
Cntnap_het,OFT-0419-00,medium,4.798318318768427,24,1.060544387307842,0.8211048255508077,0.7742295705653169,0.7507919430725719,0.7859483843116898,0.8211048255508077,NaN,0.7742295705653169,NaN,0.7742295705653169,1.060544387307842
Cntnap_het,OFT-0420-00,medium,5.1145163691582605,25,1.060348064416761,0.971113294435366,0.9158438884589485,0.88820918547074,0.929661239953053,0.971113294435366,NaN,0.9158438884589485,NaN,0.9158438884589485,1.060348064416761
Cntnap_het,OFT-0420-00,fast,6.260797074478718,26,1.1256486107541497,0.9883959928557786,0.8780679720233332,0.8229039616071107,0.9056499772314447,0.9883959928557786,NaN,0.8780679720233332,NaN,0.8780679720233332,1.1256486107541497
Cntnap_het,OFT-0420-00,slow,3.826474227591128,27,1.0504778673252957,0.9744145258540232,0.9275916762863902,0.9041802515025736,0.9392973886782985,0.9744145258540232,NaN,0.9275916762863902,NaN,0.9275916762863902,1.0504778673252957
Cntnap_het,OFT-0421-00,slow,3.93695947028603,28,1.1113916989549557,0.8974389335927064,0.8074911252590518,0.7625172210922241,0.8299780773424653,0.8974389335927064,NaN,0.8074911252590518,NaN,0.8074911252590518,1.1113916989549557
Cntnap_het,OFT-0421-00,fast,6.956761347020027,29,1.0871892049668375,0.9849549219028599,0.905964589606925,0.8664694234589574,0.9257121726809088,0.9849549219028599,NaN,0.905964589606925,NaN,0.905964589606925,1.0871892049668375
Cntnap_het,OFT-0421-00,medium,5.170442210426303,30,1.1396288106848533,0.9471728993207843,0.8311240383187455,0.7730996078177264,0.8601362535692552,0.9471728993207843,NaN,0.8311240383187455,NaN,0.8311240383187455,1.1396288106848533
Cntnap_het,OFT-0423-00,slow,4.097935889076577,31,1.1684872245022275,0.9522809802273657,0.8149690987276603,0.7463131579778075,0.8492970691025866,0.9522809802273657,NaN,0.8149690987276603,NaN,0.8149690987276603,1.1684872245022275
Cntnap_het,OFT-0423-00,fast,6.3643241607321075,32,1.1143430939969576,0.8363511297458455,0.7505328782951374,0.7076237525697835,0.7719874411578144,0.8363511297458455,NaN,0.7505328782951374,NaN,0.7505328782951374,1.1143430939969576
Cntnap_het,OFT-0423-00,medium,5.221947514559912,33,1.0599426994395111,0.9703733453579062,0.915496041315282,0.8880573892939696,0.929215367325938,0.9703733453579062,NaN,0.915496041315282,NaN,0.915496041315282,1.0599426994395111
Cntnap_het,OFT-0425-00,slow,3.782798184798144,34,1.0538755422105086,0.9046281469773885,0.8583823333445304,0.8352594265281011,0.8699437867527449,0.9046281469773885,NaN,0.8583823333445304,NaN,0.8583823333445304,1.0538755422105086
Cntnap_het,OFT-0425-00,medium,5.125755498798034,35,1.1276777985859656,0.8792745250679177,0.7797214117103933,0.7299448550316312,0.8046096900497746,0.8792745250679177,NaN,0.7797214117103933,NaN,0.7797214117103933,1.1276777985859656
Cntnap_het,OFT-0425-00,fast,6.519962144661278,36,1.0673409876381212,0.8017213315052749,0.7511388963702911,0.7258476788027992,0.7637845051540371,0.8017213315052749,NaN,0.7511388963702911,NaN,0.7511388963702911,1.0673409876381212
Cntnap_het,OFT-0428-00,slow,4.430128398957388,37,1.051518826320374,0.9295903440650974,0.8840453644734575,0.8612728746776375,0.8954316093713675,0.9295903440650974,NaN,0.8840453644734575,NaN,0.8840453644734575,1.051518826320374
Cntnap_het,OFT-0428-00,medium,5.944877764522171,38,1.0458120976325527,0.9737703366026708,0.9311140488879736,0.909785905030625,0.9417781208166478,0.9737703366026708,NaN,0.9311140488879736,NaN,0.9311140488879736,1.0458120976325527
Cntnap_het,OFT-0428-00,fast,7.437161332343741,39,1.0714759084685948,0.8880056015477947,0.8287686120885119,0.7991501173588705,0.8435778594533327,0.8880056015477947,NaN,0.8287686120885119,NaN,0.8287686120885119,1.0714759084685948
Cntnap_het,OFT-0430-00,fast,6.632092121799728,40,1.0718966032789345,0.8498531540621089,0.7928499367032286,0.7643483280237884,0.8071007410429486,0.8498531540621089,NaN,0.7928499367032286,NaN,0.7928499367032286,1.0718966032789345
Cntnap_het,OFT-0430-00,medium,5.026986921337118,41,1.0162802960308663,0.8330937061465822,0.8197479665799596,0.8130750967966484,0.8230844014716152,0.8330937061465822,NaN,0.8197479665799596,NaN,0.8197479665799596,1.0162802960308663
Cntnap_het,OFT-0430-00,slow,3.9111070815308797,42,1.1751219054699837,0.943408300211966,0.8028173892602698,0.7325219337844218,0.8379651169981938,0.943408300211966,NaN,0.8028173892602698,NaN,0.8028173892602698,1.1751219054699837
Cntnap_het,OFT-0431-00,medium,4.424980265263586,43,1.0518527100869028,0.8603274378405504,0.8179162629808419,0.7967106755509876,0.8285190566957689,0.8603274378405504,NaN,0.8179162629808419,NaN,0.8179162629808419,1.0518527100869028
Cntnap_het,OFT-0431-00,slow,3.524328694159909,44,1.0556446460866207,0.9227897305655828,0.8741480705523926,0.8498272405457972,0.88630848555569,0.9227897305655828,NaN,0.8741480705523926,NaN,0.8741480705523926,1.0556446460866207
Cntnap_het,OFT-0431-00,fast,5.743615736948633,45,1.091741601392963,0.8480589311749871,0.7767945547673012,0.7411623665634585,0.7946106488692226,0.8480589311749871,NaN,0.7767945547673012,NaN,0.7767945547673012,1.091741601392963
Cntnap_het,OFT-0432-00,fast,5.6210405467231155,46,1.0928764918749567,0.8196030854563938,0.7499503297488533,0.7151239518950832,0.7673635186757385,0.8196030854563938,NaN,0.7499503297488533,NaN,0.7499503297488533,1.0928764918749567
Cntnap_het,OFT-0432-00,slow,3.572182468493087,47,1.0871141528944666,0.8923585494912684,0.8208508252011466,0.7850969630560858,0.8387277562736769,0.8923585494912684,NaN,0.8208508252011466,NaN,0.8208508252011466,1.0871141528944666
Cntnap_het,OFT-0432-00,medium,4.513786940438647,48,1.159990708267443,0.8809704575755237,0.7594633744017979,0.6987098328149348,0.7898401451952293,0.8809704575755237,NaN,0.7594633744017979,NaN,0.7594633744017979,1.159990708267443
Cntnap_het,OFT-0434-00,medium,4.953600231532177,49,1.0606975466039732,0.793201526169055,0.7478112198040261,0.7251160666215115,0.7591587963952835,0.793201526169055,NaN,0.7478112198040261,NaN,0.7478112198040261,1.0606975466039732
Cntnap_het,OFT-0434-00,fast,6.306725025082445,50,1.0130536909836791,0.8949218824214488,0.8833903774166956,0.8776246249143187,0.8862732536678838,0.8949218824214488,NaN,0.8833903774166956,NaN,0.8833903774166956,1.0130536909836791
Cntnap_het,OFT-0434-00,slow,3.853572247081635,51,1.1157481461020573,0.816818200567069,0.7320811631376484,0.6897126444229382,0.7532654224950036,0.816818200567069,NaN,0.7320811631376484,NaN,0.7320811631376484,1.1157481461020573
Cntnap_het,OFT-0436-00,fast,6.004958978671024,52,1.1262307426644265,0.8697418946893893,0.7722590600144353,0.7235176426769584,0.7966297686831738,0.8697418946893893,NaN,0.7722590600144353,NaN,0.7722590600144353,1.1262307426644265
Cntnap_het,OFT-0436-00,slow,3.848251277016427,53,1.0568300099540375,0.8568074768265947,0.8107334848145143,0.7876964888084743,0.8222519828175345,0.8568074768265947,NaN,0.8107334848145143,NaN,0.8107334848145143,1.0568300099540375
Cntnap_het,OFT-0436-00,medium,4.947163929699946,54,1.0755647193912954,0.9111498726263423,0.8471362589338166,0.8151294520875538,0.8631396623569481,0.9111498726263423,NaN,0.8471362589338166,NaN,0.8471362589338166,1.0755647193912954
Cntnap_het,OFT-0439-00,fast,5.974850456375612,55,1.1469823636845093,0.8105914372019305,0.706716565892109,0.6547791302371984,0.7326852837195643,0.8105914372019305,NaN,0.706716565892109,NaN,0.706716565892109,1.1469823636845093
Cntnap_het,OFT-0439-00,slow,3.4915501818672725,56,1.1415797684344782,0.9040874667591252,0.7919617110935301,0.7358988332607327,0.8199931500099289,0.9040874667591252,NaN,0.7919617110935301,NaN,0.7919617110935301,1.1415797684344782
Cntnap_het,OFT-0439-00,medium,4.655769030794689,57,1.0431692518031208,0.8740096748842651,0.8378407179597529,0.819756239497497,0.8468829571908809,0.8740096748842651,NaN,0.8378407179597529,NaN,0.8378407179597529,1.0431692518031208
Cntnap_het,OFT-0442-00,fast,5.9532459112192875,58,1.1268273577506542,0.883607235409581,0.7841549367184486,0.7344287873728823,0.8090180113912318,0.883607235409581,NaN,0.7841549367184486,NaN,0.7841549367184486,1.1268273577506542
Cntnap_het,OFT-0442-00,medium,4.780366457350533,59,1.1432416976561393,0.8345686086399762,0.7300018975436244,0.6777185419954485,0.7561435753177123,0.8345686086399762,NaN,0.7300018975436244,NaN,0.7300018975436244,1.1432416976561393
Cntnap_het,OFT-0442-00,slow,3.84071768984217,60,1.195583627940662,0.9311821025788024,0.7788515004866041,0.7026861994405051,0.8169341510096537,0.9311821025788024,NaN,0.7788515004866041,NaN,0.7788515004866041,1.195583627940662
Cntnap_het,OFT-0443-00,fast,5.469728380248349,61,1.1047648874949665,0.753689018177782,0.6822166659249622,0.6464804897985521,0.7000847539881672,0.753689018177782,NaN,0.6822166659249622,NaN,0.6822166659249622,1.1047648874949665
Cntnap_het,OFT-0443-00,slow,3.316955961436398,62,1.1384325586330344,0.8913090108185504,0.7829264931501819,0.7287352343159976,0.8100221225672739,0.8913090108185504,NaN,0.7829264931501819,NaN,0.7829264931501819,1.1384325586330344
Cntnap_het,OFT-0443-00,medium,4.1812180444374185,63,1.0742521870122843,0.9588544677227471,0.8925785577309534,0.8594406027350567,0.9091475352289018,0.9588544677227471,NaN,0.8925785577309534,NaN,0.8925785577309534,1.0742521870122843
Cntnap_het,OFT-0444-00,fast,5.906841188241731,64,1.0588638955930627,0.9319083591005954,0.8801021198089294,0.8541990001630964,0.8930536796318458,0.9319083591005954,NaN,0.8801021198089294,NaN,0.8801021198089294,1.0588638955930627
Cntnap_het,OFT-0444-00,medium,4.394346820493563,65,1.0834994848034125,0.909623732133218,0.8395239175386022,0.8044740102412944,0.8570488711872561,0.909623732133218,NaN,0.8395239175386022,NaN,0.8395239175386022,1.0834994848034125
Cntnap_het,OFT-0444-00,slow,3.5048198949107467,66,1.0683011991507096,0.9238826604244268,0.8648147742967112,0.8352808312328535,0.87958174582864,0.9238826604244268,NaN,0.8648147742967112,NaN,0.8648147742967112,1.0683011991507096
Cntnap_het,OFT-0446-00,fast,6.296518682232021,67,1.1266028971520352,0.7885028785859154,0.6998942400904432,0.6555899208427074,0.7220463997143114,0.7885028785859154,NaN,0.6998942400904432,NaN,0.6998942400904432,1.1266028971520352
Cntnap_het,OFT-0446-00,medium,4.855388597204951,68,1.151105811472587,0.7937057948916995,0.6895159306652507,0.6374209985520263,0.7155633967218629,0.7937057948916995,NaN,0.6895159306652507,NaN,0.6895159306652507,1.151105811472587
Cntnap_het,OFT-0446-00,slow,3.775955744729649,69,1.0772820584945082,0.958429665629924,0.8896738398941877,0.8552959270263196,0.906862796328122,0.958429665629924,NaN,0.8896738398941877,NaN,0.8896738398941877,1.0772820584945082
Cntnap_het,OFT-0447-00,fast,5.68079539705648,70,1.1272836283372558,0.8729094439744237,0.7743476637392187,0.7250667736216161,0.7989881087980201,0.8729094439744237,NaN,0.7743476637392187,NaN,0.7743476637392187,1.1272836283372558
Cntnap_het,OFT-0447-00,medium,4.188865910182956,71,1.09027661609103,0.852950892992068,0.7823252194935207,0.7470123827442471,0.7999816378681575,0.852950892992068,NaN,0.7823252194935207,NaN,0.7823252194935207,1.09027661609103
Cntnap_het,OFT-0447-00,slow,3.4198335140017027,72,1.0297701827347674,0.8756218125329486,0.8503079883392565,0.8376510762424104,0.8566364443876795,0.8756218125329486,NaN,0.8503079883392565,NaN,0.8503079883392565,1.0297701827347674
Cntnap_het,OFT-0448-00,fast,5.652551281838583,73,1.083091866188071,0.8286902422860813,0.7651153777035061,0.7333279454122186,0.78100909384915,0.8286902422860813,NaN,0.7651153777035061,NaN,0.7651153777035061,1.083091866188071
Cntnap_het,OFT-0448-00,slow,3.404352953209256,74,1.14298814185597,0.9989507686981133,0.8739817432191637,0.8114972304796886,0.905223999588901,0.9989507686981133,NaN,0.8739817432191637,NaN,0.8739817432191637,1.14298814185597
Cntnap_het,OFT-0448-00,medium,4.4547029833433385,75,1.13035031452673,0.9967083242478335,0.8817694049699526,0.8242999453310123,0.9105041347894229,0.9967083242478335,NaN,0.8817694049699526,NaN,0.8817694049699526,1.13035031452673
Cntnap_het,OFT-0450-00,fast,6.257038414365995,76,1.0645489909779018,0.7446667916321216,0.6995138767151202,0.6769374192566198,0.7108021054443706,0.7446667916321216,NaN,0.6995138767151202,NaN,0.6995138767151202,1.0645489909779018
Cntnap_het,OFT-0450-00,slow,3.9275720755549632,77,1.1390278187229421,0.9335719292234753,0.8196217106182532,0.7626466013156418,0.8481092652695585,0.9335719292234753,NaN,0.8196217106182532,NaN,0.8196217106182532,1.1390278187229421
Cntnap_het,OFT-0450-00,medium,4.965929161233841,78,0.96234186237991,0.8567834871041964,0.8903109389685454,0.9070746649007199,0.8819290760024581,0.8567834871041964,NaN,0.8903109389685454,NaN,0.8903109389685454,0.96234186237991
Cntnap_het,OFT-0452-00,fast,6.643743213856514,79,1.0643740967873465,0.7473125231856225,0.7021145342049128,0.6795155397145581,0.7134140314500902,0.7473125231856225,NaN,0.7021145342049128,NaN,0.7021145342049128,1.0643740967873465
Cntnap_het,OFT-0452-00,slow,3.8218494859733245,80,1.1142771608662114,0.8930406300543363,0.8014528713485509,0.7556589919956582,0.8243498110249974,0.8930406300543363,NaN,0.8014528713485509,NaN,0.8014528713485509,1.1142771608662114
Cntnap_het,OFT-0452-00,medium,4.952767544399643,81,1.123667289089295,0.9952235532723724,0.8856923779270792,0.8309267902544326,0.9130751717634025,0.9952235532723724,NaN,0.8856923779270792,NaN,0.8856923779270792,1.123667289089295
Cntnap_het,OFT-0454-00,medium,4.617704872705976,82,1.050773583365505,0.900019788534669,0.8565306577769216,0.8347860923980476,0.8674029404663581,0.900019788534669,NaN,0.8565306577769216,NaN,0.8565306577769216,1.050773583365505
Cntnap_het,OFT-0454-00,slow,3.636402004512568,83,1.1091039865579098,0.9470597337338337,0.853896248874753,0.8073145064452125,0.877187120089523,0.9470597337338337,NaN,0.853896248874753,NaN,0.853896248874753,1.1091039865579098
Cntnap_het,OFT-0454-00,fast,5.874069008379256,84,1.0931560462785135,0.9957234429560446,0.9108703614143986,0.8684438206435754,0.9320836317998098,0.9957234429560446,NaN,0.9108703614143986,NaN,0.9108703614143986,1.0931560462785135
Cntnap_het,OFT-0492-00,slow,3.7307265992224954,85,1.150395702222269,0.9549024662038772,0.8300643546905216,0.7676452989338438,0.8612738825688604,0.9549024662038772,NaN,0.8300643546905216,NaN,0.8300643546905216,1.150395702222269
Cntnap_het,OFT-0492-00,medium,4.6657738375345845,86,1.156172301886292,0.9666141084171438,0.8360467612311032,0.770763087638083,0.8686885980276133,0.9666141084171438,NaN,0.8360467612311032,NaN,0.8360467612311032,1.156172301886292
Cntnap_het,OFT-0492-00,fast,5.621725455223562,87,1.1167652629104894,0.972601063370888,0.8709091298525137,0.8200631630933262,0.8963321132321072,0.972601063370888,NaN,0.8709091298525137,NaN,0.8709091298525137,1.1167652629104894
Cntnap_het,OFT-0493-00,slow,4.013606677161986,88,1.1325432450140536,0.9890859328046339,0.8733317135208912,0.81545460387902,0.9022702683418268,0.9890859328046339,NaN,0.8733317135208912,NaN,0.8733317135208912,1.1325432450140536
Cntnap_het,OFT-0493-00,fast,6.320744339012983,89,1.0885927182077726,0.9735792357530673,0.8943466362295164,0.854730336467741,0.914154786110404,0.9735792357530673,NaN,0.8943466362295164,NaN,0.8943466362295164,1.0885927182077726
Cntnap_het,OFT-0493-00,medium,5.220266689496695,90,1.1406269900716661,0.8947467871907405,0.7844341708366231,0.7292778626595644,0.8120123249251524,0.8947467871907405,NaN,0.7844341708366231,NaN,0.7844341708366231,1.1406269900716661
Cntnap_het,OFT-0494-00,slow,3.7115423871588327,91,1.2128165010280556,0.9801542444739451,0.8081636782176923,0.7221683950895658,0.8511613197817554,0.9801542444739451,NaN,0.8081636782176923,NaN,0.8081636782176923,1.2128165010280556
Cntnap_het,OFT-0494-00,medium,4.708198260195809,92,1.1978861271631651,0.901813149727513,0.7528371263996417,0.6783491147357061,0.7900811322316096,0.901813149727513,NaN,0.7528371263996417,NaN,0.7528371263996417,1.1978861271631651
Cntnap_het,OFT-0494-00,fast,5.616294328578502,93,1.0803552322650503,0.9203374103854787,0.8518840682207077,0.8176573971383225,0.8689974037619006,0.9203374103854787,NaN,0.8518840682207077,NaN,0.8518840682207077,1.0803552322650503
Cntnap_het,OFT-0496-00,medium,4.661665949047134,94,1.1498880980252844,0.9442222786777416,0.8211427531942151,0.7596029904524519,0.8519126345650969,0.9442222786777416,NaN,0.8211427531942151,NaN,0.8211427531942151,1.1498880980252844
Cntnap_het,OFT-0496-00,slow,3.5691931826014827,95,1.1119659128479498,0.9339088097752335,0.8398717973137512,0.7928532910830102,0.8633810504291218,0.9339088097752335,NaN,0.8398717973137512,NaN,0.8398717973137512,1.1119659128479498
Cntnap_het,OFT-0496-00,fast,6.266650372470847,96,1.1028176766119973,0.9215940032110161,0.8356721357987983,0.7927112020926896,0.8571526026518528,0.9215940032110161,NaN,0.8356721357987983,NaN,0.8356721357987983,1.1028176766119973
Cntnap_het,OFT-0498-00,fast,5.559916103383492,97,1.0636918379303895,0.9713507073996026,0.9131880801958078,0.8841067665939104,0.9277287369967563,0.9713507073996026,NaN,0.9131880801958078,NaN,0.9131880801958078,1.0636918379303895
Cntnap_het,OFT-0498-00,medium,4.471084028509528,98,1.074036127718039,0.9613424547016342,0.895074597485058,0.8619406688767697,0.9116415617892019,0.9613424547016342,NaN,0.895074597485058,NaN,0.895074597485058,1.074036127718039
Cntnap_het,OFT-0498-00,slow,3.570964865331027,99,1.179759395815698,0.8738662609464121,0.7407156612151512,0.6741403613495207,0.7740033111479664,0.8738662609464121,NaN,0.7407156612151512,NaN,0.7407156612151512,1.179759395815698
Cntnap_het,OFT-0499-00,fast,6.068400402273875,100,1.11420846400239,0.9053342556164745,0.8125357909815093,0.7661365586640265,0.8357354071402505,0.9053342556164745,NaN,0.8125357909815093,NaN,0.8125357909815093,1.11420846400239
Cntnap_het,OFT-0499-00,medium,4.808631681826403,101,1.1222272263067645,0.9868610970299163,0.8793772543530811,0.8256353330146635,0.9062482150222899,0.9868610970299163,NaN,0.8793772543530811,NaN,0.8793772543530811,1.1222272263067645
Cntnap_het,OFT-0499-00,slow,3.7874141002322834,102,1.09413895927467,0.8622890961479966,0.7880983387335262,0.7510029600262911,0.8066460280871438,0.8622890961479966,NaN,0.7880983387335262,NaN,0.7880983387335262,1.09413895927467
Cntnap_het,OFT-0500-00,fast,6.307146706782342,103,1.1083671923204312,0.8946867022932348,0.8072114624939016,0.7634738425942349,0.8290802724437348,0.8946867022932348,NaN,0.8072114624939016,NaN,0.8072114624939016,1.1083671923204312
Cntnap_het,OFT-0500-00,medium,5.005946983881319,104,1.0918268091679826,0.9418296392669365,0.8626181655904289,0.8230124287521752,0.8824210340095557,0.9418296392669365,NaN,0.8626181655904289,NaN,0.8626181655904289,1.0918268091679826
Cntnap_het,OFT-0500-00,slow,3.768779938024842,105,1.1189083308713588,0.9756457255367468,0.8719621604541589,0.8201203779128647,0.8978830517248058,0.9756457255367468,NaN,0.8719621604541589,NaN,0.8719621604541589,1.1189083308713588
Cntnap_het,OFT-0501-00,slow,3.3393931148090323,106,1.0824627199613377,0.9662183219696647,0.8926111764885308,0.8558076037479637,0.9110129628588142,0.9662183219696647,NaN,0.8926111764885308,NaN,0.8926111764885308,1.0824627199613377
Cntnap_het,OFT-0501-00,medium,4.114741140817095,107,1.138520072768766,0.8482113050946177,0.7450121656896688,0.6934125959871944,0.7708119505409061,0.8482113050946177,NaN,0.7450121656896688,NaN,0.7450121656896688,1.138520072768766
Cntnap_het,OFT-0501-00,fast,5.485846537917355,108,1.072608713895452,0.8555856087991438,0.7976679638298542,0.7687091413452094,0.8121473750721766,0.8555856087991438,NaN,0.7976679638298542,NaN,0.7976679638298542,1.072608713895452
Cntnap_het,OFT-0502-00,fast,6.2717767159466975,109,1.0712949539117071,0.8029433774299237,0.7495072897506617,0.7227892459110308,0.7628663116704774,0.8029433774299237,NaN,0.7495072897506617,NaN,0.7495072897506617,1.0712949539117071
Cntnap_het,OFT-0502-00,medium,4.776501720964965,110,1.1810129888585685,0.9298284764550436,0.7873143523626349,0.7160572903164305,0.8229428833857371,0.9298284764550436,NaN,0.7873143523626349,NaN,0.7873143523626349,1.1810129888585685
Cntnap_het,OFT-0502-00,slow,3.6020639699264065,111,1.142492965854684,0.8728789729711632,0.7640125576774767,0.7095793500306333,0.7912291615008984,0.8728789729711632,NaN,0.7640125576774767,NaN,0.7640125576774767,1.142492965854684
Cntnap_het,OFT-0503-00,fast,5.520668796664592,112,1.0678049424328402,0.8714052685535935,0.8160715819204037,0.7884047386038088,0.8299050035787011,0.8714052685535935,NaN,0.8160715819204037,NaN,0.8160715819204037,1.0678049424328402
Cntnap_het,OFT-0503-00,slow,3.551612552429299,113,1.2204106401008545,0.791418108594787,0.6484850939429571,0.5770185866170422,0.6842183476059146,0.791418108594787,NaN,0.6484850939429571,NaN,0.6484850939429571,1.2204106401008545
Cntnap_het,OFT-0503-00,medium,4.422941741943769,114,1.1408426281693893,0.9458621841819702,0.8290908498919897,0.7707051827469995,0.8582836834644849,0.9458621841819702,NaN,0.8290908498919897,NaN,0.8290908498919897,1.1408426281693893
Cntnap_het,OFT-0505-00,slow,3.188355484793028,115,1.1100450419683385,0.872318864655329,0.785840962911314,0.7426020120393064,0.8074604383473176,0.872318864655329,NaN,0.785840962911314,NaN,0.785840962911314,1.1100450419683385
Cntnap_het,OFT-0505-00,fast,4.618256062807893,116,1.0893918417871822,0.9062909935824869,0.8319237934586398,0.794740193396716,0.8505155934896014,0.9062909935824869,NaN,0.8319237934586398,NaN,0.8319237934586398,1.0893918417871822
Cntnap_het,OFT-0505-00,medium,3.8581821975389805,117,1.095512309850866,0.9241889497754152,0.8436134778816194,0.8033257419347216,0.8637573458550685,0.9241889497754152,NaN,0.8436134778816194,NaN,0.8436134778816194,1.095512309850866
Cntnap_het,OFT-0506-00,medium,4.934429217623476,118,1.0806586723844087,0.9253132243464838,0.8562492931323408,0.8217173275252695,0.8735152759358766,0.9253132243464838,NaN,0.8562492931323408,NaN,0.8562492931323408,1.0806586723844087
Cntnap_het,OFT-0506-00,fast,6.495686099863259,119,1.0822384432421588,0.8389330568489576,0.7751831974621882,0.7433082677688037,0.7911206623088806,0.8389330568489576,NaN,0.7751831974621882,NaN,0.7751831974621882,1.0822384432421588
Cntnap_het,OFT-0506-00,slow,3.710126292841683,120,1.0338439137209385,0.8957592285539799,0.8664356550013688,0.8517738682250628,0.8737665483895214,0.8957592285539799,NaN,0.8664356550013688,NaN,0.8664356550013688,1.0338439137209385
Cntnap_het,OFT-0507-00,fast,6.664447540033315,121,1.0617848976665103,0.7958169820074238,0.749508665791343,0.7263545076833025,0.7610857448453632,0.7958169820074238,NaN,0.749508665791343,NaN,0.749508665791343,1.0617848976665103
Cntnap_het,OFT-0507-00,slow,3.721413962535689,122,1.1264558624189975,0.9104389695263264,0.8082331495627467,0.7571302395809567,0.8337846045536416,0.9104389695263264,NaN,0.8082331495627467,NaN,0.8082331495627467,1.1264558624189975
Cntnap_het,OFT-0507-00,medium,4.943520289014876,123,1.1041408239443866,0.9190683902301731,0.8323833068203488,0.7890407651154367,0.8540545776728048,0.9190683902301731,NaN,0.8323833068203488,NaN,0.8323833068203488,1.1041408239443866
Cntnap_het,OFT-0508-00,fast,5.200018132908229,124,1.0522776094645083,0.7524692485777604,0.7150862489231176,0.6963947490957962,0.7244319988367782,0.7524692485777604,NaN,0.7150862489231176,NaN,0.7150862489231176,1.0522776094645083
Cntnap_het,OFT-0508-00,slow,3.330505507781454,125,1.1505542643773683,0.9075474789183825,0.788791547706365,0.7294135821003562,0.8184805305093692,0.9075474789183825,NaN,0.788791547706365,NaN,0.788791547706365,1.1505542643773683
Cntnap_het,OFT-0508-00,medium,4.080625279889274,126,1.113532483405776,0.9558433990752411,0.8583884290036715,0.8096609439678868,0.8827521715215638,0.9558433990752411,NaN,0.8583884290036715,NaN,0.8583884290036715,1.113532483405776
Cntnap_het,OFT-0510-00,fast,6.153368899365165,127,1.0614086257312958,0.8406796264956833,0.7920414495562128,0.7677223610864776,0.8042009937910805,0.8406796264956833,NaN,0.7920414495562128,NaN,0.7920414495562128,1.0614086257312958
Cntnap_het,OFT-0510-00,slow,3.674101590066963,128,1.2692404804553317,0.9242629159434206,0.7282015742295324,0.6301709033725884,0.7772169096580044,0.9242629159434206,NaN,0.7282015742295324,NaN,0.7282015742295324,1.2692404804553317
Cntnap_het,OFT-0510-00,medium,4.483415993659106,129,1.106553615060613,0.9354826758832382,0.8454020330790711,0.8003617116769877,0.8679221937801129,0.9354826758832382,NaN,0.8454020330790711,NaN,0.8454020330790711,1.106553615060613
Cntnap_het,OFT-0511-00,fast,6.098033671111405,130,1.0460524458496503,0.8146762325398529,0.7788101215882505,0.7608770661124492,0.787776649326151,0.8146762325398529,NaN,0.7788101215882505,NaN,0.7788101215882505,1.0460524458496503
Cntnap_het,OFT-0511-00,slow,3.739903218590148,131,1.0653954092993598,0.9137762179387751,0.8576873994038564,0.8296429901363969,0.8717096040375859,0.9137762179387751,NaN,0.8576873994038564,NaN,0.8576873994038564,1.0653954092993598
Cntnap_het,OFT-0511-00,medium,4.657266869105758,132,1.1100038896723552,0.9924057056268614,0.894056061298843,0.8448812391348338,0.9186434723808476,0.9924057056268614,NaN,0.894056061298843,NaN,0.894056061298843,1.1100038896723552
Cntnap_het,OFT-0516-00,slow,3.497914483802131,133,1.1060205456967,0.9385169327914431,0.8485528921167159,0.8035708717793525,0.8710439022853977,0.9385169327914431,NaN,0.8485528921167159,NaN,0.8485528921167159,1.1060205456967
Cntnap_het,OFT-0516-00,fast,5.343249350299991,134,1.1334600408477782,0.9739383519753841,0.8592613033335706,0.8019227790126636,0.8879305654940239,0.9739383519753841,NaN,0.8592613033335706,NaN,0.8592613033335706,1.1334600408477782
Cntnap_het,OFT-0516-00,medium,4.384117119130238,135,1.1395714897791436,0.9914529392325595,0.8700225901796732,0.8093074156532298,0.9003801774428948,0.9914529392325595,NaN,0.8700225901796732,NaN,0.8700225901796732,1.1395714897791436
Cntnap_het,OFT-0519-00,slow,4.213928534272663,136,1.1196024244008322,0.9411332908635552,0.8405959743854727,0.7903273161464317,0.8657303035049935,0.9411332908635552,NaN,0.8405959743854727,NaN,0.8405959743854727,1.1196024244008322
Cntnap_het,OFT-0519-00,fast,6.592469722376679,137,1.151235695128353,0.8568283798401837,0.7442684269311634,0.6879884504766532,0.7724084151584185,0.8568283798401837,NaN,0.7442684269311634,NaN,0.7442684269311634,1.151235695128353
Cntnap_het,OFT-0519-00,medium,5.445610449479626,138,1.1663884236216995,0.9360661447156909,0.8025338092855505,0.7357676415704801,0.8359168931430856,0.9360661447156909,NaN,0.8025338092855505,NaN,0.8025338092855505,1.1663884236216995
Cntnap_het,OFT-0520-00,medium,4.348777204526172,139,1.0519143297250615,0.9550706746438398,0.907935796343288,0.8843683571930122,0.9197195159184259,0.9550706746438398,NaN,0.907935796343288,NaN,0.907935796343288,1.0519143297250615
Cntnap_het,OFT-0520-00,fast,5.794946980215848,140,1.0642371446658172,0.9178260165441956,0.8624262187657465,0.8347263198765222,0.8762761682103588,0.9178260165441956,NaN,0.8624262187657465,NaN,0.8624262187657465,1.0642371446658172
Cntnap_het,OFT-0520-00,slow,3.3230365313988277,141,1.107507828612102,0.9161604279406317,0.8272270446058503,0.7827603529384595,0.8494603904395455,0.9161604279406317,NaN,0.8272270446058503,NaN,0.8272270446058503,1.107507828612102
Cntnap_het,OFT-0523-00,slow,3.2684838753765337,142,1.118623641709921,0.9645843536571482,0.8622956977582654,0.8111513698088239,0.8878678617329859,0.9645843536571482,NaN,0.8622956977582654,NaN,0.8622956977582654,1.118623641709921
Cntnap_het,OFT-0523-00,fast,5.495373611582605,143,1.096160647066624,0.9754265841967202,0.8898573277621362,0.8470726995448443,0.9112496418707823,0.9754265841967202,NaN,0.8898573277621362,NaN,0.8898573277621362,1.096160647066624
Cntnap_het,OFT-0523-00,medium,4.250991345883666,144,1.093665237943593,0.9518585192932594,0.8703380945736456,0.8295778822138389,0.8907182007535491,0.9518585192932594,NaN,0.8703380945736456,NaN,0.8703380945736456,1.093665237943593
Cntnap_het,OFT-0529-00,medium,3.9202344515109186,145,1.083519124852815,0.9321496194168332,0.86029826150365,0.8243725825470583,0.8782611009819457,0.9321496194168332,NaN,0.86029826150365,NaN,0.86029826150365,1.083519124852815
Cntnap_het,OFT-0529-00,fast,5.030647285185744,146,1.081386338431215,0.9076397048544809,0.8393297312884577,0.805174744505446,0.8564072246799634,0.9076397048544809,NaN,0.8393297312884577,NaN,0.8393297312884577,1.081386338431215
Cntnap_het,OFT-0529-00,slow,3.2021053640194252,147,1.1065195526156864,0.891644175576608,0.8058096881061547,0.7628924443709282,0.8272683099737679,0.891644175576608,NaN,0.8058096881061547,NaN,0.8058096881061547,1.1065195526156864
Cntnap_het,OFT-0534-00,fast,5.421176026336157,148,1.0684769918785304,0.9585582544978944,0.8971257797630404,0.8664095423956133,0.9124838984467538,0.9585582544978944,NaN,0.8971257797630404,NaN,0.8971257797630404,1.0684769918785304
Cntnap_het,OFT-0534-00,medium,4.241780263243309,149,1.0184449619288525,0.761850947009598,0.7480531354062706,0.741154229604607,0.7515025883071025,0.761850947009598,NaN,0.7480531354062706,NaN,0.7480531354062706,1.0184449619288525
Cntnap_het,OFT-0534-00,slow,3.4872993293270405,150,1.0788772606524568,0.9980877568566017,0.9251170575724275,0.8886317079303401,0.943359732393471,0.9980877568566017,NaN,0.9251170575724275,NaN,0.9251170575724275,1.0788772606524568
Cntnap_het,OFT-0539-00,fast,5.240793387343748,151,1.0623141466710095,0.828763147573375,0.7801488384302168,0.7558416838586375,0.7923024157160061,0.828763147573375,NaN,0.7801488384302168,NaN,0.7801488384302168,1.0623141466710095
Cntnap_het,OFT-0539-00,slow,3.4606868028053115,152,1.1381569268670209,0.975353532594164,0.8569587458198739,0.7977613524327289,0.8865574425134464,0.975353532594164,NaN,0.8569587458198739,NaN,0.8569587458198739,1.1381569268670209
Cntnap_het,OFT-0539-00,medium,4.189732106207151,153,1.0539461834580408,0.9151675027904387,0.8683246992628565,0.8449032974990653,0.880035400144752,0.9151675027904387,NaN,0.8683246992628565,NaN,0.8683246992628565,1.0539461834580408
Cntnap_het,OFT-0542-00,fast,5.058744907581356,154,1.0696088061583873,0.9899093564145653,0.9254872909750332,0.8932762582552669,0.9415928073349162,0.9899093564145653,NaN,0.9254872909750332,NaN,0.9254872909750332,1.0696088061583873
Cntnap_het,OFT-0542-00,medium,4.127352692289413,155,1.0645414036797842,0.9299763736733422,0.8735934276099613,0.845401954578271,0.8876891641258067,0.9299763736733422,NaN,0.8735934276099613,NaN,0.8735934276099613,1.0645414036797842
Cntnap_het,OFT-0542-00,slow,3.3751329326470105,156,1.0340602915572559,0.9294471319906812,0.8988326305335338,0.88352537980496,0.9064862558978205,0.9294471319906812,NaN,0.8988326305335338,NaN,0.8988326305335338,1.0340602915572559
Cntnap_het,OFT-0586-00,slow,3.5325692422807613,157,1.069561320500861,0.9636611466065893,0.9009872815476535,0.8696503490181858,0.9166557478123876,0.9636611466065893,NaN,0.9009872815476535,NaN,0.9009872815476535,1.069561320500861
Cntnap_het,OFT-0586-00,medium,4.949845965328068,158,1.0787330444554162,0.9068421269334809,0.8406548140845059,0.8075611576600183,0.8572016422967497,0.9068421269334809,NaN,0.8406548140845059,NaN,0.8406548140845059,1.0787330444554162
Cntnap_het,OFT-0586-00,fast,6.6235158665691545,159,1.0378499484945982,0.9629161665885725,0.927799021414688,0.9102404488277456,0.9365783077081591,0.9629161665885725,NaN,0.927799021414688,NaN,0.927799021414688,1.0378499484945982
Cntnap_het,OFT-0597-00,medium,4.0797225043419125,160,1.117784463189404,0.8736779072223224,0.7816157193037324,0.7355846253444372,0.8046312662833798,0.8736779072223224,NaN,0.7816157193037324,NaN,0.7816157193037324,1.117784463189404
Cntnap_het,OFT-0597-00,fast,5.255615729223243,161,1.0733830560248363,0.8817826978110446,0.8214986186540302,0.7913565790755229,0.8365696384432837,0.8817826978110446,NaN,0.8214986186540302,NaN,0.8214986186540302,1.0733830560248363
Cntnap_het,OFT-0597-00,slow,3.2378363023821954,162,1.0859049476701788,0.9339504451598372,0.8600664792656468,0.8231244963185516,0.8785374707391944,0.9339504451598372,NaN,0.8600664792656468,NaN,0.8600664792656468,1.0859049476701788
Cntnap_het,OFT-0607-00,medium,4.355719767295829,163,1.0804885882047552,0.9691828184058883,0.8969857053429848,0.8608871488115328,0.9150349836087106,0.9691828184058883,NaN,0.8969857053429848,NaN,0.8969857053429848,1.0804885882047552
Cntnap_het,OFT-0607-00,fast,5.654462654761365,164,1.0337640919222015,0.7643453640918412,0.7393808413973851,0.7268985800501571,0.7456219720709991,0.7643453640918412,NaN,0.7393808413973851,NaN,0.7393808413973851,1.0337640919222015
Cntnap_het,OFT-0607-00,slow,3.2493671102879844,165,1.074956277179295,0.9198181924685742,0.8556796327402209,0.8236103528760439,0.871714272672309,0.9198181924685742,NaN,0.8556796327402209,NaN,0.8556796327402209,1.074956277179295
Cntnap_het,OFT-0611-00,fast,5.271000058413488,166,1.062225302714832,0.8782273856782636,0.8267807059704687,0.8010573661165714,0.8396423758974174,0.8782273856782636,NaN,0.8267807059704687,NaN,0.8267807059704687,1.062225302714832
Cntnap_het,OFT-0611-00,medium,4.096942181657776,167,1.0886285356618535,0.9969026776589418,0.9157418210178139,0.8751613926972497,0.9360320351780957,0.9969026776589418,NaN,0.9157418210178139,NaN,0.9157418210178139,1.0886285356618535
Cntnap_het,OFT-0611-00,slow,3.2795803800924395,168,1.0817527421177313,0.9509457776204311,0.879078684615838,0.8431451381135416,0.8970454578669864,0.9509457776204311,NaN,0.879078684615838,NaN,0.879078684615838,1.0817527421177313
Cntnap_het,OFT-0641-00,slow,3.837879210691641,169,1.1033978934320203,0.8758075438740855,0.7937368279270179,0.7527014699534842,0.814254506913785,0.8758075438740855,NaN,0.7937368279270179,NaN,0.7937368279270179,1.1033978934320203
Cntnap_het,OFT-0641-00,medium,4.865063782559751,170,1.078114889543587,0.8780403060342938,0.814421834398379,0.7826125985804215,0.8303264523073575,0.8780403060342938,NaN,0.814421834398379,NaN,0.814421834398379,1.078114889543587
Cntnap_het,OFT-0641-00,fast,6.089704764418397,171,1.1150559583277273,0.8015289901592256,0.7188240053542204,0.6774715129517179,0.7395002515554717,0.8015289901592256,NaN,0.7188240053542204,NaN,0.7188240053542204,1.1150559583277273
Cntnap_het,OFT-0643-00,slow,4.029540622245125,172,1.1174294290364004,0.8670032123910701,0.7758907988835753,0.7303345921298279,0.7986689022604492,0.8670032123910701,NaN,0.7758907988835753,NaN,0.7758907988835753,1.1174294290364004
Cntnap_het,OFT-0643-00,medium,5.24904110830916,173,1.0998402496768325,0.9475539069232264,0.8615377616900703,0.8185296890734921,0.8830417979983594,0.9475539069232264,NaN,0.8615377616900703,NaN,0.8615377616900703,1.0998402496768325
Cntnap_het,OFT-0643-00,fast,6.586755385923659,174,1.058078910508212,0.8966592020050478,0.8474407656177253,0.822831547424064,0.8597453747145559,0.8966592020050478,NaN,0.8474407656177253,NaN,0.8474407656177253,1.058078910508212
Cntnap_het,OFT-0644-00,medium,4.4671027109708925,175,1.1841329832138239,0.9470776942626203,0.7998068694042978,0.7261714569751365,0.8366245756188784,0.9470776942626203,NaN,0.7998068694042978,NaN,0.7998068694042978,1.1841329832138239
Cntnap_het,OFT-0644-00,fast,5.895080781309668,176,1.0989576462787058,0.9578319988260038,0.8715822689522366,0.8284574040153526,0.8931447014206783,0.9578319988260038,NaN,0.8715822689522366,NaN,0.8715822689522366,1.0989576462787058
Cntnap_het,OFT-0644-00,slow,3.4598743853701923,177,1.0624872136655834,0.9562212913887848,0.899983810713184,0.8718650703753836,0.9140431808820841,0.9562212913887848,NaN,0.899983810713184,NaN,0.899983810713184,1.0624872136655834
Cntnap_het,OFT-0645-00,slow,3.8326943944875316,178,1.1868068474435463,0.8744268451471762,0.736789518050679,0.6679708545024303,0.7711988498248032,0.8744268451471762,NaN,0.736789518050679,NaN,0.736789518050679,1.1868068474435463
Cntnap_het,OFT-0645-00,fast,6.587440011863791,179,1.1055593033453253,0.9083910056378649,0.8216574207183219,0.7782906282585506,0.8433408169482077,0.9083910056378649,NaN,0.8216574207183219,NaN,0.8216574207183219,1.1055593033453253
Cntnap_het,OFT-0645-00,medium,5.092577714582918,180,1.1308537380663448,0.9706618098808913,0.8583442555008335,0.8021854783108044,0.886423644095848,0.9706618098808913,NaN,0.8583442555008335,NaN,0.8583442555008335,1.1308537380663448
Cntnap_het,OFT-0652-00,medium,5.116839170399714,181,1.127812522104861,0.867202058784676,0.7689239494931286,0.7197848948473548,0.7934934768160155,0.867202058784676,NaN,0.7689239494931286,NaN,0.7689239494931286,1.127812522104861
Cntnap_het,OFT-0652-00,fast,6.668288228979727,182,1.0521655036233857,0.8087223412917168,0.7686265502021179,0.7485786546573183,0.7786504979745175,0.8087223412917168,NaN,0.7686265502021179,NaN,0.7686265502021179,1.0521655036233857
Cntnap_het,OFT-0652-00,slow,3.6787194880873684,183,1.1610536020538649,0.9218016271784883,0.7939354613325794,0.7300023784096248,0.8259020027940567,0.9218016271784883,NaN,0.7939354613325794,NaN,0.7939354613325794,1.1610536020538649
Cntnap_het,OFT-0653-00,slow,3.4235508478810135,184,1.0596187015112926,0.9339295727580712,0.8813826817382934,0.8551092362284043,0.8945194044932376,0.9339295727580712,NaN,0.8813826817382934,NaN,0.8813826817382934,1.0596187015112926
Cntnap_het,OFT-0653-00,fast,5.481282876558583,185,1.103448279633451,0.9968006744398716,0.9033506081236483,0.8566255749655365,0.9267131247027041,0.9968006744398716,NaN,0.9033506081236483,NaN,0.9033506081236483,1.103448279633451
Cntnap_het,OFT-0653-00,medium,4.141832121838266,186,1.1791310630985932,0.9888035306113016,0.8385866181939629,0.7634781619852934,0.8761408462982974,0.9888035306113016,NaN,0.8385866181939629,NaN,0.8385866181939629,1.1791310630985932
Cntnap_het,OFT-0654-00,medium,5.489056774503818,187,1.1292597380027205,0.9615997343778502,0.8515310535011155,0.7964967130627478,0.879048223720299,0.9615997343778502,NaN,0.8515310535011155,NaN,0.8515310535011155,1.1292597380027205
Cntnap_het,OFT-0654-00,fast,6.974995249744867,188,1.0955039187712188,0.8893869332042654,0.8118518957028048,0.7730843769520745,0.8312356550781699,0.8893869332042654,NaN,0.8118518957028048,NaN,0.8118518957028048,1.0955039187712188
Cntnap_het,OFT-0654-00,slow,4.063325824204763,189,1.1489903333030618,0.9775919192273843,0.8508269311692557,0.7874444371401912,0.8825181781837877,0.9775919192273843,NaN,0.8508269311692557,NaN,0.8508269311692557,1.1489903333030618
Cntnap_het,OFT-0656-00,fast,5.631810502005017,190,1.08904015173146,0.8945654926336633,0.8214256299103367,0.7848556985486732,0.8397105955911683,0.8945654926336633,NaN,0.8214256299103367,NaN,0.8214256299103367,1.08904015173146
Cntnap_het,OFT-0656-00,slow,3.3905258304812143,191,1.1170970385932213,0.9296766497813389,0.8322255074206409,0.7834999362402919,0.8565882930108155,0.9296766497813389,NaN,0.8322255074206409,NaN,0.8322255074206409,1.1170970385932213
Cntnap_het,OFT-0656-00,medium,4.249246217161565,192,1.1212221519425054,0.9729245312891183,0.8677357378317373,0.8151413411030468,0.8940329361960825,0.9729245312891183,NaN,0.8677357378317373,NaN,0.8677357378317373,1.1212221519425054
Cntnap_het,OFT-0662-00,fast,5.147955841021436,193,1.0811550960412333,0.8883356300206106,0.8216542041686229,0.788313491242629,0.8383245606316196,0.8883356300206106,NaN,0.8216542041686229,NaN,0.8216542041686229,1.0811550960412333
Cntnap_het,OFT-0662-00,slow,3.2948865530285145,194,1.101364313622736,0.9450161252896665,0.8580413525304894,0.8145539661509009,0.8797850457202836,0.9450161252896665,NaN,0.8580413525304894,NaN,0.8580413525304894,1.101364313622736
Cntnap_het,OFT-0662-00,medium,4.110598717117364,195,1.126885139519516,0.8625015968700478,0.7653855451832502,0.7168275193398511,0.7896645581049495,0.8625015968700478,NaN,0.7653855451832502,NaN,0.7653855451832502,1.126885139519516
Cntnap_het,OFT-0664-00,fast,6.425056862113871,196,1.0620810261078582,0.8202674478747854,0.7723209695975534,0.7483477304589374,0.7843075891668615,0.8202674478747854,NaN,0.7723209695975534,NaN,0.7723209695975534,1.0620810261078582
Cntnap_het,OFT-0664-00,medium,4.863530438190435,197,1.126938127063362,0.9406936723790971,0.8347340903536637,0.781754299340947,0.861223985860022,0.9406936723790971,NaN,0.8347340903536637,NaN,0.8347340903536637,1.126938127063362
Cntnap_het,OFT-0664-00,slow,3.6106424014270853,198,1.088617287916693,0.8456988931040803,0.7768560195498179,0.7424345827726868,0.7940667379383834,0.8456988931040803,NaN,0.7768560195498179,NaN,0.7768560195498179,1.088617287916693
Cntnap_het,OFT-0665-00,fast,5.50608316040577,199,1.138298827026929,0.8985725377965682,0.7893995113247274,0.7348129980888068,0.8166927679426876,0.8985725377965682,NaN,0.7893995113247274,NaN,0.7893995113247274,1.138298827026929
Cntnap_het,OFT-0665-00,medium,4.38590879810166,200,1.0879922303001601,0.9885306540637481,0.9085824572396328,0.8686083588275751,0.9285695064456616,0.9885306540637481,NaN,0.9085824572396328,NaN,0.9085824572396328,1.0879922303001601
Cntnap_het,OFT-0665-00,slow,3.5052936209943937,201,1.1405368275929133,0.9186720004666895,0.8054733334701113,0.7488739999718221,0.8337730002192558,0.9186720004666895,NaN,0.8054733334701113,NaN,0.8054733334701113,1.1405368275929133
Cntnap_het,OFT-0666-00,medium,4.902110789967549,202,1.091685451873222,0.9093696423725887,0.8329960253772754,0.7948092168796188,0.8520894296261037,0.9093696423725887,NaN,0.8329960253772754,NaN,0.8329960253772754,1.091685451873222
Cntnap_het,OFT-0666-00,fast,6.647337121343969,203,1.034462481893249,0.8550363115148394,0.8265513022279666,0.8123087975845302,0.8336725545496848,0.8550363115148394,NaN,0.8265513022279666,NaN,0.8265513022279666,1.034462481893249
Cntnap_het,OFT-0666-00,slow,3.637251003678244,204,1.036541828032719,0.912157876562894,0.8800010302469928,0.8639226070890419,0.8880402418259679,0.912157876562894,NaN,0.8800010302469928,NaN,0.8800010302469928,1.036541828032719
Cntnap_het,OFT-0675-00,fast,5.795962610450931,205,1.0635716215962483,0.90296210234847,0.8489904055481196,0.8220045571479446,0.8624833297482073,0.90296210234847,NaN,0.8489904055481196,NaN,0.8489904055481196,1.0635716215962483
Cntnap_het,OFT-0675-00,medium,4.311264439131575,206,1.0820674835009192,0.9257812460235875,0.8555670142016619,0.8204598982906992,0.8731205721571433,0.9257812460235875,NaN,0.8555670142016619,NaN,0.8555670142016619,1.0820674835009192
Cntnap_het,OFT-0675-00,slow,3.46554842543222,207,1.0511632533287611,0.8657162361770092,0.8235792427441795,0.8025107460277647,0.834113491102387,0.8657162361770092,NaN,0.8235792427441795,NaN,0.8235792427441795,1.0511632533287611
Cntnap_het,OFT-0676-00,fast,6.639638600491862,208,1.1137275342823496,0.8673429947252812,0.7787748511436141,0.7344907793527804,0.8009168870390307,0.8673429947252812,NaN,0.7787748511436141,NaN,0.7787748511436141,1.1137275342823496
Cntnap_het,OFT-0676-00,medium,5.006848137982752,209,1.072487019303531,0.9076215189621085,0.8462773932233832,0.8156053303540206,0.8616134246580647,0.9076215189621085,NaN,0.8462773932233832,NaN,0.8462773932233832,1.072487019303531
Cntnap_het,OFT-0676-00,slow,3.762694621370041,210,1.135674792778101,0.976539676863579,0.8598761573942802,0.801544397659631,0.889042037261605,0.976539676863579,NaN,0.8598761573942802,NaN,0.8598761573942802,1.135674792778101
Cntnap_het,OFT-0685-00,fast,6.00391176829709,211,1.099346692655537,0.881177462265079,0.8015464713288422,0.7617309758607238,0.8214542190629015,0.881177462265079,NaN,0.8015464713288422,NaN,0.8015464713288422,1.099346692655537
Cntnap_het,OFT-0685-00,medium,4.883038920757674,212,1.169259700984867,0.8863397082303693,0.7580349408123839,0.6938825571033911,0.7901111326668802,0.8863397082303693,NaN,0.7580349408123839,NaN,0.7580349408123839,1.169259700984867
Cntnap_het,OFT-0685-00,slow,3.76098593657764,213,1.085373238657183,0.9170330894366494,0.8449011425518442,0.808835169109442,0.8629341292730456,0.9170330894366494,NaN,0.8449011425518442,NaN,0.8449011425518442,1.085373238657183
Cntnap_het,OFT-0687-00,fast,6.148148599519588,214,1.0658791270538952,0.7937712322605142,0.7447103635986464,0.7201799292677125,0.7569755807641132,0.7937712322605142,NaN,0.7447103635986464,NaN,0.7447103635986464,1.0658791270538952
Cntnap_het,OFT-0687-00,slow,3.5489871275479956,215,1.0642351584620762,0.9588044001722903,0.9009328366466077,0.8719970548837663,0.9154007275280284,0.9588044001722903,NaN,0.9009328366466077,NaN,0.9009328366466077,1.0642351584620762
Cntnap_het,OFT-0687-00,medium,4.692751492738361,216,1.098414639232317,0.8128228674283682,0.7399963897025724,0.7035831508396746,0.7582030091340215,0.8128228674283682,NaN,0.7399963897025724,NaN,0.7399963897025724,1.098414639232317
Cntnap_hom,OFT-0364-00,fast,6.558940799652446,217,1.0636046566817177,0.9360102000102861,0.8800358235836363,0.8520486353703112,0.8940294176902988,0.9360102000102861,NaN,0.8800358235836363,NaN,0.8800358235836363,1.0636046566817177
Cntnap_hom,OFT-0364-00,medium,5.553670282065117,218,1.0339209460934562,0.8626101770285406,0.8343096058628153,0.8201593202799526,0.8413847486542465,0.8626101770285406,NaN,0.8343096058628153,NaN,0.8343096058628153,1.0339209460934562
Cntnap_hom,OFT-0364-00,slow,4.291570735322011,219,1.0728377285832398,0.9409809214710054,0.8770952926064961,0.8451524781742413,0.8930666998226233,0.9409809214710054,NaN,0.8770952926064961,NaN,0.8770952926064961,1.0728377285832398
Cntnap_hom,OFT-0367-00,fast,5.645779802462665,220,1.1006942579031405,0.840233635206501,0.7633669651435943,0.7249336301121408,0.7825836326593208,0.840233635206501,NaN,0.7633669651435943,NaN,0.7633669651435943,1.1006942579031405
Cntnap_hom,OFT-0367-00,slow,3.497691164704145,221,1.127677698019627,0.9415512141763271,0.8349470915580167,0.7816450302488616,0.8615981222125944,0.9415512141763271,NaN,0.8349470915580167,NaN,0.8349470915580167,1.127677698019627
Cntnap_hom,OFT-0367-00,medium,4.292339589550407,222,1.1366938040955104,0.9619473684430657,0.8462678031473095,0.7884280204994315,0.8751876944712487,0.9619473684430657,NaN,0.8462678031473095,NaN,0.8462678031473095,1.1366938040955104
Cntnap_hom,OFT-0374-00,fast,5.979191616915897,223,1.0682801563051914,0.9891933704730315,0.9259681223456462,0.8943554982819537,0.9417744343774925,0.9891933704730315,NaN,0.9259681223456462,NaN,0.9259681223456462,1.0682801563051914
Cntnap_hom,OFT-0374-00,slow,3.4071413758183606,224,1.165794699895079,0.9003909559942551,0.7723409242427418,0.708315908366985,0.80435343218062,0.9003909559942551,NaN,0.7723409242427418,NaN,0.7723409242427418,1.165794699895079
Cntnap_hom,OFT-0374-00,medium,4.519236271046042,225,1.0656293395279528,0.8891380949058012,0.8343783921149047,0.8069985407194566,0.8480683178126289,0.8891380949058012,NaN,0.8343783921149047,NaN,0.8343783921149047,1.0656293395279528
Cntnap_hom,OFT-0383-00,fast,6.1052968514727795,226,1.0321543232409676,0.7916329980629744,0.7669715470233602,0.7546408215035532,0.7731369097832637,0.7916329980629744,NaN,0.7669715470233602,NaN,0.7669715470233602,1.0321543232409676
Cntnap_hom,OFT-0383-00,medium,4.904065732913251,227,1.070089809582524,0.9849996525746483,0.9204831629589371,0.8882249181510815,0.9366122853628649,0.9849996525746483,NaN,0.9204831629589371,NaN,0.9204831629589371,1.070089809582524
Cntnap_hom,OFT-0383-00,slow,3.7387636089199194,228,1.089498782968176,0.9428883444036795,0.8654331323206454,0.8267055262791285,0.884796935341404,0.9428883444036795,NaN,0.8654331323206454,NaN,0.8654331323206454,1.089498782968176
Cntnap_hom,OFT-0388-00,slow,4.110191686636192,229,1.1867801235447162,0.9482604223084364,0.7990194674613686,0.7243989900378347,0.8363297061731356,0.9482604223084364,NaN,0.7990194674613686,NaN,0.7990194674613686,1.1867801235447162
Cntnap_hom,OFT-0388-00,medium,5.229514829964569,230,1.0727684183244635,0.9146496757045348,0.8526068255561706,0.821585400481988,0.8681175380932614,0.9146496757045348,NaN,0.8526068255561706,NaN,0.8526068255561706,1.0727684183244635
Cntnap_hom,OFT-0388-00,fast,6.60481377807067,231,1.0656747479483961,0.9749939281462632,0.9149076019895294,0.8848644389111626,0.9299291835287129,0.9749939281462632,NaN,0.9149076019895294,NaN,0.9149076019895294,1.0656747479483961
Cntnap_hom,OFT-0389-00,slow,4.256402025573622,232,1.1517455363403237,0.9930115743769076,0.8621796595211526,0.7967637020932751,0.8948876382350912,0.9930115743769076,NaN,0.8621796595211526,NaN,0.8621796595211526,1.1517455363403237
Cntnap_hom,OFT-0389-00,medium,5.698887526147802,233,1.169858205348569,0.9329538209962678,0.7974930779908377,0.7297627064881226,0.8313582637421952,0.9329538209962678,NaN,0.7974930779908377,NaN,0.7974930779908377,1.169858205348569
Cntnap_hom,OFT-0389-00,fast,7.033465413174348,234,1.1281823718777253,0.7908277679416035,0.7009751150652751,0.6560487886271109,0.7234382782843571,0.7908277679416035,NaN,0.7009751150652751,NaN,0.7009751150652751,1.1281823718777253
Cntnap_hom,OFT-0390-00,slow,4.3366301729744,235,1.2267140731226525,0.912609937330702,0.7439467414012907,0.6596151434365851,0.7861125403836435,0.912609937330702,NaN,0.7439467414012907,NaN,0.7439467414012907,1.2267140731226525
Cntnap_hom,OFT-0390-00,medium,5.743879783338556,236,1.0261555970812637,0.9776379282396072,0.9527189940983051,0.9402595270276541,0.9589487276336307,0.9776379282396072,NaN,0.9527189940983051,NaN,0.9527189940983051,1.0261555970812637
Cntnap_hom,OFT-0390-00,fast,7.290554808483692,237,1.1136763584158296,0.9687192208805973,0.869839081668727,0.8203990120627922,0.8945591164716946,0.9687192208805973,NaN,0.869839081668727,NaN,0.869839081668727,1.1136763584158296
Cntnap_hom,OFT-0400-00,fast,6.811990503099896,238,1.062334424653514,0.9384804981778845,0.8834134302707689,0.8558798963172112,0.8971801972475478,0.9384804981778845,NaN,0.8834134302707689,NaN,0.8834134302707689,1.062334424653514
Cntnap_hom,OFT-0400-00,medium,5.242190893835786,239,1.1149081562228684,0.9640752220926515,0.8647126821269163,0.8150314121440487,0.8895533171183502,0.9640752220926515,NaN,0.8647126821269163,NaN,0.8647126821269163,1.1149081562228684
Cntnap_hom,OFT-0400-00,slow,3.99429703298538,240,1.1239335756442697,0.9006664525631158,0.8013520301204892,0.7516948188991757,0.8261806357311459,0.9006664525631158,NaN,0.8013520301204892,NaN,0.8013520301204892,1.1239335756442697
Cntnap_hom,OFT-0401-00,fast,5.790406504319124,241,1.0921483366518037,0.8653147050788125,0.7923051073186684,0.7558003084385962,0.8105575067587043,0.8653147050788125,NaN,0.7923051073186684,NaN,0.7923051073186684,1.0921483366518037
Cntnap_hom,OFT-0401-00,slow,3.4768771700728047,242,1.3077358349751156,0.9709740571341019,0.7424848590713875,0.6282402600400303,0.7996071585870661,0.9709740571341019,NaN,0.7424848590713875,NaN,0.7424848590713875,1.3077358349751156
Cntnap_hom,OFT-0401-00,medium,4.414502434964955,243,1.1114527047987146,0.8437918802887132,0.7591792944905604,0.716873001591484,0.7803324409400986,0.8437918802887132,NaN,0.7591792944905604,NaN,0.7591792944905604,1.1114527047987146
Cntnap_hom,OFT-0402-00,fast,6.775826799316585,244,1.0563998710820943,0.7867545671623948,0.7447507224290971,0.7237488000624481,0.7552516836124215,0.7867545671623948,NaN,0.7447507224290971,NaN,0.7447507224290971,1.0563998710820943
Cntnap_hom,OFT-0402-00,slow,3.782350530901741,245,1.1274796354802037,0.9430951020794249,0.8364630920165155,0.7831470869850609,0.863121094532243,0.9430951020794249,NaN,0.8364630920165155,NaN,0.8364630920165155,1.1274796354802037
Cntnap_hom,OFT-0402-00,medium,5.1661669333415166,246,0.9928225711627628,0.8705239040029403,0.8768171970379459,0.8799638435554489,0.8752438737791945,0.8705239040029403,NaN,0.8768171970379459,NaN,0.8768171970379459,0.9928225711627628
Cntnap_hom,OFT-0404-00,fast,5.702386158635985,247,1.1716687368574394,0.8396715787508595,0.7166458849136511,0.6551330379950471,0.7474023083729533,0.8396715787508595,NaN,0.7166458849136511,NaN,0.7166458849136511,1.1716687368574394
Cntnap_hom,OFT-0404-00,slow,3.5167968247795938,248,1.132858635377474,0.8475424699817824,0.7481449525247932,0.6984461937962985,0.7729943318890404,0.8475424699817824,NaN,0.7481449525247932,NaN,0.7481449525247932,1.132858635377474
Cntnap_hom,OFT-0404-00,medium,4.550857716426858,249,1.0931718128350267,0.9998550658557149,0.9146367058831268,0.8720275258968326,0.935941295876274,0.9998550658557149,NaN,0.9146367058831268,NaN,0.9146367058831268,1.0931718128350267
Cntnap_hom,OFT-0405-00,fast,5.361493852684893,250,1.1225479351065981,0.8330198845946654,0.7420795660860229,0.6966094068317016,0.7648146457131835,0.8330198845946654,NaN,0.7420795660860229,NaN,0.7420795660860229,1.1225479351065981
Cntnap_hom,OFT-0405-00,slow,3.4364875783618003,251,1.1901209298360287,0.9958432922534713,0.8367580699472915,0.7572154587942016,0.8765293755238366,0.9958432922534713,NaN,0.8367580699472915,NaN,0.8367580699472915,1.1901209298360287
Cntnap_hom,OFT-0405-00,medium,4.2645610461559835,252,1.1613337275554432,0.7950033855823553,0.6845606622101665,0.6293393005240723,0.7121713430532137,0.7950033855823553,NaN,0.6845606622101665,NaN,0.6845606622101665,1.1613337275554432
Cntnap_hom,OFT-0406-00,fast,5.901332577134477,253,1.0805250066986787,0.8782640807421549,0.8128123600077611,0.7800864996405643,0.8291752901913596,0.8782640807421549,NaN,0.8128123600077611,NaN,0.8128123600077611,1.0805250066986787
Cntnap_hom,OFT-0406-00,medium,4.520701177200946,254,1.0881159968874725,0.82816712203117,0.7611018718593611,0.7275692467734562,0.7778681844023132,0.82816712203117,NaN,0.7611018718593611,NaN,0.7611018718593611,1.0881159968874725
Cntnap_hom,OFT-0406-00,slow,3.7461388148385617,255,0.947892199483023,0.8686372685160901,0.9163882443487158,0.9402637322650284,0.9044505003905592,0.8686372685160901,NaN,0.9163882443487158,NaN,0.9163882443487158,0.947892199483023
Cntnap_hom,OFT-0416-00,fast,5.908154400316023,256,1.0586681991493696,0.8392991218453741,0.7927876954457908,0.7695319822459992,0.8044155520456867,0.8392991218453741,NaN,0.7927876954457908,NaN,0.7927876954457908,1.0586681991493696
Cntnap_hom,OFT-0416-00,medium,4.726257417982592,257,1.0892884994164171,0.964578730074104,0.8855126356248818,0.8459795884002708,0.9052791592371874,0.964578730074104,NaN,0.8855126356248818,NaN,0.8855126356248818,1.0892884994164171
Cntnap_hom,OFT-0416-00,slow,3.62543764809709,258,1.1210041463476164,0.8512591025760337,0.7593719482212009,0.7134283710437845,0.7823437368099092,0.8512591025760337,NaN,0.7593719482212009,NaN,0.7593719482212009,1.1210041463476164
Cntnap_hom,OFT-0417-00,fast,5.612328341922701,259,1.1295186514705664,0.8336078804442577,0.7380204650529228,0.6902267573572555,0.7619173189007566,0.8336078804442577,NaN,0.7380204650529228,NaN,0.7380204650529228,1.1295186514705664
Cntnap_hom,OFT-0417-00,medium,4.373913299980736,260,1.1460791904538725,0.871455992826033,0.7603802600070919,0.7048423935976214,0.7881491932118272,0.871455992826033,NaN,0.7603802600070919,NaN,0.7603802600070919,1.1460791904538725
Cntnap_hom,OFT-0417-00,slow,3.4209484594675494,261,1.2062477658870578,0.9510771387366468,0.7884591919117362,0.707150218499281,0.8291136786179639,0.9510771387366468,NaN,0.7884591919117362,NaN,0.7884591919117362,1.2062477658870578
Cntnap_hom,OFT-0418-00,fast,5.6447210108296355,262,1.1349825867851635,0.9018140511014554,0.794562014960813,0.7409359968904917,0.8213750239959735,0.9018140511014554,NaN,0.794562014960813,NaN,0.794562014960813,1.1349825867851635
Cntnap_hom,OFT-0418-00,slow,3.8300224046756886,263,1.171981459622587,0.9331987011410613,0.796257221886069,0.7277864822585729,0.830492591699817,0.9331987011410613,NaN,0.796257221886069,NaN,0.796257221886069,1.171981459622587
Cntnap_hom,OFT-0418-00,medium,4.691575429741383,264,1.147065721968667,0.8209092165965325,0.7156601412407616,0.6630356035628764,0.7419724100797043,0.8209092165965325,NaN,0.7156601412407616,NaN,0.7156601412407616,1.147065721968667
Cntnap_hom,OFT-0422-00,slow,4.31092131446768,265,1.1705241348823603,0.919682688139178,0.7857016021558647,0.7187110591642081,0.819196873651693,0.919682688139178,NaN,0.7857016021558647,NaN,0.7857016021558647,1.1705241348823603
Cntnap_hom,OFT-0422-00,medium,5.6025015688305,266,1.096092301524721,0.9794025279833435,0.8935401942162572,0.8506090273327143,0.9150057776580288,0.9794025279833435,NaN,0.8935401942162572,NaN,0.8935401942162572,1.096092301524721
Cntnap_hom,OFT-0422-00,fast,6.741062934965528,267,1.164496004800417,0.7820062315894596,0.6715405019560267,0.6163076371393104,0.699156934364385,0.7820062315894596,NaN,0.6715405019560267,NaN,0.6715405019560267,1.164496004800417
Cntnap_hom,OFT-0433-00,medium,4.85166233232642,268,1.112603159237332,0.9785484867280781,0.8795125904539532,0.8299946423168907,0.9042715645224845,0.9785484867280781,NaN,0.8795125904539532,NaN,0.8795125904539532,1.112603159237332
Cntnap_hom,OFT-0433-00,slow,3.752725409475862,269,1.1182975369564931,0.9059162787054649,0.8100851953684569,0.7621696536999529,0.8340429662027089,0.9059162787054649,NaN,0.8100851953684569,NaN,0.8100851953684569,1.1182975369564931
Cntnap_hom,OFT-0433-00,fast,6.267928915201285,270,1.072047328167749,0.9320881261410577,0.8694468067320335,0.8381261470275214,0.8851071365842895,0.9320881261410577,NaN,0.8694468067320335,NaN,0.8694468067320335,1.072047328167749
Cntnap_hom,OFT-0445-00,fast,5.866197881094069,271,1.1397782996569397,0.8330031815799186,0.7308466759111338,0.6797684230767416,0.7563858023283301,0.8330031815799186,NaN,0.7308466759111338,NaN,0.7308466759111338,1.1397782996569397
Cntnap_hom,OFT-0445-00,medium,4.4586961691838,272,1.0910783580826675,0.8965445249792658,0.8217049841908216,0.7842852137965994,0.8404148693879328,0.8965445249792658,NaN,0.8217049841908216,NaN,0.8217049841908216,1.0910783580826675
Cntnap_hom,OFT-0445-00,slow,3.4375664744776997,273,1.114316973166355,0.8683422561265383,0.7792596514608636,0.7347183491280262,0.8015303026272823,0.8683422561265383,NaN,0.7792596514608636,NaN,0.7792596514608636,1.114316973166355
Cntnap_hom,OFT-0449-00,fast,5.493761108819254,274,1.0669811766832111,0.9167941265217379,0.8592411436644639,0.830464652235827,0.8736293893787824,0.9167941265217379,NaN,0.8592411436644639,NaN,0.8592411436644639,1.0669811766832111
Cntnap_hom,OFT-0449-00,medium,4.297975374703842,275,1.0898735310329468,0.7988099587491234,0.7329382134751334,0.7000023408381384,0.7494061497936308,0.7988099587491234,NaN,0.7329382134751334,NaN,0.7329382134751334,1.0898735310329468
Cntnap_hom,OFT-0449-00,slow,3.484760294827861,276,1.0800721799394015,0.8613435876568245,0.797487060267723,0.7655587965731723,0.8134511921149984,0.8613435876568245,NaN,0.797487060267723,NaN,0.797487060267723,1.0800721799394015
Cntnap_hom,OFT-0517-00,fast,6.49232180134798,277,1.0872141521107643,0.8650996984313871,0.795703125048405,0.761004838356914,0.8130522683941506,0.8650996984313871,NaN,0.795703125048405,NaN,0.795703125048405,1.0872141521107643
Cntnap_hom,OFT-0517-00,medium,5.214542545345634,278,1.1296075050451457,0.9306689167170771,0.8238869807082966,0.7704960127039061,0.8505824647104916,0.9306689167170771,NaN,0.8238869807082966,NaN,0.8238869807082966,1.1296075050451457
Cntnap_hom,OFT-0517-00,slow,4.0051833223671185,279,1.2197609984980575,0.9907450926783024,0.8122452627180636,0.722995347737944,0.8568702202081233,0.9907450926783024,NaN,0.8122452627180636,NaN,0.8122452627180636,1.2197609984980575
Cntnap_hom,OFT-0518-00,slow,4.143823316552378,280,1.1451039816953796,0.9845723300801814,0.8598104153148401,0.7974294579321697,0.8910008940061754,0.9845723300801814,NaN,0.8598104153148401,NaN,0.8598104153148401,1.1451039816953796
Cntnap_hom,OFT-0518-00,medium,5.358514744246365,281,1.118613652745353,0.9338070236095433,0.8347895820131921,0.7852808612150166,0.8595439424122799,0.9338070236095433,NaN,0.8347895820131921,NaN,0.8347895820131921,1.118613652745353
Cntnap_hom,OFT-0518-00,fast,6.586669302408414,282,1.1101922726733224,0.852871102874634,0.7682192750458766,0.7258933611314979,0.7893822320030659,0.852871102874634,NaN,0.7682192750458766,NaN,0.7682192750458766,1.1101922726733224
Cntnap_hom,OFT-0521-00,slow,4.041527710281774,283,1.1243721894507757,0.9050890098653506,0.8049727824622389,0.7549146687606831,0.8300018393130169,0.9050890098653506,NaN,0.8049727824622389,NaN,0.8049727824622389,1.1243721894507757
Cntnap_hom,OFT-0521-00,medium,5.503366695297294,284,1.1359974852586576,0.8296809640944267,0.7303545781226047,0.6806913851366938,0.7551861746155604,0.8296809640944267,NaN,0.7303545781226047,NaN,0.7303545781226047,1.1359974852586576
Cntnap_hom,OFT-0521-00,fast,7.167125180291678,285,1.0846315561719195,0.8106664338279462,0.7474118093051789,0.7157844970437952,0.7632254654358708,0.8106664338279462,NaN,0.7474118093051789,NaN,0.7474118093051789,1.0846315561719195
Cntnap_hom,OFT-0522-00,fast,6.882982797361693,286,1.1567630869654018,0.8132445875433891,0.7030346980355476,0.6479297532816269,0.730587170412508,0.8132445875433891,NaN,0.7030346980355476,NaN,0.7030346980355476,1.1567630869654018
Cntnap_hom,OFT-0522-00,medium,5.029857669525892,287,1.1921776596666593,0.8350828877646279,0.7004684922531785,0.6331612944974536,0.7341220911310409,0.8350828877646279,NaN,0.7004684922531785,NaN,0.7004684922531785,1.1921776596666593
Cntnap_hom,OFT-0522-00,slow,3.7527233903396757,288,1.144512833376369,0.9997605327456673,0.8735249650249223,0.8104071811645498,0.9050838569551085,0.9997605327456673,NaN,0.8735249650249223,NaN,0.8735249650249223,1.144512833376369
Cntnap_hom,OFT-0533-00,fast,6.75787728492555,289,1.1094307402365828,0.7486515796622648,0.6748069550539199,0.6378846427497475,0.6932681112060062,0.7486515796622648,NaN,0.6748069550539199,NaN,0.6748069550539199,1.1094307402365828
Cntnap_hom,OFT-0533-00,medium,4.870605071321753,290,1.1185154912460216,0.863860793565263,0.772327965348898,0.7265615512407155,0.7952111724029893,0.863860793565263,NaN,0.772327965348898,NaN,0.772327965348898,1.1185154912460216
Cntnap_hom,OFT-0533-00,slow,3.687560742451866,291,1.1935318935732908,0.9120304376193165,0.7641441695276421,0.6902010354818051,0.8011157365505606,0.9120304376193165,NaN,0.7641441695276421,NaN,0.7641441695276421,1.1935318935732908
Cntnap_hom,OFT-0535-00,fast,5.649208310497758,292,1.0616434439348938,0.6716532292681506,0.632654242914856,0.6131547497382087,0.6424039895031797,0.6716532292681506,NaN,0.632654242914856,NaN,0.632654242914856,1.0616434439348938
Cntnap_hom,OFT-0535-00,slow,3.6006657357068366,293,1.0491005700630198,0.9870955381961438,0.9408969610385863,0.9177976724598078,0.9524466053279758,0.9870955381961438,NaN,0.9408969610385863,NaN,0.9408969610385863,1.0491005700630198
Cntnap_hom,OFT-0535-00,medium,4.48435916327151,294,1.1246192472371865,0.9026060235359255,0.8025880988195131,0.752579136461307,0.8275925799986161,0.9026060235359255,NaN,0.8025880988195131,NaN,0.8025880988195131,1.1246192472371865
Cntnap_hom,OFT-0540-00,fast,5.472745842846463,295,1.053658274670958,0.8188732084542738,0.7771715252841306,0.7563206836990588,0.7875969460766664,0.8188732084542738,NaN,0.7771715252841306,NaN,0.7771715252841306,1.053658274670958
Cntnap_hom,OFT-0540-00,medium,4.4072929244988,296,1.111706095746142,0.8792212580611519,0.7908756292921525,0.746702814907653,0.8129620364844024,0.8792212580611519,NaN,0.7908756292921525,NaN,0.7908756292921525,1.111706095746142
Cntnap_hom,OFT-0540-00,slow,3.4865678442023564,297,1.1344806709664332,0.9460904724733319,0.8339414647473747,0.7778669608843962,0.8619787166788639,0.9460904724733319,NaN,0.8339414647473747,NaN,0.8339414647473747,1.1344806709664332
Cntnap_hom,OFT-0541-00,medium,4.633590658544524,298,1.1343067537423877,0.8326182153253132,0.7340326702439869,0.6847398977033239,0.7586790565143184,0.8326182153253132,NaN,0.7340326702439869,NaN,0.7340326702439869,1.1343067537423877
Cntnap_hom,OFT-0541-00,fast,6.086351115703484,299,1.1226168192186476,0.8568105494567146,0.763226182601703,0.7164339991741974,0.786622274315456,0.8568105494567146,NaN,0.763226182601703,NaN,0.763226182601703,1.1226168192186476
Cntnap_hom,OFT-0541-00,slow,3.589865698793129,300,1.1229463843528709,0.8924853290143967,0.7947710963321871,0.7459139799910826,0.8191996545027396,0.8924853290143967,NaN,0.7947710963321871,NaN,0.7947710963321871,1.1229463843528709
Cntnap_hom,OFT-0546-00,slow,3.630768998549823,301,1.2216189525207606,0.9813292094509639,0.8033022141855538,0.7142887165528491,0.8478089630019064,0.9813292094509639,NaN,0.8033022141855538,NaN,0.8033022141855538,1.2216189525207606
Cntnap_hom,OFT-0546-00,fast,5.957535303641907,302,1.1386808393234835,0.9176334091878038,0.805874111074874,0.7499944620184091,0.8338139356031065,0.9176334091878038,NaN,0.805874111074874,NaN,0.805874111074874,1.1386808393234835
Cntnap_hom,OFT-0546-00,medium,4.739172709014369,303,1.131228079999598,0.7056665378148186,0.6238057119436686,0.5828752990080937,0.6442709184114561,0.7056665378148186,NaN,0.6238057119436686,NaN,0.6238057119436686,1.131228079999598
Cntnap_hom,OFT-0548-00,slow,4.330277967816983,304,1.1648334868425898,0.9310193778618496,0.7992725040773688,0.7333990671851285,0.832209222523489,0.9310193778618496,NaN,0.7992725040773688,NaN,0.7992725040773688,1.1648334868425898
Cntnap_hom,OFT-0548-00,medium,5.6074655190603515,305,1.0992849109950393,0.8552925596121149,0.7780444824244245,0.7394204438305791,0.7973565017213471,0.8552925596121149,NaN,0.7780444824244245,NaN,0.7780444824244245,1.0992849109950393
Cntnap_hom,OFT-0548-00,fast,7.029341067940121,306,1.096584117880096,0.8454022181922871,0.7709415122905566,0.7337111593396914,0.7895566887659893,0.8454022181922871,NaN,0.7709415122905566,NaN,0.7709415122905566,1.096584117880096
Cntnap_hom,OFT-0580-00,fast,5.734409401503162,307,1.0199944740425877,0.8128681735299945,0.7969338993654733,0.7889667622832129,0.8009174679066037,0.8128681735299945,NaN,0.7969338993654733,NaN,0.7969338993654733,1.0199944740425877
Cntnap_hom,OFT-0580-00,slow,3.5290572018743362,308,1.1021551872470077,0.9654024784325523,0.8759224559328711,0.8311824446830305,0.8982924615577914,0.9654024784325523,NaN,0.8759224559328711,NaN,0.8759224559328711,1.1021551872470077
Cntnap_hom,OFT-0580-00,medium,4.475038161694499,309,1.0896986326709799,0.8262620594217112,0.7582482299683586,0.7242413152416824,0.7752516873316967,0.8262620594217112,NaN,0.7582482299683586,NaN,0.7582482299683586,1.0896986326709799
Cntnap_hom,OFT-0581-00,fast,5.215325186517192,310,1.1031979538964038,0.6893811993921253,0.6248934717085796,0.5926496078668066,0.641015403629466,0.6893811993921253,NaN,0.6248934717085796,NaN,0.6248934717085796,1.1031979538964038
Cntnap_hom,OFT-0581-00,medium,4.210956861546267,311,1.1512241478467504,0.9873047469562928,0.8576129581740858,0.7927670637829822,0.8900359053696375,0.9873047469562928,NaN,0.8576129581740858,NaN,0.8576129581740858,1.1512241478467504
Cntnap_hom,OFT-0581-00,slow,3.3953046876755573,312,1.1331668808272732,0.9853996233823247,0.8695979736567393,0.8116971487939464,0.8985483860881356,0.9853996233823247,NaN,0.8695979736567393,NaN,0.8695979736567393,1.1331668808272732
Cntnap_hom,OFT-0583-00,fast,6.396227838079184,313,1.1153666194639578,0.8523229185362583,0.7641639113656481,0.7200844077803429,0.7862036631583005,0.8523229185362583,NaN,0.7641639113656481,NaN,0.7641639113656481,1.1153666194639578
Cntnap_hom,OFT-0583-00,medium,4.685656253466641,314,1.10732591048993,0.9039876845729209,0.8163700280190831,0.7725611997421642,0.8382744421575425,0.9039876845729209,NaN,0.8163700280190831,NaN,0.8163700280190831,1.10732591048993
Cntnap_hom,OFT-0583-00,slow,3.783493998334401,315,1.0508011073867,0.8556987007540066,0.8143298429539104,0.7936454140538625,0.8246720574039345,0.8556987007540066,NaN,0.8143298429539104,NaN,0.8143298429539104,1.0508011073867
Cntnap_hom,OFT-0584-00,slow,3.9283359676675684,316,1.1087319359241252,0.9652288569983389,0.8705700861713009,0.8232407007577818,0.8942347788780602,0.9652288569983389,NaN,0.8705700861713009,NaN,0.8705700861713009,1.1087319359241252
Cntnap_hom,OFT-0584-00,medium,5.37613917170456,317,1.1018213767931535,0.9279788221655767,0.8422225613977968,0.799344431013907,0.8636616265897419,0.9279788221655767,NaN,0.8422225613977968,NaN,0.8422225613977968,1.1018213767931535
Cntnap_hom,OFT-0584-00,fast,7.0680910887883295,318,1.071043698355884,0.9255466806434813,0.8641539855603004,0.8334576380187101,0.8795021593310957,0.9255466806434813,NaN,0.8641539855603004,NaN,0.8641539855603004,1.071043698355884
Cntnap_hom,OFT-0599-00,medium,5.005230237298651,319,1.0985239411310337,0.9481239861893831,0.8630890513075212,0.8205715838665901,0.8843477850279866,0.9481239861893831,NaN,0.8630890513075212,NaN,0.8630890513075212,1.0985239411310337
Cntnap_hom,OFT-0599-00,fast,6.797733873063763,320,1.079084406380871,0.9830863956339232,0.9110375331352304,0.8750131018858838,0.9290497487599035,0.9830863956339232,NaN,0.9110375331352304,NaN,0.9110375331352304,1.079084406380871
Cntnap_hom,OFT-0599-00,slow,3.6870270258245283,321,1.1173790896872218,0.9736122094764773,0.8713356267916309,0.8201973354492076,0.8969047724628423,0.9736122094764773,NaN,0.8713356267916309,NaN,0.8713356267916309,1.1173790896872218
Cntnap_hom,OFT-0605-00,fast,5.880437502527345,322,1.0268358518248222,0.9500077226472405,0.9251797363317147,0.9127657431739519,0.9313867329105963,0.9500077226472405,NaN,0.9251797363317147,NaN,0.9251797363317147,1.0268358518248222
Cntnap_hom,OFT-0605-00,medium,4.309585604795141,323,1.1543025404757363,0.8243483094121883,0.7141527290344868,0.659054938845636,0.741701624128912,0.8243483094121883,NaN,0.7141527290344868,NaN,0.7141527290344868,1.1543025404757363
Cntnap_hom,OFT-0605-00,slow,3.1850536064181103,324,1.1203808838419873,0.9797035675354027,0.8744379537928415,0.821805146921561,0.9007543572284817,0.9797035675354027,NaN,0.8744379537928415,NaN,0.8744379537928415,1.1203808838419873
Cntnap_hom,OFT-0613-00,fast,6.226219995808894,325,1.0797379698647551,0.906744949969961,0.8397824058030832,0.8063011337196445,0.8565230418448027,0.906744949969961,NaN,0.8397824058030832,NaN,0.8397824058030832,1.0797379698647551
Cntnap_hom,OFT-0613-00,slow,3.5694715644569253,326,1.2285250263542058,0.9256449786229628,0.7534604169765465,0.6673681361533382,0.7965065573881505,0.9256449786229628,NaN,0.7534604169765465,NaN,0.7534604169765465,1.2285250263542058
Cntnap_hom,OFT-0613-00,medium,4.698563484007206,327,1.0829375939888322,0.916317533795201,0.8461406630275784,0.811052227643767,0.8636848807194839,0.916317533795201,NaN,0.8461406630275784,NaN,0.8461406630275784,1.0829375939888322
Cntnap_neg,OFT-0365-00,slow,3.5486563325655895,328,1.1193707971269977,0.9243470384783667,0.8257737658073774,0.7764871294718828,0.8504170839751248,0.9243470384783667,NaN,0.8257737658073774,NaN,0.8257737658073774,1.1193707971269977
Cntnap_neg,OFT-0365-00,medium,4.599196781198974,329,1.1589267036931685,0.8957353522602696,0.7729007791483419,0.7114834925923783,0.8036094224263238,0.8957353522602696,NaN,0.7729007791483419,NaN,0.7729007791483419,1.1589267036931685
Cntnap_neg,OFT-0365-00,fast,5.783468253563591,330,1.1604539345119163,0.9219817757892561,0.7945009692927097,0.7307605660444364,0.8263711709168464,0.9219817757892561,NaN,0.7945009692927097,NaN,0.7945009692927097,1.1604539345119163
Cntnap_neg,OFT-0370-00,slow,3.6458557372453764,331,1.245675382487102,0.9677714911339299,0.7769050466436029,0.6814718243984397,0.8246216577661847,0.9677714911339299,NaN,0.7769050466436029,NaN,0.7769050466436029,1.245675382487102
Cntnap_neg,OFT-0370-00,medium,4.653177450859753,332,1.160644504830605,0.9423863958107412,0.8119509392312003,0.7467332109414297,0.8445598033760854,0.9423863958107412,NaN,0.8119509392312003,NaN,0.8119509392312003,1.160644504830605
Cntnap_neg,OFT-0370-00,fast,5.657136331492739,333,1.087744491911645,0.7809427016879434,0.7179468225258342,0.6864488829447795,0.7336957923163616,0.7809427016879434,NaN,0.7179468225258342,NaN,0.7179468225258342,1.087744491911645
Cntnap_neg,OFT-0375-00,fast,5.289233643659973,334,1.0730102002490873,0.8463628731497884,0.788774303313533,0.7599800183954053,0.8031714457725969,0.8463628731497884,NaN,0.788774303313533,NaN,0.788774303313533,1.0730102002490873
Cntnap_neg,OFT-0375-00,medium,4.156534156370047,335,1.0950977024234527,0.9317219420561618,0.8508117038272109,0.8103565847127356,0.8710392633844488,0.9317219420561618,NaN,0.8508117038272109,NaN,0.8508117038272109,1.0950977024234527
Cntnap_neg,OFT-0375-00,slow,3.3770329405014476,336,1.1836186701333493,0.931070761733683,0.7866306820158441,0.7144106421569243,0.8227407019453037,0.931070761733683,NaN,0.7866306820158441,NaN,0.7866306820158441,1.1836186701333493
Cntnap_neg,OFT-0384-00,fast,6.802042930063223,337,1.0510650340221421,0.8972198923932461,0.853629283965263,0.8318339797512719,0.864526936072259,0.8972198923932461,NaN,0.853629283965263,NaN,0.853629283965263,1.0510650340221421
Cntnap_neg,OFT-0384-00,medium,4.946531157984853,338,1.0320831890482995,0.9037547023073383,0.8756607140754856,0.8616137199595593,0.882684211133449,0.9037547023073383,NaN,0.8756607140754856,NaN,0.8756607140754856,1.0320831890482995
Cntnap_neg,OFT-0384-00,slow,3.6359526601478165,339,1.15725514776157,0.9767391223305851,0.8440136336570639,0.7776508893203034,0.8771950058254443,0.9767391223305851,NaN,0.8440136336570639,NaN,0.8440136336570639,1.15725514776157
Cntnap_neg,OFT-0426-00,slow,3.768483213283367,340,1.2094383351135505,0.9176736119940978,0.7587601495267141,0.679303418293022,0.79848851514356,0.9176736119940978,NaN,0.7587601495267141,NaN,0.7587601495267141,1.2094383351135505
Cntnap_neg,OFT-0426-00,fast,5.398446149736708,341,1.066570457162808,0.9752126379894808,0.9143443186900667,0.8839101590403597,0.9295613985149203,0.9752126379894808,NaN,0.9143443186900667,NaN,0.9143443186900667,1.066570457162808
Cntnap_neg,OFT-0426-00,medium,4.644484707645999,342,1.1295021302691768,0.9659514561276815,0.8552010928013755,0.7998259111382224,0.8828886836329519,0.9659514561276815,NaN,0.8552010928013755,NaN,0.8552010928013755,1.1295021302691768
Cntnap_neg,OFT-0427-00,medium,5.154198217173152,343,1.0857435491119225,0.9776525626998409,0.9004451958287074,0.8618415123931407,0.9197470375464907,0.9776525626998409,NaN,0.9004451958287074,NaN,0.9004451958287074,1.0857435491119225
Cntnap_neg,OFT-0427-00,slow,3.884995153332113,344,1.1996841944109484,0.8729754846540314,0.727671072704819,0.6550188667302128,0.763997175692122,0.8729754846540314,NaN,0.727671072704819,NaN,0.727671072704819,1.1996841944109484
Cntnap_neg,OFT-0427-00,fast,6.159988702688991,345,1.0675681605039002,0.9760921418419668,0.9143136503633116,0.8834244046239843,0.9297582732329754,0.9760921418419668,NaN,0.9143136503633116,NaN,0.9143136503633116,1.0675681605039002
Cntnap_neg,OFT-0429-00,fast,6.101952829419583,346,1.058162413595953,0.8802385600290675,0.8318558178963785,0.8076644468300338,0.8439515034295506,0.8802385600290675,NaN,0.8318558178963785,NaN,0.8318558178963785,1.058162413595953
Cntnap_neg,OFT-0429-00,medium,4.671165330809269,347,1.07156936330116,0.8977696229014405,0.8378082218921428,0.8078275213874939,0.8527985721444672,0.8977696229014405,NaN,0.8378082218921428,NaN,0.8378082218921428,1.07156936330116
Cntnap_neg,OFT-0429-00,slow,3.531629594144018,348,1.268908531527754,0.8304401400586623,0.654452326093844,0.5664584191114347,0.6984492795850485,0.8304401400586623,NaN,0.654452326093844,NaN,0.654452326093844,1.268908531527754
Cntnap_neg,OFT-0435-00,slow,3.4817203628420565,349,1.1178556412061058,0.9498600097846601,0.84971616617671,0.7996442443727347,0.8747521270786975,0.9498600097846601,NaN,0.84971616617671,NaN,0.84971616617671,1.1178556412061058
Cntnap_neg,OFT-0435-00,medium,3.965127527195972,350,1.26871724850768,0.9905899543177946,0.78078071018816,0.6758760881233427,0.8332330212205685,0.9905899543177946,NaN,0.78078071018816,NaN,0.78078071018816,1.26871724850768
Cntnap_neg,OFT-0435-00,fast,4.744038696168232,351,1.1622309058911773,0.9213035459091942,0.7927026731428687,0.7284022367597058,0.8248528913344501,0.9213035459091942,NaN,0.7927026731428687,NaN,0.7927026731428687,1.1622309058911773
Cntnap_neg,OFT-0437-00,slow,3.531818782315962,352,1.1124698883255801,0.8704400599194533,0.7824392094149938,0.7384387841627641,0.8044394220411087,0.8704400599194533,NaN,0.7824392094149938,NaN,0.7824392094149938,1.1124698883255801
Cntnap_neg,OFT-0437-00,fast,5.390249528177539,353,1.0926813317735795,0.8328796129740977,0.7622346870539226,0.726912224093835,0.7798959185339664,0.8328796129740977,NaN,0.7622346870539226,NaN,0.7622346870539226,1.0926813317735795
Cntnap_neg,OFT-0437-00,medium,4.424237565663325,354,1.192349070014607,0.8701566068126811,0.7297834406848835,0.6595968576209847,0.7648767322168328,0.8701566068126811,NaN,0.7297834406848835,NaN,0.7297834406848835,1.192349070014607
Cntnap_neg,OFT-0440-00,medium,4.262513234484486,355,1.1059791689639755,0.9898758379777941,0.8950221358193021,0.847595284740056,0.918735561358925,0.9898758379777941,NaN,0.8950221358193021,NaN,0.8950221358193021,1.1059791689639755
Cntnap_neg,OFT-0440-00,fast,5.312063415884677,356,1.140838340923562,0.8294349873447788,0.7270398947788802,0.6758423484959311,0.752638667920355,0.8294349873447788,NaN,0.7270398947788802,NaN,0.7270398947788802,1.140838340923562
Cntnap_neg,OFT-0440-00,slow,3.462003160763625,357,1.146936805628117,0.7886878513959596,0.687647172473497,0.6371268330122659,0.7129073422041128,0.7886878513959596,NaN,0.687647172473497,NaN,0.687647172473497,1.146936805628117
Cntnap_neg,OFT-0441-00,slow,3.70503288144008,358,1.0343120457534314,0.8005532592475235,0.7739958772928829,0.7607171863155625,0.780635222781543,0.8005532592475235,NaN,0.7739958772928829,NaN,0.7739958772928829,1.0343120457534314
Cntnap_neg,OFT-0441-00,fast,6.139448007023413,359,1.0686653498546517,0.9200683565751946,0.8609508642722742,0.8313921181208139,0.8757302373480043,0.9200683565751946,NaN,0.8609508642722742,NaN,0.8609508642722742,1.0686653498546517
Cntnap_neg,OFT-0441-00,medium,4.835190408722478,360,1.1450164438811254,0.9625996670462547,0.8406863256770755,0.7797296549924859,0.8711646610193702,0.9625996670462547,NaN,0.8406863256770755,NaN,0.8406863256770755,1.1450164438811254
Cntnap_neg,OFT-0451-00,fast,5.897495011313239,361,1.1047648786382818,0.8792136251416549,0.7958377770167365,0.7541498529542774,0.8166817390479661,0.8792136251416549,NaN,0.7958377770167365,NaN,0.7958377770167365,1.1047648786382818
Cntnap_neg,OFT-0451-00,medium,4.809765482786067,362,1.0732717395729185,0.9246504785091213,0.8615250401329515,0.8299623209448665,0.8773063997269939,0.9246504785091213,NaN,0.8615250401329515,NaN,0.8615250401329515,1.0732717395729185
Cntnap_neg,OFT-0451-00,slow,3.9297478353456565,363,1.137511325795497,0.8751296247596563,0.7693370649717716,0.7164407850778289,0.7957852049187428,0.8751296247596563,NaN,0.7693370649717716,NaN,0.7693370649717716,1.137511325795497
Cntnap_neg,OFT-0453-00,fast,5.189966774657013,364,1.1008596423165704,0.7772089582254551,0.7060018628623282,0.6703983151807648,0.72380363670311,0.7772089582254551,NaN,0.7060018628623282,NaN,0.7060018628623282,1.1008596423165704
Cntnap_neg,OFT-0455-00,fast,5.428936108065653,365,1.0175431600999802,0.936571447109459,0.9204242963192194,0.9123507209240991,0.9244610840167791,0.936571447109459,NaN,0.9204242963192194,NaN,0.9204242963192194,1.0175431600999802
Cntnap_neg,OFT-0455-00,medium,4.214892422770928,366,1.0875864490675582,0.8688882523066555,0.7989141948684598,0.7639271661493618,0.8164077092280086,0.8688882523066555,NaN,0.7989141948684598,NaN,0.7989141948684598,1.0875864490675582
Cntnap_neg,OFT-0455-00,slow,3.455063330562489,367,1.0633193952283986,0.9868562932337219,0.9280901840615327,0.8987071294754381,0.94278171135458,0.9868562932337219,NaN,0.9280901840615327,NaN,0.9280901840615327,1.0633193952283986
Cntnap_neg,OFT-0495-00,medium,4.874799376706746,368,1.0818357529299067,0.9710038510060938,0.8975520067407183,0.8608260846080305,0.9159149678070622,0.9710038510060938,NaN,0.8975520067407183,NaN,0.8975520067407183,1.0818357529299067
Cntnap_neg,OFT-0495-00,slow,3.8173744386915307,369,1.1799609643515323,0.8623528680550627,0.7308316919865087,0.6650711039522317,0.7637119860036471,0.8623528680550627,NaN,0.7308316919865087,NaN,0.7308316919865087,1.1799609643515323
Cntnap_neg,OFT-0495-00,fast,5.964597873180632,370,1.1282134704050664,0.8691187582180302,0.7703495668297485,0.7209649711356076,0.7950418646768189,0.8691187582180302,NaN,0.7703495668297485,NaN,0.7703495668297485,1.1282134704050664
Cntnap_neg,OFT-0497-00,fast,6.1419423487672224,371,1.095906825592757,0.8254756793297369,0.753235275164247,0.7171150730815019,0.7712953762056196,0.8254756793297369,NaN,0.753235275164247,NaN,0.753235275164247,1.095906825592757
Cntnap_neg,OFT-0497-00,medium,4.734683345833588,372,1.117941153087234,0.8896875867290291,0.7958268503419214,0.7488964821483675,0.8192920344386982,0.8896875867290291,NaN,0.7958268503419214,NaN,0.7958268503419214,1.117941153087234
Cntnap_neg,OFT-0497-00,slow,3.55205921605821,373,1.1539829902114591,0.9701268416777606,0.8406768989723079,0.7759519276195816,0.8730393846486711,0.9701268416777606,NaN,0.8406768989723079,NaN,0.8406768989723079,1.1539829902114591
Cntnap_neg,OFT-0504-00,fast,5.784659685706958,374,1.0218850520661453,0.8883467432377254,0.8693215948717331,0.8598090206887371,0.8740778819632313,0.8883467432377254,NaN,0.8693215948717331,NaN,0.8693215948717331,1.0218850520661453
Cntnap_neg,OFT-0504-00,medium,4.527069524706072,375,1.1571264403455135,0.8186668264149686,0.7074998875408273,0.6519164181037567,0.7352916222593626,0.8186668264149686,NaN,0.7074998875408273,NaN,0.7074998875408273,1.1571264403455135
Cntnap_neg,OFT-0504-00,slow,3.6348928888779466,376,1.1664128754371093,0.9080170871099479,0.778469705051628,0.713696014022468,0.810856550566208,0.9080170871099479,NaN,0.778469705051628,NaN,0.778469705051628,1.1664128754371093
Cntnap_neg,OFT-0509-00,fast,5.7259250135585775,377,1.1237472695493405,0.7819341986162197,0.6958274514249106,0.6527740778292559,0.7173541382227377,0.7819341986162197,NaN,0.6958274514249106,NaN,0.6958274514249106,1.1237472695493405
Cntnap_neg,OFT-0509-00,medium,4.474773825912342,378,1.1005695874504038,0.8097766812492291,0.7357796276427827,0.6987811008395598,0.7542788910443943,0.8097766812492291,NaN,0.7357796276427827,NaN,0.7357796276427827,1.1005695874504038
Cntnap_neg,OFT-0509-00,slow,3.594061271936992,379,1.0496678526168504,0.9825571888829574,0.9360648575007949,0.9128186918097141,0.9476879403463356,0.9825571888829574,NaN,0.9360648575007949,NaN,0.9360648575007949,1.0496678526168504
Cntnap_neg,OFT-0515-00,slow,3.8647369538676095,380,1.1336307908802148,0.9291689850165388,0.8196398620181088,0.7648753005188937,0.8470221427677163,0.9291689850165388,NaN,0.8196398620181088,NaN,0.8196398620181088,1.1336307908802148
Cntnap_neg,OFT-0515-00,medium,5.167192179235507,381,1.1096703417333582,0.9404573647258367,0.8475105888265855,0.8010372008769595,0.8707472828013982,0.9404573647258367,NaN,0.8475105888265855,NaN,0.8475105888265855,1.1096703417333582
Cntnap_neg,OFT-0515-00,fast,6.51343854460747,382,1.0979135266709943,0.9808023663370419,0.893332983437186,0.8495982919872579,0.9152003291621499,0.9808023663370419,NaN,0.893332983437186,NaN,0.893332983437186,1.0979135266709943
Cntnap_neg,OFT-0524-00,slow,3.6293660722849834,383,1.0878783323809034,0.9904944800013695,0.9104827723092876,0.8704769184632465,0.9304856992323081,0.9904944800013695,NaN,0.9104827723092876,NaN,0.9104827723092876,1.0878783323809034
Cntnap_neg,OFT-0524-00,medium,4.63701103042364,384,1.1713514399188585,0.913849103112929,0.7801664572813714,0.7133251343655926,0.8135871187392607,0.913849103112929,NaN,0.7801664572813714,NaN,0.7801664572813714,1.1713514399188585
Cntnap_neg,OFT-0524-00,fast,5.900298472033148,385,1.154317325089829,0.8932295102148087,0.7738162555476653,0.7141096282140936,0.8036695692144513,0.8932295102148087,NaN,0.7738162555476653,NaN,0.7738162555476653,1.154317325089829
Cntnap_neg,OFT-0528-00,fast,5.738219548039129,386,1.0726572422088836,0.9208938800136581,0.8585164428828125,0.8273277243173895,0.8741108021655238,0.9208938800136581,NaN,0.8585164428828125,NaN,0.8585164428828125,1.0726572422088836
Cntnap_neg,OFT-0528-00,medium,4.234112226444528,387,1.122955839574305,0.9687787465910356,0.862704224378302,0.8096669632719351,0.8892228549314853,0.9687787465910356,NaN,0.862704224378302,NaN,0.862704224378302,1.122955839574305
Cntnap_neg,OFT-0528-00,slow,3.4060163124519414,388,1.1047765157710974,0.9501611412902494,0.8600482792006748,0.8149918481558875,0.8825764947230685,0.9501611412902494,NaN,0.8600482792006748,NaN,0.8600482792006748,1.1047765157710974
Cntnap_neg,OFT-0543-00,medium,4.764679545487697,389,1.1578808759028845,0.9622878918298718,0.831076764334246,0.7654712005864333,0.8638795462081525,0.9622878918298718,NaN,0.831076764334246,NaN,0.831076764334246,1.1578808759028845
Cntnap_neg,OFT-0543-00,fast,6.241099541735392,390,1.1077481693056839,0.9265823011042917,0.8364557277355344,0.7913924410511557,0.8589873710777237,0.9265823011042917,NaN,0.8364557277355344,NaN,0.8364557277355344,1.1077481693056839
Cntnap_neg,OFT-0543-00,slow,3.7239063174700795,391,1.1396062029783127,0.9156079290602053,0.8034423879646343,0.747359617416849,0.8314837732385272,0.9156079290602053,NaN,0.8034423879646343,NaN,0.8034423879646343,1.1396062029783127
Cntnap_neg,OFT-0547-00,slow,3.812718593559203,392,1.154006938879685,0.8507814993981915,0.7372412337694727,0.6804711009551134,0.7656263001766523,0.8507814993981915,NaN,0.7372412337694727,NaN,0.7372412337694727,1.154006938879685
Cntnap_neg,OFT-0547-00,medium,4.9318676879152035,393,1.173521080534237,0.9044938356660999,0.7707520986792461,0.7038812301858193,0.8041875329259596,0.9044938356660999,NaN,0.7707520986792461,NaN,0.7707520986792461,1.173521080534237
Cntnap_neg,OFT-0547-00,fast,6.159439846496256,394,1.1049441823871406,0.9155671644350444,0.828609425733196,0.7851305563822721,0.8503488604086582,0.9155671644350444,NaN,0.828609425733196,NaN,0.828609425733196,1.1049441823871406
Cntnap_neg,OFT-0549-00,slow,4.183207940237719,395,1.282788574921604,0.9112523548530341,0.7103683121817048,0.6099262908460403,0.7605893228495372,0.9112523548530341,NaN,0.7103683121817048,NaN,0.7103683121817048,1.282788574921604
Cntnap_neg,OFT-0549-00,fast,6.357824850343845,396,1.0943641979189462,0.932314630402671,0.8519235480981284,0.8117280069458569,0.872021318674264,0.932314630402671,NaN,0.8519235480981284,NaN,0.8519235480981284,1.0943641979189462
Cntnap_neg,OFT-0549-00,medium,5.243873709304475,397,1.1601854697681688,0.9735803786524525,0.8391592586028472,0.7719486985780446,0.8727645386152485,0.9735803786524525,NaN,0.8391592586028472,NaN,0.8391592586028472,1.1601854697681688
Cntnap_neg,OFT-0582-00,slow,3.7207500421426363,398,1.0548464880386637,0.8166587065761859,0.7741967346306912,0.7529657486579435,0.7848122276170648,0.8166587065761859,NaN,0.7741967346306912,NaN,0.7741967346306912,1.0548464880386637
Cntnap_neg,OFT-0582-00,medium,4.58400759509535,399,1.1373094038677187,0.8859681385037668,0.7790036163341303,0.7255213552493118,0.8057447468765393,0.8859681385037668,NaN,0.7790036163341303,NaN,0.7790036163341303,1.1373094038677187
Cntnap_neg,OFT-0582-00,fast,5.59395265942977,400,1.1089067681437634,0.9452042157535213,0.8523748279900308,0.8059601341082855,0.8755821749309034,0.9452042157535213,NaN,0.8523748279900308,NaN,0.8523748279900308,1.1089067681437634
Cntnap_neg,OFT-0585-00,slow,4.066638758996012,401,1.109480525028245,0.9854186617923877,0.8881802244949736,0.8395610058462664,0.9124898338193271,0.9854186617923877,NaN,0.8881802244949736,NaN,0.8881802244949736,1.109480525028245
Cntnap_neg,OFT-0585-00,medium,5.3983618366219135,402,1.082808494324948,0.9137744111465722,0.8438929099057758,0.8089521592853774,0.8613632852159749,0.9137744111465722,NaN,0.8438929099057758,NaN,0.8438929099057758,1.082808494324948
Cntnap_neg,OFT-0585-00,fast,6.719991686676775,403,1.0871286491451604,0.9828444109106362,0.9040736914471661,0.8646883317154311,0.9237663713130337,0.9828444109106362,NaN,0.9040736914471661,NaN,0.9040736914471661,1.0871286491451604
Cntnap_neg,OFT-0598-00,fast,6.244767511523303,404,1.0947754207264178,0.8243510451263857,0.7529864386061965,0.7173041353461018,0.7708275902362438,0.8243510451263857,NaN,0.7529864386061965,NaN,0.7529864386061965,1.0947754207264178
Cntnap_neg,OFT-0598-00,slow,3.599549636963405,405,1.1309830733944863,0.9968534528680582,0.8814043961561183,0.8236798678001482,0.9102666603341031,0.9968534528680582,NaN,0.8814043961561183,NaN,0.8814043961561183,1.1309830733944863
Cntnap_neg,OFT-0598-00,medium,4.770641964300239,406,1.0990244078956026,0.903149941284914,0.8217742343086388,0.7810863808205015,0.8421181610527076,0.903149941284914,NaN,0.8217742343086388,NaN,0.8217742343086388,1.0990244078956026
Cntnap_neg,OFT-0606-00,fast,5.389648625707183,407,1.0981525157878704,0.789071360744484,0.718544418375588,0.6832809471911403,0.7361761539678121,0.789071360744484,NaN,0.718544418375588,NaN,0.718544418375588,1.0981525157878704
Cntnap_neg,OFT-0606-00,slow,3.4464795281601615,408,1.1095755333040265,0.955434192479838,0.8610808041475142,0.8139041099813524,0.8846691512305952,0.955434192479838,NaN,0.8610808041475142,NaN,0.8610808041475142,1.1095755333040265
Cntnap_neg,OFT-0606-00,medium,4.264305435075143,409,1.1052627083688007,0.999229879325385,0.9040654966094858,0.8564833052515362,0.9278565922884605,0.999229879325385,NaN,0.9040654966094858,NaN,0.9040654966094858,1.1052627083688007
Cntnap_neg,OFT-0612-00,fast,6.576676243672583,410,1.0396320759878335,0.7912868317936081,0.7611219873547537,0.7460395651353264,0.7686631984644673,0.7912868317936081,NaN,0.7611219873547537,NaN,0.7611219873547537,1.0396320759878335
Cntnap_neg,OFT-0612-00,slow,3.884127101189324,411,1.0944081706933682,0.9554858895357221,0.8730617288158301,0.8318496484558843,0.8936677689958032,0.9554858895357221,NaN,0.8730617288158301,NaN,0.8730617288158301,1.0944081706933682
Cntnap_neg,OFT-0612-00,medium,5.0378490808814655,412,1.0712881242521899,0.8278227392776696,0.7727358499894968,0.7451924053454103,0.78650757231154,0.8278227392776696,NaN,0.7727358499894968,NaN,0.7727358499894968,1.0712881242521899
Cntnap_neg,OFT-0642-00,slow,4.234130129646491,413,1.141429670451355,0.921049827114642,0.80692648084961,0.7498648077170942,0.8354573174158682,0.921049827114642,NaN,0.80692648084961,NaN,0.80692648084961,1.141429670451355
Cntnap_neg,OFT-0642-00,medium,5.349592041674349,414,1.1486854142245746,0.9732442982049136,0.847267917005725,0.7842797264061306,0.8787620123055222,0.9732442982049136,NaN,0.847267917005725,NaN,0.847267917005725,1.1486854142245746
Cntnap_neg,OFT-0642-00,fast,6.487350667383042,415,1.0815439626496064,0.9599871145179093,0.8876080378333372,0.8514184994910514,0.9057028070044804,0.9599871145179093,NaN,0.8876080378333372,NaN,0.8876080378333372,1.0815439626496064
Cntnap_neg,OFT-0646-00,slow,4.043378163752198,416,1.1424639666492515,0.9840279717695155,0.8613207947867143,0.7999672062953135,0.8919975890324144,0.9840279717695155,NaN,0.8613207947867143,NaN,0.8613207947867143,1.1424639666492515
Cntnap_neg,OFT-0646-00,medium,5.088286164975166,417,1.138192597788581,0.8930974657261987,0.7846628658993365,0.7304455659859052,0.8117715158560521,0.8930974657261987,NaN,0.7846628658993365,NaN,0.7846628658993365,1.138192597788581
Cntnap_neg,OFT-0646-00,fast,6.139646800478712,418,1.0933031162351379,0.8771118294821004,0.8022586018985233,0.7648319881067348,0.8209719087944176,0.8771118294821004,NaN,0.8022586018985233,NaN,0.8022586018985233,1.0933031162351379
Cntnap_neg,OFT-0651-00,slow,3.5772142728414025,419,1.1900834842315227,0.9873112116584223,0.8296150856138994,0.750767022591638,0.8690391171250301,0.9873112116584223,NaN,0.8296150856138994,NaN,0.8296150856138994,1.1900834842315227
Cntnap_neg,OFT-0651-00,medium,4.512567009882379,420,1.0817440401854825,0.8529440982582895,0.7884897596588916,0.7562625903591925,0.8046033443087413,0.8529440982582895,NaN,0.7884897596588916,NaN,0.7884897596588916,1.0817440401854825
Cntnap_neg,OFT-0651-00,fast,5.7078214647103245,421,1.1236162875824367,0.9165757929850687,0.8157373679204717,0.7653181553881729,0.8409469741866208,0.9165757929850687,NaN,0.8157373679204717,NaN,0.8157373679204717,1.1236162875824367
Cntnap_neg,OFT-0655-00,slow,4.040731954524272,422,1.128821309906161,0.9537913389157762,0.8449444837244123,0.7905210561287304,0.8721561975222532,0.9537913389157762,NaN,0.8449444837244123,NaN,0.8449444837244123,1.128821309906161
Cntnap_neg,OFT-0655-00,medium,5.274789030558295,423,1.1459485341421287,0.9237057040339921,0.8060621192953396,0.7472403269260132,0.8354730154800025,0.9237057040339921,NaN,0.8060621192953396,NaN,0.8060621192953396,1.1459485341421287
Cntnap_neg,OFT-0655-00,fast,6.5485679044399605,424,1.0883397730237903,0.8952559630893402,0.8225886669583016,0.7862550188927822,0.8407554909910612,0.8952559630893402,NaN,0.8225886669583016,NaN,0.8225886669583016,1.0883397730237903
Cntnap_neg,OFT-0663-00,fast,5.786828558362915,425,1.0947164315486666,0.8527893267189637,0.7790047743346147,0.7421124981424403,0.7974509124307019,0.8527893267189637,NaN,0.7790047743346147,NaN,0.7790047743346147,1.0947164315486666
Cntnap_neg,OFT-0663-00,medium,4.533797903819588,426,1.0708631709134886,0.9825582253929848,0.9175385353432445,0.8850286903183746,0.9337934578556797,0.9825582253929848,NaN,0.9175385353432445,NaN,0.9175385353432445,1.0708631709134886
Cntnap_neg,OFT-0663-00,slow,3.462781279433098,427,1.0769370314442333,0.8611494078427285,0.7996283744536843,0.768867857759162,0.8150086328009454,0.8611494078427285,NaN,0.7996283744536843,NaN,0.7996283744536843,1.0769370314442333
Cntnap_neg,OFT-0667-00,medium,4.811703835524566,428,1.137116568437099,0.8837603332528102,0.7771941397947334,0.723911043065695,0.8038356881592525,0.8837603332528102,NaN,0.7771941397947334,NaN,0.7771941397947334,1.137116568437099
Cntnap_neg,OFT-0667-00,fast,6.070678259137377,429,1.1256773828085247,0.7597121597765557,0.6748933321207015,0.6324839182927743,0.6960980390346649,0.7597121597765557,NaN,0.6748933321207015,NaN,0.6748933321207015,1.1256773828085247
Cntnap_neg,OFT-0667-00,slow,3.7605706459796915,430,1.088232105160437,0.9564505458807537,0.8789030771516755,0.8401293427871364,0.8982899443339449,0.9564505458807537,NaN,0.8789030771516755,NaN,0.8789030771516755,1.088232105160437
Cntnap_neg,OFT-0677-00,fast,5.950185945002851,431,1.0849527193054371,0.8316923600131227,0.7665701419187685,0.7340090328715914,0.7828506964423569,0.8316923600131227,NaN,0.7665701419187685,NaN,0.7665701419187685,1.0849527193054371
Cntnap_neg,OFT-0677-00,medium,4.837735545302123,432,1.103943929863639,0.8880471859551292,0.8044314225857668,0.7626235409010855,0.8253353634281073,0.8880471859551292,NaN,0.8044314225857668,NaN,0.8044314225857668,1.103943929863639
Cntnap_neg,OFT-0677-00,slow,3.804187200011299,433,1.1563945477612718,0.9930339665260906,0.858732833398912,0.791582266835323,0.8923081166807065,0.9930339665260906,NaN,0.858732833398912,NaN,0.858732833398912,1.1563945477612718
Cntnap_neg,OFT-0686-00,fast,6.1699482844063285,434,1.1029752314897965,0.7952392815914542,0.7209946868138815,0.6838723894250949,0.7395558355082745,0.7952392815914542,NaN,0.7209946868138815,NaN,0.7209946868138815,1.1029752314897965
Cntnap_neg,OFT-0686-00,medium,4.888533947217388,435,1.0853849480682354,0.8573747499186916,0.7899268839545309,0.756202950972451,0.8067888504455711,0.8573747499186916,NaN,0.7899268839545309,NaN,0.7899268839545309,1.0853849480682354
Cntnap_neg,OFT-0686-00,slow,3.8114611717392313,436,1.0618002909069775,0.8931200544257252,0.8411375115209587,0.8151462400685754,0.8541331472471502,0.8931200544257252,NaN,0.8411375115209587,NaN,0.8411375115209587,1.0618002909069775
Cntnap_neg,OFT-0688-00,slow,3.65183377210282,437,1.2528521147368008,0.9178160898610759,0.7325813470442125,0.6399639756357806,0.7788900327484283,0.9178160898610759,NaN,0.7325813470442125,NaN,0.7325813470442125,1.2528521147368008
Cntnap_neg,OFT-0688-00,medium,4.63916092706437,438,1.1241780085854338,0.9960220827706501,0.8860003266065988,0.8309894485245732,0.9135057656476117,0.9960220827706501,NaN,0.8860003266065988,NaN,0.8860003266065988,1.1241780085854338
Cntnap_neg,OFT-0688-00,fast,5.936649374713917,439,1.0717903932920245,0.8827850012114355,0.8236545193318486,0.7940892783920556,0.8384371398017454,0.8827850012114355,NaN,0.8236545193318486,NaN,0.8236545193318486,1.0717903932920245
Cntnap_neg,OFT-0689-00,medium,4.965833423801458,440,1.1177718059663946,0.9749408407823831,0.8722181357396791,0.8208567832183267,0.897898812000355,0.9749408407823831,NaN,0.8722181357396791,NaN,0.8722181357396791,1.1177718059663946
Cntnap_neg,OFT-0689-00,slow,4.0139161751769965,441,1.1844125997866768,0.9523700053765101,0.8040863509456421,0.7299445237302082,0.8411572645533593,0.9523700053765101,NaN,0.8040863509456421,NaN,0.8040863509456421,1.1844125997866768
Cntnap_neg,OFT-0689-00,fast,5.877512355231846,442,1.0709677827938084,0.8987351193758164,0.8391803505342684,0.8094029661134945,0.8540690427446553,0.8987351193758164,NaN,0.8391803505342684,NaN,0.8391803505342684,1.0709677827938084
Cntnap_neg,OFT-0690-00,slow,3.8638712995501705,443,1.1558948106259177,0.9639091172264651,0.8339072970701441,0.7689063869919835,0.8664077521092244,0.9639091172264651,NaN,0.8339072970701441,NaN,0.8339072970701441,1.1558948106259177
Cntnap_neg,OFT-0690-00,medium,4.722415168161894,444,1.1272958742316272,0.9974118995138868,0.8847827108333292,0.8284681164930507,0.9129400080034686,0.9974118995138868,NaN,0.8847827108333292,NaN,0.8847827108333292,1.1272958742316272
Cntnap_neg,OFT-0690-00,fast,5.63932534096193,445,1.1249568368224634,0.7978944942568835,0.7092667630791992,0.6649528974903569,0.7314236958736202,0.7978944942568835,NaN,0.7092667630791992,NaN,0.7092667630791992,1.1249568368224634
Cntnap_neg,OFT-0691-00,slow,4.0368370580694855,446,1.1465888698749624,0.7961218047655116,0.6943393797746616,0.6434481672792367,0.7197849860223742,0.7961218047655116,NaN,0.6943393797746616,NaN,0.6943393797746616,1.1465888698749624
Cntnap_neg,OFT-0691-00,fast,6.274096964455187,447,1.0507863955057648,0.9688295674665799,0.9220042927946954,0.8985916554587532,0.9337106114626665,0.9688295674665799,NaN,0.9220042927946954,NaN,0.9220042927946954,1.0507863955057648
Cntnap_neg,OFT-0691-00,medium,5.114679092755673,448,1.1076988914502741,0.9625991914873905,0.8690079938845933,0.8222123950831947,0.8924057932852925,0.9625991914873905,NaN,0.8690079938845933,NaN,0.8690079938845933,1.1076988914502741
Cntnap_neg,OFT-0692-00,slow,3.9036555997826574,449,1.1390854581799912,0.9386782688468601,0.8240630780649787,0.7667554826740379,0.8527168757604491,0.9386782688468601,NaN,0.8240630780649787,NaN,0.8240630780649787,1.1390854581799912
Cntnap_neg,OFT-0692-00,fast,7.167711328778728,450,1.0699560507979449,0.8442587017901576,0.7890592339381901,0.7614595000122064,0.802859100901182,0.8442587017901576,NaN,0.7890592339381901,NaN,0.7890592339381901,1.0699560507979449
Cntnap_neg,OFT-0692-00,medium,4.90583128670109,451,1.148490952479575,0.8921668831392049,0.7768166403166084,0.7191415189053102,0.8056542010222575,0.8921668831392049,NaN,0.7768166403166084,NaN,0.7768166403166084,1.148490952479575
Cntnap_neg,OFT-0695-00,medium,4.965534407398143,452,1.0856407446926393,0.8584995557385042,0.790776838411272,0.7569154797476558,0.8077075177430799,0.8584995557385042,NaN,0.790776838411272,NaN,0.790776838411272,1.0856407446926393
Cntnap_neg,OFT-0695-00,fast,6.439862932363941,453,1.0609469350649958,0.82209087935295,0.7748652191568723,0.7512523890588334,0.7866716342058917,0.82209087935295,NaN,0.7748652191568723,NaN,0.7748652191568723,1.0609469350649958
Cntnap_neg,OFT-0695-00,slow,3.828743157990039,454,1.098690332124873,0.784919691922336,0.714413942647786,0.679161068010511,0.7320403799664236,0.784919691922336,NaN,0.714413942647786,NaN,0.714413942647786,1.098690332124873
Cntnap_neg,OFT-0696-00,fast,5.408233549828984,455,1.0747892700923807,0.8470525322136007,0.7881103354714311,0.7586392371003461,0.8028458846569735,0.8470525322136007,NaN,0.7881103354714311,NaN,0.7881103354714311,1.0747892700923807
Cntnap_neg,OFT-0696-00,slow,3.368518781833052,456,1.1686351320659336,0.8661448405362383,0.7411593377353395,0.6786665863348902,0.7724057134355642,0.8661448405362383,NaN,0.7411593377353395,NaN,0.7411593377353395,1.1686351320659336
Cntnap_neg,OFT-0696-00,medium,4.176403148849725,457,1.1158637610297586,0.8771835388458052,0.7861027210313822,0.740562312124171,0.808872925484988,0.8771835388458052,NaN,0.7861027210313822,NaN,0.7861027210313822,1.1158637610297586
Cntnap_neg,OFT-0697-00,medium,4.785475306960225,458,1.1266410692679925,0.9986839684420606,0.886426028380921,0.8302970583503511,0.9144905133962058,0.9986839684420606,NaN,0.886426028380921,NaN,0.886426028380921,1.1266410692679925
Cntnap_neg,OFT-0697-00,fast,5.917531453997583,459,1.1256657050791414,0.9272793612616834,0.8237608706365358,0.7720016253239619,0.8496404932928227,0.9272793612616834,NaN,0.8237608706365358,NaN,0.8237608706365358,1.1256657050791414
Cntnap_neg,OFT-0697-00,slow,3.8937192361573043,460,1.0743099228628021,0.8181655114846201,0.7615730750251166,0.7332768567953649,0.7757211841399926,0.8181655114846201,NaN,0.7615730750251166,NaN,0.7615730750251166,1.0743099228628021
Cntnap_neg,OFT-0698-00,fast,6.348781063777389,461,1.0405469883855962,0.8045964528619667,0.7732437476084518,0.757567394981694,0.7810819239218305,0.8045964528619667,NaN,0.7732437476084518,NaN,0.7732437476084518,1.0405469883855962
Cntnap_neg,OFT-0698-00,medium,4.5976274905860155,462,1.1106209809935108,0.9755809173429842,0.8784103074212358,0.8298250024603614,0.9027029599016729,0.9755809173429842,NaN,0.8784103074212358,NaN,0.8784103074212358,1.1106209809935108
Cntnap_neg,OFT-0698-00,slow,3.5450560703821585,463,1.176108521007948,0.9439555819479726,0.8026092533867404,0.7319360891061244,0.8379458355270484,0.9439555819479726,NaN,0.8026092533867404,NaN,0.8026092533867404,1.176108521007948
Cntnap_neg,OFT-0699-00,fast,6.502333134835981,464,1.0376736484813012,0.9805093225624114,0.9449110748812468,0.9271119510406645,0.953810636801538,0.9805093225624114,NaN,0.9449110748812468,NaN,0.9449110748812468,1.0376736484813012
Cntnap_neg,OFT-0699-00,medium,4.814440045966204,465,1.1072308128031452,0.8701576696081079,0.785886429050104,0.7437508087711018,0.806954239189605,0.8701576696081079,NaN,0.785886429050104,NaN,0.785886429050104,1.1072308128031452
Cntnap_neg,OFT-0699-00,slow,3.8390915461919404,466,1.1248463684123389,0.8978461848962825,0.7981945002529945,0.7483686579313507,0.8231074214138164,0.8978461848962825,NaN,0.7981945002529945,NaN,0.7981945002529945,1.1248463684123389
Cntnap_neg,OFT-0700-00,fast,5.6696028775149205,467,1.1158757765305551,0.8401377443936792,0.7528954047248954,0.7092742348905033,0.7747059896420911,0.8401377443936792,NaN,0.7528954047248954,NaN,0.7528954047248954,1.1158757765305551
Cntnap_neg,OFT-0700-00,slow,3.346868026075389,468,1.096663069635681,0.8658910502496915,0.7895688969788565,0.751407820343439,0.8086494352965652,0.8658910502496915,NaN,0.7895688969788565,NaN,0.7895688969788565,1.096663069635681
Cntnap_neg,OFT-0700-00,medium,4.274661005277629,469,1.1168008799414528,0.8933123741271793,0.7998850915787337,0.7531714503045108,0.8232419122158451,0.8933123741271793,NaN,0.7998850915787337,NaN,0.7998850915787337,1.1168008799414528
Cntnap_neg,OFT-0701-00,fast,6.115607431163736,470,1.085951763797702,0.7796401913468077,0.7179326166572202,0.6870788293124263,0.733359510329617,0.7796401913468077,NaN,0.7179326166572202,NaN,0.7179326166572202,1.085951763797702
Cntnap_neg,OFT-0701-00,medium,4.867667772513428,471,1.1188234094116154,0.9802764749221227,0.8761672902765291,0.8241126979537325,0.9021945864379275,0.9802764749221227,NaN,0.8761672902765291,NaN,0.8761672902765291,1.1188234094116154
Cntnap_neg,OFT-0701-00,slow,3.698913598733187,472,1.1001417485085991,0.8742816561157907,0.7946990988215887,0.7549078201744878,0.814594738145139,0.8742816561157907,NaN,0.7946990988215887,NaN,0.7946990988215887,1.1001417485085991
Cntnap_neg,OFT-0703-00,fast,6.27139383083509,473,1.1071507764966602,0.7171039433776398,0.6477021545762364,0.6130012601755346,0.6650526017765872,0.7171039433776398,NaN,0.6477021545762364,NaN,0.6477021545762364,1.1071507764966602
Cntnap_neg,OFT-0703-00,slow,3.725405333675922,474,1.0979354378842656,0.9909338199449716,0.9025428870886185,0.858347420660442,0.9246406203027069,0.9909338199449716,NaN,0.9025428870886185,NaN,0.9025428870886185,1.0979354378842656
Cntnap_neg,OFT-0703-00,medium,4.937976936845882,475,1.1077382231255282,0.9116555778550833,0.8229882826312612,0.7786546350193504,0.8451551064372168,0.9116555778550833,NaN,0.8229882826312612,NaN,0.8229882826312612,1.1077382231255282
Cntnap_neg,OFT-0704-00,fast,5.892844422027875,476,1.1196676095657072,0.7851148637794457,0.7012035152860886,0.6592478410394103,0.7221813524094279,0.7851148637794457,NaN,0.7012035152860886,NaN,0.7012035152860886,1.1196676095657072
Cntnap_neg,OFT-0704-00,slow,3.361044649937702,477,1.1100634758077694,0.8135149707549939,0.7328544614649325,0.6925242068199015,0.7530195887874477,0.8135149707549939,NaN,0.7328544614649325,NaN,0.7328544614649325,1.1100634758077694
Cntnap_neg,OFT-0704-00,medium,4.3103325952829765,478,1.0936605425755814,0.9601594131162448,0.8779318405828739,0.8368180543161883,0.8984887337162166,0.9601594131162448,NaN,0.8779318405828739,NaN,0.8779318405828739,1.0936605425755814
Cntnap_neg,OFT-0705-00,fast,6.244479647494012,479,1.0942264430538706,0.8182182652996097,0.7477595432770284,0.7125301822657378,0.7653742237826737,0.8182182652996097,NaN,0.7477595432770284,NaN,0.7477595432770284,1.0942264430538706
Cntnap_neg,OFT-0705-00,medium,4.9571154556770605,480,1.1010779368988493,0.9975016822276932,0.9059319497738051,0.860147083546861,0.9288243828872771,0.9975016822276932,NaN,0.9059319497738051,NaN,0.9059319497738051,1.1010779368988493
Cntnap_neg,OFT-0705-00,slow,3.727524030032942,481,1.1622529911497206,0.9879065364420984,0.8499926814254479,0.7810357539171228,0.8844711451796106,0.9879065364420984,NaN,0.8499926814254479,NaN,0.8499926814254479,1.1622529911497206
Cntnap_neg,OFT-0706-00,fast,5.201702426023587,482,1.0859431566005253,0.8929255312251911,0.8222580765833422,0.7869243492624174,0.8399249402438043,0.8929255312251911,NaN,0.8222580765833422,NaN,0.8222580765833422,1.0859431566005253
Cntnap_neg,OFT-0706-00,medium,4.146110397793115,483,1.0481036342694512,0.9362793033558159,0.8933079446942486,0.8718222653634647,0.9040507843596401,0.9362793033558159,NaN,0.8933079446942486,NaN,0.8933079446942486,1.0481036342694512
Cntnap_neg,OFT-0706-00,slow,3.372057009507776,484,1.1314367334023332,0.9188479663731868,0.8121072431598781,0.7587368815532235,0.8387924239632053,0.9188479663731868,NaN,0.8121072431598781,NaN,0.8121072431598781,1.1314367334023332
Cntnap_neg,OFT-0707-00,fast,6.876719463289083,485,1.1004845515610735,0.7813969101070277,0.7100480501962435,0.6743736202408513,0.7278852651739395,0.7813969101070277,NaN,0.7100480501962435,NaN,0.7100480501962435,1.1004845515610735
Cntnap_neg,OFT-0707-00,slow,3.8838770191093936,486,1.1574497846050964,0.9638568594240022,0.8327418366170027,0.7671843252135029,0.8655205923187526,0.9638568594240022,NaN,0.8327418366170027,NaN,0.8327418366170027,1.1574497846050964
Cntnap_neg,OFT-0707-00,medium,5.143082991574786,487,1.141141017097593,0.7709777190107728,0.6756200219423337,0.6279411734081143,0.6994594462094434,0.7709777190107728,NaN,0.6756200219423337,NaN,0.6756200219423337,1.141141017097593
Cntnap_neg,OFT-0709-00,fast,6.454265398061236,488,1.0694198134082238,0.7105727713151121,0.6644469855580177,0.6413840926794705,0.6759784319972912,0.7105727713151121,NaN,0.6644469855580177,NaN,0.6644469855580177,1.0694198134082238
Cntnap_neg,OFT-0709-00,slow,3.696931819014133,489,1.1864672314997176,0.959700726409786,0.8088725090171313,0.7334584003208039,0.846579563365295,0.959700726409786,NaN,0.8088725090171313,NaN,0.8088725090171313,1.1864672314997176
Cntnap_neg,OFT-0709-00,medium,4.977523315695119,490,1.1072151021895271,0.936712647348596,0.8460078312662453,0.8006554232250699,0.868684035286833,0.936712647348596,NaN,0.8460078312662453,NaN,0.8460078312662453,1.1072151021895271
Cntnap_neg,OFT-0710-00,fast,6.135802921326049,491,1.0607701402148564,0.8022986147055806,0.7563359716583623,0.7333546501347532,0.7678266324201668,0.8022986147055806,NaN,0.7563359716583623,NaN,0.7563359716583623,1.0607701402148564
Cntnap_neg,OFT-0710-00,medium,4.507330903387227,492,1.0556472070721568,0.9903701694964596,0.9381639650648598,0.9120608628490599,0.9512155161727596,0.9903701694964596,NaN,0.9381639650648598,NaN,0.9381639650648598,1.0556472070721568
Cntnap_neg,OFT-0710-00,slow,3.4904000334883705,493,1.1082661509253535,0.9652048318196351,0.8709142934788106,0.8237690243083984,0.8944869280640168,0.9652048318196351,NaN,0.8709142934788106,NaN,0.8709142934788106,1.1082661509253535
Cntnap_neg,OFT-0711-00,fast,6.616313700238676,494,1.0638226396618935,0.8567745121104564,0.8053734524607958,0.7796729226359655,0.818223717373211,0.8567745121104564,NaN,0.8053734524607958,NaN,0.8053734524607958,1.0638226396618935
Cntnap_neg,OFT-0711-00,medium,5.139954179396362,495,1.0919874509512977,0.9545441388320945,0.874134714643957,0.8339300025498881,0.8942370706909915,0.9545441388320945,NaN,0.874134714643957,NaN,0.874134714643957,1.0919874509512977
Cntnap_neg,OFT-0711-00,slow,3.8744944654610993,496,1.084544108341209,0.9204035791200916,0.8486548145356969,0.8127804322434997,0.8665920056817957,0.9204035791200916,NaN,0.8486548145356969,NaN,0.8486548145356969,1.084544108341209
TSC_het,OFT-0361-00,slow,3.419626891953628,497,1.179771024801069,0.8349199380304838,0.7076965957621026,0.6440849246279121,0.739502431329198,0.8349199380304838,NaN,0.7076965957621026,NaN,0.7076965957621026,1.179771024801069
TSC_het,OFT-0361-00,fast,5.118090242377209,498,1.1197903147843782,0.8968857266808088,0.8009407786791843,0.7529683046783722,0.8249270156795905,0.8968857266808088,NaN,0.8009407786791843,NaN,0.8009407786791843,1.1197903147843782
TSC_het,OFT-0361-00,medium,4.187573076382086,499,1.1385696566680648,0.8257118427354966,0.7252185563699965,0.6749719131872463,0.7503418779613713,0.8257118427354966,NaN,0.7252185563699965,NaN,0.7252185563699965,1.1385696566680648
TSC_het,OFT-0373-00,fast,4.815349727651607,500,1.0781326907618967,0.9012940621562544,0.8359769348236036,0.8033183711572786,0.8523062166567663,0.9012940621562544,NaN,0.8359769348236036,NaN,0.8359769348236036,1.0781326907618967
TSC_het,OFT-0373-00,medium,3.9491578992332546,501,1.0361919969682745,0.7364842717725484,0.7107604323594265,0.6978985126528657,0.717191392212707,0.7364842717725484,NaN,0.7107604323594265,NaN,0.7107604323594265,1.0361919969682745
TSC_het,OFT-0373-00,slow,3.243045822443131,502,1.047373202022373,0.9351198883278579,0.8928239585681922,0.8716759936883591,0.9033979410081086,0.9351198883278579,NaN,0.8928239585681922,NaN,0.8928239585681922,1.047373202022373
TSC_het,OFT-0378-00,fast,4.879893136600591,503,1.0793047229564967,0.8371096511925066,0.7756008413448291,0.7448464364209902,0.7909780438067484,0.8371096511925066,NaN,0.7756008413448291,NaN,0.7756008413448291,1.0793047229564967
TSC_het,OFT-0378-00,slow,3.241132876983076,504,1.1289063863106157,0.7820660464777165,0.6927643035429981,0.6481134320756388,0.7150897392766776,0.7820660464777165,NaN,0.6927643035429981,NaN,0.6927643035429981,1.1289063863106157
TSC_het,OFT-0378-00,medium,4.020306750414915,505,1.123020132224793,0.922774905877503,0.8216904393774419,0.7711482061274111,0.846961556002457,0.922774905877503,NaN,0.8216904393774419,NaN,0.8216904393774419,1.123020132224793
TSC_het,OFT-0387-00,fast,5.933890611763947,506,1.1559533574726832,0.8359513027716133,0.7231704440041544,0.6667800146204249,0.7513656586960191,0.8359513027716133,NaN,0.7231704440041544,NaN,0.7231704440041544,1.1559533574726832
TSC_het,OFT-0387-00,medium,4.645958662225913,507,1.0583452861974436,0.7887727782293569,0.7452886959636388,0.7235466548307797,0.7561597165300683,0.7887727782293569,NaN,0.7452886959636388,NaN,0.7452886959636388,1.0583452861974436
TSC_het,OFT-0387-00,slow,3.5662141756815373,508,1.0922595684767282,0.9597904096255212,0.8787200747200142,0.8381849072672607,0.898987658446391,0.9597904096255212,NaN,0.8787200747200142,NaN,0.8787200747200142,1.0922595684767282
TSC_het,OFT-0392-00,fast,4.437565651605549,509,1.0572185228295303,0.9537237727910675,0.9021065675604412,0.8762979649451286,0.915010868868098,0.9537237727910675,NaN,0.9021065675604412,NaN,0.9021065675604412,1.0572185228295303
TSC_het,OFT-0392-00,slow,3.0405277229795646,510,1.091441966297547,0.9208822188683938,0.8437298979736543,0.8051537375262843,0.8630179781973392,0.9208822188683938,NaN,0.8437298979736543,NaN,0.8437298979736543,1.091441966297547
TSC_het,OFT-0392-00,medium,3.6098206860536055,511,1.071083764200107,0.7911162114556876,0.7386128311323054,0.7123611409706142,0.7517386762131508,0.7911162114556876,NaN,0.7386128311323054,NaN,0.7386128311323054,1.071083764200107
TSC_het,OFT-0393-00,slow,4.21206983165804,512,1.0660277547954766,0.9642047308655834,0.9044837027255183,0.8746231886554856,0.9194139597605345,0.9642047308655834,NaN,0.9044837027255183,NaN,0.9044837027255183,1.0660277547954766
TSC_het,OFT-0393-00,fast,6.274401346043543,513,1.0691235572755171,0.9472544391440878,0.8860102583072883,0.8553881678888884,0.9013213035164882,0.9472544391440878,NaN,0.8860102583072883,NaN,0.8860102583072883,1.0691235572755171
TSC_het,OFT-0393-00,medium,5.285607897765083,514,1.031665341963852,0.9853371895967031,0.9550938172654325,0.9399721310997975,0.9626546603482502,0.9853371895967031,NaN,0.9550938172654325,NaN,0.9550938172654325,1.031665341963852
TSC_het,OFT-0396-00,fast,4.134170868281322,515,1.0523482262544475,0.9984569066596808,0.9487894612731202,0.92395573857984,0.9612063226197604,0.9984569066596808,NaN,0.9487894612731202,NaN,0.9487894612731202,1.0523482262544475
TSC_het,OFT-0396-00,slow,2.9221365192339483,516,0.9269467843482628,0.6540535480857971,0.7055998889360868,0.7313730593612318,0.6927133037235145,0.6540535480857971,NaN,0.7055998889360868,NaN,0.7055998889360868,0.9269467843482628
TSC_het,OFT-0396-00,medium,3.505749107755291,517,1.0099054930956737,0.9465951568245883,0.9373106328226618,0.9326683708216983,0.9396317638231432,0.9465951568245883,NaN,0.9373106328226618,NaN,0.9373106328226618,1.0099054930956737
TSC_het,OFT-0397-00,medium,4.07481020871557,518,1.0927801996370652,0.9923081050813629,0.9080582768711666,0.8659333627660686,0.9291207339237157,0.9923081050813629,NaN,0.9080582768711666,NaN,0.9080582768711666,1.0927801996370652
TSC_het,OFT-0397-00,fast,4.846362924895332,519,1.0122837042545492,0.7543326334642275,0.7451790741012885,0.740602294419819,0.7474674639420232,0.7543326334642275,NaN,0.7451790741012885,NaN,0.7451790741012885,1.0122837042545492
TSC_het,OFT-0397-00,slow,3.0640706501330524,520,1.0801943057223327,0.9541808150105324,0.8833418302205044,0.8479223378254903,0.9010515764180114,0.9541808150105324,NaN,0.8833418302205044,NaN,0.8833418302205044,1.0801943057223327
TSC_het,OFT-0408-00,slow,2.8074135073542275,521,1.0684186938204365,0.8308654236549964,0.7776590099561057,0.7510558031066603,0.7909606133808285,0.8308654236549964,NaN,0.7776590099561057,NaN,0.7776590099561057,1.0684186938204365
TSC_het,OFT-0408-00,fast,4.139571536590126,522,1.0936568647069782,0.9164686721327391,0.8379855708931953,0.7987440202734233,0.8576063462030812,0.9164686721327391,NaN,0.8379855708931953,NaN,0.8379855708931953,1.0936568647069782
TSC_het,OFT-0408-00,medium,3.3498253722765177,523,1.090191825286042,0.8773091385323586,0.8047291478287981,0.7684391524770178,0.8228741455046882,0.8773091385323586,NaN,0.8047291478287981,NaN,0.8047291478287981,1.090191825286042
TSC_het,OFT-0409-00,fast,5.302853773996912,524,1.0428632421885804,0.8636347118494123,0.8281380308667948,0.8103896903754861,0.8370122011124492,0.8636347118494123,NaN,0.8281380308667948,NaN,0.8281380308667948,1.0428632421885804
TSC_het,OFT-0409-00,slow,3.5005225894615983,525,1.1318426978171507,0.8796331014597032,0.7771690387331615,0.7259370073698906,0.8027850544147969,0.8796331014597032,NaN,0.7771690387331615,NaN,0.7771690387331615,1.1318426978171507
TSC_het,OFT-0409-00,medium,4.267083575546266,526,1.0536968931380744,0.8653744962539123,0.8212746017279139,0.7992246544649144,0.8322995753594133,0.8653744962539123,NaN,0.8212746017279139,NaN,0.8212746017279139,1.0536968931380744
TSC_het,OFT-0413-00,fast,5.3406544296555625,527,1.0772094198363924,0.8234504221516435,0.7644292808697403,0.7349187102287884,0.7791845661902161,0.8234504221516435,NaN,0.7644292808697403,NaN,0.7644292808697403,1.0772094198363924
TSC_het,OFT-0413-00,medium,4.197026629814942,528,1.0397463856854008,0.9064023708888171,0.8717533269339683,0.8544288049565438,0.8804155879226806,0.9064023708888171,NaN,0.8717533269339683,NaN,0.8717533269339683,1.0397463856854008
TSC_het,OFT-0413-00,slow,3.402293158043908,529,1.025165704806459,0.8847319994772256,0.8630136526506748,0.8521544792373994,0.8684432393573125,0.8847319994772256,NaN,0.8630136526506748,NaN,0.8630136526506748,1.025165704806459
TSC_het,OFT-0459-00,slow,3.2960308145308645,530,1.1226643923979118,0.884944192252031,0.7882535495419681,0.7399082281869367,0.8124262102194838,0.884944192252031,NaN,0.7882535495419681,NaN,0.7882535495419681,1.1226643923979118
TSC_het,OFT-0459-00,fast,4.765729932380107,531,1.0233457794128094,0.8779449870220595,0.8579162631870333,0.8479019012695199,0.8629234441457897,0.8779449870220595,NaN,0.8579162631870333,NaN,0.8579162631870333,1.0233457794128094
TSC_het,OFT-0459-00,medium,3.964677377806075,532,1.0673197420523641,0.8405146202859101,0.787500303020417,0.7609931443876705,0.8007538823367903,0.8405146202859101,NaN,0.787500303020417,NaN,0.787500303020417,1.0673197420523641
TSC_het,OFT-0462-00,slow,3.4480126053628526,533,1.1137687984874227,0.9115624960917771,0.8184485840595856,0.7718916280434897,0.8417270620676334,0.9115624960917771,NaN,0.8184485840595856,NaN,0.8184485840595856,1.1137687984874227
TSC_het,OFT-0462-00,fast,5.235411257322123,534,1.1897703131152098,0.9548933912299213,0.8025863317514593,0.7264328020122282,0.8406630966210749,0.9548933912299213,NaN,0.8025863317514593,NaN,0.8025863317514593,1.1897703131152098
TSC_het,OFT-0462-00,medium,4.215208677523861,535,1.1304461843941527,0.8694320964556391,0.7691052510576605,0.718941828358671,0.7941869624071551,0.8694320964556391,NaN,0.7691052510576605,NaN,0.7691052510576605,1.1304461843941527
TSC_het,OFT-0467-00,slow,3.0629231313780947,536,1.1583003277416304,0.7875782959698351,0.6799430830736255,0.6261254766255206,0.7068518862976778,0.7875782959698351,NaN,0.6799430830736255,NaN,0.6799430830736255,1.1583003277416304
TSC_het,OFT-0467-00,fast,4.774832708579599,537,1.078619701504587,0.9064635191088253,0.8403921399214034,0.8073564503276924,0.856909984718259,0.9064635191088253,NaN,0.8403921399214034,NaN,0.8403921399214034,1.078619701504587
TSC_het,OFT-0467-00,medium,3.81363962150172,538,1.1121426019899832,0.8929909231817427,0.8029464221439704,0.7579241716250844,0.8254575474034135,0.8929909231817427,NaN,0.8029464221439704,NaN,0.8029464221439704,1.1121426019899832
TSC_het,OFT-0470-00,medium,3.9841189940505752,539,1.0214244106122543,0.9699483586537958,0.9496036599246702,0.9394313105601075,0.9546898346069517,0.9699483586537958,NaN,0.9496036599246702,NaN,0.9496036599246702,1.0214244106122543
TSC_het,OFT-0470-00,fast,4.959452478403523,540,1.056750654860407,0.9204139779570805,0.8709850083591041,0.8462705235601158,0.8833422507585982,0.9204139779570805,NaN,0.8709850083591041,NaN,0.8709850083591041,1.056750654860407
TSC_het,OFT-0470-00,slow,3.2586587032652945,541,0.9773977091818701,0.6648140728396876,0.6801878770476858,0.6878747791516849,0.6763444259956861,0.6648140728396876,NaN,0.6801878770476858,NaN,0.6801878770476858,0.9773977091818701
TSC_het,OFT-0475-00,slow,3.00321683317995,542,1.032021783835945,0.8723006241010669,0.8452347012083341,0.8317017397619679,0.8520011819315174,0.8723006241010669,NaN,0.8452347012083341,NaN,0.8452347012083341,1.032021783835945
TSC_het,OFT-0475-00,fast,4.346519400390236,543,1.0253822438059867,0.9719662064848972,0.9479062197109819,0.9358762263240243,0.9539212164044607,0.9719662064848972,NaN,0.9479062197109819,NaN,0.9479062197109819,1.0253822438059867
TSC_het,OFT-0475-00,medium,3.537839775933996,544,1.0568033044296035,0.8853122787496218,0.8377266375292592,0.8139338169190777,0.8496230478343497,0.8853122787496218,NaN,0.8377266375292592,NaN,0.8377266375292592,1.0568033044296035
TSC_het,OFT-0480-00,fast,4.942616544683189,545,1.1206850297998474,0.848426814745509,0.7570608977413008,0.7113779392391966,0.7799023769923528,0.848426814745509,NaN,0.7570608977413008,NaN,0.7570608977413008,1.1206850297998474
TSC_het,OFT-0480-00,slow,3.147947195323722,546,1.0467440638948842,0.9322909039332002,0.8906579326222216,0.8698414469667324,0.9010661754499663,0.9322909039332002,NaN,0.8906579326222216,NaN,0.8906579326222216,1.0467440638948842
TSC_het,OFT-0480-00,medium,3.9305116481609623,547,1.0820863727172492,0.9977764815785156,0.9220858027007389,0.8842404632618506,0.941008472420183,0.9977764815785156,NaN,0.9220858027007389,NaN,0.9220858027007389,1.0820863727172492
TSC_het,OFT-0485-00,fast,4.602552081524757,548,1.0454711223241793,0.8544131011218769,0.8172517469659394,0.7986710698879709,0.8265420855049238,0.8544131011218769,NaN,0.8172517469659394,NaN,0.8172517469659394,1.0454711223241793
TSC_het,OFT-0485-00,medium,3.8271392356465626,549,1.0458428264649888,0.8535168133977548,0.8161042862269206,0.7973980226415036,0.8254574180196292,0.8535168133977548,NaN,0.8161042862269206,NaN,0.8161042862269206,1.0458428264649888
TSC_het,OFT-0485-00,slow,3.113407969145154,550,1.015887931856892,0.858717069614141,0.8452872041156487,0.8385722713664028,0.8486446704902717,0.858717069614141,NaN,0.8452872041156487,NaN,0.8452872041156487,1.015887931856892
TSC_het,OFT-0489-00,medium,3.933588033947638,551,1.0713213866272617,0.9435361831496544,0.8807218776058404,0.8493147248339331,0.8964254539917937,0.9435361831496544,NaN,0.8807218776058404,NaN,0.8807218776058404,1.0713213866272617
TSC_het,OFT-0489-00,fast,4.847693272093236,552,1.003676487973484,0.7927142860407234,0.7898105570264847,0.7883586925193653,0.7905364892800443,0.7927142860407234,NaN,0.7898105570264847,NaN,0.7898105570264847,1.003676487973484
TSC_het,OFT-0489-00,slow,3.2481572132971808,553,0.997675742381587,0.7896258330376782,0.791465402529217,0.7923851872749865,0.7910055101563322,0.7896258330376782,NaN,0.791465402529217,NaN,0.791465402529217,0.997675742381587
TSC_het,OFT-0513-00,slow,3.0370197524981504,554,1.0742506185885232,0.8099459677776372,0.7539636968902466,0.7259725614465513,0.7679592646120941,0.8099459677776372,NaN,0.7539636968902466,NaN,0.7539636968902466,1.0742506185885232
TSC_het,OFT-0513-00,fast,4.4749657241234315,555,1.0770091405848967,0.9714772972484517,0.902013976149605,0.8672823156001817,0.9193798064243168,0.9714772972484517,NaN,0.902013976149605,NaN,0.902013976149605,1.0770091405848967
TSC_het,OFT-0513-00,medium,3.661723614498213,556,1.059856099956103,0.9039148513582875,0.8528656403409158,0.8273410348322298,0.8656279430952587,0.9039148513582875,NaN,0.8528656403409158,NaN,0.8528656403409158,1.059856099956103
TSC_het,OFT-0514-00,slow,3.423675869620811,557,1.0608187823969277,0.9064448440732598,0.8544766166612746,0.828492502955282,0.8674686735142709,0.9064448440732598,NaN,0.8544766166612746,NaN,0.8544766166612746,1.0608187823969277
TSC_het,OFT-0514-00,medium,4.240947024902,558,1.1521181219620786,0.9574992782970251,0.8310773522652225,0.7678663892493212,0.8626828337731731,0.9574992782970251,NaN,0.8310773522652225,NaN,0.8310773522652225,1.1521181219620786
TSC_het,OFT-0514-00,fast,5.242410591116326,559,1.0472413557805298,0.9944700608746875,0.9496092332349586,0.9271788194150941,0.9608244401448907,0.9944700608746875,NaN,0.9496092332349586,NaN,0.9496092332349586,1.0472413557805298
TSC_het,OFT-0525-00,slow,3.4445964113107994,560,1.002205615344693,0.6944040461056329,0.6928758285462245,0.6921117197665202,0.6932578829360766,0.6944040461056329,NaN,0.6928758285462245,NaN,0.6928758285462245,1.002205615344693
TSC_het,OFT-0525-00,medium,4.5491740512797705,561,1.0791289647583693,0.9881622047729686,0.9157035322411448,0.879474195975233,0.9338182003741007,0.9881622047729686,NaN,0.9157035322411448,NaN,0.9157035322411448,1.0791289647583693
TSC_het,OFT-0525-00,fast,5.7575463184741125,562,1.0342744845938316,0.9475134863747752,0.9161141461851607,0.9004144760903536,0.9239639812325644,0.9475134863747752,NaN,0.9161141461851607,NaN,0.9161141461851607,1.0342744845938316
TSC_het,OFT-0526-00,medium,3.7827008062466962,563,1.0214390174592447,0.7942690132825223,0.7775980745852148,0.7692626052365611,0.7817658092595416,0.7942690132825223,NaN,0.7775980745852148,NaN,0.7775980745852148,1.0214390174592447
TSC_het,OFT-0526-00,fast,4.54378922686998,564,1.1211144960335535,0.9169018486617488,0.8178485354579763,0.7683218788560902,0.8426118637589195,0.9169018486617488,NaN,0.8178485354579763,NaN,0.8178485354579763,1.1211144960335535
TSC_het,OFT-0526-00,slow,3.0748923598629636,565,1.081218193225851,0.844796745352266,0.7813378933550741,0.7496084673564782,0.7972026063543721,0.844796745352266,NaN,0.7813378933550741,NaN,0.7813378933550741,1.081218193225851
TSC_het,OFT-0531-00,medium,4.169105149091265,566,1.1664914465242864,0.8851990267734846,0.758855994539052,0.6956844784218356,0.7904417525976601,0.8851990267734846,NaN,0.758855994539052,NaN,0.758855994539052,1.1664914465242864
TSC_het,OFT-0531-00,fast,5.267694181565763,567,1.025918413671039,0.9780612457922856,0.9533518774582607,0.9409971932912483,0.9595292195417668,0.9780612457922856,NaN,0.9533518774582607,NaN,0.9533518774582607,1.025918413671039
TSC_het,OFT-0531-00,slow,3.405130559504288,568,1.027415572564126,0.7052076214068292,0.6863898506490798,0.6769809652702052,0.6910942933385171,0.7052076214068292,NaN,0.6863898506490798,NaN,0.6863898506490798,1.027415572564126
TSC_het,OFT-0532-00,medium,3.598450416898007,569,0.9945009753450326,0.8255967943614438,0.8301618749795705,0.8324444152886337,0.8290206048250388,0.8255967943614438,NaN,0.8301618749795705,NaN,0.8301618749795705,0.9945009753450326
TSC_het,OFT-0532-00,slow,2.959640703142746,570,0.9999312302921864,0.7351466603122973,0.7351972196102752,0.7352224992592642,0.7351845797857808,0.7351466603122973,NaN,0.7351972196102752,NaN,0.7351972196102752,0.9999312302921864
TSC_het,OFT-0532-00,fast,4.3421238682530925,571,1.053670930012076,0.9219754616527555,0.8750127154425612,0.8515313423374641,0.8867534019951099,0.9219754616527555,NaN,0.8750127154425612,NaN,0.8750127154425612,1.053670930012076
TSC_het,OFT-0536-00,medium,4.140733878079817,572,1.0603529943874241,0.9274228787572244,0.8746359784582919,0.8482425283088257,0.887832703533025,0.9274228787572244,NaN,0.8746359784582919,NaN,0.8746359784582919,1.0603529943874241
TSC_het,OFT-0536-00,fast,5.250774305660139,573,1.0568989110660079,0.8519066753045637,0.8060436683062856,0.7831121648071466,0.817509420055855,0.8519066753045637,NaN,0.8060436683062856,NaN,0.8060436683062856,1.0568989110660079
TSC_het,OFT-0536-00,slow,3.3220375824962285,574,1.0657262816249502,0.9046188928386527,0.8488285486019436,0.8209333764835888,0.8627761346611208,0.9046188928386527,NaN,0.8488285486019436,NaN,0.8488285486019436,1.0657262816249502
TSC_het,OFT-0537-00,medium,3.984304277650441,575,1.1108989295688168,0.8876534346429569,0.7990406786938663,0.7547343007193212,0.821193867681139,0.8876534346429569,NaN,0.7990406786938663,NaN,0.7990406786938663,1.1108989295688168
TSC_het,OFT-0537-00,fast,4.772200724887549,576,1.0206685005920895,0.8825676102208141,0.8646956477140589,0.8557596664606812,0.8691636383407476,0.8825676102208141,NaN,0.8646956477140589,NaN,0.8646956477140589,1.0206685005920895
TSC_het,OFT-0537-00,slow,3.2264977531199066,577,1.0308996342838443,0.9909750404546358,0.96127208459343,0.9464206066628273,0.9686978235587316,0.9909750404546358,NaN,0.96127208459343,NaN,0.96127208459343,1.0308996342838443
TSC_het,OFT-0544-00,medium,4.17626279223367,578,1.1043730842236774,0.9119963840304548,0.8258046099263144,0.7827087228742442,0.8473525534523496,0.9119963840304548,NaN,0.8258046099263144,NaN,0.8258046099263144,1.1043730842236774
TSC_het,OFT-0544-00,fast,5.112103156141091,579,1.109073488064154,0.9317559766705557,0.8401210440048482,0.7943035776719947,0.863029777171275,0.9317559766705557,NaN,0.8401210440048482,NaN,0.8401210440048482,1.109073488064154
TSC_het,OFT-0544-00,slow,3.4096558945317392,580,1.0735175540228148,0.9216474723966583,0.8585304161473183,0.8269718880226484,0.8743096802096533,0.9216474723966583,NaN,0.8585304161473183,NaN,0.8585304161473183,1.0735175540228148
TSC_het,OFT-0588-00,slow,3.2751089797361885,581,1.0347312084949851,0.7917640774614738,0.7651881676721565,0.7519002127774976,0.7718321451194858,0.7917640774614738,NaN,0.7651881676721565,NaN,0.7651881676721565,1.0347312084949851
TSC_het,OFT-0588-00,medium,4.086668893842042,582,1.0985726342184112,0.9152863596793264,0.8331596211028091,0.7920962518145502,0.8536913057469383,0.9152863596793264,NaN,0.8331596211028091,NaN,0.8331596211028091,1.0985726342184112
TSC_het,OFT-0588-00,fast,5.031387084227271,583,1.0611832868235527,0.9439994263411822,0.8895724594069533,0.8623589759398389,0.9031792011405105,0.9439994263411822,NaN,0.8895724594069533,NaN,0.8895724594069533,1.0611832868235527
TSC_het,OFT-0589-00,slow,3.3225275363309135,584,1.067603185775034,0.9566548069201035,0.8960771377106872,0.8657883031059792,0.9112215550130414,0.9566548069201035,NaN,0.8960771377106872,NaN,0.8960771377106872,1.067603185775034
TSC_het,OFT-0589-00,medium,4.021713796513256,585,1.157538694187872,0.8983502489815742,0.7760865822389253,0.714954748867601,0.8066524989245876,0.8983502489815742,NaN,0.7760865822389253,NaN,0.7760865822389253,1.157538694187872
TSC_het,OFT-0589-00,fast,4.892822606499282,586,1.0886016357165036,0.922123117239971,0.8470712214510329,0.8095452735565638,0.8658341953982674,0.922123117239971,NaN,0.8470712214510329,NaN,0.8470712214510329,1.0886016357165036
TSC_het,OFT-0591-00,slow,3.290860541171443,587,1.077407559222499,0.9289766882940034,0.8622333121222862,0.8288616240364275,0.8789191561652154,0.9289766882940034,NaN,0.8622333121222862,NaN,0.8622333121222862,1.077407559222499
TSC_het,OFT-0591-00,fast,4.749665310871011,588,1.1031475625215457,0.9377172352964455,0.8500378980605605,0.8061982294426181,0.8719577323695318,0.9377172352964455,NaN,0.8500378980605605,NaN,0.8500378980605605,1.1031475625215457
TSC_het,OFT-0591-00,medium,4.005766349865509,589,1.0759518743489582,0.9488931936188434,0.881910442502834,0.8484190669448293,0.8986561302818363,0.9488931936188434,NaN,0.881910442502834,NaN,0.881910442502834,1.0759518743489582
TSC_het,OFT-0592-00,fast,4.68085535017843,590,1.0622935484851026,0.9163408011008787,0.8626060116882365,0.8357386169819152,0.8760397090413969,0.9163408011008787,NaN,0.8626060116882365,NaN,0.8626060116882365,1.0622935484851026
TSC_het,OFT-0592-00,medium,3.778605257456572,591,1.037400264725072,0.8211098391085847,0.7915072581229697,0.776705967630162,0.7989079033693733,0.8211098391085847,NaN,0.7915072581229697,NaN,0.7915072581229697,1.037400264725072
TSC_het,OFT-0592-00,slow,3.135520727059829,592,1.0774913602856213,0.9809594080915793,0.9104104629029663,0.8751359903086597,0.9280476992001194,0.9809594080915793,NaN,0.9104104629029663,NaN,0.9104104629029663,1.0774913602856213
TSC_het,OFT-0594-00,medium,3.770236669281564,593,1.139516659166927,0.8699939610436824,0.7634762985209131,0.7102174672595287,0.7901057141516055,0.8699939610436824,NaN,0.7634762985209131,NaN,0.7634762985209131,1.139516659166927
TSC_het,OFT-0594-00,slow,2.9868614215034555,594,1.0646775970933822,0.9600780533090698,0.9017547245571111,0.8725930601811316,0.9163355567451008,0.9600780533090698,NaN,0.9017547245571111,NaN,0.9017547245571111,1.0646775970933822
TSC_het,OFT-0594-00,fast,4.581509709528583,595,1.0974764323389103,0.9069320012775337,0.8263794780036471,0.7861032163667041,0.8465176088221187,0.9069320012775337,NaN,0.8263794780036471,NaN,0.8263794780036471,1.0974764323389103
TSC_het,OFT-0595-00,fast,4.576833452162426,596,1.0962188510902482,0.8862294229836558,0.8084420570785235,0.7695483741259572,0.8278888985548066,0.8862294229836558,NaN,0.8084420570785235,NaN,0.8084420570785235,1.0962188510902482
TSC_het,OFT-0595-00,medium,3.744264129730356,597,1.0296878746322307,0.8142316325360061,0.7907557742454934,0.779017845100237,0.7966247388181215,0.8142316325360061,NaN,0.7907557742454934,NaN,0.7907557742454934,1.0296878746322307
TSC_het,OFT-0595-00,slow,2.919864967677507,598,0.940129418924452,0.8379049570387846,0.8912655429902231,0.9179458359659425,0.8779253965023636,0.8379049570387846,NaN,0.8912655429902231,NaN,0.8912655429902231,0.940129418924452
TSC_het,OFT-0601-00,medium,4.411932492079069,599,1.046653017945406,0.9253856997059727,0.8841379940054224,0.863514141155147,0.8944499204305598,0.9253856997059727,NaN,0.8841379940054224,NaN,0.8841379940054224,1.046653017945406
TSC_het,OFT-0601-00,fast,5.674193182867084,600,1.020341057603172,0.8814377017800616,0.8638657586225134,0.855079787043739,0.8682587444119003,0.8814377017800616,NaN,0.8638657586225134,NaN,0.8638657586225134,1.020341057603172
TSC_het,OFT-0601-00,slow,3.546844955979985,601,1.0192731163775215,0.7239787962583691,0.7102893077680464,0.703444563522885,0.7137116798906271,0.7239787962583691,NaN,0.7102893077680464,NaN,0.7102893077680464,1.0192731163775215
TSC_het,OFT-0602-00,fast,5.601183804357186,602,1.159002048980082,0.735324686478111,0.6344464076877122,0.5840072682925128,0.659665977385312,0.735324686478111,NaN,0.6344464076877122,NaN,0.6344464076877122,1.159002048980082
TSC_het,OFT-0602-00,medium,4.386958326674186,603,1.1380123376507671,0.9445564674186471,0.8300054719692436,0.7727299742445417,0.8586432208315944,0.9445564674186471,NaN,0.8300054719692436,NaN,0.8300054719692436,1.1380123376507671
TSC_het,OFT-0602-00,slow,3.351393495018428,604,1.0940580152390205,0.9167431505519471,0.8379291936832663,0.7985222152489261,0.8576326829004366,0.9167431505519471,NaN,0.8379291936832663,NaN,0.8379291936832663,1.0940580152390205
TSC_het,OFT-0604-00,medium,4.077361282809722,605,1.0503672123617147,0.8286143842485038,0.7888806643015758,0.7690138043281116,0.7988140942883077,0.8286143842485038,NaN,0.7888806643015758,NaN,0.7888806643015758,1.0503672123617147
TSC_het,OFT-0604-00,slow,3.2369881439642003,606,1.085427396207569,0.7440096440602388,0.6854531649558254,0.6561749254036189,0.7000922847319289,0.7440096440602388,NaN,0.6854531649558254,NaN,0.6854531649558254,1.085427396207569
TSC_het,OFT-0604-00,fast,5.25408961737121,607,1.0708028758484005,0.802781058181147,0.7497001327579561,0.7231596700463605,0.7629703641137537,0.802781058181147,NaN,0.7497001327579561,NaN,0.7497001327579561,1.0708028758484005
TSC_het,OFT-0610-00,fast,5.32406526866639,608,1.135405932762213,0.7956892797732578,0.700797183468565,0.6533511353162187,0.7245202075447382,0.7956892797732578,NaN,0.700797183468565,NaN,0.700797183468565,1.135405932762213
TSC_het,OFT-0610-00,slow,3.3228636325889513,609,1.1099481899609636,0.9221933905762075,0.8308436365922995,0.7851687596003458,0.8536810750882766,0.9221933905762075,NaN,0.8308436365922995,NaN,0.8308436365922995,1.1099481899609636
TSC_het,OFT-0610-00,medium,4.091862422093883,610,1.0988311136400657,0.9303070268648592,0.8466333136336651,0.8047964570180683,0.8675517419414637,0.9303070268648592,NaN,0.8466333136336651,NaN,0.8466333136336651,1.0988311136400657
TSC_het,OFT-0614-00,fast,5.00223156375755,611,1.0578685253142301,0.9412817880182489,0.8897909007536166,0.8640454571213003,0.9026636225697746,0.9412817880182489,NaN,0.8897909007536166,NaN,0.8897909007536166,1.0578685253142301
TSC_het,OFT-0614-00,slow,3.236930864681304,612,1.0197401640689199,0.7848079561041761,0.7696156175438572,0.7620194482636978,0.7734137021839369,0.7848079561041761,NaN,0.7696156175438572,NaN,0.7696156175438572,1.0197401640689199
TSC_het,OFT-0614-00,medium,4.109349585836475,613,0.9857554113735234,0.9035871356133585,0.9166443574013212,0.9231729682953026,0.9133800519543305,0.9035871356133585,NaN,0.9166443574013212,NaN,0.9166443574013212,0.9857554113735234
TSC_het,OFT-0617-00,slow,3.5903810054460044,614,1.1477494861891173,0.8866111931675694,0.7724779700066713,0.7154113584262223,0.8010112757968958,0.8866111931675694,NaN,0.7724779700066713,NaN,0.7724779700066713,1.1477494861891173
TSC_het,OFT-0617-00,medium,4.308088575821897,615,1.0432577171492439,0.8135240771771348,0.7797920531085375,0.7629260410742387,0.7882250591256867,0.8135240771771348,NaN,0.7797920531085375,NaN,0.7797920531085375,1.0432577171492439
TSC_het,OFT-0617-00,fast,5.2513217154614,616,1.0665223809552358,0.9541701444436276,0.8946555285497343,0.8648982206027878,0.9095341825232075,0.9541701444436276,NaN,0.8946555285497343,NaN,0.8946555285497343,1.0665223809552358
TSC_het,OFT-0620-00,slow,3.0509696397164423,617,1.081208335015157,0.860344259311262,0.7957247751879395,0.7634150331262783,0.8118796462187703,0.860344259311262,NaN,0.7957247751879395,NaN,0.7957247751879395,1.081208335015157
TSC_het,OFT-0620-00,fast,4.404956139717635,618,1.0961333544075138,0.8705139351378608,0.7941679099879178,0.755994897412946,0.8132544162754034,0.8705139351378608,NaN,0.7941679099879178,NaN,0.7941679099879178,1.0961333544075138
TSC_het,OFT-0620-00,medium,3.6539329159567644,619,1.0450391383866606,0.9049438421780129,0.8659425364442065,0.8464418835773033,0.8756928628776581,0.9049438421780129,NaN,0.8659425364442065,NaN,0.8659425364442065,1.0450391383866606
TSC_het,OFT-0621-00,slow,2.9679841802273645,620,1.0858504349152611,0.9356881128504663,0.8617099397519573,0.8247208532027028,0.8802044830265846,0.9356881128504663,NaN,0.8617099397519573,NaN,0.8617099397519573,1.0858504349152611
TSC_het,OFT-0621-00,medium,3.6210815971248764,621,1.0602456041944144,0.9669052772751713,0.9119634860545694,0.8844925904442685,0.9256989338597197,0.9669052772751713,NaN,0.9119634860545694,NaN,0.9119634860545694,1.0602456041944144
TSC_het,OFT-0621-00,fast,4.555951220546944,622,1.0441040731257405,0.8180231975965923,0.783469022534958,0.7661919350041408,0.7921075663003665,0.8180231975965923,NaN,0.783469022534958,NaN,0.783469022534958,1.0441040731257405
TSC_het,OFT-0624-00,slow,2.9820569955346206,623,1.0794214209745798,0.940365073278451,0.8711751082625554,0.8365801257546075,0.8884725995165292,0.940365073278451,NaN,0.8711751082625554,NaN,0.8711751082625554,1.0794214209745798
TSC_het,OFT-0624-00,medium,3.5942801589391187,624,1.055252949867898,0.9850636819504677,0.9334858358593389,0.9076969128137744,0.9463802973821209,0.9850636819504677,NaN,0.9334858358593389,NaN,0.9334858358593389,1.055252949867898
TSC_het,OFT-0624-00,fast,4.482360186800396,625,1.036224194450228,0.9928764097766362,0.9581675617055149,0.9408131376699542,0.9668447737232952,0.9928764097766362,NaN,0.9581675617055149,NaN,0.9581675617055149,1.036224194450228
TSC_het,OFT-0628-00,fast,4.437266841828403,626,1.119420581291722,0.8783821116940456,0.7846756852375028,0.7378224720092312,0.8081022918516383,0.8783821116940456,NaN,0.7846756852375028,NaN,0.7846756852375028,1.119420581291722
TSC_het,OFT-0628-00,medium,3.6002656703958937,627,1.0544545354956916,0.9192749374149105,0.8718013972814541,0.8480646272147261,0.8836697823148183,0.9192749374149105,NaN,0.8718013972814541,NaN,0.8718013972814541,1.0544545354956916
TSC_het,OFT-0628-00,slow,2.92626962399541,628,1.0023465645402212,0.896723591812557,0.8946242981576799,0.8935746513302412,0.8951491215713991,0.896723591812557,NaN,0.8946242981576799,NaN,0.8946242981576799,1.0023465645402212
TSC_het,OFT-0630-00,medium,4.0107034450908285,629,1.0639951129263316,0.9762207404518297,0.9175049101183426,0.888146994951599,0.9321838677017144,0.9762207404518297,NaN,0.9175049101183426,NaN,0.9175049101183426,1.0639951129263316
TSC_het,OFT-0630-00,slow,3.3756859977536635,630,1.055880237116994,0.8820623502555588,0.8353810586169956,0.8120404127977142,0.8470513815266365,0.8820623502555588,NaN,0.8353810586169956,NaN,0.8353810586169956,1.055880237116994
TSC_het,OFT-0630-00,fast,4.949014597612415,631,1.0419659977307176,0.9962669621895734,0.9561415289551948,0.9360788123380054,0.9661728872637895,0.9962669621895734,NaN,0.9561415289551948,NaN,0.9561415289551948,1.0419659977307176
TSC_het,OFT-0632-00,medium,3.325985845058851,632,1.052302627715923,0.8115996189670684,0.771260659805333,0.7510911802244653,0.7813453995957669,0.8115996189670684,NaN,0.771260659805333,NaN,0.771260659805333,1.052302627715923
TSC_het,OFT-0632-00,fast,3.7592507380281908,633,1.050081412623991,0.7728489361486969,0.7359895402942778,0.7175598423670684,0.7452043892578826,0.7728489361486969,NaN,0.7359895402942778,NaN,0.7359895402942778,1.050081412623991
TSC_het,OFT-0632-00,slow,2.7488949761350217,634,0.9868667557816903,0.7392476340014135,0.7490855575693809,0.7540045193533647,0.7466260766773891,0.7392476340014135,NaN,0.7490855575693809,NaN,0.7490855575693809,0.9868667557816903
TSC_het,OFT-0634-00,medium,3.9955973311181747,635,1.0506420188211436,0.9634899070309224,0.9170487090474367,0.8938281100556937,0.9286590085433081,0.9634899070309224,NaN,0.9170487090474367,NaN,0.9170487090474367,1.0506420188211436
TSC_het,OFT-0634-00,slow,3.192181584183549,636,1.1089819749575365,0.891745039977155,0.8041113923527029,0.7602945685404768,0.826019804258816,0.891745039977155,NaN,0.8041113923527029,NaN,0.8041113923527029,1.1089819749575365
TSC_het,OFT-0634-00,fast,4.935630373348878,637,1.0370987378708905,0.8806726435269288,0.849169525878417,0.8334179670541608,0.8570453052905448,0.8806726435269288,NaN,0.849169525878417,NaN,0.849169525878417,1.0370987378708905
TSC_het,OFT-0636-00,medium,4.409732611642123,638,1.0725306461882655,0.9540195600159642,0.889503310144577,0.8572451852088832,0.9056323726124236,0.9540195600159642,NaN,0.889503310144577,NaN,0.889503310144577,1.0725306461882655
TSC_het,OFT-0636-00,slow,3.459523931204233,639,1.1059714875946067,0.8442774891121642,0.7633808814984873,0.7229325776916488,0.7836050334019066,0.8442774891121642,NaN,0.7633808814984873,NaN,0.7633808814984873,1.1059714875946067
TSC_het,OFT-0636-00,fast,5.43660862681581,640,1.089131248213235,0.9228294583689901,0.8473078519075917,0.8095470486768926,0.8661882535229413,0.9228294583689901,NaN,0.8473078519075917,NaN,0.8473078519075917,1.089131248213235
TSC_het,OFT-0640-00,slow,2.926225068160577,641,1.0872898199462768,0.9085234434864383,0.835585348836733,0.7991163015118805,0.8538198724991594,0.9085234434864383,NaN,0.835585348836733,NaN,0.835585348836733,1.0872898199462768
TSC_het,OFT-0640-00,fast,4.4507298595260405,642,1.0521506482489063,0.9706500518622849,0.9225390427480487,0.8984835381909307,0.9345667950266077,0.9706500518622849,NaN,0.9225390427480487,NaN,0.9225390427480487,1.0521506482489063
TSC_het,OFT-0640-00,medium,3.630683294153806,643,1.0680116879762669,0.8678753855168659,0.8126085091459707,0.7849750709605232,0.8264252282386946,0.8678753855168659,NaN,0.8126085091459707,NaN,0.8126085091459707,1.0680116879762669
TSC_het,OFT-0647-00,slow,3.8380772906101113,644,1.1322705883890996,0.8476203901564389,0.748602320724733,0.6990932860088801,0.7733568380826595,0.8476203901564389,NaN,0.748602320724733,NaN,0.748602320724733,1.1322705883890996
TSC_het,OFT-0647-00,fast,5.715284831935742,645,1.024939761093343,0.8782954909631427,0.8569240108572146,0.8462382708042507,0.8622668808836966,0.8782954909631427,NaN,0.8569240108572146,NaN,0.8569240108572146,1.024939761093343
TSC_het,OFT-0647-00,medium,4.811456557638372,646,1.0671931076122623,0.8190513308843782,0.767481840954655,0.7416970959897932,0.7803742134370857,0.8190513308843782,NaN,0.767481840954655,NaN,0.767481840954655,1.0671931076122623
TSC_het,OFT-0650-00,slow,3.3994000308037746,647,1.0814567648575404,0.9406737590739571,0.869820957842796,0.8343945572272156,0.8875341581505863,0.9406737590739571,NaN,0.869820957842796,NaN,0.869820957842796,1.0814567648575404
TSC_het,OFT-0650-00,fast,5.529337350161906,648,1.0933135749703613,0.7760083987582458,0.7097766062031038,0.6766607099255326,0.7263345543418892,0.7760083987582458,NaN,0.7097766062031038,NaN,0.7097766062031038,1.0933135749703613
TSC_het,OFT-0650-00,medium,4.391905756659091,649,1.0594640069357277,0.954890629476086,0.9012959602449376,0.8744986256293638,0.9146946275527248,0.954890629476086,NaN,0.9012959602449376,NaN,0.9012959602449376,1.0594640069357277
TSC_het,OFT-0657-00,slow,2.973970746946235,650,1.0604669360169816,0.9080881261542164,0.8563097021816765,0.8304204901954064,0.8692543081748114,0.9080881261542164,NaN,0.8563097021816765,NaN,0.8563097021816765,1.0604669360169816
TSC_het,OFT-0657-00,medium,3.5880472042015277,651,1.0529666410613232,0.8377987411269698,0.7956555397448509,0.7745839390537914,0.8061913400903806,0.8377987411269698,NaN,0.7956555397448509,NaN,0.7956555397448509,1.0529666410613232
TSC_het,OFT-0657-00,fast,4.4036968912874555,652,0.994834516103076,0.9638697209122955,0.96887442615876,0.971376778781992,0.9676232498471438,0.9638697209122955,NaN,0.96887442615876,NaN,0.96887442615876,0.994834516103076
TSC_het,OFT-0661-00,medium,3.661372132875363,653,1.0283805325165087,0.8087507105089676,0.7864313694561158,0.77527169892969,0.7920112047193287,0.8087507105089676,NaN,0.7864313694561158,NaN,0.7864313694561158,1.0283805325165087
TSC_het,OFT-0661-00,fast,4.477672347077052,654,1.161659896422259,0.9374353782449052,0.8069792037515177,0.7417511165048241,0.8395932473748646,0.9374353782449052,NaN,0.8069792037515177,NaN,0.8069792037515177,1.161659896422259
TSC_het,OFT-0661-00,slow,3.0202780086584164,655,1.104948863279877,0.9135666313130515,0.8267953944956913,0.7834097760870115,0.8484882037000314,0.9135666313130515,NaN,0.8267953944956913,NaN,0.8267953944956913,1.104948863279877
TSC_het,OFT-0668-00,fast,5.9356814302407,656,1.0849803421874644,0.9015486629806893,0.8309354814328226,0.7956288906588891,0.8485887768197892,0.9015486629806893,NaN,0.8309354814328226,NaN,0.8309354814328226,1.0849803421874644
TSC_het,OFT-0668-00,slow,3.5745264128007737,657,1.077714293435316,0.8678455227263312,0.8052649278316534,0.7739746303843145,0.8209100765553228,0.8678455227263312,NaN,0.8052649278316534,NaN,0.8052649278316534,1.077714293435316
TSC_het,OFT-0668-00,medium,4.709985933979223,658,1.0609624044382375,0.8855956613009538,0.8347097480516875,0.8092667914270545,0.8474312263640043,0.8855956613009538,NaN,0.8347097480516875,NaN,0.8347097480516875,1.0609624044382375
TSC_het,OFT-0670-00,medium,3.6179667701916807,659,1.0401493547050848,0.968693522929554,0.9313023351384082,0.912606741242835,0.9406501320861946,0.968693522929554,NaN,0.9313023351384082,NaN,0.9313023351384082,1.0401493547050848
TSC_het,OFT-0670-00,slow,3.0011316057451705,660,1.0963297741487477,0.8871250196095237,0.8091771659657221,0.7702032391438215,0.8286641293766724,0.8871250196095237,NaN,0.8091771659657221,NaN,0.8091771659657221,1.0963297741487477
TSC_het,OFT-0670-00,fast,4.4087851454880225,661,1.0498208289704012,0.9840932773242049,0.9373916483342613,0.9140408338392894,0.9490670555817471,0.9840932773242049,NaN,0.9373916483342613,NaN,0.9373916483342613,1.0498208289704012
TSC_het,OFT-0674-00,slow,2.9076134952358,662,1.0230609593878204,0.8426568075794991,0.8236623632708343,0.8141651411165018,0.8284109743480004,0.8426568075794991,NaN,0.8236623632708343,NaN,0.8236623632708343,1.0230609593878204
TSC_het,OFT-0674-00,fast,4.342793971653286,663,0.9972073232094151,0.9455599248677766,0.948207963239363,0.9495319824251561,0.9475459536464663,0.9455599248677766,NaN,0.948207963239363,NaN,0.948207963239363,0.9972073232094151
TSC_het,OFT-0674-00,medium,3.663163925002434,664,1.097722980958999,0.8433849732305188,0.768304014637387,0.730763535340821,0.7870742542856699,0.8433849732305188,NaN,0.768304014637387,NaN,0.768304014637387,1.097722980958999
TSC_het,OFT-0678-00,medium,3.9836309360264703,665,1.027882968964092,0.6909534768082215,0.6722102590186599,0.6628386501238791,0.6768960634660501,0.6909534768082215,NaN,0.6722102590186599,NaN,0.6722102590186599,1.027882968964092
TSC_het,OFT-0678-00,fast,4.957454383954987,666,1.0351731793056644,0.9924104071908615,0.9586902240420431,0.9418301324676339,0.9671202698292476,0.9924104071908615,NaN,0.9586902240420431,NaN,0.9586902240420431,1.0351731793056644
TSC_het,OFT-0678-00,slow,3.312993853930357,667,1.057905043542356,0.7714811050267856,0.7292536411807903,0.7081399092577926,0.739810507142289,0.7714811050267856,NaN,0.7292536411807903,NaN,0.7292536411807903,1.057905043542356
TSC_het,OFT-0682-00,slow,2.789309260449303,668,1.0808615206111647,0.7297322656178344,0.6751394620887355,0.647843060324186,0.6887876629710101,0.7297322656178344,NaN,0.6751394620887355,NaN,0.6751394620887355,1.0808615206111647
TSC_het,OFT-0682-00,fast,3.803719768779206,669,1.0704799896884154,0.8437929867658129,0.7882379819275424,0.7604604795084069,0.8021267331371098,0.8437929867658129,NaN,0.7882379819275424,NaN,0.7882379819275424,1.0704799896884154
TSC_het,OFT-0682-00,medium,3.311268513595471,670,1.0626566651866773,0.8883723768905771,0.8359919115874707,0.8098016789359176,0.8490870279132474,0.8883723768905771,NaN,0.8359919115874707,NaN,0.8359919115874707,1.0626566651866773
TSC_het,OFT-0683-00,medium,4.94869888064107,671,1.0681650762934718,0.913112390866597,0.8548420193956284,0.8257068336601441,0.8694096122633705,0.913112390866597,NaN,0.8548420193956284,NaN,0.8548420193956284,1.0681650762934718
TSC_het,OFT-0683-00,fast,6.079743293890903,672,1.0344781430603296,0.9096222954078894,0.8793054754322066,0.864147065444365,0.8868846804261273,0.9096222954078894,NaN,0.8793054754322066,NaN,0.8793054754322066,1.0344781430603296
TSC_het,OFT-0683-00,slow,3.7480415792144566,673,1.208362535104729,0.8754601194274513,0.7245012105175662,0.6490217560626238,0.7622409377450374,0.8754601194274513,NaN,0.7245012105175662,NaN,0.7245012105175662,1.208362535104729
TSC_het,OFT-0693-00,slow,3.6591178306034053,674,1.0869054962214162,0.8949557519318087,0.8233979449391753,0.7876190414428583,0.8412873966873335,0.8949557519318087,NaN,0.8233979449391753,NaN,0.8233979449391753,1.0869054962214162
TSC_het,OFT-0693-00,medium,4.6560061739038865,675,1.1835653923308462,0.9363084129984905,0.7910914082698702,0.71848290590556,0.8273956594520253,0.9363084129984905,NaN,0.7910914082698702,NaN,0.7910914082698702,1.1835653923308462
TSC_het,OFT-0693-00,fast,5.778566101522839,676,1.0689821778691109,0.9333186546878897,0.8730909401580011,0.842977082893057,0.8881478687904734,0.9333186546878897,NaN,0.8730909401580011,NaN,0.8730909401580011,1.0689821778691109
TSC_het,OFT-0694-00,slow,3.4338227679377273,677,1.0590123583391855,0.9524827782029263,0.8994066695280817,0.8728686151906593,0.9126756966967928,0.9524827782029263,NaN,0.8994066695280817,NaN,0.8994066695280817,1.0590123583391855
TSC_het,OFT-0694-00,medium,4.589604585184848,678,1.0939274354773472,0.9319177933049411,0.8519009242128465,0.8118924896667993,0.8719051414858701,0.9319177933049411,NaN,0.8519009242128465,NaN,0.8519009242128465,1.0939274354773472
TSC_het,OFT-0694-00,fast,5.858378299405327,679,1.1040930852844055,0.8377636876381145,0.7587799423834932,0.7192880697561828,0.7785258786971486,0.8377636876381145,NaN,0.7587799423834932,NaN,0.7587799423834932,1.1040930852844055
TSC_het,OFT-0702-00,fast,6.216057809575509,680,1.1072102932083827,0.8095861577587637,0.7311945731761685,0.6919987808848709,0.7507924693218173,0.8095861577587637,NaN,0.7311945731761685,NaN,0.7311945731761685,1.1072102932083827
TSC_het,OFT-0702-00,medium,4.692115501064347,681,1.0980965948438213,0.7778404251147137,0.7083533714311749,0.6736098445894054,0.7257251348520597,0.7778404251147137,NaN,0.7083533714311749,NaN,0.7083533714311749,1.0980965948438213
TSC_het,OFT-0702-00,slow,3.5809827782314247,682,1.141318432027227,0.882484440750875,0.7732149205576159,0.7185801604609866,0.8005323006059307,0.882484440750875,NaN,0.7732149205576159,NaN,0.7732149205576159,1.141318432027227
TSC_het,OFT-0708-00,fast,5.447812547576632,683,1.114899015025267,0.9101851750734984,0.8163835134905657,0.7694826826990994,0.8398339288862988,0.9101851750734984,NaN,0.8163835134905657,NaN,0.8163835134905657,1.114899015025267
TSC_het,OFT-0708-00,medium,4.38009585957625,684,1.0705832351425775,0.949352988231114,0.8867624273087759,0.8554671468476066,0.9024100675393603,0.949352988231114,NaN,0.8867624273087759,NaN,0.8867624273087759,1.0705832351425775
TSC_het,OFT-0708-00,slow,3.4253146263577543,685,1.066448597284114,0.9191709537899251,0.8618989758444471,0.8332629868717082,0.8762169703308166,0.9191709537899251,NaN,0.8618989758444471,NaN,0.8618989758444471,1.066448597284114
TSC_hom,OFT-0637-00,fast,3.995573745118839,686,0.9863948319792533,0.8008722142317257,0.8119185018688038,0.817441645687343,0.8091569299595343,0.8008722142317257,NaN,0.8119185018688038,NaN,0.8119185018688038,0.9863948319792533
TSC_hom,OFT-0637-00,slow,2.967610196420612,687,1.117823772232004,0.898211189698894,0.8035355947972008,0.7561977973463542,0.8272044935226242,0.898211189698894,NaN,0.8035355947972008,NaN,0.8035355947972008,1.117823772232004
TSC_hom,OFT-0637-00,medium,3.4568167844108495,688,1.1087665600183334,0.9315987965366687,0.8402118445214155,0.7945183685137887,0.8630585825252288,0.9315987965366687,NaN,0.8402118445214155,NaN,0.8402118445214155,1.1087665600183334
TSC_hom,OFT-0639-00,medium,3.5749929105919187,689,1.1023185674343485,0.9150122170106545,0.8300796557753259,0.7876133751576616,0.851312796084158,0.9150122170106545,NaN,0.8300796557753259,NaN,0.8300796557753259,1.1023185674343485
TSC_hom,OFT-0639-00,slow,2.9929936405774606,690,1.1126634099348192,0.9169486869182493,0.8241024902328413,0.7776793918901374,0.8473140394041934,0.9169486869182493,NaN,0.8241024902328413,NaN,0.8241024902328413,1.1126634099348192
TSC_hom,OFT-0639-00,fast,4.372821504891833,691,1.0913713778094063,0.8994159426021068,0.8241153844508996,0.786465105375296,0.8429405239887013,0.8994159426021068,NaN,0.8241153844508996,NaN,0.8241153844508996,1.0913713778094063
TSC_hom,OFT-0648-00,medium,2.9902662877787733,692,1.0768705257289304,0.873061716451803,0.8107397273788602,0.7795787328423891,0.8263202246470961,0.873061716451803,NaN,0.8107397273788602,NaN,0.8107397273788602,1.0768705257289304
TSC_hom,OFT-0648-00,slow,2.688196075158726,693,0.969469121043187,0.9340693823403428,0.9634854396757343,0.9781934683434299,0.9561314253418864,0.9340693823403428,NaN,0.9634854396757343,NaN,0.9634854396757343,0.969469121043187
TSC_hom,OFT-0648-00,fast,3.412464355154506,694,1.1421917918166573,0.7924505919353683,0.6937981848696134,0.6444719813367359,0.718461286636052,0.7924505919353683,NaN,0.6937981848696134,NaN,0.6937981848696134,1.1421917918166573
TSC_hom,OFT-0649-00,slow,2.7310411774425147,695,0.9669698983079786,0.7347149230389082,0.7598115766835406,0.772359903505857,0.7535374132723827,0.7347149230389082,NaN,0.7598115766835406,NaN,0.7598115766835406,0.9669698983079786
TSC_hom,OFT-0649-00,medium,2.99545771741325,696,0.9733623230255704,0.7325838907576355,0.7526322659382312,0.762656453528529,0.7476201721430823,0.7325838907576355,NaN,0.7526322659382312,NaN,0.7526322659382312,0.9733623230255704
TSC_hom,OFT-0649-00,fast,3.4075802380840625,697,1.057346259109281,0.8800272185230735,0.8322980394940984,0.808433449979611,0.8442303342513422,0.8800272185230735,NaN,0.8322980394940984,NaN,0.8322980394940984,1.057346259109281
TSC_hom,OFT-0658-00,slow,2.991580413308975,698,1.0393877160519436,0.9137891704480395,0.8791610256074768,0.8618469531871953,0.8878180618176175,0.9137891704480395,NaN,0.8791610256074768,NaN,0.8791610256074768,1.0393877160519436
TSC_hom,OFT-0658-00,fast,4.385394116350379,699,1.0651719884225266,0.9684332423496492,0.9091801632747184,0.8795536237372528,0.923993433043451,0.9684332423496492,NaN,0.9091801632747184,NaN,0.9091801632747184,1.0651719884225266
TSC_hom,OFT-0658-00,medium,3.5631218549113406,700,1.137123957563563,0.9781382177360827,0.8601860960100356,0.8012100351470122,0.8896741264415475,0.9781382177360827,NaN,0.8601860960100356,NaN,0.8601860960100356,1.137123957563563
TSC_hom,OFT-0660-00,slow,2.9066166289208835,701,1.0475156169265403,0.8333364494076703,0.7955360626056519,0.7766358692046428,0.8049861593061566,0.8333364494076703,NaN,0.7955360626056519,NaN,0.7955360626056519,1.0475156169265403
TSC_hom,OFT-0660-00,medium,3.321347277838194,702,1.030697984654623,0.8277781144244027,0.8031238313731478,0.7907966898475205,0.8092874021359616,0.8277781144244027,NaN,0.8031238313731478,NaN,0.8031238313731478,1.030697984654623
TSC_hom,OFT-0660-00,fast,3.9738201942794054,703,1.0545998379446155,0.9467447325272768,0.8977288811009632,0.8732209553878063,0.9099828439575415,0.9467447325272768,NaN,0.8977288811009632,NaN,0.8977288811009632,1.0545998379446155
TSC_hom,OFT-0669-00,fast,3.353488068225797,704,1.0754207245468095,0.8966401261836215,0.8337575292325453,0.8023162307570075,0.8494781784703145,0.8966401261836215,NaN,0.8337575292325453,NaN,0.8337575292325453,1.0754207245468095
TSC_hom,OFT-0669-00,medium,2.9466937199196437,705,0.9946962691861593,0.7709946732386401,0.7751056248250058,0.7771611006181884,0.7740778869284144,0.7709946732386401,NaN,0.7751056248250058,NaN,0.7751056248250058,0.9946962691861593
TSC_hom,OFT-0669-00,slow,2.6444781541271247,706,1.0841206799011647,0.9031866013529588,0.833105223521148,0.7980645346052428,0.8506255679791008,0.9031866013529588,NaN,0.833105223521148,NaN,0.833105223521148,1.0841206799011647
TSC_hom,OFT-0673-00,slow,2.9282402640121483,707,1.026688797908566,0.8706290495326544,0.8479970282194412,0.8366810175628344,0.8536550335477445,0.8706290495326544,NaN,0.8479970282194412,NaN,0.8479970282194412,1.026688797908566
TSC_hom,OFT-0673-00,medium,3.466711329202725,708,1.039599757157092,0.8971934425046824,0.8630181339770253,0.8459304797131968,0.8715619611089395,0.8971934425046824,NaN,0.8630181339770253,NaN,0.8630181339770253,1.039599757157092
TSC_hom,OFT-0673-00,fast,5.194862140036054,709,1.0728949696869459,0.950399324671512,0.8858269928778059,0.8535408269809527,0.9019700758262323,0.950399324671512,NaN,0.8858269928778059,NaN,0.8858269928778059,1.0728949696869459
TSC_hom,OFT-0679-00,slow,2.7966359294182905,710,1.0348417305605218,0.8492593309816956,0.8206659104496051,0.8063692001835601,0.8278142655826278,0.8492593309816956,NaN,0.8206659104496051,NaN,0.8206659104496051,1.0348417305605218
TSC_hom,OFT-0679-00,medium,3.2348003994619323,711,1.1474459137049788,0.898821160594203,0.7833233356437748,0.7255744231685608,0.8121977918813819,0.898821160594203,NaN,0.7833233356437748,NaN,0.7833233356437748,1.1474459137049788
TSC_hom,OFT-0679-00,fast,3.811643496460311,712,1.1149379210586996,0.9860136938211732,0.8843664523356555,0.8335428315928964,0.9097782627070348,0.9860136938211732,NaN,0.8843664523356555,NaN,0.8843664523356555,1.1149379210586996
TSC_hom,OFT-0681-00,medium,3.3332522998533665,713,0.9992025179700249,0.8654684521249304,0.8661591985208484,0.8665045717188078,0.8659865119218692,0.8654684521249304,NaN,0.8661591985208484,NaN,0.8661591985208484,0.9992025179700249
TSC_hom,OFT-0681-00,slow,2.8860924864699395,714,0.9821288264402586,0.8309343299720655,0.8460543134486747,0.8536143051869792,0.8422743175795223,0.8309343299720655,NaN,0.8460543134486747,NaN,0.8460543134486747,0.9821288264402586
TSC_hom,OFT-0681-00,fast,4.001181672736962,715,0.9916172663239874,0.8558533088484492,0.8630883486137478,0.866705868496397,0.861279588672423,0.8558533088484492,NaN,0.8630883486137478,NaN,0.8630883486137478,0.9916172663239874
TSC_hom,OFT-0684-00,slow,2.667998558856151,716,0.9776453698153689,0.8523720493261967,0.87186220652502,0.8816072851244319,0.8669896672253143,0.8523720493261967,NaN,0.87186220652502,NaN,0.87186220652502,0.9776453698153689
TSC_hom,OFT-0684-00,medium,2.9033055743390657,717,0.962658560784938,0.699490291321569,0.7266234569723399,0.7401900397977252,0.7198401655596472,0.699490291321569,NaN,0.7266234569723399,NaN,0.7266234569723399,0.962658560784938
TSC_hom,OFT-0684-00,fast,3.2067077279549308,718,0.9689303993938627,0.7729378554277047,0.7977227837120542,0.8101152478542291,0.7915265516409669,0.7729378554277047,NaN,0.7977227837120542,NaN,0.7977227837120542,0.9689303993938627
TSC_hom,OFT-0712-00,medium,3.2103904874208182,719,1.1450425817069434,0.8914603842881783,0.7785390679176806,0.7220784097324316,0.8067693970103049,0.8914603842881783,NaN,0.7785390679176806,NaN,0.7785390679176806,1.1450425817069434
TSC_hom,OFT-0712-00,fast,3.7623960182912635,720,1.0881228892313777,0.9191730125215287,0.8447327242337573,0.8075125800898716,0.8633427963057002,0.9191730125215287,NaN,0.8447327242337573,NaN,0.8447327242337573,1.0881228892313777
TSC_hom,OFT-0712-00,slow,2.809885392714895,721,1.151411380086046,0.973583057164107,0.8455562225651706,0.7815428052657023,0.8775629312149046,0.973583057164107,NaN,0.8455562225651706,NaN,0.8455562225651706,1.151411380086046
TSC_hom,OFT-0713-00,slow,3.167325042475115,722,1.1579957013856135,0.8848812431983228,0.7641489878930532,0.7037828602404184,0.7943320517193707,0.8848812431983228,NaN,0.7641489878930532,NaN,0.7641489878930532,1.1579957013856135
TSC_hom,OFT-0713-00,fast,4.717101867130854,723,1.1051760362458884,0.9305645104168595,0.842005689498881,0.7977262790398918,0.8641453947283757,0.9305645104168595,NaN,0.842005689498881,NaN,0.842005689498881,1.1051760362458884
TSC_hom,OFT-0713-00,medium,3.876950826188551,724,1.1561469354646312,0.8934152466715624,0.7727523373251147,0.712420882651891,0.8029180646617267,0.8934152466715624,NaN,0.7727523373251147,NaN,0.7727523373251147,1.1561469354646312
TSC_hom,OFT-0714-00,slow,3.1283397926681857,725,0.9835830877554144,0.8359007322023526,0.8498526892221375,0.85682866773203,0.8463646999671913,0.8359007322023526,NaN,0.8498526892221375,NaN,0.8498526892221375,0.9835830877554144
TSC_hom,OFT-0714-00,medium,3.7114633580231575,726,1.0151016288633108,0.8279209856712901,0.8156040362169238,0.8094455614897405,0.8186832735805154,0.8279209856712901,NaN,0.8156040362169238,NaN,0.8156040362169238,1.0151016288633108
TSC_hom,OFT-0714-00,fast,4.357826561113283,727,1.0258827857899586,0.9607794142196754,0.936539171460849,0.924419050081436,0.9425992321505559,0.9607794142196754,NaN,0.936539171460849,NaN,0.936539171460849,1.0258827857899586
TSC_hom,OFT-0715-00,slow,2.8484033385125898,728,0.9399836178190355,0.7992386832841183,0.8502687367451406,0.8757837634756518,0.8375112233798849,0.7992386832841183,NaN,0.8502687367451406,NaN,0.8502687367451406,0.9399836178190355
TSC_hom,OFT-0715-00,fast,4.078942388797436,729,1.0505642063668081,0.8889892578273237,0.8462017384941536,0.8248079788275682,0.856898618327446,0.8889892578273237,NaN,0.8462017384941536,NaN,0.8462017384941536,1.0505642063668081
TSC_hom,OFT-0715-00,medium,3.463417968663075,730,1.0008740779018992,0.8637306748091247,0.8629763662375352,0.8625992119517405,0.8631649433804326,0.8637306748091247,NaN,0.8629763662375352,NaN,0.8629763662375352,1.0008740779018992
TSC_hom,OFT-0716-00,medium,3.8185134949873865,731,1.0761864688800318,0.9588934457826399,0.8910105019072981,0.8570690299696271,0.9079812378761334,0.9588934457826399,NaN,0.8910105019072981,NaN,0.8910105019072981,1.0761864688800318
TSC_hom,OFT-0716-00,fast,4.785099536011468,732,1.1125280833481637,0.9679083506157298,0.8700080160698511,0.8210578487969116,0.8944830997063207,0.9679083506157298,NaN,0.8700080160698511,NaN,0.8700080160698511,1.1125280833481637
TSC_hom,OFT-0716-00,slow,3.07056527225727,733,1.0040027161297431,0.8710506936287341,0.8675780250739599,0.8658416907965729,0.8684461922126534,0.8710506936287341,NaN,0.8675780250739599,NaN,0.8675780250739599,1.0040027161297431
TSC_hom,OFT-0717-00,slow,2.6845717498642787,734,1.0981051685145693,0.90052685758406,0.8200734168314883,0.7798466964552022,0.8401867770196312,0.90052685758406,NaN,0.8200734168314883,NaN,0.8200734168314883,1.0981051685145693
TSC_hom,OFT-0717-00,fast,3.5823692141306167,735,1.0317097215534579,0.8802165436489274,0.8531629830177181,0.8396362027021133,0.8599263731755205,0.8802165436489274,NaN,0.8531629830177181,NaN,0.8531629830177181,1.0317097215534579
TSC_hom,OFT-0717-00,medium,3.1103685237802763,736,1.1834229332962953,0.7746587329281307,0.6545916182056768,0.5945580608444498,0.6846083968862903,0.7746587329281307,NaN,0.6545916182056768,NaN,0.6545916182056768,1.1834229332962953
TSC_hom,OFT-0718-00,fast,5.255692417876883,737,1.0561052802728912,0.8754974839682462,0.8289869393911401,0.8057316671025873,0.8406145755354167,0.8754974839682462,NaN,0.8289869393911401,NaN,0.8289869393911401,1.0561052802728912
TSC_hom,OFT-0718-00,medium,3.990182309141318,738,1.1044055095522833,0.9762029974882546,0.8839171744842155,0.8377742629821958,0.9069886302352252,0.9762029974882546,NaN,0.8839171744842155,NaN,0.8839171744842155,1.1044055095522833
TSC_hom,OFT-0718-00,slow,3.1435864232550634,739,1.1410920743713397,0.977764766809287,0.8568675471240702,0.7964189372814616,0.8870918520453743,0.977764766809287,NaN,0.8568675471240702,NaN,0.8568675471240702,1.1410920743713397
TSC_hom,OFT-0719-00,medium,2.88750675756911,740,1.1309747952074114,0.7501005493574692,0.6632336569621845,0.6198002107645422,0.6849503800610057,0.7501005493574692,NaN,0.6632336569621845,NaN,0.6632336569621845,1.1309747952074114
TSC_hom,OFT-0719-00,slow,2.595881704369141,741,1.0884949679198468,0.8397057785413401,0.7714374464643122,0.7373032804257982,0.7885045294835692,0.8397057785413401,NaN,0.7714374464643122,NaN,0.7714374464643122,1.0884949679198468
TSC_hom,OFT-0719-00,fast,3.3379141895752733,742,0.9900029385687078,0.9488976505786813,0.9584796303236692,0.9632706201961632,0.9560841353874221,0.9488976505786813,NaN,0.9584796303236692,NaN,0.9584796303236692,0.9900029385687078
TSC_hom,OFT-0720-00,fast,5.082900659375898,743,0.9707175714634906,0.8597010750084866,0.8856346071003626,0.8986013731463008,0.8791512240773937,0.8597010750084866,NaN,0.8856346071003626,NaN,0.8856346071003626,0.9707175714634906
TSC_hom,OFT-0720-00,medium,4.256137559730572,744,1.021811039201565,0.9738704722252252,0.9530827470666199,0.9426888844873174,0.9582796783562713,0.9738704722252252,NaN,0.9530827470666199,NaN,0.9530827470666199,1.021811039201565
TSC_hom,OFT-0720-00,slow,3.4547023037242206,745,1.0656311148944497,0.8607160421104837,0.8077054339725592,0.781200129903597,0.8209580860070403,0.8607160421104837,NaN,0.8077054339725592,NaN,0.8077054339725592,1.0656311148944497
TSC_hom,OFT-0721-00,slow,2.8585042490982913,746,1.0809502736846315,0.8950473634908707,0.8280189989128045,0.7945048166237714,0.844776090057321,0.8950473634908707,NaN,0.8280189989128045,NaN,0.8280189989128045,1.0809502736846315
TSC_hom,OFT-0721-00,medium,3.3118869648597045,747,1.054629377781413,0.9109771447944452,0.8637888949299288,0.8401947699976708,0.875585957396058,0.9109771447944452,NaN,0.8637888949299288,NaN,0.8637888949299288,1.054629377781413
TSC_hom,OFT-0721-00,fast,3.835656444819171,748,1.0113336279898255,0.8407514290233385,0.8313294502966898,0.8266184609333652,0.8336849449783519,0.8407514290233385,NaN,0.8313294502966898,NaN,0.8313294502966898,1.0113336279898255
TSC_hom,OFT-0722-00,medium,4.308057643322427,749,1.0913955204923704,0.8559741339401353,0.7842932446286498,0.7484527999729071,0.8022134669565212,0.8559741339401353,NaN,0.7842932446286498,NaN,0.7842932446286498,1.0913955204923704
TSC_hom,OFT-0722-00,fast,5.128242743897884,750,1.1056087602025644,0.9438207680741266,0.8536661448858314,0.8085888332916839,0.8762048006829053,0.9438207680741266,NaN,0.8536661448858314,NaN,0.8536661448858314,1.1056087602025644
TSC_hom,OFT-0722-00,slow,3.3428699809281195,751,1.135098409797906,0.9042171659505387,0.796598037796147,0.7427884737189514,0.8235028198347449,0.9042171659505387,NaN,0.796598037796147,NaN,0.796598037796147,1.135098409797906
TSC_hom,OFT-0723-00,medium,4.0254148868273285,752,1.015523217151877,0.9307664446212405,0.9165388135897629,0.9094249980740239,0.9200957213476322,0.9307664446212405,NaN,0.9165388135897629,NaN,0.9165388135897629,1.015523217151877
TSC_hom,OFT-0723-00,fast,4.992726421178792,753,0.9616413378193546,0.8232612448403354,0.8561000993438844,0.8725195265956589,0.8478903857179971,0.8232612448403354,NaN,0.8561000993438844,NaN,0.8561000993438844,0.9616413378193546
TSC_hom,OFT-0723-00,slow,3.384117017654193,754,1.0437261254662304,0.7967198896594094,0.7633419057164218,0.7466529137449278,0.7716864017021686,0.7967198896594094,NaN,0.7633419057164218,NaN,0.7633419057164218,1.0437261254662304
TSC_hom,OFT-0724,slow,3.065711406012332,755,1.0826914277446629,0.8349858547353097,0.7712131391625178,0.7393267813761217,0.7871563180557157,0.8349858547353097,NaN,0.7712131391625178,NaN,0.7712131391625178,1.0826914277446629
TSC_hom,OFT-0724,medium,3.6863283972804446,756,1.0929967553807547,0.8580565329653319,0.78504947863859,0.748545951475219,0.8033012422202754,0.8580565329653319,NaN,0.78504947863859,NaN,0.78504947863859,1.0929967553807547
TSC_hom,OFT-0724,fast,4.41055062447756,757,1.2275636547587223,0.9275384191339147,0.7555929303855305,0.6696201860113388,0.7985793025726267,0.9275384191339147,NaN,0.7555929303855305,NaN,0.7555929303855305,1.2275636547587223
TSC_hom,OFT-0725,slow,3.0837150756447644,758,1.1952866201840155,0.8716823582439478,0.7292663897716444,0.6580584055354928,0.7648703818897202,0.8716823582439478,NaN,0.7292663897716444,NaN,0.7292663897716444,1.1952866201840155
TSC_hom,OFT-0725,fast,4.136851983524088,759,1.0757323289128802,0.9472958863850185,0.8806055753129055,0.847260419776849,0.8972781530809338,0.9472958863850185,NaN,0.8806055753129055,NaN,0.8806055753129055,1.0757323289128802
TSC_hom,OFT-0725,medium,3.565946104355208,760,1.0379870841291279,0.8252201214659798,0.79501964338828,0.7799194043494302,0.8025697629077051,0.8252201214659798,NaN,0.79501964338828,NaN,0.79501964338828,1.0379870841291279
TSC_hom,OFT-0726,slow,2.980377201188851,761,1.0596158625979855,0.9750850237587185,0.9202250156655709,0.8927950116189971,0.9339400176888577,0.9750850237587185,NaN,0.9202250156655709,NaN,0.9202250156655709,1.0596158625979855
TSC_hom,OFT-0726,fast,4.149505144288518,762,1.0374688095054618,0.9640527462586118,0.9292354019955108,0.9118267298639602,0.9379397380612862,0.9640527462586118,NaN,0.9292354019955108,NaN,0.9292354019955108,1.0374688095054618
TSC_hom,OFT-0726,medium,3.4715602731473068,763,1.1068035563877021,0.9397469015913242,0.8490638615748541,0.803722341566619,0.8717346215789716,0.9397469015913242,NaN,0.8490638615748541,NaN,0.8490638615748541,1.1068035563877021
TSC_hom,OFT-0727,slow,3.0248335516788356,764,1.0822853715757366,0.8974079384961836,0.8291786640242734,0.7950640267883184,0.846235982642251,0.8974079384961836,NaN,0.8291786640242734,NaN,0.8291786640242734,1.0822853715757366
TSC_hom,OFT-0727,fast,4.341971855805435,765,1.0748145597758882,0.9838608511475293,0.9153773013204028,0.8811355264068396,0.9324981887771846,0.9838608511475293,NaN,0.9153773013204028,NaN,0.9153773013204028,1.0748145597758882
TSC_hom,OFT-0727,medium,3.589332796501169,766,1.0184684004196265,0.9061059864509928,0.8896751102711303,0.8814596721811989,0.8937828293160958,0.9061059864509928,NaN,0.8896751102711303,NaN,0.8896751102711303,1.0184684004196265
TSC_hom,OFT-0728,medium,3.3835449753524682,767,1.0403000499352506,0.8839982639202221,0.8497531687855279,0.8326306212181807,0.8583144425692014,0.8839982639202221,NaN,0.8497531687855279,NaN,0.8497531687855279,1.0403000499352506
TSC_hom,OFT-0728,slow,2.915690156789295,768,1.0253656246103606,0.9518936685871905,0.9283456025248658,0.9165715694937036,0.9342326190404471,0.9518936685871905,NaN,0.9283456025248658,NaN,0.9283456025248658,1.0253656246103606
TSC_hom,OFT-0728,fast,3.9764309497437162,769,0.9387148009601274,0.7531172015607289,0.8022854234219304,0.8268695343525312,0.7899933679566302,0.7531172015607289,NaN,0.8022854234219304,NaN,0.8022854234219304,0.9387148009601274
TSC_hom,OFT-0729,slow,3.0082087300901876,770,1.0006967640135853,0.7902132915652114,0.7896630827462969,0.7893879783368397,0.7898006349510254,0.7902132915652114,NaN,0.7896630827462969,NaN,0.7896630827462969,1.0006967640135853
TSC_hom,OFT-0729,medium,3.446831864658791,771,1.0365915758219906,0.8515737674514097,0.8215133012017134,0.8064830680768653,0.8290284177641376,0.8515737674514097,NaN,0.8215133012017134,NaN,0.8215133012017134,1.0365915758219906
TSC_hom,OFT-0729,fast,4.137825658563703,772,0.9759233906539255,0.8444725271821237,0.8653061656983936,0.8757229849565283,0.8600977560693261,0.8444725271821237,NaN,0.8653061656983936,NaN,0.8653061656983936,0.9759233906539255
TSC_hom,OFT-0730,medium,3.5797770816533316,773,1.0307259796587895,0.7410166011993797,0.7189268688509095,0.707882002676674,0.7244493019380269,0.7410166011993797,NaN,0.7189268688509095,NaN,0.7189268688509095,1.0307259796587895
TSC_hom,OFT-0730,slow,2.9944038850653736,774,1.107143544989486,0.9900636323245235,0.894250467164062,0.8463438845838311,0.9182037584541773,0.9900636323245235,NaN,0.894250467164062,NaN,0.894250467164062,1.107143544989486
TSC_hom,OFT-0730,fast,4.382972036588866,775,1.0026936941395943,0.947251279742774,0.944706529301159,0.9434341540803511,0.9453427169115626,0.947251279742774,NaN,0.944706529301159,NaN,0.944706529301159,1.0026936941395943
TSC_hom,OFT-0731,slow,3.1481539502570777,776,1.062160438356483,0.8355136749370647,0.7866172046756734,0.762168969544978,0.7988413222410213,0.8355136749370647,NaN,0.7866172046756734,NaN,0.7866172046756734,1.062160438356483
TSC_hom,OFT-0731,medium,3.7823175029485383,777,1.1046418483990526,0.9196158513679038,0.8325013692905938,0.7889441282519387,0.8542799898099211,0.9196158513679038,NaN,0.8325013692905938,NaN,0.8325013692905938,1.1046418483990526
TSC_hom,OFT-0731,fast,4.675455093942191,778,1.101766229566984,0.8617029101450093,0.7821104759071039,0.7423142587881515,0.8020085844665803,0.8617029101450093,NaN,0.7821104759071039,NaN,0.7821104759071039,1.101766229566984
TSC_hom,OFT-0732,fast,4.305200219222195,779,0.999901459721721,0.9093480526223001,0.9094376688632674,0.9094824769837508,0.9094152648030254,0.9093480526223001,NaN,0.9094376688632674,NaN,0.9094376688632674,0.999901459721721
TSC_hom,OFT-0732,medium,3.5834820888453383,780,1.1897222973074382,0.8146331586562334,0.6847254695485653,0.619771624994731,0.7172023918254823,0.8146331586562334,NaN,0.6847254695485653,NaN,0.6847254695485653,1.1897222973074382
TSC_hom,OFT-0732,slow,2.927658471446697,781,1.0822647200385571,0.9791362550322217,0.9047104991072227,0.8674976211447232,0.9233169380884724,0.9791362550322217,NaN,0.9047104991072227,NaN,0.9047104991072227,1.0822647200385571
TSC_hom,OFT-0733,medium,3.741464235608284,782,1.055213655730909,0.8661000088580664,0.8207816532265683,0.7981224754108192,0.8321112421344428,0.8661000088580664,NaN,0.8207816532265683,NaN,0.8207816532265683,1.055213655730909
TSC_hom,OFT-0733,fast,4.5522112650786735,783,1.052790678863393,0.8549349698691767,0.8120654818032547,0.7906307377702935,0.822782853819735,0.8549349698691767,NaN,0.8120654818032547,NaN,0.8120654818032547,1.052790678863393
TSC_hom,OFT-0733,slow,3.1336342840997715,784,1.0527965651366509,0.893555372738906,0.8487445745255867,0.8263391754189271,0.8599472740789165,0.893555372738906,NaN,0.8487445745255867,NaN,0.8487445745255867,1.0527965651366509
TSC_hom,OFT-0734,fast,4.204939273376223,785,1.0146253139441646,0.8193227049260354,0.8075125799306869,0.8016075174330128,0.8104651111795241,0.8193227049260354,NaN,0.8075125799306869,NaN,0.8075125799306869,1.0146253139441646
TSC_hom,OFT-0734,slow,2.992791691884763,786,1.007847136491651,0.9526852682685248,0.9452676242002865,0.9415588021661674,0.9471220352173462,0.9526852682685248,NaN,0.9452676242002865,NaN,0.9452676242002865,1.007847136491651
TSC_hom,OFT-0734,medium,3.5015979383785703,787,1.000457522883373,0.974528673880792,0.9740830086140463,0.9738601759806733,0.9741944249307327,0.974528673880792,NaN,0.9740830086140463,NaN,0.9740830086140463,1.000457522883373
TSC_hom,OFT-0735,slow,2.979826012679649,788,1.0291180604518777,0.9221398040675782,0.8960486065735488,0.8830030078265342,0.9025714059470562,0.9221398040675782,NaN,0.8960486065735488,NaN,0.8960486065735488,1.0291180604518777
TSC_hom,OFT-0735,fast,4.612672006915676,789,0.9908954191626871,0.8591656685803781,0.8670598853977735,0.8710069938064711,0.8650863311934246,0.8591656685803781,NaN,0.8670598853977735,NaN,0.8670598853977735,0.9908954191626871
TSC_hom,OFT-0735,medium,3.7630483078248167,790,1.041805051800359,0.8902646519883911,0.8545405404301999,0.8366784846511043,0.8634715683197477,0.8902646519883911,NaN,0.8545405404301999,NaN,0.8545405404301999,1.041805051800359
TSC_neg,OFT-0360-00,fast,5.292389145384897,791,1.0639169100760577,0.9031986694044859,0.8489372251258961,0.8218065029866015,0.8625025861955438,0.9031986694044859,NaN,0.8489372251258961,NaN,0.8489372251258961,1.0639169100760577
TSC_neg,OFT-0360-00,slow,3.2550054284804313,792,1.1389483474839444,0.9508909064844138,0.834885013517102,0.7768820670334462,0.86388648675893,0.9508909064844138,NaN,0.834885013517102,NaN,0.834885013517102,1.1389483474839444
TSC_neg,OFT-0360-00,medium,4.015907072646766,793,1.1501393641429407,0.9324920342112307,0.810764384980514,0.7499005603651556,0.841196297288193,0.9324920342112307,NaN,0.810764384980514,NaN,0.810764384980514,1.1501393641429407
TSC_neg,OFT-0362-00,slow,3.572439937210766,794,1.1022478490056904,0.8939495869617569,0.8110241156452843,0.769561379987048,0.8317554834744024,0.8939495869617569,NaN,0.8110241156452843,NaN,0.8110241156452843,1.1022478490056904
TSC_neg,OFT-0362-00,fast,5.647275044736459,795,1.0438890656265751,0.8451793048667959,0.8096447531610963,0.7918774773082466,0.8185283910875213,0.8451793048667959,NaN,0.8096447531610963,NaN,0.8096447531610963,1.0438890656265751
TSC_neg,OFT-0362-00,medium,4.464034199179567,796,1.1160662345955208,0.8100948834604256,0.7258483935355469,0.6837251485731073,0.7469100160167665,0.8100948834604256,NaN,0.7258483935355469,NaN,0.7258483935355469,1.1160662345955208
TSC_neg,OFT-0363-00,medium,4.075839591481486,797,1.1664026207666407,0.9708942270348494,0.8323834409740184,0.7631280479436031,0.8670111374892262,0.9708942270348494,NaN,0.8323834409740184,NaN,0.8323834409740184,1.1664026207666407
TSC_neg,OFT-0363-00,fast,4.799552654429162,798,1.1349572926860627,0.838356063147766,0.7386674974911688,0.6888232146628701,0.7635896389053181,0.838356063147766,NaN,0.7386674974911688,NaN,0.7386674974911688,1.1349572926860627
TSC_neg,OFT-0363-00,slow,3.29845876531816,799,1.164537897149469,0.8979193231614133,0.7710520416375637,0.7076184008756385,0.802768862018526,0.8979193231614133,NaN,0.7710520416375637,NaN,0.7710520416375637,1.164537897149469
TSC_neg,OFT-0368-00,fast,5.7589718520324915,800,1.0697004721649352,0.9686319343756078,0.9055169737517477,0.8739594934398174,0.9212957139077126,0.9686319343756078,NaN,0.9055169737517477,NaN,0.9055169737517477,1.0697004721649352
TSC_neg,OFT-0368-00,medium,4.267471045433864,801,1.1095000234825454,0.7995736839660419,0.7206612591645617,0.6812050467638218,0.7403893653649318,0.7995736839660419,NaN,0.7206612591645617,NaN,0.7206612591645617,1.1095000234825454
TSC_neg,OFT-0368-00,slow,3.2089948860013635,802,1.1299871549266327,0.6998068413628175,0.6193051295421621,0.5790542736318345,0.639430557497326,0.6998068413628175,NaN,0.6193051295421621,NaN,0.6193051295421621,1.1299871549266327
TSC_neg,OFT-0369-00,slow,3.207053752213547,803,1.1815644914324637,0.918362183128911,0.7772425371513486,0.7066827141625673,0.8125224486457392,0.918362183128911,NaN,0.7772425371513486,NaN,0.7772425371513486,1.1815644914324637
TSC_neg,OFT-0369-00,medium,3.807242194187006,804,1.1007315670939501,0.849326775901248,0.7716020883670686,0.7327397445999788,0.7910332602506134,0.849326775901248,NaN,0.7716020883670686,NaN,0.7716020883670686,1.1007315670939501
TSC_neg,OFT-0369-00,fast,4.553191821971601,805,1.110518321767749,0.9627570677985987,0.866943884605217,0.8190372930085259,0.8908971804035624,0.9627570677985987,NaN,0.866943884605217,NaN,0.866943884605217,1.110518321767749
TSC_neg,OFT-0372-00,fast,5.117011004225357,806,1.0464912694273456,0.8061083353917936,0.7702962833439663,0.7523902573200526,0.7792492963559231,0.8061083353917936,NaN,0.7702962833439663,NaN,0.7702962833439663,1.0464912694273456
TSC_neg,OFT-0372-00,medium,3.8448288491562446,807,1.067857292330379,0.9040340701902316,0.8465869706403962,0.8178634208654786,0.860948745527855,0.9040340701902316,NaN,0.8465869706403962,NaN,0.8465869706403962,1.067857292330379
TSC_neg,OFT-0372-00,slow,3.1257477933358464,808,1.143473517130383,0.9391213811128821,0.8212882651359211,0.7623717071474403,0.8507465441301612,0.9391213811128821,NaN,0.8212882651359211,NaN,0.8212882651359211,1.143473517130383
TSC_neg,OFT-0377-00,fast,5.3239584065685115,809,1.045228160496666,0.7307024774432541,0.6990841856920912,0.6832750398165099,0.706988758629882,0.7307024774432541,NaN,0.6990841856920912,NaN,0.6990841856920912,1.045228160496666
TSC_neg,OFT-0377-00,medium,4.110412198061071,810,1.0918352837682193,0.8379544351903734,0.7674733063199475,0.7322327418847345,0.785093588537554,0.8379544351903734,NaN,0.7674733063199475,NaN,0.7674733063199475,1.0918352837682193
TSC_neg,OFT-0377-00,slow,3.3151766009433374,811,1.0383970862599672,0.8762117637547961,0.8438118474606667,0.8276118893136022,0.8519118265341992,0.8762117637547961,NaN,0.8438118474606667,NaN,0.8438118474606667,1.0383970862599672
TSC_neg,OFT-0379-00,fast,5.88909563961493,812,1.0625792177582867,0.8632449719689397,0.8124052847467876,0.7869854411357118,0.8251152065523257,0.8632449719689397,NaN,0.8124052847467876,NaN,0.8124052847467876,1.0625792177582867
TSC_neg,OFT-0379-00,slow,3.5203971009346966,813,1.1366720914321162,0.750596020886281,0.6603452539602602,0.6152198704972499,0.6829079456917655,0.750596020886281,NaN,0.6603452539602602,NaN,0.6603452539602602,1.1366720914321162
TSC_neg,OFT-0379-00,medium,4.445707427526321,814,1.0183500522351,0.8553198119993537,0.8399074661233401,0.8322012931853333,0.8437605525923435,0.8553198119993537,NaN,0.8399074661233401,NaN,0.8399074661233401,1.0183500522351
TSC_neg,OFT-0380-00,medium,4.203221058439559,815,1.1409194635385744,0.8888231653648381,0.7790411100606024,0.7241500824084846,0.8064866238866613,0.8888231653648381,NaN,0.7790411100606024,NaN,0.7790411100606024,1.1409194635385744
TSC_neg,OFT-0380-00,fast,4.897276177642335,816,1.1327852396345854,0.9751619349617359,0.8608533205078698,0.8036990132809366,0.8894304741213364,0.9751619349617359,NaN,0.8608533205078698,NaN,0.8608533205078698,1.1327852396345854
TSC_neg,OFT-0380-00,slow,3.3933407107599183,817,1.1968859694424026,0.8691487695130731,0.7261750840959281,0.6546882413873557,0.7619185054502144,0.8691487695130731,NaN,0.7261750840959281,NaN,0.7261750840959281,1.1968859694424026
TSC_neg,OFT-0381-00,fast,5.58113913816552,818,1.0812159504432932,0.9783996711584024,0.9049068049331527,0.8681603718205276,0.9232800214894652,0.9783996711584024,NaN,0.9049068049331527,NaN,0.9049068049331527,1.0812159504432932
TSC_neg,OFT-0381-00,medium,4.466638169342249,819,1.0626858252243172,0.813325665887283,0.7653491244372267,0.7413608537121985,0.7773432597997405,0.813325665887283,NaN,0.7653491244372267,NaN,0.7653491244372267,1.0626858252243172
TSC_neg,OFT-0381-00,slow,3.4733296585127857,820,1.0682725891799074,0.8341537857347194,0.7808435732448058,0.7541884669998492,0.7941711263672842,0.8341537857347194,NaN,0.7808435732448058,NaN,0.7808435732448058,1.0682725891799074
TSC_neg,OFT-0382-00,fast,5.530742402022784,821,1.0858470788330443,0.9478749395437872,0.872935939158638,0.8354664389660635,0.8916706892549253,0.9478749395437872,NaN,0.872935939158638,NaN,0.872935939158638,1.0858470788330443
TSC_neg,OFT-0382-00,medium,4.400068710932146,822,1.0821632189243835,0.9207350301608105,0.8508282429668745,0.8158748493699066,0.8683049397653586,0.9207350301608105,NaN,0.8508282429668745,NaN,0.8508282429668745,1.0821632189243835
TSC_neg,OFT-0382-00,slow,3.341611452645359,823,1.0860353410126657,0.8957559245469395,0.8247944525559348,0.7893137165604325,0.842534820553686,0.8957559245469395,NaN,0.8247944525559348,NaN,0.8247944525559348,1.0860353410126657
TSC_neg,OFT-0386-00,fast,5.987798502940138,824,1.1110639015626937,0.759185133268739,0.683295652213124,0.6453509116853166,0.7022680224770279,0.759185133268739,NaN,0.683295652213124,NaN,0.683295652213124,1.1110639015626937
TSC_neg,OFT-0386-00,slow,3.4309704692470584,825,1.1084129427691842,0.9676128970962509,0.872971489018192,0.825650784979163,0.896631841037707,0.9676128970962509,NaN,0.872971489018192,NaN,0.872971489018192,1.1084129427691842
TSC_neg,OFT-0386-00,medium,4.434719805294308,826,1.0678816161579199,0.7919478947543256,0.7416064503513385,0.7164357281498451,0.7541918114520854,0.7919478947543256,NaN,0.7416064503513385,NaN,0.7416064503513385,1.0678816161579199
TSC_neg,OFT-0394-00,medium,4.1199230043184025,827,1.0159772696007354,0.9064951085831823,0.8922395566383311,0.8851117806659057,0.895803444624544,0.9064951085831823,NaN,0.8922395566383311,NaN,0.8922395566383311,1.0159772696007354
TSC_neg,OFT-0394-00,slow,3.3161313809928594,828,0.9803091667414614,0.8298939906864627,0.8465635320385942,0.85489830271466,0.8423961467005614,0.8298939906864627,NaN,0.8465635320385942,NaN,0.8465635320385942,0.9803091667414614
TSC_neg,OFT-0394-00,fast,5.154262993049224,829,1.0534513535075674,0.9371954319860778,0.8896428191635007,0.8658665127522124,0.9015309723691451,0.9371954319860778,NaN,0.8896428191635007,NaN,0.8896428191635007,1.0534513535075674
TSC_neg,OFT-0395-00,medium,3.894922019419566,830,1.134193690386617,0.8394462673730194,0.7401260247593814,0.6904659034525623,0.764956085412791,0.8394462673730194,NaN,0.7401260247593814,NaN,0.7401260247593814,1.134193690386617
TSC_neg,OFT-0395-00,fast,4.443931378709387,831,1.1899394368814793,0.8003023282865971,0.6725571936534691,0.6086846263369052,0.704493477311751,0.8003023282865971,NaN,0.6725571936534691,NaN,0.6725571936534691,1.1899394368814793
TSC_neg,OFT-0395-00,slow,3.32992610983369,832,1.026197675457123,0.8853446234808553,0.8627427684305324,0.851441840905371,0.868393232193113,0.8853446234808553,NaN,0.8627427684305324,NaN,0.8627427684305324,1.026197675457123
TSC_neg,OFT-0398-00,medium,3.5304946367665915,833,0.9899379899994988,0.8193296419534821,0.8276575404019972,0.831821489626255,0.8255755657898685,0.8193296419534821,NaN,0.8276575404019972,NaN,0.8276575404019972,0.9899379899994988
TSC_neg,OFT-0398-00,slow,3.066720636624053,834,1.0937623579403546,0.9412983059302239,0.8606058702758493,0.8202596524486621,0.880778979189443,0.9412983059302239,NaN,0.8606058702758493,NaN,0.8606058702758493,1.0937623579403546
TSC_neg,OFT-0398-00,fast,4.272592610040495,835,1.0475379160971148,0.7757986400278318,0.7405924197171583,0.7229893095618216,0.7493939747948267,0.7757986400278318,NaN,0.7405924197171583,NaN,0.7405924197171583,1.0475379160971148
TSC_neg,OFT-0399-00,fast,4.398380285719922,836,1.1011965423954944,0.890279199739691,0.8084653061142174,0.7675583593014803,0.8289187795205857,0.890279199739691,NaN,0.8084653061142174,NaN,0.8084653061142174,1.1011965423954944
TSC_neg,OFT-0399-00,slow,2.981342146349008,837,1.1808567869271458,0.7814533557690531,0.6617681029742565,0.6019254765768584,0.6916894161729557,0.7814533557690531,NaN,0.6617681029742565,NaN,0.6617681029742565,1.1808567869271458
TSC_neg,OFT-0399-00,medium,3.5664122290966658,838,1.1201070652136065,0.9567214561592082,0.8541339358276074,0.8028401756618071,0.8797808159105076,0.9567214561592082,NaN,0.8541339358276074,NaN,0.8541339358276074,1.1201070652136065
TSC_neg,OFT-0410-00,fast,4.775356231335905,839,1.0649764525684222,0.747938006959211,0.7023047365558138,0.6794881013541151,0.713713054156663,0.747938006959211,NaN,0.7023047365558138,NaN,0.7023047365558138,1.0649764525684222
TSC_neg,OFT-0410-00,slow,3.1513510820634645,840,1.0221514589074807,0.9251850361151575,0.9051349758909848,0.8951099457788985,0.910147490947028,0.9251850361151575,NaN,0.9051349758909848,NaN,0.9051349758909848,1.0221514589074807
TSC_neg,OFT-0410-00,medium,3.8689132987126467,841,1.0286648018625033,0.9917270384553822,0.9640915453311503,0.9502737987690341,0.9710004186122082,0.9917270384553822,NaN,0.9640915453311503,NaN,0.9640915453311503,1.0286648018625033
TSC_neg,OFT-0411-00,fast,5.234575233957493,842,1.1299909058460422,0.7511566071635506,0.6647457101445853,0.6215402616351026,0.6863484343993266,0.7511566071635506,NaN,0.6647457101445853,NaN,0.6647457101445853,1.1299909058460422
TSC_neg,OFT-0411-00,slow,3.3773192221952923,843,0.9836858997776744,0.6564708192506745,0.6673581672757994,0.6728018412883617,0.6646363302695182,0.6564708192506745,NaN,0.6673581672757994,NaN,0.6673581672757994,0.9836858997776744
TSC_neg,OFT-0411-00,medium,4.197338249787901,844,1.2164714710378906,0.8584726780644389,0.7057072019387286,0.6293244638758733,0.7438985709701562,0.8584726780644389,NaN,0.7057072019387286,NaN,0.7057072019387286,1.2164714710378906
TSC_neg,OFT-0414-00,fast,4.6232418107798505,845,1.0380530102596084,0.9955080746490084,0.9590146792214784,0.9407679815077137,0.968138028078361,0.9955080746490084,NaN,0.9590146792214784,NaN,0.9590146792214784,1.0380530102596084
TSC_neg,OFT-0414-00,medium,3.809890061021069,846,1.0527396644084173,0.9425833312631597,0.8953622278427598,0.8717516761325599,0.9071675036978599,0.9425833312631597,NaN,0.8953622278427598,NaN,0.8953622278427598,1.0527396644084173
TSC_neg,OFT-0414-00,slow,3.1237533997425335,847,1.0510952685449302,0.8680521713927243,0.8258548938141458,0.8047562550248566,0.8364042132087905,0.8680521713927243,NaN,0.8258548938141458,NaN,0.8258548938141458,1.0510952685449302
TSC_neg,OFT-0415-00,medium,3.582875619892324,848,0.9758399999923472,0.7250174884640724,0.742967585331364,0.7519426337650097,0.738480061114541,0.7250174884640724,NaN,0.742967585331364,NaN,0.742967585331364,0.9758399999923472
TSC_neg,OFT-0415-00,fast,4.5051278496598375,849,1.0526693358180628,0.9332011514816742,0.8865092956815864,0.8631633677815426,0.8981822596316085,0.9332011514816742,NaN,0.8865092956815864,NaN,0.8865092956815864,1.0526693358180628
TSC_neg,OFT-0415-00,slow,2.9307367107446116,850,0.9550818998260279,0.895347180239533,0.937455919123401,0.9585102885653352,0.926928734402434,0.895347180239533,NaN,0.937455919123401,NaN,0.937455919123401,0.9550818998260279
TSC_neg,OFT-0456-00,medium,4.3294631196098186,851,1.125212456640809,0.901647818741839,0.8013133994566712,0.7511461898140874,0.8263970042779634,0.901647818741839,NaN,0.8013133994566712,NaN,0.8013133994566712,1.125212456640809
TSC_neg,OFT-0456-00,fast,5.291547509690633,852,1.0711104770366842,0.9773608838129221,0.9124743943471377,0.8800311496142454,0.9286960167135837,0.9773608838129221,NaN,0.9124743943471377,NaN,0.9124743943471377,1.0711104770366842
TSC_neg,OFT-0456-00,slow,3.462168271388515,853,1.0697285309854374,0.9966476286890629,0.9316827585882446,0.8992003235378355,0.9479239761134491,0.9966476286890629,NaN,0.9316827585882446,NaN,0.9316827585882446,1.0697285309854374
TSC_neg,OFT-0457-00,slow,2.944152802946568,854,1.0691878618730004,0.800715094439837,0.7489002849668966,0.7229928802304266,0.7618539873351318,0.800715094439837,NaN,0.7489002849668966,NaN,0.7489002849668966,1.0691878618730004
TSC_neg,OFT-0457-00,medium,3.4637735466217614,855,1.09122319973715,0.7590798526431771,0.6956229054019577,0.6638944317813481,0.7114871422122626,0.7590798526431771,NaN,0.6956229054019577,NaN,0.6956229054019577,1.09122319973715
TSC_neg,OFT-0457-00,fast,4.205988422465641,856,1.051218221822913,0.9453466560407977,0.8992867859553236,0.8762568509125866,0.9108017534766921,0.9453466560407977,NaN,0.8992867859553236,NaN,0.8992867859553236,1.051218221822913
TSC_neg,OFT-0458-00,fast,5.540207422901653,857,1.085165215206569,0.9741885184652185,0.8977329026159162,0.8595050946912649,0.9168468065782418,0.9741885184652185,NaN,0.8977329026159162,NaN,0.8977329026159162,1.085165215206569
TSC_neg,OFT-0458-00,slow,3.6214012299178093,858,1.1947643991698003,0.7428875726158208,0.621785829182747,0.5612349574662099,0.6520612650410154,0.7428875726158208,NaN,0.621785829182747,NaN,0.621785829182747,1.1947643991698003
TSC_neg,OFT-0458-00,medium,4.531546002334141,859,1.0898427036225486,0.8145289026895695,0.7473820763144458,0.7138086631268838,0.7641687829082267,0.8145289026895695,NaN,0.7473820763144458,NaN,0.7473820763144458,1.0898427036225486
TSC_neg,OFT-0460-00,slow,4.402456531361906,860,1.1656164965211053,0.885951753192529,0.7600713921231702,0.6971312115884907,0.7915414823905098,0.885951753192529,NaN,0.7600713921231702,NaN,0.7600713921231702,1.1656164965211053
TSC_neg,OFT-0460-00,medium,5.5846757379995715,861,1.1349309050043124,0.9260472732463434,0.815950353596922,0.7609018937722114,0.8434745835092772,0.9260472732463434,NaN,0.815950353596922,NaN,0.815950353596922,1.1349309050043124
TSC_neg,OFT-0460-00,fast,6.868417803484875,862,1.0670533863003355,0.8999233516551299,0.843372377810753,0.8150968908885644,0.8575101212718473,0.8999233516551299,NaN,0.843372377810753,NaN,0.843372377810753,1.0670533863003355
TSC_neg,OFT-0469-00,slow,3.729002243544718,863,1.132479652616396,0.9555537262783664,0.8437712095495286,0.7878799511851095,0.8717168387317379,0.9555537262783664,NaN,0.8437712095495286,NaN,0.8437712095495286,1.132479652616396
TSC_neg,OFT-0469-00,fast,6.103642288691297,864,1.100367377990048,0.8221332758445778,0.7471443558662219,0.7096498958770441,0.7658915858608109,0.8221332758445778,NaN,0.7471443558662219,NaN,0.7471443558662219,1.100367377990048
TSC_neg,OFT-0469-00,medium,5.039160728622737,865,1.0784303725995166,0.862594667041628,0.7998612510906712,0.7684945431151925,0.8155446050784103,0.862594667041628,NaN,0.7998612510906712,NaN,0.7998612510906712,1.0784303725995166
TSC_neg,OFT-0471-00,medium,4.516511160335459,866,1.122744223215207,0.9384248714264944,0.8358313959871676,0.7845346582675038,0.8614797648469992,0.9384248714264944,NaN,0.8358313959871676,NaN,0.8358313959871676,1.122744223215207
TSC_neg,OFT-0471-00,fast,5.7806468923992265,867,1.0660802089085046,0.8250864853951313,0.7739440977334039,0.7483729039025402,0.7867296946488358,0.8250864853951313,NaN,0.7739440977334039,NaN,0.7739440977334039,1.0660802089085046
TSC_neg,OFT-0471-00,slow,3.504379499491263,868,1.1875828279387133,0.8756358706416151,0.7373261468940703,0.6681712850202983,0.7719035778309566,0.8756358706416151,NaN,0.7373261468940703,NaN,0.7373261468940703,1.1875828279387133
TSC_neg,OFT-0472-00,medium,3.5204300006400673,869,1.10796942554565,0.8965578416739968,0.8091900561538169,0.765506163393727,0.831032002533862,0.8965578416739968,NaN,0.8091900561538169,NaN,0.8091900561538169,1.10796942554565
TSC_neg,OFT-0472-00,fast,4.248770326281009,870,1.115591038191215,0.822369164930209,0.737160067423608,0.6945555186703075,0.7584623418002583,0.822369164930209,NaN,0.737160067423608,NaN,0.737160067423608,1.115591038191215
TSC_neg,OFT-0472-00,slow,2.9677075666835457,871,1.0122148953616183,0.773621400538253,0.7642857303160643,0.7596178952049698,0.7666196478716115,0.773621400538253,NaN,0.7642857303160643,NaN,0.7642857303160643,1.0122148953616183
TSC_neg,OFT-0473-00,slow,3.7242757602036303,872,1.1836063945843436,0.9646331095298633,0.8149948445222966,0.7401757120185135,0.8524044107741884,0.9646331095298633,NaN,0.8149948445222966,NaN,0.8149948445222966,1.1836063945843436
TSC_neg,OFT-0473-00,medium,4.541407674844176,873,1.1136395395197922,0.9574392343929271,0.8597389015172543,0.8108887350794178,0.8841639847361724,0.9574392343929271,NaN,0.8597389015172543,NaN,0.8597389015172543,1.1136395395197922
TSC_neg,OFT-0473-00,fast,5.44107387862427,874,1.0694682983875563,0.9433865906187436,0.882108045690642,0.8514687732265911,0.8974276819226674,0.9433865906187436,NaN,0.882108045690642,NaN,0.882108045690642,1.0694682983875563
TSC_neg,OFT-0474-00,medium,4.190497733434202,875,1.0843208805672655,0.9253452211420606,0.8533868873372278,0.8174077204348116,0.8713764707884362,0.9253452211420606,NaN,0.8533868873372278,NaN,0.8533868873372278,1.0843208805672655
TSC_neg,OFT-0474-00,fast,5.514851916960114,876,1.0745270680499315,0.8500648964720225,0.7911060798261077,0.7616266715031506,0.8058457839875866,0.8500648964720225,NaN,0.7911060798261077,NaN,0.7911060798261077,1.0745270680499315
TSC_neg,OFT-0474-00,slow,3.2918501664045037,877,1.0781029856794089,0.9082575942107758,0.8424590287526211,0.809559746023544,0.8589086701171599,0.9082575942107758,NaN,0.8424590287526211,NaN,0.8424590287526211,1.0781029856794089
TSC_neg,OFT-0476-00,fast,6.287125021979442,878,1.040976540245061,0.7524537962856818,0.7228345377586926,0.7080249084951982,0.73023935239044,0.7524537962856818,NaN,0.7228345377586926,NaN,0.7228345377586926,1.040976540245061
TSC_neg,OFT-0476-00,slow,3.490212214640186,879,1.113450084498543,0.8815481369451433,0.7917266783828573,0.7468159491017141,0.8141820430234288,0.8815481369451433,NaN,0.7917266783828573,NaN,0.7917266783828573,1.113450084498543
TSC_neg,OFT-0476-00,medium,4.7081620403302065,880,1.0616812726379339,0.927476217721578,0.8735919542190852,0.8466498224678387,0.8870630200947083,0.927476217721578,NaN,0.8735919542190852,NaN,0.8735919542190852,1.0616812726379339
TSC_neg,OFT-0481-00,medium,4.131217011058583,881,1.0657879105241324,0.9005638217506435,0.84497470168128,0.8171801416465985,0.858871981698621,0.9005638217506435,NaN,0.84497470168128,NaN,0.84497470168128,1.0657879105241324
TSC_neg,OFT-0481-00,slow,3.2815259377760864,882,1.049618928195834,0.9520406318775223,0.9070345496855352,0.884531508589542,0.918286070233532,0.9520406318775223,NaN,0.9070345496855352,NaN,0.9070345496855352,1.049618928195834
TSC_neg,OFT-0481-00,fast,4.93060278645116,883,1.0560308054809107,0.9881073048669908,0.935680379529281,0.9094669168604259,0.9487871108637085,0.9881073048669908,NaN,0.935680379529281,NaN,0.935680379529281,1.0560308054809107
TSC_neg,OFT-0482-00,fast,4.645543896386767,884,1.0919165833065807,0.863703092217871,0.7909973210612614,0.7546444354829565,0.809173763850414,0.863703092217871,NaN,0.7909973210612614,NaN,0.7909973210612614,1.0919165833065807
TSC_neg,OFT-0482-00,medium,3.7081136610119327,885,1.0704531624804077,0.8884386707391706,0.8299650109683632,0.8007281810829596,0.844583425911065,0.8884386707391706,NaN,0.8299650109683632,NaN,0.8299650109683632,1.0704531624804077
TSC_neg,OFT-0482-00,slow,3.016006842844685,886,1.0659030825871794,0.8285233908886052,0.7772971149286839,0.7516839769487234,0.7901036839186641,0.8285233908886052,NaN,0.7772971149286839,NaN,0.7772971149286839,1.0659030825871794
TSC_neg,OFT-0483-00,fast,6.5717471833480685,887,1.0955837867348424,0.7775947870125335,0.7097538284406267,0.6758333491546733,0.7267140680836035,0.7775947870125335,NaN,0.7097538284406267,NaN,0.7097538284406267,1.0955837867348424
TSC_neg,OFT-0483-00,medium,4.862003997854379,888,1.1344384888804973,0.9868174199611184,0.8698730073368223,0.811400801024674,0.8991091104928962,0.9868174199611184,NaN,0.8698730073368223,NaN,0.8698730073368223,1.1344384888804973
TSC_neg,OFT-0483-00,slow,3.6907281035057484,889,1.1627135700884637,0.9544216507335419,0.8208570668534693,0.7540747749134331,0.8542482128234875,0.9544216507335419,NaN,0.8208570668534693,NaN,0.8208570668534693,1.1627135700884637
TSC_neg,OFT-0488-00,fast,5.238223611958909,890,1.0200341411537504,0.9311249732388192,0.9128370665962543,0.9036931132749719,0.9174090432568955,0.9311249732388192,NaN,0.9128370665962543,NaN,0.9128370665962543,1.0200341411537504
TSC_neg,OFT-0488-00,medium,4.135761326406918,891,1.081214771531424,0.9533696200525997,0.8817578571390164,0.8459519756822249,0.8996607978674125,0.9533696200525997,NaN,0.8817578571390164,NaN,0.8817578571390164,1.081214771531424
TSC_neg,OFT-0488-00,slow,3.1040828564911385,892,1.1246988121555324,0.9766446851837544,0.8683610888785185,0.8142192907259005,0.8954319879548275,0.9766446851837544,NaN,0.8683610888785185,NaN,0.8683610888785185,1.1246988121555324
TSC_neg,OFT-0490-00,fast,4.972094392646608,893,1.0735430973627629,0.9819421610290349,0.9146741881543904,0.8810402017170682,0.9314911813730515,0.9819421610290349,NaN,0.9146741881543904,NaN,0.9146741881543904,1.0735430973627629
TSC_neg,OFT-0490-00,medium,4.228368239386963,894,1.033320094447672,0.9056381188939349,0.8764352147608382,0.8618337626942896,0.8837359407941122,0.9056381188939349,NaN,0.8764352147608382,NaN,0.8764352147608382,1.033320094447672
TSC_neg,OFT-0490-00,slow,3.4923516597896005,895,1.106212028621702,0.9384964947860288,0.8483875337672467,0.8033330532578558,0.8709147740219423,0.9384964947860288,NaN,0.8483875337672467,NaN,0.8483875337672467,1.106212028621702
TSC_neg,OFT-0491-00,slow,3.065463764833642,896,1.096712067007473,0.8681477976520594,0.7915913609129129,0.7533131425433397,0.8107304700976996,0.8681477976520594,NaN,0.7915913609129129,NaN,0.7915913609129129,1.096712067007473
TSC_neg,OFT-0491-00,fast,4.637248476798364,897,1.0942770487451208,0.9865508179997747,0.9015548842325782,0.8590569173489802,0.9228038676743773,0.9865508179997747,NaN,0.9015548842325782,NaN,0.9015548842325782,1.0942770487451208
TSC_neg,OFT-0491-00,medium,3.7580304057396594,898,1.0513942173015858,0.9618779261978134,0.91485944127264,0.891350198810053,0.9266140625039332,0.9618779261978134,NaN,0.91485944127264,NaN,0.91485944127264,1.0513942173015858
TSC_neg,OFT-0512-00,slow,3.4376679684968283,899,1.1383949964349198,0.812129149443972,0.7133983827997263,0.6640329994776035,0.7380810744607877,0.812129149443972,NaN,0.7133983827997263,NaN,0.7133983827997263,1.1383949964349198
TSC_neg,OFT-0512-00,medium,4.254988121524452,900,1.1097557037327197,0.891896414426151,0.8036871641445158,0.7595825390036982,0.8257394767149245,0.891896414426151,NaN,0.8036871641445158,NaN,0.8036871641445158,1.1097557037327197
TSC_neg,OFT-0512-00,fast,5.3051864324943505,901,1.0469870285162142,0.9687654467013773,0.9252888720830743,0.9035505847739229,0.93615801573765,0.9687654467013773,NaN,0.9252888720830743,NaN,0.9252888720830743,1.0469870285162142
TSC_neg,OFT-0527-00,slow,3.0783765299221324,902,1.0186443787732955,0.7509009896931458,0.7371571525260069,0.7302852339424375,0.7405931118177916,0.7509009896931458,NaN,0.7371571525260069,NaN,0.7371571525260069,1.0186443787732955
TSC_neg,OFT-0527-00,fast,4.691555195297062,903,1.0705944933356555,0.7674253927665403,0.7168217261938925,0.6915198929075685,0.7294726428370544,0.7674253927665403,NaN,0.7168217261938925,NaN,0.7168217261938925,1.0705944933356555
TSC_neg,OFT-0527-00,medium,3.720499380210182,904,1.0269257838688874,0.8822744731219107,0.8591414170145667,0.847574888960895,0.8649246810414026,0.8822744731219107,NaN,0.8591414170145667,NaN,0.8591414170145667,1.0269257838688874
TSC_neg,OFT-0530-00,fast,4.834904444833382,905,1.0628929972647074,0.8409940727931717,0.7912311728061249,0.7663497228126015,0.8036718978028867,0.8409940727931717,NaN,0.7912311728061249,NaN,0.7912311728061249,1.0628929972647074
TSC_neg,OFT-0530-00,slow,2.965252167925765,906,1.0866968049235946,0.8121237663951929,0.7473324322990839,0.7149367652510294,0.7635302658231111,0.8121237663951929,NaN,0.7473324322990839,NaN,0.7473324322990839,1.0866968049235946
TSC_neg,OFT-0530-00,medium,3.6573444531394976,907,1.107909950266778,0.9350069093658093,0.8439376405462063,0.7984030061364052,0.8667049577511072,0.9350069093658093,NaN,0.8439376405462063,NaN,0.8439376405462063,1.107909950266778
TSC_neg,OFT-0538-00,fast,4.500296110038739,908,1.1739397951764847,0.88362230680595,0.752698145540854,0.6872360649083058,0.785429185857128,0.88362230680595,NaN,0.752698145540854,NaN,0.752698145540854,1.1739397951764847
TSC_neg,OFT-0538-00,slow,3.0849816558395275,909,1.029768282364603,0.9025495006116366,0.8764588267752424,0.8634134898570456,0.8829814952343411,0.9025495006116366,NaN,0.8764588267752424,NaN,0.8764588267752424,1.029768282364603
TSC_neg,OFT-0538-00,medium,3.7788325030917935,910,1.090766200196948,0.9829863134354578,0.9011888278697767,0.8602900850869362,0.9216381992611969,0.9829863134354578,NaN,0.9011888278697767,NaN,0.9011888278697767,1.090766200196948
TSC_neg,OFT-0545-00,slow,3.2520815917439596,911,1.0687425129850288,0.8170970334028075,0.764540591840622,0.7382623710595291,0.7776797022311682,0.8170970334028075,NaN,0.764540591840622,NaN,0.764540591840622,1.0687425129850288
TSC_neg,OFT-0545-00,medium,3.7984668354821918,912,1.108541720715903,0.868652155926166,0.7835989748452454,0.7410723843047854,0.8048622701154756,0.868652155926166,NaN,0.7835989748452454,NaN,0.7835989748452454,1.108541720715903
TSC_neg,OFT-0545-00,fast,4.426572762046124,913,1.0789394941498966,0.8699759789093637,0.8063250846098867,0.7744996374601483,0.822237808184756,0.8699759789093637,NaN,0.8063250846098867,NaN,0.8063250846098867,1.0789394941498966
TSC_neg,OFT-0587-00,slow,3.244848040222078,914,1.0870036785440913,0.9000632900954362,0.8280223037524225,0.7920018105809157,0.8460325503381759,0.9000632900954362,NaN,0.8280223037524225,NaN,0.8280223037524225,1.0870036785440913
TSC_neg,OFT-0587-00,fast,5.133957721635569,915,1.1246195424251688,0.9604655437681523,0.854035971753586,0.800821185746303,0.8806433647572276,0.9604655437681523,NaN,0.854035971753586,NaN,0.854035971753586,1.1246195424251688
TSC_neg,OFT-0587-00,medium,4.063896570300577,916,1.1023619307113752,0.9805119959224133,0.8894646745372187,0.8439410138446213,0.9122265048835174,0.9805119959224133,NaN,0.8894646745372187,NaN,0.8894646745372187,1.1023619307113752
TSC_neg,OFT-0590-00,slow,3.5415717510439415,917,1.135463447493299,0.9867444728198562,0.8690235471676683,0.8101630843415744,0.8984537785807154,0.9867444728198562,NaN,0.8690235471676683,NaN,0.8690235471676683,1.135463447493299
TSC_neg,OFT-0590-00,fast,5.272240160691358,918,1.0981982503587708,0.8251437079498842,0.751361339066346,0.7144701546245769,0.7698069312872304,0.8251437079498842,NaN,0.751361339066346,NaN,0.751361339066346,1.0981982503587708
TSC_neg,OFT-0590-00,medium,4.3143213294633975,919,1.0531340970492606,0.9854858465472148,0.935764827393219,0.9109043178162213,0.9481950821817179,0.9854858465472148,NaN,0.935764827393219,NaN,0.935764827393219,1.0531340970492606
TSC_neg,OFT-0593-00,medium,4.23898056605559,920,1.0679133230278006,0.9935453965155151,0.9303614582675737,0.8987694891436027,0.9461574428295589,0.9935453965155151,NaN,0.9303614582675737,NaN,0.9303614582675737,1.0679133230278006
TSC_neg,OFT-0593-00,fast,5.438956790128279,921,1.0151684413489277,0.8469187208124984,0.8342642327288429,0.8279369886870148,0.8374278547497567,0.8469187208124984,NaN,0.8342642327288429,NaN,0.8342642327288429,1.0151684413489277
TSC_neg,OFT-0593-00,slow,3.3084460802441753,922,1.0025151023969305,0.9478131202245745,0.9454352537517209,0.9442463205152939,0.9460297203699342,0.9478131202245745,NaN,0.9454352537517209,NaN,0.9454352537517209,1.0025151023969305
TSC_neg,OFT-0596-00,fast,5.040823955974406,923,1.0704472278973272,0.9682778508134251,0.9045544942139813,0.8726928159142595,0.9204853333638421,0.9682778508134251,NaN,0.9045544942139813,NaN,0.9045544942139813,1.0704472278973272
TSC_neg,OFT-0596-00,slow,3.235658462518714,924,1.0546320344091826,0.9158760592084086,0.8684318599534038,0.8447097603259011,0.8802929097671547,0.9158760592084086,NaN,0.8684318599534038,NaN,0.8684318599534038,1.0546320344091826
TSC_neg,OFT-0596-00,medium,3.990592566109634,925,1.0637762424452242,0.9426217741730643,0.8861090674541942,0.8578527140947594,0.9002372441339118,0.9426217741730643,NaN,0.8861090674541942,NaN,0.8861090674541942,1.0637762424452242
TSC_neg,OFT-0600-00,medium,3.9191487793145963,926,1.0405594567708631,0.8632007753368074,0.8295544956321405,0.812731355779807,0.8379660655583071,0.8632007753368074,NaN,0.8295544956321405,NaN,0.8295544956321405,1.0405594567708631
TSC_neg,OFT-0600-00,fast,4.864560437997978,927,1.0427079814507478,0.8305110145297891,0.7964943486615271,0.779486015727396,0.8049985151285926,0.8305110145297891,NaN,0.7964943486615271,NaN,0.7964943486615271,1.0427079814507478
TSC_neg,OFT-0600-00,slow,3.0550393857559124,928,1.0184587531916212,0.7495370828727306,0.7359523206255035,0.72915993950189,0.7393485111873103,0.7495370828727306,NaN,0.7359523206255035,NaN,0.7359523206255035,1.0184587531916212
TSC_neg,OFT-0603-00,medium,4.389289515472299,929,1.0529304833175617,0.8535192216168466,0.8106130795335962,0.7891600084919713,0.8213396150544089,0.8535192216168466,NaN,0.8106130795335962,NaN,0.8106130795335962,1.0529304833175617
TSC_neg,OFT-0603-00,fast,5.4294596008794365,930,1.0487874612082715,0.8628321986324232,0.8226949983158497,0.802626398157563,0.8327292983949931,0.8628321986324232,NaN,0.8226949983158497,NaN,0.8226949983158497,1.0487874612082715
TSC_neg,OFT-0603-00,slow,3.3314461136972193,931,1.0041087932243122,0.9258877073426651,0.9220989932470665,0.9202046361992672,0.9230461717709664,0.9258877073426651,NaN,0.9220989932470665,NaN,0.9220989932470665,1.0041087932243122
TSC_neg,OFT-0609-00,fast,5.065588136967864,932,1.057501842485561,0.8631590180957898,0.8162245997293147,0.7927573905460772,0.8279582043209335,0.8631590180957898,NaN,0.8162245997293147,NaN,0.8162245997293147,1.057501842485561
TSC_neg,OFT-0609-00,slow,2.9985464712357714,933,1.0132897747288852,0.7257185653524,0.7162004230690796,0.7114413519274194,0.7185799586399098,0.7257185653524,NaN,0.7162004230690796,NaN,0.7162004230690796,1.0132897747288852
TSC_neg,OFT-0609-00,medium,3.8616597849186958,934,1.0533655924738516,0.9641970877522946,0.9153489487803158,0.8909248792943265,0.9275609835233105,0.9641970877522946,NaN,0.9153489487803158,NaN,0.9153489487803158,1.0533655924738516
TSC_neg,OFT-0615-00,fast,5.3857166525738425,935,1.0740186842923773,0.9516346293197535,0.8860503483202834,0.8532582078205483,0.902446418570151,0.9516346293197535,NaN,0.8860503483202834,NaN,0.8860503483202834,1.0740186842923773
TSC_neg,OFT-0615-00,slow,3.119054679701179,936,1.1048980461644946,0.9026346966885779,0.8169393545603173,0.7740916834961871,0.8383631900923825,0.9026346966885779,NaN,0.8169393545603173,NaN,0.8169393545603173,1.1048980461644946
TSC_neg,OFT-0615-00,medium,4.022678765741599,937,1.0642251209231899,0.8310225009995984,0.7808709686148981,0.755795202422548,0.7934088517110732,0.8310225009995984,NaN,0.7808709686148981,NaN,0.7808709686148981,1.0642251209231899
TSC_neg,OFT-0616-00,medium,4.308818593316341,938,1.028049430688435,0.8204937429101709,0.7981072878574778,0.7869140603311313,0.8037039016206511,0.8204937429101709,NaN,0.7981072878574778,NaN,0.7981072878574778,1.028049430688435
TSC_neg,OFT-0616-00,slow,3.5483779175986867,939,1.1562194204867935,0.8876380943811486,0.7677073042134456,0.7077419091295941,0.7976900017553713,0.8876380943811486,NaN,0.7677073042134456,NaN,0.7677073042134456,1.1562194204867935
TSC_neg,OFT-0616-00,fast,5.0962537027550505,940,1.2212809645339198,0.9245383500596203,0.7570234670876524,0.6732660256016687,0.7989021878306446,0.9245383500596203,NaN,0.7570234670876524,NaN,0.7570234670876524,1.2212809645339198
TSC_neg,OFT-0618-00,slow,3.394187032470924,941,1.1042497857143059,0.9312332377911658,0.8433175626009103,0.7993597250057829,0.8652964813984743,0.9312332377911658,NaN,0.8433175626009103,NaN,0.8433175626009103,1.1042497857143059
TSC_neg,OFT-0618-00,medium,4.101591930980765,942,1.1482130996284838,0.9427526599536403,0.8210607075103722,0.7602147312887382,0.8514836956211893,0.9427526599536403,NaN,0.8210607075103722,NaN,0.8210607075103722,1.1482130996284838
TSC_neg,OFT-0618-00,fast,4.960299194495504,943,1.1334374740347215,0.9926338410616559,0.8757729154023434,0.8173424525726871,0.9049881468171715,0.9926338410616559,NaN,0.8757729154023434,NaN,0.8757729154023434,1.1334374740347215
TSC_neg,OFT-0619-00,slow,2.9882947418885206,944,1.089311264608364,0.9847039578875727,0.9039693151815515,0.8636019938285411,0.9241529758580569,0.9847039578875727,NaN,0.9039693151815515,NaN,0.9039693151815515,1.089311264608364
TSC_neg,OFT-0619-00,medium,3.511355644501487,945,1.1205295568118832,0.9525806575789258,0.850116493391925,0.7988844112984244,0.8757325344386753,0.9525806575789258,NaN,0.850116493391925,NaN,0.850116493391925,1.1205295568118832
TSC_neg,OFT-0619-00,fast,4.177628627358945,946,1.0964468001105396,0.895466523865746,0.8166985610022014,0.777314579570429,0.8363905517180876,0.895466523865746,NaN,0.8166985610022014,NaN,0.8166985610022014,1.0964468001105396
TSC_neg,OFT-0622-00,slow,2.8640473279311323,947,1.0475573920300576,0.96123470905777,0.9175962256301746,0.8957769839163767,0.9285058464870735,0.96123470905777,NaN,0.9175962256301746,NaN,0.9175962256301746,1.0475573920300576
TSC_neg,OFT-0622-00,medium,3.294331074131721,948,1.0661181984284702,0.9915161767794364,0.9300246241373591,0.8992788478163205,0.9453975122978784,0.9915161767794364,NaN,0.9300246241373591,NaN,0.9300246241373591,1.0661181984284702
TSC_neg,OFT-0622-00,fast,3.9787920910538737,949,1.0513292878114406,0.8881545991083597,0.8447920260618224,0.8231107395385533,0.8556326693234565,0.8881545991083597,NaN,0.8447920260618224,NaN,0.8447920260618224,1.0513292878114406
TSC_neg,OFT-0623-00,slow,3.128166232026951,950,1.063244071019243,0.9520563436578755,0.8954259606124292,0.867110769089706,0.9095835563737908,0.9520563436578755,NaN,0.8954259606124292,NaN,0.8954259606124292,1.063244071019243
TSC_neg,OFT-0623-00,medium,3.806699913021764,951,1.0565054176116453,0.9037323569883453,0.8553977499058534,0.8312304463646076,0.8674814016764765,0.9037323569883453,NaN,0.8553977499058534,NaN,0.8553977499058534,1.0565054176116453
TSC_neg,OFT-0623-00,fast,4.645680473178462,952,1.0946801306256182,0.828597362920264,0.7569310337684801,0.7210978691925881,0.7748476160564262,0.828597362920264,NaN,0.7569310337684801,NaN,0.7569310337684801,1.0946801306256182
TSC_neg,OFT-0625-00,slow,2.8702401962461512,953,0.994219993804862,0.6815989293486351,0.6855614789440798,0.6875427537418022,0.6845708415452187,0.6815989293486351,NaN,0.6855614789440798,NaN,0.6855614789440798,0.994219993804862
TSC_neg,OFT-0625-00,fast,3.9460516947137685,954,1.0447212312347265,0.916285358741637,0.8770620633972425,0.8574504157250453,0.8868678872333411,0.916285358741637,NaN,0.8770620633972425,NaN,0.8770620633972425,1.0447212312347265
TSC_neg,OFT-0625-00,medium,3.3868926819916623,955,1.0072411546018893,0.7717504748281516,0.7662022856216444,0.7634281910183909,0.7675893329232713,0.7717504748281516,NaN,0.7662022856216444,NaN,0.7662022856216444,1.0072411546018893
TSC_neg,OFT-0626-00,medium,3.6713036178706635,956,0.9823599462372677,0.8471735613793901,0.8623860985215431,0.8699923670926195,0.8585829642360048,0.8471735613793901,NaN,0.8623860985215431,NaN,0.8623860985215431,0.9823599462372677
TSC_neg,OFT-0626-00,slow,3.041093194428056,957,1.1230214825041613,0.9956317862253516,0.8865652186859768,0.8320319349162895,0.9138318605708207,0.9956317862253516,NaN,0.8865652186859768,NaN,0.8865652186859768,1.1230214825041613
TSC_neg,OFT-0626-00,fast,4.352329273344821,958,1.0861031366880194,0.9820773697244507,0.904221097012217,0.8652929606561,0.9236851651902755,0.9820773697244507,NaN,0.904221097012217,NaN,0.904221097012217,1.0861031366880194
TSC_neg,OFT-0627-00,fast,3.635462567335309,959,1.1083583987510923,0.8188936718787428,0.7388347242205041,0.6988052503913846,0.7588494611350637,0.8188936718787428,NaN,0.7388347242205041,NaN,0.7388347242205041,1.1083583987510923
TSC_neg,OFT-0627-00,slow,2.6455802720624146,960,1.0618178907558669,0.8714775482106925,0.8207410666157843,0.7953728258183301,0.8334251870145113,0.8714775482106925,NaN,0.8207410666157843,NaN,0.8207410666157843,1.0618178907558669
TSC_neg,OFT-0627-00,medium,2.9811855228711397,961,0.9902655061747877,0.8049827137605874,0.8128958433280046,0.816852408111713,0.8109175609361503,0.8049827137605874,NaN,0.8128958433280046,NaN,0.8128958433280046,0.9902655061747877
TSC_neg,OFT-0629-00,slow,2.652073793235349,962,1.1800149907127866,0.8834015604088021,0.7486358795113142,0.6812530390625702,0.7823272997356862,0.8834015604088021,NaN,0.7486358795113142,NaN,0.7486358795113142,1.1800149907127866
TSC_neg,OFT-0629-00,fast,3.39328109039092,963,1.0058259717478564,0.8859160728708207,0.8807846464049199,0.8782189331719695,0.8820675030213951,0.8859160728708207,NaN,0.8807846464049199,NaN,0.8807846464049199,1.0058259717478564
TSC_neg,OFT-0629-00,medium,2.995549991783894,964,0.8435352358334068,0.6879802091397892,0.8155915484195152,0.8793972180593785,0.7836887135995839,0.6879802091397892,NaN,0.8155915484195152,NaN,0.8155915484195152,0.8435352358334068
TSC_neg,OFT-0631-00,medium,3.0803430589436105,965,1.0619971948454947,0.705031182418833,0.6638729234321611,0.643293793938825,0.6741624881788291,0.705031182418833,NaN,0.6638729234321611,NaN,0.6638729234321611,1.0619971948454947
TSC_neg,OFT-0631-00,slow,2.623966718090505,966,1.0207343956908328,0.8689969045595236,0.8513447849196721,0.8425187250997463,0.855757814829635,0.8689969045595236,NaN,0.8513447849196721,NaN,0.8513447849196721,1.0207343956908328
TSC_neg,OFT-0631-00,fast,3.7023065763858143,967,1.0641871970920742,0.9299085423923839,0.8738204565262474,0.8457764135931791,0.8878424779927815,0.9299085423923839,NaN,0.8738204565262474,NaN,0.8738204565262474,1.0641871970920742
TSC_neg,OFT-0633-00,fast,3.3695524214044634,968,0.902258660629741,0.8115783708140856,0.8994963486941049,0.9434553376341147,0.8775168542241001,0.8115783708140856,NaN,0.8994963486941049,NaN,0.8994963486941049,0.902258660629741
TSC_neg,OFT-0633-00,slow,2.684319410803159,969,0.986463043644298,0.7609211287920064,0.7713630365522154,0.7765839904323201,0.7687525596121632,0.7609211287920064,NaN,0.7713630365522154,NaN,0.7713630365522154,0.986463043644298
TSC_neg,OFT-0633-00,medium,3.0276328991611807,970,1.0445928298304386,0.9145110280213158,0.8754712859457038,0.8559514149078978,0.8852312214646068,0.9145110280213158,NaN,0.8754712859457038,NaN,0.8754712859457038,1.0445928298304386
TSC_neg,OFT-0635-00,medium,3.923653174803888,971,1.0579358727013495,0.9470450668713815,0.8951819210489406,0.8692503481377205,0.9081477075045509,0.9470450668713815,NaN,0.8951819210489406,NaN,0.8951819210489406,1.0579358727013495
TSC_neg,OFT-0635-00,fast,4.718237802945771,972,1.121272520761116,0.9824337752815758,0.8761775189270696,0.8230493907498165,0.9027415830156963,0.9824337752815758,NaN,0.8761775189270696,NaN,0.8761775189270696,1.121272520761116
TSC_neg,OFT-0635-00,slow,3.141052939775399,973,1.1153096404206897,0.988149463681393,0.8859866604476471,0.8349052588307742,0.9115273612560835,0.988149463681393,NaN,0.8859866604476471,NaN,0.8859866604476471,1.1153096404206897
TSC_neg,OFT-0638-00,slow,3.6244426262774327,974,1.190356542416144,0.9859039469995888,0.8282425574764646,0.7494118627149027,0.8676579048572457,0.9859039469995888,NaN,0.8282425574764646,NaN,0.8282425574764646,1.190356542416144
TSC_neg,OFT-0638-00,medium,4.385127131750282,975,1.067447228021059,0.9927277332109863,0.9300016967128247,0.8986386784637435,0.9456832058373648,0.9927277332109863,NaN,0.9300016967128247,NaN,0.9300016967128247,1.067447228021059
TSC_neg,OFT-0638-00,fast,5.27365731118127,976,1.0630350783235285,0.9481093419757275,0.8918890460989811,0.8637788981606077,0.9059441200681675,0.9481093419757275,NaN,0.8918890460989811,NaN,0.8918890460989811,1.0630350783235285
TSC_neg,OFT-0659-00,fast,4.3508237219704275,977,1.007384927432027,0.9400255782663031,0.9331344480828864,0.9296888829911778,0.9348572306287406,0.9400255782663031,NaN,0.9331344480828864,NaN,0.9331344480828864,1.007384927432027
TSC_neg,OFT-0659-00,slow,3.0013532675265995,978,1.0588129652105738,0.9250884002002737,0.8737033173902388,0.8480107759852211,0.8865495880927474,0.9250884002002737,NaN,0.8737033173902388,NaN,0.8737033173902388,1.0588129652105738
TSC_neg,OFT-0659-00,medium,3.5792136451053205,979,1.1011920329326605,0.9545590025353583,0.8668415444245507,0.8229828153691469,0.8887709089522525,0.9545590025353583,NaN,0.8668415444245507,NaN,0.8668415444245507,1.1011920329326605
TSC_neg,OFT-0672-00,slow,2.839763592448721,980,1.0948488034550585,0.9759954531946706,0.8914431381892024,0.8491669806864679,0.9125812169405694,0.9759954531946706,NaN,0.8914431381892024,NaN,0.8914431381892024,1.0948488034550585
TSC_neg,OFT-0672-00,medium,3.1893068699773854,981,0.9211356163468075,0.8752068235131915,0.9501389458636198,0.9876050070388338,0.9314059152760126,0.8752068235131915,NaN,0.9501389458636198,NaN,0.9501389458636198,0.9211356163468075
TSC_neg,OFT-0672-00,fast,3.5794853895482905,982,1.0357754496197455,0.8817214171844661,0.851266958980505,0.8360397298785243,0.8588805735314952,0.8817214171844661,NaN,0.851266958980505,NaN,0.851266958980505,1.0357754496197455
TSC_neg,OFT-0680-00,medium,3.37815838440453,983,1.0259134312435816,0.7812434590416871,0.7615101189334145,0.7516434488792778,0.7664434539604825,0.7812434590416871,NaN,0.7615101189334145,NaN,0.7615101189334145,1.0259134312435816
TSC_neg,OFT-0680-00,fast,4.305137634463234,984,1.0471241951940824,0.7565105079395399,0.7224649295772619,0.7054421403961231,0.7309763241678315,0.7565105079395399,NaN,0.7224649295772619,NaN,0.7224649295772619,1.0471241951940824
TSC_neg,OFT-0680-00,slow,2.8157867844127966,985,1.037264039836895,0.7842096850524904,0.7560367032253463,0.741950212311774,0.7630799486821322,0.7842096850524904,NaN,0.7560367032253463,NaN,0.7560367032253463,1.037264039836895
new_preds,OFT-0000-00,fast,4.865858445508709,986,1.1342029465978345,0.9274133494641646,0.8176784871226461,0.7628110559518868,0.8451122027080258,0.9274133494641646,NaN,0.8176784871226461,NaN,0.8176784871226461,1.1342029465978345
new_preds,OFT-0000-00,medium,3.9877173577349248,987,1.0862475707386108,0.9467288763193454,0.8715590274467565,0.8339741030104622,0.8903514896649039,0.9467288763193454,NaN,0.8715590274467565,NaN,0.8715590274467565,1.0862475707386108
new_preds,OFT-0000-00,slow,3.287455485250596,988,1.076902402887893,0.9178625609786372,0.8523173116869606,0.8195446870411224,0.8687036240098798,0.9178625609786372,NaN,0.8523173116869606,NaN,0.8523173116869606,1.076902402887893
new_preds,OFT-0000-01,slow,3.188288600114681,989,1.0442208819822854,0.9281621637197783,0.8888561603535564,0.8692031586704452,0.8986826611951118,0.9281621637197783,NaN,0.8888561603535564,NaN,0.8888561603535564,1.0442208819822854
new_preds,OFT-0000-01,fast,4.9231637816385,990,1.0358609163750874,0.8306074356376376,0.801852278145875,0.7874746993999937,0.8090410675188155,0.8306074356376376,NaN,0.801852278145875,NaN,0.801852278145875,1.0358609163750874
new_preds,OFT-0000-01,medium,4.019991338464981,991,1.1345486028647307,0.9622564256479123,0.8481403293064912,0.7910822811357807,0.8766693533918464,0.9622564256479123,NaN,0.8481403293064912,NaN,0.8481403293064912,1.1345486028647307
new_preds,OFT-0001-00,slow,3.2804075172813056,992,1.1918562180100176,0.9277115282555624,0.7783753729997026,0.7037072953717726,0.8157094118136674,0.9277115282555624,NaN,0.7783753729997026,NaN,0.7783753729997026,1.1918562180100176
new_preds,OFT-0001-00,medium,4.011151105470768,993,1.0804200234640928,0.8476794166158859,0.7845832159774463,0.7530351156582267,0.8003572661370563,0.8476794166158859,NaN,0.7845832159774463,NaN,0.7845832159774463,1.0804200234640928
new_preds,OFT-0001-00,fast,5.056876761874492,994,1.038561673177852,0.9843914069865709,0.9478410694421954,0.9295659006700075,0.9569786538282892,0.9843914069865709,NaN,0.9478410694421954,NaN,0.9478410694421954,1.038561673177852
new_preds,OFT-0001-01,fast,5.008265456284565,995,1.096758215098888,0.8888473115742376,0.8104314144518131,0.771223465890601,0.8300353887324192,0.8888473115742376,NaN,0.8104314144518131,NaN,0.8104314144518131,1.096758215098888
new_preds,OFT-0001-01,medium,4.034656184790668,996,1.0202667505842504,0.9538913269888338,0.9349430689989583,0.9254689400040206,0.9396801334964271,0.9538913269888338,NaN,0.9349430689989583,NaN,0.9349430689989583,1.0202667505842504
new_preds,OFT-0001-01,slow,3.257076481362302,997,1.0688711411078653,0.7960962204991292,0.7448009305162735,0.7191532855248459,0.7576247530119875,0.7960962204991292,NaN,0.7448009305162735,NaN,0.7448009305162735,1.0688711411078653
new_preds,OFT-0003-00,slow,3.22582794725693,998,1.0909862341214907,0.7874393827501367,0.7217683946161034,0.688932900549087,0.7381861416496117,0.7874393827501367,NaN,0.7217683946161034,NaN,0.7217683946161034,1.0909862341214907
new_preds,OFT-0003-00,fast,5.054185544079343,999,1.1210756490612273,0.8855024846140986,0.7898686278268606,0.7420516994332418,0.8137770920236702,0.8855024846140986,NaN,0.7898686278268606,NaN,0.7898686278268606,1.1210756490612273
new_preds,OFT-0003-00,medium,3.967970938145328,1000,1.1207020870817783,0.8067205076921581,0.7198349293636063,0.6763921401993305,0.7415563239457443,0.8067205076921581,NaN,0.7198349293636063,NaN,0.7198349293636063,1.1207020870817783
new_preds,OFT-0004-00,slow,3.2130779148989523,1001,1.0503236604516821,0.871942881786034,0.8301658951594625,0.8092774018461771,0.8406101418161054,0.871942881786034,NaN,0.8301658951594625,NaN,0.8301658951594625,1.0503236604516821
new_preds,OFT-0004-00,fast,4.618396977704822,1002,1.0662125594686893,0.9396367634786843,0.8812846511083309,0.8521085949231543,0.8958726792009193,0.9396367634786843,NaN,0.8812846511083309,NaN,0.8812846511083309,1.0662125594686893
new_preds,OFT-0004-00,medium,3.8009880246578693,1003,1.0744919889761226,0.9608994595420924,0.8942825720438625,0.8609741282947475,0.91093679391842,0.9608994595420924,NaN,0.8942825720438625,NaN,0.8942825720438625,1.0744919889761226
new_preds,OFT-0004-02,slow,3.0978868259496473,1004,1.0654820412040646,0.869546947101631,0.8161066197971634,0.7893864561449295,0.8294667016232802,0.869546947101631,NaN,0.8161066197971634,NaN,0.8161066197971634,1.0654820412040646
new_preds,OFT-0004-02,medium,3.736920598288781,1005,1.0438488685468237,0.9516239197022358,0.9116491365527106,0.8916617449779481,0.9216428323400919,0.9516239197022358,NaN,0.9116491365527106,NaN,0.9116491365527106,1.0438488685468237
new_preds,OFT-0004-02,fast,4.492241106352463,1006,1.0196985956136109,0.7692940282655489,0.7544327623621182,0.747002129410403,0.758148078837976,0.7692940282655489,NaN,0.7544327623621182,NaN,0.7544327623621182,1.0196985956136109
new_preds,OFT-0005-00,medium,3.585326098836511,1007,1.0940860646617814,0.9365798741124185,0.8560385735302704,0.8157679232391961,0.8761738986758073,0.9365798741124185,NaN,0.8560385735302704,NaN,0.8560385735302704,1.0940860646617814
new_preds,OFT-0005-00,fast,4.270570361268608,1008,1.06101193470308,0.9787711593867869,0.9224883598134946,0.8943469600268485,0.9365590597068176,0.9787711593867869,NaN,0.9224883598134946,NaN,0.9224883598134946,1.06101193470308
new_preds,OFT-0005-00,slow,3.103252864412805,1009,1.1132911738322313,0.9307190562245072,0.8360068579549909,0.7886507588202327,0.85968490752237,0.9307190562245072,NaN,0.8360068579549909,NaN,0.8360068579549909,1.1132911738322313
new_preds,OFT-0005-01,fast,4.027670889929504,1010,0.9937428084165573,0.753362894190479,0.7581065118759422,0.760478320718674,0.7569206074545765,0.753362894190479,NaN,0.7581065118759422,NaN,0.7581065118759422,0.9937428084165573
new_preds,OFT-0005-01,slow,2.8852835762217923,1011,1.0668519657833333,0.9449374613804387,0.8857250037371592,0.8561187749155192,0.900528118147979,0.9449374613804387,NaN,0.8857250037371592,NaN,0.8857250037371592,1.0668519657833333
new_preds,OFT-0005-01,medium,3.358657186746214,1012,1.0038412306180546,0.7753592388118837,0.7723923018528568,0.7709088333733431,0.7731340360926136,0.7753592388118837,NaN,0.7723923018528568,NaN,0.7723923018528568,1.0038412306180546
new_preds,OFT-0005-02,slow,2.8164403043025863,1013,1.0576217688831597,0.9003476100099249,0.851294514257857,0.8267679663818228,0.8635577881958738,0.9003476100099249,NaN,0.851294514257857,NaN,0.851294514257857,1.0576217688831597
new_preds,OFT-0005-02,fast,3.6385653851688033,1014,1.088825844154706,0.8560678276694526,0.7862302610332034,0.7513114777150787,0.8036896526922657,0.8560678276694526,NaN,0.7862302610332034,NaN,0.7862302610332034,1.088825844154706
new_preds,OFT-0005-02,medium,3.246408391728612,1015,1.131470330444054,0.9983253717018763,0.8823257179974626,0.8243258911452558,0.911325631423566,0.9983253717018763,NaN,0.8823257179974626,NaN,0.8823257179974626,1.131470330444054
new_preds,OFT-0006-00,medium,3.985520304550596,1016,1.1392015833599811,0.9821155319630988,0.8621086437278555,0.8021051996102335,0.8921103657866662,0.9821155319630988,NaN,0.8621086437278555,NaN,0.8621086437278555,1.1392015833599811
new_preds,OFT-0006-00,fast,4.678818052949036,1017,1.153122550408876,0.808778870701068,0.7013815404219526,0.6476828752823948,0.7282308729917314,0.808778870701068,NaN,0.7013815404219526,NaN,0.7013815404219526,1.153122550408876
new_preds,OFT-0006-00,slow,3.3713591998694583,1018,1.2298629721156427,0.934320304927349,0.7596946376230082,0.6723818039708378,0.8033510544490934,0.934320304927349,NaN,0.7596946376230082,NaN,0.7596946376230082,1.2298629721156427
new_preds,OFT-0006-01,slow,3.216029422716493,1019,1.0408852751866753,0.8735773950946488,0.8392638611762272,0.8221070942170166,0.8478422446558327,0.8735773950946488,NaN,0.8392638611762272,NaN,0.8392638611762272,1.0408852751866753
new_preds,OFT-0006-01,medium,3.722549527148521,1020,1.062396492131667,0.9457280311166613,0.8901836914192799,0.8624115215705892,0.9040697763436253,0.9457280311166613,NaN,0.8901836914192799,NaN,0.8901836914192799,1.062396492131667
new_preds,OFT-0006-01,fast,4.645129741055468,1021,1.0460998646107864,0.8600403076113957,0.8221397752798522,0.8031895091140803,0.831614908362738,0.8600403076113957,NaN,0.8221397752798522,NaN,0.8221397752798522,1.0460998646107864
new_preds,OFT-0006-02,slow,3.1162274356468957,1022,0.9769150336637635,0.7106510765210539,0.7274440990593324,0.7358406103284716,0.7232458434247628,0.7106510765210539,NaN,0.7274440990593324,NaN,0.7274440990593324,0.9769150336637635
new_preds,OFT-0006-02,fast,4.79771787451065,1023,1.0893199211991704,0.9715834613607672,0.8919174637797922,0.8520844649893045,0.9118339631750358,0.9715834613607672,NaN,0.8919174637797922,NaN,0.8919174637797922,1.0893199211991704
new_preds,OFT-0006-02,medium,3.667721439511269,1024,1.1398325667981688,0.9363852083472284,0.8215111899965875,0.764074180821267,0.8502296945842478,0.9363852083472284,NaN,0.8215111899965875,NaN,0.8215111899965875,1.1398325667981688
new_preds,OFT-0007-00,medium,4.063950533703504,1025,1.1739608489664726,0.9843170947479427,0.8384581952750062,0.765528745538538,0.8749229201432404,0.9843170947479427,NaN,0.8384581952750062,NaN,0.8384581952750062,1.1739608489664726
new_preds,OFT-0007-00,fast,5.138372068256226,1026,1.2200061935815099,0.8262982214051947,0.6772901856993637,0.6027861678464483,0.7145421946258215,0.8262982214051947,NaN,0.6772901856993637,NaN,0.6772901856993637,1.2200061935815099
new_preds,OFT-0007-00,slow,3.3918069401917434,1027,1.2233896440089365,0.8926460539155945,0.7296498366542279,0.6481517280235447,0.7703988909695696,0.8926460539155945,NaN,0.7296498366542279,NaN,0.7296498366542279,1.2233896440089365
new_preds,OFT-0007-01,fast,4.680107769964028,1028,1.139382051171458,0.8946689808178581,0.7852229898636741,0.730499994386582,0.8125844876022201,0.8946689808178581,NaN,0.7852229898636741,NaN,0.7852229898636741,1.139382051171458
new_preds,OFT-0007-01,medium,3.652055983991954,1029,1.024002206758452,0.8541687837157601,0.8341474052284409,0.8241367159847813,0.8391527498502707,0.8541687837157601,NaN,0.8341474052284409,NaN,0.8341474052284409,1.024002206758452
new_preds,OFT-0007-01,slow,3.1054003581046437,1030,1.0294498487066237,0.9703591718819158,0.9425997518004903,0.9287200417597776,0.9495396068208467,0.9703591718819158,NaN,0.9425997518004903,NaN,0.9425997518004903,1.0294498487066237
new_preds,OFT-0008-00,medium,4.377285073864817,1031,1.0701815771745817,0.8385952627168234,0.7836009146511601,0.7561037406183285,0.797349501667576,0.8385952627168234,NaN,0.7836009146511601,NaN,0.7836009146511601,1.0701815771745817
new_preds,OFT-0008-00,fast,5.352618163458059,1032,1.1096472817293423,0.8303965362118392,0.7483427841301952,0.7073159080893732,0.7688562221506062,0.8303965362118392,NaN,0.7483427841301952,NaN,0.7483427841301952,1.1096472817293423
new_preds,OFT-0008-00,slow,3.54505488660592,1033,1.118963754501327,0.9146722539317702,0.8174279553312248,0.7688058060309517,0.841739029981361,0.9146722539317702,NaN,0.8174279553312248,NaN,0.8174279553312248,1.118963754501327
new_preds,OFT-0008-01,slow,3.524356348130878,1034,1.1398174451809657,0.7905479430348885,0.6935741739848309,0.6450872894598022,0.7178176162473453,0.7905479430348885,NaN,0.6935741739848309,NaN,0.6935741739848309,1.1398174451809657
new_preds,OFT-0008-01,fast,5.295091003958028,1035,1.067867549089575,0.9460060520715834,0.885883322213615,0.8558219572846311,0.9009140046781072,0.9460060520715834,NaN,0.885883322213615,NaN,0.885883322213615,1.067867549089575
new_preds,OFT-0008-01,medium,4.416039793592477,1036,1.1364902726018185,0.9552807149128435,0.8405533579498893,0.7831896794684122,0.8692351971906278,0.9552807149128435,NaN,0.8405533579498893,NaN,0.8405533579498893,1.1364902726018185
new_preds,OFT-0009-00,fast,4.681698328181988,1037,1.0794444562676258,0.8751012239402437,0.8106959268344981,0.7784932782816252,0.8267972511109345,0.8751012239402437,NaN,0.8106959268344981,NaN,0.8106959268344981,1.0794444562676258
new_preds,OFT-0009-00,slow,3.276385005857491,1038,1.1033297031358857,0.8637449562353724,0.7828529892564614,0.742407005767006,0.8030759810011894,0.8637449562353724,NaN,0.7828529892564614,NaN,0.7828529892564614,1.1033297031358857
new_preds,OFT-0009-00,medium,3.8657278514614197,1039,1.2567738888933855,0.863614260207348,0.6871675707455839,0.5989442260147018,0.7312792431110248,0.863614260207348,NaN,0.6871675707455839,NaN,0.6871675707455839,1.2567738888933855
new_preds,OFT-0009-01,fast,4.838515432139296,1040,1.123430886581882,0.9390107175045421,0.8358419985777218,0.7842576391143117,0.8616341783094269,0.9390107175045421,NaN,0.8358419985777218,NaN,0.8358419985777218,1.123430886581882
new_preds,OFT-0009-01,medium,3.9003290046737358,1041,1.079669995082599,0.8864715720367347,0.8210578936843717,0.7883510545081904,0.8374113132724625,0.8864715720367347,NaN,0.8210578936843717,NaN,0.8210578936843717,1.079669995082599
new_preds,OFT-0009-01,slow,3.2574125198388466,1042,1.0825457538299583,0.9371972662692402,0.8657345548246002,0.8300031991022799,0.88360023268576,0.9371972662692402,NaN,0.8657345548246002,NaN,0.8657345548246002,1.0825457538299583
new_preds,OFT-0010-00,medium,4.049368823347643,1043,1.0345026307718705,0.9505531646046598,0.9188504082347535,0.9029990300498003,0.9267760973272301,0.9505531646046598,NaN,0.9188504082347535,NaN,0.9188504082347535,1.0345026307718705
new_preds,OFT-0010-00,slow,3.130697969177332,1044,1.0832385778976825,0.8652389397559723,0.7987519623195127,0.7655084736012828,0.8153737066786275,0.8652389397559723,NaN,0.7987519623195127,NaN,0.7987519623195127,1.0832385778976825
new_preds,OFT-0010-00,fast,5.169350383446414,1045,1.129847351116103,0.6331609036912694,0.5603950861731993,0.5240121774141642,0.5785865405527169,0.6331609036912694,NaN,0.5603950861731993,NaN,0.5603950861731993,1.129847351116103
new_preds,OFT-0010-01,slow,3.093756885069224,1046,0.9981005157044545,0.8481306889787242,0.849744765816615,0.8505518042355604,0.8493412466071424,0.8481306889787242,NaN,0.849744765816615,NaN,0.849744765816615,0.9981005157044545
new_preds,OFT-0010-01,medium,3.832903832845738,1047,1.0927930042425769,0.9004895965388029,0.8240257697869681,0.7857938564110505,0.8431417264749267,0.9004895965388029,NaN,0.8240257697869681,NaN,0.8240257697869681,1.0927930042425769
new_preds,OFT-0010-01,fast,4.85894195620401,1048,1.0368903216608856,0.8013708320107702,0.7728597859097946,0.758604262859307,0.7799875474350384,0.8013708320107702,NaN,0.7728597859097946,NaN,0.7728597859097946,1.0368903216608856
new_preds,OFT-0010-02,fast,4.7402664321828665,1049,1.085408957241156,0.9511949153708207,0.8763470294077224,0.8389230864261732,0.8950590008984969,0.9511949153708207,NaN,0.8763470294077224,NaN,0.8763470294077224,1.085408957241156
new_preds,OFT-0010-02,slow,3.1233683240803436,1050,0.9153348556824122,0.8083267753171478,0.8830940614782047,0.9204777045587329,0.8644022399379405,0.8083267753171478,NaN,0.8830940614782047,NaN,0.8830940614782047,0.9153348556824122
new_preds,OFT-0010-02,medium,3.7440653058569144,1051,1.0454250529835314,0.8760157462856891,0.8379517439204598,0.8189197427378454,0.8474677445117672,0.8760157462856891,NaN,0.8379517439204598,NaN,0.8379517439204598,1.0454250529835314
new_preds,OFT-0011-00,medium,4.206560080158138,1052,1.0579091993305294,0.8104009521730031,0.7660401787656678,0.743859792062,0.7771303721175016,0.8104009521730031,NaN,0.7660401787656678,NaN,0.7660401787656678,1.0579091993305294
new_preds,OFT-0011-00,fast,5.442276437625884,1053,1.0962104634990975,0.7888266989181458,0.7195942067549835,0.6849779606734021,0.7369023297957741,0.7888266989181458,NaN,0.7195942067549835,NaN,0.7195942067549835,1.0962104634990975
new_preds,OFT-0011-00,slow,3.4552558320378246,1054,1.1399565296056686,0.9095233238656617,0.7978579009326628,0.7420251894661634,0.8257742566659125,0.9095233238656617,NaN,0.7978579009326628,NaN,0.7978579009326628,1.1399565296056686
new_preds,OFT-0011-01,fast,4.919334532339163,1055,1.1069312730264023,0.8713259341022959,0.7871545012185351,0.7450687847766548,0.8081973594394753,0.8713259341022959,NaN,0.7871545012185351,NaN,0.7871545012185351,1.1069312730264023
new_preds,OFT-0011-01,slow,3.281196514504739,1056,0.9597323142755012,0.7070424411430074,0.7367079659881531,0.7515407284107259,0.7292915847768668,0.7070424411430074,NaN,0.7367079659881531,NaN,0.7367079659881531,0.9597323142755012
new_preds,OFT-0011-01,medium,4.004290134823586,1057,1.0692100349450007,0.889714380399299,0.8321231108208456,0.8033274760316187,0.8465209282154588,0.889714380399299,NaN,0.8321231108208456,NaN,0.8321231108208456,1.0692100349450007
new_preds,OFT-0011-02,fast,4.5805242636828964,1058,1.0933471848903902,0.8693050127971953,0.7950859752607718,0.7579764564925602,0.8136407346448777,0.8693050127971953,NaN,0.7950859752607718,NaN,0.7950859752607718,1.0933471848903902
new_preds,OFT-0011-02,medium,3.843492722266322,1059,1.0967967483101126,0.8693795725013505,0.7926533095952785,0.7542901781422424,0.8118348753217964,0.8693795725013505,NaN,0.7926533095952785,NaN,0.7926533095952785,1.0967967483101126
new_preds,OFT-0011-02,slow,3.0061611885066615,1060,1.0368309703873,0.7264018101851023,0.7005981022285249,0.6876962482502359,0.7070490292176692,0.7264018101851023,NaN,0.7005981022285249,NaN,0.7005981022285249,1.0368309703873
new_preds,OFT-0012-00,fast,4.793073549128975,1061,1.1600407187776092,0.9487799398762959,0.8178850315496434,0.7524375773863171,0.8506087586313065,0.9487799398762959,NaN,0.8178850315496434,NaN,0.8178850315496434,1.1600407187776092
new_preds,OFT-0012-00,medium,3.8213633641999927,1062,1.0870711594912663,0.9200034367866814,0.8463139038820878,0.8094691374297909,0.8647362871082361,0.9200034367866814,NaN,0.8463139038820878,NaN,0.8463139038820878,1.0870711594912663
new_preds,OFT-0012-00,slow,3.1196685334747802,1063,1.083272572250671,0.911216538395249,0.841170137357075,0.806146936837988,0.8586817376166185,0.911216538395249,NaN,0.841170137357075,NaN,0.841170137357075,1.083272572250671
new_preds,OFT-0013-00,slow,3.045821747768325,1064,1.10451135976793,0.8451574534016365,0.765186746091243,0.7252013924360463,0.7851794229188416,0.8451574534016365,NaN,0.765186746091243,NaN,0.765186746091243,1.10451135976793
new_preds,OFT-0013-00,fast,4.559310232054689,1065,1.0524730665852615,0.9298649293992595,0.8835047270294499,0.8603246258445454,0.8950947776219025,0.9298649293992595,NaN,0.8835047270294499,NaN,0.8835047270294499,1.0524730665852615
new_preds,OFT-0013-00,medium,3.681880028127306,1066,1.0513215715076532,0.9612410058489207,0.9143168293126984,0.8908547410445873,0.9260478734467541,0.9612410058489207,NaN,0.9143168293126984,NaN,0.9143168293126984,1.0513215715076532
new_preds,OFT-0014-00,slow,3.242315863344689,1067,1.109621391017104,0.8996838812028431,0.8108025750820941,0.7663619220217196,0.8330229016122813,0.8996838812028431,NaN,0.8108025750820941,NaN,0.8108025750820941,1.109621391017104
new_preds,OFT-0014-00,fast,4.8984455238304525,1068,1.0659033186836215,0.8480862166296228,0.7956502262109472,0.7694322310016093,0.808759223815616,0.8480862166296228,NaN,0.7956502262109472,NaN,0.7956502262109472,1.0659033186836215
new_preds,OFT-0014-00,medium,3.9221714897169266,1069,1.101920172797461,0.975892801767708,0.885629309508142,0.8404975633783591,0.9081951825730334,0.975892801767708,NaN,0.885629309508142,NaN,0.885629309508142,1.101920172797461
new_preds,OFT-0015-00,slow,3.3204733062469027,1070,1.1509482773882107,0.9850796206764179,0.8558852209343496,0.7912880210633153,0.8881838208698667,0.9850796206764179,NaN,0.8558852209343496,NaN,0.8558852209343496,1.1509482773882107
new_preds,OFT-0015-00,fast,4.839203986548871,1071,1.1953756644117313,0.8561478264051676,0.7162165433796875,0.6462509018669477,0.7511993641360575,0.8561478264051676,NaN,0.7162165433796875,NaN,0.7162165433796875,1.1953756644117313
new_preds,OFT-0015-00,medium,4.001396931158731,1072,1.09995731942717,0.9739740651594928,0.8854653248425257,0.8412109546840421,0.9075925099217675,0.9739740651594928,NaN,0.8854653248425257,NaN,0.8854653248425257,1.09995731942717
new_preds,OFT-0016-00,medium,4.092745141733554,1073,1.071831295519291,0.7637940367409216,0.7126065827093352,0.687012855693542,0.7254034462172319,0.7637940367409216,NaN,0.7126065827093352,NaN,0.7126065827093352,1.071831295519291
new_preds,OFT-0016-00,fast,5.072823022469021,1074,1.082881753550134,0.8367090845596374,0.772668928824924,0.7406488509575675,0.7886789677586024,0.8367090845596374,NaN,0.772668928824924,NaN,0.772668928824924,1.082881753550134
new_preds,OFT-0016-00,slow,3.327591143921832,1075,1.1085524396076403,0.8094178872672566,0.7301575084294082,0.6905273190104841,0.7499726031388705,0.8094178872672566,NaN,0.7301575084294082,NaN,0.7301575084294082,1.1085524396076403
new_preds,OFT-0017-00,medium,3.6398298550786716,1076,1.1038310907429743,0.822257084226649,0.7449120532319836,0.706239537734651,0.7642483109806499,0.822257084226649,NaN,0.7449120532319836,NaN,0.7449120532319836,1.1038310907429743
new_preds,OFT-0017-00,fast,4.435558279506783,1077,1.0501661180344994,0.8690833426025217,0.8275674940161907,0.806809569723025,0.8379464561627734,0.8690833426025217,NaN,0.8275674940161907,NaN,0.8275674940161907,1.0501661180344994
new_preds,OFT-0017-00,slow,3.06253421816333,1078,1.0874421845780093,0.8237926819374749,0.7575507862582637,0.724429838418658,0.7741112601780664,0.8237926819374749,NaN,0.7575507862582637,NaN,0.7575507862582637,1.0874421845780093
new_preds,OFT-0018-00,slow,3.505394876558337,1079,1.1031021640089587,0.9610809561956067,0.8712528971050061,0.8263388675597059,0.8937099118776564,0.9610809561956067,NaN,0.8712528971050061,NaN,0.8712528971050061,1.1031021640089587
new_preds,OFT-0018-00,medium,4.3297223786972125,1080,1.1555694338097566,0.8963996531029884,0.7757211525989223,0.715381902346889,0.8058907777249387,0.8963996531029884,NaN,0.7757211525989223,NaN,0.7757211525989223,1.1555694338097566
new_preds,OFT-0018-00,fast,5.367293710688901,1081,1.1675280167762874,0.8764689497492036,0.7507048543205501,0.6878228066062232,0.7821458781777135,0.8764689497492036,NaN,0.7507048543205501,NaN,0.7507048543205501,1.1675280167762874
new_preds,OFT-0019-00,fast,4.700952640061099,1082,1.0867912691969321,0.8621728243610117,0.7933196086476673,0.7588930007909951,0.8105329125760035,0.8621728243610117,NaN,0.7933196086476673,NaN,0.7933196086476673,1.0867912691969321
new_preds,OFT-0019-00,medium,3.72819623263836,1083,1.070138352760926,0.9296759978086816,0.8687437427227463,0.838277615179779,0.8839768064942304,0.9296759978086816,NaN,0.8687437427227463,NaN,0.8687437427227463,1.070138352760926
new_preds,OFT-0019-00,slow,3.1295539413893123,1084,1.0664903230483787,0.9335059066508772,0.8753064950299891,0.8462067892195451,0.8898563479352112,0.9335059066508772,NaN,0.8753064950299891,NaN,0.8753064950299891,1.0664903230483787
new_preds,OFT-0020-00,fast,5.041835692512438,1085,1.0508897831216961,0.9792146262270869,0.9317957429544168,0.9080863013180822,0.9436504637725845,0.9792146262270869,NaN,0.9317957429544168,NaN,0.9317957429544168,1.0508897831216961
new_preds,OFT-0020-00,medium,4.150284970518703,1086,1.1323777969290387,0.9502259089674944,0.8391421233659538,0.7836002305651837,0.866913069766339,0.9502259089674944,NaN,0.8391421233659538,NaN,0.8391421233659538,1.1323777969290387
new_preds,OFT-0020-00,slow,3.2841853252871864,1087,1.0911038207927395,0.8901131688679615,0.8157914507358717,0.7786305916698268,0.8343718802688942,0.8901131688679615,NaN,0.8157914507358717,NaN,0.8157914507358717,1.0911038207927395
new_preds,OFT-0021-00,fast,4.998511082961426,1088,1.147628181833355,0.9782747337826821,0.8524317799689026,0.7895103030620128,0.8838925184223475,0.9782747337826821,NaN,0.8524317799689026,NaN,0.8524317799689026,1.147628181833355
new_preds,OFT-0021-00,medium,4.012751371060019,1089,1.097026854354221,0.9140370899867543,0.8331948177556819,0.7927736816401458,0.85340538581345,0.9140370899867543,NaN,0.8331948177556819,NaN,0.8331948177556819,1.097026854354221
new_preds,OFT-0021-00,slow,3.1904330555957765,1090,1.1281441273950465,0.88182370766112,0.7816587315818454,0.7315762435422082,0.806699975601664,0.88182370766112,NaN,0.7816587315818454,NaN,0.7816587315818454,1.1281441273950465
new_preds,OFT-0022-00,fast,5.387300572972826,1091,1.0477526091228655,0.8363938634572511,0.7982741881763911,0.779214350535961,0.807804106996606,0.8363938634572511,NaN,0.7982741881763911,NaN,0.7982741881763911,1.0477526091228655
new_preds,OFT-0022-00,medium,4.267420084280021,1092,1.0856625591574358,0.9235989458306921,0.850723770512526,0.8142861828534431,0.8689425643420674,0.9235989458306921,NaN,0.850723770512526,NaN,0.850723770512526,1.0856625591574358
new_preds,OFT-0022-00,slow,3.3511641702687434,1093,1.0543798657116676,0.9482070939138069,0.8993031114775717,0.874851120259454,0.9115291070866305,0.9482070939138069,NaN,0.8993031114775717,NaN,0.8993031114775717,1.0543798657116676
new_preds,OFT-0023-00,fast,4.611886281883903,1094,1.1058630839056554,0.8242167976751409,0.7453154099006504,0.7058647160134051,0.765040756844273,0.8242167976751409,NaN,0.7453154099006504,NaN,0.7453154099006504,1.1058630839056554
new_preds,OFT-0023-00,slow,3.2670793632023374,1095,1.135921634149825,0.9181787277782681,0.8083116829317847,0.7533781605085431,0.8357784441434055,0.9181787277782681,NaN,0.8083116829317847,NaN,0.8083116829317847,1.135921634149825
new_preds,OFT-0023-00,medium,3.8781424670874105,1096,1.028832746038167,0.8685256070566669,0.8441854231420886,0.8320153311847993,0.8502704691207331,0.8685256070566669,NaN,0.8441854231420886,NaN,0.8441854231420886,1.028832746038167
new_preds,OFT-0024-00,fast,4.986332189763434,1097,1.079718442114045,0.984039537398262,0.911385319557525,0.8750582106371565,0.9295488740177091,0.984039537398262,NaN,0.911385319557525,NaN,0.911385319557525,1.079718442114045
new_preds,OFT-0024-00,medium,3.964686870104485,1098,1.0792789535993657,0.9868592134483667,0.9143689962240238,0.8781238876118523,0.9324915505301096,0.9868592134483667,NaN,0.9143689962240238,NaN,0.9143689962240238,1.0792789535993657
new_preds,OFT-0024-00,slow,3.1718464713345096,1099,1.1392619992584974,0.9228010734482316,0.8099989941285218,0.7535979544686668,0.8381995139584493,0.9228010734482316,NaN,0.8099989941285218,NaN,0.8099989941285218,1.1392619992584974
new_preds,OFT-0025-00,fast,5.593627936535201,1100,1.1052861919354515,0.8359778674682536,0.7563451652321688,0.7165288141141264,0.77625334079119,0.8359778674682536,NaN,0.7563451652321688,NaN,0.7563451652321688,1.1052861919354515
new_preds,OFT-0025-00,slow,3.4231215253203486,1101,1.1093997262424171,0.7693882087872789,0.6935175758454788,0.6555822593745786,0.7124852340809288,0.7693882087872789,NaN,0.6935175758454788,NaN,0.6935175758454788,1.1093997262424171
new_preds,OFT-0025-00,medium,4.452530207898154,1102,1.1360770302267658,0.9642834126075955,0.8487834776618276,0.7910335101889436,0.8776584613982696,0.9642834126075955,NaN,0.8487834776618276,NaN,0.8487834776618276,1.1360770302267658
new_preds,OFT-0026-00,medium,4.378382052960464,1103,1.0793821475675525,0.9197729009541917,0.8521290657131498,0.8183071480926289,0.8690400245234102,0.9197729009541917,NaN,0.8521290657131498,NaN,0.8521290657131498,1.0793821475675525
new_preds,OFT-0026-00,slow,3.3686771494527084,1104,1.0964978353768204,0.8096567699935384,0.7384025247211667,0.702775402084981,0.7562160860392596,0.8096567699935384,NaN,0.7384025247211667,NaN,0.7384025247211667,1.0964978353768204
new_preds,OFT-0026-00,fast,5.412537624322418,1105,1.0993634850609761,0.7408601668533402,0.6738991943253859,0.6404187080614089,0.6906394374573745,0.7408601668533402,NaN,0.6738991943253859,NaN,0.6738991943253859,1.0993634850609761
new_preds,OFT-0027-00,medium,3.8400465076320396,1106,1.0525945355727249,0.8662287376062062,0.8229462611972277,0.8013050229927383,0.8337668802994722,0.8662287376062062,NaN,0.8229462611972277,NaN,0.8229462611972277,1.0525945355727249
new_preds,OFT-0027-00,fast,4.6038873866834065,1107,1.1292468212054658,0.887273363653752,0.7857213737441313,0.7349453787893214,0.8111093712215366,0.887273363653752,NaN,0.7857213737441313,NaN,0.7857213737441313,1.1292468212054658
new_preds,OFT-0027-00,slow,3.2233790100499893,1108,1.0648935819223817,0.7819225039560407,0.7342729050394762,0.7104481055811941,0.7461853047686173,0.7819225039560407,NaN,0.7342729050394762,NaN,0.7342729050394762,1.0648935819223817
new_preds,OFT-0028-00,fast,4.67200910356929,1109,1.065209717559791,0.8807638177746958,0.8268454589321356,0.7998862795108556,0.8403250486427758,0.8807638177746958,NaN,0.8268454589321356,NaN,0.8268454589321356,1.065209717559791
new_preds,OFT-0028-00,medium,3.741763238059976,1110,1.051509811860091,0.9043771428119477,0.8600748491468,0.8379237023142261,0.8711504225630868,0.9043771428119477,NaN,0.8600748491468,NaN,0.8600748491468,1.051509811860091
new_preds,OFT-0028-00,slow,3.047750947078304,1111,1.059782954984092,0.9013497179245364,0.8505040713153065,0.8250812480106913,0.8632154829676139,0.9013497179245364,NaN,0.8505040713153065,NaN,0.8505040713153065,1.059782954984092
new_preds,OFT-0029-00,medium,4.056614496496031,1112,1.1557164790694126,0.9666092818150827,0.8363723277471999,0.7712538507132585,0.8689315662641706,0.9666092818150827,NaN,0.8363723277471999,NaN,0.8363723277471999,1.1557164790694126
new_preds,OFT-0029-00,fast,5.058184914101545,1113,1.0671709244211056,0.8700928332839748,0.8153265923694114,0.7879434719121298,0.8290181525980522,0.8700928332839748,NaN,0.8153265923694114,NaN,0.8153265923694114,1.0671709244211056
new_preds,OFT-0029-00,slow,3.3445958833621887,1114,1.0734963029182838,0.8531821624712095,0.7947695396359041,0.7655632282182512,0.8093726953447304,0.8531821624712095,NaN,0.7947695396359041,NaN,0.7947695396359041,1.0734963029182838
new_preds,OFT-0030-00,slow,3.4004206953476372,1115,1.1004742353077037,0.9233778115253892,0.8390726305983924,0.7969200401348939,0.8601489258301416,0.9233778115253892,NaN,0.8390726305983924,NaN,0.8390726305983924,1.1004742353077037
new_preds,OFT-0030-00,medium,4.143958383820555,1116,1.1417517616646826,0.9281384523225524,0.8129073967613762,0.7552918689807882,0.8417151606516702,0.9281384523225524,NaN,0.8129073967613762,NaN,0.8129073967613762,1.1417517616646826
new_preds,OFT-0030-00,fast,5.080427120006388,1117,1.1352376345893653,0.8050374177412416,0.7091355969998627,0.6611846866291734,0.7331110521852074,0.8050374177412416,NaN,0.7091355969998627,NaN,0.7091355969998627,1.1352376345893653
new_preds,OFT-0031-00,fast,4.638087908364266,1118,1.0823568490702347,0.9934425714325301,0.9178512357416285,0.8800555678961778,0.9367490696643539,0.9934425714325301,NaN,0.9178512357416285,NaN,0.9178512357416285,1.0823568490702347
new_preds,OFT-0031-00,slow,3.073533351564154,1119,1.0535207222405538,0.9607369660056241,0.9119298232334683,0.8875262518473903,0.9241316089265073,0.9607369660056241,NaN,0.9119298232334683,NaN,0.9119298232334683,1.0535207222405538
new_preds,OFT-0031-00,medium,3.7154578753325054,1120,1.1341764969952233,0.9014065845684773,0.7947674695751288,0.7414479120784544,0.8214272483234659,0.9014065845684773,NaN,0.7947674695751288,NaN,0.7947674695751288,1.1341764969952233
new_preds,OFT-0032-00,fast,4.881890727580699,1121,1.090248561510422,0.9374433742828294,0.8598437158074325,0.8210438865697338,0.8792436304262816,0.9374433742828294,NaN,0.8598437158074325,NaN,0.8598437158074325,1.090248561510422
new_preds,OFT-0032-00,slow,3.2485969123049627,1122,1.122701058423156,0.8239100527586898,0.7338641453815667,0.688841191693005,0.7563756222258475,0.8239100527586898,NaN,0.7338641453815667,NaN,0.7338641453815667,1.122701058423156
new_preds,OFT-0032-00,medium,3.978760248879842,1123,1.1859247763494138,0.9306568849944484,0.7847520378647062,0.711799614299835,0.8212282496471417,0.9306568849944484,NaN,0.7847520378647062,NaN,0.7847520378647062,1.1859247763494138
new_preds,OFT-0033-00,fast,4.888842804056819,1124,1.0986181573747107,0.9009849857129545,0.8201074956434126,0.7796687506086414,0.840326868160798,0.9009849857129545,NaN,0.8201074956434126,NaN,0.8201074956434126,1.0986181573747107
new_preds,OFT-0033-00,slow,3.2862027750389062,1125,1.1205345312881243,0.9751185770148932,0.8702262623659921,0.8177801050415411,0.896449341028217,0.9751185770148932,NaN,0.8702262623659921,NaN,0.8702262623659921,1.1205345312881243
new_preds,OFT-0033-00,medium,3.9638968336846374,1126,1.0957834399535877,0.8626828693519399,0.7872749650135972,0.7495710128444257,0.8061269410981828,0.8626828693519399,NaN,0.7872749650135972,NaN,0.7872749650135972,1.0957834399535877
new_preds,OFT-0034-00,fast,5.146134220935211,1127,1.1223437086951502,0.8708339262085848,0.7759066313304562,0.7284429838913918,0.7996384550499884,0.8708339262085848,NaN,0.7759066313304562,NaN,0.7759066313304562,1.1223437086951502
new_preds,OFT-0034-00,medium,4.058410634476875,1128,1.1354953668435375,0.9669052277046047,0.8515272329048938,0.7938382355050384,0.8803717316048216,0.9669052277046047,NaN,0.8515272329048938,NaN,0.8515272329048938,1.1354953668435375
new_preds,OFT-0034-00,slow,3.318068997114788,1129,1.0382777423859528,0.8958400408397952,0.8628134884035585,0.8463002121854399,0.8710701265126176,0.8958400408397952,NaN,0.8628134884035585,NaN,0.8628134884035585,1.0382777423859528
new_preds,OFT-0035-00,fast,5.618133382909081,1130,1.1194879035289667,0.8684883238163389,0.7757907174151676,0.729441914214582,0.7989651190154604,0.8684883238163389,NaN,0.7757907174151676,NaN,0.7757907174151676,1.1194879035289667
new_preds,OFT-0035-00,slow,3.634454573388928,1131,1.112083588905563,0.9176921379520702,0.8252006837500412,0.7789549566490267,0.8483235473005484,0.9176921379520702,NaN,0.8252006837500412,NaN,0.8252006837500412,1.112083588905563
new_preds,OFT-0035-00,medium,4.568890911646324,1132,1.1511201364552928,0.9175596163399802,0.7971015250983896,0.7368724794775938,0.8272160479087871,0.9175596163399802,NaN,0.7971015250983896,NaN,0.7971015250983896,1.1511201364552928
new_preds,OFT-0036-00,fast,5.163463776467982,1133,1.0701742759072865,0.8816763656364044,0.8238624170712056,0.794955442788606,0.838315904212505,0.8816763656364044,NaN,0.8238624170712056,NaN,0.8238624170712056,1.0701742759072865
new_preds,OFT-0036-00,medium,4.18382261300454,1134,1.0606841737298476,0.9380677750334911,0.8843987666326901,0.8575642624322897,0.8978160187328905,0.9380677750334911,NaN,0.8843987666326901,NaN,0.8843987666326901,1.0606841737298476
new_preds,OFT-0036-00,slow,3.3963968689585107,1135,1.0715621216620612,0.9162122627879007,0.8550248690825287,0.8244311722298425,0.8703217175088716,0.9162122627879007,NaN,0.8550248690825287,NaN,0.8550248690825287,1.0715621216620612
new_preds,OFT-0037-00,fast,5.086995521674784,1136,1.100397865678107,0.7728544961108768,0.7023409624977911,0.6670841956912481,0.7199693459010623,0.7728544961108768,NaN,0.7023409624977911,NaN,0.7023409624977911,1.100397865678107
new_preds,OFT-0037-00,slow,3.3644262561133647,1137,1.1278335166870381,0.9254046893782627,0.8205153293338885,0.7680706493117015,0.8467376693449821,0.9254046893782627,NaN,0.8205153293338885,NaN,0.8205153293338885,1.1278335166870381
new_preds,OFT-0037-00,medium,4.089280393119954,1138,1.124584354216875,0.9007428551593448,0.8009562393268345,0.7510629314105792,0.8259028932849621,0.9007428551593448,NaN,0.8009562393268345,NaN,0.8009562393268345,1.124584354216875
new_preds,OFT-0038-00,fast,5.10914922785743,1139,1.070746453565358,0.9233563939507675,0.8623483093277472,0.8318442670162369,0.8776003304835021,0.9233563939507675,NaN,0.8623483093277472,NaN,0.8623483093277472,1.070746453565358
new_preds,OFT-0038-00,slow,3.501956895167162,1140,1.092783240565441,0.9027186491602418,0.8260729261304798,0.7877500646155988,0.8452343568879203,0.9027186491602418,NaN,0.8260729261304798,NaN,0.8260729261304798,1.092783240565441
new_preds,OFT-0038-00,medium,4.257316990239946,1141,1.0587487278954264,0.8822116848057284,0.8332587908364083,0.8087823438517486,0.8454970143287386,0.8822116848057284,NaN,0.8332587908364083,NaN,0.8332587908364083,1.0587487278954264
new_preds,OFT-0039-00,slow,3.2028874786777477,1142,1.1061407187643195,0.8997326912904283,0.813398038809681,0.7702307125693072,0.8349817019298679,0.8997326912904283,NaN,0.813398038809681,NaN,0.813398038809681,1.1061407187643195
new_preds,OFT-0039-00,medium,3.8381980571989724,1143,1.0676972157793203,0.9355041208735804,0.8761885926533477,0.8465308285432314,0.8910174747084059,0.9355041208735804,NaN,0.8761885926533477,NaN,0.8761885926533477,1.0676972157793203
new_preds,OFT-0039-00,fast,4.705942852450187,1144,1.1132504056630983,0.9984022237787293,0.8968352660819732,0.8460517872335951,0.9222270055061622,0.9984022237787293,NaN,0.8968352660819732,NaN,0.8968352660819732,1.1132504056630983
new_preds,OFT-0040-00,fast,4.8718682740163715,1145,0.9921747018982059,0.8826395556657488,0.8896009482776602,0.8930816445836158,0.8878606001246823,0.8826395556657488,NaN,0.8896009482776602,NaN,0.8896009482776602,0.9921747018982059
new_preds,OFT-0040-00,medium,3.986931060357567,1146,1.062275034436815,0.8389044151454162,0.7897243067471478,0.7651342525480136,0.802019333846715,0.8389044151454162,NaN,0.7897243067471478,NaN,0.7897243067471478,1.062275034436815
new_preds,OFT-0040-00,slow,3.2487555286081418,1147,1.1047752044658803,0.7639086243370774,0.6914606892416636,0.6552367216939569,0.7095726730155171,0.7639086243370774,NaN,0.6914606892416636,NaN,0.6914606892416636,1.1047752044658803
new_preds,OFT-0041-00,fast,5.194921727643841,1148,1.137645859229639,0.9388982039575986,0.8252991880912545,0.7684996801580823,0.8536989420578405,0.9388982039575986,NaN,0.8252991880912545,NaN,0.8252991880912545,1.137645859229639
new_preds,OFT-0041-00,slow,3.2575771583489677,1149,1.0756099146310878,0.7227798818144624,0.6719721266815964,0.6465682491151634,0.6846740654648129,0.7227798818144624,NaN,0.6719721266815964,NaN,0.6719721266815964,1.0756099146310878
new_preds,OFT-0041-00,medium,3.9828350858439787,1150,1.1495700114135032,0.9107218564784199,0.7922282657309428,0.7329814703572043,0.8218516634178121,0.9107218564784199,NaN,0.7922282657309428,NaN,0.7922282657309428,1.1495700114135032
new_preds,OFT-0042-00,fast,5.354188468533836,1151,1.12220052208146,0.9553447411352902,0.8513137557299606,0.7992982630272955,0.8773215020812928,0.9553447411352902,NaN,0.8513137557299606,NaN,0.8513137557299606,1.12220052208146
new_preds,OFT-0042-00,slow,3.3846261189882267,1152,1.1204001834070711,0.8486385506219288,0.7574423524648745,0.7118442533863472,0.7802414020041379,0.8486385506219288,NaN,0.7574423524648745,NaN,0.7574423524648745,1.1204001834070711
new_preds,OFT-0042-00,medium,4.312159249207184,1153,1.0529346758756606,0.845983914960314,0.8034533711759103,0.782188099283708,0.8140860071220111,0.845983914960314,NaN,0.8034533711759103,NaN,0.8034533711759103,1.0529346758756606
new_preds,OFT-0043-00,medium,3.8118662314499963,1154,1.0531982222143703,0.8507966237470624,0.8078219330433787,0.7863345876915371,0.8185656057192998,0.8507966237470624,NaN,0.8078219330433787,NaN,0.8078219330433787,1.0531982222143703
new_preds,OFT-0043-00,fast,4.543481748484839,1155,1.1071194898285601,0.910041937890734,0.8219907121603071,0.7779650992950935,0.8440035185929138,0.910041937890734,NaN,0.8219907121603071,NaN,0.8219907121603071,1.1071194898285601
new_preds,OFT-0043-00,slow,3.2194825018509703,1156,0.9946381645615837,0.8094300325179844,0.8137934591266812,0.8159751724310298,0.8127026024745071,0.8094300325179844,NaN,0.8137934591266812,NaN,0.8137934591266812,0.9946381645615837
new_preds,OFT-0044-00,fast,4.651224778336048,1157,1.1764094855350595,0.8935888341446102,0.7595899600709054,0.692590523034053,0.7930896785893315,0.8935888341446102,NaN,0.7595899600709054,NaN,0.7595899600709054,1.1764094855350595
new_preds,OFT-0044-00,medium,3.9098806978916594,1158,1.1314252464754189,0.979235036171735,0.8654880551960616,0.8086145647082248,0.89392480043998,0.979235036171735,NaN,0.8654880551960616,NaN,0.8654880551960616,1.1314252464754189
new_preds,OFT-0044-00,slow,3.2656246351983707,1159,1.0852866622184703,0.94756438601032,0.8731005539802474,0.8358686379652109,0.8917165119877655,0.94756438601032,NaN,0.8731005539802474,NaN,0.8731005539802474,1.0852866622184703
new_preds,OFT-0045-00,fast,4.984902510685919,1160,1.0732599164288064,0.9078479867860515,0.8458789645353094,0.8148944534099385,0.861371220097995,0.9078479867860515,NaN,0.8458789645353094,NaN,0.8458789645353094,1.0732599164288064
new_preds,OFT-0045-00,slow,3.3759219733576535,1161,1.092636465658625,0.8900472463434036,0.8145868038615172,0.776856582620574,0.8334519144819889,0.8900472463434036,NaN,0.8145868038615172,NaN,0.8145868038615172,1.092636465658625
new_preds,OFT-0045-00,medium,4.139706282732119,1162,1.098932354988996,0.9664884251056572,0.8794794517769341,0.8359749651125725,0.9012316951091149,0.9664884251056572,NaN,0.8794794517769341,NaN,0.8794794517769341,1.098932354988996
new_preds,OFT-0046-00,fast,4.894204733786157,1163,1.086657140947277,0.992913274450184,0.913731881966585,0.8741411857247854,0.9335272300874846,0.992913274450184,NaN,0.913731881966585,NaN,0.913731881966585,1.086657140947277
new_preds,OFT-0046-00,slow,3.2334447358728853,1164,1.0960694374972635,0.8138496072962085,0.7425164678932491,0.7068498981917697,0.7603497527439891,0.8138496072962085,NaN,0.7425164678932491,NaN,0.7425164678932491,1.0960694374972635
new_preds,OFT-0046-00,medium,4.018007126244961,1165,1.1312064331396328,0.8845543312770096,0.7819565955101165,0.73065772762667,0.8076060294518399,0.8845543312770096,NaN,0.7819565955101165,NaN,0.7819565955101165,1.1312064331396328
new_preds,OFT-0047-00,medium,4.550677437360221,1166,1.1175201784830218,0.9079548103151074,0.8124728553426311,0.764731877856393,0.8363433440857502,0.9079548103151074,NaN,0.8124728553426311,NaN,0.8124728553426311,1.1175201784830218
new_preds,OFT-0047-00,fast,5.491070402310284,1167,1.144454906275616,0.8355141110129677,0.7300541999788964,0.6773242444618606,0.7564191777374141,0.8355141110129677,NaN,0.7300541999788964,NaN,0.7300541999788964,1.144454906275616
new_preds,OFT-0047-00,slow,3.694865804038475,1168,1.1612674195351573,0.9117442846491615,0.7851286183626186,0.7218207852193468,0.8167825349342543,0.9117442846491615,NaN,0.7851286183626186,NaN,0.7851286183626186,1.1612674195351573
new_preds,OFT-0048-00,fast,5.23925540965603,1169,1.0818738909673717,0.9572951494397982,0.884849109893779,0.8486260901207694,0.9029606197802837,0.9572951494397982,NaN,0.884849109893779,NaN,0.884849109893779,1.0818738909673717
new_preds,OFT-0048-00,slow,3.356396194150045,1170,1.1097527730299759,0.7692066358224197,0.6931333306987306,0.6550966781368861,0.7121516569796529,0.7692066358224197,NaN,0.6931333306987306,NaN,0.6931333306987306,1.1097527730299759
new_preds,OFT-0048-00,medium,4.215638490203019,1171,1.0794873137289653,0.8730012894481709,0.8087184335983421,0.7765770056734278,0.8247891475607994,0.8730012894481709,NaN,0.8087184335983421,NaN,0.8087184335983421,1.0794873137289653
new_preds,OFT-0049-00,medium,4.251668050761065,1172,1.1109041468043115,0.9631582968811749,0.8670039621796799,0.8189267948289325,0.8910425458550535,0.9631582968811749,NaN,0.8670039621796799,NaN,0.8670039621796799,1.1109041468043115
new_preds,OFT-0049-00,fast,5.390666675083228,1173,1.0979726804101617,0.9924706364811402,0.9039119590028325,0.8596326202636786,0.9260516283724094,0.9924706364811402,NaN,0.9039119590028325,NaN,0.9039119590028325,1.0979726804101617
new_preds,OFT-0049-00,slow,3.5520590059089696,1174,1.1979796318867897,0.8980115857280923,0.7496050532292816,0.6754017869798763,0.7867066863539842,0.8980115857280923,NaN,0.7496050532292816,NaN,0.7496050532292816,1.1979796318867897
new_preds,OFT-0050-00,slow,3.449529987277275,1175,1.1344092618965838,0.9651074211087418,0.8507577058170422,0.7935828481711922,0.8793451346399672,0.9651074211087418,NaN,0.8507577058170422,NaN,0.8507577058170422,1.1344092618965838
new_preds,OFT-0050-00,medium,4.360002623951224,1176,1.0348716290011544,0.8497940332282696,0.8211588852314761,0.8068413112330793,0.8283176722306744,0.8497940332282696,NaN,0.8211588852314761,NaN,0.8211588852314761,1.0348716290011544
new_preds,OFT-0050-00,fast,5.565079232717914,1177,1.118295967982258,0.8162457808093391,0.729901389416696,0.6867291937203747,0.7514874872648568,0.8162457808093391,NaN,0.729901389416696,NaN,0.729901389416696,1.118295967982258
new_preds,OFT-0051-00,fast,4.865655572872606,1178,1.0519278619248718,0.9061753880749234,0.8614425198480408,0.8390760857345994,0.8726257369047614,0.9061753880749234,NaN,0.8614425198480408,NaN,0.8614425198480408,1.0519278619248718
new_preds,OFT-0051-00,medium,3.920102111489807,1179,1.1280273039605195,0.8898483566693909,0.7888535619174473,0.7383561645414755,0.8141022606054331,0.8898483566693909,NaN,0.7888535619174473,NaN,0.7888535619174473,1.1280273039605195
new_preds,OFT-0051-00,slow,3.2092202435492045,1180,1.1243189864699958,0.9590849704253731,0.8530363553110448,0.8000120477538807,0.8795485090896269,0.9590849704253731,NaN,0.8530363553110448,NaN,0.8530363553110448,1.1243189864699958
new_preds,OFT-0052-00,medium,3.7988940818371755,1181,1.0660587798640946,0.960387553698026,0.9008767357278931,0.8711213267428264,0.9157544402204263,0.960387553698026,NaN,0.9008767357278931,NaN,0.9008767357278931,1.0660587798640946
new_preds,OFT-0052-00,fast,4.570532817590286,1182,1.098053650393135,0.8634373311721046,0.7863343752493049,0.747782897287905,0.8056101142300047,0.8634373311721046,NaN,0.7863343752493049,NaN,0.7863343752493049,1.098053650393135
new_preds,OFT-0052-00,slow,3.242067456188587,1183,1.1407647231604487,0.9468157392487755,0.8299833611839394,0.7715671721515216,0.8591914557001485,0.9468157392487755,NaN,0.8299833611839394,NaN,0.8299833611839394,1.1407647231604487
new_preds,OFT-0053-00,fast,4.638879623753443,1184,1.1349772867264527,0.9670274822747367,0.8520236427496063,0.7945217229870412,0.8807746026308889,0.9670274822747367,NaN,0.8520236427496063,NaN,0.8520236427496063,1.1349772867264527
new_preds,OFT-0053-00,slow,3.212442980604699,1185,1.144757538786202,0.9641210192411941,0.8422054335308955,0.781247640675746,0.8726843299584701,0.9641210192411941,NaN,0.8422054335308955,NaN,0.8422054335308955,1.144757538786202
new_preds,OFT-0053-00,medium,3.8960060791899234,1186,1.12254039709266,0.9965090463214377,0.8877266679242556,0.8333354787256645,0.9149222625235511,0.9965090463214377,NaN,0.8877266679242556,NaN,0.8877266679242556,1.12254039709266
new_preds,OFT-0054-00,fast,5.163875757382147,1187,1.1071263961636029,0.9042061934335663,0.8167145111586244,0.7729686700211535,0.8385874317273598,0.9042061934335663,NaN,0.8167145111586244,NaN,0.8167145111586244,1.1071263961636029
new_preds,OFT-0054-00,slow,3.4133678849526556,1188,1.1051511955739712,0.9588574700319746,0.8676256007975293,0.8220096661803065,0.8904335681061407,0.9588574700319746,NaN,0.8676256007975293,NaN,0.8676256007975293,1.1051511955739712
new_preds,OFT-0054-00,medium,4.235770468543533,1189,1.1732402567667304,0.9843181815305044,0.8389740940556658,0.7663020503182465,0.8753101159243755,0.9843181815305044,NaN,0.8389740940556658,NaN,0.8389740940556658,1.1732402567667304
new_preds,OFT-0055-00,fast,5.286951910266246,1190,1.0902140903776762,0.7868505091944968,0.721739441949345,0.6891839083267691,0.738017208760633,0.7868505091944968,NaN,0.721739441949345,NaN,0.721739441949345,1.0902140903776762
new_preds,OFT-0055-00,slow,3.499940370502526,1191,1.1276824115034152,0.935959217962757,0.8299847620350355,0.7769975340711747,0.8564783760169659,0.935959217962757,NaN,0.8299847620350355,NaN,0.8299847620350355,1.1276824115034152
new_preds,OFT-0055-00,medium,4.32123944210066,1192,1.0727444675567468,0.959961432858121,0.8948649579563926,0.8623167205055282,0.9111390766818246,0.959961432858121,NaN,0.8948649579563926,NaN,0.8948649579563926,1.0727444675567468
new_preds,OFT-0056-00,fast,5.596943501918089,1193,1.129055574735734,0.9442441777306926,0.8363132859529095,0.7823478400640183,0.8632960088973554,0.9442441777306926,NaN,0.8363132859529095,NaN,0.8363132859529095,1.129055574735734
new_preds,OFT-0056-00,slow,3.629539804871003,1194,1.0285620728754359,0.8636475595930775,0.8396649870422256,0.8276737007667998,0.8456606301799385,0.8636475595930775,NaN,0.8396649870422256,NaN,0.8396649870422256,1.0285620728754359
new_preds,OFT-0056-00,medium,4.460948397034902,1195,1.1073051327807641,0.8570056791273528,0.7739562057074215,0.732431468997456,0.7947185740624044,0.8570056791273528,NaN,0.7739562057074215,NaN,0.7739562057074215,1.1073051327807641
new_preds,OFT-0057-00,medium,4.181492848550425,1196,1.0532141776824946,0.9844919175279252,0.9347499667106772,0.9098789913020533,0.9471854544149891,0.9844919175279252,NaN,0.9347499667106772,NaN,0.9347499667106772,1.0532141776824946
new_preds,OFT-0057-00,fast,5.348971880719056,1197,1.0566660577146263,0.9645368204328582,0.9128113971210293,0.8869486854651147,0.9257427529489863,0.9645368204328582,NaN,0.9128113971210293,NaN,0.9128113971210293,1.0566660577146263
new_preds,OFT-0057-00,slow,3.339380893643337,1198,1.120980986764102,0.9567036227359802,0.8534521406091501,0.8018263995457349,0.8792650111408576,0.9567036227359802,NaN,0.8534521406091501,NaN,0.8534521406091501,1.120980986764102
new_preds,OFT-0058-00,slow,3.4872252538615522,1199,1.046070585196583,0.8963527659631711,0.8568759877658962,0.8371375986672587,0.8667451823152149,0.8963527659631711,NaN,0.8568759877658962,NaN,0.8568759877658962,1.046070585196583
new_preds,OFT-0058-00,fast,5.604763225463891,1200,1.0666852422077444,0.809818236460274,0.7591913756903335,0.7338779453053632,0.7718480908828187,0.809818236460274,NaN,0.7591913756903335,NaN,0.7591913756903335,1.0666852422077444
new_preds,OFT-0058-00,medium,4.456165674220894,1201,1.0994397649422432,0.9719461920973788,0.8840376918224692,0.8400834416850144,0.9060148168911966,0.9719461920973788,NaN,0.8840376918224692,NaN,0.8840376918224692,1.0994397649422432
new_preds,OFT-0059-00,fast,4.970638425146106,1202,1.0917966385014837,0.9938502939913052,0.910288838547248,0.8685081108252197,0.9311792024082625,0.9938502939913052,NaN,0.910288838547248,NaN,0.910288838547248,1.0917966385014837
new_preds,OFT-0059-00,medium,4.090372123856718,1203,1.0443141796320703,0.835227613441403,0.7997857634525923,0.7820648384581872,0.8086462259497951,0.835227613441403,NaN,0.7997857634525923,NaN,0.7997857634525923,1.0443141796320703
new_preds,OFT-0059-00,slow,3.350938441577408,1204,1.0354030826325062,0.952720222481148,0.9201442785536841,0.9038563065899521,0.9282882645355499,0.952720222481148,NaN,0.9201442785536841,NaN,0.9201442785536841,1.0354030826325062
new_preds,OFT-0060-00,medium,4.432340861210304,1205,1.1371746963628107,0.9713804819586576,0.8542051498908334,0.7956174838569214,0.8834989829077895,0.9713804819586576,NaN,0.8542051498908334,NaN,0.8542051498908334,1.1371746963628107
new_preds,OFT-0060-00,slow,3.5708110912365907,1206,1.0900948983748082,0.9203867637893344,0.8443180177813079,0.8062836447772946,0.8633352042833145,0.9203867637893344,NaN,0.8443180177813079,NaN,0.8443180177813079,1.0900948983748082
new_preds,OFT-0060-00,fast,5.514312422332764,1207,1.0295093759229943,0.9762395942081599,0.9482571184287893,0.9342658805391044,0.955252737373632,0.9762395942081599,NaN,0.9482571184287893,NaN,0.9482571184287893,1.0295093759229943
new_preds,OFT-0061-00,slow,3.5936619780550054,1208,1.1173237126467412,0.9921446976383963,0.887965310687072,0.8358756172114098,0.9140101574249031,0.9921446976383963,NaN,0.887965310687072,NaN,0.887965310687072,1.1173237126467412
new_preds,OFT-0061-00,medium,4.559810972603178,1209,1.103644801676583,0.9254642098836477,0.8385525927161934,0.7950967841324663,0.8602804970080571,0.9254642098836477,NaN,0.8385525927161934,NaN,0.8385525927161934,1.103644801676583
new_preds,OFT-0061-00,fast,5.676846601161359,1210,1.097044697327825,0.8983875659145348,0.8189161007776821,0.779180368209256,0.8387839670618953,0.8983875659145348,NaN,0.8189161007776821,NaN,0.8189161007776821,1.097044697327825
new_preds,OFT-0062-00,medium,4.356445195581364,1211,1.1010747770326266,0.8914935548885202,0.8096575940928159,0.7687396136949638,0.830116584291742,0.8914935548885202,NaN,0.8096575940928159,NaN,0.8096575940928159,1.1010747770326266
new_preds,OFT-0062-00,fast,5.810486783884311,1212,1.084519514077138,0.8637149151357046,0.7964032955835516,0.762747485807475,0.8132312004715898,0.8637149151357046,NaN,0.7964032955835516,NaN,0.7964032955835516,1.084519514077138
new_preds,OFT-0062-00,slow,3.4876008067014874,1213,1.171144779912408,0.8355991331462637,0.7134891838127474,0.6524342091459893,0.7440166711461265,0.8355991331462637,NaN,0.7134891838127474,NaN,0.7134891838127474,1.171144779912408
new_preds,OFT-0063-00,slow,3.6591747387347584,1214,1.0914672964054337,0.8712724011909962,0.7982579084690739,0.7617506621081128,0.8165115316495545,0.8712724011909962,NaN,0.7982579084690739,NaN,0.7982579084690739,1.0914672964054337
new_preds,OFT-0063-00,medium,4.766027805151208,1215,1.0527399769436387,0.8864745489060357,0.8420641073018694,0.8198588864997862,0.853166717702911,0.8864745489060357,NaN,0.8420641073018694,NaN,0.8420641073018694,1.0527399769436387
new_preds,OFT-0063-00,fast,6.169903031401799,1216,1.1052838852241011,0.8609822132023113,0.7789692989396505,0.7379628418083202,0.7994725275053156,0.8609822132023113,NaN,0.7789692989396505,NaN,0.7789692989396505,1.1052838852241011
new_preds,OFT-0064-00,fast,4.844620609416925,1217,1.1302368001791423,0.8641071048167303,0.7645363384732912,0.7147509553015716,0.789429030059151,0.8641071048167303,NaN,0.7645363384732912,NaN,0.7645363384732912,1.1302368001791423
new_preds,OFT-0064-00,medium,3.875333907152764,1218,1.0939798460716106,0.8834891772942551,0.8075918221590556,0.7696431445914558,0.8265661609428555,0.8834891772942551,NaN,0.8075918221590556,NaN,0.8075918221590556,1.0939798460716106
new_preds,OFT-0064-00,slow,3.097141790312539,1219,1.112567926784885,0.8670388041596653,0.7793131397066664,0.735450307480167,0.8012445558199162,0.8670388041596653,NaN,0.7793131397066664,NaN,0.7793131397066664,1.112567926784885
new_preds,OFT-0065-00,fast,5.585441928191219,1220,1.0573423265774158,0.971267898880936,0.9185936044241224,0.8922564571957157,0.9317621780383256,0.971267898880936,NaN,0.9185936044241224,NaN,0.9185936044241224,1.0573423265774158
new_preds,OFT-0065-00,medium,4.369914695807914,1221,1.138683924280714,0.7893843294418124,0.6932427099473211,0.6451719002000753,0.7172781148209438,0.7893843294418124,NaN,0.6932427099473211,NaN,0.6932427099473211,1.138683924280714
new_preds,OFT-0065-00,slow,3.4312801614501014,1222,1.1128686408528885,0.8310856539449498,0.7467958242654912,0.7046509094257618,0.7678682816853559,0.8310856539449498,NaN,0.7467958242654912,NaN,0.7467958242654912,1.1128686408528885
new_preds,OFT-0066-00,medium,4.476294265803095,1223,0.9871121696547333,0.9498505416791806,0.9622518806666259,0.9684525501603486,0.9591515459197646,0.9498505416791806,NaN,0.9622518806666259,NaN,0.9622518806666259,0.9871121696547333
new_preds,OFT-0066-00,fast,5.3191336192273395,1224,1.039151985473834,0.9718819689911873,0.9352645066140418,0.9169557754254694,0.9444188722083282,0.9718819689911873,NaN,0.9352645066140418,NaN,0.9352645066140418,1.039151985473834
new_preds,OFT-0066-00,slow,3.6439739874633825,1225,1.078045959595106,0.9353367345796773,0.8676223181903787,0.8337651099957296,0.8845509222877034,0.9353367345796773,NaN,0.8676223181903787,NaN,0.8676223181903787,1.078045959595106
new_preds,OFT-0067-00,medium,3.9154178877339314,1226,1.0852274650804106,0.9400621002609986,0.8662350802108976,0.8293215701858471,0.8846918352234229,0.9400621002609986,NaN,0.8662350802108976,NaN,0.8662350802108976,1.0852274650804106
new_preds,OFT-0067-00,fast,4.762785027249174,1227,1.1024815230879799,0.988963518757541,0.8970340981203183,0.8510693878017069,0.9200164532796239,0.988963518757541,NaN,0.8970340981203183,NaN,0.8970340981203183,1.1024815230879799
new_preds,OFT-0067-00,slow,3.1955492213203707,1228,1.193705650057799,0.9055805977467654,0.7586297322986763,0.6851542995746318,0.7953674486606985,0.9055805977467654,NaN,0.7586297322986763,NaN,0.7586297322986763,1.193705650057799
new_preds,OFT-0068-00,fast,5.087981394478243,1229,1.111111891581958,0.879717044156613,0.7917447836006021,0.7477586533225966,0.8137378487396048,0.879717044156613,NaN,0.7917447836006021,NaN,0.7917447836006021,1.111111891581958
new_preds,OFT-0068-00,medium,4.238576826106795,1230,1.1074457704051495,0.9406539110017719,0.8493904949021944,0.8037587868524054,0.8722063489270888,0.9406539110017719,NaN,0.8493904949021944,NaN,0.8493904949021944,1.1074457704051495
new_preds,OFT-0068-00,slow,3.518135157724866,1231,1.1051848595189422,0.9847443973407747,0.8910223379004739,0.8441613081803236,0.9144528527605491,0.9847443973407747,NaN,0.8910223379004739,NaN,0.8910223379004739,1.1051848595189422
new_preds,OFT-0069-00,fast,4.428976457654784,1232,1.0660562703076584,0.9050218255195763,0.8489437665972283,0.8209047371360542,0.8629632813278152,0.9050218255195763,NaN,0.8489437665972283,NaN,0.8489437665972283,1.0660562703076584
new_preds,OFT-0069-00,medium,3.6876097197608604,1233,1.0618628742930125,0.8301126627184462,0.7817512814647886,0.7575705908379595,0.7938416267782028,0.8301126627184462,NaN,0.7817512814647886,NaN,0.7817512814647886,1.0618628742930125
new_preds,OFT-0069-00,slow,3.032282601782352,1234,1.1789922310848717,0.9614225833041585,0.8154613388923586,0.7424807166864584,0.8519516499953086,0.9614225833041585,NaN,0.8154613388923586,NaN,0.8154613388923586,1.1789922310848717
new_preds,OFT-0070-00,fast,5.005050935195559,1235,1.0608741436564788,0.9934526026404392,0.9364471823362005,0.907944472184081,0.9506985374122601,0.9934526026404392,NaN,0.9364471823362005,NaN,0.9364471823362005,1.0608741436564788
new_preds,OFT-0070-00,medium,4.288227491189878,1236,1.0890431523662156,0.9097032401540407,0.8353234104429061,0.7981334955873388,0.8539183678706899,0.9097032401540407,NaN,0.8353234104429061,NaN,0.8353234104429061,1.0890431523662156
new_preds,OFT-0070-00,slow,3.528292631225483,1237,1.1129473073051015,0.9226197973483136,0.8289878517091269,0.7821718788895337,0.8523958381189236,0.9226197973483136,NaN,0.8289878517091269,NaN,0.8289878517091269,1.1129473073051015
new_preds,OFT-0071-00,medium,4.963649986282315,1238,1.0789299677497277,0.9221687455838544,0.8547067679537879,0.8209757791387546,0.8715722623613045,0.9221687455838544,NaN,0.8547067679537879,NaN,0.8547067679537879,1.0789299677497277
new_preds,OFT-0071-00,slow,3.8773473235947598,1239,1.1220857321222477,0.895060729677155,0.7976758852323068,0.7489834630098825,0.8220220963435187,0.895060729677155,NaN,0.7976758852323068,NaN,0.7976758852323068,1.1220857321222477
new_preds,OFT-0071-00,fast,5.955897442615842,1240,1.0498911046162647,0.9613837621189637,0.9156985499656649,0.8928559438890156,0.9271198530039897,0.9613837621189637,NaN,0.9156985499656649,NaN,0.9156985499656649,1.0498911046162647
new_preds,OFT-0072-00,medium,3.6978116706546245,1241,1.0612747837058938,0.9518354593168099,0.8968793699149905,0.8694013252140811,0.9106183922654456,0.9518354593168099,NaN,0.8968793699149905,NaN,0.8968793699149905,1.0612747837058938
new_preds,OFT-0072-00,fast,4.270090347302589,1242,1.0817264302807383,0.9606421423478604,0.8880638537218202,0.8517747094087998,0.9062084258783301,0.9606421423478604,NaN,0.8880638537218202,NaN,0.8880638537218202,1.0817264302807383
new_preds,OFT-0072-00,slow,3.1111181492734414,1243,1.081018478897609,0.9421873303575484,0.8715737508191013,0.8362669610498773,0.889227145703713,0.9421873303575484,NaN,0.8715737508191013,NaN,0.8715737508191013,1.081018478897609
new_preds,OFT-0073-00,fast,4.92648373237461,1244,1.0940798740851703,0.8592014342859312,0.7853187455846075,0.7483774012339457,0.8037894177599385,0.8592014342859312,NaN,0.7853187455846075,NaN,0.7853187455846075,1.0940798740851703
new_preds,OFT-0073-00,slow,3.216597998656418,1245,1.0962764266762122,0.7881981919085226,0.7189775979204912,0.6843673009264757,0.736282746417499,0.7881981919085226,NaN,0.7189775979204912,NaN,0.7189775979204912,1.0962764266762122
new_preds,OFT-0073-00,medium,3.9634856983210383,1246,1.1041561757956702,0.8768817177980133,0.7941645729292962,0.7528060004949375,0.8148438591464754,0.8768817177980133,NaN,0.7941645729292962,NaN,0.7941645729292962,1.1041561757956702
new_preds,OFT-0074-00,medium,3.7861311603060863,1247,1.0903224112849947,0.9445203011101146,0.8662761503700125,0.8271540749999615,0.885837188055038,0.9445203011101146,NaN,0.8662761503700125,NaN,0.8662761503700125,1.0903224112849947
new_preds,OFT-0074-00,slow,3.1430599276208784,1248,1.0785180569025996,0.9146606516645388,0.8480717089627191,0.8147772376118094,0.8647189446381741,0.9146606516645388,NaN,0.8480717089627191,NaN,0.8480717089627191,1.0785180569025996
new_preds,OFT-0074-00,fast,4.399265271427747,1249,1.1081646608058346,0.9522608182444762,0.8593134684082161,0.812839793490086,0.882550305867281,0.9522608182444762,NaN,0.8593134684082161,NaN,0.8593134684082161,1.1081646608058346
new_preds,OFT-0075-00,fast,4.720861163141311,1250,1.086347006961663,0.8164731093990043,0.7515767099893318,0.7191285102844956,0.7678008098417498,0.8164731093990043,NaN,0.7515767099893318,NaN,0.7515767099893318,1.086347006961663
new_preds,OFT-0075-00,slow,3.2105534634085466,1251,1.1268929787929658,0.9016172995623122,0.8000913276858374,0.7493283417476002,0.8254728206549561,0.9016172995623122,NaN,0.8000913276858374,NaN,0.8000913276858374,1.1268929787929658
new_preds,OFT-0075-00,medium,3.9405115122389165,1252,1.060381312348035,0.9732990225735246,0.9178764386353797,0.8901651466663071,0.931732084619916,0.9732990225735246,NaN,0.9178764386353797,NaN,0.9178764386353797,1.060381312348035
new_preds,OFT-0076-00,fast,4.719531099300295,1253,1.0630781437846981,0.8421316788515574,0.7921634771395617,0.767179376283564,0.8046555275675606,0.8421316788515574,NaN,0.7921634771395617,NaN,0.7921634771395617,1.0630781437846981
new_preds,OFT-0076-00,slow,3.197382046487945,1254,1.0928694159096022,0.8872413516449729,0.8118457143450356,0.774147895695067,0.8306946236700199,0.8872413516449729,NaN,0.8118457143450356,NaN,0.8118457143450356,1.0928694159096022
new_preds,OFT-0076-00,medium,3.909527875452003,1255,1.2112494720695235,0.9134683909152852,0.7541537990142908,0.6744965030637935,0.7939824469895393,0.9134683909152852,NaN,0.7541537990142908,NaN,0.7541537990142908,1.2112494720695235
new_preds,OFT-0077-00,slow,3.256551418127121,1256,1.0355124648494736,0.7845292751795003,0.7576241733541496,0.7441716224414743,0.7643504488104873,0.7845292751795003,NaN,0.7576241733541496,NaN,0.7576241733541496,1.0355124648494736
new_preds,OFT-0077-00,fast,4.731320650210441,1257,1.0951677200843453,0.9683336687460686,0.8841875550089183,0.8421144981403434,0.905224083443206,0.9683336687460686,NaN,0.8841875550089183,NaN,0.8841875550089183,1.0951677200843453
new_preds,OFT-0077-00,medium,3.9386373390354046,1258,1.143337371865555,0.9386476069416329,0.8209716834586321,0.762133721717132,0.8503906643293824,0.9386476069416329,NaN,0.8209716834586321,NaN,0.8209716834586321,1.143337371865555
new_preds,OFT-0078-00,slow,3.1584811853538084,1259,1.1076792114735645,0.8340457403322739,0.7529668623307723,0.7124274233300214,0.7732365818311476,0.8340457403322739,NaN,0.7529668623307723,NaN,0.7529668623307723,1.1076792114735645
new_preds,OFT-0078-00,fast,4.6230019470830905,1260,1.1371467951645078,0.9251284477653515,0.8135523502324217,0.7577643014659565,0.8414463746156542,0.9251284477653515,NaN,0.8135523502324217,NaN,0.8135523502324217,1.1371467951645078
new_preds,OFT-0078-00,medium,3.826265607124499,1261,1.0648277978673353,0.8735679757175343,0.820384270083049,0.7937924172658064,0.8336801964916702,0.8735679757175343,NaN,0.820384270083049,NaN,0.820384270083049,1.0648277978673353
new_preds,OFT-0079-00,fast,4.986509965276577,1262,1.1504328621570201,0.9522454925996917,0.8277280004104418,0.7654692543158168,0.8588573734577543,0.9522454925996917,NaN,0.8277280004104418,NaN,0.8277280004104418,1.1504328621570201
new_preds,OFT-0079-00,medium,3.9807192327262118,1263,1.198785044318409,0.9227019026426282,0.769697542537534,0.6931953624849869,0.8079486325638074,0.9227019026426282,NaN,0.769697542537534,NaN,0.769697542537534,1.198785044318409
new_preds,OFT-0079-00,slow,3.185226192730071,1264,1.095675193043746,0.9258981065538754,0.8450479781163649,0.8046229138976095,0.8652605102257426,0.9258981065538754,NaN,0.8450479781163649,NaN,0.8450479781163649,1.095675193043746
new_preds,OFT-0080-00,medium,4.498906144222932,1265,1.1446823758786437,0.9150313149944179,0.7993757345063092,0.741547944262255,0.8282896296283364,0.9150313149944179,NaN,0.7993757345063092,NaN,0.7993757345063092,1.1446823758786437
new_preds,OFT-0080-00,fast,5.363736414258669,1266,1.0909419354667562,0.8786456725306577,0.8054009512016163,0.7687785905370953,0.8237121315338767,0.8786456725306577,NaN,0.8054009512016163,NaN,0.8054009512016163,1.0909419354667562
new_preds,OFT-0080-00,slow,3.6899108465918777,1267,1.1285234983824843,0.8711457899457294,0.7719341167413395,0.7223282801391444,0.796737035042437,0.8711457899457294,NaN,0.7719341167413395,NaN,0.7719341167413395,1.1285234983824843
new_preds,OFT-0081-00,fast,4.070581904077191,1268,1.1787113014716621,0.8598647273642926,0.7294956163487375,0.6643110608409601,0.7620878941026262,0.8598647273642926,NaN,0.7294956163487375,NaN,0.7294956163487375,1.1787113014716621
new_preds,OFT-0081-00,medium,3.4331812535076565,1269,1.0165489685532287,0.8629697598862567,0.848920993067802,0.8418966096585747,0.8524331847724157,0.8629697598862567,NaN,0.848920993067802,NaN,0.848920993067802,1.0165489685532287
new_preds,OFT-0081-00,slow,2.9312966415706714,1270,1.0555894802351646,0.7607897447636288,0.7207250157458369,0.7006926512369408,0.7307411980002847,0.7607897447636288,NaN,0.7207250157458369,NaN,0.7207250157458369,1.0555894802351646
new_preds,OFT-0082-00,fast,5.295407714392693,1271,1.0909609033917453,0.8746680187821397,0.8017409387108545,0.7652773986752117,0.8199727087286757,0.8746680187821397,NaN,0.8017409387108545,NaN,0.8017409387108545,1.0909609033917453
new_preds,OFT-0082-00,medium,4.368833354060043,1272,1.084253430310728,0.9258128421100371,0.8538712594570398,0.8179004681305411,0.8718566551202891,0.9258128421100371,NaN,0.8538712594570398,NaN,0.8538712594570398,1.084253430310728
new_preds,OFT-0082-00,slow,3.4560470374498258,1273,1.1390155289708668,0.9453695200607884,0.8299882626841417,0.7722976339958182,0.8588335770283033,0.9453695200607884,NaN,0.8299882626841417,NaN,0.8299882626841417,1.1390155289708668
new_preds,OFT-0083-00,fast,6.191051484769063,1274,1.1093952448974207,0.8287485691020227,0.7470273312543828,0.7061667123305628,0.7674576407162927,0.8287485691020227,NaN,0.7470273312543828,NaN,0.7470273312543828,1.1093952448974207
new_preds,OFT-0083-00,medium,5.027748390631318,1275,1.1198306210380298,0.9191811649336944,0.8208216025399065,0.7716418213430127,0.8454114931383534,0.9191811649336944,NaN,0.8208216025399065,NaN,0.8208216025399065,1.1198306210380298
new_preds,OFT-0083-00,slow,3.965948866760679,1276,1.1756843742026963,0.9236588083519834,0.7856350127800016,0.7166231149940105,0.820140961672997,0.9236588083519834,NaN,0.7856350127800016,NaN,0.7856350127800016,1.1756843742026963
new_preds,OFT-0084-00,fast,4.743428305218214,1277,1.0846441216239149,0.9687684742522424,0.8931671272986895,0.8553664538219135,0.912067464037078,0.9687684742522424,NaN,0.8931671272986895,NaN,0.8931671272986895,1.0846441216239149
new_preds,OFT-0084-00,slow,3.1738467582858956,1278,1.1213111876702222,0.9519096224355992,0.8489254659212014,0.7974333876640026,0.8746715050498008,0.9519096224355992,NaN,0.8489254659212014,NaN,0.8489254659212014,1.1213111876702222
new_preds,OFT-0084-00,medium,3.8739872519015477,1279,1.0858133867225839,0.8644578768039938,0.7961385329879483,0.7619788610799256,0.8132183689419596,0.8644578768039938,NaN,0.7961385329879483,NaN,0.7961385329879483,1.0858133867225839
new_preds,OFT-0085-00,medium,3.8896037435992405,1280,1.0373166162106935,0.922882238305156,0.8896823051735496,0.8730823386077464,0.8979822884564513,0.922882238305156,NaN,0.8896823051735496,NaN,0.8896823051735496,1.0373166162106935
new_preds,OFT-0085-00,fast,4.674564279380074,1281,1.2109817904008096,0.9524408602765788,0.7865030406124777,0.7035341307804271,0.8279874955285031,0.9524408602765788,NaN,0.7865030406124777,NaN,0.7865030406124777,1.2109817904008096
new_preds,OFT-0085-00,slow,3.1138185526167197,1282,1.039737945411375,0.9766276408429938,0.9393017203547269,0.9206387601105936,0.9486332004767937,0.9766276408429938,NaN,0.9393017203547269,NaN,0.9393017203547269,1.039737945411375
new_preds,OFT-0086-00,fast,4.470287036723108,1283,1.0528526727079928,0.9759940722266828,0.9269996624659501,0.9025024575855836,0.9392482649061332,0.9759940722266828,NaN,0.9269996624659501,NaN,0.9269996624659501,1.0528526727079928
new_preds,OFT-0086-00,slow,3.0458310760547684,1284,1.0035139684487417,0.8714565346750287,0.8684049869501559,0.8668792130877195,0.8691678738813742,0.8714565346750287,NaN,0.8684049869501559,NaN,0.8684049869501559,1.0035139684487417
new_preds,OFT-0086-00,medium,3.705632120415875,1285,1.0215225847216995,0.8049637758371728,0.788003895240823,0.779523954942648,0.7922438653899103,0.8049637758371728,NaN,0.788003895240823,NaN,0.788003895240823,1.0215225847216995
new_preds,OFT-0087-00,medium,3.928835210757688,1286,1.149211528308281,0.9285337819108683,0.8079746496084445,0.7476950834572323,0.8381144326840504,0.9285337819108683,NaN,0.8079746496084445,NaN,0.8079746496084445,1.149211528308281
new_preds,OFT-0087-00,fast,4.800854500547193,1287,1.1671265533067088,0.9674837318115138,0.8289450094939869,0.7596756483352232,0.8635796900733685,0.9674837318115138,NaN,0.8289450094939869,NaN,0.8289450094939869,1.1671265533067088
new_preds,OFT-0087-00,slow,3.1782523869508617,1288,1.1693888773402235,0.9266190606967082,0.7923959930286872,0.7252844591946768,0.8259517599456925,0.9266190606967082,NaN,0.7923959930286872,NaN,0.7923959930286872,1.1693888773402235
new_preds,OFT-0088-00,fast,4.506570498009291,1289,1.061808300741074,0.9725962335722198,0.9159810041920092,0.887673389501904,0.9301348115370618,0.9725962335722198,NaN,0.9159810041920092,NaN,0.9159810041920092,1.061808300741074
new_preds,OFT-0088-00,medium,3.801429937356654,1290,1.0779008786087894,0.8978467759471329,0.8329585713910483,0.8005144691130059,0.8491806225300695,0.8978467759471329,NaN,0.8329585713910483,NaN,0.8329585713910483,1.0779008786087894
new_preds,OFT-0088-00,slow,3.0749812082851085,1291,1.0532716007209553,0.998934105720862,0.948410747082804,0.9231490677637748,0.9610415867423183,0.998934105720862,NaN,0.948410747082804,NaN,0.948410747082804,1.0532716007209553
new_preds,OFT-0089-00,fast,4.524474012538228,1292,1.1097819146222583,0.9731296056928802,0.8768656191555517,0.8287336258868874,0.9009316157898838,0.9731296056928802,NaN,0.8768656191555517,NaN,0.8768656191555517,1.1097819146222583
new_preds,OFT-0089-00,medium,3.746095425354828,1293,1.089594852858132,0.8252937115098584,0.7574317273480308,0.7235007352671169,0.7743972233884875,0.8252937115098584,NaN,0.7574317273480308,NaN,0.7574317273480308,1.089594852858132
new_preds,OFT-0089-00,slow,3.17178588326015,1294,1.1546306655909704,0.9652822134639307,0.8360095069620154,0.7713731537110579,0.8683276835874945,0.9652822134639307,NaN,0.8360095069620154,NaN,0.8360095069620154,1.1546306655909704
new_preds,OFT-0090-00,fast,4.689163732135085,1295,1.0677225376926243,0.9149785673457747,0.8569441358080412,0.8279269200391746,0.8714527436924746,0.9149785673457747,NaN,0.8569441358080412,NaN,0.8569441358080412,1.0677225376926243
new_preds,OFT-0090-00,slow,3.065370565166656,1296,1.2067632083242723,0.9974255540214418,0.8265296349285296,0.741081675382073,0.8692536147017574,0.9974255540214418,NaN,0.8265296349285296,NaN,0.8265296349285296,1.2067632083242723
new_preds,OFT-0090-00,medium,3.8337850772187156,1297,1.1407319972477001,0.9501109729256836,0.8328958731920054,0.7742883233251665,0.862199648125425,0.9501109729256836,NaN,0.8328958731920054,NaN,0.8328958731920054,1.1407319972477001
new_preds,OFT-0091-00,fast,4.750982561149254,1298,1.0985960575510119,0.9729976862372585,0.8856737465509051,0.8420117767077282,0.9075047314724933,0.9729976862372585,NaN,0.8856737465509051,NaN,0.8856737465509051,1.0985960575510119
new_preds,OFT-0091-00,slow,3.2615584761042027,1299,1.0371407223771212,0.8808942274599827,0.8493487994965405,0.8335760855148194,0.857235156487401,0.8808942274599827,NaN,0.8493487994965405,NaN,0.8493487994965405,1.0371407223771212
new_preds,OFT-0091-00,medium,3.848361496099826,1300,1.1859410060576672,0.8764286596192091,0.7390153938033173,0.6703087608953712,0.7733687102572903,0.8764286596192091,NaN,0.7390153938033173,NaN,0.7390153938033173,1.1859410060576672
new_preds,OFT-0092-00,medium,4.136720275243007,1301,1.1087519669051735,0.816314105175745,0.736245913911926,0.6962118182800163,0.7562629617278807,0.816314105175745,NaN,0.736245913911926,NaN,0.736245913911926,1.1087519669051735
new_preds,OFT-0092-00,fast,5.157887456440046,1302,1.0847933319352456,0.9899898036711438,0.9126068298235438,0.8739153428997437,0.9319525732854437,0.9899898036711438,NaN,0.9126068298235438,NaN,0.9126068298235438,1.0847933319352456
new_preds,OFT-0092-00,slow,3.308456953982556,1303,1.1654951325188003,0.9108421266636603,0.7815065899890986,0.7168388216518177,0.813840474157739,0.9108421266636603,NaN,0.7815065899890986,NaN,0.7815065899890986,1.1654951325188003
new_preds,OFT-0093-00,fast,3.9752894212322354,1304,1.062982823000993,0.9094935529494392,0.8556051266960027,0.8286609135692845,0.8690772332593618,0.9094935529494392,NaN,0.8556051266960027,NaN,0.8556051266960027,1.062982823000993
new_preds,OFT-0093-00,medium,3.4565018332874144,1305,1.076462700583401,0.835098609468137,0.7757803489294574,0.7461212186601174,0.7906099140641272,0.835098609468137,NaN,0.7757803489294574,NaN,0.7757803489294574,1.076462700583401
new_preds,OFT-0093-00,slow,2.9256370309246926,1306,1.0287853575212162,0.914419959104812,0.8888345391190643,0.8760418291261907,0.8952308941155013,0.914419959104812,NaN,0.8888345391190643,NaN,0.8888345391190643,1.0287853575212162
new_preds,OFT-0094-00,fast,5.079077626938094,1307,1.0579615466078571,0.9636491521967628,0.9108546102516787,0.8844573392791368,0.9240532457379498,0.9636491521967628,NaN,0.9108546102516787,NaN,0.9108546102516787,1.0579615466078571
new_preds,OFT-0094-00,slow,3.3118665854872846,1308,1.0784676001442888,0.9377273499910714,0.869499788278862,0.835386007422757,0.8865566787069142,0.9377273499910714,NaN,0.869499788278862,NaN,0.869499788278862,1.0784676001442888
new_preds,OFT-0094-00,medium,4.190378277006939,1309,1.0714463534684313,0.9111691377470581,0.8504104146674895,0.8200310531277053,0.8656000954373817,0.9111691377470581,NaN,0.8504104146674895,NaN,0.8504104146674895,1.0714463534684313
new_preds,OFT-0095-00,slow,3.663931474391207,1310,1.085848515249317,0.9356979878861127,0.8617205574676973,0.8247318422584895,0.8802149150723011,0.9356979878861127,NaN,0.8617205574676973,NaN,0.8617205574676973,1.085848515249317
new_preds,OFT-0095-00,medium,4.693809937399059,1311,1.1212669995119828,0.933324316171301,0.8323836486559566,0.7819133148982842,0.8576188155347926,0.933324316171301,NaN,0.8323836486559566,NaN,0.8323836486559566,1.1212669995119828
new_preds,OFT-0095-00,fast,5.73903675972553,1312,1.1079708506708774,0.8478306955655143,0.7652102896499055,0.7239000866921009,0.7858653911288076,0.8478306955655143,NaN,0.7652102896499055,NaN,0.7652102896499055,1.1079708506708774
new_preds,OFT-0096-00,slow,3.0646952951207838,1313,1.0326278479750128,0.8828148718859731,0.8549206508590451,0.8409735403455811,0.8618942061157773,0.8828148718859731,NaN,0.8549206508590451,NaN,0.8549206508590451,1.0326278479750128
new_preds,OFT-0096-00,fast,4.53276944989153,1314,1.0594813335985456,0.9858401754138226,0.9304931990310772,0.9028197108397047,0.9443299431267635,0.9858401754138226,NaN,0.9304931990310772,NaN,0.9304931990310772,1.0594813335985456
new_preds,OFT-0096-00,medium,3.7205862573397317,1315,1.0374510116922098,0.9375164475671756,0.9036729802190576,0.8867512465449988,0.9121338470560871,0.9375164475671756,NaN,0.9036729802190576,NaN,0.9036729802190576,1.0374510116922098
new_preds,OFT-0097-00,fast,4.207606929397815,1316,1.105368602327956,0.96956788845015,0.8771444081261186,0.8309326679641029,0.9002502782071266,0.96956788845015,NaN,0.8771444081261186,NaN,0.8771444081261186,1.105368602327956
new_preds,OFT-0097-00,medium,3.561352177323722,1317,1.1311012423191389,0.9140950873833141,0.8081461262557815,0.7551716456920153,0.8346333665376647,0.9140950873833141,NaN,0.8081461262557815,NaN,0.8081461262557815,1.1311012423191389
new_preds,OFT-0097-00,slow,2.9433106957896267,1318,1.1321971201131942,0.9753055456182814,0.8614273330078537,0.8044882267026399,0.8898968861604606,0.9753055456182814,NaN,0.8614273330078537,NaN,0.8614273330078537,1.1321971201131942
new_preds,OFT-0098-00,medium,3.949621424476599,1319,1.1085521357593273,0.9988850901598594,0.9010718196629074,0.8521651844144313,0.9255251372871454,0.9988850901598594,NaN,0.9010718196629074,NaN,0.9010718196629074,1.1085521357593273
new_preds,OFT-0098-00,slow,3.0786291779132617,1320,1.1478394463311437,0.9651768289326393,0.8408639657903799,0.7787075342192503,0.8719421815759448,0.9651768289326393,NaN,0.8408639657903799,NaN,0.8408639657903799,1.1478394463311437
new_preds,OFT-0098-00,fast,4.903753379345103,1321,1.1053153249837813,0.8203175165643097,0.7421570098798247,0.7030767565375823,0.761697136550946,0.8203175165643097,NaN,0.7421570098798247,NaN,0.7421570098798247,1.1053153249837813
new_preds,OFT-0099-00,fast,4.790521961642159,1322,1.0873330628663946,0.8383620409011712,0.7710259804765859,0.7373579502642931,0.7878599955827321,0.8383620409011712,NaN,0.7710259804765859,NaN,0.7710259804765859,1.0873330628663946
new_preds,OFT-0099-00,medium,3.8142330632448513,1323,1.141901918194048,0.7628366917102535,0.6680404678859831,0.6206423559738481,0.6917395238420507,0.7628366917102535,NaN,0.6680404678859831,NaN,0.6680404678859831,1.141901918194048
new_preds,OFT-0099-00,slow,3.1071264431586885,1324,1.0889349835168083,0.8563388951827783,0.7864003895045771,0.7514311366654769,0.8038850159241275,0.8563388951827783,NaN,0.7864003895045771,NaN,0.7864003895045771,1.0889349835168083
new_preds,OFT-0100-00,fast,4.858355926708241,1325,1.0790636719473274,0.8247036898970755,0.7642771333491171,0.734063855075138,0.7793837724861068,0.8247036898970755,NaN,0.7642771333491171,NaN,0.7642771333491171,1.0790636719473274
new_preds,OFT-0100-00,slow,3.156480327491546,1326,1.0646542715975162,0.9685614941450874,0.9097427399523402,0.8803333628559664,0.9244474285005269,0.9685614941450874,NaN,0.9097427399523402,NaN,0.9097427399523402,1.0646542715975162
new_preds,OFT-0100-00,medium,3.8567627757639116,1327,1.070167795403131,0.908036564541194,0.848499243241699,0.8187305825919512,0.8633835735665726,0.908036564541194,NaN,0.848499243241699,NaN,0.848499243241699,1.070167795403131
new_preds,OFT-0101-00,fast,4.4152997596390815,1328,1.153106915846471,0.9342665383684812,0.8102167505279908,0.7481918566077456,0.8412291974881133,0.9342665383684812,NaN,0.8102167505279908,NaN,0.8102167505279908,1.153106915846471
new_preds,OFT-0101-00,slow,3.0466909939138365,1329,1.0700613335805853,0.9982481137527542,0.9328886881768419,0.9002089753888856,0.94922854457082,0.9982481137527542,NaN,0.9328886881768419,NaN,0.9328886881768419,1.0700613335805853
new_preds,OFT-0101-00,medium,3.648071814893325,1330,1.1275747527442024,0.8810680715275068,0.7813832913367676,0.7315409012413981,0.8063044863844524,0.8810680715275068,NaN,0.7813832913367676,NaN,0.7813832913367676,1.1275747527442024
new_preds,OFT-0102-00,medium,3.7150816719224973,1331,1.040268095285209,0.993156189327421,0.954711765004317,0.9354895528427649,0.9643228710850928,0.993156189327421,NaN,0.954711765004317,NaN,0.954711765004317,1.040268095285209
new_preds,OFT-0102-00,fast,4.473001778682359,1332,1.0357892234083554,0.900356834452305,0.8692471538655342,0.8536923135721489,0.8770245740122269,0.900356834452305,NaN,0.8692471538655342,NaN,0.8692471538655342,1.0357892234083554
new_preds,OFT-0102-00,slow,3.177731249371364,1333,1.090267282266183,0.9447541254660372,0.8665344185164501,0.8274245650416565,0.8860893452538469,0.9447541254660372,NaN,0.8665344185164501,NaN,0.8665344185164501,1.090267282266183
new_preds,OFT-0103-00,fast,4.857669634621617,1334,1.1981997759884055,0.8825875063748222,0.7365946180775805,0.6635981739289598,0.773092840151891,0.8825875063748222,NaN,0.7365946180775805,NaN,0.7365946180775805,1.1981997759884055
new_preds,OFT-0103-00,medium,4.008844427921953,1335,1.0698394297026232,0.926779111567436,0.866278701117837,0.8360284958930373,0.8814038037302367,0.926779111567436,NaN,0.866278701117837,NaN,0.866278701117837,1.0698394297026232
new_preds,OFT-0103-00,slow,3.2437997424582243,1336,1.0425091525605572,0.7772883380237735,0.7455937783516221,0.7297464985155462,0.7535174182696598,0.7772883380237735,NaN,0.7455937783516221,NaN,0.7455937783516221,1.0425091525605572
new_preds,OFT-0104-00,slow,3.544209231575979,1337,1.1090831780353065,0.876575238751149,0.790360232768082,0.7472527297765487,0.8119139842638489,0.876575238751149,NaN,0.790360232768082,NaN,0.790360232768082,1.1090831780353065
new_preds,OFT-0104-00,fast,6.149782259682828,1338,1.1079725638638944,0.9262117344892558,0.8359518680311234,0.7908219348020573,0.8585168346456565,0.9262117344892558,NaN,0.8359518680311234,NaN,0.8359518680311234,1.1079725638638944
new_preds,OFT-0104-00,medium,4.593496678760866,1339,1.07024757401843,0.9987322845834364,0.9331787418433689,0.9004019704733351,0.9495671275283859,0.9987322845834364,NaN,0.9331787418433689,NaN,0.9331787418433689,1.07024757401843
new_preds,OFT-0105-00,fast,4.207679396914973,1340,1.0592048161577559,0.8733429918820185,0.8245270211761807,0.8001190358232617,0.83673101385264,0.8733429918820185,NaN,0.8245270211761807,NaN,0.8245270211761807,1.0592048161577559
new_preds,OFT-0105-00,slow,2.9845250458485926,1341,1.0053431829708441,0.7950271067462369,0.7908017085239373,0.7886890094127875,0.791858058079512,0.7950271067462369,NaN,0.7908017085239373,NaN,0.7908017085239373,1.0053431829708441
new_preds,OFT-0105-00,medium,3.495861308866383,1342,1.016988461524417,0.71847146742202,0.7064696352061514,0.7004687190982168,0.7094700932601183,0.71847146742202,NaN,0.7064696352061514,NaN,0.7064696352061514,1.016988461524417
new_preds,OFT-0106-00,fast,5.589403490311641,1343,1.1085664548239644,0.9634640846159677,0.8691080994047953,0.821930106799209,0.8926970957075884,0.9634640846159677,NaN,0.8691080994047953,NaN,0.8691080994047953,1.1085664548239644
new_preds,OFT-0106-00,slow,3.5591109622928343,1344,1.091551314117464,0.8314484101041765,0.7617126188670437,0.7268447232484773,0.7791465666763269,0.8314484101041765,NaN,0.7617126188670437,NaN,0.7617126188670437,1.091551314117464
new_preds,OFT-0106-00,medium,4.49001049356811,1345,1.1000927206695768,0.9006515198471761,0.8187050990565505,0.7777318886612374,0.8391917042542069,0.9006515198471761,NaN,0.8187050990565505,NaN,0.8187050990565505,1.1000927206695768
new_preds,OFT-0107-00,fast,5.903112695635472,1346,1.081808930483224,0.8945961907290128,0.8269447270410434,0.7931189951970588,0.8438575929630358,0.8945961907290128,NaN,0.8269447270410434,NaN,0.8269447270410434,1.081808930483224
new_preds,OFT-0107-00,medium,4.645524452276862,1347,1.10859153081888,0.9679684355642811,0.8731515699468448,0.8257431371381267,0.8968557863512039,0.9679684355642811,NaN,0.8731515699468448,NaN,0.8731515699468448,1.10859153081888
new_preds,OFT-0107-00,slow,3.599059247664575,1348,1.1476934729614485,0.9002859827774115,0.7844306898900107,0.7265030434463101,0.8133945131118608,0.9002859827774115,NaN,0.7844306898900107,NaN,0.7844306898900107,1.1476934729614485
new_preds,OFT-0108-00,fast,4.6283832737386135,1349,1.036038451842139,0.887533149499849,0.8566604337143678,0.8412240758216274,0.8643786126607382,0.887533149499849,NaN,0.8566604337143678,NaN,0.8566604337143678,1.036038451842139
new_preds,OFT-0108-00,slow,3.100026065352763,1350,1.0907096662805542,0.9508255339459367,0.8717494337318579,0.8322113836248181,0.8915184587853775,0.9508255339459367,NaN,0.8717494337318579,NaN,0.8717494337318579,1.0907096662805542
new_preds,OFT-0108-00,medium,3.708190048430666,1351,1.0192622642265923,0.8815215763322519,0.8648623688635655,0.8565327651292224,0.8690271707307371,0.8815215763322519,NaN,0.8648623688635655,NaN,0.8648623688635655,1.0192622642265923
new_preds,OFT-0109-00,fast,4.689048902522596,1352,1.0949768542099168,0.9987477980622437,0.9121177257969463,0.8688026896642975,0.9337752438632707,0.9987477980622437,NaN,0.9121177257969463,NaN,0.9121177257969463,1.0949768542099168
new_preds,OFT-0109-00,medium,3.9616743122670086,1353,1.1029788356141805,0.9681305425603348,0.8777417220533003,0.832547311799783,0.900338927180059,0.9681305425603348,NaN,0.8777417220533003,NaN,0.8777417220533003,1.1029788356141805
new_preds,OFT-0109-00,slow,3.2165687649327754,1354,1.1709080934621194,0.9777985416659299,0.8350771056460915,0.7637163876361721,0.870757464651051,0.9777985416659299,NaN,0.8350771056460915,NaN,0.8350771056460915,1.1709080934621194
new_preds,OFT-0110-00,fast,5.4628974205056045,1355,1.0967078879943097,0.804364951640131,0.7334359134693343,0.6979713943839361,0.7511681730120334,0.804364951640131,NaN,0.7334359134693343,NaN,0.7334359134693343,1.0967078879943097
new_preds,OFT-0110-00,medium,4.380177327213819,1356,1.1373183845925974,0.9234982595483409,0.8119962466615277,0.756245240218121,0.8398717498832309,0.9234982595483409,NaN,0.8119962466615277,NaN,0.8119962466615277,1.1373183845925974
new_preds,OFT-0110-00,slow,3.5583344306984235,1357,1.1051199097860063,0.8645054797204622,0.7822730113403384,0.7411567771502765,0.8028311284353693,0.8645054797204622,NaN,0.7822730113403384,NaN,0.7822730113403384,1.1051199097860063
new_preds,OFT-0111-00,fast,5.084155203599005,1358,1.0289622336487525,0.8946801530317297,0.869497561498587,0.8569062657320157,0.8757932093818726,0.8946801530317297,NaN,0.869497561498587,NaN,0.869497561498587,1.0289622336487525
new_preds,OFT-0111-00,medium,4.153452912737066,1359,1.0391343654507907,0.9626276861571482,0.9263746038651576,0.9082480627191625,0.9354378744381553,0.9626276861571482,NaN,0.9263746038651576,NaN,0.9263746038651576,1.0391343654507907
new_preds,OFT-0111-00,slow,3.3302359064930336,1360,1.0353604052824548,0.803731634711486,0.7762819889681039,0.7625571660964128,0.7831444004039493,0.803731634711486,NaN,0.7762819889681039,NaN,0.7762819889681039,1.0353604052824548
new_preds,OFT-0112-00,fast,5.460466572484588,1361,1.0589456878462211,0.8201873030631299,0.7745319825904392,0.7517043223540938,0.7859458127086119,0.8201873030631299,NaN,0.7745319825904392,NaN,0.7745319825904392,1.0589456878462211
new_preds,OFT-0112-00,slow,3.5493403845247444,1362,1.0707785350112118,0.8996190238783175,0.8401541443571222,0.8104217045965247,0.8550203642374211,0.8996190238783175,NaN,0.8401541443571222,NaN,0.8401541443571222,1.0707785350112118
new_preds,OFT-0112-00,medium,4.421119173758832,1363,1.092203932364719,0.9214415098843414,0.843653353169438,0.8047592748119864,0.8631003923481637,0.9214415098843414,NaN,0.843653353169438,NaN,0.843653353169438,1.092203932364719
new_preds,OFT-0113-00,fast,4.527037077475658,1364,1.044351955332115,0.9091885355451949,0.8705767542284759,0.8512708635701165,0.8802296995576557,0.9091885355451949,NaN,0.8705767542284759,NaN,0.8705767542284759,1.044351955332115
new_preds,OFT-0113-00,slow,3.1240633987538455,1365,1.0354559364178413,0.8369535729334765,0.8082947265036854,0.7939653032887899,0.8154594381111331,0.8369535729334765,NaN,0.8082947265036854,NaN,0.8082947265036854,1.0354559364178413
new_preds,OFT-0113-00,medium,3.6754463092626932,1366,0.9784668566550891,0.7369090980990576,0.7531262741164252,0.7612348621251087,0.7490719801120832,0.7369090980990576,NaN,0.7531262741164252,NaN,0.7531262741164252,0.9784668566550891
new_preds,OFT-0114-00,medium,4.597831388643835,1367,1.1114073531567976,0.9484566204784317,0.8533834311825209,0.8058468365345655,0.8771517285064985,0.9484566204784317,NaN,0.8533834311825209,NaN,0.8533834311825209,1.1114073531567976
new_preds,OFT-0114-00,slow,3.6328270127984643,1368,1.1298773729134426,0.9983435497170852,0.8835857533307432,0.8262068551375723,0.9122752024273287,0.9983435497170852,NaN,0.8835857533307432,NaN,0.8835857533307432,1.1298773729134426
new_preds,OFT-0114-00,fast,5.7777790191967195,1369,1.0789916570173237,0.9080554533619848,0.8415778263495929,0.8083390128433972,0.8581972331026909,0.9080554533619848,NaN,0.8415778263495929,NaN,0.8415778263495929,1.0789916570173237
new_preds,OFT-0115-00,medium,4.85521469405947,1370,1.0662003949458765,0.9864605126077127,0.925211167885366,0.8945864955241926,0.9405235040659525,0.9864605126077127,NaN,0.925211167885366,NaN,0.925211167885366,1.0662003949458765
new_preds,OFT-0115-00,fast,6.240615888930552,1371,1.0672818945177112,0.8575146767310153,0.8034565948657018,0.7764275539330451,0.81697111533203,0.8575146767310153,NaN,0.8034565948657018,NaN,0.8034565948657018,1.0672818945177112
new_preds,OFT-0115-00,slow,3.8100180370213876,1372,1.0856804733558938,0.9931670244069138,0.9147875906222978,0.8755978737299897,0.9343824490684518,0.9931670244069138,NaN,0.9147875906222978,NaN,0.9147875906222978,1.0856804733558938
new_preds,OFT-0116-00,fast,4.886475257771554,1373,1.060865732146244,0.9680357291478321,0.9124959924847351,0.8847261241531867,0.9263809266505094,0.9680357291478321,NaN,0.9124959924847351,NaN,0.9124959924847351,1.060865732146244
new_preds,OFT-0116-00,medium,3.901488585441174,1374,1.0758949445134591,0.9185381007905655,0.8537433003795241,0.8213459001740036,0.8699420004822844,0.9185381007905655,NaN,0.8537433003795241,NaN,0.8537433003795241,1.0758949445134591
new_preds,OFT-0116-00,slow,3.1738143482527605,1375,1.1866747125885506,0.8930112858093401,0.7525324980266679,0.6822931041353318,0.787652194972336,0.8930112858093401,NaN,0.7525324980266679,NaN,0.7525324980266679,1.1866747125885506
new_preds,OFT-0117-00,slow,3.353217945820113,1376,1.1141456673319963,0.9422010451610485,0.8456713271769057,0.7974064681848345,0.8698037566729413,0.9422010451610485,NaN,0.8456713271769057,NaN,0.8456713271769057,1.1141456673319963
new_preds,OFT-0117-00,fast,5.152286907226821,1377,1.077461814464098,0.8714485887491235,0.8087976548686876,0.7774721879284698,0.8244603883387965,0.8714485887491235,NaN,0.8087976548686876,NaN,0.8087976548686876,1.077461814464098
new_preds,OFT-0117-00,medium,4.066731687779831,1378,1.1653656100647185,0.9253081831639047,0.7940067693541409,0.7283560624492591,0.826832122806582,0.9253081831639047,NaN,0.7940067693541409,NaN,0.7940067693541409,1.1653656100647185
new_preds,OFT-0118-00,fast,4.545548367623894,1379,1.0652006231467028,0.9873419707946245,0.9269070533191422,0.8966895945814009,0.9420157826880127,0.9873419707946245,NaN,0.9269070533191422,NaN,0.9269070533191422,1.0652006231467028
new_preds,OFT-0118-00,medium,3.8292329883661,1380,1.0372740862521814,0.8770416337607418,0.8455254453811892,0.8297673511914128,0.8534044924760773,0.8770416337607418,NaN,0.8455254453811892,NaN,0.8455254453811892,1.0372740862521814
new_preds,OFT-0118-00,slow,3.127166192621628,1381,1.0885271409759723,0.996887943723537,0.9158135853459091,0.875276406157095,0.9360821749403161,0.996887943723537,NaN,0.9158135853459091,NaN,0.9158135853459091,1.0885271409759723
new_preds,OFT-0119-00,fast,4.86379917527248,1382,1.0824528862750102,0.9579240299937059,0.8849567885491635,0.8484731678268922,0.9031985989102989,0.9579240299937059,NaN,0.8849567885491635,NaN,0.8849567885491635,1.0824528862750102
new_preds,OFT-0119-00,slow,3.0742784130470637,1383,1.0154620695763557,0.8051691304269095,0.7929091145303152,0.7867791065820179,0.7959741185044638,0.8051691304269095,NaN,0.7929091145303152,NaN,0.7929091145303152,1.0154620695763557
new_preds,OFT-0119-00,medium,3.761419260287116,1384,1.0609981774914214,0.8185536117452503,0.7714938904801923,0.7479640298476631,0.7832588207964567,0.8185536117452503,NaN,0.7714938904801923,NaN,0.7714938904801923,1.0609981774914214
new_preds,OFT-0120-00,medium,4.008244031852523,1385,1.0856369577415468,0.9566939820839675,0.8812282736525296,0.8434954194368108,0.9000947007603892,0.9566939820839675,NaN,0.8812282736525296,NaN,0.8812282736525296,1.0856369577415468
new_preds,OFT-0120-00,fast,4.858629715812507,1386,1.09191872759586,0.8619830699136408,0.7894205384786451,0.7531392727611473,0.807561171337394,0.8619830699136408,NaN,0.7894205384786451,NaN,0.7894205384786451,1.09191872759586
new_preds,OFT-0120-00,slow,3.102698138826655,1387,1.0694484155546427,0.9053128088911836,0.8465231195107862,0.8171282748205876,0.8612205418558856,0.9053128088911836,NaN,0.8465231195107862,NaN,0.8465231195107862,1.0694484155546427
new_preds,OFT-0121-00,slow,3.362702688892872,1388,1.1440559849511553,0.906349970783598,0.7922251906424789,0.7351628005719193,0.8207563856777587,0.906349970783598,NaN,0.7922251906424789,NaN,0.7922251906424789,1.1440559849511553
new_preds,OFT-0121-00,medium,4.054884219463336,1389,1.0645288312445254,0.7871503646211627,0.7394354586910685,0.7155780057260215,0.751364185173592,0.7871503646211627,NaN,0.7394354586910685,NaN,0.7394354586910685,1.0645288312445254
new_preds,OFT-0121-00,fast,4.877111530413395,1390,1.0828556947505332,0.9649399163427804,0.8911066553194624,0.8541900248078034,0.9095649705752918,0.9649399163427804,NaN,0.8911066553194624,NaN,0.8911066553194624,1.0828556947505332
new_preds,OFT-0122-00,slow,3.27089817934142,1391,1.114156439820705,0.7884075064495061,0.7076272938622338,0.6672371875685976,0.7278223470090519,0.7884075064495061,NaN,0.7076272938622338,NaN,0.7076272938622338,1.114156439820705
new_preds,OFT-0122-00,fast,5.053742445817246,1392,1.0959309194169915,0.8785012934690986,0.8016027998703055,0.7631535530709092,0.8208274232700039,0.8785012934690986,NaN,0.8016027998703055,NaN,0.8016027998703055,1.0959309194169915
new_preds,OFT-0122-00,medium,4.1446111717690695,1393,1.1811968080977515,0.9652687719057148,0.8171955471673038,0.743158934798098,0.8542138533519066,0.9652687719057148,NaN,0.8171955471673038,NaN,0.8171955471673038,1.1811968080977515
new_preds,OFT-0123-00,medium,4.326321954256917,1394,1.1113788421692445,0.9488209616744113,0.8537331517149052,0.8061892467351518,0.8775051042047814,0.9488209616744113,NaN,0.8537331517149052,NaN,0.8537331517149052,1.1113788421692445
new_preds,OFT-0123-00,fast,5.341205962105164,1395,1.0599298833104815,0.9439814496899032,0.8906074491848117,0.8639204489322658,0.9039509493110846,0.9439814496899032,NaN,0.8906074491848117,NaN,0.8906074491848117,1.0599298833104815
new_preds,OFT-0123-00,slow,3.404918979060959,1396,1.162250111328128,0.9909145419427904,0.8525828754797461,0.7834170422482243,0.8871657920955073,0.9909145419427904,NaN,0.8525828754797461,NaN,0.8525828754797461,1.162250111328128
new_preds,OFT-0124-00,fast,5.154197857548534,1397,1.0759136666919624,0.8870352650580219,0.8244483665546586,0.793154917302977,0.8400950911804995,0.8870352650580219,NaN,0.8244483665546586,NaN,0.8244483665546586,1.0759136666919624
new_preds,OFT-0124-00,medium,4.062977894903928,1398,1.1631781870464073,0.9678444929329298,0.8320689845384074,0.7641812303411458,0.866012861637038,0.9678444929329298,NaN,0.8320689845384074,NaN,0.8320689845384074,1.1631781870464073
new_preds,OFT-0124-00,slow,3.2641164411901373,1399,1.0832508460186783,0.9672683107406036,0.8929310457459132,0.8557624132485678,0.9115153619945857,0.9672683107406036,NaN,0.8929310457459132,NaN,0.8929310457459132,1.0832508460186783
new_preds,OFT-0125-00,fast,5.725812741190015,1400,1.057015151068295,0.9556545379986197,0.9041067547922723,0.8783328631890986,0.9169937005938592,0.9556545379986197,NaN,0.9041067547922723,NaN,0.9041067547922723,1.057015151068295
new_preds,OFT-0125-00,medium,4.785363291136051,1401,1.122405436550446,0.9962883132911737,0.8876367494736347,0.8333109675648649,0.9147996404280194,0.9962883132911737,NaN,0.8876367494736347,NaN,0.8876367494736347,1.122405436550446
new_preds,OFT-0125-00,slow,3.819975976532673,1402,1.126820908194709,0.9098538980623562,0.8074520906077632,0.7562511868804668,0.8330525424714115,0.9098538980623562,NaN,0.8074520906077632,NaN,0.8074520906077632,1.126820908194709
new_preds,OFT-0126-00,medium,4.733874034530336,1403,1.0822037189330156,0.9535538817642563,0.8811223479294639,0.8449065810120678,0.8992302313881619,0.9535538817642563,NaN,0.8811223479294639,NaN,0.8811223479294639,1.0822037189330156
new_preds,OFT-0126-00,fast,5.608393516093759,1404,1.0366621487665826,0.9430455302271508,0.9096941866250093,0.8930185148239386,0.9180320225255447,0.9430455302271508,NaN,0.9096941866250093,NaN,0.9096941866250093,1.0366621487665826
new_preds,OFT-0126-00,slow,3.9363631630806504,1405,1.0806182656451788,0.9040060070144187,0.8365636929842987,0.8028425359692383,0.8534242714918285,0.9040060070144187,NaN,0.8365636929842987,NaN,0.8365636929842987,1.0806182656451788
new_preds,OFT-0127-00,medium,4.53324496165671,1406,1.1002952425806876,0.9341806959024268,0.849027297174668,0.8064505978107888,0.8703156468566077,0.9341806959024268,NaN,0.849027297174668,NaN,0.849027297174668,1.1002952425806876
new_preds,OFT-0127-00,fast,5.371007517593043,1407,1.0726477339134213,0.9579753001040852,0.8930940417960255,0.8606534126419956,0.9093143563730404,0.9579753001040852,NaN,0.8930940417960255,NaN,0.8930940417960255,1.0726477339134213
new_preds,OFT-0127-00,slow,3.6735254287406254,1408,1.1406881433694718,0.9944132888213327,0.871766130472735,0.8104425512984362,0.9024279200598844,0.9944132888213327,NaN,0.871766130472735,NaN,0.871766130472735,1.1406881433694718
new_preds,OFT-0128-00,medium,4.963716903945819,1409,1.113330116714366,0.9866580569571322,0.8862223720929552,0.8360045296608665,0.9113312933089993,0.9866580569571322,NaN,0.8862223720929552,NaN,0.8862223720929552,1.113330116714366
new_preds,OFT-0128-00,fast,5.938341571010292,1410,1.032908246649915,0.9155598565383019,0.8863903057292694,0.8718055303247532,0.8936826934315274,0.9155598565383019,NaN,0.8863903057292694,NaN,0.8863903057292694,1.032908246649915
new_preds,OFT-0128-00,slow,3.918836015940738,1411,1.0721100248122055,0.9249167072653134,0.8627068918857699,0.8316019841959978,0.8782593457306558,0.9249167072653134,NaN,0.8627068918857699,NaN,0.8627068918857699,1.0721100248122055
new_preds,OFT-0129-00,slow,3.6422250669251026,1412,1.1389687092288279,0.9412780248815369,0.8264301005414422,0.7690061383713951,0.8551420816264661,0.9412780248815369,NaN,0.8264301005414422,NaN,0.8264301005414422,1.1389687092288279
new_preds,OFT-0129-00,medium,4.607041154533279,1413,1.0830450220849333,0.9662519985262736,0.8921623559712916,0.8551175346938005,0.910684766610037,0.9662519985262736,NaN,0.8921623559712916,NaN,0.8921623559712916,1.0830450220849333
new_preds,OFT-0129-00,fast,5.87468092727329,1414,1.0965168477247182,0.886793270189977,0.8087365661823442,0.7697082141785281,0.8282507421842524,0.886793270189977,NaN,0.8087365661823442,NaN,0.8087365661823442,1.0965168477247182
new_preds,OFT-0130-00,medium,4.4550802235515805,1415,1.1208196862749034,0.9086385146459283,0.8106910734819718,0.7617173528999935,0.8351779337729609,0.9086385146459283,NaN,0.8106910734819718,NaN,0.8106910734819718,1.1208196862749034
new_preds,OFT-0130-00,fast,5.3088064299711295,1416,1.0742031731286494,0.9134301948891658,0.8503328027125191,0.8187841066241959,0.8661071507566807,0.9134301948891658,NaN,0.8503328027125191,NaN,0.8503328027125191,1.0742031731286494
new_preds,OFT-0130-00,slow,3.537348494446937,1417,1.0893722048284582,0.8517384947365657,0.7818617832925963,0.7469234275706114,0.7993309611535885,0.8517384947365657,NaN,0.7818617832925963,NaN,0.7818617832925963,1.0893722048284582
new_preds,OFT-0131-00,medium,4.258418379079952,1418,1.0468529373438749,0.8841814204915118,0.8446090075793254,0.8248228011232324,0.8545021108073722,0.8841814204915118,NaN,0.8446090075793254,NaN,0.8446090075793254,1.0468529373438749
new_preds,OFT-0131-00,fast,5.234948108821032,1419,1.0522298949284268,0.7990498917036115,0.7593871791277734,0.7395558228398541,0.769302857271733,0.7990498917036115,NaN,0.7593871791277734,NaN,0.7593871791277734,1.0522298949284268
new_preds,OFT-0131-00,slow,3.5100568114724164,1420,1.1151525608052295,0.9494100013061924,0.8513723006838116,0.8023534503726213,0.8758817258394069,0.9494100013061924,NaN,0.8513723006838116,NaN,0.8513723006838116,1.1151525608052295
new_preds,OFT-0132-00,fast,4.90628088007859,1421,1.077173048410763,0.9492712927224348,0.8812616451209659,0.8472568213202315,0.8982640570213332,0.9492712927224348,NaN,0.8812616451209659,NaN,0.8812616451209659,1.077173048410763
new_preds,OFT-0132-00,medium,3.8366578318780973,1422,1.144479190036051,0.8925779850557348,0.7798988333091655,0.723559257435881,0.8080686212458078,0.8925779850557348,NaN,0.7798988333091655,NaN,0.7798988333091655,1.144479190036051
new_preds,OFT-0132-00,slow,3.142066774456672,1423,1.1201025083167147,0.9549166446281832,0.8525261192953025,0.801330856628862,0.8781237506285227,0.9549166446281832,NaN,0.8525261192953025,NaN,0.8525261192953025,1.1201025083167147
new_preds,OFT-0133-00,medium,4.152598936773791,1424,1.0945792421622407,0.9516712426295507,0.8694402433117694,0.8283247436528788,0.8899979931412149,0.9516712426295507,NaN,0.8694402433117694,NaN,0.8694402433117694,1.0945792421622407
new_preds,OFT-0133-00,fast,5.108448363819388,1425,1.0814714285514258,0.9904034016379096,0.9157924800329705,0.878487019230501,0.9344452104342054,0.9904034016379096,NaN,0.9157924800329705,NaN,0.9157924800329705,1.0814714285514258
new_preds,OFT-0133-00,slow,3.32759916335919,1426,1.087052224797134,0.811571838158271,0.7465803570842485,0.7140846165472371,0.762828227352754,0.811571838158271,NaN,0.7465803570842485,NaN,0.7465803570842485,1.087052224797134
new_preds,OFT-0134-00,fast,4.8523541683536555,1427,1.0377055336194803,0.9563409116396429,0.9215918010034692,0.9042172456853823,0.9302790786625125,0.9563409116396429,NaN,0.9215918010034692,NaN,0.9215918010034692,1.0377055336194803
new_preds,OFT-0134-00,medium,3.9463693724583107,1428,1.090265249255623,0.8537390089201726,0.7830562420503283,0.7477148586154061,0.8007269337677894,0.8537390089201726,NaN,0.7830562420503283,NaN,0.7830562420503283,1.090265249255623
new_preds,OFT-0134-00,slow,3.093490904379973,1429,1.0103538176687321,0.7820605111240382,0.7740461781285165,0.7700390116307554,0.7760497613773969,0.7820605111240382,NaN,0.7740461781285165,NaN,0.7740461781285165,1.0103538176687321
new_preds,OFT-0135-00,medium,3.9760237695105434,1430,1.1184290586405974,0.8871403171402658,0.7932021349825681,0.7462330439037193,0.8166866805219926,0.8871403171402658,NaN,0.7932021349825681,NaN,0.7932021349825681,1.1184290586405974
new_preds,OFT-0135-00,fast,4.838055496071161,1431,1.1163226349332565,0.9748015898207665,0.8732256780577137,0.8224377221761869,0.8986196559984769,0.9748015898207665,NaN,0.8732256780577137,NaN,0.8732256780577137,1.1163226349332565
new_preds,OFT-0135-00,slow,3.248002076798196,1432,1.1138724478989102,0.7228251824039164,0.6489299414554839,0.6119823209812676,0.6674037516925919,0.7228251824039164,NaN,0.6489299414554839,NaN,0.6489299414554839,1.1138724478989102
new_preds,OFT-0136-00,medium,4.590850670882165,1433,1.1257632624130904,0.980473175422309,0.8709408169179816,0.816174637665818,0.8983239065440638,0.980473175422309,NaN,0.8709408169179816,NaN,0.8709408169179816,1.1257632624130904
new_preds,OFT-0136-00,fast,5.7799125736877155,1434,1.089755973132418,0.9829769383654495,0.9020156462551515,0.8615350002000025,0.9222559692827259,0.9829769383654495,NaN,0.9020156462551515,NaN,0.9020156462551515,1.089755973132418
new_preds,OFT-0136-00,slow,3.630828798900038,1435,1.107934111442417,0.9232018063100569,0.8332641776938724,0.7882953633857803,0.8557485848479186,0.9232018063100569,NaN,0.8332641776938724,NaN,0.8332641776938724,1.107934111442417
new_preds,OFT-0137-00,slow,3.2628440511746852,1436,1.1656459291054646,0.9741250523234216,0.8356954955189358,0.7664807171166931,0.8703028847200573,0.9741250523234216,NaN,0.8356954955189358,NaN,0.8356954955189358,1.1656459291054646
new_preds,OFT-0137-00,medium,4.063416852430935,1437,1.1312184578480382,0.884793906153403,0.7821600682122724,0.7308431492417069,0.8078185276975549,0.884793906153403,NaN,0.7821600682122724,NaN,0.7821600682122724,1.1312184578480382
new_preds,OFT-0137-00,fast,4.934777570972326,1438,1.1654279958845035,0.9816409251529692,0.8423007930300758,0.7726307269686292,0.8771358260607992,0.9816409251529692,NaN,0.8423007930300758,NaN,0.8423007930300758,1.1654279958845035
new_preds,OFT-0138-00,fast,5.325866909950423,1439,1.0992015737634142,0.840227605618743,0.7643981101136857,0.7264833623611573,0.7833554839899501,0.840227605618743,NaN,0.7643981101136857,NaN,0.7643981101136857,1.0992015737634142
new_preds,OFT-0138-00,medium,4.147352312322295,1440,1.0676960739361496,0.9138894236465189,0.8559452881355929,0.8269732203801301,0.8704313220133245,0.9138894236465189,NaN,0.8559452881355929,NaN,0.8559452881355929,1.0676960739361496
new_preds,OFT-0138-00,slow,3.266424381347384,1441,1.1208946217617417,0.8791443135831309,0.7843237861212636,0.7369135223903298,0.8080289179867304,0.8791443135831309,NaN,0.7843237861212636,NaN,0.7843237861212636,1.1208946217617417
new_preds,OFT-0139-00,fast,4.858034475119845,1442,1.074123078594866,0.6773435194644094,0.630601402169376,0.6072303435218592,0.6422869314931343,0.6773435194644094,NaN,0.630601402169376,NaN,0.630601402169376,1.074123078594866
new_preds,OFT-0139-00,medium,3.842610917222747,1443,1.0979892964218918,0.8428497505976029,0.7676302067281228,0.730020434793383,0.7864350926954928,0.8428497505976029,NaN,0.7676302067281228,NaN,0.7676302067281228,1.0979892964218918
new_preds,OFT-0139-00,slow,3.1003227911143636,1444,1.05630521983507,0.909093641602025,0.8606353774754324,0.8364062454121362,0.8727499435070805,0.909093641602025,NaN,0.8606353774754324,NaN,0.8606353774754324,1.05630521983507
new_preds,OFT-0140-00,fast,5.52481303593457,1445,1.0043849803181637,0.9247330453691219,0.9206958123529386,0.918677195844847,0.9217051206069844,0.9247330453691219,NaN,0.9206958123529386,NaN,0.9206958123529386,1.0043849803181637
new_preds,OFT-0140-00,medium,4.332421102609511,1446,1.0731549089368766,0.9840649041000485,0.9169830896779988,0.8834421824669738,0.9337535432835112,0.9840649041000485,NaN,0.9169830896779988,NaN,0.9169830896779988,1.0731549089368766
new_preds,OFT-0140-00,slow,3.466354624395621,1447,1.0955288615245402,0.9212579012871216,0.840925267824617,0.8007589510933647,0.8610084261902432,0.9212579012871216,NaN,0.840925267824617,NaN,0.840925267824617,1.0955288615245402
new_preds,OFT-0141-00,fast,4.687502391248226,1448,1.0657400547013156,0.9956453523516011,0.934229081434535,0.903520945976002,0.9495831491638016,0.9956453523516011,NaN,0.934229081434535,NaN,0.934229081434535,1.0657400547013156
new_preds,OFT-0141-00,slow,3.1550570418346116,1449,1.0826570522620838,0.9833071210676203,0.9082350860903888,0.8706990686017732,0.9270030948346967,0.9833071210676203,NaN,0.9082350860903888,NaN,0.9082350860903888,1.0826570522620838
new_preds,OFT-0141-00,medium,3.7961608885893128,1450,1.0712470963572835,0.8673115497133232,0.8096279118632556,0.7807860929382218,0.8240488213257725,0.8673115497133232,NaN,0.8096279118632556,NaN,0.8096279118632556,1.0712470963572835
new_preds,OFT-0142-00,medium,3.949032073833002,1451,1.0749533246069078,0.9462170354586865,0.8802401125692615,0.8472516511245491,0.8967343432916177,0.9462170354586865,NaN,0.8802401125692615,NaN,0.8802401125692615,1.0749533246069078
new_preds,OFT-0142-00,fast,4.657333093038234,1452,1.0700280794485475,0.9018772230889465,0.8428537908591522,0.8133420747442554,0.8576096489166007,0.9018772230889465,NaN,0.8428537908591522,NaN,0.8428537908591522,1.0700280794485475
new_preds,OFT-0142-00,slow,3.2027058436877147,1453,1.123108615211732,0.9517751871109319,0.8474471428851965,0.7952831207723287,0.8735291539416303,0.9517751871109319,NaN,0.8474471428851965,NaN,0.8474471428851965,1.123108615211732
new_preds,OFT-0143-00,medium,4.500863513286715,1454,1.058182895334322,0.929247834816285,0.8781542764615362,0.8526074972841616,0.8909276660502234,0.929247834816285,NaN,0.8781542764615362,NaN,0.8781542764615362,1.058182895334322
new_preds,OFT-0143-00,fast,5.623491985788908,1455,1.1042899943088018,0.7719035799860703,0.6990044136632977,0.6625548305019114,0.7172292052439909,0.7719035799860703,NaN,0.6990044136632977,NaN,0.6990044136632977,1.1042899943088018
new_preds,OFT-0143-00,slow,3.550176119106944,1456,1.1294631229232732,0.8649834047613217,0.7658358977870602,0.7162621442999291,0.7906227745306253,0.8649834047613217,NaN,0.7658358977870602,NaN,0.7658358977870602,1.1294631229232732
new_preds,OFT-0144-00,medium,4.714323427464751,1457,1.1516407858869593,0.9659417084324281,0.8387526043448424,0.7751580523010495,0.8705498803667387,0.9659417084324281,NaN,0.8387526043448424,NaN,0.8387526043448424,1.1516407858869593
new_preds,OFT-0144-00,slow,3.6096158282721067,1458,1.0869336556806064,0.8051386340170721,0.7407431261413261,0.7085453722034531,0.7568420031102626,0.8051386340170721,NaN,0.7407431261413261,NaN,0.7407431261413261,1.0869336556806064
new_preds,OFT-0144-00,fast,6.191651744113579,1459,1.059630132877734,0.7458744343700058,0.7039007397273299,0.682913892405992,0.7143941633879989,0.7458744343700058,NaN,0.7039007397273299,NaN,0.7039007397273299,1.059630132877734
new_preds,OFT-0145-00,fast,4.978631637952453,1460,1.0556054360643086,0.9746347311408267,0.923294535858615,0.8976244382175088,0.9361295846791677,0.9746347311408267,NaN,0.923294535858615,NaN,0.923294535858615,1.0556054360643086
new_preds,OFT-0145-00,slow,3.2509107711454766,1461,1.0815533623222984,0.7827534378846852,0.7237307609159167,0.6942194224315328,0.7384864301581089,0.7827534378846852,NaN,0.7237307609159167,NaN,0.7237307609159167,1.0815533623222984
new_preds,OFT-0145-00,medium,4.038441818242866,1462,1.1181295377021916,0.9109928465350533,0.81474714316839,0.7666242914850585,0.8388085690100558,0.9109928465350533,NaN,0.81474714316839,NaN,0.81474714316839,1.1181295377021916
new_preds,OFT-0146-00,slow,3.4067291602788012,1463,1.107899667272103,0.7668420169119866,0.6921583601519831,0.6548165317719814,0.710829274341984,0.7668420169119866,NaN,0.6921583601519831,NaN,0.6921583601519831,1.107899667272103
new_preds,OFT-0146-00,medium,4.103117266862826,1464,1.0986387333313794,0.8252812174801335,0.7511852553911424,0.714137274346647,0.7697092459133903,0.8252812174801335,NaN,0.7511852553911424,NaN,0.7511852553911424,1.0986387333313794
new_preds,OFT-0146-00,fast,5.148460493232599,1465,1.0770011383531741,0.8580151725550536,0.7966706273560967,0.7659983547566183,0.8120067636558359,0.8580151725550536,NaN,0.7966706273560967,NaN,0.7966706273560967,1.0770011383531741
new_preds,OFT-0147-00,fast,4.9534587437835205,1466,1.0617442595685238,0.9169085906005155,0.8635870477633971,0.8369262763448377,0.8769174334726768,0.9169085906005155,NaN,0.8635870477633971,NaN,0.8635870477633971,1.0617442595685238
new_preds,OFT-0147-00,medium,4.044370349610238,1467,1.1311211591379227,0.96862874542356,0.8563439359244192,0.8002015311748487,0.8844151382992045,0.96862874542356,NaN,0.8563439359244192,NaN,0.8563439359244192,1.1311211591379227
new_preds,OFT-0147-00,slow,3.293200893819346,1468,1.1724822396013312,0.967778019250106,0.8254095342025572,0.7542252916787827,0.8610016554644444,0.967778019250106,NaN,0.8254095342025572,NaN,0.8254095342025572,1.1724822396013312
new_preds,OFT-0148-00,fast,4.877564304080207,1469,1.076309633470098,0.9115123171213115,0.846886703208752,0.8145738962524722,0.8630431066868919,0.9115123171213115,NaN,0.846886703208752,NaN,0.846886703208752,1.076309633470098
new_preds,OFT-0148-00,slow,3.3167064124120857,1470,1.0389397382333028,0.9686126335651299,0.9323087739547217,0.9141568441495176,0.9413847388573238,0.9686126335651299,NaN,0.9323087739547217,NaN,0.9323087739547217,1.0389397382333028
new_preds,OFT-0148-00,medium,4.0478332764922484,1471,1.0604854933516705,0.9347541273856201,0.8814398058678995,0.8547826451090395,0.8947683862473298,0.9347541273856201,NaN,0.8814398058678995,NaN,0.8814398058678995,1.0604854933516705
new_preds,OFT-0149-00,fast,4.436947089632831,1472,1.0375632455423034,0.9605735830423541,0.9257976197299577,0.9084096380737593,0.9344916105580569,0.9605735830423541,NaN,0.9257976197299577,NaN,0.9257976197299577,1.0375632455423034
new_preds,OFT-0149-00,slow,3.111005666273338,1473,1.1551951239236125,0.9934662405142707,0.8599986443328892,0.7932648462421983,0.8933655433782345,0.9934662405142707,NaN,0.8599986443328892,NaN,0.8599986443328892,1.1551951239236125
new_preds,OFT-0149-00,medium,3.732535226973628,1474,1.054500551013121,0.8229485615879797,0.7804154875000534,0.7591489504560903,0.791048756022035,0.8229485615879797,NaN,0.7804154875000534,NaN,0.7804154875000534,1.054500551013121
new_preds,OFT-0150-00,fast,4.9350716928101255,1475,1.026776459373395,0.9494166821422896,0.9246576248170751,0.9122780961544679,0.9308473891483787,0.9494166821422896,NaN,0.9246576248170751,NaN,0.9246576248170751,1.026776459373395
new_preds,OFT-0150-00,medium,4.095544465233763,1476,1.069117077106341,0.9411213354140415,0.8802790223511057,0.8498578658196377,0.8954896006168395,0.9411213354140415,NaN,0.8802790223511057,NaN,0.8802790223511057,1.069117077106341
new_preds,OFT-0150-00,slow,3.2068282717133902,1477,1.0569061212505526,0.799642238797637,0.7565877637755416,0.735060526264494,0.7673513825310654,0.799642238797637,NaN,0.7565877637755416,NaN,0.7565877637755416,1.0569061212505526
new_preds,OFT-0151-00,fast,5.2422183653297365,1478,1.090389267137924,0.7354035186262374,0.6744412667932247,0.6439601408767186,0.689681829751478,0.7354035186262374,NaN,0.6744412667932247,NaN,0.6744412667932247,1.090389267137924
new_preds,OFT-0151-00,medium,4.11483583127224,1479,1.097087380263162,0.9928620000921038,0.9049981049403217,0.8610661573644312,0.9269640787282675,0.9928620000921038,NaN,0.9049981049403217,NaN,0.9049981049403217,1.097087380263162
new_preds,OFT-0151-00,slow,3.2049924909586855,1480,1.1137872373561188,0.8330417069485216,0.7479361219167638,0.7053833294008848,0.7692125181747034,0.8330417069485216,NaN,0.7479361219167638,NaN,0.7479361219167638,1.1137872373561188
new_preds,OFT-0152-00,medium,3.8126717401112438,1481,1.10834927376514,0.9884034594439262,0.8917797691031552,0.84346792393277,0.9159356916883481,0.9884034594439262,NaN,0.8917797691031552,NaN,0.8917797691031552,1.10834927376514
new_preds,OFT-0152-00,slow,3.128998249578556,1482,1.189027168150532,0.9539157812624237,0.8022657570946747,0.7264407450108001,0.8401782631366119,0.9539157812624237,NaN,0.8022657570946747,NaN,0.8022657570946747,1.189027168150532
new_preds,OFT-0152-00,fast,7.262140614699419,1483,1.098013877720108,0.9872495423887697,0.8991230096642066,0.8550597433019249,0.9211546428453473,0.9872495423887697,NaN,0.8991230096642066,NaN,0.8991230096642066,1.098013877720108
new_preds,OFT-0153-00,fast,5.426151640308651,1484,1.1240791287101548,0.9475111101655591,0.8429220736913763,0.7906275554542848,0.8690693328099219,0.9475111101655591,NaN,0.8429220736913763,NaN,0.8429220736913763,1.1240791287101548
new_preds,OFT-0153-00,medium,4.252825584960568,1485,1.15781015274866,0.9080417587360892,0.7842751737669457,0.7223918812823737,0.8152168200092316,0.9080417587360892,NaN,0.7842751737669457,NaN,0.7842751737669457,1.15781015274866
new_preds,OFT-0153-00,slow,3.4080410818155618,1486,1.1568728817328018,0.8913351246790968,0.7704693737344989,0.7100364982621997,0.8006858114706483,0.8913351246790968,NaN,0.7704693737344989,NaN,0.7704693737344989,1.1568728817328018
new_preds,OFT-0154-00,medium,3.92782319801122,1487,1.05282784105007,0.968882811549753,0.9202670880961964,0.8959592263694183,0.9324210189595856,0.968882811549753,NaN,0.9202670880961964,NaN,0.9202670880961964,1.05282784105007
new_preds,OFT-0154-00,slow,3.241519930534924,1488,1.0984038700811072,0.8897194248679148,0.8100111890558225,0.7701570711497764,0.8299382480088455,0.8897194248679148,NaN,0.8100111890558225,NaN,0.8100111890558225,1.0984038700811072
new_preds,OFT-0154-00,fast,5.042084744985816,1489,1.0579271747885448,0.8460985554598233,0.7997701312748099,0.7766059191823032,0.8113522373210632,0.8460985554598233,NaN,0.7997701312748099,NaN,0.7997701312748099,1.0579271747885448
new_preds,OFT-0155-00,fast,5.515082565469721,1490,1.0923381004063177,0.9195452705445003,0.8418137847635787,0.8029480418731177,0.861246656208809,0.9195452705445003,NaN,0.8418137847635787,NaN,0.8418137847635787,1.0923381004063177
new_preds,OFT-0155-00,slow,3.5778516654626458,1491,1.2073490676411494,0.9324462347563361,0.7723087380007648,0.6922399896229792,0.8123431121896576,0.9324462347563361,NaN,0.7723087380007648,NaN,0.7723087380007648,1.2073490676411494
new_preds,OFT-0155-00,medium,4.602799160803184,1492,1.1447526553184582,0.9581769210226931,0.8370165525024604,0.7764363682423441,0.8673066446325187,0.9581769210226931,NaN,0.8370165525024604,NaN,0.8370165525024604,1.1447526553184582
new_preds,OFT-0156-00,fast,5.473145038663826,1493,1.0365266771424269,0.8680449889560097,0.8374555215009999,0.8221607877734949,0.8451028883647522,0.8680449889560097,NaN,0.8374555215009999,NaN,0.8374555215009999,1.0365266771424269
new_preds,OFT-0156-00,medium,4.547597140465019,1494,1.0886284677119242,0.9498450388231252,0.8725153410874019,0.8338504922195402,0.8918477655213328,0.9498450388231252,NaN,0.8725153410874019,NaN,0.8725153410874019,1.0886284677119242
new_preds,OFT-0156-00,slow,3.5107793229895443,1495,1.0311297102328651,0.8827365900707866,0.8560868543603829,0.8427619865051811,0.8627492882879839,0.8827365900707866,NaN,0.8560868543603829,NaN,0.8560868543603829,1.0311297102328651
new_preds,OFT-0157-00,fast,4.741360166879657,1496,1.0671495747024005,0.8852314372204396,0.8295289228478651,0.8016776656615776,0.8434545514410086,0.8852314372204396,NaN,0.8295289228478651,NaN,0.8295289228478651,1.0671495747024005
new_preds,OFT-0157-00,medium,3.9084057515530755,1497,1.1041336197235925,0.9300456185242655,0.8423306762066461,0.7984732050478367,0.8642594117860511,0.9300456185242655,NaN,0.8423306762066461,NaN,0.8423306762066461,1.1041336197235925
new_preds,OFT-0157-00,slow,3.268879381837031,1498,1.1871651801932974,0.8434961366126879,0.710512867699967,0.6440212332436066,0.7437586849281472,0.8434961366126879,NaN,0.710512867699967,NaN,0.710512867699967,1.1871651801932974
new_preds,OFT-0158-00,fast,4.730659611225731,1499,1.0706983168159458,0.995846819719144,0.9300909547337329,0.8972130222410277,0.9465299209800859,0.995846819719144,NaN,0.9300909547337329,NaN,0.9300909547337329,1.0706983168159458
new_preds,OFT-0158-00,medium,4.036188491877828,1500,1.1056917197825482,0.971196374755367,0.8783609005830016,0.8319431634968191,0.901569769126093,0.971196374755367,NaN,0.8783609005830016,NaN,0.8783609005830016,1.1056917197825482
new_preds,OFT-0158-00,slow,3.2289612193770645,1501,1.0598323877762827,0.9544865514299546,0.9006014181474843,0.8736588515062493,0.914072701468102,0.9544865514299546,NaN,0.9006014181474843,NaN,0.9006014181474843,1.0598323877762827
new_preds,OFT-0159-00,fast,5.439381121311786,1502,1.1341402688359585,0.8534314984578283,0.7524920170004723,0.7020222762717941,0.7777268873648113,0.8534314984578283,NaN,0.7524920170004723,NaN,0.7524920170004723,1.1341402688359585
new_preds,OFT-0159-00,slow,3.5276155709149313,1503,1.1367509197529804,0.9792386809116451,0.8614364535763356,0.802535339908681,0.8908870104101629,0.9792386809116451,NaN,0.8614364535763356,NaN,0.8614364535763356,1.1367509197529804
new_preds,OFT-0159-00,medium,4.485592559780323,1504,1.1046994580126537,0.896623070768842,0.811644347487832,0.769154985847327,0.8328890283080845,0.896623070768842,NaN,0.811644347487832,NaN,0.811644347487832,1.1046994580126537
new_preds,OFT-0160-00,slow,3.5676102917891366,1505,1.1623539744418037,0.8966218899565341,0.771384543496845,0.7087658702670007,0.8026938801117673,0.8966218899565341,NaN,0.771384543496845,NaN,0.771384543496845,1.1623539744418037
new_preds,OFT-0160-00,medium,4.502536564488005,1506,1.1037414046385103,0.949423912602393,0.8601869139024839,0.8155684145525293,0.8824961635774611,0.949423912602393,NaN,0.8601869139024839,NaN,0.8601869139024839,1.1037414046385103
new_preds,OFT-0160-00,fast,5.67712810340294,1507,1.1175191697058322,0.8487365734110964,0.7594827868899214,0.7148558936293339,0.7817962335202151,0.8487365734110964,NaN,0.7594827868899214,NaN,0.7594827868899214,1.1175191697058322
new_preds,OFT-0161-00,fast,5.59708576171586,1508,1.0741359185434898,0.8152561623069895,0.7589878973719296,0.7308537649043998,0.7730549636056947,0.8152561623069895,NaN,0.7589878973719296,NaN,0.7589878973719296,1.0741359185434898
new_preds,OFT-0161-00,medium,4.276624388086596,1509,1.0679964639511765,0.9674412099686759,0.9058468287334166,0.8750496381157866,0.9212454240422314,0.9674412099686759,NaN,0.9058468287334166,NaN,0.9058468287334166,1.0679964639511765
new_preds,OFT-0161-00,slow,3.442825547384497,1510,1.0738290965630275,0.8467432759584764,0.7885270371874092,0.7594189178018753,0.8030810968801758,0.8467432759584764,NaN,0.7885270371874092,NaN,0.7885270371874092,1.0738290965630275
new_preds,OFT-0162-00,fast,5.15038032084297,1511,1.087054933119683,0.7966971286174247,0.7328950031356967,0.7009939403948326,0.7488455345061287,0.7966971286174247,NaN,0.7328950031356967,NaN,0.7328950031356967,1.087054933119683
new_preds,OFT-0162-00,slow,3.394729923471764,1512,1.1414065812087113,0.771230888946423,0.6756846347685461,0.6279115076796078,0.6995711983130153,0.771230888946423,NaN,0.6756846347685461,NaN,0.6756846347685461,1.1414065812087113
new_preds,OFT-0162-00,medium,4.172398343806703,1513,1.132586425082946,0.8832327990878275,0.7798369992145572,0.728139099277922,0.8056859491828747,0.8832327990878275,NaN,0.7798369992145572,NaN,0.7798369992145572,1.132586425082946
new_preds,OFT-0163-00,fast,4.7355839780695685,1514,1.1009466577404203,0.9189091383352976,0.8346536427307605,0.7925258949284921,0.8557175166318949,0.9189091383352976,NaN,0.8346536427307605,NaN,0.8346536427307605,1.1009466577404203
new_preds,OFT-0163-00,medium,3.8746432765749894,1515,1.0902949402004354,0.9297354718003497,0.8527375827585065,0.8142386382375848,0.8719870550189672,0.9297354718003497,NaN,0.8527375827585065,NaN,0.8527375827585065,1.0902949402004354
new_preds,OFT-0163-00,slow,3.209586865121554,1516,1.1981507550015846,0.8878361469027248,0.741005372818507,0.6675899857763979,0.7777130663395615,0.8878361469027248,NaN,0.741005372818507,NaN,0.741005372818507,1.1981507550015846
new_preds,OFT-0164-00,fast,4.508856767217025,1517,1.1159620540856128,0.9851758177929174,0.8828040471323572,0.831618161802077,0.9083969897974971,0.9851758177929174,NaN,0.8828040471323572,NaN,0.8828040471323572,1.1159620540856128
new_preds,OFT-0164-00,medium,3.6602865333980024,1518,1.1354683758758004,0.9725651414380306,0.8565321255097742,0.7985156175456462,0.8855403794918384,0.9725651414380306,NaN,0.8565321255097742,NaN,0.8565321255097742,1.1354683758758004
new_preds,OFT-0164-00,slow,3.081140387638076,1519,1.0840205965972343,0.8880551694821569,0.8192235205399072,0.7848076960687824,0.8364314327754697,0.8880551694821569,NaN,0.8192235205399072,NaN,0.8192235205399072,1.0840205965972343
new_preds,OFT-0165-00,fast,4.957911798812813,1520,1.082848461525211,0.8954880169847136,0.8269744556162578,0.7927176749320297,0.8441028459583717,0.8954880169847136,NaN,0.8269744556162578,NaN,0.8269744556162578,1.082848461525211
new_preds,OFT-0165-00,medium,4.112134708511711,1521,1.1422037771757012,0.9854166378099913,0.86273277807451,0.8013908482067695,0.8934037430083803,0.9854166378099913,NaN,0.86273277807451,NaN,0.86273277807451,1.1422037771757012
new_preds,OFT-0165-00,slow,3.3108692445907195,1522,1.0277778427408375,0.9620760518941789,0.936073937270872,0.9230728799592185,0.9425744659266988,0.9620760518941789,NaN,0.936073937270872,NaN,0.936073937270872,1.0277778427408375
new_preds,OFT-0166-00,fast,4.767840682806336,1523,1.118834165204646,0.9602113882716197,0.8582249435473642,0.8072317211852365,0.8837215547284281,0.9602113882716197,NaN,0.8582249435473642,NaN,0.8582249435473642,1.118834165204646
new_preds,OFT-0166-00,medium,3.8322050367454366,1524,1.0473041435117851,0.98639612809999,0.9418430493289557,0.9195665099434387,0.9529813190217143,0.98639612809999,NaN,0.9418430493289557,NaN,0.9418430493289557,1.0473041435117851
new_preds,OFT-0166-00,slow,3.1779531597078687,1525,1.07966312496767,0.88109122552318,0.8160797614992767,0.7835740294873249,0.8323326275052525,0.88109122552318,NaN,0.8160797614992767,NaN,0.8160797614992767,1.07966312496767
new_preds,OFT-0167-00,fast,5.055693129889123,1526,1.0842737167868584,0.8838995154571168,0.815199614057296,0.7808496633573858,0.8323745894072513,0.8838995154571168,NaN,0.815199614057296,NaN,0.815199614057296,1.0842737167868584
new_preds,OFT-0167-00,medium,4.155662271513238,1527,1.1968607594655172,0.9833241370138527,0.8215860777764795,0.7407170481577929,0.8620205925858229,0.9833241370138527,NaN,0.8215860777764795,NaN,0.8215860777764795,1.1968607594655172
new_preds,OFT-0167-00,slow,3.3829908694546797,1528,1.1172700200644652,0.9441213593670179,0.8450252333026382,0.7954771702704484,0.8697992648187332,0.9441213593670179,NaN,0.8450252333026382,NaN,0.8450252333026382,1.1172700200644652
new_preds,OFT-0168-00,medium,4.315623466800502,1529,1.0697228265608631,0.9440830674190657,0.8825492398383918,0.8517823260480548,0.8979326967335604,0.9440830674190657,NaN,0.8825492398383918,NaN,0.8825492398383918,1.0697228265608631
new_preds,OFT-0168-00,slow,3.3903830116651603,1530,1.1903961131909744,0.9819370670358856,0.8248826219733751,0.7463553994421198,0.8641462332390026,0.9819370670358856,NaN,0.8248826219733751,NaN,0.8248826219733751,1.1903961131909744
new_preds,OFT-0168-00,fast,5.349835904969842,1531,1.053806613044949,0.8873869703565868,0.8420776254122218,0.8194229529400394,0.853404961648313,0.8873869703565868,NaN,0.8420776254122218,NaN,0.8420776254122218,1.053806613044949
new_preds,OFT-0169-00,fast,4.581793008742667,1532,1.0538752388510475,0.8800392382557154,0.8350506832432546,0.8125564057370243,0.8462978219963698,0.8800392382557154,NaN,0.8350506832432546,NaN,0.8350506832432546,1.0538752388510475
new_preds,OFT-0169-00,medium,3.773564295279308,1533,1.1729081591217967,0.8695952633109432,0.7414009839969431,0.6773038443399428,0.7734495538254431,0.8695952633109432,NaN,0.7414009839969431,NaN,0.7414009839969431,1.1729081591217967
new_preds,OFT-0169-00,slow,3.108666821659204,1534,1.113705470762083,0.9356935593541758,0.8401624881252511,0.7923969525107888,0.8640452559324822,0.9356935593541758,NaN,0.8401624881252511,NaN,0.8401624881252511,1.113705470762083
new_preds,OFT-0170-00,slow,3.2402296874922203,1535,1.0855700479696708,0.9488403322446971,0.8740480027238245,0.8366518379633885,0.8927460851040427,0.9488403322446971,NaN,0.8740480027238245,NaN,0.8740480027238245,1.0855700479696708
new_preds,OFT-0170-00,fast,4.893454336733028,1536,1.1418005354302672,0.8662813941733828,0.7586976597860327,0.7049057925923579,0.7855935933828704,0.8662813941733828,NaN,0.7586976597860327,NaN,0.7586976597860327,1.1418005354302672
new_preds,OFT-0170-00,medium,4.0803102469601145,1537,1.102064340722581,0.9612548529909977,0.872231155179869,0.8277193062743047,0.8944870796326513,0.9612548529909977,NaN,0.872231155179869,NaN,0.872231155179869,1.102064340722581
new_preds,OFT-0171-00,fast,5.482213385411963,1538,1.2035422768061597,0.7938263117240935,0.65957492895943,0.5924492375770983,0.6931377746505959,0.7938263117240935,NaN,0.65957492895943,NaN,0.65957492895943,1.2035422768061597
new_preds,OFT-0171-00,medium,4.407420445518479,1539,1.0890088175315469,0.932743784601077,0.8565071003881536,0.8183887582816919,0.8755662714413843,0.932743784601077,NaN,0.8565071003881536,NaN,0.8565071003881536,1.0890088175315469
new_preds,OFT-0171-00,slow,3.4783354534346245,1540,1.0929499204216995,0.9516712638290875,0.8707363860385282,0.8302689471432487,0.8909701054861682,0.9516712638290875,NaN,0.8707363860385282,NaN,0.8707363860385282,1.0929499204216995
new_preds,OFT-0172-00,slow,3.211162418677751,1541,1.131258119970172,0.960944833674883,0.8494478993885325,0.7936994322453572,0.8773221329601202,0.960944833674883,NaN,0.8494478993885325,NaN,0.8494478993885325,1.131258119970172
new_preds,OFT-0172-00,medium,3.917343782041677,1542,1.0821965939814837,0.8686234547408306,0.8026484832530277,0.769660997509126,0.8191422261249782,0.8686234547408306,NaN,0.8026484832530277,NaN,0.8026484832530277,1.0821965939814837
new_preds,OFT-0172-00,fast,4.9910714487451795,1543,1.1081082449468378,0.8879158402916776,0.801289805703301,0.7579767884091124,0.8229463143503951,0.8879158402916776,NaN,0.801289805703301,NaN,0.801289805703301,1.1081082449468378
new_preds,OFT-0173-00,medium,4.004313670377142,1544,1.0718241232314722,0.9276292149787752,0.8654677524723368,0.8343870212191178,0.8810081180989464,0.9276292149787752,NaN,0.8654677524723368,NaN,0.8654677524723368,1.0718241232314722
new_preds,OFT-0173-00,fast,5.0546495515476115,1545,1.0753946983399607,0.9821789708765095,0.9133195210955157,0.8788897962050188,0.9305343835407642,0.9821789708765095,NaN,0.9133195210955157,NaN,0.9133195210955157,1.0753946983399607
new_preds,OFT-0173-00,slow,3.1595362137487397,1546,1.1228423815412218,0.9609874568564211,0.8558524977809997,0.8032850182432891,0.8821362375498552,0.9609874568564211,NaN,0.8558524977809997,NaN,0.8558524977809997,1.1228423815412218
new_preds,OFT-0174-00,slow,3.228482875540048,1547,1.0364646659269952,0.887465364210307,0.8562427580843521,0.8406314550213749,0.864048409615841,0.887465364210307,NaN,0.8562427580843521,NaN,0.8562427580843521,1.0364646659269952
new_preds,OFT-0174-00,medium,4.127879410892093,1548,1.0856922908094846,0.9570680358765098,0.8815278914460437,0.8437578192308106,0.9004129275536601,0.9570680358765098,NaN,0.8815278914460437,NaN,0.8815278914460437,1.0856922908094846
new_preds,OFT-0174-00,fast,5.2368935030791075,1549,1.0796440338189843,0.8085959098886253,0.7489467681569169,0.7191221972910625,0.7638590535898439,0.8085959098886253,NaN,0.7489467681569169,NaN,0.7489467681569169,1.0796440338189843
new_preds,OFT-0175-00,fast,5.233541597882971,1550,1.1349466903859957,0.8758410689412286,0.7717023859890325,0.7196330445129344,0.7977370567270814,0.8758410689412286,NaN,0.7717023859890325,NaN,0.7717023859890325,1.1349466903859957
new_preds,OFT-0175-00,medium,4.304180566916713,1551,1.174344556617687,0.9957811265111216,0.8479463040891009,0.7740288928780904,0.8849050096946058,0.9957811265111216,NaN,0.8479463040891009,NaN,0.8479463040891009,1.174344556617687
new_preds,OFT-0175-00,slow,3.486028012540022,1552,1.2086101496115338,0.8050605102525172,0.6661043765942858,0.5966263097651698,0.7008434100088434,0.8050605102525172,NaN,0.6661043765942858,NaN,0.6661043765942858,1.2086101496115338
new_preds,OFT-0176-00,fast,6.108678665070566,1553,1.0944733095719912,0.8606841853340563,0.7863912055293872,0.7492447156270526,0.8049644504805544,0.8606841853340563,NaN,0.7863912055293872,NaN,0.7863912055293872,1.0944733095719912
new_preds,OFT-0176-00,slow,3.6015294839116154,1554,1.1939523297381358,0.97133537994897,0.8135461992540427,0.734651608906579,0.8529934944277744,0.97133537994897,NaN,0.8135461992540427,NaN,0.8135461992540427,1.1939523297381358
new_preds,OFT-0176-00,medium,4.63901490761149,1555,1.1969707033042567,0.889706967366744,0.7432988668065925,0.6700948165265167,0.7799008919466304,0.889706967366744,NaN,0.7432988668065925,NaN,0.7432988668065925,1.1969707033042567
new_preds,OFT-0177-00,fast,5.423829957641219,1556,1.1079495208556376,0.8337022207312972,0.7524731091426015,0.7118585533482538,0.7727803870397754,0.8337022207312972,NaN,0.7524731091426015,NaN,0.7524731091426015,1.1079495208556376
new_preds,OFT-0177-00,slow,3.452755392737216,1557,1.0871133274200597,0.8802461072088518,0.8097096089308868,0.7744413597919044,0.827343733500378,0.8802461072088518,NaN,0.8097096089308868,NaN,0.8097096089308868,1.0871133274200597
new_preds,OFT-0177-00,medium,4.3415603885864735,1558,1.087870939467127,0.9877740639375197,0.9079882806882974,0.8680953890636863,0.927934726500603,0.9877740639375197,NaN,0.9079882806882974,NaN,0.9079882806882974,1.087870939467127
new_preds,OFT-0178-00,fast,5.070023236378378,1559,1.0624037170988108,0.9744856656965419,0.9172460995878727,0.8886263165335379,0.93155599111504,0.9744856656965419,NaN,0.9172460995878727,NaN,0.9172460995878727,1.0624037170988108
new_preds,OFT-0178-00,slow,3.4147046534758405,1560,1.07879207697007,0.7414875729182229,0.6873313113318265,0.6602531805386282,0.7008703767284254,0.7414875729182229,NaN,0.6873313113318265,NaN,0.6873313113318265,1.07879207697007
new_preds,OFT-0178-00,medium,4.037671953285971,1561,1.062808437837033,0.8753904739442342,0.8236578133739499,0.7977914830888078,0.8365909785165211,0.8753904739442342,NaN,0.8236578133739499,NaN,0.8236578133739499,1.062808437837033
new_preds,OFT-0179-00,fast,5.173651562570323,1562,1.040311795252196,0.9807586112495127,0.9427544854586155,0.9237524225631667,0.9522555169063398,0.9807586112495127,NaN,0.9427544854586155,NaN,0.9427544854586155,1.040311795252196
new_preds,OFT-0179-00,medium,4.16242146679563,1563,1.0749627260145787,0.9751111126528991,0.9071115575031339,0.8731117799282514,0.9241114462905753,0.9751111126528991,NaN,0.9071115575031339,NaN,0.9071115575031339,1.0749627260145787
new_preds,OFT-0179-00,slow,3.3543028881672603,1564,1.163055025227635,0.8668868787837176,0.7453532807822648,0.6845864817815384,0.775736680282628,0.8668868787837176,NaN,0.7453532807822648,NaN,0.7453532807822648,1.163055025227635
new_preds,OFT-0180-00,medium,4.515943522677427,1565,1.0768876927395044,0.8941667755910809,0.8303250019659915,0.7984041151534464,0.8462854453722636,0.8941667755910809,NaN,0.8303250019659915,NaN,0.8303250019659915,1.0768876927395044
new_preds,OFT-0180-00,slow,3.6400324385177796,1566,1.1035977757773392,0.7730990503413524,0.7005261040842584,0.6642396309557113,0.7186693406485318,0.7730990503413524,NaN,0.7005261040842584,NaN,0.7005261040842584,1.1035977757773392
new_preds,OFT-0180-00,fast,5.5524056727136974,1567,1.0109980762858564,0.9757668030844582,0.9651519878941524,0.9598445802989994,0.9678056916917288,0.9757668030844582,NaN,0.9651519878941524,NaN,0.9651519878941524,1.0109980762858564
new_preds,OFT-0181-00,fast,5.767327047762986,1568,1.0592765785056306,0.8597788093555034,0.8116660245319803,0.7876096321202188,0.823694220737861,0.8597788093555034,NaN,0.8116660245319803,NaN,0.8116660245319803,1.0592765785056306
new_preds,OFT-0181-00,medium,4.607960840645457,1569,1.1825052642807408,0.8866298678189779,0.7497893621287773,0.681369109283677,0.7839994885513275,0.8866298678189779,NaN,0.7497893621287773,NaN,0.7497893621287773,1.1825052642807408
new_preds,OFT-0181-00,slow,3.523878771614709,1570,1.1445880209610504,0.8734955872196118,0.763152829859414,0.7079814511793152,0.7907385191994636,0.8734955872196118,NaN,0.763152829859414,NaN,0.763152829859414,1.1445880209610504
new_preds,OFT-0182-00,slow,3.554337791146271,1571,1.1680701000979883,0.9086123213083056,0.7778748220950806,0.7125060724884682,0.8105591968983868,0.9086123213083056,NaN,0.7778748220950806,NaN,0.7778748220950806,1.1680701000979883
new_preds,OFT-0182-00,medium,4.473277456778721,1572,1.1546940501676493,0.9489157535997148,0.8217897662692056,0.7582267726039509,0.8535712631018328,0.9489157535997148,NaN,0.8217897662692056,NaN,0.8217897662692056,1.1546940501676493
new_preds,OFT-0182-00,fast,5.5664165908246055,1573,1.0306328100797453,0.8692810312964341,0.8434439722806548,0.8305254427727653,0.8499032370345996,0.8692810312964341,NaN,0.8434439722806548,NaN,0.8434439722806548,1.0306328100797453
new_preds,OFT-0183-00,medium,4.493312791008159,1574,1.154290749550732,0.9504817817876612,0.8234335951818063,0.7599095018788788,0.85519564183327,0.9504817817876612,NaN,0.8234335951818063,NaN,0.8234335951818063,1.154290749550732
new_preds,OFT-0183-00,fast,5.583182698159296,1575,1.0741333005070053,0.9429117492255352,0.8778349472830498,0.8452965463118072,0.8941041477686711,0.9429117492255352,NaN,0.8778349472830498,NaN,0.8778349472830498,1.0741333005070053
new_preds,OFT-0183-00,slow,3.486311508627134,1576,1.1579031198882468,0.9212779552629645,0.7956433828003505,0.7328260965690436,0.827052025916004,0.9212779552629645,NaN,0.7956433828003505,NaN,0.7956433828003505,1.1579031198882468
new_preds,OFT-0184-00,slow,3.6710254807108837,1577,1.0978350954208012,0.824672699577407,0.751180849489339,0.7144349244453052,0.7695538120113561,0.824672699577407,NaN,0.751180849489339,NaN,0.751180849489339,1.0978350954208012
new_preds,OFT-0184-00,medium,4.790470491213176,1578,1.107237181508019,0.9522640131188231,0.8600361593907749,0.813922232526751,0.883093122822787,0.9522640131188231,NaN,0.8600361593907749,NaN,0.8600361593907749,1.107237181508019
new_preds,OFT-0184-00,fast,6.094575508569205,1579,1.1006900236050676,0.8858350867064255,0.8047997780565576,0.7642821237316235,0.8250586052190245,0.8858350867064255,NaN,0.8047997780565576,NaN,0.8047997780565576,1.1006900236050676
new_preds,OFT-0185-00,slow,3.753049465784072,1580,1.1115964752517746,0.9316724940854657,0.838139122269566,0.7913724363616162,0.861522465223541,0.9316724940854657,NaN,0.838139122269566,NaN,0.838139122269566,1.1115964752517746
new_preds,OFT-0185-00,fast,5.83156233984127,1581,1.0910055147820497,0.8052230252745278,0.7380558708132537,0.7044722935826166,0.7548476594285722,0.8052230252745278,NaN,0.7380558708132537,NaN,0.7380558708132537,1.0910055147820497
new_preds,OFT-0185-00,medium,4.833572326287292,1582,1.0334969491168449,0.9350925547322682,0.9047850170543161,0.8896312482153406,0.9123619014738042,0.9350925547322682,NaN,0.9047850170543161,NaN,0.9047850170543161,1.0334969491168449
new_preds,OFT-0186-00,slow,3.813684312011508,1583,1.248383430125173,0.9986437508211949,0.7999495401193069,0.7006024347683626,0.8496230927947788,0.9986437508211949,NaN,0.7999495401193069,NaN,0.7999495401193069,1.248383430125173
new_preds,OFT-0186-00,medium,4.940485929068015,1584,1.0735984723051937,0.9890696986061767,0.921265933326526,0.8873640506867007,0.9382168746464387,0.9890696986061767,NaN,0.921265933326526,NaN,0.921265933326526,1.0735984723051937
new_preds,OFT-0186-00,fast,6.08561141095831,1585,1.0553678693678652,0.92411829129982,0.8756361815840955,0.8513951267262333,0.8877567090130267,0.92411829129982,NaN,0.8756361815840955,NaN,0.8756361815840955,1.0553678693678652
new_preds,OFT-0187-00,medium,4.731252323755824,1586,1.0688858437896465,0.9492461886806289,0.888070689864462,0.8574829404563789,0.9033645645685038,0.9492461886806289,NaN,0.888070689864462,NaN,0.888070689864462,1.0688858437896465
new_preds,OFT-0187-00,slow,3.5869856248453607,1587,1.088027026183088,0.8927467173856487,0.8205188804155877,0.7844049619305576,0.838575839658103,0.8927467173856487,NaN,0.8205188804155877,NaN,0.8205188804155877,1.088027026183088
new_preds,OFT-0187-00,fast,5.794088237211599,1588,1.0396296692923779,0.8462997150741589,0.8140395951283224,0.797909535155404,0.8221046251147814,0.8462997150741589,NaN,0.8140395951283224,NaN,0.8140395951283224,1.0396296692923779
new_preds,OFT-0188-00,fast,5.896086256311796,1589,1.0971479789606486,0.767408923307767,0.699457992927034,0.6654825277366677,0.7164457255222173,0.767408923307767,NaN,0.699457992927034,NaN,0.699457992927034,1.0971479789606486
new_preds,OFT-0188-00,medium,4.659060280080129,1590,1.153039815088982,0.9410803470861528,0.8161733313723674,0.7537198235154747,0.8474000853008138,0.9410803470861528,NaN,0.8161733313723674,NaN,0.8161733313723674,1.153039815088982
new_preds,OFT-0188-00,slow,3.5816987738142023,1591,1.179148542364966,0.877940122955615,0.7445543045787678,0.677861395390344,0.7779007591729795,0.877940122955615,NaN,0.7445543045787678,NaN,0.7445543045787678,1.179148542364966
new_preds,OFT-0189-00,slow,3.4479913875647275,1592,1.0732854065223272,0.8749539820604575,0.8152109184969675,0.7853393867152224,0.83014668438784,0.8749539820604575,NaN,0.8152109184969675,NaN,0.8152109184969675,1.0732854065223272
new_preds,OFT-0189-00,fast,5.175826289857898,1593,1.1234160093215901,0.8763320929178915,0.7800601786395158,0.731924221500328,0.8041281572091098,0.8763320929178915,NaN,0.7800601786395158,NaN,0.7800601786395158,1.1234160093215901
new_preds,OFT-0189-00,medium,4.320428814791069,1594,1.1277632943084408,0.9663957505087045,0.8569136408197352,0.8021725859752507,0.8842841682419775,0.9663957505087045,NaN,0.8569136408197352,NaN,0.8569136408197352,1.1277632943084408
new_preds,OFT-0190-00,slow,3.5853921652910365,1595,1.144245811780391,0.9675160261725171,0.845549108602031,0.7845656498167879,0.8760408379946525,0.9675160261725171,NaN,0.845549108602031,NaN,0.845549108602031,1.144245811780391
new_preds,OFT-0190-00,medium,4.5095706962360955,1596,1.092835866182277,0.9136792275907939,0.8360626292241391,0.7972543300408119,0.8554667788158029,0.9136792275907939,NaN,0.8360626292241391,NaN,0.8360626292241391,1.092835866182277
new_preds,OFT-0190-00,fast,5.473119791788523,1597,1.0840388492993631,0.931649637916789,0.8594245847544427,0.8233120581732696,0.8774808480450292,0.931649637916789,NaN,0.8594245847544427,NaN,0.8594245847544427,1.0840388492993631
new_preds,OFT-0191-00,medium,3.407999046880854,1598,1.0434727644729367,0.9464244703632158,0.9069948949182775,0.8872801071958081,0.916852288779512,0.9464244703632158,NaN,0.9069948949182775,NaN,0.9069948949182775,1.0434727644729367
new_preds,OFT-0191-00,slow,2.9225237845555223,1599,1.0993754735036807,0.8987861549499314,0.81754248353888,0.7769206478333546,0.837853401391643,0.8987861549499314,NaN,0.81754248353888,NaN,0.81754248353888,1.0993754735036807
new_preds,OFT-0191-00,fast,4.050506352581518,1600,1.0929534587793566,0.9809636908588526,0.8975347330474827,0.8558202541417975,0.9183919725003251,0.9809636908588526,NaN,0.8975347330474827,NaN,0.8975347330474827,1.0929534587793566
new_preds,OFT-0192-00,fast,5.510580627772379,1601,1.1077579551216956,0.902947060432367,0.8151122330086733,0.7711948192968264,0.8370709398645966,0.902947060432367,NaN,0.8151122330086733,NaN,0.8151122330086733,1.1077579551216956
new_preds,OFT-0192-00,medium,4.251130896910805,1602,1.1169504799423562,0.8868973348410829,0.7940346065179668,0.7476032423564087,0.8172502885987458,0.8868973348410829,NaN,0.7940346065179668,NaN,0.7940346065179668,1.1169504799423562
new_preds,OFT-0192-00,slow,3.3386570619268268,1603,1.0484854309268072,0.9114992360482217,0.8693484994278874,0.8482731311177202,0.8798861835829708,0.9114992360482217,NaN,0.8693484994278874,NaN,0.8693484994278874,1.0484854309268072
new_preds,OFT-0193-00,fast,5.819631735270331,1604,1.114806855514878,0.9048457902614444,0.8116614871762139,0.7650693356335987,0.8349575629475217,0.9048457902614444,NaN,0.8116614871762139,NaN,0.8116614871762139,1.114806855514878
new_preds,OFT-0193-00,slow,3.420657640360149,1605,1.0953321217509362,0.9873109983655396,0.9013804842930014,0.8584152272567327,0.9228631128111361,0.9873109983655396,NaN,0.9013804842930014,NaN,0.9013804842930014,1.0953321217509362
new_preds,OFT-0193-00,medium,4.476764848446923,1606,1.1084021157215695,0.9009384395983315,0.8128263441754808,0.7687702964640554,0.8348543680311934,0.9009384395983315,NaN,0.8128263441754808,NaN,0.8128263441754808,1.1084021157215695
new_preds,OFT-0194-00,slow,3.2589022850022915,1607,1.1320567493232767,0.9724860136249519,0.8590435189810818,0.8023222716591465,0.8874041426420493,0.9724860136249519,NaN,0.8590435189810818,NaN,0.8590435189810818,1.1320567493232767
new_preds,OFT-0194-00,fast,4.8303960818967635,1608,1.0983976376914792,0.931725182177881,0.8482585451805081,0.8065252266818215,0.8691252044298513,0.931725182177881,NaN,0.8482585451805081,NaN,0.8482585451805081,1.0983976376914792
new_preds,OFT-0194-00,medium,3.9728422191767283,1609,1.104804600884369,0.8397074418100839,0.7600506380385442,0.7202222361527746,0.7799648389814291,0.8397074418100839,NaN,0.7600506380385442,NaN,0.7600506380385442,1.104804600884369
new_preds,OFT-0194-01,slow,3.1304997002030834,1610,1.1655788973037324,0.9583324609802633,0.822194416179908,0.7541253937797305,0.8562289273799968,0.9583324609802633,NaN,0.822194416179908,NaN,0.822194416179908,1.1655788973037324
new_preds,OFT-0194-01,medium,4.002993590709315,1611,1.0103645499070952,0.8304562998988162,0.8219372898377898,0.8176777848072765,0.8240670423530465,0.8304562998988162,NaN,0.8219372898377898,NaN,0.8219372898377898,1.0103645499070952
new_preds,OFT-0194-01,fast,5.1751946221598235,1612,1.0975921613390747,0.946704863008028,0.8625288120252587,0.8204407865338741,0.8835728247709509,0.946704863008028,NaN,0.8625288120252587,NaN,0.8625288120252587,1.0975921613390747
new_preds,OFT-0195-00,fast,5.675006290059634,1613,1.0607385235546702,0.9165341471885338,0.8640528526456367,0.8378122053741881,0.8771731762813608,0.9165341471885338,NaN,0.8640528526456367,NaN,0.8640528526456367,1.0607385235546702
new_preds,OFT-0195-00,slow,3.3062051430397146,1614,1.1447486635007795,0.9573495095134807,0.8362966824401353,0.7757702689034629,0.8665598892084718,0.9573495095134807,NaN,0.8362966824401353,NaN,0.8362966824401353,1.1447486635007795
new_preds,OFT-0195-00,medium,4.411624190434277,1615,1.0682771151879293,0.9487732144933595,0.8881339878992476,0.8578143746021916,0.9032937945477757,0.9487732144933595,NaN,0.8881339878992476,NaN,0.8881339878992476,1.0682771151879293
new_preds,OFT-0196-00,medium,3.7728671883137768,1616,1.0804436764524952,0.9413487178086406,0.8712612589852385,0.8362175295735373,0.888783123691089,0.9413487178086406,NaN,0.8712612589852385,NaN,0.8712612589852385,1.0804436764524952
new_preds,OFT-0196-00,slow,3.061627894864424,1617,1.1146695221174703,0.9409497987733706,0.8441513651381669,0.7957521483205652,0.8683509735469678,0.9409497987733706,NaN,0.8441513651381669,NaN,0.8441513651381669,1.1146695221174703
new_preds,OFT-0196-00,fast,4.963449291396983,1618,1.1845081408906228,0.9644793773828028,0.8142446168901953,0.7391272366438915,0.851803307013347,0.9644793773828028,NaN,0.8142446168901953,NaN,0.8142446168901953,1.1845081408906228
new_preds,OFT-0197-00,fast,6.847271552290672,1619,1.0773541703737775,0.8574638553400491,0.7958978383520439,0.7651148298580408,0.8112893425990451,0.8574638553400491,NaN,0.7958978383520439,NaN,0.7958978383520439,1.0773541703737775
new_preds,OFT-0197-00,slow,3.948593609845212,1620,1.195071677892921,0.9452350688493291,0.790944247391011,0.7137988366618522,0.8295169527555906,0.9452350688493291,NaN,0.790944247391011,NaN,0.790944247391011,1.195071677892921
new_preds,OFT-0197-00,medium,5.34700993173438,1621,1.1252946995201436,0.9727472933885692,0.8644378168699944,0.8102830786107071,0.8915151859996382,0.9727472933885692,NaN,0.8644378168699944,NaN,0.8644378168699944,1.1252946995201436
new_preds,OFT-0198-00,fast,4.993755192409676,1622,1.0871048203477323,0.9285923729965972,0.854188442196005,0.8169864767957087,0.8727894248961531,0.9285923729965972,NaN,0.854188442196005,NaN,0.854188442196005,1.0871048203477323
new_preds,OFT-0198-00,medium,4.175444280305795,1623,1.0956297075454473,0.9152482922973832,0.835362792733893,0.7954200429521474,0.8553341676247654,0.9152482922973832,NaN,0.835362792733893,NaN,0.835362792733893,1.0956297075454473
new_preds,OFT-0198-00,slow,3.311452167210163,1624,1.1582286772376589,0.8662320149192904,0.7478937725710851,0.6887246513969824,0.7774783331581364,0.8662320149192904,NaN,0.7478937725710851,NaN,0.7478937725710851,1.1582286772376589
new_preds,OFT-0199-00,medium,3.851799441592652,1625,1.1194763462493742,0.9675721418059914,0.8643078034187025,0.8126756342250581,0.8901238880155249,0.9675721418059914,NaN,0.8643078034187025,NaN,0.8643078034187025,1.1194763462493742
new_preds,OFT-0199-00,slow,3.1938542879092418,1626,1.10317148494636,0.9605393387580838,0.870707185478773,0.8257911088391174,0.8931652237986007,0.9605393387580838,NaN,0.870707185478773,NaN,0.870707185478773,1.10317148494636
new_preds,OFT-0199-00,fast,4.647304208315033,1627,1.0858048430862752,0.8821267419326667,0.8124173948472388,0.7775627213045251,0.829844731618596,0.8821267419326667,NaN,0.8124173948472388,NaN,0.8124173948472388,1.0858048430862752
new_preds,OFT-0200-00,fast,5.800695307934705,1628,1.0758861951770746,0.8025560208265926,0.7459488042733963,0.7176451959967982,0.7601006084116955,0.8025560208265926,NaN,0.7459488042733963,NaN,0.7459488042733963,1.0758861951770746
new_preds,OFT-0200-00,medium,4.5621819882157695,1629,1.1144254270484613,0.9833211831107618,0.8823570956336423,0.8318750518950828,0.9075981175029224,0.9833211831107618,NaN,0.8823570956336423,NaN,0.8823570956336423,1.1144254270484613
new_preds,OFT-0200-00,slow,3.626369354475952,1630,1.1129234614473595,0.8897091382385617,0.7994342549679857,0.7542968133326978,0.8220029757856298,0.8897091382385617,NaN,0.7994342549679857,NaN,0.7994342549679857,1.1129234614473595
new_preds,OFT-0201-00,medium,4.270946852960539,1631,1.091232497303531,0.9949244674377473,0.9117438033565132,0.8701534713158958,0.9325389693768215,0.9949244674377473,NaN,0.9117438033565132,NaN,0.9117438033565132,1.091232497303531
new_preds,OFT-0201-00,slow,3.3541134438667686,1632,1.1185224389666157,0.8826627672227729,0.7891328206506526,0.7423678473645923,0.8125153072936826,0.8826627672227729,NaN,0.7891328206506526,NaN,0.7891328206506526,1.1185224389666157
new_preds,OFT-0201-00,fast,5.214521318480013,1633,1.0904449842238122,0.8290373483762568,0.7602743470514218,0.7258928463890042,0.7774650973826305,0.8290373483762568,NaN,0.7602743470514218,NaN,0.7602743470514218,1.0904449842238122
new_preds,OFT-0202-00,fast,5.750044288912785,1634,1.110921301138289,0.8501956315852295,0.765306805004179,0.7228623917136536,0.7865290116494414,0.8501956315852295,NaN,0.765306805004179,NaN,0.765306805004179,1.110921301138289
new_preds,OFT-0202-00,medium,4.61885119755826,1635,1.083201311124254,0.9483056311344811,0.8754657342043237,0.8390457857392449,0.8936757084368631,0.9483056311344811,NaN,0.8754657342043237,NaN,0.8754657342043237,1.083201311124254
new_preds,OFT-0202-00,slow,3.508138906657688,1636,1.14137024408891,0.9771753623304373,0.8561423143727215,0.7956257903938634,0.8864005763621503,0.9771753623304373,NaN,0.8561423143727215,NaN,0.8561423143727215,1.14137024408891
new_preds,OFT-0203-00,medium,4.629792182293354,1637,1.0845590116335633,0.983706249221266,0.9070103504461295,0.8686624010585613,0.9261843251399138,0.983706249221266,NaN,0.9070103504461295,NaN,0.9070103504461295,1.0845590116335633
new_preds,OFT-0203-00,fast,5.940797292533743,1638,1.0931601205953823,0.7935235820055924,0.7258987654739958,0.6920863572081977,0.7428049696068951,0.7935235820055924,NaN,0.7258987654739958,NaN,0.7258987654739958,1.0931601205953823
new_preds,OFT-0203-00,slow,3.6631382190167723,1639,1.1407915203285188,0.8844815667447457,0.7753227044412441,0.7207432732894932,0.8026124200171194,0.8844815667447457,NaN,0.7753227044412441,NaN,0.7753227044412441,1.1407915203285188
new_preds,OFT-0204-00,fast,5.938296199141229,1640,1.0318450419309884,0.9963533567517218,0.9656036674723487,0.9502288228326621,0.973291089792192,0.9963533567517218,NaN,0.9656036674723487,NaN,0.9656036674723487,1.0318450419309884
new_preds,OFT-0204-00,medium,4.359897730954877,1641,1.0604563220937044,0.8457343951526616,0.7975193108216772,0.773411768656185,0.8095730819044233,0.8457343951526616,NaN,0.7975193108216772,NaN,0.7975193108216772,1.0604563220937044
new_preds,OFT-0204-00,slow,3.5324768957120525,1642,1.097212132740118,0.998317306448361,0.9098671776033114,0.8656421131807865,0.9319797098145737,0.998317306448361,NaN,0.9098671776033114,NaN,0.9098671776033114,1.097212132740118
new_preds,OFT-0205-00,fast,5.226740100850994,1643,1.0970151999095346,0.7871559212639999,0.7175433132821795,0.6827370092912692,0.7349464652776345,0.7871559212639999,NaN,0.7175433132821795,NaN,0.7175433132821795,1.0970151999095346
new_preds,OFT-0205-00,slow,3.2971110882647765,1644,1.105697900158807,0.9807302988052204,0.8869785306315242,0.8401026465446761,0.9104164726749483,0.9807302988052204,NaN,0.8869785306315242,NaN,0.8869785306315242,1.105697900158807
new_preds,OFT-0205-00,medium,4.1918143545338555,1645,1.0700011600608714,0.9472713599000017,0.8852993765409677,0.8543133848614508,0.9007923723807261,0.9472713599000017,NaN,0.8852993765409677,NaN,0.8852993765409677,1.0700011600608714
new_preds,OFT-0206-00,fast,4.903698195488754,1646,1.071558911010241,0.9016263572753526,0.8414155750198745,0.8113101838921357,0.8564682705837441,0.9016263572753526,NaN,0.8414155750198745,NaN,0.8414155750198745,1.071558911010241
new_preds,OFT-0206-00,medium,3.8830147618723783,1647,1.0558770181309116,0.9014203154546577,0.8537171469555522,0.8298655627059995,0.8656429390803286,0.9014203154546577,NaN,0.8537171469555522,NaN,0.8537171469555522,1.0558770181309116
new_preds,OFT-0206-00,slow,3.1366221178884732,1648,1.0648345372600811,0.8236475880483947,0.7734981907778057,0.7484234921425114,0.7860355400954531,0.8236475880483947,NaN,0.7734981907778057,NaN,0.7734981907778057,1.0648345372600811
new_preds,OFT-0207-00,slow,3.5352843547755337,1649,1.1220853988837187,0.8400267978371139,0.7486300050538003,0.7029316086621434,0.7714792032496285,0.8400267978371139,NaN,0.7486300050538003,NaN,0.7486300050538003,1.1220853988837187
new_preds,OFT-0207-00,fast,5.618408552120052,1650,1.1642016668762565,0.7756206724838222,0.6662253581588998,0.6115277009964388,0.6935741867401305,0.7756206724838222,NaN,0.6662253581588998,NaN,0.6662253581588998,1.1642016668762565
new_preds,OFT-0207-00,medium,4.561492363308023,1651,1.0718673767133213,0.9217546378039467,0.8599521338454511,0.8290508818662035,0.8754027598350751,0.9217546378039467,NaN,0.8599521338454511,NaN,0.8599521338454511,1.0718673767133213
new_preds,OFT-0208-00,medium,4.1724301562563335,1652,1.142223684117527,0.7820371338016282,0.6846619840542213,0.6359744091805177,0.7090057714910729,0.7820371338016282,NaN,0.6846619840542213,NaN,0.6846619840542213,1.142223684117527
new_preds,OFT-0208-00,slow,3.341988712731878,1653,1.181053269579296,0.882486675209785,0.7472031092417503,0.6795613262577329,0.781024000733759,0.882486675209785,NaN,0.7472031092417503,NaN,0.7472031092417503,1.181053269579296
new_preds,OFT-0208-00,fast,5.234581878752244,1654,1.1447197248236758,0.865571675155558,0.7561428849222321,0.7014284898055694,0.7835000824805636,0.865571675155558,NaN,0.7561428849222321,NaN,0.7561428849222321,1.1447197248236758
new_preds,OFT-0209-00,fast,5.962448523243186,1655,1.079565902970119,0.8324507505595142,0.7710976683028451,0.7404211271745105,0.7864359388670124,0.8324507505595142,NaN,0.7710976683028451,NaN,0.7710976683028451,1.079565902970119
new_preds,OFT-0209-00,medium,4.893475508445682,1656,1.103021276306518,0.9588856094160226,0.8693264853665057,0.8245469233417474,0.8917162663788851,0.9588856094160226,NaN,0.8693264853665057,NaN,0.8693264853665057,1.103021276306518
new_preds,OFT-0209-00,slow,3.6761481583393785,1657,1.0712592565540167,0.9155869658270268,0.8546828979310291,0.8242308639830305,0.8699089149050285,0.9155869658270268,NaN,0.8546828979310291,NaN,0.8546828979310291,1.0712592565540167
new_preds,OFT-0210-00,fast,4.8934193755177375,1658,1.0867471764151366,0.942903433670459,0.8676382641092509,0.830005679328647,0.8864545564995532,0.942903433670459,NaN,0.8676382641092509,NaN,0.8676382641092509,1.0867471764151366
new_preds,OFT-0210-00,slow,3.1980803831826226,1659,1.1673059977934677,0.9937973707119729,0.8513597742070425,0.7801409759545774,0.8869691733332752,0.9937973707119729,NaN,0.8513597742070425,NaN,0.8513597742070425,1.1673059977934677
new_preds,OFT-0210-00,medium,3.8670548805988187,1660,1.0833231733475022,0.927020027676106,0.8557188200927942,0.8200682163011386,0.8735441219886222,0.927020027676106,NaN,0.8557188200927942,NaN,0.8557188200927942,1.0833231733475022
new_preds,OFT-0211-00,fast,5.058052660363547,1661,1.0861571325291186,0.8125256063849893,0.748073719769277,0.7158477764614207,0.764186691423205,0.8125256063849893,NaN,0.748073719769277,NaN,0.748073719769277,1.0861571325291186
new_preds,OFT-0211-00,medium,4.140412433944221,1662,1.1012243278941758,0.8736144044933709,0.7933119368729771,0.75316070306278,0.8133875537780755,0.8736144044933709,NaN,0.7933119368729771,NaN,0.7933119368729771,1.1012243278941758
new_preds,OFT-0211-00,slow,3.296104757307001,1663,1.2021153519283374,0.909011428674363,0.7561765409752064,0.6797590971256282,0.7943852628999956,0.909011428674363,NaN,0.7561765409752064,NaN,0.7561765409752064,1.2021153519283374
new_preds,OFT-0212-00,fast,5.331293812869353,1664,1.1593199887671475,0.9646745373081598,0.8321037734663931,0.7658183915455097,0.8652464644268347,0.9646745373081598,NaN,0.8321037734663931,NaN,0.8321037734663931,1.1593199887671475
new_preds,OFT-0212-00,medium,4.31445850001586,1665,1.1022604997375314,0.9112093528094155,0.8266733254311402,0.7844053117420026,0.847807332275709,0.9112093528094155,NaN,0.8266733254311402,NaN,0.8266733254311402,1.1022604997375314
new_preds,OFT-0212-00,slow,3.2570145404255055,1666,1.1156878391559726,0.8559610989979418,0.7672048300226018,0.7228266955349318,0.7893938972664369,0.8559610989979418,NaN,0.7672048300226018,NaN,0.7672048300226018,1.1156878391559726
new_preds,OFT-0213-00,fast,5.569081796575872,1667,1.114480352844418,0.946943256174866,0.8496724538553257,0.8010370526955554,0.8739901544352107,0.946943256174866,NaN,0.8496724538553257,NaN,0.8496724538553257,1.114480352844418
new_preds,OFT-0213-00,slow,3.463578207156547,1668,1.0623261793244798,0.9316805738421836,0.8770193109941317,0.8496886795701056,0.8906846267061448,0.9316805738421836,NaN,0.8770193109941317,NaN,0.8770193109941317,1.0623261793244798
new_preds,OFT-0213-00,medium,4.464817108635918,1669,1.0722959899414146,0.950505181985435,0.8864205321120023,0.8543782071752859,0.9024416945803604,0.950505181985435,NaN,0.8864205321120023,NaN,0.8864205321120023,1.0722959899414146
new_preds,OFT-0214-00,slow,3.9435647710115194,1670,1.194321586629583,0.9953455361747332,0.8333982633468368,0.7524246269328887,0.8738850815538108,0.9953455361747332,NaN,0.8333982633468368,NaN,0.8333982633468368,1.194321586629583
new_preds,OFT-0214-00,medium,5.06566644491064,1671,1.163719416802122,0.8896553454350199,0.7644929977019504,0.7019118238354156,0.7957835846352178,0.8896553454350199,NaN,0.7644929977019504,NaN,0.7644929977019504,1.163719416802122
new_preds,OFT-0214-00,fast,6.254438349862119,1672,1.0794615111932373,0.9435662940225601,0.8741083255294035,0.8393793412828254,0.8914728176526927,0.9435662940225601,NaN,0.8741083255294035,NaN,0.8741083255294035,1.0794615111932373
new_preds,OFT-0215-00,slow,3.8638906699444178,1673,1.0808704755493233,0.9400051859405671,0.8696742183311418,0.8345087345264293,0.8872569602334981,0.9400051859405671,NaN,0.8696742183311418,NaN,0.8696742183311418,1.0808704755493233
new_preds,OFT-0215-00,fast,5.83599793919249,1674,1.042091267873743,0.9385530817922811,0.9006438406371847,0.8816892200596365,0.9101211509259588,0.9385530817922811,NaN,0.9006438406371847,NaN,0.9006438406371847,1.042091267873743
new_preds,OFT-0215-00,medium,4.7176751057122,1675,1.0766282172104282,0.9963113212503857,0.9253995997168403,0.8899437389500673,0.9431275301002267,0.9963113212503857,NaN,0.9253995997168403,NaN,0.9253995997168403,1.0766282172104282
new_preds,OFT-0216-00,medium,3.7333760746882523,1676,1.078500725764214,0.9343853524613988,0.8663743381343608,0.8323688309708417,0.8833770917161201,0.9343853524613988,NaN,0.8663743381343608,NaN,0.8663743381343608,1.078500725764214
new_preds,OFT-0216-00,fast,4.66326757335976,1677,1.1385882998692143,0.9636106233962545,0.846320503650829,0.787675443778116,0.8756430335871852,0.9636106233962545,NaN,0.846320503650829,NaN,0.846320503650829,1.1385882998692143
new_preds,OFT-0216-00,slow,3.049817873725828,1678,1.0552865178881141,0.8351782881398104,0.791423252342128,0.7695457344432866,0.8023620112915486,0.8351782881398104,NaN,0.791423252342128,NaN,0.791423252342128,1.0552865178881141
new_preds,OFT-0217-00,fast,5.176618781716526,1679,1.0849374889232246,0.8525256293525869,0.7857831792674976,0.752411954224953,0.80246879178877,0.8525256293525869,NaN,0.7857831792674976,NaN,0.7857831792674976,1.0849374889232246
new_preds,OFT-0217-00,slow,3.2970450183200906,1680,1.0874694154321636,0.952057478590368,0.8754797744928005,0.8371909224440166,0.8946242005171924,0.952057478590368,NaN,0.8754797744928005,NaN,0.8754797744928005,1.0874694154321636
new_preds,OFT-0217-00,medium,4.1844179804807835,1681,1.0084653049276842,0.9018644467376841,0.8942939755397491,0.8905087399407817,0.8961865933392328,0.9018644467376841,NaN,0.8942939755397491,NaN,0.8942939755397491,1.0084653049276842
new_preds,OFT-0218-00,fast,5.290327066730436,1682,1.0647111481212537,0.9379649488639292,0.8809571971881992,0.8524533213503341,0.8952091351071318,0.9379649488639292,NaN,0.8809571971881992,NaN,0.8809571971881992,1.0647111481212537
new_preds,OFT-0218-00,medium,4.271064923703538,1683,1.135089861593391,0.83819503223327,0.7384393611415464,0.6885615255956845,0.7633782789144773,0.83819503223327,NaN,0.7384393611415464,NaN,0.7384393611415464,1.135089861593391
new_preds,OFT-0218-00,slow,3.5187865831665004,1684,1.0925091833199967,0.9267657784695578,0.8482910648432577,0.8090537080301076,0.8679097432498326,0.9267657784695578,NaN,0.8482910648432577,NaN,0.8482910648432577,1.0925091833199967
new_preds,OFT-0219-00,fast,5.807467979002098,1685,1.0683083327663194,0.7193428118552287,0.6733475624893183,0.6503499378063629,0.6848463748307958,0.7193428118552287,NaN,0.6733475624893183,NaN,0.6733475624893183,1.0683083327663194
new_preds,OFT-0219-00,medium,4.418360218137265,1686,1.1495006026303,0.9604301309681678,0.8355194671238109,0.7730641352016324,0.8667471330849001,0.9604301309681678,NaN,0.8355194671238109,NaN,0.8355194671238109,1.1495006026303
new_preds,OFT-0219-00,slow,3.4091585074699267,1687,1.08130125256002,0.8746125569227008,0.8088518854963164,0.7759715497831243,0.8252920533529124,0.8746125569227008,NaN,0.8088518854963164,NaN,0.8088518854963164,1.08130125256002
new_preds,OFT-0220-00,fast,5.637483818771867,1688,1.075704703686698,0.964404418800984,0.8965326780627981,0.8625968076937052,0.9135006132473446,0.964404418800984,NaN,0.8965326780627981,NaN,0.8965326780627981,1.075704703686698
new_preds,OFT-0220-00,slow,3.5821176634866867,1689,1.1425756365188917,0.8520007069059174,0.7456842940408962,0.6925260876083852,0.7722633972571513,0.8520007069059174,NaN,0.7456842940408962,NaN,0.7456842940408962,1.1425756365188917
new_preds,OFT-0220-00,medium,4.427638501626099,1690,1.0708988129738675,0.9857144009883353,0.9204552185943912,0.8878256273974192,0.9367700141928772,0.9857144009883353,NaN,0.9204552185943912,NaN,0.9204552185943912,1.0708988129738675
new_preds,OFT-0221-00,medium,4.222561190110179,1691,1.0807417251561189,0.9500620321147621,0.8790833276817555,0.8435939754652518,0.8968280037900069,0.9500620321147621,NaN,0.8790833276817555,NaN,0.8790833276817555,1.0807417251561189
new_preds,OFT-0221-00,fast,5.100138865736541,1692,1.0981120333079868,0.8165050798292411,0.7435535310268624,0.7070777566256731,0.761791418227457,0.8165050798292411,NaN,0.7435535310268624,NaN,0.7435535310268624,1.0981120333079868
new_preds,OFT-0221-00,slow,3.4562726766340996,1693,1.0997848864363524,0.9644706032566915,0.8769629544390981,0.8332091300303013,0.8988398666434965,0.9644706032566915,NaN,0.8769629544390981,NaN,0.8769629544390981,1.0997848864363524
new_preds,OFT-0222-00,fast,5.47544823734877,1694,1.0886208437763985,0.7357646033745893,0.6758685611991777,0.6459205401114718,0.6908425717430307,0.7357646033745893,NaN,0.6758685611991777,NaN,0.6758685611991777,1.0886208437763985
new_preds,OFT-0222-00,slow,3.3034067461390686,1695,1.09623549293588,0.9951059898225106,0.9077483772738195,0.8640695709994739,0.9295877804109922,0.9951059898225106,NaN,0.9077483772738195,NaN,0.9077483772738195,1.09623549293588
new_preds,OFT-0222-00,medium,4.344682781108927,1696,1.1792906198033666,0.8879662778763608,0.7529664553970753,0.6854665441574326,0.7867164110168967,0.8879662778763608,NaN,0.7529664553970753,NaN,0.7529664553970753,1.1792906198033666
new_preds,OFT-0223-00,fast,6.06893176584609,1697,1.0748167310037977,0.7498799273287668,0.6976816658114687,0.6715825350528196,0.7107312311907933,0.7498799273287668,NaN,0.6976816658114687,NaN,0.6976816658114687,1.0748167310037977
new_preds,OFT-0223-00,slow,3.8322528519010834,1698,1.1133501327132036,0.9282694472229363,0.8337623717354478,0.7865088339917032,0.8573891406073199,0.9282694472229363,NaN,0.8337623717354478,NaN,0.8337623717354478,1.1133501327132036
new_preds,OFT-0223-00,medium,4.869651967529479,1699,1.0985881232993389,0.9863822899963819,0.8978636024518686,0.8536042586796118,0.9199932743379969,0.9863822899963819,NaN,0.8978636024518686,NaN,0.8978636024518686,1.0985881232993389
new_preds,OFT-0224-00,fast,5.664079941495144,1700,1.1216060927459688,0.7750159294479548,0.6909876243187342,0.6489734717541237,0.7119947006010392,0.7750159294479548,NaN,0.6909876243187342,NaN,0.6909876243187342,1.1216060927459688
new_preds,OFT-0224-00,medium,4.419294573914287,1701,1.1265676506408024,0.9292664391019818,0.8248651899186047,0.7726645653269163,0.850965502214449,0.9292664391019818,NaN,0.8248651899186047,NaN,0.8248651899186047,1.1265676506408024
new_preds,OFT-0224-00,slow,3.5597366732722073,1702,1.0793694934713123,0.8642239611106874,0.8006748072259251,0.7689002302835437,0.8165620956971156,0.8642239611106874,NaN,0.8006748072259251,NaN,0.8006748072259251,1.0793694934713123
new_preds,OFT-0225-00,fast,5.7338858303548275,1703,1.0824631196828165,0.901533472413657,0.8328537536482763,0.798513894265586,0.8500236833396215,0.901533472413657,NaN,0.8328537536482763,NaN,0.8328537536482763,1.0824631196828165
new_preds,OFT-0225-00,medium,4.398676183633907,1704,1.0952633759664372,0.9322898647758453,0.8512015331045032,0.8106573672688318,0.8714736160223386,0.9322898647758453,NaN,0.8512015331045032,NaN,0.8512015331045032,1.0952633759664372
new_preds,OFT-0225-00,slow,3.5220442306257147,1705,1.1135965760495676,0.9203270904940124,0.8264456898375444,0.7795049895093102,0.8499160400016614,0.9203270904940124,NaN,0.8264456898375444,NaN,0.8264456898375444,1.1135965760495676
new_preds,OFT-0226-00,medium,4.346613767629772,1706,1.182878756646603,0.976969824340846,0.8259255810041787,0.7504034593358451,0.8636866418383455,0.976969824340846,NaN,0.8259255810041787,NaN,0.8259255810041787,1.182878756646603
new_preds,OFT-0226-00,fast,5.565569258734507,1707,1.1565537433501394,0.9043255597555486,0.7819139966086036,0.7207082150351312,0.8125168873953399,0.9043255597555486,NaN,0.7819139966086036,NaN,0.7819139966086036,1.1565537433501394
new_preds,OFT-0226-00,slow,3.403212823223817,1708,1.1062679989813686,0.9677598481161938,0.8747969289605134,0.8283154693826735,0.8980376587494334,0.9677598481161938,NaN,0.8747969289605134,NaN,0.8747969289605134,1.1062679989813686
new_preds,OFT-0227-00,slow,3.5102316362130432,1709,1.1390083556492312,0.9164183732197173,0.8045756369340783,0.748654268791259,0.8325363210054881,0.9164183732197173,NaN,0.8045756369340783,NaN,0.8045756369340783,1.1390083556492312
new_preds,OFT-0227-00,medium,4.391394816542587,1710,1.1730415481978556,0.9888021117422221,0.8429386949348209,0.7700069865311202,0.8794045491366711,0.9888021117422221,NaN,0.8429386949348209,NaN,0.8429386949348209,1.1730415481978556
new_preds,OFT-0227-00,fast,5.493382093034063,1711,1.0960028711100738,0.7936016590037593,0.7240872080927754,0.6893299826372835,0.7414658208205214,0.7936016590037593,NaN,0.7240872080927754,NaN,0.7240872080927754,1.0960028711100738
new_preds,OFT-0228-00,fast,5.395737776625636,1712,1.0803131547735665,0.9955026201982271,0.9214944905552728,0.8844904257337954,0.9399965229660113,0.9955026201982271,NaN,0.9214944905552728,NaN,0.9214944905552728,1.0803131547735665
new_preds,OFT-0228-00,medium,4.281241177760888,1713,1.0136711845031354,0.81199171840191,0.8010405453124513,0.7955649587677222,0.8037783385848161,0.81199171840191,NaN,0.8010405453124513,NaN,0.8010405453124513,1.0136711845031354
new_preds,OFT-0228-00,slow,3.5192796585854755,1714,1.0498749284915994,0.8322043584844643,0.7926699989684755,0.772902819210481,0.8025535888474725,0.8322043584844643,NaN,0.7926699989684755,NaN,0.7926699989684755,1.0498749284915994
new_preds,OFT-0229-00,medium,4.408232776094408,1715,1.1374103005301104,0.9562091853499297,0.8406897536485043,0.7829300377977919,0.8695696115738609,0.9562091853499297,NaN,0.8406897536485043,NaN,0.8406897536485043,1.1374103005301104
new_preds,OFT-0229-00,fast,5.596962103755392,1716,1.1079212020338558,0.9527361367170399,0.8599313154835052,0.8135289048667379,0.883132520791889,0.9527361367170399,NaN,0.8599313154835052,NaN,0.8599313154835052,1.1079212020338558
new_preds,OFT-0229-00,slow,3.4891846212783593,1717,1.1551562855891664,0.9208983231326439,0.7972066936924959,0.7353608789724217,0.8281296010525327,0.9208983231326439,NaN,0.7972066936924959,NaN,0.7972066936924959,1.1551562855891664
new_preds,OFT-0230-00,fast,5.74866243006699,1718,1.091294829653928,0.892278215795813,0.8176325879586296,0.780309774040038,0.8362939949179256,0.892278215795813,NaN,0.8176325879586296,NaN,0.8176325879586296,1.091294829653928
new_preds,OFT-0230-00,slow,3.8765116232239705,1719,1.1687811750843558,0.9709352508034548,0.830724580016767,0.7606192446234232,0.8657772477134389,0.9709352508034548,NaN,0.830724580016767,NaN,0.830724580016767,1.1687811750843558
new_preds,OFT-0230-00,medium,4.738233171768051,1720,1.2166415785195588,0.9322741861788081,0.766268556523626,0.683265741696035,0.8077699639374215,0.9322741861788081,NaN,0.766268556523626,NaN,0.766268556523626,1.2166415785195588
new_preds,OFT-0231-00,medium,4.422495663802288,1721,1.0502514962310447,0.8376629025030982,0.7975831555671697,0.7775432820992055,0.8076030923011518,0.8376629025030982,NaN,0.7975831555671697,NaN,0.7975831555671697,1.0502514962310447
new_preds,OFT-0231-00,fast,5.382028826763052,1722,1.113428809228863,0.8761751081115016,0.7869161466356541,0.7422866658977304,0.8092308870046159,0.8761751081115016,NaN,0.7869161466356541,NaN,0.7869161466356541,1.113428809228863
new_preds,OFT-0231-00,slow,3.6476090268376464,1723,1.0346126830677622,0.7862743086806423,0.7599697177007689,0.7468174222108324,0.7665458654457373,0.7862743086806423,NaN,0.7599697177007689,NaN,0.7599697177007689,1.0346126830677622
new_preds,OFT-0232-00,fast,5.53056427484546,1724,1.1147035816617112,0.8678036873804729,0.7785062339952478,0.7338575073026351,0.8008305973415539,0.8678036873804729,NaN,0.7785062339952478,NaN,0.7785062339952478,1.1147035816617112
new_preds,OFT-0232-00,slow,3.6351611663442545,1725,1.097960436831543,0.9797440034484736,0.8923308805878157,0.8486243191574869,0.9141841613029802,0.9797440034484736,NaN,0.8923308805878157,NaN,0.8923308805878157,1.097960436831543
new_preds,OFT-0232-00,medium,4.3767559545565575,1726,1.0927514189116516,0.7839267878812949,0.7173880301725556,0.684118651318186,0.7340227195997405,0.7839267878812949,NaN,0.7173880301725556,NaN,0.7173880301725556,1.0927514189116516
new_preds,OFT-0233-00,medium,4.915080936382904,1727,1.0917991809171392,0.927458640745385,0.8494773186826317,0.8104866576512548,0.86897264919832,0.927458640745385,NaN,0.8494773186826317,NaN,0.8494773186826317,1.0917991809171392
new_preds,OFT-0233-00,fast,6.324512837217688,1728,1.0809680997157523,0.8476874763070732,0.7841928698265733,0.7524455665863233,0.8000665214466983,0.8476874763070732,NaN,0.7841928698265733,NaN,0.7841928698265733,1.0809680997157523
new_preds,OFT-0233-00,slow,3.844561361911301,1729,1.126989146161917,0.9685901229220666,0.8594493799880013,0.8048790085209686,0.8867345657215175,0.9685901229220666,NaN,0.8594493799880013,NaN,0.8594493799880013,1.126989146161917
new_preds,OFT-0234-00,fast,5.874376749154498,1730,1.0700473162677044,0.8774897268018333,0.8200475936545435,0.7913265270808985,0.8344081269413658,0.8774897268018333,NaN,0.8200475936545435,NaN,0.8200475936545435,1.0700473162677044
new_preds,OFT-0234-00,medium,4.738532756727465,1731,1.1602850864811634,0.9619055199530284,0.8290251518014702,0.7625849677256911,0.8622452438393599,0.9619055199530284,NaN,0.8290251518014702,NaN,0.8290251518014702,1.1602850864811634
new_preds,OFT-0234-00,slow,3.610685232322205,1732,1.0402834500162113,0.8624731442790778,0.8290751374210917,0.8123761339920984,0.8374246391355882,0.8624731442790778,NaN,0.8290751374210917,NaN,0.8290751374210917,1.0402834500162113
new_preds,OFT-0235-00,fast,5.518927455058281,1733,1.1012540292946855,0.8530487127847457,0.7746157472232754,0.7353992644425402,0.794223988613643,0.8530487127847457,NaN,0.7746157472232754,NaN,0.7746157472232754,1.1012540292946855
new_preds,OFT-0235-00,medium,4.526321222840135,1734,1.1321993149387013,0.9662280048785408,0.8534080458535286,0.7969980663410223,0.8816130356097815,0.9662280048785408,NaN,0.8534080458535286,NaN,0.8534080458535286,1.1321993149387013
new_preds,OFT-0235-00,slow,3.7402277234089474,1735,1.1114547194707443,0.9904982786157188,0.8911728577547245,0.8415101473242272,0.916004212969973,0.9904982786157188,NaN,0.8911728577547245,NaN,0.8911728577547245,1.1114547194707443
new_preds,OFT-0236-00,fast,5.654176858266908,1736,1.1117211621044594,0.9214690050644279,0.828867018524781,0.7825660252549572,0.8520175151596925,0.9214690050644279,NaN,0.828867018524781,NaN,0.828867018524781,1.1117211621044594
new_preds,OFT-0236-00,slow,3.2957090966444675,1737,1.1393550698028936,0.9784065084134945,0.8587371350203911,0.7989024483238394,0.888654478368667,0.9784065084134945,NaN,0.8587371350203911,NaN,0.8587371350203911,1.1393550698028936
new_preds,OFT-0236-00,medium,4.443353740850595,1738,1.0910066161353276,0.908572970340681,0.8327841068087366,0.7948896750427643,0.8517313226917227,0.908572970340681,NaN,0.8327841068087366,NaN,0.8327841068087366,1.0910066161353276
new_preds,OFT-0237-00,medium,4.32843693748204,1739,1.1111718704224862,0.9354591056683764,0.8418671589595759,0.795071185605176,0.8652651456367761,0.9354591056683764,NaN,0.8418671589595759,NaN,0.8418671589595759,1.1111718704224862
new_preds,OFT-0237-00,fast,5.528692087920848,1740,1.0928780733293797,0.8218050244407907,0.7519640520714419,0.7170435658867675,0.7694242951637791,0.8218050244407907,NaN,0.7519640520714419,NaN,0.7519640520714419,1.0928780733293797
new_preds,OFT-0237-00,slow,3.5117678161179158,1741,1.1475623612046306,0.9637997208941991,0.8398669679985579,0.7779005915507372,0.8708501562224681,0.9637997208941991,NaN,0.8398669679985579,NaN,0.8398669679985579,1.1475623612046306
new_preds,OFT-0238-00,slow,3.540687784812297,1742,1.0668546602447064,0.9627809398686409,0.9024480800860034,0.8722816501946851,0.9175312950316629,0.9627809398686409,NaN,0.9024480800860034,NaN,0.9024480800860034,1.0668546602447064
new_preds,OFT-0238-00,medium,4.727061856443169,1743,1.1246676957565733,0.8868170635722737,0.7885147469944039,0.739363588705469,0.8130903261388714,0.8868170635722737,NaN,0.7885147469944039,NaN,0.7885147469944039,1.1246676957565733
new_preds,OFT-0238-00,fast,6.03374426439253,1744,1.113436350550223,0.8548127742669063,0.7677248671147537,0.7241809135386776,0.789496843902792,0.8548127742669063,NaN,0.7677248671147537,NaN,0.7677248671147537,1.113436350550223
new_preds,OFT-0239-00,fast,6.1282733966184235,1745,1.070754083521657,0.8077807602395684,0.7544036232697032,0.7277150547847705,0.7677479075121694,0.8077807602395684,NaN,0.7544036232697032,NaN,0.7544036232697032,1.070754083521657
new_preds,OFT-0239-00,medium,4.921298487839768,1746,1.0961821941531857,0.9944251824982085,0.9071714426691763,0.8635445727546602,0.9289848776264342,0.9944251824982085,NaN,0.9071714426691763,NaN,0.9071714426691763,1.0961821941531857
new_preds,OFT-0239-00,slow,3.652027091019665,1747,1.1118406927859283,0.9790336838132918,0.8805521242077735,0.831311344405014,0.905172514109153,0.9790336838132918,NaN,0.8805521242077735,NaN,0.8805521242077735,1.1118406927859283
new_preds,OFT-0240-00,slow,3.917971627810561,1748,1.2451157620511386,0.9856506764049426,0.7916136848040806,0.6945951890036494,0.8401229327042959,0.9856506764049426,NaN,0.7916136848040806,NaN,0.7916136848040806,1.2451157620511386
new_preds,OFT-0240-00,medium,4.967086806664136,1749,1.0883471219137715,0.9433680287752575,0.8667896572523848,0.8285004714909483,0.8859342501331029,0.9433680287752575,NaN,0.8667896572523848,NaN,0.8667896572523848,1.0883471219137715
new_preds,OFT-0240-00,fast,5.948516105293203,1750,1.0901238767636368,0.8390480319027471,0.7696813635471554,0.7349980293693595,0.7870230306360534,0.8390480319027471,NaN,0.7696813635471554,NaN,0.7696813635471554,1.0901238767636368
new_preds,OFT-0241-00,slow,3.2924384918356506,1751,1.142956190957313,0.9070747704280561,0.7936216432480337,0.7368950796580225,0.8219849250430393,0.9070747704280561,NaN,0.7936216432480337,NaN,0.7936216432480337,1.142956190957313
new_preds,OFT-0241-00,medium,4.253156681853988,1752,1.0804547657207004,0.9997992002841362,0.9253503543179207,0.8881259313348133,0.9439625658094746,0.9997992002841362,NaN,0.9253503543179207,NaN,0.9253503543179207,1.0804547657207004
new_preds,OFT-0241-00,fast,5.351167173082978,1753,1.0661632314878215,0.9909275650278697,0.9294332572743471,0.8986861033975859,0.9448068342127278,0.9909275650278697,NaN,0.9294332572743471,NaN,0.9294332572743471,1.0661632314878215
new_preds,OFT-0242-00,slow,3.8738981678335533,1754,1.159257274496545,0.8586049030291836,0.7406508649273458,0.6816738458764269,0.7701393744528051,0.8586049030291836,NaN,0.7406508649273458,NaN,0.7406508649273458,1.159257274496545
new_preds,OFT-0242-00,medium,4.86667949544607,1755,1.0997089048828028,0.9450352054887559,0.8593503256113665,0.8165078856726717,0.8807715455807138,0.9450352054887559,NaN,0.8593503256113665,NaN,0.8593503256113665,1.0997089048828028
new_preds,OFT-0242-00,fast,5.785060258730681,1756,1.0769473784925032,0.7365397152020958,0.6839143025103923,0.6576015961645407,0.6970706556833182,0.7365397152020958,NaN,0.6839143025103923,NaN,0.6839143025103923,1.0769473784925032
new_preds,OFT-0243-00,medium,4.139028647256052,1757,1.1435014886282366,0.9948146114262695,0.8699722924013554,0.8075511328888982,0.901182872157584,0.9948146114262695,NaN,0.8699722924013554,NaN,0.8699722924013554,1.1435014886282366
new_preds,OFT-0243-00,fast,5.269722854259633,1758,1.1070060505225943,0.908407441605591,0.8205984431401716,0.7766939439074617,0.8425506927565263,0.908407441605591,NaN,0.8205984431401716,NaN,0.8205984431401716,1.1070060505225943
new_preds,OFT-0243-00,slow,3.3024434268898797,1759,1.0770904178210823,0.8960500920666497,0.8319172441245266,0.7998508201534651,0.8479504561100575,0.8960500920666497,NaN,0.8319172441245266,NaN,0.8319172441245266,1.0770904178210823
new_preds,OFT-0244-00,medium,4.723268827557718,1760,1.0841494376843677,0.9429179554638274,0.8697306134086125,0.8331369423810048,0.888027448922416,0.9429179554638274,NaN,0.8697306134086125,NaN,0.8697306134086125,1.0841494376843677
new_preds,OFT-0244-00,fast,6.020116845387674,1761,1.0848265038842695,0.93219912801292,0.8593071101002231,0.8228611011438746,0.8775301145783974,0.93219912801292,NaN,0.8593071101002231,NaN,0.8593071101002231,1.0848265038842695
new_preds,OFT-0244-00,slow,3.6626674214168284,1762,1.1224675652151714,0.7869382458083622,0.701078828640817,0.6581491200570445,0.7225436829327034,0.7869382458083622,NaN,0.701078828640817,NaN,0.701078828640817,1.1224675652151714
new_preds,OFT-0245-00,slow,3.8794410034543128,1763,1.1608028826397434,0.8880407136978669,0.7650228363306635,0.7035138976470616,0.7957773056724642,0.8880407136978669,NaN,0.7650228363306635,NaN,0.7650228363306635,1.1608028826397434
new_preds,OFT-0245-00,medium,4.959069219244118,1764,1.097717381931995,0.9568066262871147,0.8716329376174442,0.8290460932826089,0.8929263597848618,0.9568066262871147,NaN,0.8716329376174442,NaN,0.8716329376174442,1.097717381931995
new_preds,OFT-0245-00,fast,5.962957957166269,1765,1.0639715932554168,0.85308201153888,0.8017902140871248,0.7761443153612468,0.8146131634500634,0.85308201153888,NaN,0.8017902140871248,NaN,0.8017902140871248,1.0639715932554168
new_preds,OFT-0246-00,slow,3.3699216560566985,1766,1.1328823942748387,0.9919725985922359,0.8756183374419905,0.8174412068668677,0.9047069027295518,0.9919725985922359,NaN,0.8756183374419905,NaN,0.8756183374419905,1.1328823942748387
new_preds,OFT-0246-00,medium,4.03193803340911,1767,1.1316471344791106,0.9281463611059285,0.8201729433381616,0.7661862344542779,0.8471662977801032,0.9281463611059285,NaN,0.8201729433381616,NaN,0.8201729433381616,1.1316471344791106
new_preds,OFT-0246-00,fast,4.847891166872667,1768,1.0816751105581766,0.9979361377857167,0.9225839885238294,0.8849079138928857,0.9414220258393013,0.9979361377857167,NaN,0.9225839885238294,NaN,0.9225839885238294,1.0816751105581766
new_preds,OFT-0247-00,slow,3.5076574165203205,1769,1.1166583647037944,0.927168251025624,0.8303060992800293,0.7818750234072318,0.8545216372164279,0.927168251025624,NaN,0.8303060992800293,NaN,0.8303060992800293,1.1166583647037944
new_preds,OFT-0247-00,medium,4.319060235850023,1770,1.1097262803080399,0.9950409686441457,0.8966544149679327,0.8474611381298262,0.921251053386986,0.9950409686441457,NaN,0.8966544149679327,NaN,0.8966544149679327,1.1097262803080399
new_preds,OFT-0247-00,fast,5.276679815821871,1771,1.071775469016847,0.872599812774653,0.8141628895230264,0.7849444278972131,0.8287721203359333,0.872599812774653,NaN,0.8141628895230264,NaN,0.8141628895230264,1.071775469016847
new_preds,OFT-0248-00,medium,5.290467893332329,1772,1.0781786501169315,0.8475331438104574,0.7860785814285417,0.7553513002375838,0.8014422220240205,0.8475331438104574,NaN,0.7860785814285417,NaN,0.7860785814285417,1.0781786501169315
new_preds,OFT-0248-00,slow,4.165329537370686,1773,1.1626706354355016,0.9622693358827227,0.8276370853060079,0.7603209600176506,0.8612951479501867,0.9622693358827227,NaN,0.8276370853060079,NaN,0.8276370853060079,1.1626706354355016
new_preds,OFT-0248-00,fast,6.459614466302972,1774,1.0594336953816048,0.7937238385124028,0.7491963319389289,0.7269325786521922,0.7603282085822974,0.7937238385124028,NaN,0.7491963319389289,NaN,0.7491963319389289,1.0594336953816048
new_preds,OFT-0249-00,medium,4.4600944645108,1775,1.1052714325285211,0.945473511152003,0.855422010672121,0.81039626043218,0.8779348857920914,0.945473511152003,NaN,0.855422010672121,NaN,0.855422010672121,1.1052714325285211
new_preds,OFT-0249-00,slow,3.48424040560222,1776,1.1733613984922167,0.93112211182213,0.7935510005856959,0.7247654449674787,0.8279437783948045,0.93112211182213,NaN,0.7935510005856959,NaN,0.7935510005856959,1.1733613984922167
new_preds,OFT-0249-00,fast,5.611266181176414,1777,1.0651584224439468,0.9430640687884311,0.8853744653538232,0.8565296636365193,0.8997968662124753,0.9430640687884311,NaN,0.8853744653538232,NaN,0.8853744653538232,1.0651584224439468
new_preds,OFT-0250-00,slow,3.2229293289791374,1778,1.0829203396330191,0.9945645497127539,0.9184097050479195,0.8803322827155028,0.9374484162141283,0.9945645497127539,NaN,0.9184097050479195,NaN,0.9184097050479195,1.0829203396330191
new_preds,OFT-0250-00,fast,4.73954065749344,1779,1.0706103354689231,0.8500254620319372,0.7939634373692361,0.7659324250378855,0.8079789435349114,0.8500254620319372,NaN,0.7939634373692361,NaN,0.7939634373692361,1.0706103354689231
new_preds,OFT-0250-00,medium,4.010173250244887,1780,1.090173506465318,0.9666880817326802,0.8867286500723944,0.8467489342422516,0.9067185079874658,0.9666880817326802,NaN,0.8867286500723944,NaN,0.8867286500723944,1.090173506465318
new_preds,OFT-0251-00,medium,3.7182086036021462,1781,1.2099793711384546,0.9516780067579402,0.7865241585586027,0.7039472344589338,0.8278126206084371,0.9516780067579402,NaN,0.7865241585586027,NaN,0.7865241585586027,1.2099793711384546
new_preds,OFT-0251-00,slow,3.0805090237261665,1782,1.1539398571561839,0.8530282623185537,0.739231128059647,0.6823325609301938,0.7676804116243736,0.8530282623185537,NaN,0.739231128059647,NaN,0.739231128059647,1.1539398571561839
new_preds,OFT-0251-00,fast,4.422025693222216,1783,1.164343621691168,0.8435222470812324,0.7244616034019632,0.6649312815623286,0.7542267643217805,0.8435222470812324,NaN,0.7244616034019632,NaN,0.7244616034019632,1.164343621691168
new_preds,OFT-0252-00,fast,5.99268656227714,1784,1.1253116340262561,0.8787079473950701,0.7808574272454094,0.7319321671705792,0.8053200572828247,0.8787079473950701,NaN,0.7808574272454094,NaN,0.7808574272454094,1.1253116340262561
new_preds,OFT-0252-00,medium,4.505695968433038,1785,1.087138221979555,0.853547887574803,0.7851328104540282,0.7509252718936408,0.8022365797342219,0.853547887574803,NaN,0.7851328104540282,NaN,0.7851328104540282,1.087138221979555
new_preds,OFT-0252-00,slow,3.4807513275735054,1786,1.1047350668134797,0.7971470367239304,0.721573036531951,0.6837860364359615,0.7404665365799459,0.7971470367239304,NaN,0.721573036531951,NaN,0.721573036531951,1.1047350668134797
new_preds,OFT-0253-00,fast,5.001170915603106,1787,1.0965293406961316,0.9418495001355411,0.8589368885812102,0.8174805828040443,0.8796650414697927,0.9418495001355411,NaN,0.8589368885812102,NaN,0.8589368885812102,1.0965293406961316
new_preds,OFT-0253-00,slow,3.1048772242369447,1788,1.0197781478058803,0.8125115146762054,0.7967532118867003,0.7888740604919477,0.8006927875840766,0.8125115146762054,NaN,0.7967532118867003,NaN,0.7967532118867003,1.0197781478058803
new_preds,OFT-0253-00,medium,3.8485726754055265,1789,1.068941241608955,0.911298709082491,0.852524604356005,0.8231375519927617,0.8672181305376263,0.911298709082491,NaN,0.852524604356005,NaN,0.852524604356005,1.068941241608955
new_preds,OFT-0254-00,slow,3.096269015450594,1790,1.0615072800239078,0.9993252257071125,0.9414209817615241,0.91246885978873,0.9558970427479212,0.9993252257071125,NaN,0.9414209817615241,NaN,0.9414209817615241,1.0615072800239078
new_preds,OFT-0254-00,fast,4.614449768893146,1791,1.1311210764655388,0.9838523285442745,0.8698028434043142,0.8127781008343341,0.8983152146893044,0.9838523285442745,NaN,0.8698028434043142,NaN,0.8698028434043142,1.1311210764655388
new_preds,OFT-0254-00,medium,3.8298689172289864,1792,1.094906370722327,0.9041081950204874,0.8257401903909218,0.7865561880761388,0.8453321915483132,0.9041081950204874,NaN,0.8257401903909218,NaN,0.8257401903909218,1.094906370722327
new_preds,OFT-0255-00,fast,4.4058149103781705,1793,1.1084035657065612,0.9895741400320243,0.8927922740858488,0.8444013411127612,0.9169877405723927,0.9895741400320243,NaN,0.8927922740858488,NaN,0.8927922740858488,1.1084035657065612
new_preds,OFT-0255-00,medium,3.727941758137572,1794,1.130952174755774,0.9935559738271236,0.8785128107133966,0.8209912291565332,0.9072736014918283,0.9935559738271236,NaN,0.8785128107133966,NaN,0.8785128107133966,1.130952174755774
new_preds,OFT-0255-00,slow,3.150506076955576,1795,1.2000394803919816,0.9857387754588587,0.8214219544984274,0.7392635440182117,0.8625011597385353,0.9857387754588587,NaN,0.8214219544984274,NaN,0.8214219544984274,1.2000394803919816
new_preds,OFT-0256-00,fast,6.6403868699304915,1796,1.0333789186221272,0.7870474295450948,0.7616252038453789,0.7489140909955211,0.7679807602703079,0.7870474295450948,NaN,0.7616252038453789,NaN,0.7616252038453789,1.0333789186221272
new_preds,OFT-0256-00,medium,5.175366657099973,1797,1.1894884078470722,0.8744114025140574,0.7351155309673912,0.6654675951940583,0.7699394988540578,0.8744114025140574,NaN,0.7351155309673912,NaN,0.7351155309673912,1.1894884078470722
new_preds,OFT-0256-00,slow,4.019902871521225,1798,1.1127296247836644,0.919299783424052,0.8261663596875847,0.779599647819351,0.8494497156217016,0.919299783424052,NaN,0.8261663596875847,NaN,0.8261663596875847,1.1127296247836644
new_preds,OFT-0257-00,fast,4.747086414671475,1799,1.0668160085749365,0.8931405432872358,0.8372020443153096,0.8092327948293466,0.8511866690582911,0.8931405432872358,NaN,0.8372020443153096,NaN,0.8372020443153096,1.0668160085749365
new_preds,OFT-0257-00,medium,3.940605368354421,1800,1.0347438808359668,0.7826382170005132,0.7563593576105246,0.7432199279155302,0.7629290724580217,0.7826382170005132,NaN,0.7563593576105246,NaN,0.7563593576105246,1.0347438808359668
new_preds,OFT-0257-00,slow,3.337544647388152,1801,1.1201517460762809,0.8863031782137045,0.7912349209098571,0.7437007922579335,0.815001985235819,0.8863031782137045,NaN,0.7912349209098571,NaN,0.7912349209098571,1.1201517460762809
new_preds,OFT-0258-00,slow,3.867813657958947,1802,1.2683732834474981,0.9621927414475591,0.7586037596379152,0.6568092687330931,0.8095010050903262,0.9621927414475591,NaN,0.7586037596379152,NaN,0.7586037596379152,1.2683732834474981
new_preds,OFT-0258-00,fast,6.094630705379699,1803,1.0876482538010759,0.8000170200979786,0.7355475608057168,0.703312831159586,0.7516649256287823,0.8000170200979786,NaN,0.7355475608057168,NaN,0.7355475608057168,1.0876482538010759
new_preds,OFT-0258-00,medium,5.074217879690748,1804,1.0809421294060768,0.830343430131192,0.7681664055294282,0.7370778932285462,0.7837106616798691,0.830343430131192,NaN,0.7681664055294282,NaN,0.7681664055294282,1.0809421294060768
new_preds,OFT-0259-00,medium,3.932616315059503,1805,1.0793474478537464,0.9504888609161766,0.8806143589871809,0.845677108022683,0.8980829844694298,0.9504888609161766,NaN,0.8806143589871809,NaN,0.8806143589871809,1.0793474478537464
new_preds,OFT-0259-00,fast,4.914563355294903,1806,1.1192279985409022,0.887427126203048,0.7928921786802646,0.7456247049188731,0.8165259155609605,0.887427126203048,NaN,0.7928921786802646,NaN,0.7928921786802646,1.1192279985409022
new_preds,OFT-0259-00,slow,3.209741896289445,1807,1.0886032330765427,0.9604416712035186,0.8822697214385246,0.8431837465560275,0.9018127088797732,0.9604416712035186,NaN,0.8822697214385246,NaN,0.8822697214385246,1.0886032330765427
new_preds,OFT-0260-00,medium,4.534133880344269,1808,1.1332009229511666,0.8480697618858142,0.7483842844719959,0.6985415457650865,0.7733056538254504,0.8480697618858142,NaN,0.7483842844719959,NaN,0.7483842844719959,1.1332009229511666
new_preds,OFT-0260-00,slow,3.71745306506564,1809,1.1125884953384484,0.8661338052405052,0.7784853149834415,0.7346610698549099,0.8003974375477075,0.8661338052405052,NaN,0.7784853149834415,NaN,0.7784853149834415,1.1125884953384484
new_preds,OFT-0260-00,fast,5.812484630195654,1810,1.0695119629651837,0.9916246506780902,0.9271749031482045,0.8949500293832615,0.9432873400306759,0.9916246506780902,NaN,0.9271749031482045,NaN,0.9271749031482045,1.0695119629651837
new_preds,OFT-0261-00,fast,5.522563592239759,1811,1.1443126181850025,0.7558219969621024,0.6605030696602069,0.612843606009259,0.6843328014856807,0.7558219969621024,NaN,0.6605030696602069,NaN,0.6605030696602069,1.1443126181850025
new_preds,OFT-0261-00,medium,4.61059079391626,1812,1.1239763125506919,0.9849156098478792,0.8762779062601099,0.8219590544662252,0.9034373321570521,0.9849156098478792,NaN,0.8762779062601099,NaN,0.8762779062601099,1.1239763125506919
new_preds,OFT-0261-00,slow,3.756289500687103,1813,1.159861671063866,0.9881192893108344,0.8519285652439023,0.7838332032104361,0.8859762462606353,0.9881192893108344,NaN,0.8519285652439023,NaN,0.8519285652439023,1.159861671063866
new_preds,OFT-0262-00,fast,5.091337521407958,1814,1.065905623354983,0.9166669446041417,0.8599888437767067,0.8316497933629894,0.8741583689835655,0.9166669446041417,NaN,0.8599888437767067,NaN,0.8599888437767067,1.065905623354983
new_preds,OFT-0262-00,medium,4.149890114866438,1815,1.0740027208244929,0.9254609272026224,0.8616932799687532,0.8298094563518184,0.8776351917772204,0.9254609272026224,NaN,0.8616932799687532,NaN,0.8616932799687532,1.0740027208244929
new_preds,OFT-0262-00,slow,3.388693770795337,1816,1.0976448065529276,0.9475604397523103,0.8632669093821469,0.8211201441970651,0.8843402919746876,0.9475604397523103,NaN,0.8632669093821469,NaN,0.8632669093821469,1.0976448065529276
new_preds,OFT-0263-00,slow,3.220896498810558,1817,1.0397169657196075,0.7856899156129464,0.7556767288770323,0.7406701355090753,0.7631800255610108,0.7856899156129464,NaN,0.7556767288770323,NaN,0.7556767288770323,1.0397169657196075
new_preds,OFT-0263-00,fast,4.801527252791131,1818,1.077232660003258,0.8075019502828398,0.7496077498062467,0.7206606495679502,0.764081299925395,0.8075019502828398,NaN,0.7496077498062467,NaN,0.7496077498062467,1.077232660003258
new_preds,OFT-0263-00,medium,3.8881730948671356,1819,1.1274364963718602,0.8983643360650493,0.7968203432796658,0.746048346886974,0.8222063414760117,0.8983643360650493,NaN,0.7968203432796658,NaN,0.7968203432796658,1.1274364963718602
new_preds,OFT-0264-00,fast,5.642551739118997,1820,1.0602642157413065,0.9259122822409704,0.8732844780521042,0.8469705759576711,0.8864414290993209,0.9259122822409704,NaN,0.8732844780521042,NaN,0.8732844780521042,1.0602642157413065
new_preds,OFT-0264-00,medium,4.419992000854663,1821,1.0872957555989518,0.920479836964124,0.8465772373562381,0.8096259375522951,0.8650528872582096,0.920479836964124,NaN,0.8465772373562381,NaN,0.8465772373562381,1.0872957555989518
new_preds,OFT-0264-00,slow,3.477807140951552,1822,1.0760162815302998,0.7357178085818017,0.683742264136999,0.6577544919145976,0.6967361502481997,0.7357178085818017,NaN,0.683742264136999,NaN,0.683742264136999,1.0760162815302998
new_preds,OFT-0265-00,medium,3.863339385853097,1823,1.071437839512958,0.9586620767137191,0.8947435318781506,0.8627842594603667,0.9107231680870429,0.9586620767137191,NaN,0.8947435318781506,NaN,0.8947435318781506,1.071437839512958
new_preds,OFT-0265-00,fast,4.989056121230125,1824,1.0818334886521002,0.9904768807988641,0.9155539102722167,0.8780924250088928,0.9342846529038784,0.9904768807988641,NaN,0.9155539102722167,NaN,0.9155539102722167,1.0818334886521002
new_preds,OFT-0265-00,slow,3.1480774258047526,1825,1.0402600743665504,0.9315031911875835,0.8954522182876309,0.8774267318376548,0.9044649615126192,0.9315031911875835,NaN,0.8954522182876309,NaN,0.8954522182876309,1.0402600743665504
new_preds,OFT-0266-00,medium,4.278941744573596,1826,1.1621519327951815,0.8326066072388176,0.7164352471851517,0.658349567158319,0.7454780871985682,0.8326066072388176,NaN,0.7164352471851517,NaN,0.7164352471851517,1.1621519327951815
new_preds,OFT-0266-00,fast,5.257340921332892,1827,1.056221760074816,0.7404239141853626,0.7010117971181692,0.6813057385845727,0.7108648263849676,0.7404239141853626,NaN,0.7010117971181692,NaN,0.7010117971181692,1.056221760074816
new_preds,OFT-0266-00,slow,3.4654233777634293,1828,1.0715632873795367,0.8738448593736876,0.8154860003748717,0.786306570875464,0.8300757151245758,0.8738448593736876,NaN,0.8154860003748717,NaN,0.8154860003748717,1.0715632873795367
new_preds,OFT-0267-00,fast,4.89218493560388,1829,1.079255740139867,0.917823502023304,0.8504226272675259,0.8167221898896371,0.8672728459564705,0.917823502023304,NaN,0.8504226272675259,NaN,0.8504226272675259,1.079255740139867
new_preds,OFT-0267-00,slow,3.238425260960243,1830,1.0528927252255043,0.9586636439378413,0.9105045756038619,0.8864250414368723,0.9225443426873567,0.9586636439378413,NaN,0.9105045756038619,NaN,0.9105045756038619,1.0528927252255043
new_preds,OFT-0267-00,medium,3.965249849563549,1831,1.1104091861179015,0.98003327250041,0.8825875044556337,0.8338646204332455,0.9069489464668277,0.98003327250041,NaN,0.8825875044556337,NaN,0.8825875044556337,1.1104091861179015
new_preds,OFT-0268-00,fast,5.0692188091253305,1832,1.1761951813704856,0.8326183116199504,0.7078912792771311,0.6455277631057212,0.7390730373628359,0.8326183116199504,NaN,0.7078912792771311,NaN,0.7078912792771311,1.1761951813704856
new_preds,OFT-0268-00,medium,4.131229992641446,1833,1.062748175559509,0.9065629857007942,0.8530365015432867,0.826273259464533,0.8664181225826637,0.9065629857007942,NaN,0.8530365015432867,NaN,0.8530365015432867,1.062748175559509
new_preds,OFT-0268-00,slow,3.3610882694293442,1834,1.1324357438102144,0.9321919851687128,0.8231742862798045,0.7686654368353505,0.8504287110020317,0.9321919851687128,NaN,0.8231742862798045,NaN,0.8231742862798045,1.1324357438102144
new_preds,OFT-0269-00,fast,5.184179257818038,1835,1.1216823661084758,0.9373516220104628,0.8356658269154008,0.7848229293678699,0.8610872756891663,0.9373516220104628,NaN,0.8356658269154008,NaN,0.8356658269154008,1.1216823661084758
new_preds,OFT-0269-00,medium,4.384384274358929,1836,1.0899327486148542,0.9654145366035514,0.8857560595646407,0.8459268210451855,0.9056706788243685,0.9654145366035514,NaN,0.8857560595646407,NaN,0.8857560595646407,1.0899327486148542
new_preds,OFT-0269-00,slow,3.4647698487632552,1837,1.1284229044506817,0.8485426480806515,0.7519721947630296,0.7036869681042188,0.7761148080924352,0.8485426480806515,NaN,0.7519721947630296,NaN,0.7519721947630296,1.1284229044506817
new_preds,OFT-0270-00,slow,3.2874665616171366,1838,1.1244117947168775,0.9789847542896858,0.870663896349638,0.8165034673796142,0.89774411083465,0.9789847542896858,NaN,0.870663896349638,NaN,0.870663896349638,1.1244117947168775
new_preds,OFT-0270-00,fast,5.097987613367841,1839,1.040103053390863,0.9236043292906874,0.8879930947992358,0.8701874775535104,0.8968959034220989,0.9236043292906874,NaN,0.8879930947992358,NaN,0.8879930947992358,1.040103053390863
new_preds,OFT-0270-00,medium,4.031585809448749,1840,1.101450143303292,0.8507184972125712,0.7723622375328159,0.7331841076929378,0.7919513024527546,0.8507184972125712,NaN,0.7723622375328159,NaN,0.7723622375328159,1.101450143303292
new_preds,OFT-0271-00,fast,4.946139755333739,1841,1.1385816610743553,0.8258367817414282,0.7253206423175446,0.6750625726056028,0.7504496771735155,0.8258367817414282,NaN,0.7253206423175446,NaN,0.7253206423175446,1.1385816610743553
new_preds,OFT-0271-00,slow,3.274547428448451,1842,1.0724707503116957,0.8287650597402572,0.7727623895564428,0.7447610544645359,0.7867630571023965,0.8287650597402572,NaN,0.7727623895564428,NaN,0.7727623895564428,1.0724707503116957
new_preds,OFT-0271-00,medium,3.9547125878429874,1843,1.0817432502511477,0.8901480305470599,0.8228829071412229,0.7892503454383044,0.8396991879926823,0.8901480305470599,NaN,0.8228829071412229,NaN,0.8228829071412229,1.0817432502511477
new_preds,OFT-0272-00,fast,5.362009779061181,1844,1.0617951036891315,0.9416570274218845,0.8868538046089723,0.8594521932025163,0.9005546103122004,0.9416570274218845,NaN,0.8868538046089723,NaN,0.8868538046089723,1.0617951036891315
new_preds,OFT-0272-00,slow,3.3727689510165515,1845,1.095520835449078,0.916213105379313,0.8363264994442002,0.7963831964766438,0.8562981509279783,0.916213105379313,NaN,0.8363264994442002,NaN,0.8363264994442002,1.095520835449078
new_preds,OFT-0272-00,medium,4.20452684376502,1846,1.1413589411252731,0.8989665123993955,0.7876282210687364,0.731959075403407,0.8154627939014012,0.8989665123993955,NaN,0.7876282210687364,NaN,0.7876282210687364,1.1413589411252731
new_preds,OFT-0273-00,fast,4.653473006560309,1847,1.0983615616690547,0.976330500371168,0.8888971850831614,0.8451805274391584,0.9107555139051633,0.976330500371168,NaN,0.8888971850831614,NaN,0.8888971850831614,1.0983615616690547
new_preds,OFT-0273-00,slow,3.202662240277903,1848,1.1372276812078737,0.8914022720343242,0.7838380007489326,0.7300558651062368,0.8107290685702804,0.8914022720343242,NaN,0.7838380007489326,NaN,0.7838380007489326,1.1372276812078737
new_preds,OFT-0273-00,medium,3.8485660508780715,1849,1.1224686189320068,0.96290526323988,0.8578460430867579,0.8053164330101965,0.8841108481250384,0.96290526323988,NaN,0.8578460430867579,NaN,0.8578460430867579,1.1224686189320068
new_preds,OFT-0274-00,fast,4.995295695309984,1850,1.0941185738662373,0.9090598448146643,0.8308604446795566,0.7917607446120026,0.8504102947133335,0.9090598448146643,NaN,0.8308604446795566,NaN,0.8308604446795566,1.0941185738662373
new_preds,OFT-0274-00,slow,3.1891387302844265,1851,1.2135962600967454,0.9068580340627781,0.747248540458163,0.6674437936558557,0.7871509138593169,0.9068580340627781,NaN,0.747248540458163,NaN,0.747248540458163,1.2135962600967454
new_preds,OFT-0274-00,medium,4.0011024289396415,1852,1.1285180333942664,0.955872514557821,0.8470157199728781,0.7925873226804068,0.8742299186191138,0.955872514557821,NaN,0.8470157199728781,NaN,0.8470157199728781,1.1285180333942664
new_preds,OFT-0275-00,medium,4.06399394628791,1853,1.0999590257268155,0.9667940240836437,0.8789363980579359,0.8350075850450822,0.9009008045643631,0.9667940240836437,NaN,0.8789363980579359,NaN,0.8789363980579359,1.0999590257268155
new_preds,OFT-0275-00,slow,3.3797152617298556,1854,1.1195959024671474,0.9512267036135074,0.849616099449256,0.7988107973671303,0.875018750490319,0.9512267036135074,NaN,0.849616099449256,NaN,0.849616099449256,1.1195959024671474
new_preds,OFT-0275-00,fast,5.23399518394841,1855,1.0680404413046927,0.8661206666280028,0.8109436994445365,0.7833552158528032,0.8247379412404031,0.8661206666280028,NaN,0.8109436994445365,NaN,0.8109436994445365,1.0680404413046927
new_preds,OFT-0276-00,fast,5.658692560704971,1856,1.092357996553728,0.8585278482481693,0.7859400040616101,0.7496460819683304,0.8040869651082498,0.8585278482481693,NaN,0.7859400040616101,NaN,0.7859400040616101,1.092357996553728
new_preds,OFT-0276-00,slow,3.2522088806263696,1857,1.0715071249226218,0.9025750333815128,0.8423416068714351,0.8122248936163962,0.8573999634989544,0.9025750333815128,NaN,0.8423416068714351,NaN,0.8423416068714351,1.0715071249226218
new_preds,OFT-0276-00,medium,4.135770768828579,1858,1.111290271053357,0.9973433828732633,0.8974643338935318,0.8475248094036658,0.9224340961384647,0.9973433828732633,NaN,0.8974643338935318,NaN,0.8974643338935318,1.111290271053357
new_preds,OFT-0277-00,fast,4.936826261773365,1859,1.080182829547701,0.962206154985335,0.8907808277125033,0.8550681640760877,0.9086371595307114,0.962206154985335,NaN,0.8907808277125033,NaN,0.8907808277125033,1.080182829547701
new_preds,OFT-0277-00,medium,3.857047389045504,1860,1.0743031144095887,0.8985278358404711,0.8363820450565114,0.8053091496645314,0.8519184927525013,0.8985278358404711,NaN,0.8363820450565114,NaN,0.8363820450565114,1.0743031144095887
new_preds,OFT-0277-00,slow,3.1805947702420037,1861,1.0669658284745172,0.9550006681697168,0.8950620935396955,0.8650928062246849,0.910046737197201,0.9550006681697168,NaN,0.8950620935396955,NaN,0.8950620935396955,1.0669658284745172
new_preds,OFT-0278-00,medium,4.085761246854563,1862,1.051642498334864,0.9596863370250316,0.9125594853237362,0.8889960594730884,0.9243411982490599,0.9596863370250316,NaN,0.9125594853237362,NaN,0.9125594853237362,1.051642498334864
new_preds,OFT-0278-00,slow,3.3561440906975646,1863,1.082959854344699,0.907530597386259,0.8380094550553837,0.8032488838899462,0.8553897406381026,0.907530597386259,NaN,0.8380094550553837,NaN,0.8380094550553837,1.082959854344699
new_preds,OFT-0278-00,fast,5.006101168514257,1864,1.0576739808491986,0.9279443507597811,0.877344406274173,0.8520444340313691,0.8899943923955751,0.9279443507597811,NaN,0.877344406274173,NaN,0.877344406274173,1.0576739808491986
new_preds,OFT-0279-00,slow,3.173877514387147,1865,1.0737647518483138,0.9042937731305547,0.8421712219310217,0.8111099463312552,0.857701859730905,0.9042937731305547,NaN,0.8421712219310217,NaN,0.8421712219310217,1.0737647518483138
new_preds,OFT-0279-00,medium,3.975762072078119,1866,1.1152894979347174,0.9991254755729206,0.8958440632885827,0.844203357146414,0.9216644163596672,0.9991254755729206,NaN,0.8958440632885827,NaN,0.8958440632885827,1.1152894979347174
new_preds,OFT-0279-00,fast,5.048059187117104,1867,1.087250372128195,0.8623606330121789,0.7931573583407339,0.7585557210050113,0.810458177008595,0.8623606330121789,NaN,0.7931573583407339,NaN,0.7931573583407339,1.087250372128195
new_preds,OFT-0280-00,fast,4.9788848069702505,1868,1.0743683010743608,0.8888672881166266,0.8273394581986137,0.7965755432396071,0.8427214156781169,0.8888672881166266,NaN,0.8273394581986137,NaN,0.8273394581986137,1.0743683010743608
new_preds,OFT-0280-00,slow,3.3587302037367115,1869,1.115287637071391,0.8612570590079484,0.7722286434282588,0.727714435638414,0.7944857473231812,0.8612570590079484,NaN,0.7722286434282588,NaN,0.7722286434282588,1.115287637071391
new_preds,OFT-0280-00,medium,4.119435704641079,1870,1.1117481707032872,0.8316092720207019,0.7480194651407696,0.7062245617008034,0.7689169168607526,0.8316092720207019,NaN,0.7480194651407696,NaN,0.7480194651407696,1.1117481707032872
new_preds,OFT-0281-00,medium,4.044889356529103,1871,1.0811322947562945,0.9802165701786719,0.9066573766530852,0.8698777798902919,0.925047175034482,0.9802165701786719,NaN,0.9066573766530852,NaN,0.9066573766530852,1.0811322947562945
new_preds,OFT-0281-00,fast,5.205552078920863,1872,1.0295617263600767,0.8830140472551743,0.8576601330907972,0.8449831760086087,0.8639986116318916,0.8830140472551743,NaN,0.8576601330907972,NaN,0.8576601330907972,1.0295617263600767
new_preds,OFT-0281-00,slow,3.2721079868975167,1873,1.0976642152604341,0.9738560826374187,0.8872076442852422,0.8438834251091538,0.9088697538732864,0.9738560826374187,NaN,0.8872076442852422,NaN,0.8872076442852422,1.0976642152604341
new_preds,OFT-0282-00,slow,3.543231146355291,1874,1.1829829992181822,0.9871753861844744,0.8344797742967444,0.7581319683528791,0.8726536772686768,0.9871753861844744,NaN,0.8344797742967444,NaN,0.8344797742967444,1.1829829992181822
new_preds,OFT-0282-00,medium,4.48727817542842,1875,1.1745812367085164,0.8748777449635227,0.7448422617537793,0.6798245201489078,0.7773511325562152,0.8748777449635227,NaN,0.7448422617537793,NaN,0.7448422617537793,1.1745812367085164
new_preds,OFT-0282-00,fast,5.588821810531246,1876,1.137259902435678,0.8319075371988488,0.7315016870085248,0.6812987619133628,0.7566031495561059,0.8319075371988488,NaN,0.7315016870085248,NaN,0.7315016870085248,1.137259902435678
new_preds,OFT-0283-00,medium,3.9360715448342822,1877,1.0598259043218874,0.9831938497220111,0.9276937331995975,0.8999436749383909,0.9415687623302008,0.9831938497220111,NaN,0.9276937331995975,NaN,0.9276937331995975,1.0598259043218874
new_preds,OFT-0283-00,fast,4.960056811928445,1878,1.107185376786374,0.844076855079164,0.7623627197182757,0.7215056520378318,0.7827912535584978,0.844076855079164,NaN,0.7623627197182757,NaN,0.7623627197182757,1.107185376786374
new_preds,OFT-0283-00,slow,3.2631462608213724,1879,1.0656790460247618,0.9117596857571943,0.8555668699298127,0.8274704620161215,0.8696150738866579,0.9117596857571943,NaN,0.8555668699298127,NaN,0.8555668699298127,1.0656790460247618
new_preds,OFT-0284-00,fast,5.211617496719563,1880,1.0977444189928915,0.9356987923157193,0.8523831013180295,0.8107252558191846,0.873212024067452,0.9356987923157193,NaN,0.8523831013180295,NaN,0.8523831013180295,1.0977444189928915
new_preds,OFT-0284-00,slow,3.477396003628412,1881,1.1102724559984096,0.9411679181123156,0.8476909546188578,0.8009524728721289,0.8710601954922221,0.9411679181123156,NaN,0.8476909546188578,NaN,0.8476909546188578,1.1102724559984096
new_preds,OFT-0284-00,medium,4.2255627779363785,1882,1.0707199423292464,0.982272991531264,0.9173948786219722,0.8849558221673265,0.9336144068492953,0.982272991531264,NaN,0.9173948786219722,NaN,0.9173948786219722,1.0707199423292464
new_preds,OFT-0285-00,fast,5.142549286008941,1883,1.1207049570040797,0.851679811600815,0.7599500709603041,0.7140852006400487,0.7828825061204316,0.851679811600815,NaN,0.7599500709603041,NaN,0.7599500709603041,1.1207049570040797
new_preds,OFT-0285-00,slow,3.2805067219242408,1884,1.2088531030015173,0.8917284917305448,0.7376648903960547,0.6606330897288096,0.7761807907296772,0.8917284917305448,NaN,0.7376648903960547,NaN,0.7376648903960547,1.2088531030015173
new_preds,OFT-0285-00,medium,4.130616730070887,1885,1.0739886904295948,0.9769260121828601,0.9096241151218178,0.8759731665912964,0.9264495893870783,0.9769260121828601,NaN,0.9096241151218178,NaN,0.9096241151218178,1.0739886904295948
new_preds,OFT-0286-00,fast,5.090464851814229,1886,1.1042210482110735,0.8658653735730253,0.7841413410619156,0.7432793248063606,0.804572349189693,0.8658653735730253,NaN,0.7841413410619156,NaN,0.7841413410619156,1.1042210482110735
new_preds,OFT-0286-00,slow,3.416883112577363,1887,1.1543558951013206,0.9018294319646591,0.7812403746467664,0.7209458459878202,0.8113876389762396,0.9018294319646591,NaN,0.7812403746467664,NaN,0.7812403746467664,1.1543558951013206
new_preds,OFT-0286-00,medium,4.2110901336834345,1888,1.0784299451548658,0.9237603029164512,0.8565788691854216,0.8229881523199065,0.8733742276181788,0.9237603029164512,NaN,0.8565788691854216,NaN,0.8565788691854216,1.0784299451548658
new_preds,OFT-0287-00,fast,5.0525942429848865,1889,1.1093818707854,0.9455048354510034,0.8522807703551366,0.8056687378072036,0.8755867866291035,0.9455048354510034,NaN,0.8522807703551366,NaN,0.8522807703551366,1.1093818707854
new_preds,OFT-0287-00,medium,4.096064739715122,1890,1.0968378668512937,0.9552702019780964,0.8709310927789197,0.828761538179331,0.8920158700787137,0.9552702019780964,NaN,0.8709310927789197,NaN,0.8709310927789197,1.0968378668512937
new_preds,OFT-0287-00,slow,3.1697863255061134,1891,1.1271697361534811,0.8873463999009528,0.7872340530797636,0.7371778796691691,0.812262139785061,0.8873463999009528,NaN,0.7872340530797636,NaN,0.7872340530797636,1.1271697361534811
new_preds,OFT-0288-00,fast,5.600031068377713,1892,1.148280958576127,0.9325817467676848,0.81215467329885,0.7519411365644328,0.8422614416660588,0.9325817467676848,NaN,0.81215467329885,NaN,0.81215467329885,1.148280958576127
new_preds,OFT-0288-00,medium,4.393380794591843,1893,1.1321217034729356,0.8930557511857282,0.7888336991033381,0.736722673062143,0.8148892121239356,0.8930557511857282,NaN,0.7888336991033381,NaN,0.7888336991033381,1.1321217034729356
new_preds,OFT-0288-00,slow,3.544337196771408,1894,1.1433659979909068,0.9612006578142862,0.840676265957955,0.7804140700297892,0.8708073639220377,0.9612006578142862,NaN,0.840676265957955,NaN,0.840676265957955,1.1433659979909068
new_preds,OFT-0289-00,fast,5.376361513991015,1895,1.0273772825433116,0.8989944909182749,0.8750383196061916,0.8630602339501499,0.8810273624342124,0.8989944909182749,NaN,0.8750383196061916,NaN,0.8750383196061916,1.0273772825433116
new_preds,OFT-0289-00,medium,4.24096776620581,1896,1.0688148426896305,0.9476153466124684,0.8866038426523266,0.8560980906722557,0.9018567186423619,0.9476153466124684,NaN,0.8866038426523266,NaN,0.8866038426523266,1.0688148426896305
new_preds,OFT-0289-00,slow,3.3493249894286117,1897,1.0769909288337143,0.9794820534185978,0.9094617486512074,0.8744515962675121,0.9269668248430549,0.9794820534185978,NaN,0.9094617486512074,NaN,0.9094617486512074,1.0769909288337143
new_preds,OFT-0290-00,fast,5.418829190501724,1898,1.1215167452194936,0.8623145382869191,0.7688824459933983,0.7221663998466379,0.7922404690667785,0.8623145382869191,NaN,0.7688824459933983,NaN,0.7688824459933983,1.1215167452194936
new_preds,OFT-0290-00,slow,3.4856874536598412,1899,1.1178197596351271,0.9210244294476804,0.8239471717232091,0.7754085428609734,0.8482164861543269,0.9210244294476804,NaN,0.8239471717232091,NaN,0.8239471717232091,1.1178197596351271
new_preds,OFT-0290-00,medium,4.358281030077017,1900,1.1887380322847283,0.9837056250717975,0.8275209494064365,0.7494286115737563,0.8665671183227768,0.9837056250717975,NaN,0.8275209494064365,NaN,0.8275209494064365,1.1887380322847283
new_preds,OFT-0291-00,fast,4.997998663369939,1901,1.0671711533542552,0.8957379114319904,0.83935731266402,0.8111670132800348,0.8534524623560127,0.8957379114319904,NaN,0.83935731266402,NaN,0.83935731266402,1.0671711533542552
new_preds,OFT-0291-00,medium,4.034029248611328,1902,1.0624576772193117,0.9609427473559067,0.9044527306451471,0.876207722289767,0.9185752348228369,0.9609427473559067,NaN,0.9044527306451471,NaN,0.9044527306451471,1.0624576772193117
new_preds,OFT-0291-00,slow,3.20795812985632,1903,1.0916689446378973,0.8960114482066304,0.8207721329874728,0.7831524753778939,0.8395819617922621,0.8960114482066304,NaN,0.8207721329874728,NaN,0.8207721329874728,1.0916689446378973
new_preds,OFT-0292-00,fast,4.769144217848455,1904,1.0801254517813286,0.9542976863261887,0.8835063415572456,0.8481106691727741,0.9012041777494814,0.9542976863261887,NaN,0.8835063415572456,NaN,0.8835063415572456,1.0801254517813286
new_preds,OFT-0292-00,medium,3.953842957011124,1905,1.0868514715496838,0.951455563863473,0.8754237251083103,0.837407805730729,0.894431684797101,0.951455563863473,NaN,0.8754237251083103,NaN,0.8754237251083103,1.0868514715496838
new_preds,OFT-0292-00,slow,3.248051372261299,1906,1.0988628820360282,0.876154061608227,0.7973279250135784,0.757914856716254,0.8170344591622405,0.876154061608227,NaN,0.7973279250135784,NaN,0.7973279250135784,1.0988628820360282
new_preds,OFT-0293-00,fast,5.001674571635279,1907,1.066596097766097,0.9335983039225061,0.8753063187441389,0.8461603261549551,0.8898793150387307,0.9335983039225061,NaN,0.8753063187441389,NaN,0.8753063187441389,1.066596097766097
new_preds,OFT-0293-00,medium,4.052079050205731,1908,1.056479663626083,0.8744746544276947,0.8277250235241587,0.8043502080723904,0.8394124312500426,0.8744746544276947,NaN,0.8277250235241587,NaN,0.8277250235241587,1.056479663626083
new_preds,OFT-0293-00,slow,3.1611559818839603,1909,1.09988403113712,0.9656362339525018,0.8779436800752297,0.834097403136594,0.8998668185445479,0.9656362339525018,NaN,0.8779436800752297,NaN,0.8779436800752297,1.09988403113712
new_preds,OFT-0294-00,fast,5.4700259257614965,1910,1.10230685925082,0.8771226465475194,0.795715493545648,0.7550119170447124,0.8160672817961159,0.8771226465475194,NaN,0.795715493545648,NaN,0.795715493545648,1.10230685925082
new_preds,OFT-0294-00,medium,4.352512986593967,1911,1.0809166174081664,0.9624740995976719,0.8904240013494314,0.854398952225311,0.9084365259114916,0.9624740995976719,NaN,0.8904240013494314,NaN,0.8904240013494314,1.0809166174081664
new_preds,OFT-0294-00,slow,3.4483335051417705,1912,1.16931651644306,0.932594535871391,0.7975552579281504,0.73003561895653,0.8313150774139606,0.932594535871391,NaN,0.7975552579281504,NaN,0.7975552579281504,1.16931651644306
new_preds,OFT-0295-00,fast,5.157116248028118,1913,1.091272252906562,0.9701038448251805,0.8889659223363794,0.8483969610919786,0.9092504029585795,0.9701038448251805,NaN,0.8889659223363794,NaN,0.8889659223363794,1.091272252906562
new_preds,OFT-0295-00,slow,3.1204079302142236,1914,1.0413306784621175,0.7544721478010047,0.7245269570999695,0.7095543617494517,0.7320132547752283,0.7544721478010047,NaN,0.7245269570999695,NaN,0.7245269570999695,1.0413306784621175
new_preds,OFT-0295-00,medium,3.97899120069572,1915,1.0576468861571686,0.9224701832639353,0.8721910831843117,0.8470515331444994,0.8847608582042175,0.9224701832639353,NaN,0.8721910831843117,NaN,0.8721910831843117,1.0576468861571686
new_preds,OFT-0296-00,medium,4.693710597104483,1916,1.148231416146387,0.8279712536256474,0.721083957452084,0.6676403093653022,0.7478057814954748,0.8279712536256474,NaN,0.721083957452084,NaN,0.721083957452084,1.148231416146387
new_preds,OFT-0296-00,fast,5.94122803362039,1917,1.1495423942233993,0.7067613957246355,0.6148197746131016,0.5688489640573344,0.637805179890985,0.7067613957246355,NaN,0.6148197746131016,NaN,0.6148197746131016,1.1495423942233993
new_preds,OFT-0296-00,slow,3.5958999537296505,1918,1.0989146209598597,0.954007781931985,0.8681363990759318,0.8252007076479051,0.889604244789945,0.954007781931985,NaN,0.8681363990759318,NaN,0.8681363990759318,1.0989146209598597
new_preds,OFT-0297-00,fast,4.728928557872951,1919,1.0626901854084534,0.9854429671540406,0.9273097471727169,0.8982431371820551,0.9418430521680478,0.9854429671540406,NaN,0.9273097471727169,NaN,0.9273097471727169,1.0626901854084534
new_preds,OFT-0297-00,medium,3.746581439795217,1920,1.1026420652913294,0.9823656915565004,0.8909198392471535,0.8451969130924802,0.9137813023244902,0.9823656915565004,NaN,0.8909198392471535,NaN,0.8909198392471535,1.1026420652913294
new_preds,OFT-0297-00,slow,3.1441692614212706,1921,1.0965559150213509,0.9839480187195994,0.897307656856186,0.853987475924479,0.9189677473220392,0.9839480187195994,NaN,0.897307656856186,NaN,0.897307656856186,1.0965559150213509
new_preds,OFT-0298-00,fast,5.095266269832238,1922,1.1283046121490417,0.9063564920888694,0.8032906028475453,0.7517576582268832,0.8290570751578765,0.9063564920888694,NaN,0.8032906028475453,NaN,0.8032906028475453,1.1283046121490417
new_preds,OFT-0298-00,medium,4.10517023092727,1923,1.0873824604020872,0.9075840392109747,0.8346502470486535,0.7981833509674929,0.8528836950892338,0.9075840392109747,NaN,0.8346502470486535,NaN,0.8346502470486535,1.0873824604020872
new_preds,OFT-0298-00,slow,3.26404705794717,1924,1.0892091992590407,0.947976668170341,0.8703347977736726,0.8315138625753387,0.8897452653728398,0.947976668170341,NaN,0.8703347977736726,NaN,0.8703347977736726,1.0892091992590407
new_preds,OFT-0299-00,fast,4.954889511628849,1925,1.107396191695171,0.9569297195307438,0.864125889818984,0.817723974963104,0.887326847246924,0.9569297195307438,NaN,0.864125889818984,NaN,0.864125889818984,1.107396191695171
new_preds,OFT-0299-00,slow,3.302069581399206,1926,1.06608920217963,0.8322384552286026,0.7806461725032791,0.7548500311406173,0.7935442431846099,0.8322384552286026,NaN,0.7806461725032791,NaN,0.7806461725032791,1.06608920217963
new_preds,OFT-0299-00,medium,3.9709333292444535,1927,1.0976789730740617,0.8657716465219463,0.7887293714822134,0.750208233962347,0.8079899402421467,0.8657716465219463,NaN,0.7887293714822134,NaN,0.7887293714822134,1.0976789730740617
new_preds,OFT-0300-00,slow,3.806174908488389,1928,1.0681910076967573,0.9898212233445838,0.9266331734797552,0.895039148547341,0.9424301859459625,0.9898212233445838,NaN,0.9266331734797552,NaN,0.9266331734797552,1.0681910076967573
new_preds,OFT-0300-00,fast,5.8769365891466885,1929,1.0424505575532337,0.8342757411644348,0.8003024557083914,0.7833158129803697,0.8087957770724024,0.8342757411644348,NaN,0.8003024557083914,NaN,0.8003024557083914,1.0424505575532337
new_preds,OFT-0300-00,medium,4.854082530407048,1930,1.1599404196750096,0.8870828970457117,0.7647659155581916,0.7036074248144317,0.7953451609300717,0.8870828970457117,NaN,0.7647659155581916,NaN,0.7647659155581916,1.1599404196750096
new_preds,OFT-0301-00,slow,3.3174127434723135,1931,1.0990803050312328,0.8724129486286045,0.7937663377598355,0.7544430323254512,0.8134279904770277,0.8724129486286045,NaN,0.7937663377598355,NaN,0.7937663377598355,1.0990803050312328
new_preds,OFT-0301-00,medium,4.082257933415305,1932,1.0765148294490607,0.9701185258832495,0.9011659657115335,0.8666896856256758,0.9184041057544625,0.9701185258832495,NaN,0.9011659657115335,NaN,0.9011659657115335,1.0765148294490607
new_preds,OFT-0301-00,fast,5.163986948275717,1933,1.0901268442628709,0.8626432750523452,0.7913237616267058,0.7556640049138861,0.8091536399831157,0.8626432750523452,NaN,0.7913237616267058,NaN,0.7913237616267058,1.0901268442628709
new_preds,OFT-0302-00,slow,3.5421605112817605,1934,1.0872415380427611,0.8876662143227322,0.8164388346684196,0.7808251448412633,0.8342456795819978,0.8876662143227322,NaN,0.8164388346684196,NaN,0.8164388346684196,1.0872415380427611
new_preds,OFT-0302-00,medium,4.5307910377309035,1935,1.1778568002196546,0.9525975417401579,0.8087549705214684,0.7368336849121238,0.8447156133261409,0.9525975417401579,NaN,0.8087549705214684,NaN,0.8087549705214684,1.1778568002196546
new_preds,OFT-0302-00,fast,5.637900773388553,1936,1.1382053816988582,0.8207826622911196,0.7211199977512309,0.6712886654812869,0.7460356638862031,0.8207826622911196,NaN,0.7211199977512309,NaN,0.7211199977512309,1.1382053816988582
new_preds,OFT-0303-00,fast,6.170414037111545,1937,1.07739198003987,0.9622356597856899,0.893115669702759,0.8585556746612935,0.9103956672234916,0.9622356597856899,NaN,0.893115669702759,NaN,0.893115669702759,1.07739198003987
new_preds,OFT-0303-00,medium,4.83066434569714,1938,1.0883809248090288,0.9286730604099425,0.8532610589191378,0.8155550581737354,0.872114059291839,0.9286730604099425,NaN,0.8532610589191378,NaN,0.8532610589191378,1.0883809248090288
new_preds,OFT-0303-00,slow,3.705271389737352,1939,1.2231393489491977,0.8623558887431545,0.7050348674368188,0.626374356783651,0.7443651227634027,0.8623558887431545,NaN,0.7050348674368188,NaN,0.7050348674368188,1.2231393489491977
new_preds,OFT-0304-00,slow,3.7017623865361227,1940,1.1398397662444282,0.8847061947451,0.7761671604598,0.7218976433171498,0.803301919031125,0.8847061947451,NaN,0.7761671604598,NaN,0.7761671604598,1.1398397662444282
new_preds,OFT-0304-00,medium,4.762252526009166,1941,1.1233809448676153,0.9634432175884934,0.8576282355421564,0.8047207445189881,0.8840819810537407,0.9634432175884934,NaN,0.8576282355421564,NaN,0.8576282355421564,1.1233809448676153
new_preds,OFT-0304-00,fast,5.833613645240755,1942,1.0360259346876455,0.9419715637686524,0.9092162003190106,0.8928385185941898,0.9174050411814211,0.9419715637686524,NaN,0.9092162003190106,NaN,0.9092162003190106,1.0360259346876455
new_preds,OFT-0305-00,slow,3.2201105001713315,1943,1.0632090903431548,0.8594577354219027,0.8083619141598097,0.7828140035287632,0.821135869475333,0.8594577354219027,NaN,0.8083619141598097,NaN,0.8083619141598097,1.0632090903431548
new_preds,OFT-0305-00,medium,3.9350587622479987,1944,1.1232593334538952,0.8755765584813987,0.7794963570782003,0.7314562563766012,0.8035164074289999,0.8755765584813987,NaN,0.7794963570782003,NaN,0.7794963570782003,1.1232593334538952
new_preds,OFT-0305-00,fast,4.801425268703856,1945,1.1000392064211004,0.9936825393177814,0.903315566861164,0.8581320806328552,0.9259073099753183,0.9936825393177814,NaN,0.903315566861164,NaN,0.903315566861164,1.1000392064211004
new_preds,OFT-0306-00,medium,3.930897631379017,1946,1.2063491446699248,0.9475533037232575,0.7854718577203635,0.7044311347189166,0.8259922192210871,0.9475533037232575,NaN,0.7854718577203635,NaN,0.7854718577203635,1.2063491446699248
new_preds,OFT-0306-00,fast,4.852382354982435,1947,1.1776237055243781,0.9275699424104595,0.7876624239637114,0.7177086647403375,0.8226393035753985,0.9275699424104595,NaN,0.7876624239637114,NaN,0.7876624239637114,1.1776237055243781
new_preds,OFT-0306-00,slow,3.2380064278618925,1948,1.1089966718149806,0.7593599011846389,0.6847269432665409,0.647410464307492,0.7033851827460655,0.7593599011846389,NaN,0.6847269432665409,NaN,0.6847269432665409,1.1089966718149806
new_preds,OFT-0307-00,slow,3.356234298748071,1949,1.099480004559418,0.9229939496738777,0.8394822514700834,0.797726402368186,0.860360176021032,0.9229939496738777,NaN,0.8394822514700834,NaN,0.8394822514700834,1.099480004559418
new_preds,OFT-0307-00,medium,4.176029447235181,1950,1.1542817799454903,0.923180138359315,0.7997874993772415,0.7380911798862047,0.8306356591227597,0.923180138359315,NaN,0.7997874993772415,NaN,0.7997874993772415,1.1542817799454903
new_preds,OFT-0307-00,fast,5.053777922429699,1951,1.1372406260987153,0.8591913105070406,0.7555052913071544,0.7036622817072113,0.781426796107126,0.8591913105070406,NaN,0.7555052913071544,NaN,0.7555052913071544,1.1372406260987153
new_preds,OFT-0308-00,slow,3.3745515075224795,1952,1.1682426913328245,0.983160868817973,0.8415724541758567,0.7707782468547983,0.8769695578363856,0.983160868817973,NaN,0.8415724541758567,NaN,0.8415724541758567,1.1682426913328245
new_preds,OFT-0308-00,fast,5.011642265814559,1953,1.0938599748067872,0.945844230050466,0.864684924793536,0.8241052721650708,0.8849747511077684,0.945844230050466,NaN,0.864684924793536,NaN,0.864684924793536,1.0938599748067872
new_preds,OFT-0308-00,medium,4.1396248891536125,1954,1.1547066555120062,0.9400774399203666,0.8141266315846502,0.751151227416792,0.8456143336685793,0.9400774399203666,NaN,0.8141266315846502,NaN,0.8141266315846502,1.1547066555120062
new_preds,OFT-0309-00,slow,3.7482739484894756,1955,1.1476432998971131,0.9405329911586273,0.8195342500957804,0.7590348795643563,0.849783935361492,0.9405329911586273,NaN,0.8195342500957804,NaN,0.8195342500957804,1.1476432998971131
new_preds,OFT-0309-00,medium,4.593674061129185,1956,1.1403388142992708,0.9540290116330596,0.8366189063022493,0.7779138536368442,0.8659714326349519,0.9540290116330596,NaN,0.8366189063022493,NaN,0.8366189063022493,1.1403388142992708
new_preds,OFT-0309-00,fast,5.62316429877644,1957,1.0508327684704712,0.9801952442780267,0.9327794808918451,0.9090715991987544,0.9446334217383904,0.9801952442780267,NaN,0.9327794808918451,NaN,0.9327794808918451,1.0508327684704712
new_preds,OFT-0310-00,slow,3.4499198137975675,1958,1.1164736831101176,0.959020364580082,0.8589726556819288,0.8089488012328525,0.8839845829064672,0.959020364580082,NaN,0.8589726556819288,NaN,0.8589726556819288,1.1164736831101176
new_preds,OFT-0310-00,medium,4.347453319544366,1959,1.0684958173148122,0.9052864402187538,0.8472531436704989,0.8182364953963712,0.8617614678075626,0.9052864402187538,NaN,0.8472531436704989,NaN,0.8472531436704989,1.0684958173148122
new_preds,OFT-0310-00,fast,5.435690659268154,1960,1.0408010226260436,0.9920833721915283,0.9531921574100726,0.9337465500193446,0.9629149611054365,0.9920833721915283,NaN,0.9531921574100726,NaN,0.9531921574100726,1.0408010226260436
new_preds,OFT-0311-00,slow,3.7080030596918507,1961,1.0930070911852687,0.9207958523749529,0.8424427067316022,0.8032661339099267,0.8620309931424397,0.9207958523749529,NaN,0.8424427067316022,NaN,0.8424427067316022,1.0930070911852687
new_preds,OFT-0311-00,fast,5.6112388732741785,1962,1.028252597612525,0.952986264455164,0.9268017087123145,0.9137094308408901,0.933347847648027,0.952986264455164,NaN,0.9268017087123145,NaN,0.9268017087123145,1.028252597612525
new_preds,OFT-0311-00,medium,4.6791565134032735,1963,1.1222379570680603,0.9102524063385535,0.811104633028688,0.7615307463737553,0.8358915763561543,0.9102524063385535,NaN,0.811104633028688,NaN,0.811104633028688,1.1222379570680603
new_preds,OFT-0312-00,fast,5.127833502850073,1964,1.1163819136876383,0.8520229670944374,0.763200260276549,0.7187889068676048,0.7854059369810211,0.8520229670944374,NaN,0.763200260276549,NaN,0.763200260276549,1.1163819136876383
new_preds,OFT-0312-00,slow,3.277501610652138,1965,1.124248912866365,0.9866250455360505,0.8775859458209915,0.8230663959634623,0.9048457207497564,0.9866250455360505,NaN,0.8775859458209915,NaN,0.8775859458209915,1.124248912866365
new_preds,OFT-0312-00,medium,4.019232761982762,1966,1.1264792226041154,0.9215412079154752,0.818072086394209,0.7663375256335757,0.8439393667745254,0.9215412079154752,NaN,0.818072086394209,NaN,0.818072086394209,1.1264792226041154
new_preds,OFT-0313-00,fast,5.170290076171361,1967,1.0595961154415812,0.8886504293525306,0.8386690139782083,0.8136783062910473,0.8511643678217888,0.8886504293525306,NaN,0.8386690139782083,NaN,0.8386690139782083,1.0595961154415812
new_preds,OFT-0313-00,medium,4.04277660548784,1968,1.106682657655281,0.942112956385676,0.8512945873586947,0.8058854028452038,0.87399917961544,0.942112956385676,NaN,0.8512945873586947,NaN,0.8512945873586947,1.106682657655281
new_preds,OFT-0313-00,slow,3.217996954495459,1969,1.10316264546394,0.8338337603792195,0.7558575009839523,0.7168693712863188,0.7753515658327692,0.8338337603792195,NaN,0.7558575009839523,NaN,0.7558575009839523,1.10316264546394
new_preds,OFT-0314-00,fast,4.883947468082748,1970,1.0751906346096662,0.9006098286810037,0.8376280444518178,0.8061371523372247,0.8533734905091144,0.9006098286810037,NaN,0.8376280444518178,NaN,0.8376280444518178,1.0751906346096662
new_preds,OFT-0314-00,slow,3.0008233994529934,1971,1.0283669866618348,0.9697276927977997,0.9429782415960443,0.9296035159951666,0.9496656043964831,0.9697276927977997,NaN,0.9429782415960443,NaN,0.9429782415960443,1.0283669866618348
new_preds,OFT-0314-00,medium,3.819493477279222,1972,1.0486418791905951,0.8890892416326177,0.8478483067249519,0.8272278392711185,0.8581585404518681,0.8890892416326177,NaN,0.8478483067249519,NaN,0.8478483067249519,1.0486418791905951
new_preds,OFT-0315-00,fast,5.368006006193454,1973,1.0822783044888546,0.7411990397345414,0.6848506864272768,0.6566765097736444,0.6989377747540929,0.7411990397345414,NaN,0.6848506864272768,NaN,0.6848506864272768,1.0822783044888546
new_preds,OFT-0315-00,medium,3.9966092688709085,1974,1.0590229002467026,0.8404406051488245,0.7936000297567136,0.7701797420606582,0.8053101736047413,0.8404406051488245,NaN,0.7936000297567136,NaN,0.7936000297567136,1.0590229002467026
new_preds,OFT-0315-00,slow,3.2498139023735537,1975,1.0900178781278473,0.8459315576426175,0.776071268753446,0.74114112430886,0.7935363409757388,0.8459315576426175,NaN,0.776071268753446,NaN,0.776071268753446,1.0900178781278473
new_preds,OFT-0316-00,fast,5.560052539543163,1976,1.0962199003919189,0.9204497981880366,0.8396579900245916,0.7992620859428693,0.8598559420654529,0.9204497981880366,NaN,0.8396579900245916,NaN,0.8396579900245916,1.0962199003919189
new_preds,OFT-0316-00,slow,3.4007799866628208,1977,1.0881026922271717,0.9623102125985369,0.8843928238325026,0.8454341294494856,0.9038721710240112,0.9623102125985369,NaN,0.8843928238325026,NaN,0.8843928238325026,1.0881026922271717
new_preds,OFT-0316-00,medium,4.246373256148001,1978,1.0946394952523328,0.9764677148124392,0.8920450239988343,0.8498336785920317,0.9131506967022356,0.9764677148124392,NaN,0.8920450239988343,NaN,0.8920450239988343,1.0946394952523328
new_preds,OFT-0317-00,fast,4.964695049045424,1979,1.1545104934557977,0.8543815439575735,0.7400379197941737,0.6828661077124738,0.7686238258350238,0.8543815439575735,NaN,0.7400379197941737,NaN,0.7400379197941737,1.1545104934557977
new_preds,OFT-0317-00,medium,3.984155182172294,1980,1.0472997990125568,0.8895121436922373,0.8493385986810185,0.8292518261754089,0.8593819849338231,0.8895121436922373,NaN,0.8493385986810185,NaN,0.8493385986810185,1.0472997990125568
new_preds,OFT-0317-00,slow,3.240223777547558,1981,1.0709131467755846,0.8425533898788127,0.7867616458119494,0.7588657737785178,0.800709581828665,0.8425533898788127,NaN,0.7867616458119494,NaN,0.7867616458119494,1.0709131467755846
new_preds,OFT-0318-00,medium,3.9734454758100326,1982,1.1365821561472673,0.9106128077736612,0.801185205001294,0.7464714036151104,0.8285421056943858,0.9106128077736612,NaN,0.801185205001294,NaN,0.801185205001294,1.1365821561472673
new_preds,OFT-0318-00,fast,5.0939486209976215,1983,1.1054697644313098,0.8593058786213568,0.777321918943131,0.7363299391040179,0.7978179088626876,0.8593058786213568,NaN,0.777321918943131,NaN,0.777321918943131,1.1054697644313098
new_preds,OFT-0318-00,slow,3.233156253987569,1984,1.0690483277110505,0.8728292796487948,0.8164544642407493,0.7882670565367267,0.8305481680927607,0.8728292796487948,NaN,0.8164544642407493,NaN,0.8164544642407493,1.0690483277110505
new_preds,OFT-0319-00,fast,5.24277704100374,1985,1.0859466523101848,0.8257664402825399,0.7604116081815331,0.7277341921310297,0.7767503162067848,0.8257664402825399,NaN,0.7604116081815331,NaN,0.7604116081815331,1.0859466523101848
new_preds,OFT-0319-00,slow,3.292946066664033,1986,1.056739316378908,0.8626081712568456,0.8162923039645342,0.7931343703183782,0.8278712707876119,0.8626081712568456,NaN,0.8162923039645342,NaN,0.8162923039645342,1.056739316378908
new_preds,OFT-0319-00,medium,4.130994545034002,1987,1.0597204388680743,0.9825231707907249,0.9271531762095608,0.8994681789189787,0.9409956748548518,0.9825231707907249,NaN,0.9271531762095608,NaN,0.9271531762095608,1.0597204388680743
new_preds,OFT-0320-00,medium,4.363911594903567,1988,1.0430662249139913,0.8803373262515182,0.8439898687392632,0.8258161399831356,0.8530767331173268,0.8803373262515182,NaN,0.8439898687392632,NaN,0.8439898687392632,1.0430662249139913
new_preds,OFT-0320-00,fast,5.251638207153965,1989,1.0918687034933479,0.8430892008923854,0.7721525474583052,0.7366842207412652,0.7898867108168253,0.8430892008923854,NaN,0.7721525474583052,NaN,0.7721525474583052,1.0918687034933479
new_preds,OFT-0320-00,slow,3.474309500294463,1990,1.1119530523973478,0.8139897697771337,0.7320360945295205,0.6910592569057138,0.7525245133414236,0.8139897697771337,NaN,0.7320360945295205,NaN,0.7320360945295205,1.1119530523973478
new_preds,OFT-0321-00,fast,5.252954954523975,1991,1.1501648380863565,0.8120631335780227,0.7060406532068332,0.6530294130212382,0.7325462732996305,0.8120631335780227,NaN,0.7060406532068332,NaN,0.7060406532068332,1.1501648380863565
new_preds,OFT-0321-00,medium,4.166559221517076,1992,1.0976798266498986,0.9882654390261386,0.9003221294886224,0.8563504747198645,0.9223079568730015,0.9882654390261386,NaN,0.9003221294886224,NaN,0.9003221294886224,1.0976798266498986
new_preds,OFT-0321-00,slow,3.335144661149886,1993,1.1643729779449064,0.8834908071092225,0.7587695900230912,0.6964089814800253,0.7899498942946239,0.8834908071092225,NaN,0.7587695900230912,NaN,0.7587695900230912,1.1643729779449064
new_preds,OFT-0322-00,medium,4.274613371358201,1994,1.0848449977944297,0.9725349640903334,0.8964736585111873,0.8584430057216144,0.9154889849059737,0.9725349640903334,NaN,0.8964736585111873,NaN,0.8964736585111873,1.0848449977944297
new_preds,OFT-0322-00,fast,5.568089472664812,1995,1.1583047894115786,0.9175398389399829,0.792140244370478,0.7294404470857256,0.8234901430128543,0.9175398389399829,NaN,0.792140244370478,NaN,0.792140244370478,1.1583047894115786
new_preds,OFT-0322-00,slow,3.1769642635404267,1996,1.0142985197109162,0.9157045057929986,0.902795861374206,0.8963415391648097,0.9060230224789041,0.9157045057929986,NaN,0.902795861374206,NaN,0.902795861374206,1.0142985197109162
new_preds,OFT-0323-00,slow,3.425222589767069,1997,1.0184017575426294,0.9282563367236488,0.911483439466465,0.9030969908378734,0.9156766637807612,0.9282563367236488,NaN,0.911483439466465,NaN,0.911483439466465,1.0184017575426294
new_preds,OFT-0323-00,medium,4.241529471940158,1998,1.108453240506488,0.9484642344448166,0.855664632286548,0.8092648312074133,0.8788645328261149,0.9484642344448166,NaN,0.855664632286548,NaN,0.855664632286548,1.108453240506488
new_preds,OFT-0323-00,fast,5.17133993213055,1999,1.1249082611844121,0.9246424373773936,0.821971416943672,0.7706359067268114,0.8476391720521024,0.9246424373773936,NaN,0.821971416943672,NaN,0.821971416943672,1.1249082611844121
new_preds,OFT-0324-00,fast,5.2340014311421985,2000,1.0443499746455682,0.882024641569831,0.8445680691179915,0.8258397828920718,0.8539322122309514,0.882024641569831,NaN,0.8445680691179915,NaN,0.8445680691179915,1.0443499746455682
new_preds,OFT-0324-00,slow,3.4245839488997882,2001,1.1118333096303488,0.8353305773275861,0.7513091846522465,0.7092984883145769,0.7723145328210814,0.8353305773275861,NaN,0.7513091846522465,NaN,0.7513091846522465,1.1118333096303488
new_preds,OFT-0324-00,medium,4.324860481316273,2002,1.0745270637215445,0.9346772278292992,0.8698498710605893,0.8374361926762343,0.8860567102527667,0.9346772278292992,NaN,0.8698498710605893,NaN,0.8698498710605893,1.0745270637215445
new_preds,OFT-0325-00,fast,5.03090251690436,2003,1.084032357542829,0.9289326956307622,0.8569234019327333,0.8209187550837189,0.8749257253572406,0.9289326956307622,NaN,0.8569234019327333,NaN,0.8569234019327333,1.084032357542829
new_preds,OFT-0325-00,medium,4.026624794356366,2004,1.1418737313089062,0.8253672593520205,0.7228183263362395,0.6715438598283492,0.7484555595901848,0.8253672593520205,NaN,0.7228183263362395,NaN,0.7228183263362395,1.1418737313089062
new_preds,OFT-0325-00,slow,3.133098348572885,2005,1.0365981160857862,0.9330113718245651,0.90007048763279,0.8836000455369024,0.9083057086807338,0.9330113718245651,NaN,0.90007048763279,NaN,0.90007048763279,1.0365981160857862
new_preds,OFT-0326-00,fast,4.676828232446272,2006,1.0737081420086994,0.9686434888796684,0.9021478472422912,0.8689000264236025,0.9187717576516354,0.9686434888796684,NaN,0.9021478472422912,NaN,0.9021478472422912,1.0737081420086994
new_preds,OFT-0326-00,slow,2.96178273181035,2007,1.0128364151604003,0.9754481188209129,0.9630855528298059,0.9569042698342526,0.9661761943275826,0.9754481188209129,NaN,0.9630855528298059,NaN,0.9630855528298059,1.0128364151604003
new_preds,OFT-0326-00,medium,3.742412699731687,2008,1.0223582747749809,0.8148920095924265,0.7970708798457006,0.7881603149723378,0.8015261622823822,0.8148920095924265,NaN,0.7970708798457006,NaN,0.7970708798457006,1.0223582747749809
new_preds,OFT-0327-00,medium,4.407154596754611,2009,1.0674730438748572,0.9726056166871611,0.9111289716100619,0.8803906490715121,0.9264981328793366,0.9726056166871611,NaN,0.9111289716100619,NaN,0.9111289716100619,1.0674730438748572
new_preds,OFT-0327-00,slow,3.3796716864765655,2010,1.1198928790420766,0.8329308911848246,0.7437594316139319,0.6991737018284854,0.766052296506655,0.8329308911848246,NaN,0.7437594316139319,NaN,0.7437594316139319,1.1198928790420766
new_preds,OFT-0327-00,fast,5.6368130689404286,2011,1.0387758660192263,0.9825117979541782,0.9458361809264378,0.9274983724125677,0.9550050851833729,0.9825117979541782,NaN,0.9458361809264378,NaN,0.9458361809264378,1.0387758660192263
new_preds,OFT-0328-00,fast,6.259273297543829,2012,1.0664869640478514,0.8285202264367413,0.77686859227242,0.7510427751902593,0.7897815008135003,0.8285202264367413,NaN,0.77686859227242,NaN,0.77686859227242,1.0664869640478514
new_preds,OFT-0328-00,medium,5.134463994057187,2013,1.048021231738987,0.8787879401083606,0.8385211229453655,0.8183877143638678,0.8485878272361144,0.8787879401083606,NaN,0.8385211229453655,NaN,0.8385211229453655,1.048021231738987
new_preds,OFT-0328-00,slow,3.938593264757507,2014,1.058017035120364,0.978287170845362,0.9246421733975847,0.8978196746736959,0.938053422759529,0.978287170845362,NaN,0.9246421733975847,NaN,0.9246421733975847,1.058017035120364
new_preds,OFT-0329-00,fast,5.201064383091208,2015,1.0772876927839232,0.8512194859208168,0.7901505713121981,0.7596161140078889,0.8054177999643527,0.8512194859208168,NaN,0.7901505713121981,NaN,0.7901505713121981,1.0772876927839232
new_preds,OFT-0329-00,medium,4.112203369946747,2016,1.099728128929688,0.9697290398091305,0.881789793585548,0.8378201704737567,0.9037746051414436,0.9697290398091305,NaN,0.881789793585548,NaN,0.881789793585548,1.099728128929688
new_preds,OFT-0329-00,slow,3.264839179406137,2017,1.0578232479047447,0.8667712357296298,0.8193913656619515,0.7957014306281125,0.8312363331788711,0.8667712357296298,NaN,0.8193913656619515,NaN,0.8193913656619515,1.0578232479047447
new_preds,OFT-0330-00,fast,5.2715198471987295,2018,1.0530992984255918,0.8911162537415418,0.8461844529511904,0.8237185525560148,0.8574174031487782,0.8911162537415418,NaN,0.8461844529511904,NaN,0.8461844529511904,1.0530992984255918
new_preds,OFT-0330-00,medium,4.182682821994549,2019,1.0748365103758586,0.9045453128388181,0.8415654884318253,0.8100755762283289,0.8573104445335736,0.9045453128388181,NaN,0.8415654884318253,NaN,0.8415654884318253,1.0748365103758586
new_preds,OFT-0330-00,slow,3.361344996150717,2020,1.0087957585276544,0.8431124705055445,0.8357613157851437,0.8320857384249432,0.8375991044652439,0.8431124705055445,NaN,0.8357613157851437,NaN,0.8357613157851437,1.0087957585276544
new_preds,OFT-0331-00,fast,5.830421880148689,2021,1.0858557066560883,0.812546462128251,0.7483005864844622,0.7161776486625677,0.7643620553954094,0.812546462128251,NaN,0.7483005864844622,NaN,0.7483005864844622,1.0858557066560883
new_preds,OFT-0331-00,slow,3.4961510375763893,2022,1.092605950252447,0.8962392844824192,0.8202767743259524,0.7822955192477187,0.8392674018650691,0.8962392844824192,NaN,0.8202767743259524,NaN,0.8202767743259524,1.092605950252447
new_preds,OFT-0331-00,medium,4.628226565921201,2023,1.0515664562630744,0.9639582598666937,0.9166879127090913,0.89305273913029,0.9285054994984918,0.9639582598666937,NaN,0.9166879127090913,NaN,0.9166879127090913,1.0515664562630744
new_preds,OFT-0332-00,medium,4.248774244705252,2024,1.0676494437096042,0.9821202560064782,0.9198901959748601,0.8887751659590515,0.9354477109827648,0.9821202560064782,NaN,0.9198901959748601,NaN,0.9198901959748601,1.0676494437096042
new_preds,OFT-0332-00,fast,5.445028419023559,2025,1.0570125442548388,0.8492655430786832,0.8034583389711701,0.7805547369174136,0.8149101399980483,0.8492655430786832,NaN,0.8034583389711701,NaN,0.8034583389711701,1.0570125442548388
new_preds,OFT-0332-00,slow,3.1859147813777096,2026,1.1138929580882986,0.8661593159369754,0.7775965452044044,0.7333151598381189,0.7997372378875471,0.8661593159369754,NaN,0.7775965452044044,NaN,0.7775965452044044,1.1138929580882986
new_preds,OFT-0333-00,fast,4.408085384285612,2027,1.0734014657987057,0.8937945753466833,0.8326750091417298,0.8021152260392532,0.8479549006929683,0.8937945753466833,NaN,0.8326750091417298,NaN,0.8326750091417298,1.0734014657987057
new_preds,OFT-0333-00,slow,3.122215660734302,2028,1.0769424952770315,0.9071410235917343,0.8423300478623813,0.8099245599977052,0.8585327917947196,0.9071410235917343,NaN,0.8423300478623813,NaN,0.8423300478623813,1.0769424952770315
new_preds,OFT-0333-00,medium,3.6726133106950485,2029,1.1639388315517942,0.9186433564412495,0.7892539809987177,0.7245592932774516,0.8216013248593506,0.9186433564412495,NaN,0.7892539809987177,NaN,0.7892539809987177,1.1639388315517942
new_preds,OFT-0334-00,fast,5.102064031536896,2030,1.0694095843052507,0.9429872247807576,0.8817830311417825,0.8511809343222951,0.8970840795515262,0.9429872247807576,NaN,0.8817830311417825,NaN,0.8817830311417825,1.0694095843052507
new_preds,OFT-0334-00,slow,3.093239353398856,2031,1.125185411947083,0.9266389923921577,0.8235433756545514,0.7719955672857484,0.849317279838953,0.9266389923921577,NaN,0.8235433756545514,NaN,0.8235433756545514,1.125185411947083
new_preds,OFT-0334-00,medium,3.873422307090119,2032,1.1114827359055603,0.759323127587129,0.6831623227764166,0.6450819203710605,0.7022025239790948,0.759323127587129,NaN,0.6831623227764166,NaN,0.6831623227764166,1.1114827359055603
new_preds,OFT-0335-00,fast,5.203158203895366,2033,1.1173748568903188,0.8748608038063519,0.7829608822961264,0.7370109215410137,0.8059358626736828,0.8748608038063519,NaN,0.7829608822961264,NaN,0.7829608822961264,1.1173748568903188
new_preds,OFT-0335-00,slow,3.3874232068379238,2034,1.118096893689927,0.9133469314673753,0.8168763696795197,0.7686410887855918,0.8409940101264836,0.9133469314673753,NaN,0.8168763696795197,NaN,0.8168763696795197,1.118096893689927
new_preds,OFT-0335-00,medium,4.1571285900102355,2035,1.0805385483376917,0.9771446147976501,0.904312591439608,0.8678965797605869,0.9225205972791186,0.9771446147976501,NaN,0.904312591439608,NaN,0.904312591439608,1.0805385483376917
new_preds,OFT-0336-00,medium,5.1507386488987414,2036,1.086746731298471,0.8283898753772712,0.7622658081404957,0.729203774522108,0.7787968249496897,0.8283898753772712,NaN,0.7622658081404957,NaN,0.7622658081404957,1.086746731298471
new_preds,OFT-0336-00,fast,6.12531045891177,2037,1.0291357829119732,0.9508733682769188,0.9239532664838372,0.9104932155872965,0.9306832919321076,0.9508733682769188,NaN,0.9239532664838372,NaN,0.9239532664838372,1.0291357829119732
new_preds,OFT-0336-00,slow,3.727448099779792,2038,1.1046361611977986,0.9725896088340101,0.8804614976386383,0.8343974420409526,0.9034935254374814,0.9725896088340101,NaN,0.8804614976386383,NaN,0.8804614976386383,1.1046361611977986
new_preds,OFT-0337-00,medium,4.541057154783232,2039,1.0658813365222406,0.9629981656699146,0.9034759617913816,0.8737148598521153,0.918356512761015,0.9629981656699146,NaN,0.9034759617913816,NaN,0.9034759617913816,1.0658813365222406
new_preds,OFT-0337-00,fast,6.316985901554129,2040,1.0685388632925326,0.8346437788724578,0.7811075549471694,0.7543394429845252,0.7944916109284914,0.8346437788724578,NaN,0.7811075549471694,NaN,0.7811075549471694,1.0685388632925326
new_preds,OFT-0337-00,slow,3.375460960525514,2041,1.031391001060171,0.8967237377282077,0.8694314152503383,0.8557852540114038,0.8762544958698057,0.8967237377282077,NaN,0.8694314152503383,NaN,0.8694314152503383,1.031391001060171
new_preds,OFT-0338-00,fast,4.537141349878989,2042,1.083666531373602,0.936334816894919,0.8640433101759334,0.8278975568164404,0.8821161868556795,0.936334816894919,NaN,0.8640433101759334,NaN,0.8640433101759334,1.083666531373602
new_preds,OFT-0338-00,medium,3.6775989037344927,2043,1.0581832711687444,0.9149448661700429,0.8646374320012663,0.8394837149168779,0.8772142905434605,0.9149448661700429,NaN,0.8646374320012663,NaN,0.8646374320012663,1.0581832711687444
new_preds,OFT-0338-00,slow,3.0910803626600534,2044,1.0912261246723145,0.8975562442643263,0.822520854267354,0.7850031592688675,0.8412797017665969,0.8975562442643263,NaN,0.822520854267354,NaN,0.822520854267354,1.0912261246723145
new_preds,OFT-0339-00,fast,5.0603228745657445,2045,1.1798968049834944,0.8357391888229271,0.7083154944509052,0.6446036472648939,0.7401714180439106,0.8357391888229271,NaN,0.7083154944509052,NaN,0.7083154944509052,1.1798968049834944
new_preds,OFT-0339-00,slow,3.1439498021155723,2046,1.1391912089788372,0.9640229278480332,0.8462345216938396,0.7873403186167427,0.875681623232388,0.9640229278480332,NaN,0.8462345216938396,NaN,0.8462345216938396,1.1391912089788372
new_preds,OFT-0339-00,medium,4.078186545563286,2047,1.0689629512912937,0.9137246489527184,0.8547767234111815,0.8253027606404129,0.8695137047965655,0.9137246489527184,NaN,0.8547767234111815,NaN,0.8547767234111815,1.0689629512912937
new_preds,OFT-0340-00,medium,4.400445423154358,2048,1.081316603727549,0.9531260494001963,0.8814495644610929,0.8456113219915411,0.8993686856958687,0.9531260494001963,NaN,0.8814495644610929,NaN,0.8814495644610929,1.081316603727549
new_preds,OFT-0340-00,fast,5.375995394865002,2049,1.119229129485453,0.8652397997196689,0.7730676203160013,0.7269815306141675,0.7961106651669181,0.8652397997196689,NaN,0.7730676203160013,NaN,0.7730676203160013,1.119229129485453
new_preds,OFT-0340-00,slow,3.3861286291463135,2050,1.1153758346009748,0.9234982289387081,0.8279704475299926,0.7802065568256349,0.8518523928821715,0.9234982289387081,NaN,0.8279704475299926,NaN,0.8279704475299926,1.1153758346009748
new_preds,OFT-0341-00,fast,5.048116778124028,2051,1.0619850485533913,0.8264971337160472,0.7782568453688499,0.7541367011952511,0.7903169174556492,0.8264971337160472,NaN,0.7782568453688499,NaN,0.7782568453688499,1.0619850485533913
new_preds,OFT-0341-00,slow,3.21532673465185,2052,0.9983465957995726,0.7385424894833938,0.7397656210686004,0.7403771868612039,0.7394598381722988,0.7385424894833938,NaN,0.7397656210686004,NaN,0.7397656210686004,0.9983465957995726
new_preds,OFT-0341-00,medium,3.8296168415956697,2053,1.0763672432546507,0.8990243220220411,0.8352393921833116,0.8033469272639467,0.8511856246429941,0.8990243220220411,NaN,0.8352393921833116,NaN,0.8352393921833116,1.0763672432546507
new_preds,OFT-0342-00,fast,5.12028058864586,2054,1.0683807816056665,0.9736215395060014,0.9113057406767915,0.8801478412621861,0.9268846903840937,0.9736215395060014,NaN,0.9113057406767915,NaN,0.9113057406767915,1.0683807816056665
new_preds,OFT-0342-00,medium,4.049481705554146,2055,1.0731442191992442,0.9500367316056354,0.8852833706866828,0.8529066902272067,0.9014717109164212,0.9500367316056354,NaN,0.8852833706866828,NaN,0.8852833706866828,1.0731442191992442
new_preds,OFT-0342-00,slow,3.2964074761027153,2056,1.0545045565051359,0.9493125024491889,0.9002450454983552,0.8757113170229383,0.9125119097360637,0.9493125024491889,NaN,0.9002450454983552,NaN,0.9002450454983552,1.0545045565051359
new_preds,OFT-0343-00,fast,5.573374949025648,2057,1.0741833284801559,0.8250166034432129,0.768040781837971,0.7395528710353503,0.7822847372392816,0.8250166034432129,NaN,0.768040781837971,NaN,0.768040781837971,1.0741833284801559
new_preds,OFT-0343-00,slow,3.4363903817773864,2058,1.1545907475797859,0.9531073599214923,0.8254936755030853,0.7616868332938815,0.857397096607687,0.9531073599214923,NaN,0.8254936755030853,NaN,0.8254936755030853,1.1545907475797859
new_preds,OFT-0343-00,medium,4.404314400675542,2059,1.0887236011445904,0.9688945141880492,0.8899361722014997,0.8504570012082246,0.9096757576981368,0.9688945141880492,NaN,0.8899361722014997,NaN,0.8899361722014997,1.0887236011445904
new_preds,OFT-0344-00,fast,5.285507967537993,2060,1.0757804926217902,0.8716551836017603,0.8102537549063052,0.7795530405585775,0.8256041120801689,0.8716551836017603,NaN,0.8102537549063052,NaN,0.8102537549063052,1.0757804926217902
new_preds,OFT-0344-00,medium,4.432182853320218,2061,1.1069144110470168,0.9008206644147554,0.8138123918385706,0.7703082555504783,0.8355644599826167,0.9008206644147554,NaN,0.8138123918385706,NaN,0.8138123918385706,1.1069144110470168
new_preds,OFT-0344-00,slow,3.399379808424952,2062,1.1126751167286075,0.8469279063427719,0.7611636978391654,0.7182815935873621,0.782604749965067,0.8469279063427719,NaN,0.7611636978391654,NaN,0.7611636978391654,1.1126751167286075
new_preds,OFT-0345-00,medium,4.013370285566508,2063,1.0719694878941128,0.9244747496750726,0.8624077085358147,0.8313741879661858,0.8779244688206292,0.9244747496750726,NaN,0.8624077085358147,NaN,0.8624077085358147,1.0719694878941128
new_preds,OFT-0345-00,fast,4.95931514190285,2064,1.035557288077144,0.9981483917066547,0.9638755896933994,0.9467391886867715,0.9724437901967131,0.9981483917066547,NaN,0.9638755896933994,NaN,0.9638755896933994,1.035557288077144
new_preds,OFT-0345-00,slow,3.177024452325537,2065,1.072035291240895,0.8087151873194508,0.754373660948561,0.727202897763116,0.7679590425412833,0.8087151873194508,NaN,0.754373660948561,NaN,0.754373660948561,1.072035291240895
new_preds,OFT-0346-00,fast,4.5906195823341145,2066,1.042672619387892,0.9315995061213378,0.893472686247616,0.8744092763107552,0.9030043912160464,0.9315995061213378,NaN,0.893472686247616,NaN,0.893472686247616,1.042672619387892
new_preds,OFT-0346-00,slow,2.8080888161390654,2067,1.0628545235897455,0.9032287865471083,0.849814124605211,0.8231067936342625,0.8631677900906856,0.9032287865471083,NaN,0.849814124605211,NaN,0.849814124605211,1.0628545235897455
new_preds,OFT-0346-00,medium,3.3841943426379038,2068,1.0253455746321196,0.9170215077205945,0.8943536017596893,0.8830196487792366,0.9000205782499155,0.9170215077205945,NaN,0.8943536017596893,NaN,0.8943536017596893,1.0253455746321196
new_preds,OFT-0347-00,medium,4.413238490048046,2069,1.0819880441903305,0.8186631296184987,0.7566286282129097,0.7256113775101154,0.772137253564307,0.8186631296184987,NaN,0.7566286282129097,NaN,0.7566286282129097,1.0819880441903305
new_preds,OFT-0347-00,slow,3.4838881436570968,2070,1.07020661322914,0.8535114589302578,0.7975202623304236,0.7695246640305065,0.8115180614803823,0.8535114589302578,NaN,0.7975202623304236,NaN,0.7975202623304236,1.07020661322914
new_preds,OFT-0347-00,fast,5.7330579293035475,2071,1.1287484024007481,0.9306142609025203,0.8244656284103579,0.7713913121642768,0.8510027865333984,0.9306142609025203,NaN,0.8244656284103579,NaN,0.8244656284103579,1.1287484024007481
new_preds,OFT-0348-00,medium,4.114900427476677,2072,1.0145882122252674,0.839271520409039,0.8272040915676406,0.8211703771469415,0.8302209487779904,0.839271520409039,NaN,0.8272040915676406,NaN,0.8272040915676406,1.0145882122252674
new_preds,OFT-0348-00,fast,4.901036620898217,2073,1.0488462615452212,0.8071928995870322,0.7696007786668647,0.750804718206781,0.7789988088969066,0.8071928995870322,NaN,0.7696007786668647,NaN,0.7696007786668647,1.0488462615452212
new_preds,OFT-0348-00,slow,3.271838338899624,2074,1.0654969702577786,0.8282724704671363,0.7773578842432092,0.7519005911312453,0.7900865307991909,0.8282724704671363,NaN,0.7773578842432092,NaN,0.7773578842432092,1.0654969702577786
new_preds,OFT-0349-00,fast,4.993055024730134,2075,1.0436548992499377,0.8366198967851135,0.801625036577112,0.7841276064731113,0.8103737516291124,0.8366198967851135,NaN,0.801625036577112,NaN,0.801625036577112,1.0436548992499377
new_preds,OFT-0349-00,slow,3.3234256478918085,2076,1.0489168230754242,0.8357188617734087,0.7967446449405596,0.7772575365241351,0.8064881991487718,0.8357188617734087,NaN,0.7967446449405596,NaN,0.7967446449405596,1.0489168230754242
new_preds,OFT-0349-00,medium,3.993190141231717,2077,1.0137142862942006,0.8718618394580117,0.8600666393340929,0.8541690392721333,0.8630154393650725,0.8718618394580117,NaN,0.8600666393340929,NaN,0.8600666393340929,1.0137142862942006
new_preds,OFT-0350-00,medium,3.899973279940127,2078,1.0372912123391624,0.9621579665278575,0.9275678373463953,0.9102727727556643,0.9362153696417608,0.9621579665278575,NaN,0.9275678373463953,NaN,0.9275678373463953,1.0372912123391624
new_preds,OFT-0350-00,fast,4.909388791845843,2079,1.0285215970119461,0.9204726405484106,0.8949473139140309,0.8821846505968414,0.9013286455726259,0.9204726405484106,NaN,0.8949473139140309,NaN,0.8949473139140309,1.0285215970119461
new_preds,OFT-0350-00,slow,3.101848820901483,2080,1.0676868988431103,0.9482330546087057,0.888119031558935,0.8580620200340496,0.9031475373213775,0.9482330546087057,NaN,0.888119031558935,NaN,0.888119031558935,1.0676868988431103
new_preds,OFT-0351-00,fast,5.629958435277886,2081,1.0567879299144654,0.9861778355172697,0.9331842346052243,0.9066874341492014,0.9464326348332355,0.9861778355172697,NaN,0.9331842346052243,NaN,0.9331842346052243,1.0567879299144654
new_preds,OFT-0351-00,medium,4.4948925148271375,2082,1.0297907905810952,0.9767510407817608,0.9484946357216839,0.9343664331916456,0.9555587369867031,0.9767510407817608,NaN,0.9484946357216839,NaN,0.9484946357216839,1.0297907905810952
new_preds,OFT-0351-00,slow,3.631221023814767,2083,1.1335218797247053,0.8582323863634727,0.7571379094790025,0.7065906710367673,0.7824115287001201,0.8582323863634727,NaN,0.7571379094790025,NaN,0.7571379094790025,1.1335218797247053
new_preds,OFT-0352-00,slow,3.3571846194240944,2084,1.0433114729933883,0.895154222875812,0.8579932705115425,0.8394127943294076,0.8672835086026098,0.895154222875812,NaN,0.8579932705115425,NaN,0.8579932705115425,1.0433114729933883
new_preds,OFT-0352-00,medium,4.423656858383992,2085,1.082841053961318,0.9133165400056542,0.8434446927039768,0.8085087690531381,0.8609126545293961,0.9133165400056542,NaN,0.8434446927039768,NaN,0.8434446927039768,1.082841053961318
new_preds,OFT-0352-00,fast,5.424232497775137,2086,1.0440791976204244,0.792819253166704,0.7593478109454047,0.7426120898347552,0.7677156715007296,0.792819253166704,NaN,0.7593478109454047,NaN,0.7593478109454047,1.0440791976204244
new_preds,OFT-0353-00,fast,5.213306728903402,2087,1.0656187961628623,0.9605144025706303,0.9013677367828931,0.8717944038890246,0.9161544032298273,0.9605144025706303,NaN,0.9013677367828931,NaN,0.9013677367828931,1.0656187961628623
new_preds,OFT-0353-00,slow,3.2597631278077066,2088,1.0799172610472996,0.8771031013092865,0.8121947235649102,0.7797405346927218,0.8284218180010043,0.8771031013092865,NaN,0.8121947235649102,NaN,0.8121947235649102,1.0799172610472996
new_preds,OFT-0353-00,medium,4.032119116814364,2089,1.1461592395968194,0.8952285095151842,0.7810681784758771,0.7239880129562235,0.8096082612357037,0.8952285095151842,NaN,0.7810681784758771,NaN,0.7810681784758771,1.1461592395968194
new_preds,OFT-0354-00,fast,4.37890195934491,2090,1.0569927436302256,0.9723949076380285,0.9199636549049078,0.8937480285383474,0.933071468088188,0.9723949076380285,NaN,0.9199636549049078,NaN,0.9199636549049078,1.0569927436302256
new_preds,OFT-0354-00,medium,3.6200045023262897,2091,1.0952786585308076,0.9730363476853161,0.8883915888496671,0.8460692094318424,0.9095527785585793,0.9730363476853161,NaN,0.8883915888496671,NaN,0.8883915888496671,1.0952786585308076
new_preds,OFT-0354-00,slow,3.0708182309119114,2092,0.9651067268119693,0.7810132001724883,0.8092506025239344,0.8233693036996577,0.8021912519360729,0.7810132001724883,NaN,0.8092506025239344,NaN,0.8092506025239344,0.9651067268119693
new_preds,OFT-0355-00,fast,6.835427413671594,2093,1.0445097299447839,0.6821408998464962,0.6530728056334681,0.6385387585269543,0.6603398291867252,0.6821408998464962,NaN,0.6530728056334681,NaN,0.6530728056334681,1.0445097299447839
new_preds,OFT-0355-00,medium,4.927749220044576,2094,1.131013220172751,0.9781703950703928,0.864862034876115,0.8082078547789759,0.8931891249246844,0.9781703950703928,NaN,0.864862034876115,NaN,0.864862034876115,1.131013220172751
new_preds,OFT-0355-00,slow,3.498763076639425,2095,1.0510363544884658,0.9114332341076378,0.8671757453634682,0.8450470009913835,0.8782401175495107,0.9114332341076378,NaN,0.8671757453634682,NaN,0.8671757453634682,1.0510363544884658
new_preds,OFT-0356-00,fast,4.976009900491075,2096,1.0549475599310785,0.7925132026967161,0.7512346895693017,0.7305954330055944,0.7615543178511552,0.7925132026967161,NaN,0.7512346895693017,NaN,0.7512346895693017,1.0549475599310785
new_preds,OFT-0356-00,slow,3.2267580832261484,2097,1.1025962329250059,0.8909798023395314,0.8080744117689473,0.7666217164836552,0.8288007594115931,0.8909798023395314,NaN,0.8080744117689473,NaN,0.8080744117689473,1.1025962329250059
new_preds,OFT-0356-00,medium,3.920666416802333,2098,1.098898064205085,0.9223177488727544,0.8393114692944116,0.7978083295052403,0.8600630391889973,0.9223177488727544,NaN,0.8393114692944116,NaN,0.8393114692944116,1.098898064205085
new_preds,OFT-0357-00,fast,5.541337588292885,2099,1.0601801386112533,0.8317800462811871,0.7845648262857942,0.7609572162880978,0.7963686312846424,0.8317800462811871,NaN,0.7845648262857942,NaN,0.7845648262857942,1.0601801386112533
new_preds,OFT-0357-00,slow,3.3777334442473594,2100,1.0216749113063248,0.9567955116554002,0.9364970217699002,0.9263477768271501,0.9415716442412752,0.9567955116554002,NaN,0.9364970217699002,NaN,0.9364970217699002,1.0216749113063248
new_preds,OFT-0357-00,medium,4.293705093659491,2101,1.056344558533157,0.8715923333177653,0.8251023080272794,0.8018572953820364,0.8367248143499009,0.8715923333177653,NaN,0.8251023080272794,NaN,0.8251023080272794,1.056344558533157
new_preds,OFT-0358-00,slow,3.3499235137851313,2102,1.207357957352281,0.8974100363689649,0.7432841527271435,0.6662212109062331,0.781815623637599,0.8974100363689649,NaN,0.7432841527271435,NaN,0.7432841527271435,1.207357957352281
new_preds,OFT-0358-00,fast,5.894141826321202,2103,1.0829718098930998,0.7901712566146737,0.7296323407464055,0.6993628828122713,0.7447670697134725,0.7901712566146737,NaN,0.7296323407464055,NaN,0.7296323407464055,1.0829718098930998
new_preds,OFT-0358-00,medium,4.4529162088343766,2104,1.0897296619294985,0.9281803070405622,0.8517528149110912,0.8135390688463557,0.8708596879434589,0.9281803070405622,NaN,0.8517528149110912,NaN,0.8517528149110912,1.0897296619294985
new_preds,OFT-0359-00,fast,5.435419752612694,2105,1.080788640708561,0.9689376642627596,0.8965098519424924,0.8602959457823588,0.9146168050225592,0.9689376642627596,NaN,0.8965098519424924,NaN,0.8965098519424924,1.080788640708561
new_preds,OFT-0359-00,medium,4.436670902161585,2106,1.12744702334082,0.8712437618134572,0.7727580487390101,0.7235151922017864,0.7973794770076218,0.8712437618134572,NaN,0.7727580487390101,NaN,0.7727580487390101,1.12744702334082
new_preds,OFT-0359-00,slow,3.602555550419625,2107,1.086644107367196,0.811601486739509,0.7468880392734277,0.714531315540387,0.7630664011399481,0.811601486739509,NaN,0.7468880392734277,NaN,0.7468880392734277,1.086644107367196
