example,group,subject,speed_bin,n_train,test_frames,n_delays,rank_requested,rank_fit,stabilize,smooth_window,nrmse,rmse,amplitude_ratio,tail_amplitude_ratio,horizon,stride_frequency,spectral_radius
1,Cntnap_neg,OFT-0691-00,medium,120,285,8,10,10,true,0,0.9043752907637955,0.25476302504050957,0.5242153139987914,0.21615535689451762,78,3.859649122807017,0.9767324104124538
1,Cntnap_neg,OFT-0691-00,medium,120,285,8,10,10,true,7,0.9199829160004452,0.2532448742650635,0.5860578378622601,0.32683246553416007,78,3.859649122807017,0.9830293822306386
1,Cntnap_neg,OFT-0691-00,medium,120,285,8,10,10,true,11,0.976259064186396,0.2574713935852859,0.7243078448834082,0.6227665134104475,78,3.859649122807017,0.9937641275016813
1,Cntnap_neg,OFT-0691-00,medium,120,285,8,10,10,true,15,1.0437339692435381,0.259432060315618,0.7680750400119271,0.7226256226154201,78,3.859649122807017,0.9951439206143078
1,Cntnap_neg,OFT-0691-00,medium,120,285,8,10,10,true,21,1.1223825192455725,0.24437948011071353,0.6409763915851443,0.601860230251674,78,3.859649122807017,0.9959800212602944
1,Cntnap_neg,OFT-0691-00,medium,120,285,8,10,10,false,0,0.9043752907637952,0.25476302504050946,0.524215313998785,0.21615535689450832,78,3.859649122807017,0.9767324104124532
1,Cntnap_neg,OFT-0691-00,medium,120,285,8,10,10,false,7,0.9199829160004442,0.2532448742650632,0.5860578378622443,0.3268324655341325,78,3.859649122807017,0.9830293822306386
1,Cntnap_neg,OFT-0691-00,medium,120,285,8,10,10,false,11,0.9762590641863943,0.2574713935852855,0.7243078448834,0.6227665134104313,78,3.859649122807017,0.9937641275016805
1,Cntnap_neg,OFT-0691-00,medium,120,285,8,10,10,false,15,1.0437339692435461,0.25943206031562,0.7680750400119388,0.7226256226154407,78,3.859649122807017,0.9951439206143077
1,Cntnap_neg,OFT-0691-00,medium,120,285,8,10,10,false,21,1.1223825192456085,0.24437948011072136,0.6409763915851912,0.6018602302517716,78,3.859649122807017,0.9959800212602968
1,Cntnap_neg,OFT-0691-00,medium,120,285,8,20,20,true,0,0.8917869778047205,0.25121689024186633,0.5431820033675713,0.17989384808765432,78,3.859649122807017,0.9720751971409461
1,Cntnap_neg,OFT-0691-00,medium,120,285,8,20,20,true,7,0.8835040853758009,0.2432032998899257,0.5996981884610108,0.35266588490458717,78,3.859649122807017,0.9838158971416896
1,Cntnap_neg,OFT-0691-00,medium,120,285,8,20,20,true,11,0.8992631367002196,0.23716505331403961,0.4715853621691161,0.2078858694476736,78,3.859649122807017,0.977204720805735
1,Cntnap_neg,OFT-0691-00,medium,120,285,8,20,20,true,15,0.9180397830753906,0.22818932735088437,0.5559775380210877,0.3682724622259926,78,3.859649122807017,0.9858282386390339
1,Cntnap_neg,OFT-0691-00,medium,120,285,8,20,20,true,21,0.9915857446353532,0.21590073313157426,0.48246573525704406,0.37375954864829714,78,3.859649122807017,0.9888811665038378
1,Cntnap_neg,OFT-0691-00,medium,120,285,8,20,20,false,0,0.8917869778047204,0.2512168902418663,0.5431820033675678,0.1798938480876487,78,3.859649122807017,0.972075197140946
1,Cntnap_neg,OFT-0691-00,medium,120,285,8,20,20,false,7,0.8835040853758008,0.24320329988992567,0.5996981884610122,0.35266588490458817,78,3.859649122807017,0.9838158971416906
1,Cntnap_neg,OFT-0691-00,medium,120,285,8,20,20,false,11,0.8992631367002202,0.23716505331403975,0.47158536216912256,0.2078858694476802,78,3.859649122807017,0.977204720805734
1,Cntnap_neg,OFT-0691-00,medium,120,285,8,20,20,false,15,0.9180397830753914,0.22818932735088457,0.5559775380210925,0.36827246222600446,78,3.859649122807017,0.9858282386390338
1,Cntnap_neg,OFT-0691-00,medium,120,285,8,20,20,false,21,0.9915857446353464,0.2159007331315728,0.4824657352570329,0.37375954864827543,78,3.859649122807017,0.9888811665038374
1,Cntnap_neg,OFT-0691-00,medium,120,285,8,40,32,true,0,0.8994771507647322,0.25338321626424437,0.5617549056198096,0.17164310060604346,78,3.859649122807017,0.9704558410346328
1,Cntnap_neg,OFT-0691-00,medium,120,285,8,40,32,true,7,0.8834744201585173,0.24319513390761194,0.4955533072262406,0.18930610229183284,78,3.859649122807017,0.9733759887511869
1,Cntnap_neg,OFT-0691-00,medium,120,285,8,40,32,true,11,0.8912408084204237,0.23504930338887084,0.400387234389022,0.06252597205668617,78,3.859649122807017,0.9560024069009584
1,Cntnap_neg,OFT-0691-00,medium,120,285,8,40,32,true,15,0.885836760770976,0.2201848964604352,0.44050417456124985,0.17321962223041495,78,3.859649122807017,0.9742671459090392
1,Cntnap_neg,OFT-0691-00,medium,120,285,8,40,32,true,21,0.9398308836943141,0.20463200273609836,0.3844692612870245,0.20009160518707225,78,3.859649122807017,0.9799612962519209
1,Cntnap_neg,OFT-0691-00,medium,120,285,8,40,32,false,0,0.8994771507647358,0.25338321626424537,0.5617549056198218,0.17164310060605847,78,3.859649122807017,0.970455841034634
1,Cntnap_neg,OFT-0691-00,medium,120,285,8,40,32,false,7,0.8834744201585172,0.2431951339076119,0.4955533072262335,0.18930610229182374,78,3.859649122807017,0.9733759887511855
1,Cntnap_neg,OFT-0691-00,medium,120,285,8,40,32,false,11,0.891240808420424,0.2350493033888709,0.4003872343890186,0.06252597205668321,78,3.859649122807017,0.9560024069009598
1,Cntnap_neg,OFT-0691-00,medium,120,285,8,40,32,false,15,0.8858367607709746,0.22018489646043488,0.4405041745612429,0.1732196222304066,78,3.859649122807017,0.9742671459090391
1,Cntnap_neg,OFT-0691-00,medium,120,285,8,40,32,false,21,0.9398308836943143,0.2046320027360984,0.3844692612870274,0.20009160518707453,78,3.859649122807017,0.9799612962519211
1,Cntnap_neg,OFT-0691-00,medium,120,285,8,60,32,true,0,0.8994771507647322,0.25338321626424437,0.5617549056198096,0.17164310060604346,78,3.859649122807017,0.9704558410346328
1,Cntnap_neg,OFT-0691-00,medium,120,285,8,60,32,true,7,0.8834744201585173,0.24319513390761194,0.4955533072262406,0.18930610229183284,78,3.859649122807017,0.9733759887511869
1,Cntnap_neg,OFT-0691-00,medium,120,285,8,60,32,true,11,0.8912408084204237,0.23504930338887084,0.400387234389022,0.06252597205668617,78,3.859649122807017,0.9560024069009584
1,Cntnap_neg,OFT-0691-00,medium,120,285,8,60,32,true,15,0.885836760770976,0.2201848964604352,0.44050417456124985,0.17321962223041495,78,3.859649122807017,0.9742671459090392
1,Cntnap_neg,OFT-0691-00,medium,120,285,8,60,32,true,21,0.9398308836943141,0.20463200273609836,0.3844692612870245,0.20009160518707225,78,3.859649122807017,0.9799612962519209
1,Cntnap_neg,OFT-0691-00,medium,120,285,8,60,32,false,0,0.8994771507647358,0.25338321626424537,0.5617549056198218,0.17164310060605847,78,3.859649122807017,0.970455841034634
1,Cntnap_neg,OFT-0691-00,medium,120,285,8,60,32,false,7,0.8834744201585172,0.2431951339076119,0.4955533072262335,0.18930610229182374,78,3.859649122807017,0.9733759887511855
1,Cntnap_neg,OFT-0691-00,medium,120,285,8,60,32,false,11,0.891240808420424,0.2350493033888709,0.4003872343890186,0.06252597205668321,78,3.859649122807017,0.9560024069009598
1,Cntnap_neg,OFT-0691-00,medium,120,285,8,60,32,false,15,0.8858367607709746,0.22018489646043488,0.4405041745612429,0.1732196222304066,78,3.859649122807017,0.9742671459090391
1,Cntnap_neg,OFT-0691-00,medium,120,285,8,60,32,false,21,0.9398308836943143,0.2046320027360984,0.3844692612870274,0.20009160518707453,78,3.859649122807017,0.9799612962519211
1,Cntnap_neg,OFT-0691-00,medium,120,285,8,80,32,true,0,0.8994771507647322,0.25338321626424437,0.5617549056198096,0.17164310060604346,78,3.859649122807017,0.9704558410346328
1,Cntnap_neg,OFT-0691-00,medium,120,285,8,80,32,true,7,0.8834744201585173,0.24319513390761194,0.4955533072262406,0.18930610229183284,78,3.859649122807017,0.9733759887511869
1,Cntnap_neg,OFT-0691-00,medium,120,285,8,80,32,true,11,0.8912408084204237,0.23504930338887084,0.400387234389022,0.06252597205668617,78,3.859649122807017,0.9560024069009584
1,Cntnap_neg,OFT-0691-00,medium,120,285,8,80,32,true,15,0.885836760770976,0.2201848964604352,0.44050417456124985,0.17321962223041495,78,3.859649122807017,0.9742671459090392
1,Cntnap_neg,OFT-0691-00,medium,120,285,8,80,32,true,21,0.9398308836943141,0.20463200273609836,0.3844692612870245,0.20009160518707225,78,3.859649122807017,0.9799612962519209
1,Cntnap_neg,OFT-0691-00,medium,120,285,8,80,32,false,0,0.8994771507647358,0.25338321626424537,0.5617549056198218,0.17164310060605847,78,3.859649122807017,0.970455841034634
1,Cntnap_neg,OFT-0691-00,medium,120,285,8,80,32,false,7,0.8834744201585172,0.2431951339076119,0.4955533072262335,0.18930610229182374,78,3.859649122807017,0.9733759887511855
1,Cntnap_neg,OFT-0691-00,medium,120,285,8,80,32,false,11,0.891240808420424,0.2350493033888709,0.4003872343890186,0.06252597205668321,78,3.859649122807017,0.9560024069009598
1,Cntnap_neg,OFT-0691-00,medium,120,285,8,80,32,false,15,0.8858367607709746,0.22018489646043488,0.4405041745612429,0.1732196222304066,78,3.859649122807017,0.9742671459090391
1,Cntnap_neg,OFT-0691-00,medium,120,285,8,80,32,false,21,0.9398308836943143,0.2046320027360984,0.3844692612870274,0.20009160518707453,78,3.859649122807017,0.9799612962519211
1,Cntnap_neg,OFT-0691-00,medium,120,285,8,120,32,true,0,0.8994771507647322,0.25338321626424437,0.5617549056198096,0.17164310060604346,78,3.859649122807017,0.9704558410346328
1,Cntnap_neg,OFT-0691-00,medium,120,285,8,120,32,true,7,0.8834744201585173,0.24319513390761194,0.4955533072262406,0.18930610229183284,78,3.859649122807017,0.9733759887511869
1,Cntnap_neg,OFT-0691-00,medium,120,285,8,120,32,true,11,0.8912408084204237,0.23504930338887084,0.400387234389022,0.06252597205668617,78,3.859649122807017,0.9560024069009584
1,Cntnap_neg,OFT-0691-00,medium,120,285,8,120,32,true,15,0.885836760770976,0.2201848964604352,0.44050417456124985,0.17321962223041495,78,3.859649122807017,0.9742671459090392
1,Cntnap_neg,OFT-0691-00,medium,120,285,8,120,32,true,21,0.9398308836943141,0.20463200273609836,0.3844692612870245,0.20009160518707225,78,3.859649122807017,0.9799612962519209
1,Cntnap_neg,OFT-0691-00,medium,120,285,8,120,32,false,0,0.8994771507647358,0.25338321626424537,0.5617549056198218,0.17164310060605847,78,3.859649122807017,0.970455841034634
1,Cntnap_neg,OFT-0691-00,medium,120,285,8,120,32,false,7,0.8834744201585172,0.2431951339076119,0.4955533072262335,0.18930610229182374,78,3.859649122807017,0.9733759887511855
1,Cntnap_neg,OFT-0691-00,medium,120,285,8,120,32,false,11,0.891240808420424,0.2350493033888709,0.4003872343890186,0.06252597205668321,78,3.859649122807017,0.9560024069009598
1,Cntnap_neg,OFT-0691-00,medium,120,285,8,120,32,false,15,0.8858367607709746,0.22018489646043488,0.4405041745612429,0.1732196222304066,78,3.859649122807017,0.9742671459090391
1,Cntnap_neg,OFT-0691-00,medium,120,285,8,120,32,false,21,0.9398308836943143,0.2046320027360984,0.3844692612870274,0.20009160518707453,78,3.859649122807017,0.9799612962519211
1,Cntnap_neg,OFT-0691-00,medium,120,285,13,10,10,true,0,1.0559176969600002,0.28962305375455194,0.7529792343833842,0.6916086491592374,78,3.859649122807017,0.9960080862520805
1,Cntnap_neg,OFT-0691-00,medium,120,285,13,10,10,true,7,1.070931539148069,0.28850783947527964,0.7509636924615901,0.7001706599837064,78,3.859649122807017,0.9962640871260339
1,Cntnap_neg,OFT-0691-00,medium,120,285,13,10,10,true,11,1.070895617966518,0.27817490981657833,0.8013286926763273,0.7508005595113065,78,3.859649122807017,0.9970073529920432
1,Cntnap_neg,OFT-0691-00,medium,120,285,13,10,10,true,15,1.184379135347315,0.2913244357715922,0.9292964796106059,0.9868072457815426,78,3.859649122807017,0.9993410213647359
1,Cntnap_neg,OFT-0691-00,medium,120,285,13,10,10,true,21,1.243017249980071,0.27042846972878914,0.7990127883869136,0.8701597913078869,78,3.859649122807017,0.9995619822219081
1,Cntnap_neg,OFT-0691-00,medium,120,285,13,10,10,false,0,1.0559176969599935,0.2896230537545501,0.7529792343833682,0.6916086491592095,78,3.859649122807017,0.9960080862520805
1,Cntnap_neg,OFT-0691-00,medium,120,285,13,10,10,false,7,1.0709315391480534,0.2885078394752755,0.7509636924615608,0.7001706599836548,78,3.859649122807017,0.9962640871260324
1,Cntnap_neg,OFT-0691-00,medium,120,285,13,10,10,false,11,1.0708956179665308,0.27817490981658166,0.8013286926763546,0.7508005595113547,78,3.859649122807017,0.9970073529920438
1,Cntnap_neg,OFT-0691-00,medium,120,285,13,10,10,false,15,1.1843791353473463,0.29132443577159994,0.9292964796106485,0.986807245781619,78,3.859649122807017,0.9993410213647365
1,Cntnap_neg,OFT-0691-00,medium,120,285,13,10,10,false,21,1.2430172499800531,0.27042846972878526,0.7990127883868926,0.8701597913078472,78,3.859649122807017,0.9995619822219082
1,Cntnap_neg,OFT-0691-00,medium,120,285,13,20,20,true,0,0.933910869315864,0.25615833382142383,0.3496937787851754,0.052479644727611297,78,3.859649122807017,0.9609741844151811
1,Cntnap_neg,OFT-0691-00,medium,120,285,13,20,20,true,7,0.9470360084079043,0.2551305127388543,0.28505550243265476,0.06463017480839445,78,3.859649122807017,0.9775248595415552
1,Cntnap_neg,OFT-0691-00,medium,120,285,13,20,20,true,11,1.0502523020404704,0.2728126201127998,0.6861556468768231,0.5132969763127766,78,3.859649122807017,0.989924828376186
1,Cntnap_neg,OFT-0691-00,medium,120,285,13,20,20,true,15,0.9244800725423793,0.22739647084082676,0.5419736815625454,0.32771544000796093,78,3.859649122807017,0.9868070220001862
1,Cntnap_neg,OFT-0691-00,medium,120,285,13,20,20,true,21,0.924670671457929,0.20116959333385664,0.4523890141291937,0.2043607769482447,78,3.859649122807017,0.9880652325560509
1,Cntnap_neg,OFT-0691-00,medium,120,285,13,20,20,false,0,0.9339108693158641,0.2561583338214239,0.3496937787851728,0.052479644727608916,78,3.859649122807017,0.9609741844151809
1,Cntnap_neg,OFT-0691-00,medium,120,285,13,20,20,false,7,0.9470360084079062,0.25513051273885484,0.2850555024326527,0.06463017480839606,78,3.859649122807017,0.9775248595415549
1,Cntnap_neg,OFT-0691-00,medium,120,285,13,20,20,false,11,1.0502523020405001,0.2728126201128075,0.6861556468768593,0.5132969763128483,78,3.859649122807017,0.9899248283761855
1,Cntnap_neg,OFT-0691-00,medium,120,285,13,20,20,false,15,0.9244800725423787,0.22739647084082662,0.5419736815625306,0.3277154400079347,78,3.859649122807017,0.9868070220001862
1,Cntnap_neg,OFT-0691-00,medium,120,285,13,20,20,false,21,0.9246706714579266,0.20116959333385612,0.45238901412918714,0.2043607769482377,78,3.859649122807017,0.9880652325560516
1,Cntnap_neg,OFT-0691-00,medium,120,285,13,40,40,true,0,0.9214279159748948,0.25273443906438386,0.3970069132866309,0.12278032375435857,78,3.859649122807017,0.9714003914036664
1,Cntnap_neg,OFT-0691-00,medium,120,285,13,40,40,true,7,0.9268586917142401,0.249694764670095,0.3175269279726098,0.025302221802570805,78,3.859649122807017,0.9509473456990991
1,Cntnap_neg,OFT-0691-00,medium,120,285,13,40,40,true,11,0.910147578897244,0.236419139673269,0.3717571166301931,0.062439165386927044,78,3.859649122807017,0.9624993573898065
1,Cntnap_neg,OFT-0691-00,medium,120,285,13,40,40,true,15,0.9078955245335079,0.22331713176179566,0.4058654799241179,0.016777670287193767,78,3.859649122807017,0.9480223025306543
1,Cntnap_neg,OFT-0691-00,medium,120,285,13,40,40,true,21,0.913217947961295,0.198677960583409,0.4044058057267999,0.10536452377175871,78,3.859649122807017,0.9628075193864652
1,Cntnap_neg,OFT-0691-00,medium,120,285,13,40,40,false,0,0.9214279159748946,0.2527344390643838,0.3970069132866317,0.12278032375435874,78,3.859649122807017,0.9714003914036667
1,Cntnap_neg,OFT-0691-00,medium,120,285,13,40,40,false,7,0.9268586917142387,0.24969476467009463,0.3175269279726178,0.025302221802574305,78,3.859649122807017,0.9509473456990987
1,Cntnap_neg,OFT-0691-00,medium,120,285,13,40,40,false,11,0.9101475788972444,0.23641913967326914,0.3717571166301851,0.06243916538692189,78,3.859649122807017,0.9624993573898062
1,Cntnap_neg,OFT-0691-00,medium,120,285,13,40,40,false,15,0.9078955245335119,0.22331713176179666,0.4058654799241178,0.0167776702871926,78,3.859649122807017,0.9480223025306547
1,Cntnap_neg,OFT-0691-00,medium,120,285,13,40,40,false,21,0.9132179479612912,0.1986779605834082,0.40440580572679524,0.10536452377174922,78,3.859649122807017,0.9628075193864648
1,Cntnap_neg,OFT-0691-00,medium,120,285,13,60,52,true,0,0.9273900502027398,0.2543697668242409,0.4075835963888421,0.11880520465522855,78,3.859649122807017,0.9688580379691897
1,Cntnap_neg,OFT-0691-00,medium,120,285,13,60,52,true,7,0.92041335985906,0.24795839899193178,0.3349648351480704,0.05656141976663801,78,3.859649122807017,0.9592947441139167
1,Cntnap_neg,OFT-0691-00,medium,120,285,13,60,52,true,11,0.9140613622291244,0.23743578061111764,0.3696688540956878,0.06395995047435374,78,3.859649122807017,0.9647738935439484
1,Cntnap_neg,OFT-0691-00,medium,120,285,13,60,52,true,15,0.894317999262355,0.21997743692021673,0.4447090389113748,0.04721144645377034,78,3.859649122807017,0.9554385775590551
1,Cntnap_neg,OFT-0691-00,medium,120,285,13,60,52,true,21,0.9118603946662276,0.19838261386946257,0.4135618570201237,0.14344235578253411,78,3.859649122807017,0.9732035269380023
1,Cntnap_neg,OFT-0691-00,medium,120,285,13,60,52,false,0,0.9273900502027401,0.254369766824241,0.4075835963888406,0.1188052046552285,78,3.859649122807017,0.9688580379691893
1,Cntnap_neg,OFT-0691-00,medium,120,285,13,60,52,false,7,0.9204133598590587,0.24795839899193145,0.33496483514807607,0.05656141976664502,78,3.859649122807017,0.9592947441139161
1,Cntnap_neg,OFT-0691-00,medium,120,285,13,60,52,false,11,0.9140613622291239,0.2374357806111175,0.3696688540956915,0.06395995047435105,78,3.859649122807017,0.9647738935439467
1,Cntnap_neg,OFT-0691-00,medium,120,285,13,60,52,false,15,0.8943179992623529,0.2199774369202162,0.44470903891136065,0.04721144645375732,78,3.859649122807017,0.9554385775590516
1,Cntnap_neg,OFT-0691-00,medium,120,285,13,60,52,false,21,0.9118603946662288,0.19838261386946285,0.4135618570201285,0.14344235578253994,78,3.859649122807017,0.9732035269380029
1,Cntnap_neg,OFT-0691-00,medium,120,285,13,80,52,true,0,0.9273900502027398,0.2543697668242409,0.4075835963888421,0.11880520465522855,78,3.859649122807017,0.9688580379691897
1,Cntnap_neg,OFT-0691-00,medium,120,285,13,80,52,true,7,0.92041335985906,0.24795839899193178,0.3349648351480704,0.05656141976663801,78,3.859649122807017,0.9592947441139167
1,Cntnap_neg,OFT-0691-00,medium,120,285,13,80,52,true,11,0.9140613622291244,0.23743578061111764,0.3696688540956878,0.06395995047435374,78,3.859649122807017,0.9647738935439484
1,Cntnap_neg,OFT-0691-00,medium,120,285,13,80,52,true,15,0.894317999262355,0.21997743692021673,0.4447090389113748,0.04721144645377034,78,3.859649122807017,0.9554385775590551
1,Cntnap_neg,OFT-0691-00,medium,120,285,13,80,52,true,21,0.9118603946662276,0.19838261386946257,0.4135618570201237,0.14344235578253411,78,3.859649122807017,0.9732035269380023
1,Cntnap_neg,OFT-0691-00,medium,120,285,13,80,52,false,0,0.9273900502027401,0.254369766824241,0.4075835963888406,0.1188052046552285,78,3.859649122807017,0.9688580379691893
1,Cntnap_neg,OFT-0691-00,medium,120,285,13,80,52,false,7,0.9204133598590587,0.24795839899193145,0.33496483514807607,0.05656141976664502,78,3.859649122807017,0.9592947441139161
1,Cntnap_neg,OFT-0691-00,medium,120,285,13,80,52,false,11,0.9140613622291239,0.2374357806111175,0.3696688540956915,0.06395995047435105,78,3.859649122807017,0.9647738935439467
1,Cntnap_neg,OFT-0691-00,medium,120,285,13,80,52,false,15,0.8943179992623529,0.2199774369202162,0.44470903891136065,0.04721144645375732,78,3.859649122807017,0.9554385775590516
1,Cntnap_neg,OFT-0691-00,medium,120,285,13,80,52,false,21,0.9118603946662288,0.19838261386946285,0.4135618570201285,0.14344235578253994,78,3.859649122807017,0.9732035269380029
1,Cntnap_neg,OFT-0691-00,medium,120,285,13,120,52,true,0,0.9273900502027398,0.2543697668242409,0.4075835963888421,0.11880520465522855,78,3.859649122807017,0.9688580379691897
1,Cntnap_neg,OFT-0691-00,medium,120,285,13,120,52,true,7,0.92041335985906,0.24795839899193178,0.3349648351480704,0.05656141976663801,78,3.859649122807017,0.9592947441139167
1,Cntnap_neg,OFT-0691-00,medium,120,285,13,120,52,true,11,0.9140613622291244,0.23743578061111764,0.3696688540956878,0.06395995047435374,78,3.859649122807017,0.9647738935439484
1,Cntnap_neg,OFT-0691-00,medium,120,285,13,120,52,true,15,0.894317999262355,0.21997743692021673,0.4447090389113748,0.04721144645377034,78,3.859649122807017,0.9554385775590551
1,Cntnap_neg,OFT-0691-00,medium,120,285,13,120,52,true,21,0.9118603946662276,0.19838261386946257,0.4135618570201237,0.14344235578253411,78,3.859649122807017,0.9732035269380023
1,Cntnap_neg,OFT-0691-00,medium,120,285,13,120,52,false,0,0.9273900502027401,0.254369766824241,0.4075835963888406,0.1188052046552285,78,3.859649122807017,0.9688580379691893
1,Cntnap_neg,OFT-0691-00,medium,120,285,13,120,52,false,7,0.9204133598590587,0.24795839899193145,0.33496483514807607,0.05656141976664502,78,3.859649122807017,0.9592947441139161
1,Cntnap_neg,OFT-0691-00,medium,120,285,13,120,52,false,11,0.9140613622291239,0.2374357806111175,0.3696688540956915,0.06395995047435105,78,3.859649122807017,0.9647738935439467
1,Cntnap_neg,OFT-0691-00,medium,120,285,13,120,52,false,15,0.8943179992623529,0.2199774369202162,0.44470903891136065,0.04721144645375732,78,3.859649122807017,0.9554385775590516
1,Cntnap_neg,OFT-0691-00,medium,120,285,13,120,52,false,21,0.9118603946662288,0.19838261386946285,0.4135618570201285,0.14344235578253994,78,3.859649122807017,0.9732035269380029
1,Cntnap_neg,OFT-0691-00,medium,120,285,26,10,10,true,0,0.9734611215099249,0.2628520761607852,0.3376191240640054,0.3266928740492505,78,3.859649122807017,0.9925115672706715
1,Cntnap_neg,OFT-0691-00,medium,120,285,26,10,10,true,7,0.9014699704207934,0.23914571720771646,0.4162396136725408,0.4561457316286917,78,3.859649122807017,0.9938864857413856
1,Cntnap_neg,OFT-0691-00,medium,120,285,26,10,10,true,11,0.8462989205920827,0.21697704348900107,0.49068967735023655,0.5359492448594275,78,3.859649122807017,0.9962145744555059
1,Cntnap_neg,OFT-0691-00,medium,120,285,26,10,10,true,15,1.0043306723033456,0.24502629603254963,0.703742862026266,0.7123562632963364,78,3.859649122807017,0.9992832093512893
1,Cntnap_neg,OFT-0691-00,medium,120,285,26,10,10,true,21,1.3458064874438735,0.29240913093502835,0.8365767409853633,0.9075135480447204,78,3.859649122807017,0.9999999999999998
1,Cntnap_neg,OFT-0691-00,medium,120,285,26,10,10,false,0,0.9734611215099261,0.26285207616078554,0.33761912406400807,0.32669287404925446,78,3.859649122807017,0.9925115672706715
1,Cntnap_neg,OFT-0691-00,medium,120,285,26,10,10,false,7,0.9014699704207935,0.2391457172077165,0.41623961367254125,0.4561457316286945,78,3.859649122807017,0.9938864857413869
1,Cntnap_neg,OFT-0691-00,medium,120,285,26,10,10,false,11,0.8462989205920801,0.2169770434890004,0.4906896773502208,0.5359492448593987,78,3.859649122807017,0.9962145744555044
1,Cntnap_neg,OFT-0691-00,medium,120,285,26,10,10,false,15,1.0043306723033434,0.24502629603254905,0.7037428620262586,0.7123562632963232,78,3.859649122807017,0.999283209351288
1,Cntnap_neg,OFT-0691-00,medium,120,285,26,10,10,false,21,1.3874587120920472,0.30145908791213866,0.8924577261993498,1.0085478427485215,78,3.859649122807017,1.0016387450728141
1,Cntnap_neg,OFT-0691-00,medium,120,285,26,20,20,true,0,1.1107212447749841,0.29991478732314186,0.4488234546371072,0.3401665044433853,78,3.859649122807017,0.989454746330956
1,Cntnap_neg,OFT-0691-00,medium,120,285,26,20,20,true,7,1.073883873411112,0.2848843971861021,0.46530786825238435,0.37440399418981263,78,3.859649122807017,0.9905217787483784
1,Cntnap_neg,OFT-0691-00,medium,120,285,26,20,20,true,11,1.1148629506726921,0.28583241812851223,0.5294553727426348,0.4270328788596058,78,3.859649122807017,0.9894980024691646
1,Cntnap_neg,OFT-0691-00,medium,120,285,26,20,20,true,15,1.1076631536983375,0.27023629496447493,0.5786280033918869,0.36284012347315,78,3.859649122807017,0.9908870356558322
1,Cntnap_neg,OFT-0691-00,medium,120,285,26,20,20,true,21,0.9508977462714565,0.20660561989370685,0.6535579803622202,0.5413915204917286,78,3.859649122807017,0.9946131684404101
1,Cntnap_neg,OFT-0691-00,medium,120,285,26,20,20,false,0,1.1107212447749613,0.2999147873231357,0.4488234546370781,0.3401665044433342,78,3.859649122807017,0.9894547463309551
1,Cntnap_neg,OFT-0691-00,medium,120,285,26,20,20,false,7,1.0738838734111138,0.28488439718610253,0.4653078682523894,0.3744039941898099,78,3.859649122807017,0.9905217787483775
1,Cntnap_neg,OFT-0691-00,medium,120,285,26,20,20,false,11,1.1148629506726946,0.2858324181285129,0.5294553727426449,0.4270328788596207,78,3.859649122807017,0.9894980024691624
1,Cntnap_neg,OFT-0691-00,medium,120,285,26,20,20,false,15,1.1076631536983481,0.27023629496447754,0.5786280033918987,0.3628401234731632,78,3.859649122807017,0.9908870356558327
1,Cntnap_neg,OFT-0691-00,medium,120,285,26,20,20,false,21,0.9508977462714489,0.20660561989370518,0.653557980362199,0.5413915204916799,78,3.859649122807017,0.9946131684404121
1,Cntnap_neg,OFT-0691-00,medium,120,285,26,40,40,true,0,0.9351575625992578,0.2525094237820244,0.2282422775916644,0.04171890499799368,78,3.859649122807017,0.9768382308822939
1,Cntnap_neg,OFT-0691-00,medium,120,285,26,40,40,true,7,0.9525907266135318,0.25270724482932616,0.2586649073970114,0.06358445290414101,78,3.859649122807017,0.9794103731550932
1,Cntnap_neg,OFT-0691-00,medium,120,285,26,40,40,true,11,0.8954770335280823,0.2295854981255214,0.2927025482162396,0.17103749280010974,78,3.859649122807017,0.9783301491339357
1,Cntnap_neg,OFT-0691-00,medium,120,285,26,40,40,true,15,1.0259614991408355,0.25030356329747966,0.652979390931402,0.2799956285579554,78,3.859649122807017,0.9830308199520034
1,Cntnap_neg,OFT-0691-00,medium,120,285,26,40,40,true,21,0.9564607450036401,0.20781431641868797,0.42033810907872915,0.15669749201360275,78,3.859649122807017,0.9838940058116405
1,Cntnap_neg,OFT-0691-00,medium,120,285,26,40,40,false,0,0.9351575625992572,0.25250942378202423,0.22824227759166363,0.041718904997994966,78,3.859649122807017,0.9768382308822945
1,Cntnap_neg,OFT-0691-00,medium,120,285,26,40,40,false,7,0.9525907266135333,0.25270724482932655,0.25866490739701564,0.06358445290414046,78,3.859649122807017,0.9794103731550935
1,Cntnap_neg,OFT-0691-00,medium,120,285,26,40,40,false,11,0.8954770335280867,0.22958549812552254,0.29270254821624564,0.17103749280011377,78,3.859649122807017,0.9783301491339357
1,Cntnap_neg,OFT-0691-00,medium,120,285,26,40,40,false,15,1.0259614991408557,0.25030356329748454,0.6529793909314303,0.27999562855798554,78,3.859649122807017,0.983030819952005
1,Cntnap_neg,OFT-0691-00,medium,120,285,26,40,40,false,21,0.9564607450036516,0.20781431641869047,0.42033810907874786,0.15669749201362734,78,3.859649122807017,0.9838940058116412
1,Cntnap_neg,OFT-0691-00,medium,120,285,26,60,60,true,0,0.9531333633546498,0.2573632144931301,0.2620069131891754,0.01357131375646016,78,3.859649122807017,0.9527689564485042
1,Cntnap_neg,OFT-0691-00,medium,120,285,26,60,60,true,7,1.06487840483159,0.28249538888531966,0.3975983012053042,0.23792361212962893,78,3.859649122807017,0.9794549105791004
1,Cntnap_neg,OFT-0691-00,medium,120,285,26,60,60,true,11,1.1294731802789522,0.28957823931240784,0.5834000697136699,0.36824388903562355,78,3.859649122807017,0.9831452673771509
1,Cntnap_neg,OFT-0691-00,medium,120,285,26,60,60,true,15,1.0361861610926997,0.25279807144637895,0.6221409814982182,0.19393319274319068,78,3.859649122807017,0.9746968803763415
1,Cntnap_neg,OFT-0691-00,medium,120,285,26,60,60,true,21,0.9644014622669047,0.20953963001734813,0.444898965126315,0.0782768165947872,78,3.859649122807017,0.9847376804942146
1,Cntnap_neg,OFT-0691-00,medium,120,285,26,60,60,false,0,0.9531333633546484,0.2573632144931297,0.26200691318917696,0.013571313756459825,78,3.859649122807017,0.9527689564485045
1,Cntnap_neg,OFT-0691-00,medium,120,285,26,60,60,false,7,1.0648784048316031,0.28249538888532316,0.39759830120532474,0.23792361212965582,78,3.859649122807017,0.979454910579101
1,Cntnap_neg,OFT-0691-00,medium,120,285,26,60,60,false,11,1.129473180278944,0.2895782393124057,0.583400069713659,0.36824388903561533,78,3.859649122807017,0.9831452673771512
1,Cntnap_neg,OFT-0691-00,medium,120,285,26,60,60,false,15,1.0361861610927083,0.25279807144638106,0.6221409814982272,0.19393319274321175,78,3.859649122807017,0.9746968803763381
1,Cntnap_neg,OFT-0691-00,medium,120,285,26,60,60,false,21,0.9644014622669123,0.20953963001734977,0.444898965126318,0.07827681659477774,78,3.859649122807017,0.9847376804942168
1,Cntnap_neg,OFT-0691-00,medium,120,285,26,80,80,true,0,0.9727355470400874,0.26265615795553604,0.25845906942256497,0.05173692803219892,78,3.859649122807017,0.9613777943067083
1,Cntnap_neg,OFT-0691-00,medium,120,285,26,80,80,true,7,0.9957976721497227,0.26416936372141075,0.31325285240386125,0.10295334642155102,78,3.859649122807017,0.9721410684156876
1,Cntnap_neg,OFT-0691-00,medium,120,285,26,80,80,true,11,0.9810543236861423,0.25152609967480094,0.41639389980687425,0.1046824781910954,78,3.859649122807017,0.9669900823819857
1,Cntnap_neg,OFT-0691-00,medium,120,285,26,80,80,true,15,1.0098564880665886,0.24637442788430367,0.6154414124283253,0.09518371678272879,78,3.859649122807017,0.9676137454479833
1,Cntnap_neg,OFT-0691-00,medium,120,285,26,80,80,true,21,0.9079829963724217,0.19728134865609015,0.45263646547286457,0.2602162283179992,78,3.859649122807017,0.9813019630293607
1,Cntnap_neg,OFT-0691-00,medium,120,285,26,80,80,false,0,0.972735547040083,0.2626561579555349,0.25845906942255564,0.05173692803218846,78,3.859649122807017,0.9613777943067057
1,Cntnap_neg,OFT-0691-00,medium,120,285,26,80,80,false,7,0.9957976721497118,0.26416936372140787,0.31325285240384937,0.10295334642153693,78,3.859649122807017,0.9721410684156897
1,Cntnap_neg,OFT-0691-00,medium,120,285,26,80,80,false,11,0.9810543236861345,0.25152609967479894,0.4163938998068594,0.1046824781910866,78,3.859649122807017,0.9669900823819841
1,Cntnap_neg,OFT-0691-00,medium,120,285,26,80,80,false,15,1.0098564880665986,0.24637442788430608,0.6154414124283315,0.09518371678273059,78,3.859649122807017,0.9676137454479837
1,Cntnap_neg,OFT-0691-00,medium,120,285,26,80,80,false,21,0.907982996372415,0.19728134865608868,0.452636465472841,0.2602162283179719,78,3.859649122807017,0.9813019630293632
1,Cntnap_neg,OFT-0691-00,medium,120,285,26,120,104,true,0,0.9858203401517456,0.2661892883081884,0.2781789756793143,0.07552487144579914,78,3.859649122807017,0.9540679931941608
1,Cntnap_neg,OFT-0691-00,medium,120,285,26,120,104,true,7,0.9710643242810835,0.25760799794210176,0.2793469998204357,0.05853259516254587,78,3.859649122807017,0.960185431180308
1,Cntnap_neg,OFT-0691-00,medium,120,285,26,120,104,true,11,0.9775405358454112,0.25062522259865383,0.40773170441481393,0.09898705309384305,78,3.859649122807017,0.9648379855821073
1,Cntnap_neg,OFT-0691-00,medium,120,285,26,120,104,true,15,0.9911924426902099,0.24182096553004806,0.5764460277010427,0.08846672255086922,78,3.859649122807017,0.9609326313401512
1,Cntnap_neg,OFT-0691-00,medium,120,285,26,120,104,true,21,0.9254443927472885,0.20107526092098388,0.44583337284286223,0.16744112616153858,78,3.859649122807017,0.9767799420288013
1,Cntnap_neg,OFT-0691-00,medium,120,285,26,120,104,false,0,0.9858203401517517,0.26618928830819005,0.27817897567932576,0.07552487144581117,78,3.859649122807017,0.9540679931941588
1,Cntnap_neg,OFT-0691-00,medium,120,285,26,120,104,false,7,0.9710643242810854,0.25760799794210226,0.2793469998204452,0.05853259516254857,78,3.859649122807017,0.9601854311803093
1,Cntnap_neg,OFT-0691-00,medium,120,285,26,120,104,false,11,0.9775405358454053,0.25062522259865233,0.4077317044148114,0.09898705309382233,78,3.859649122807017,0.964837985582108
1,Cntnap_neg,OFT-0691-00,medium,120,285,26,120,104,false,15,0.9911924426901859,0.24182096553004223,0.5764460277010072,0.0884667225508556,78,3.859649122807017,0.9609326313401523
1,Cntnap_neg,OFT-0691-00,medium,120,285,26,120,104,false,21,0.9254443927472812,0.2010752609209823,0.4458333728428695,0.16744112616152917,78,3.859649122807017,0.9767799420288017
1,Cntnap_neg,OFT-0691-00,medium,105,285,39,10,10,true,0,1.4021440370485767,0.37855079542981795,0.7536403660393617,0.786350966214949,78,3.859649122807017,0.998163957051116
1,Cntnap_neg,OFT-0691-00,medium,105,285,39,10,10,true,7,1.4062374306737422,0.37104841329247346,0.7961472814357119,0.8440771321644549,78,3.859649122807017,0.9988453905684681
1,Cntnap_neg,OFT-0691-00,medium,105,285,39,10,10,true,11,1.3180745917858434,0.3328646991929207,0.7723397666378823,0.8387325154759643,78,3.859649122807017,0.9985220434426105
1,Cntnap_neg,OFT-0691-00,medium,105,285,39,10,10,true,15,1.0527105593245931,0.2501547229272468,0.6830326418380991,0.7997304007186757,78,3.859649122807017,0.9974174193533379
1,Cntnap_neg,OFT-0691-00,medium,105,285,39,10,10,true,21,0.9140306987087188,0.1900146934061364,0.6224902467690789,0.8674503935281576,78,3.859649122807017,0.9993292608674218
1,Cntnap_neg,OFT-0691-00,medium,105,285,39,10,10,false,0,1.4021440370485652,0.37855079542981485,0.7536403660393513,0.786350966214927,78,3.859649122807017,0.9981639570511169
1,Cntnap_neg,OFT-0691-00,medium,105,285,39,10,10,false,7,1.4062374306737437,0.37104841329247384,0.7961472814357168,0.8440771321644537,78,3.859649122807017,0.9988453905684694
1,Cntnap_neg,OFT-0691-00,medium,105,285,39,10,10,false,11,1.318074591785827,0.33286469919291656,0.7723397666378596,0.8387325154759242,78,3.859649122807017,0.9985220434426104
1,Cntnap_neg,OFT-0691-00,medium,105,285,39,10,10,false,15,1.0527105593245942,0.25015472292724705,0.6830326418380778,0.7997304007186588,78,3.859649122807017,0.9974174193533373
1,Cntnap_neg,OFT-0691-00,medium,105,285,39,10,10,false,21,0.9140306987087,0.1900146934061325,0.6224902467690538,0.8674503935281087,78,3.859649122807017,0.9993292608674221
1,Cntnap_neg,OFT-0691-00,medium,105,285,39,20,20,true,0,1.472753452436503,0.3976139227931074,0.8678608642849355,0.638094564199449,78,3.859649122807017,0.9919277889703011
1,Cntnap_neg,OFT-0691-00,medium,105,285,39,20,20,true,7,1.425523679625184,0.3761372638064066,0.7510585587277722,0.6788208315118057,78,3.859649122807017,0.995908753136195
1,Cntnap_neg,OFT-0691-00,medium,105,285,39,20,20,true,11,1.6320431981021342,0.41215388840025885,1.0336436517203542,0.8770179954876224,78,3.859649122807017,0.99333695741646
1,Cntnap_neg,OFT-0691-00,medium,105,285,39,20,20,true,15,1.620156217667455,0.3849963564433965,1.0236972852619288,0.9500391845341222,78,3.859649122807017,0.9973999776696785
1,Cntnap_neg,OFT-0691-00,medium,105,285,39,20,20,true,21,0.8179966533667625,0.17005050652709372,0.8242404523985543,1.1134219625877255,78,3.859649122807017,0.9992038663841458
1,Cntnap_neg,OFT-0691-00,medium,105,285,39,20,20,false,0,1.4727534524364967,0.39761392279310576,0.8678608642849307,0.6380945641994427,78,3.859649122807017,0.9919277889703001
1,Cntnap_neg,OFT-0691-00,medium,105,285,39,20,20,false,7,1.425523679625206,0.3761372638064124,0.7510585587277966,0.678820831511849,78,3.859649122807017,0.9959087531361931
1,Cntnap_neg,OFT-0691-00,medium,105,285,39,20,20,false,11,1.632043198102191,0.41215388840027317,1.033643651720421,0.877017995487725,78,3.859649122807017,0.9933369574164599
1,Cntnap_neg,OFT-0691-00,medium,105,285,39,20,20,false,15,1.620156217667379,0.38499635644337843,1.0236972852618431,0.9500391845339893,78,3.859649122807017,0.997399977669679
1,Cntnap_neg,OFT-0691-00,medium,105,285,39,20,20,false,21,0.8179966533667677,0.1700505065270948,0.8242404523985786,1.1134219625877815,78,3.859649122807017,0.9992038663841449
1,Cntnap_neg,OFT-0691-00,medium,105,285,39,40,40,true,0,1.044950724417542,0.28211575805426387,0.37296829535532455,0.09749469620122644,78,3.859649122807017,0.9846345823272256
1,Cntnap_neg,OFT-0691-00,medium,105,285,39,40,40,true,7,1.2528990009931549,0.3305886873680383,0.5671669830659058,0.4766125019739005,78,3.859649122807017,0.9906954816144535
1,Cntnap_neg,OFT-0691-00,medium,105,285,39,40,40,true,11,0.9845160552673763,0.24862829663013603,0.39552550735211417,0.2561330457908662,78,3.859649122807017,0.9923117891858708
1,Cntnap_neg,OFT-0691-00,medium,105,285,39,40,40,true,15,1.0005583687333175,0.2377618418339102,0.49322652636516073,0.267218140358447,78,3.859649122807017,0.9917379568177177
1,Cntnap_neg,OFT-0691-00,medium,105,285,39,40,40,true,21,0.825263040361601,0.17156109068903178,0.5866038495470952,0.4561140823295192,78,3.859649122807017,0.9923238475051034
1,Cntnap_neg,OFT-0691-00,medium,105,285,39,40,40,false,0,1.0449507244175311,0.2821157580542609,0.37296829535531006,0.09749469620122479,78,3.859649122807017,0.9846345823272259
1,Cntnap_neg,OFT-0691-00,medium,105,285,39,40,40,false,7,1.2528990009931615,0.3305886873680401,0.5671669830659132,0.4766125019739123,78,3.859649122807017,0.9906954816144551
1,Cntnap_neg,OFT-0691-00,medium,105,285,39,40,40,false,11,0.9845160552673857,0.2486282966301384,0.3955255073521155,0.2561330457908575,78,3.859649122807017,0.9923117891858706
1,Cntnap_neg,OFT-0691-00,medium,105,285,39,40,40,false,15,1.0005583687333544,0.23776184183391896,0.49322652636518083,0.2672181403584576,78,3.859649122807017,0.9917379568177146
1,Cntnap_neg,OFT-0691-00,medium,105,285,39,40,40,false,21,0.8252630403615909,0.17156109068902967,0.5866038495470967,0.4561140823295051,78,3.859649122807017,0.9923238475051035
1,Cntnap_neg,OFT-0691-00,medium,105,285,39,60,60,true,0,1.0283662453966544,0.2776382810196212,0.29556607465143747,0.050993331804599897,78,3.859649122807017,0.9793587562413726
1,Cntnap_neg,OFT-0691-00,medium,105,285,39,60,60,true,7,0.8999091565961632,0.23744913723594663,0.37237083213411787,0.30321144724351967,78,3.859649122807017,0.9815191590109026
1,Cntnap_neg,OFT-0691-00,medium,105,285,39,60,60,true,11,1.0739679375022286,0.2712183488607935,0.42085664621989155,0.22720793928454283,78,3.859649122807017,0.9852904878367751
1,Cntnap_neg,OFT-0691-00,medium,105,285,39,60,60,true,15,0.9959493647068408,0.23666660809183246,0.3787167783050819,0.1328249001019018,78,3.859649122807017,0.987066805949891
1,Cntnap_neg,OFT-0691-00,medium,105,285,39,60,60,true,21,0.983310217515348,0.2044169739246832,0.6260006138162257,0.24379064140529985,78,3.859649122807017,0.9866001553089414
1,Cntnap_neg,OFT-0691-00,medium,105,285,39,60,60,false,0,1.0283662453966496,0.2776382810196199,0.29556607465143536,0.05099333180459844,78,3.859649122807017,0.9793587562413718
1,Cntnap_neg,OFT-0691-00,medium,105,285,39,60,60,false,7,0.8999091565961669,0.23744913723594757,0.3723708321341184,0.3032114472435168,78,3.859649122807017,0.9815191590109013
1,Cntnap_neg,OFT-0691-00,medium,105,285,39,60,60,false,11,1.0739679375022266,0.27121834886079293,0.4208566462198889,0.22720793928453675,78,3.859649122807017,0.9852904878367725
1,Cntnap_neg,OFT-0691-00,medium,105,285,39,60,60,false,15,0.9959493647068495,0.2366666080918345,0.3787167783050804,0.1328249001018767,78,3.859649122807017,0.9870668059498893
1,Cntnap_neg,OFT-0691-00,medium,105,285,39,60,60,false,21,0.9833102175153112,0.20441697392467556,0.6260006138162131,0.24379064140528087,78,3.859649122807017,0.9866001553089395
1,Cntnap_neg,OFT-0691-00,medium,105,285,39,80,80,true,0,1.073503678362828,0.28982448350775625,0.330510509730713,0.12002804499096283,78,3.859649122807017,0.9777101015239205
1,Cntnap_neg,OFT-0691-00,medium,105,285,39,80,80,true,7,1.023205739609306,0.26998205130401515,0.2983577054948825,0.08334818438731066,78,3.859649122807017,0.982255547586183
1,Cntnap_neg,OFT-0691-00,medium,105,285,39,80,80,true,11,0.9900941521075411,0.250036981342171,0.4156306491704911,0.2687628765879883,78,3.859649122807017,0.9772761331747384
1,Cntnap_neg,OFT-0691-00,medium,105,285,39,80,80,true,15,1.0205487381219973,0.2425121364627082,0.4850107854644771,0.2740675524894071,78,3.859649122807017,0.9799778311894412
1,Cntnap_neg,OFT-0691-00,medium,105,285,39,80,80,true,21,1.0268773747855018,0.21347400017441462,0.5979004341082693,0.30493165189160315,78,3.859649122807017,0.9840773429905637
1,Cntnap_neg,OFT-0691-00,medium,105,285,39,80,80,false,0,1.0735036783628094,0.2898244835077512,0.33051050973069807,0.12002804499095061,78,3.859649122807017,0.97771010152392
1,Cntnap_neg,OFT-0691-00,medium,105,285,39,80,80,false,7,1.0232057396093095,0.2699820513040161,0.29835770549489216,0.08334818438731569,78,3.859649122807017,0.982255547586179
1,Cntnap_neg,OFT-0691-00,medium,105,285,39,80,80,false,11,0.9900941521075487,0.2500369813421729,0.4156306491705068,0.2687628765879974,78,3.859649122807017,0.9772761331747397
1,Cntnap_neg,OFT-0691-00,medium,105,285,39,80,80,false,15,1.0205487381220182,0.24251213646271313,0.4850107854644892,0.27406755248942194,78,3.859649122807017,0.9799778311894407
1,Cntnap_neg,OFT-0691-00,medium,105,285,39,80,80,false,21,1.0268773747855306,0.21347400017442061,0.5979004341082802,0.3049316518916068,78,3.859649122807017,0.984077342990562
1,Cntnap_neg,OFT-0691-00,medium,105,285,39,120,120,true,0,1.0369987717773952,0.27996889017364,0.29537681561832196,0.0618783227420432,78,3.859649122807017,0.9698042641883119
1,Cntnap_neg,OFT-0691-00,medium,105,285,39,120,120,true,7,1.0248324836162985,0.27041128236376477,0.3084646643548415,0.08691638562826753,78,3.859649122807017,0.9700285250386013
1,Cntnap_neg,OFT-0691-00,medium,105,285,39,120,120,true,11,0.9869895572968838,0.24925295134553385,0.3345966542128664,0.06936899061683169,78,3.859649122807017,0.9729153892765127
1,Cntnap_neg,OFT-0691-00,medium,105,285,39,120,120,true,15,0.9318697177775627,0.22143941560204314,0.39022605708547453,0.09126104327160474,78,3.859649122807017,0.9766668213404057
1,Cntnap_neg,OFT-0691-00,medium,105,285,39,120,120,true,21,1.0289829786145808,0.21391172690129856,0.5890466652217534,0.284383913239972,78,3.859649122807017,0.981877496916472
1,Cntnap_neg,OFT-0691-00,medium,105,285,39,120,120,false,0,1.0369987717773983,0.27996889017364085,0.29537681561832313,0.061878322742043745,78,3.859649122807017,0.9698042641883091
1,Cntnap_neg,OFT-0691-00,medium,105,285,39,120,120,false,7,1.0248324836162914,0.2704112823637629,0.3084646643548356,0.08691638562825368,78,3.859649122807017,0.9700285250385987
1,Cntnap_neg,OFT-0691-00,medium,105,285,39,120,120,false,11,0.9869895572968761,0.2492529513455319,0.3345966542128601,0.06936899061682618,78,3.859649122807017,0.9729153892765141
1,Cntnap_neg,OFT-0691-00,medium,105,285,39,120,120,false,15,0.9318697177775113,0.22143941560203093,0.3902260570854695,0.09126104327161257,78,3.859649122807017,0.9766668213404044
1,Cntnap_neg,OFT-0691-00,medium,105,285,39,120,120,false,21,1.0289829786145894,0.21391172690130036,0.5890466652217623,0.2843839132399573,78,3.859649122807017,0.9818774969164734
1,Cntnap_neg,OFT-0691-00,medium,91,285,52,10,10,true,0,1.5912064159592785,0.42398210151708526,0.8689913963801613,0.7607888195359506,78,3.859649122807017,1.0
1,Cntnap_neg,OFT-0691-00,medium,91,285,52,10,10,true,7,1.6157457039389294,0.420156259473058,0.8974525521081181,0.8027530126373171,78,3.859649122807017,1.0000000000000002
1,Cntnap_neg,OFT-0691-00,medium,91,285,52,10,10,true,11,1.6397337823281257,0.406229185992851,0.935991436239163,0.891121934413611,78,3.859649122807017,1.000000000000001
1,Cntnap_neg,OFT-0691-00,medium,91,285,52,10,10,true,15,1.6190151457958324,0.3732891207548672,0.9871124117477199,1.0314777654896132,78,3.859649122807017,1.0000000000000002
1,Cntnap_neg,OFT-0691-00,medium,91,285,52,10,10,true,21,0.8608182523845508,0.16854863819567914,0.8040524435303507,1.2339272235162417,78,3.859649122807017,0.999351571097585
1,Cntnap_neg,OFT-0691-00,medium,91,285,52,10,10,false,0,1.618670854668988,0.43130009013524323,0.8999218991955863,0.8120663188916253,78,3.859649122807017,1.0010013935483542
1,Cntnap_neg,OFT-0691-00,medium,91,285,52,10,10,false,7,1.6489948022086478,0.42880230861668306,0.9347052974317167,0.8653750869750687,78,3.859649122807017,1.0011627874237525
1,Cntnap_neg,OFT-0691-00,medium,91,285,52,10,10,false,11,1.6828005926237102,0.41689859799023277,0.9847242391630252,0.9755850692287614,78,3.859649122807017,1.0014376876197455
1,Cntnap_neg,OFT-0691-00,medium,91,285,52,10,10,false,15,1.6793170167277245,0.38719265491172317,1.060578136237346,1.1636798670732607,78,3.859649122807017,1.0020199867874384
1,Cntnap_neg,OFT-0691-00,medium,91,285,52,10,10,false,21,0.8608182523845462,0.16854863819567825,0.8040524435303328,1.233927223516214,78,3.859649122807017,0.9993515710975852
1,Cntnap_neg,OFT-0691-00,medium,91,285,52,20,20,true,0,0.8493701258037641,0.22631742009851663,0.6461688062183862,0.7753694863339423,78,3.859649122807017,0.9955631732972886
1,Cntnap_neg,OFT-0691-00,medium,91,285,52,20,20,true,7,0.8916441140635452,0.23186189190094716,0.7640320168828082,0.944940963475107,78,3.859649122807017,0.9966266162755413
1,Cntnap_neg,OFT-0691-00,medium,91,285,52,20,20,true,11,0.9022065335435469,0.2235134932686813,0.8432305538869431,1.0415263327988646,78,3.859649122807017,0.9961879160600691
1,Cntnap_neg,OFT-0691-00,medium,91,285,52,20,20,true,15,1.4430708857764463,0.33272243532573365,0.8227428010408948,1.0529205678342275,78,3.859649122807017,0.9992198394880847
1,Cntnap_neg,OFT-0691-00,medium,91,285,52,20,20,true,21,1.2698261450193402,0.24863258521226955,0.961771780623735,1.106809538245598,78,3.859649122807017,0.9999999999999992
1,Cntnap_neg,OFT-0691-00,medium,91,285,52,20,20,false,0,0.8493701258037616,0.22631742009851594,0.6461688062183782,0.7753694863339303,78,3.859649122807017,0.9955631732972904
1,Cntnap_neg,OFT-0691-00,medium,91,285,52,20,20,false,7,0.8916441140635359,0.23186189190094478,0.7640320168827315,0.9449409634750041,78,3.859649122807017,0.9966266162755425
1,Cntnap_neg,OFT-0691-00,medium,91,285,52,20,20,false,11,0.9022065335435421,0.22351349326868014,0.8432305538869175,1.0415263327988362,78,3.859649122807017,0.9961879160600694
1,Cntnap_neg,OFT-0691-00,medium,91,285,52,20,20,false,15,1.4430708857764656,0.3327224353257381,0.8227428010409157,1.0529205678342632,78,3.859649122807017,0.9992198394880842
1,Cntnap_neg,OFT-0691-00,medium,91,285,52,20,20,false,21,1.3249473698354088,0.25942534820572416,1.0553027376239832,1.3067889045421412,78,3.859649122807017,1.0034118044944553
1,Cntnap_neg,OFT-0691-00,medium,91,285,52,40,40,true,0,1.0487475011269363,0.2794421672945099,0.46519219801870504,0.3261044781712633,78,3.859649122807017,0.9905311851432982
1,Cntnap_neg,OFT-0691-00,medium,91,285,52,40,40,true,7,1.1557960621739487,0.3005515960914176,0.5643654073659579,0.265076877147228,78,3.859649122807017,0.9926471907386307
1,Cntnap_neg,OFT-0691-00,medium,91,285,52,40,40,true,11,1.0034407510942402,0.24859335332489868,0.5367569612361696,0.43505295478943007,78,3.859649122807017,0.9946030782386667
1,Cntnap_neg,OFT-0691-00,medium,91,285,52,40,40,true,15,1.3640616176244749,0.3145056198027155,0.8195012726814381,0.9242633157342992,78,3.859649122807017,0.9961269900915786
1,Cntnap_neg,OFT-0691-00,medium,91,285,52,40,40,true,21,0.9745568992775495,0.19081872132987154,0.8919245379028806,1.3471488574561266,78,3.859649122807017,0.9975590099895218
1,Cntnap_neg,OFT-0691-00,medium,91,285,52,40,40,false,0,1.0487475011269514,0.27944216729451393,0.4651921980187152,0.3261044781712988,78,3.859649122807017,0.9905311851432987
1,Cntnap_neg,OFT-0691-00,medium,91,285,52,40,40,false,7,1.1557960621739294,0.3005515960914126,0.5643654073659452,0.2650768771472202,78,3.859649122807017,0.9926471907386308
1,Cntnap_neg,OFT-0691-00,medium,91,285,52,40,40,false,11,1.003440751094242,0.24859335332489912,0.5367569612361875,0.43505295478945705,78,3.859649122807017,0.9946030782386664
1,Cntnap_neg,OFT-0691-00,medium,91,285,52,40,40,false,15,1.364061617624476,0.3145056198027158,0.8195012726814331,0.9242633157342847,78,3.859649122807017,0.9961269900915786
1,Cntnap_neg,OFT-0691-00,medium,91,285,52,40,40,false,21,0.9745568992775465,0.19081872132987096,0.8919245379028956,1.3471488574561592,78,3.859649122807017,0.9975590099895234
1,Cntnap_neg,OFT-0691-00,medium,91,285,52,60,60,true,0,1.311196349130275,0.3493725125980203,0.7058175998720659,0.46134304888689925,78,3.859649122807017,0.9915887835132677
1,Cntnap_neg,OFT-0691-00,medium,91,285,52,60,60,true,7,1.0822620082022147,0.28142990324994216,0.6377363825333398,0.258023659969558,78,3.859649122807017,0.9890907081525605
1,Cntnap_neg,OFT-0691-00,medium,91,285,52,60,60,true,11,1.0511132884685264,0.2604037924708641,0.5506541352728364,0.35082350758750386,78,3.859649122807017,0.9937503132049935
1,Cntnap_neg,OFT-0691-00,medium,91,285,52,60,60,true,15,1.183162636636506,0.27279654639855233,0.602476530866451,0.4898611199243373,78,3.859649122807017,0.9955083118556141
1,Cntnap_neg,OFT-0691-00,medium,91,285,52,60,60,true,21,1.01141047319682,0.19803466927187913,0.45697224348654447,0.48242396419058353,78,3.859649122807017,0.9944083132386135
1,Cntnap_neg,OFT-0691-00,medium,91,285,52,60,60,false,0,1.3111963491302596,0.34937251259801627,0.7058175998720531,0.4613430488868741,78,3.859649122807017,0.9915887835132677
1,Cntnap_neg,OFT-0691-00,medium,91,285,52,60,60,false,7,1.0822620082021988,0.281429903249938,0.6377363825333559,0.25802365996959126,78,3.859649122807017,0.9890907081525577
1,Cntnap_neg,OFT-0691-00,medium,91,285,52,60,60,false,11,1.051113288468537,0.2604037924708667,0.5506541352728418,0.35082350758752084,78,3.859649122807017,0.9937503132049949
1,Cntnap_neg,OFT-0691-00,medium,91,285,52,60,60,false,15,1.183162636636471,0.2727965463985442,0.6024765308664082,0.4898611199242664,78,3.859649122807017,0.9955083118556126
1,Cntnap_neg,OFT-0691-00,medium,91,285,52,60,60,false,21,1.011410473196789,0.19803466927187302,0.45697224348652904,0.48242396419051536,78,3.859649122807017,0.9944083132386159
1,Cntnap_neg,OFT-0691-00,medium,91,285,52,80,80,true,0,1.0699885733879575,0.28510191977249044,0.5050136301853767,0.19348661774144915,78,3.859649122807017,0.9873519918172077
1,Cntnap_neg,OFT-0691-00,medium,91,285,52,80,80,true,7,1.0490718901077118,0.27279919122882423,0.5720615494231908,0.20342780508208966,78,3.859649122807017,0.9865914301428454
1,Cntnap_neg,OFT-0691-00,medium,91,285,52,80,80,true,11,1.0153423872121816,0.25154187582549015,0.40594739167122235,0.20178915945796114,78,3.859649122807017,0.9853382825031063
1,Cntnap_neg,OFT-0691-00,medium,91,285,52,80,80,true,15,1.035147971332023,0.23866946339144623,0.450170218254515,0.31680132768846614,78,3.859649122807017,0.9904671422087078
1,Cntnap_neg,OFT-0691-00,medium,91,285,52,80,80,true,21,0.8731952051420953,0.17097205164737772,0.4956299704993724,0.5496784986889973,78,3.859649122807017,0.9894895832320736
1,Cntnap_neg,OFT-0691-00,medium,91,285,52,80,80,false,0,1.0699885733879757,0.28510191977249527,0.5050136301853856,0.1934866177414682,78,3.859649122807017,0.9873519918172058
1,Cntnap_neg,OFT-0691-00,medium,91,285,52,80,80,false,7,1.0490718901076836,0.2727991912288169,0.5720615494231721,0.20342780508207164,78,3.859649122807017,0.9865914301428435
1,Cntnap_neg,OFT-0691-00,medium,91,285,52,80,80,false,11,1.0153423872121687,0.251541875825487,0.40594739167123706,0.20178915945795237,78,3.859649122807017,0.9853382825031063
1,Cntnap_neg,OFT-0691-00,medium,91,285,52,80,80,false,15,1.0351479713320368,0.2386694633914494,0.4501702182545066,0.3168013276884139,78,3.859649122807017,0.9904671422087065
1,Cntnap_neg,OFT-0691-00,medium,91,285,52,80,80,false,21,0.8731952051421003,0.1709720516473787,0.4956299704993705,0.5496784986889681,78,3.859649122807017,0.9894895832320727
1,Cntnap_neg,OFT-0691-00,medium,91,285,52,120,120,true,0,1.0336862714299873,0.2754290538767298,0.4159611228834299,0.07632585922501546,78,3.859649122807017,0.9800550940453505
1,Cntnap_neg,OFT-0691-00,medium,91,285,52,120,120,true,7,1.0328135742057882,0.2685714014361418,0.4594496456803441,0.1983628070052895,78,3.859649122807017,0.9799408675313273
1,Cntnap_neg,OFT-0691-00,medium,91,285,52,120,120,true,11,0.9698976100416075,0.24028334408296695,0.38141726533821224,0.13882384278294466,78,3.859649122807017,0.9819176104556762
1,Cntnap_neg,OFT-0691-00,medium,91,285,52,120,120,true,15,1.0397753587666498,0.2397363795295376,0.4152380928894165,0.27456387335423443,78,3.859649122807017,0.9811033369387809
1,Cntnap_neg,OFT-0691-00,medium,91,285,52,120,120,true,21,0.9311466942729956,0.1823189817889815,0.4361366907988649,0.4044294771755828,78,3.859649122807017,0.9835802968530116
1,Cntnap_neg,OFT-0691-00,medium,91,285,52,120,120,false,0,1.0336862714299908,0.2754290538767307,0.4159611228834171,0.07632585922501613,78,3.859649122807017,0.980055094045351
1,Cntnap_neg,OFT-0691-00,medium,91,285,52,120,120,false,7,1.0328135742057982,0.26857140143614433,0.45944964568035435,0.19836280700528325,78,3.859649122807017,0.9799408675313294
1,Cntnap_neg,OFT-0691-00,medium,91,285,52,120,120,false,11,0.9698976100415886,0.24028334408296226,0.38141726533823517,0.13882384278291207,78,3.859649122807017,0.981917610455676
1,Cntnap_neg,OFT-0691-00,medium,91,285,52,120,120,false,15,1.039775358766702,0.23973637952954965,0.4152380928894274,0.27456387335430155,78,3.859649122807017,0.9811033369387786
1,Cntnap_neg,OFT-0691-00,medium,91,285,52,120,120,false,21,0.9311466942730114,0.18231898178898462,0.43613669079880424,0.40442947717546934,78,3.859649122807017,0.9835802968530132
2,TSC_hom,OFT-0658-00,medium,95,279,8,10,10,true,0,0.9320692204524855,0.2741819806282854,0.2709184512696888,0.005266221015944938,220,0.7168458781362007,0.9667858104133334
2,TSC_hom,OFT-0658-00,medium,95,279,8,10,10,true,7,0.9318803888136353,0.26974499000870916,0.2828646118920393,0.007085957742466536,220,0.7168458781362007,0.9700722334543124
2,TSC_hom,OFT-0658-00,medium,95,279,8,10,10,true,11,0.9292486101699962,0.2605886905880338,0.3182617757548638,0.03506282018315112,220,0.7168458781362007,0.9870214088574809
2,TSC_hom,OFT-0658-00,medium,95,279,8,10,10,true,15,1.0120542609183667,0.2721955506284401,0.48110877946590713,0.18459224387184878,220,0.7168458781362007,0.9912486727522137
2,TSC_hom,OFT-0658-00,medium,95,279,8,10,10,true,21,1.0813686537053306,0.27012503384634323,0.42696600206208296,0.17548662809503748,220,0.7168458781362007,0.9919655412249171
2,TSC_hom,OFT-0658-00,medium,95,279,8,10,10,false,0,0.932069220452486,0.2741819806282855,0.2709184512696905,0.005266221015945295,220,0.7168458781362007,0.9667858104133344
2,TSC_hom,OFT-0658-00,medium,95,279,8,10,10,false,7,0.9318803888136361,0.2697449900087094,0.28286461189203926,0.007085957742466316,220,0.7168458781362007,0.9700722334543123
2,TSC_hom,OFT-0658-00,medium,95,279,8,10,10,false,11,0.9292486101699932,0.26058869058803297,0.31826177575486775,0.03506282018314891,220,0.7168458781362007,0.9870214088574804
2,TSC_hom,OFT-0658-00,medium,95,279,8,10,10,false,15,1.0120542609183578,0.2721955506284377,0.48110877946589153,0.1845922438718134,220,0.7168458781362007,0.9912486727522127
2,TSC_hom,OFT-0658-00,medium,95,279,8,10,10,false,21,1.0813686537053449,0.2701250338463468,0.4269660020620954,0.17548662809506985,220,0.7168458781362007,0.9919655412249166
2,TSC_hom,OFT-0658-00,medium,95,279,8,20,20,true,0,0.9538285508433177,0.28058281027997944,0.21473788589661721,0.005759412872674745,220,0.7168458781362007,0.972782681305283
2,TSC_hom,OFT-0658-00,medium,95,279,8,20,20,true,7,0.9533876495280639,0.27597054845609104,0.2359100027268105,0.001903865452519821,220,0.7168458781362007,0.9659523606085579
2,TSC_hom,OFT-0658-00,medium,95,279,8,20,20,true,11,0.9482928547319714,0.26592925790159216,0.5250397446611196,0.0935747206481668,220,0.7168458781362007,0.9843698731710745
2,TSC_hom,OFT-0658-00,medium,95,279,8,20,20,true,15,0.9859884938796396,0.2651850709677737,0.37247600450315344,0.04367958277607986,220,0.7168458781362007,0.9812068174964672
2,TSC_hom,OFT-0658-00,medium,95,279,8,20,20,true,21,0.967666005567141,0.2417222023313872,0.3947542906942209,0.08836083716610456,220,0.7168458781362007,0.9855613122392554
2,TSC_hom,OFT-0658-00,medium,95,279,8,20,20,false,0,0.9538285508433179,0.2805828102799795,0.21473788589661386,0.005759412872673806,220,0.7168458781362007,0.9727826813052837
2,TSC_hom,OFT-0658-00,medium,95,279,8,20,20,false,7,0.9533876495280648,0.2759705484560913,0.23591000272680765,0.0019038654525196162,220,0.7168458781362007,0.9659523606085577
2,TSC_hom,OFT-0658-00,medium,95,279,8,20,20,false,11,0.9482928547319756,0.26592925790159333,0.5250397446611176,0.09357472064816268,220,0.7168458781362007,0.9843698731710754
2,TSC_hom,OFT-0658-00,medium,95,279,8,20,20,false,15,0.9859884938796413,0.26518507096777416,0.3724760045031546,0.04367958277608307,220,0.7168458781362007,0.9812068174964677
2,TSC_hom,OFT-0658-00,medium,95,279,8,20,20,false,21,0.9676660055671429,0.24172220233138766,0.3947542906942352,0.08836083716612492,220,0.7168458781362007,0.9855613122392556
2,TSC_hom,OFT-0658-00,medium,95,279,8,40,32,true,0,0.9549168167429891,0.28090293982966813,0.20538216886147445,0.001802975305816643,220,0.7168458781362007,0.9651765372384727
2,TSC_hom,OFT-0658-00,medium,95,279,8,40,32,true,7,0.9512754282331151,0.27535913832348,0.24783496327857427,0.005877200578998971,220,0.7168458781362007,0.9716361436849285
2,TSC_hom,OFT-0658-00,medium,95,279,8,40,32,true,11,0.9390907327085587,0.2633487117458398,0.47213315006691675,0.09185900443214007,220,0.7168458781362007,0.9854388828182669
2,TSC_hom,OFT-0658-00,medium,95,279,8,40,32,true,15,0.9574158500402581,0.2575003579804351,0.3690268955107472,0.038942184296941545,220,0.7168458781362007,0.9804919717426587
2,TSC_hom,OFT-0658-00,medium,95,279,8,40,32,true,21,0.9311176908887646,0.23259246225089336,0.34482631420760934,0.05380424392822379,220,0.7168458781362007,0.9828688085062247
2,TSC_hom,OFT-0658-00,medium,95,279,8,40,32,false,0,0.9549168167429888,0.280902939829668,0.2053821688614768,0.0018029753058167986,220,0.7168458781362007,0.9651765372384742
2,TSC_hom,OFT-0658-00,medium,95,279,8,40,32,false,7,0.9512754282331156,0.2753591383234802,0.24783496327856638,0.005877200578997262,220,0.7168458781362007,0.9716361436849295
2,TSC_hom,OFT-0658-00,medium,95,279,8,40,32,false,11,0.9390907327085528,0.2633487117458381,0.4721331500669058,0.09185900443213146,220,0.7168458781362007,0.9854388828182674
2,TSC_hom,OFT-0658-00,medium,95,279,8,40,32,false,15,0.957415850040263,0.2575003579804364,0.3690268955107603,0.03894218429695018,220,0.7168458781362007,0.9804919717426598
2,TSC_hom,OFT-0658-00,medium,95,279,8,40,32,false,21,0.9311176908887728,0.23259246225089542,0.3448263142075912,0.05380424392820864,220,0.7168458781362007,0.9828688085062267
2,TSC_hom,OFT-0658-00,medium,95,279,8,60,32,true,0,0.9549168167429891,0.28090293982966813,0.20538216886147445,0.001802975305816643,220,0.7168458781362007,0.9651765372384727
2,TSC_hom,OFT-0658-00,medium,95,279,8,60,32,true,7,0.9512754282331151,0.27535913832348,0.24783496327857427,0.005877200578998971,220,0.7168458781362007,0.9716361436849285
2,TSC_hom,OFT-0658-00,medium,95,279,8,60,32,true,11,0.9390907327085587,0.2633487117458398,0.47213315006691675,0.09185900443214007,220,0.7168458781362007,0.9854388828182669
2,TSC_hom,OFT-0658-00,medium,95,279,8,60,32,true,15,0.9574158500402581,0.2575003579804351,0.3690268955107472,0.038942184296941545,220,0.7168458781362007,0.9804919717426587
2,TSC_hom,OFT-0658-00,medium,95,279,8,60,32,true,21,0.9311176908887646,0.23259246225089336,0.34482631420760934,0.05380424392822379,220,0.7168458781362007,0.9828688085062247
2,TSC_hom,OFT-0658-00,medium,95,279,8,60,32,false,0,0.9549168167429888,0.280902939829668,0.2053821688614768,0.0018029753058167986,220,0.7168458781362007,0.9651765372384742
2,TSC_hom,OFT-0658-00,medium,95,279,8,60,32,false,7,0.9512754282331156,0.2753591383234802,0.24783496327856638,0.005877200578997262,220,0.7168458781362007,0.9716361436849295
2,TSC_hom,OFT-0658-00,medium,95,279,8,60,32,false,11,0.9390907327085528,0.2633487117458381,0.4721331500669058,0.09185900443213146,220,0.7168458781362007,0.9854388828182674
2,TSC_hom,OFT-0658-00,medium,95,279,8,60,32,false,15,0.957415850040263,0.2575003579804364,0.3690268955107603,0.03894218429695018,220,0.7168458781362007,0.9804919717426598
2,TSC_hom,OFT-0658-00,medium,95,279,8,60,32,false,21,0.9311176908887728,0.23259246225089542,0.3448263142075912,0.05380424392820864,220,0.7168458781362007,0.9828688085062267
2,TSC_hom,OFT-0658-00,medium,95,279,8,80,32,true,0,0.9549168167429891,0.28090293982966813,0.20538216886147445,0.001802975305816643,220,0.7168458781362007,0.9651765372384727
2,TSC_hom,OFT-0658-00,medium,95,279,8,80,32,true,7,0.9512754282331151,0.27535913832348,0.24783496327857427,0.005877200578998971,220,0.7168458781362007,0.9716361436849285
2,TSC_hom,OFT-0658-00,medium,95,279,8,80,32,true,11,0.9390907327085587,0.2633487117458398,0.47213315006691675,0.09185900443214007,220,0.7168458781362007,0.9854388828182669
2,TSC_hom,OFT-0658-00,medium,95,279,8,80,32,true,15,0.9574158500402581,0.2575003579804351,0.3690268955107472,0.038942184296941545,220,0.7168458781362007,0.9804919717426587
2,TSC_hom,OFT-0658-00,medium,95,279,8,80,32,true,21,0.9311176908887646,0.23259246225089336,0.34482631420760934,0.05380424392822379,220,0.7168458781362007,0.9828688085062247
2,TSC_hom,OFT-0658-00,medium,95,279,8,80,32,false,0,0.9549168167429888,0.280902939829668,0.2053821688614768,0.0018029753058167986,220,0.7168458781362007,0.9651765372384742
2,TSC_hom,OFT-0658-00,medium,95,279,8,80,32,false,7,0.9512754282331156,0.2753591383234802,0.24783496327856638,0.005877200578997262,220,0.7168458781362007,0.9716361436849295
2,TSC_hom,OFT-0658-00,medium,95,279,8,80,32,false,11,0.9390907327085528,0.2633487117458381,0.4721331500669058,0.09185900443213146,220,0.7168458781362007,0.9854388828182674
2,TSC_hom,OFT-0658-00,medium,95,279,8,80,32,false,15,0.957415850040263,0.2575003579804364,0.3690268955107603,0.03894218429695018,220,0.7168458781362007,0.9804919717426598
2,TSC_hom,OFT-0658-00,medium,95,279,8,80,32,false,21,0.9311176908887728,0.23259246225089542,0.3448263142075912,0.05380424392820864,220,0.7168458781362007,0.9828688085062267
2,TSC_hom,OFT-0658-00,medium,95,279,8,120,32,true,0,0.9549168167429891,0.28090293982966813,0.20538216886147445,0.001802975305816643,220,0.7168458781362007,0.9651765372384727
2,TSC_hom,OFT-0658-00,medium,95,279,8,120,32,true,7,0.9512754282331151,0.27535913832348,0.24783496327857427,0.005877200578998971,220,0.7168458781362007,0.9716361436849285
2,TSC_hom,OFT-0658-00,medium,95,279,8,120,32,true,11,0.9390907327085587,0.2633487117458398,0.47213315006691675,0.09185900443214007,220,0.7168458781362007,0.9854388828182669
2,TSC_hom,OFT-0658-00,medium,95,279,8,120,32,true,15,0.9574158500402581,0.2575003579804351,0.3690268955107472,0.038942184296941545,220,0.7168458781362007,0.9804919717426587
2,TSC_hom,OFT-0658-00,medium,95,279,8,120,32,true,21,0.9311176908887646,0.23259246225089336,0.34482631420760934,0.05380424392822379,220,0.7168458781362007,0.9828688085062247
2,TSC_hom,OFT-0658-00,medium,95,279,8,120,32,false,0,0.9549168167429888,0.280902939829668,0.2053821688614768,0.0018029753058167986,220,0.7168458781362007,0.9651765372384742
2,TSC_hom,OFT-0658-00,medium,95,279,8,120,32,false,7,0.9512754282331156,0.2753591383234802,0.24783496327856638,0.005877200578997262,220,0.7168458781362007,0.9716361436849295
2,TSC_hom,OFT-0658-00,medium,95,279,8,120,32,false,11,0.9390907327085528,0.2633487117458381,0.4721331500669058,0.09185900443213146,220,0.7168458781362007,0.9854388828182674
2,TSC_hom,OFT-0658-00,medium,95,279,8,120,32,false,15,0.957415850040263,0.2575003579804364,0.3690268955107603,0.03894218429695018,220,0.7168458781362007,0.9804919717426598
2,TSC_hom,OFT-0658-00,medium,95,279,8,120,32,false,21,0.9311176908887728,0.23259246225089542,0.3448263142075912,0.05380424392820864,220,0.7168458781362007,0.9828688085062267
2,TSC_hom,OFT-0658-00,medium,95,279,13,10,10,true,0,1.017683279552232,0.299909537383603,0.3328401257089714,0.12688485993118545,220,0.7168458781362007,0.9916146057177412
2,TSC_hom,OFT-0658-00,medium,95,279,13,10,10,true,7,1.0276416782459337,0.2971564531103392,0.39426511140605625,0.18205249791636316,220,0.7168458781362007,0.9930598815954327
2,TSC_hom,OFT-0658-00,medium,95,279,13,10,10,true,11,1.114639612850358,0.3113481672819222,0.5168048150931783,0.3391701298647767,220,0.7168458781362007,0.9955933537671768
2,TSC_hom,OFT-0658-00,medium,95,279,13,10,10,true,15,1.2743578004835705,0.3413295429264163,0.6760733359448409,0.6501830991470668,220,0.7168458781362007,0.9987005320786653
2,TSC_hom,OFT-0658-00,medium,95,279,13,10,10,true,21,1.251683474754237,0.311869503754642,0.6404370209477315,0.653998358465515,220,0.7168458781362007,0.9990020172364269
2,TSC_hom,OFT-0658-00,medium,95,279,13,10,10,false,0,1.0176832795522297,0.2999095373836023,0.33284012570896826,0.12688485993118004,220,0.7168458781362007,0.9916146057177412
2,TSC_hom,OFT-0658-00,medium,95,279,13,10,10,false,7,1.027641678245927,0.2971564531103373,0.39426511140604414,0.18205249791634195,220,0.7168458781362007,0.9930598815954322
2,TSC_hom,OFT-0658-00,medium,95,279,13,10,10,false,11,1.1146396128503497,0.31134816728191994,0.516804815093166,0.3391701298647545,220,0.7168458781362007,0.9955933537671771
2,TSC_hom,OFT-0658-00,medium,95,279,13,10,10,false,15,1.2743578004836589,0.34132954292643997,0.6760733359449494,0.6501830991472973,220,0.7168458781362007,0.9987005320786653
2,TSC_hom,OFT-0658-00,medium,95,279,13,10,10,false,21,1.2516834747542633,0.31186950375464856,0.6404370209477624,0.6539983584655765,220,0.7168458781362007,0.9990020172364265
2,TSC_hom,OFT-0658-00,medium,95,279,13,20,20,true,0,0.9624238089606922,0.28362466507199013,0.46994271929912546,0.2082338556818939,220,0.7168458781362007,0.9911706647033774
2,TSC_hom,OFT-0658-00,medium,95,279,13,20,20,true,7,0.8899442446091098,0.25733938277532065,0.4700690825483096,0.09665437001005324,220,0.7168458781362007,0.9861993749065682
2,TSC_hom,OFT-0658-00,medium,95,279,13,20,20,true,11,1.0564293030917133,0.29508849639697937,0.5011192311408161,0.13281011340481563,220,0.7168458781362007,0.9853045702794857
2,TSC_hom,OFT-0658-00,medium,95,279,13,20,20,true,15,0.9804620333978333,0.26261122079638555,0.31305117081417727,0.024745262833589247,220,0.7168458781362007,0.9848475856578363
2,TSC_hom,OFT-0658-00,medium,95,279,13,20,20,true,21,1.0561950701192724,0.2631616051740814,0.3347011118265183,0.1193146738052935,220,0.7168458781362007,0.99007058394314
2,TSC_hom,OFT-0658-00,medium,95,279,13,20,20,false,0,0.9624238089606756,0.28362466507198525,0.469942719299091,0.20823385568184077,220,0.7168458781362007,0.9911706647033764
2,TSC_hom,OFT-0658-00,medium,95,279,13,20,20,false,7,0.8899442446091137,0.25733938277532176,0.47006908254833196,0.09665437001008198,220,0.7168458781362007,0.9861993749065692
2,TSC_hom,OFT-0658-00,medium,95,279,13,20,20,false,11,1.0564293030917302,0.29508849639698403,0.5011192311408423,0.13281011340484797,220,0.7168458781362007,0.9853045702794856
2,TSC_hom,OFT-0658-00,medium,95,279,13,20,20,false,15,0.9804620333978302,0.2626112207963847,0.3130511708141688,0.024745262833580604,220,0.7168458781362007,0.984847585657836
2,TSC_hom,OFT-0658-00,medium,95,279,13,20,20,false,21,1.056195070119276,0.26316160517408227,0.33470111182652185,0.11931467380530202,220,0.7168458781362007,0.9900705839431402
2,TSC_hom,OFT-0658-00,medium,95,279,13,40,40,true,0,0.9765912469550284,0.2877997850333417,0.36554628191318184,0.09388056354430843,220,0.7168458781362007,0.9870609749660197
2,TSC_hom,OFT-0658-00,medium,95,279,13,40,40,true,7,0.9480665368740272,0.2741462275945826,0.4975015154589261,0.09126375499399238,220,0.7168458781362007,0.9851733390060838
2,TSC_hom,OFT-0658-00,medium,95,279,13,40,40,true,11,0.9512719294692097,0.2657152755136638,0.3366215633572242,0.043273979882971346,220,0.7168458781362007,0.9823364952159489
2,TSC_hom,OFT-0658-00,medium,95,279,13,40,40,true,15,0.9703231242394251,0.25989557121390666,0.35150781891637606,0.05502085527502778,220,0.7168458781362007,0.9832841436551962
2,TSC_hom,OFT-0658-00,medium,95,279,13,40,40,true,21,0.9875255617087043,0.24605190776013736,0.33410035233397717,0.06765055002876626,220,0.7168458781362007,0.983998104895733
2,TSC_hom,OFT-0658-00,medium,95,279,13,40,40,false,0,0.9765912469550201,0.28779978503333925,0.36554628191315675,0.09388056354427592,220,0.7168458781362007,0.9870609749660193
2,TSC_hom,OFT-0658-00,medium,95,279,13,40,40,false,7,0.9480665368740203,0.2741462275945806,0.497501515458924,0.09126375499398644,220,0.7168458781362007,0.9851733390060838
2,TSC_hom,OFT-0658-00,medium,95,279,13,40,40,false,11,0.9512719294692007,0.2657152755136613,0.3366215633572248,0.04327397988296847,220,0.7168458781362007,0.9823364952159486
2,TSC_hom,OFT-0658-00,medium,95,279,13,40,40,false,15,0.9703231242394309,0.2598955712139082,0.35150781891636723,0.05502085527501463,220,0.7168458781362007,0.9832841436551949
2,TSC_hom,OFT-0658-00,medium,95,279,13,40,40,false,21,0.9875255617087104,0.24605190776013885,0.3341003523339889,0.0676505500287751,220,0.7168458781362007,0.983998104895734
2,TSC_hom,OFT-0658-00,medium,95,279,13,60,52,true,0,0.9819335432598062,0.2893741506984993,0.3704805689517375,0.09112688986894052,220,0.7168458781362007,0.9867133555773191
2,TSC_hom,OFT-0658-00,medium,95,279,13,60,52,true,7,0.9634849319060441,0.2786046644966248,0.4714407541740893,0.08952178451149517,220,0.7168458781362007,0.9852246433748646
2,TSC_hom,OFT-0658-00,medium,95,279,13,60,52,true,11,0.9211640397062407,0.25730534983871384,0.3597305329976859,0.04304203324149803,220,0.7168458781362007,0.9821159936543451
2,TSC_hom,OFT-0658-00,medium,95,279,13,60,52,true,15,0.9636071076664154,0.25809672408770573,0.334748369372145,0.042464907657784566,220,0.7168458781362007,0.9818343161596952
2,TSC_hom,OFT-0658-00,medium,95,279,13,60,52,true,21,0.9779758511618736,0.2436725015050333,0.3207150087090736,0.0469176110287727,220,0.7168458781362007,0.9813966079290405
2,TSC_hom,OFT-0658-00,medium,95,279,13,60,52,false,0,0.9819335432598074,0.2893741506984997,0.3704805689517337,0.09112688986893526,220,0.7168458781362007,0.9867133555773182
2,TSC_hom,OFT-0658-00,medium,95,279,13,60,52,false,7,0.9634849319060357,0.27860466449662236,0.47144075417405773,0.08952178451146388,220,0.7168458781362007,0.9852246433748636
2,TSC_hom,OFT-0658-00,medium,95,279,13,60,52,false,11,0.921164039706254,0.25730534983871756,0.35973053299767765,0.043042033241491105,220,0.7168458781362007,0.9821159936543431
2,TSC_hom,OFT-0658-00,medium,95,279,13,60,52,false,15,0.9636071076664194,0.2580967240877068,0.33474836937214814,0.04246490765779005,220,0.7168458781362007,0.9818343161596976
2,TSC_hom,OFT-0658-00,medium,95,279,13,60,52,false,21,0.9779758511618708,0.24367250150503264,0.3207150087090518,0.046917611028762365,220,0.7168458781362007,0.9813966079290415
2,TSC_hom,OFT-0658-00,medium,95,279,13,80,52,true,0,0.9819335432598062,0.2893741506984993,0.3704805689517375,0.09112688986894052,220,0.7168458781362007,0.9867133555773191
2,TSC_hom,OFT-0658-00,medium,95,279,13,80,52,true,7,0.9634849319060441,0.2786046644966248,0.4714407541740893,0.08952178451149517,220,0.7168458781362007,0.9852246433748646
2,TSC_hom,OFT-0658-00,medium,95,279,13,80,52,true,11,0.9211640397062407,0.25730534983871384,0.3597305329976859,0.04304203324149803,220,0.7168458781362007,0.9821159936543451
2,TSC_hom,OFT-0658-00,medium,95,279,13,80,52,true,15,0.9636071076664154,0.25809672408770573,0.334748369372145,0.042464907657784566,220,0.7168458781362007,0.9818343161596952
2,TSC_hom,OFT-0658-00,medium,95,279,13,80,52,true,21,0.9779758511618736,0.2436725015050333,0.3207150087090736,0.0469176110287727,220,0.7168458781362007,0.9813966079290405
2,TSC_hom,OFT-0658-00,medium,95,279,13,80,52,false,0,0.9819335432598074,0.2893741506984997,0.3704805689517337,0.09112688986893526,220,0.7168458781362007,0.9867133555773182
2,TSC_hom,OFT-0658-00,medium,95,279,13,80,52,false,7,0.9634849319060357,0.27860466449662236,0.47144075417405773,0.08952178451146388,220,0.7168458781362007,0.9852246433748636
2,TSC_hom,OFT-0658-00,medium,95,279,13,80,52,false,11,0.921164039706254,0.25730534983871756,0.35973053299767765,0.043042033241491105,220,0.7168458781362007,0.9821159936543431
2,TSC_hom,OFT-0658-00,medium,95,279,13,80,52,false,15,0.9636071076664194,0.2580967240877068,0.33474836937214814,0.04246490765779005,220,0.7168458781362007,0.9818343161596976
2,TSC_hom,OFT-0658-00,medium,95,279,13,80,52,false,21,0.9779758511618708,0.24367250150503264,0.3207150087090518,0.046917611028762365,220,0.7168458781362007,0.9813966079290415
2,TSC_hom,OFT-0658-00,medium,95,279,13,120,52,true,0,0.9819335432598062,0.2893741506984993,0.3704805689517375,0.09112688986894052,220,0.7168458781362007,0.9867133555773191
2,TSC_hom,OFT-0658-00,medium,95,279,13,120,52,true,7,0.9634849319060441,0.2786046644966248,0.4714407541740893,0.08952178451149517,220,0.7168458781362007,0.9852246433748646
2,TSC_hom,OFT-0658-00,medium,95,279,13,120,52,true,11,0.9211640397062407,0.25730534983871384,0.3597305329976859,0.04304203324149803,220,0.7168458781362007,0.9821159936543451
2,TSC_hom,OFT-0658-00,medium,95,279,13,120,52,true,15,0.9636071076664154,0.25809672408770573,0.334748369372145,0.042464907657784566,220,0.7168458781362007,0.9818343161596952
2,TSC_hom,OFT-0658-00,medium,95,279,13,120,52,true,21,0.9779758511618736,0.2436725015050333,0.3207150087090736,0.0469176110287727,220,0.7168458781362007,0.9813966079290405
2,TSC_hom,OFT-0658-00,medium,95,279,13,120,52,false,0,0.9819335432598074,0.2893741506984997,0.3704805689517337,0.09112688986893526,220,0.7168458781362007,0.9867133555773182
2,TSC_hom,OFT-0658-00,medium,95,279,13,120,52,false,7,0.9634849319060357,0.27860466449662236,0.47144075417405773,0.08952178451146388,220,0.7168458781362007,0.9852246433748636
2,TSC_hom,OFT-0658-00,medium,95,279,13,120,52,false,11,0.921164039706254,0.25730534983871756,0.35973053299767765,0.043042033241491105,220,0.7168458781362007,0.9821159936543431
2,TSC_hom,OFT-0658-00,medium,95,279,13,120,52,false,15,0.9636071076664194,0.2580967240877068,0.33474836937214814,0.04246490765779005,220,0.7168458781362007,0.9818343161596976
2,TSC_hom,OFT-0658-00,medium,95,279,13,120,52,false,21,0.9779758511618708,0.24367250150503264,0.3207150087090518,0.046917611028762365,220,0.7168458781362007,0.9813966079290415
2,TSC_hom,OFT-0658-00,medium,95,279,26,10,10,true,0,1.0917036821006927,0.3153512430552756,0.40527135339619913,0.36994239885593483,220,0.7168458781362007,0.9980045546792871
2,TSC_hom,OFT-0658-00,medium,95,279,26,10,10,true,7,1.115015690565992,0.3167076717870128,0.4367442375633994,0.42540328648641484,220,0.7168458781362007,0.998680202687779
2,TSC_hom,OFT-0658-00,medium,95,279,26,10,10,true,11,1.1779654055309496,0.3246659873054178,0.519190395551011,0.5474228862251022,220,0.7168458781362007,0.9996753682114805
2,TSC_hom,OFT-0658-00,medium,95,279,26,10,10,true,15,1.2537405879039278,0.33232327391867006,0.6275960032465732,0.6892302781802631,220,0.7168458781362007,1.0
2,TSC_hom,OFT-0658-00,medium,95,279,26,10,10,true,21,1.1095505709431766,0.27399651218435467,0.40697369951312734,0.3957528150801811,220,0.7168458781362007,0.9999718975002871
2,TSC_hom,OFT-0658-00,medium,95,279,26,10,10,false,0,1.0917036821006911,0.3153512430552752,0.4052713533961928,0.36994239885592123,220,0.7168458781362007,0.9980045546792891
2,TSC_hom,OFT-0658-00,medium,95,279,26,10,10,false,7,1.1150156905659796,0.3167076717870093,0.43674423756337766,0.4254032864863698,220,0.7168458781362007,0.9986802026877792
2,TSC_hom,OFT-0658-00,medium,95,279,26,10,10,false,11,1.1779654055309796,0.324665987305426,0.5191903955510525,0.547422886225191,220,0.7168458781362007,0.9996753682114797
2,TSC_hom,OFT-0658-00,medium,95,279,26,10,10,false,15,1.2743959140389023,0.337798286589759,0.6523898694473672,0.7409325043216487,220,0.7168458781362007,1.0003955595908751
2,TSC_hom,OFT-0658-00,medium,95,279,26,10,10,false,21,1.1095505709431774,0.2739965121843549,0.40697369951313067,0.39575281508018495,220,0.7168458781362007,0.9999718975002865
2,TSC_hom,OFT-0658-00,medium,95,279,26,20,20,true,0,1.1400120116544084,0.32930566312773907,0.45596465073803555,0.21293421476598776,220,0.7168458781362007,0.9919506107964842
2,TSC_hom,OFT-0658-00,medium,95,279,26,20,20,true,7,1.0589335114184828,0.30077815928164725,0.39163099643990834,0.07149362807575774,220,0.7168458781362007,0.9920617941946935
2,TSC_hom,OFT-0658-00,medium,95,279,26,20,20,true,11,1.1368263577753874,0.31332741191631786,0.4680292488153475,0.30268239506232963,220,0.7168458781362007,0.9942003039405009
2,TSC_hom,OFT-0658-00,medium,95,279,26,20,20,true,15,1.190081930547452,0.3154495652503247,0.5410801909391251,0.32190196725495057,220,0.7168458781362007,0.9967502573186899
2,TSC_hom,OFT-0658-00,medium,95,279,26,20,20,true,21,0.9477576692199772,0.23404277602372228,0.5697134513725409,0.297707372783144,220,0.7168458781362007,0.9934623445625924
2,TSC_hom,OFT-0658-00,medium,95,279,26,20,20,false,0,1.1400120116544092,0.3293056631277393,0.45596465073803794,0.21293421476599392,220,0.7168458781362007,0.9919506107964855
2,TSC_hom,OFT-0658-00,medium,95,279,26,20,20,false,7,1.058933511418485,0.3007781592816479,0.3916309964399142,0.07149362807576028,220,0.7168458781362007,0.9920617941946913
2,TSC_hom,OFT-0658-00,medium,95,279,26,20,20,false,11,1.136826357775393,0.3133274119163194,0.46802924881535324,0.3026823950623433,220,0.7168458781362007,0.9942003039404996
2,TSC_hom,OFT-0658-00,medium,95,279,26,20,20,false,15,1.1900819305474748,0.31544956525033074,0.5410801909391486,0.32190196725499365,220,0.7168458781362007,0.9967502573186879
2,TSC_hom,OFT-0658-00,medium,95,279,26,20,20,false,21,0.9477576692199655,0.23404277602371942,0.5697134513725741,0.2977073727832157,220,0.7168458781362007,0.9934623445625909
2,TSC_hom,OFT-0658-00,medium,95,279,26,40,40,true,0,1.023083917487076,0.2955296298979166,0.34994028157682816,0.08656977705985051,220,0.7168458781362007,0.9876068137215734
2,TSC_hom,OFT-0658-00,medium,95,279,26,40,40,true,7,1.0715391334151616,0.30435864449613675,0.414379327626042,0.14166125736149868,220,0.7168458781362007,0.9892421212967928
2,TSC_hom,OFT-0658-00,medium,95,279,26,40,40,true,11,1.1088415519270656,0.30561435465874875,0.3817292668696438,0.15649656398655024,220,0.7168458781362007,0.9928046355069421
2,TSC_hom,OFT-0658-00,medium,95,279,26,40,40,true,15,0.9432132066295104,0.25001320357227297,0.3852843934668498,0.0424175403601483,220,0.7168458781362007,0.9857666841545915
2,TSC_hom,OFT-0658-00,medium,95,279,26,40,40,true,21,0.9756240967557438,0.24092421446536783,0.44003812388939406,0.04026538180785488,220,0.7168458781362007,0.9862017019207502
2,TSC_hom,OFT-0658-00,medium,95,279,26,40,40,false,0,1.023083917487086,0.2955296298979195,0.3499402815768425,0.08656977705986968,220,0.7168458781362007,0.9876068137215746
2,TSC_hom,OFT-0658-00,medium,95,279,26,40,40,false,7,1.0715391334151507,0.30435864449613365,0.4143793276260226,0.14166125736146745,220,0.7168458781362007,0.9892421212967908
2,TSC_hom,OFT-0658-00,medium,95,279,26,40,40,false,11,1.108841551927046,0.30561435465874337,0.3817292668696209,0.15649656398650347,220,0.7168458781362007,0.9928046355069409
2,TSC_hom,OFT-0658-00,medium,95,279,26,40,40,false,15,0.9432132066295172,0.2500132035722748,0.3852843934668478,0.04241754036014294,220,0.7168458781362007,0.9857666841545912
2,TSC_hom,OFT-0658-00,medium,95,279,26,40,40,false,21,0.9756240967557577,0.24092421446537124,0.44003812388941066,0.04026538180785056,220,0.7168458781362007,0.9862017019207496
2,TSC_hom,OFT-0658-00,medium,95,279,26,60,60,true,0,1.0276914724911907,0.29686057548490696,0.3043666897072886,0.05222490962174298,220,0.7168458781362007,0.9835848568944369
2,TSC_hom,OFT-0658-00,medium,95,279,26,60,60,true,7,1.0270362192699318,0.2917180920394098,0.33007386986705484,0.049778614219507175,220,0.7168458781362007,0.98318410813744
2,TSC_hom,OFT-0658-00,medium,95,279,26,60,60,true,11,1.0066182385198241,0.27743998483671306,0.28938301381167136,0.034523416915158894,220,0.7168458781362007,0.9801948346562265
2,TSC_hom,OFT-0658-00,medium,95,279,26,60,60,true,15,0.9612535030040457,0.2547950622849049,0.27163635722727975,0.019893194557026865,220,0.7168458781362007,0.9827137650228821
2,TSC_hom,OFT-0658-00,medium,95,279,26,60,60,true,21,0.931757194129884,0.2300915596638844,0.37029590397830425,0.01849398733563256,220,0.7168458781362007,0.985315043804541
2,TSC_hom,OFT-0658-00,medium,95,279,26,60,60,false,0,1.027691472491202,0.29686057548491024,0.30436668970730707,0.052224909621759415,220,0.7168458781362007,0.9835848568944358
2,TSC_hom,OFT-0658-00,medium,95,279,26,60,60,false,7,1.027036219269928,0.2917180920394087,0.3300738698670457,0.04977861421949781,220,0.7168458781362007,0.983184108137439
2,TSC_hom,OFT-0658-00,medium,95,279,26,60,60,false,11,1.0066182385198228,0.27743998483671267,0.2893830138116663,0.03452341691515711,220,0.7168458781362007,0.980194834656226
2,TSC_hom,OFT-0658-00,medium,95,279,26,60,60,false,15,0.9612535030040423,0.254795062284904,0.27163635722729,0.019893194557030355,220,0.7168458781362007,0.9827137650228805
2,TSC_hom,OFT-0658-00,medium,95,279,26,60,60,false,21,0.9317571941298884,0.23009155966388548,0.37029590397828627,0.018493987335625694,220,0.7168458781362007,0.9853150438045408
2,TSC_hom,OFT-0658-00,medium,95,279,26,80,80,true,0,1.0324991093528944,0.2982493170320448,0.3208520429090475,0.055118711377751706,220,0.7168458781362007,0.9838042949464728
2,TSC_hom,OFT-0658-00,medium,95,279,26,80,80,true,7,1.001083314446131,0.28434646118936896,0.3038868649381097,0.032979660515578116,220,0.7168458781362007,0.9797775710245404
2,TSC_hom,OFT-0658-00,medium,95,279,26,80,80,true,11,0.9977386327852653,0.2749926243716628,0.29023337295020696,0.022918909506860534,220,0.7168458781362007,0.9776545705882599
2,TSC_hom,OFT-0658-00,medium,95,279,26,80,80,true,15,0.9635639373739497,0.25540747853862483,0.2817106546161664,0.01724801677575207,220,0.7168458781362007,0.9775167887493831
2,TSC_hom,OFT-0658-00,medium,95,279,26,80,80,true,21,0.9384048955280176,0.2317331675768823,0.2821995673454495,0.01888442395563259,220,0.7168458781362007,0.9860003475015852
2,TSC_hom,OFT-0658-00,medium,95,279,26,80,80,false,0,1.032499109352879,0.2982493170320404,0.3208520429090234,0.05511871137772435,220,0.7168458781362007,0.9838042949464728
2,TSC_hom,OFT-0658-00,medium,95,279,26,80,80,false,7,1.0010833144461238,0.28434646118936685,0.3038868649381125,0.03297966051557374,220,0.7168458781362007,0.9797775710245386
2,TSC_hom,OFT-0658-00,medium,95,279,26,80,80,false,11,0.9977386327852458,0.2749926243716574,0.2902333729501946,0.022918909506849668,220,0.7168458781362007,0.9776545705882567
2,TSC_hom,OFT-0658-00,medium,95,279,26,80,80,false,15,0.9635639373739479,0.25540747853862433,0.2817106546161893,0.017248016775767722,220,0.7168458781362007,0.977516788749389
2,TSC_hom,OFT-0658-00,medium,95,279,26,80,80,false,21,0.9384048955280357,0.23173316757688678,0.2821995673454284,0.01888442395562751,220,0.7168458781362007,0.9860003475015875
2,TSC_hom,OFT-0658-00,medium,95,279,26,120,104,true,0,1.03691089217173,0.2995237115576112,0.3206001146309427,0.05734631887094145,220,0.7168458781362007,0.9839521032206551
2,TSC_hom,OFT-0658-00,medium,95,279,26,120,104,true,7,0.9965804818532545,0.2830674822126581,0.2983186062683508,0.032166009115573733,220,0.7168458781362007,0.9799017953128968
2,TSC_hom,OFT-0658-00,medium,95,279,26,120,104,true,11,1.0018457384229142,0.276124607960106,0.2849106015542972,0.02796655590104194,220,0.7168458781362007,0.9789753822155335
2,TSC_hom,OFT-0658-00,medium,95,279,26,120,104,true,15,0.9603922332329339,0.25456676945238077,0.2772565826481931,0.016114931266892014,220,0.7168458781362007,0.9765585440686664
2,TSC_hom,OFT-0658-00,medium,95,279,26,120,104,true,21,0.9342348313535499,0.23070339654227517,0.2711256316783681,0.009594436465109643,220,0.7168458781362007,0.9793181470357221
2,TSC_hom,OFT-0658-00,medium,95,279,26,120,104,false,0,1.0369108921717254,0.2995237115576098,0.3206001146309339,0.05734631887093349,220,0.7168458781362007,0.9839521032206565
2,TSC_hom,OFT-0658-00,medium,95,279,26,120,104,false,7,0.9965804818532711,0.2830674822126628,0.2983186062683772,0.032166009115593426,220,0.7168458781362007,0.9799017953129003
2,TSC_hom,OFT-0658-00,medium,95,279,26,120,104,false,11,1.0018457384229076,0.2761246079601042,0.2849106015542737,0.02796655590103199,220,0.7168458781362007,0.9789753822155305
2,TSC_hom,OFT-0658-00,medium,95,279,26,120,104,false,15,0.9603922332329363,0.25456676945238144,0.2772565826481797,0.016114931266890883,220,0.7168458781362007,0.9765585440686657
2,TSC_hom,OFT-0658-00,medium,95,279,26,120,104,false,21,0.9342348313535596,0.23070339654227753,0.2711256316783499,0.009594436465104087,220,0.7168458781362007,0.9793181470357203
2,TSC_hom,OFT-0658-00,medium,92,279,39,10,10,true,0,1.1021627440561674,0.3181839946129732,0.6196804789612632,0.49637204665508466,220,0.7168458781362007,0.998851371403675
2,TSC_hom,OFT-0658-00,medium,92,279,39,10,10,true,7,1.1323742623515995,0.32136839178417975,0.7311121515496759,0.5850770813479416,220,0.7168458781362007,0.9989032642564587
2,TSC_hom,OFT-0658-00,medium,92,279,39,10,10,true,11,1.2920598256124158,0.35583929684902027,0.9833561766148332,0.9369924362642247,220,0.7168458781362007,0.9986186110320165
2,TSC_hom,OFT-0658-00,medium,92,279,39,10,10,true,15,1.3420698644859148,0.3555095267934879,1.02133264543547,1.0030729732034902,220,0.7168458781362007,0.9990648303967983
2,TSC_hom,OFT-0658-00,medium,92,279,39,10,10,true,21,1.1747480470642686,0.28981749821578195,0.6998211876862845,0.6149934937772902,220,0.7168458781362007,0.9995570124765407
2,TSC_hom,OFT-0658-00,medium,92,279,39,10,10,false,0,1.1021627440561688,0.3181839946129736,0.6196804789612568,0.49637204665508367,220,0.7168458781362007,0.9988513714036757
2,TSC_hom,OFT-0658-00,medium,92,279,39,10,10,false,7,1.1323742623515867,0.32136839178417614,0.7311121515496483,0.5850770813478925,220,0.7168458781362007,0.9989032642564593
2,TSC_hom,OFT-0658-00,medium,92,279,39,10,10,false,11,1.2920598256124136,0.35583929684901966,0.9833561766148405,0.9369924362642441,220,0.7168458781362007,0.9986186110320165
2,TSC_hom,OFT-0658-00,medium,92,279,39,10,10,false,15,1.3420698644858868,0.3555095267934805,1.0213326454354363,1.003072973203419,220,0.7168458781362007,0.9990648303967985
2,TSC_hom,OFT-0658-00,medium,92,279,39,10,10,false,21,1.1747480470642626,0.28981749821578046,0.6998211876862764,0.6149934937772727,220,0.7168458781362007,0.9995570124765414
2,TSC_hom,OFT-0658-00,medium,92,279,39,20,20,true,0,1.0218621315547542,0.2950019647418329,0.7179485115206218,0.3602850205271146,220,0.7168458781362007,0.9955959800062826
2,TSC_hom,OFT-0658-00,medium,92,279,39,20,20,true,7,1.012425499037592,0.2873268717281942,0.678553537629846,0.2959091314979107,220,0.7168458781362007,0.9947338906985738
2,TSC_hom,OFT-0658-00,medium,92,279,39,20,20,true,11,1.0677631326108863,0.294066942395236,0.6890515404672131,0.5631493579568358,220,0.7168458781362007,0.9968930522031636
2,TSC_hom,OFT-0658-00,medium,92,279,39,20,20,true,15,0.8637015839036399,0.2287914731637219,0.7432568609294532,0.41512021713512126,220,0.7168458781362007,0.9988946233203347
2,TSC_hom,OFT-0658-00,medium,92,279,39,20,20,true,21,0.9077968189110711,0.22395900431801982,0.6393574844842759,0.5888590207374295,220,0.7168458781362007,0.9970401500941655
2,TSC_hom,OFT-0658-00,medium,92,279,39,20,20,false,0,1.02186213155476,0.29500196474183454,0.7179485115206442,0.36028502052715045,220,0.7168458781362007,0.9955959800062831
2,TSC_hom,OFT-0658-00,medium,92,279,39,20,20,false,7,1.012425499037577,0.28732687172818994,0.6785535376298514,0.2959091314978974,220,0.7168458781362007,0.9947338906985733
2,TSC_hom,OFT-0658-00,medium,92,279,39,20,20,false,11,1.067763132610889,0.29406694239523673,0.6890515404672465,0.563149357956917,220,0.7168458781362007,0.9968930522031629
2,TSC_hom,OFT-0658-00,medium,92,279,39,20,20,false,15,0.8637015839036525,0.2287914731637252,0.743256860929463,0.4151202171351856,220,0.7168458781362007,0.9988946233203336
2,TSC_hom,OFT-0658-00,medium,92,279,39,20,20,false,21,0.9077968189110636,0.22395900431801796,0.639357484484296,0.5888590207374825,220,0.7168458781362007,0.9970401500941669
2,TSC_hom,OFT-0658-00,medium,92,279,39,40,40,true,0,1.0200150099608023,0.2944687181496494,0.3903962341349709,0.1909001431663479,220,0.7168458781362007,0.9938608201831858
2,TSC_hom,OFT-0658-00,medium,92,279,39,40,40,true,7,1.1447540809076107,0.3248817905889735,0.45653196663882833,0.2512335745188184,220,0.7168458781362007,0.9951184436051951
2,TSC_hom,OFT-0658-00,medium,92,279,39,40,40,true,11,1.060666226590877,0.29211242140642135,0.3957500252982504,0.26096998184675646,220,0.7168458781362007,0.9922179959290223
2,TSC_hom,OFT-0658-00,medium,92,279,39,40,40,true,15,0.9129433707303264,0.2418354471001509,0.4492169451192001,0.2108716427086569,220,0.7168458781362007,0.9942067172621962
2,TSC_hom,OFT-0658-00,medium,92,279,39,40,40,true,21,1.2207018700476073,0.3011545862354341,0.5181527607594265,0.41998995958731006,220,0.7168458781362007,0.9958276105148408
2,TSC_hom,OFT-0658-00,medium,92,279,39,40,40,false,0,1.0200150099607839,0.2944687181496441,0.39039623413497015,0.19090014316633555,220,0.7168458781362007,0.9938608201831864
2,TSC_hom,OFT-0658-00,medium,92,279,39,40,40,false,7,1.1447540809075936,0.3248817905889686,0.45653196663879914,0.25123357451875133,220,0.7168458781362007,0.9951184436051954
2,TSC_hom,OFT-0658-00,medium,92,279,39,40,40,false,11,1.060666226590863,0.2921124214064175,0.395750025298233,0.260969981846715,220,0.7168458781362007,0.9922179959290213
2,TSC_hom,OFT-0658-00,medium,92,279,39,40,40,false,15,0.9129433707303221,0.24183544710014976,0.4492169451192188,0.2108716427086662,220,0.7168458781362007,0.9942067172621969
2,TSC_hom,OFT-0658-00,medium,92,279,39,40,40,false,21,1.2207018700476227,0.3011545862354379,0.5181527607594476,0.41998995958734914,220,0.7168458781362007,0.9958276105148406
2,TSC_hom,OFT-0658-00,medium,92,279,39,60,60,true,0,1.0757425628940132,0.3105567373627098,0.3188147964503099,0.080528739190534,220,0.7168458781362007,0.9894514400713962
2,TSC_hom,OFT-0658-00,medium,92,279,39,60,60,true,7,1.0327845092917611,0.2931047691965742,0.27922403569724874,0.06519908875759774,220,0.7168458781362007,0.9872762859206384
2,TSC_hom,OFT-0658-00,medium,92,279,39,60,60,true,11,1.0616888438850982,0.2923940549745488,0.28419587910780353,0.06344862026678369,220,0.7168458781362007,0.9934637804385208
2,TSC_hom,OFT-0658-00,medium,92,279,39,60,60,true,15,1.1322456227090867,0.29992783251823774,0.4711032378326808,0.08552131019596854,220,0.7168458781362007,0.9920911217132716
2,TSC_hom,OFT-0658-00,medium,92,279,39,60,60,true,21,1.0030594917785765,0.24746088592812682,0.3740412229470741,0.052045941494055316,220,0.7168458781362007,0.9937120851120939
2,TSC_hom,OFT-0658-00,medium,92,279,39,60,60,false,0,1.075742562894012,0.31055673736270945,0.31881479645030814,0.08052873919053534,220,0.7168458781362007,0.9894514400713947
2,TSC_hom,OFT-0658-00,medium,92,279,39,60,60,false,7,1.0327845092917565,0.2931047691965729,0.27922403569724,0.06519908875758645,220,0.7168458781362007,0.9872762859206375
2,TSC_hom,OFT-0658-00,medium,92,279,39,60,60,false,11,1.061688843885086,0.2923940549745454,0.28419587910779487,0.06344862026676613,220,0.7168458781362007,0.9934637804385217
2,TSC_hom,OFT-0658-00,medium,92,279,39,60,60,false,15,1.1322456227090876,0.29992783251823796,0.4711032378326732,0.08552131019596958,220,0.7168458781362007,0.9920911217132701
2,TSC_hom,OFT-0658-00,medium,92,279,39,60,60,false,21,1.0030594917785782,0.24746088592812723,0.37404122294706704,0.05204594149404939,220,0.7168458781362007,0.9937120851120933
2,TSC_hom,OFT-0658-00,medium,92,279,39,80,80,true,0,1.0237050502594034,0.29553399799949337,0.30085260787983037,0.04594126370233688,220,0.7168458781362007,0.9827957350328697
2,TSC_hom,OFT-0658-00,medium,92,279,39,80,80,true,7,1.0241550027182769,0.29065571084050346,0.3117891199249895,0.09834669361853261,220,0.7168458781362007,0.9904805081224332
2,TSC_hom,OFT-0658-00,medium,92,279,39,80,80,true,11,1.0260198967525285,0.28257066072035275,0.3360950045457314,0.060600342442116116,220,0.7168458781362007,0.9898149761456719
2,TSC_hom,OFT-0658-00,medium,92,279,39,80,80,true,15,1.0396120778169224,0.2753895364270492,0.3538658276214958,0.06815692632056024,220,0.7168458781362007,0.9856756988485337
2,TSC_hom,OFT-0658-00,medium,92,279,39,80,80,true,21,1.0017823669614425,0.24714581145719153,0.32256723246890595,0.03210447366126924,220,0.7168458781362007,0.9897620916137404
2,TSC_hom,OFT-0658-00,medium,92,279,39,80,80,false,0,1.0237050502593936,0.29553399799949054,0.3008526078798231,0.04594126370232169,220,0.7168458781362007,0.9827957350328668
2,TSC_hom,OFT-0658-00,medium,92,279,39,80,80,false,7,1.024155002718284,0.29065571084050545,0.3117891199250268,0.09834669361860691,220,0.7168458781362007,0.9904805081224302
2,TSC_hom,OFT-0658-00,medium,92,279,39,80,80,false,11,1.0260198967525613,0.2825706607203618,0.33609500454574676,0.060600342442091164,220,0.7168458781362007,0.9898149761456742
2,TSC_hom,OFT-0658-00,medium,92,279,39,80,80,false,15,1.0396120778168705,0.27538953642703545,0.35386582762144747,0.06815692632054146,220,0.7168458781362007,0.9856756988485343
2,TSC_hom,OFT-0658-00,medium,92,279,39,80,80,false,21,1.001782366961438,0.24714581145719045,0.3225672324689546,0.03210447366129118,220,0.7168458781362007,0.98976209161374
2,TSC_hom,OFT-0658-00,medium,92,279,39,120,120,true,0,1.0086685096726027,0.2911930904748379,0.25914461179042975,0.045896468530899986,220,0.7168458781362007,0.9853788134539253
2,TSC_hom,OFT-0658-00,medium,92,279,39,120,120,true,7,1.0088838248219687,0.2863217427838691,0.24239969949019077,0.025274352296565838,220,0.7168458781362007,0.9825473356809926
2,TSC_hom,OFT-0658-00,medium,92,279,39,120,120,true,11,1.0056808060391016,0.27696918035965523,0.2701426996547955,0.02913784646817867,220,0.7168458781362007,0.9899307420312382
2,TSC_hom,OFT-0658-00,medium,92,279,39,120,120,true,15,1.001228220811702,0.26522178942554575,0.27529503898837315,0.045588957482270355,220,0.7168458781362007,0.9867641753062291
2,TSC_hom,OFT-0658-00,medium,92,279,39,120,120,true,21,0.9999429250677816,0.24669200993858814,0.27018359271270465,0.021625691228813332,220,0.7168458781362007,0.9941920231354265
2,TSC_hom,OFT-0658-00,medium,92,279,39,120,120,false,0,1.0086685096726002,0.29119309047483716,0.2591446117904258,0.0458964685309047,220,0.7168458781362007,0.9853788134539213
2,TSC_hom,OFT-0658-00,medium,92,279,39,120,120,false,7,1.0088838248219647,0.286321742783868,0.24239969949019657,0.025274352296553868,220,0.7168458781362007,0.9825473356809918
2,TSC_hom,OFT-0658-00,medium,92,279,39,120,120,false,11,1.0056808060390967,0.27696918035965384,0.27014269965477905,0.029137846468181027,220,0.7168458781362007,0.9899307420312392
2,TSC_hom,OFT-0658-00,medium,92,279,39,120,120,false,15,1.001228220811714,0.2652217894255489,0.2752950389884097,0.04558895748226568,220,0.7168458781362007,0.9867641753062296
2,TSC_hom,OFT-0658-00,medium,92,279,39,120,120,false,21,0.9999429250678108,0.24669200993859536,0.27018359271267045,0.021625691228813793,220,0.7168458781362007,0.9941920231354273
2,TSC_hom,OFT-0658-00,medium,81,279,52,10,10,true,0,1.0707888189153023,0.30912663817278846,0.8406960001261907,0.812494997517215,220,0.7168458781362007,0.9992533685386145
2,TSC_hom,OFT-0658-00,medium,81,279,52,10,10,true,7,1.082355794820052,0.30717312525035634,0.8728692051844676,0.8774189819014974,220,0.7168458781362007,0.9993481845393622
2,TSC_hom,OFT-0658-00,medium,81,279,52,10,10,true,11,1.1065724893850288,0.30475522009873013,0.9873638462858468,1.0884009699071249,220,0.7168458781362007,0.9995391312030554
2,TSC_hom,OFT-0658-00,medium,81,279,52,10,10,true,15,1.0688925166479888,0.28314582037961783,0.9711955183522016,1.0419277693684532,220,0.7168458781362007,0.9988723260839605
2,TSC_hom,OFT-0658-00,medium,81,279,52,10,10,true,21,1.149886290043195,0.2836839513338759,0.7576869161398833,0.7051628034673036,220,0.7168458781362007,0.9992485328131219
2,TSC_hom,OFT-0658-00,medium,81,279,52,10,10,false,0,1.070788818915276,0.3091266381727809,0.8406960001261687,0.8124949975171668,220,0.7168458781362007,0.9992533685386151
2,TSC_hom,OFT-0658-00,medium,81,279,52,10,10,false,7,1.0823557948200615,0.30717312525035906,0.87286920518451,0.8774189819016008,220,0.7168458781362007,0.999348184539363
2,TSC_hom,OFT-0658-00,medium,81,279,52,10,10,false,11,1.106572489385019,0.3047552200987274,0.9873638462858325,1.0884009699070865,220,0.7168458781362007,0.9995391312030555
2,TSC_hom,OFT-0658-00,medium,81,279,52,10,10,false,15,1.0688925166479946,0.2831458203796194,0.9711955183522267,1.0419277693684905,220,0.7168458781362007,0.9988723260839611
2,TSC_hom,OFT-0658-00,medium,81,279,52,10,10,false,21,1.1498862900431952,0.28368395133387597,0.7576869161398774,0.7051628034672769,220,0.7168458781362007,0.9992485328131215
2,TSC_hom,OFT-0658-00,medium,81,279,52,20,20,true,0,1.376386628091412,0.39734984494784203,0.7816669665775148,0.5582761299557929,220,0.7168458781362007,0.9965663430681692
2,TSC_hom,OFT-0658-00,medium,81,279,52,20,20,true,7,1.2797656681762788,0.36319814774694753,0.6548859191281342,0.5347235763820285,220,0.7168458781362007,0.999093963890446
2,TSC_hom,OFT-0658-00,medium,81,279,52,20,20,true,11,1.353667484882024,0.3728063332976774,0.7317053160124111,0.6068216263016891,220,0.7168458781362007,0.9999999999999996
2,TSC_hom,OFT-0658-00,medium,81,279,52,20,20,true,15,1.3176643460580315,0.34904459189177917,0.8120703768418239,0.8922002127930829,220,0.7168458781362007,0.999760127265848
2,TSC_hom,OFT-0658-00,medium,81,279,52,20,20,true,21,1.1229387932360995,0.27703583974320145,0.7759276869001036,0.8041775344239954,220,0.7168458781362007,1.0000000000000009
2,TSC_hom,OFT-0658-00,medium,81,279,52,20,20,false,0,1.3763866280913812,0.39734984494783315,0.7816669665774881,0.5582761299557177,220,0.7168458781362007,0.99656634306817
2,TSC_hom,OFT-0658-00,medium,81,279,52,20,20,false,7,1.2797656681762644,0.3631981477469434,0.6548859191281258,0.5347235763820103,220,0.7168458781362007,0.9990939638904456
2,TSC_hom,OFT-0658-00,medium,81,279,52,20,20,false,11,1.3606458279328455,0.37472820149228564,0.7390128659440269,0.6244106094939217,220,0.7168458781362007,1.0002075059201259
2,TSC_hom,OFT-0658-00,medium,81,279,52,20,20,false,15,1.3176643460580373,0.34904459189178066,0.8120703768418601,0.89220021279317,220,0.7168458781362007,0.9997601272658468
2,TSC_hom,OFT-0658-00,medium,81,279,52,20,20,false,21,1.1343239624873789,0.2798446303408235,0.8056741870306269,0.8707542700479722,220,0.7168458781362007,1.0005318683695472
2,TSC_hom,OFT-0658-00,medium,81,279,52,40,40,true,0,1.2431190574961866,0.35887675357088084,0.6427626664869883,0.3860887021446254,220,0.7168458781362007,0.9957606251967782
2,TSC_hom,OFT-0658-00,medium,81,279,52,40,40,true,7,1.1050462113809785,0.31361267701476575,0.44759093840920705,0.1453366987633865,220,0.7168458781362007,0.9954821728529889
2,TSC_hom,OFT-0658-00,medium,81,279,52,40,40,true,11,1.4887559011556988,0.4100103126385627,0.8358454745399294,0.662124009097707,220,0.7168458781362007,0.9955150646496073
2,TSC_hom,OFT-0658-00,medium,81,279,52,40,40,true,15,1.3543903359601979,0.3587731758028283,0.7212609591707112,0.6259461548275949,220,0.7168458781362007,0.9973865390386594
2,TSC_hom,OFT-0658-00,medium,81,279,52,40,40,true,21,1.0576451291596838,0.2609274951332587,0.53124791891138,0.2006495303509543,220,0.7168458781362007,0.9960834459694068
2,TSC_hom,OFT-0658-00,medium,81,279,52,40,40,false,0,1.243119057496175,0.35887675357087745,0.6427626664869822,0.3860887021446406,220,0.7168458781362007,0.9957606251967775
2,TSC_hom,OFT-0658-00,medium,81,279,52,40,40,false,7,1.1050462113809891,0.3136126770147688,0.44759093840920045,0.14533669876340913,220,0.7168458781362007,0.9954821728529873
2,TSC_hom,OFT-0658-00,medium,81,279,52,40,40,false,11,1.4887559011557394,0.41001031263857385,0.8358454745399712,0.6621240090978139,220,0.7168458781362007,0.9955150646496068
2,TSC_hom,OFT-0658-00,medium,81,279,52,40,40,false,15,1.3543903359602052,0.35877317580283025,0.7212609591707175,0.6259461548276174,220,0.7168458781362007,0.99738653903866
2,TSC_hom,OFT-0658-00,medium,81,279,52,40,40,false,21,1.0576451291596365,0.26092749513324703,0.5312479189113888,0.2006495303509644,220,0.7168458781362007,0.9960834459694063
2,TSC_hom,OFT-0658-00,medium,81,279,52,60,60,true,0,1.1682999949464659,0.33727719549867036,0.45756661414806693,0.1720639984940527,220,0.7168458781362007,0.9915690489788513
2,TSC_hom,OFT-0658-00,medium,81,279,52,60,60,true,7,1.1032563573855942,0.3131047155402347,0.3667222272351933,0.14556407587331988,220,0.7168458781362007,0.9915650174451189
2,TSC_hom,OFT-0658-00,medium,81,279,52,60,60,true,11,1.099672465554714,0.3028549213824095,0.48201896069162786,0.22108981485853502,220,0.7168458781362007,0.9934465256968887
2,TSC_hom,OFT-0658-00,medium,81,279,52,60,60,true,15,1.1145671688769665,0.2952448730668645,0.4414987863985163,0.12428059154474139,220,0.7168458781362007,0.9980154548918695
2,TSC_hom,OFT-0658-00,medium,81,279,52,60,60,true,21,1.0110877206526014,0.24944149888865752,0.5515187874852577,0.17474717618088068,220,0.7168458781362007,0.9964278246770903
2,TSC_hom,OFT-0658-00,medium,81,279,52,60,60,false,0,1.1682999949464543,0.33727719549866697,0.45756661414805977,0.17206399849403814,220,0.7168458781362007,0.9915690489788518
2,TSC_hom,OFT-0658-00,medium,81,279,52,60,60,false,7,1.1032563573855956,0.3131047155402351,0.36672222723519304,0.14556407587333192,220,0.7168458781362007,0.9915650174451183
2,TSC_hom,OFT-0658-00,medium,81,279,52,60,60,false,11,1.0996724655546883,0.3028549213824024,0.4820189606916108,0.2210898148584779,220,0.7168458781362007,0.9934465256968855
2,TSC_hom,OFT-0658-00,medium,81,279,52,60,60,false,15,1.1145671688769665,0.2952448730668645,0.44149878639851914,0.12428059154474169,220,0.7168458781362007,0.9980154548918708
2,TSC_hom,OFT-0658-00,medium,81,279,52,60,60,false,21,1.011087720652604,0.24944149888865816,0.5515187874852736,0.17474717618091076,220,0.7168458781362007,0.9964278246770907
2,TSC_hom,OFT-0658-00,medium,81,279,52,80,80,true,0,1.0529646824406718,0.30398097799273816,0.3872068272329074,0.03865757449361484,220,0.7168458781362007,0.9859452932788337
2,TSC_hom,OFT-0658-00,medium,81,279,52,80,80,true,7,1.0225075062607318,0.2901881505076398,0.35218018860093386,0.06781674255613253,220,0.7168458781362007,0.9878095679389471
2,TSC_hom,OFT-0658-00,medium,81,279,52,80,80,true,11,1.088842578435269,0.2998723200034749,0.36590340916007974,0.11688533382066962,220,0.7168458781362007,0.9916042872719273
2,TSC_hom,OFT-0658-00,medium,81,279,52,80,80,true,15,1.0251730864874238,0.2715646990540026,0.31966249998331453,0.04756619665754026,220,0.7168458781362007,0.9963557728712555
2,TSC_hom,OFT-0658-00,medium,81,279,52,80,80,true,21,1.065123620999114,0.2627724846190869,0.3357608960023651,0.08783192661378314,220,0.7168458781362007,0.9962249397288823
2,TSC_hom,OFT-0658-00,medium,81,279,52,80,80,false,0,1.0529646824406638,0.3039809779927359,0.3872068272328965,0.038657574493606434,220,0.7168458781362007,0.9859452932788336
2,TSC_hom,OFT-0658-00,medium,81,279,52,80,80,false,7,1.0225075062607223,0.2901881505076371,0.352180188600917,0.0678167425561416,220,0.7168458781362007,0.9878095679389469
2,TSC_hom,OFT-0658-00,medium,81,279,52,80,80,false,11,1.0888425784352729,0.29987232000347597,0.36590340916009845,0.11688533382067277,220,0.7168458781362007,0.9916042872719292
2,TSC_hom,OFT-0658-00,medium,81,279,52,80,80,false,15,1.0251730864874302,0.2715646990540043,0.31966249998329643,0.04756619665754796,220,0.7168458781362007,0.996355772871255
2,TSC_hom,OFT-0658-00,medium,81,279,52,80,80,false,21,1.065123620999059,0.2627724846190734,0.33576089600232545,0.08783192661376796,220,0.7168458781362007,0.9962249397288816
2,TSC_hom,OFT-0658-00,medium,81,279,52,120,120,true,0,1.0844388201105635,0.31306726484539416,0.3882924884087573,0.058476308133455904,220,0.7168458781362007,0.982774125427753
2,TSC_hom,OFT-0658-00,medium,81,279,52,120,120,true,7,1.0319038237395155,0.2928548301887722,0.28937058055405507,0.053827709741459076,220,0.7168458781362007,0.9844030209457537
2,TSC_hom,OFT-0658-00,medium,81,279,52,120,120,true,11,1.047588021925644,0.2885106228984317,0.3400842965532582,0.029853991006951987,220,0.7168458781362007,0.9869816781118126
2,TSC_hom,OFT-0658-00,medium,81,279,52,120,120,true,15,1.0251365690222183,0.2715550257075409,0.3660247702990097,0.044231907932075404,220,0.7168458781362007,0.9867008642012676
2,TSC_hom,OFT-0658-00,medium,81,279,52,120,120,true,21,1.0253998409195122,0.25297238612893447,0.3273693687329298,0.04504059544948499,220,0.7168458781362007,0.9902506116131083
2,TSC_hom,OFT-0658-00,medium,81,279,52,120,120,false,0,1.084438820110562,0.3130672648453937,0.38829248840874964,0.058476308133453864,220,0.7168458781362007,0.9827741254277513
2,TSC_hom,OFT-0658-00,medium,81,279,52,120,120,false,7,1.0319038237395177,0.2928548301887728,0.28937058055403847,0.053827709741449174,220,0.7168458781362007,0.9844030209457519
2,TSC_hom,OFT-0658-00,medium,81,279,52,120,120,false,11,1.0475880219256437,0.28851062289843166,0.3400842965532142,0.029853991006942398,220,0.7168458781362007,0.9869816781118111
2,TSC_hom,OFT-0658-00,medium,81,279,52,120,120,false,15,1.025136569022192,0.271555025707534,0.3660247702989742,0.044231907932059375,220,0.7168458781362007,0.9867008642012612
2,TSC_hom,OFT-0658-00,medium,81,279,52,120,120,false,21,1.0253998409195393,0.25297238612894113,0.327369368733007,0.04504059544948758,220,0.7168458781362007,0.9902506116131081
